solid OpenSCAD_Model
  facet normal 0 0 -1
    outer loop
      vertex -8.828427121043205 -8.828427121043205 0
      vertex -9.17341335862875 -8.435045719146729 0
      vertex -8.435045719146729 -9.17341335862875 0
    endloop
  endfacet
  facet normal 0 0 -1
    outer loop
      vertex -9.695518128573895 -7.530733726918697 0
      vertex -9.17341335862875 -8.435045719146729 0
      vertex -9.464101612567902 -8 0
    endloop
  endfacet
  facet normal -0.8968727416500544 -0.44228868998100634 0
    outer loop
      vertex -9.695518128573895 -7.530733726918697 0
      vertex -9.464101612567902 -8 0
      vertex -9.695518128573895 -7.530733726918697 1
    endloop
  endfacet
  facet normal 0 0 -1
    outer loop
      vertex -9.17341335862875 -8.435045719146729 0
      vertex -9.965779446065426 -6.522104769945145 0
      vertex -8 -9.464101612567902 0
    endloop
  endfacet
  facet normal -0.831469614167989 -0.5555702302277682 0
    outer loop
      vertex -9.464101612567902 -8 0
      vertex -9.17341335862875 -8.435045719146729 0
      vertex -9.464101612567902 -8 1
    endloop
  endfacet
  facet normal -0.7518398007112116 -0.6593458228172265 0
    outer loop
      vertex -8.828427121043205 -8.828427121043205 0
      vertex -8.828427121043205 -8.828427121043205 1
      vertex -9.17341335862875 -8.435045719146729 0
    endloop
  endfacet
  facet normal -0.8968727416500544 -0.44228868998100634 0
    outer loop
      vertex -9.464101612567902 -8 0
      vertex -9.464101612567902 -8 1
      vertex -9.695518128573895 -7.530733726918697 1
    endloop
  endfacet
  facet normal -0.831469614167989 -0.5555702302277682 0
    outer loop
      vertex -9.17341335862875 -8.435045719146729 0
      vertex -9.17341335862875 -8.435045719146729 1
      vertex -9.464101612567902 -8 1
    endloop
  endfacet
  facet normal -0.7518398007112116 -0.6593458228172265 0
    outer loop
      vertex -9.17341335862875 -8.435045719146729 0
      vertex -8.828427121043205 -8.828427121043205 1
      vertex -9.17341335862875 -8.435045719146729 1
    endloop
  endfacet
  facet normal 0 0 -1
    outer loop
      vertex -9.17341335862875 -8.435045719146729 0
      vertex -8 -9.464101612567902 0
      vertex -8.435045719146729 -9.17341335862875 0
    endloop
  endfacet
  facet normal -0.6593458228172265 -0.7518398007112116 0
    outer loop
      vertex -8.828427121043205 -8.828427121043205 0
      vertex -8.435045719146729 -9.17341335862875 0
      vertex -8.828427121043205 -8.828427121043205 1
    endloop
  endfacet
  facet normal -0.5555702302277682 -0.831469614167989 0
    outer loop
      vertex -8.435045719146729 -9.17341335862875 0
      vertex -8 -9.464101612567902 0
      vertex -8.435045719146729 -9.17341335862875 1
    endloop
  endfacet
  facet normal 0 0 -1
    outer loop
      vertex -8 -9.464101612567902 0
      vertex -7.035276181995869 -9.863703303039074 0
      vertex -7.530733726918697 -9.695518128573895 0
    endloop
  endfacet
  facet normal -0.44228868998100634 -0.8968727416500544 0
    outer loop
      vertex -8 -9.464101612567902 0
      vertex -7.530733726918697 -9.695518128573895 0
      vertex -7.530733726918697 -9.695518128573895 1
    endloop
  endfacet
  facet normal -0.6593458228172265 -0.7518398007112116 0
    outer loop
      vertex -8.435045719146729 -9.17341335862875 0
      vertex -8.435045719146729 -9.17341335862875 1
      vertex -8.828427121043205 -8.828427121043205 1
    endloop
  endfacet
  facet normal -0.5555702302277682 -0.831469614167989 0
    outer loop
      vertex -8 -9.464101612567902 0
      vertex -8 -9.464101612567902 1
      vertex -8.435045719146729 -9.17341335862875 1
    endloop
  endfacet
  facet normal -0.44228868998100634 -0.8968727416500544 0
    outer loop
      vertex -8 -9.464101612567902 0
      vertex -7.530733726918697 -9.695518128573895 1
      vertex -8 -9.464101612567902 1
    endloop
  endfacet
  facet normal 0 0 -1
    outer loop
      vertex -9.695518128573895 -7.530733726918697 0
      vertex -9.863703303039074 -7.035276181995869 0
      vertex -9.965779446065426 -6.522104769945145 0
    endloop
  endfacet
  facet normal 0 0 -1
    outer loop
      vertex -9.695518128573895 -7.530733726918697 0
      vertex -9.965779446065426 -6.522104769945145 0
      vertex -9.17341335862875 -8.435045719146729 0
    endloop
  endfacet
  facet normal -0.9469301290558149 -0.32143946659727024 0
    outer loop
      vertex -9.695518128573895 -7.530733726918697 0
      vertex -9.863703303039074 -7.035276181995869 1
      vertex -9.863703303039074 -7.035276181995869 0
    endloop
  endfacet
  facet normal -0.9807852794583501 -0.1950903267663619 0
    outer loop
      vertex -9.863703303039074 -7.035276181995869 0
      vertex -9.863703303039074 -7.035276181995869 1
      vertex -9.965779446065426 -6.522104769945145 0
    endloop
  endfacet
  facet normal -0.9978589233184303 -0.06540312801222277 0
    outer loop
      vertex -9.965779446065426 -6.522104769945145 0
      vertex -9.965779446065426 -6.522104769945145 1
      vertex -10 -6 0
    endloop
  endfacet
  facet normal -0.9469301290558149 -0.32143946659727024 0
    outer loop
      vertex -9.695518128573895 -7.530733726918697 0
      vertex -9.695518128573895 -7.530733726918697 1
      vertex -9.863703303039074 -7.035276181995869 1
    endloop
  endfacet
  facet normal -0.9807852794583501 -0.1950903267663619 0
    outer loop
      vertex -9.965779446065426 -6.522104769945145 0
      vertex -9.863703303039074 -7.035276181995869 1
      vertex -9.965779446065426 -6.522104769945145 1
    endloop
  endfacet
  facet normal -0.9978589233184303 -0.06540312801222277 0
    outer loop
      vertex -10 -6 0
      vertex -9.965779446065426 -6.522104769945145 1
      vertex -10 -6 1
    endloop
  endfacet
  facet normal 0 0 -1
    outer loop
      vertex -8 -9.464101612567902 0
      vertex -6 -10 0
      vertex -7.035276181995869 -9.863703303039074 0
    endloop
  endfacet
  facet normal -0.32143946659727024 -0.9469301290558149 0
    outer loop
      vertex -7.530733726918697 -9.695518128573895 0
      vertex -7.035276181995869 -9.863703303039074 0
      vertex -7.530733726918697 -9.695518128573895 1
    endloop
  endfacet
  facet normal 0 0 -1
    outer loop
      vertex -7.035276181995869 -9.863703303039074 0
      vertex -6 -10 0
      vertex -6.522104769945145 -9.965779446065426 0
    endloop
  endfacet
  facet normal -0.1950903267663619 -0.9807852794583501 0
    outer loop
      vertex -7.035276181995869 -9.863703303039074 0
      vertex -6.522104769945145 -9.965779446065426 0
      vertex -6.522104769945145 -9.965779446065426 1
    endloop
  endfacet
  facet normal -0.06540312801222277 -0.9978589233184303 0
    outer loop
      vertex -6.522104769945145 -9.965779446065426 0
      vertex -6 -10 0
      vertex -6.522104769945145 -9.965779446065426 1
    endloop
  endfacet
  facet normal -0.32143946659727024 -0.9469301290558149 0
    outer loop
      vertex -7.530733726918697 -9.695518128573895 1
      vertex -7.035276181995869 -9.863703303039074 0
      vertex -7.035276181995869 -9.863703303039074 1
    endloop
  endfacet
  facet normal -0.1950903267663619 -0.9807852794583501 0
    outer loop
      vertex -7.035276181995869 -9.863703303039074 0
      vertex -6.522104769945145 -9.965779446065426 1
      vertex -7.035276181995869 -9.863703303039074 1
    endloop
  endfacet
  facet normal -0.06540312801222277 -0.9978589233184303 0
    outer loop
      vertex -6 -10 0
      vertex -6 -10 1
      vertex -6.522104769945145 -9.965779446065426 1
    endloop
  endfacet
  facet normal -0.8184207103134639 -0.5468512314872876 0.17646889683692712
    outer loop
      vertex -9.464101612567902 -8 1
      vertex -9.17341335862875 -8.435045719146729 1
      vertex -8.571281291544437 -7.399999998509884 7
    endloop
  endfacet
  facet normal -0.8830411517346712 -0.4354677046840574 0.1749462846713351
    outer loop
      vertex -9.695518128573895 -7.530733726918697 1
      vertex -9.464101612567902 -8 1
      vertex -8.571281291544437 -7.399999998509884 7
    endloop
  endfacet
  facet normal -0.5468512314872876 -0.8184207103134639 0.17646889683692712
    outer loop
      vertex -8.435045719146729 -9.17341335862875 1
      vertex -8 -9.464101612567902 1
      vertex -7.399999998509884 -8.571281291544437 7
    endloop
  endfacet
  facet normal -0.4354677046840574 -0.8830411517346712 0.1749462846713351
    outer loop
      vertex -8 -9.464101612567902 1
      vertex -7.530733726918697 -9.695518128573895 1
      vertex -7.399999998509884 -8.571281291544437 7
    endloop
  endfacet
  facet normal -0.739936919094096 -0.6489072755810877 0.1772362927265961
    outer loop
      vertex -8.828427121043205 -8.828427121043205 1
      vertex -8.062741696834564 -8.062741696834564 7
      vertex -9.17341335862875 -8.435045719146729 1
    endloop
  endfacet
  facet normal -0.6489072755810877 -0.739936919094096 0.1772362927265961
    outer loop
      vertex -8.828427121043205 -8.828427121043205 1
      vertex -8.435045719146729 -9.17341335862875 1
      vertex -8.062741696834564 -8.062741696834564 7
    endloop
  endfacet
  facet normal -0.9327032174466533 -0.31661008083938413 0.17269268912012384
    outer loop
      vertex -9.695518128573895 -7.530733726918697 1
      vertex -8.756414502859116 -7.024586983025074 7
      vertex -9.863703303039074 -7.035276181995869 1
    endloop
  endfacet
  facet normal -0.966552287419362 -0.19225920855332887 0.16974413807506444
    outer loop
      vertex -9.863703303039074 -7.035276181995869 1
      vertex -8.97262355685234 -6.217683814466 7
      vertex -9.965779446065426 -6.522104769945145 1
    endloop
  endfacet
  facet normal -0.9839895011832029 -0.06449407807523447 0.16614805281572556
    outer loop
      vertex -9.965779446065426 -6.522104769945145 1
      vertex -8.97262355685234 -6.217683814466 7
      vertex -10 -6 1
    endloop
  endfacet
  facet normal -0.31661008083938413 -0.9327032174466533 0.17269268912012384
    outer loop
      vertex -7.530733726918697 -9.695518128573895 1
      vertex -7.035276181995869 -9.863703303039074 1
      vertex -7.024586983025074 -8.756414502859116 7
    endloop
  endfacet
  facet normal -0.19225920855332887 -0.966552287419362 0.16974413807506444
    outer loop
      vertex -7.035276181995869 -9.863703303039074 1
      vertex -6.522104769945145 -9.965779446065426 1
      vertex -6.217683814466 -8.97262355685234 7
    endloop
  endfacet
  facet normal -0.06449407807523447 -0.9839895011832029 0.16614805281572556
    outer loop
      vertex -6.522104769945145 -9.965779446065426 1
      vertex -6 -10 1
      vertex -6.217683814466 -8.97262355685234 7
    endloop
  endfacet
  facet normal 0 0 -1
    outer loop
      vertex -8 -9.464101612567902 0
      vertex -9.965779446065426 -6.522104769945145 0
      vertex -10 6 0
    endloop
  endfacet
  facet normal 0 0 -1
    outer loop
      vertex -9.965779446065426 -6.522104769945145 0
      vertex -10 -6 0
      vertex -10 6 0
    endloop
  endfacet
  facet normal -1 0 0
    outer loop
      vertex -10 -6 0
      vertex -10 -6 1
      vertex -10 6 0
    endloop
  endfacet
  facet normal 0 0 -1
    outer loop
      vertex -8 -9.464101612567902 0
      vertex 6.522104769945145 -9.965779446065426 0
      vertex -6 -10 0
    endloop
  endfacet
  facet normal 0 -1 0
    outer loop
      vertex -6 -10 0
      vertex 6 -10 1
      vertex -6 -10 1
    endloop
  endfacet
  facet normal 0 -0.9863939238321437 0.1643989873053573
    outer loop
      vertex -6 -10 1
      vertex 6 -10 1
      vertex -5.799999997019768 -9 7
    endloop
  endfacet
  facet normal 0 0 -1
    outer loop
      vertex -8 -9.464101612567902 0
      vertex -10 6 0
      vertex 10 -6 0
    endloop
  endfacet
  facet normal -0.8184207047899221 -0.5468512394873792 0.17646889766268697
    outer loop
      vertex -9.17341335862875 -8.435045719146729 1
      vertex -8.338730685412884 -7.7480365708470345 7
      vertex -8.571281291544437 -7.399999998509884 7
    endloop
  endfacet
  facet normal -0.7399369253057156 -0.6489072683073108 0.17723629342509833
    outer loop
      vertex -9.17341335862875 -8.435045719146729 1
      vertex -8.062741696834564 -8.062741696834564 7
      vertex -8.338730685412884 -7.7480365708470345 7
    endloop
  endfacet
  facet normal -0.6489072683073108 -0.7399369253057156 0.17723629342509833
    outer loop
      vertex -8.435045719146729 -9.17341335862875 1
      vertex -7.7480365708470345 -8.338730685412884 7
      vertex -8.062741696834564 -8.062741696834564 7
    endloop
  endfacet
  facet normal -0.5468512394873792 -0.8184207047899221 0.17646889766268697
    outer loop
      vertex -8.435045719146729 -9.17341335862875 1
      vertex -7.399999998509884 -8.571281291544437 7
      vertex -7.7480365708470345 -8.338730685412884 7
    endloop
  endfacet
  facet normal -0.9327032226670733 -0.31661006495047206 0.172692690055236
    outer loop
      vertex -9.863703303039074 -7.035276181995869 1
      vertex -8.756414502859116 -7.024586983025074 7
      vertex -8.89096263796091 -6.628220938146114 7
    endloop
  endfacet
  facet normal -0.8830411517533103 -0.43546770464519824 0.17494628467398085
    outer loop
      vertex -9.695518128573895 -7.530733726918697 1
      vertex -8.571281291544437 -7.399999998509884 7
      vertex -8.756414502859116 -7.024586983025074 7
    endloop
  endfacet
  facet normal -0.9665522846471342 -0.19225922131806228 0.16974413940274316
    outer loop
      vertex -9.863703303039074 -7.035276181995869 1
      vertex -8.89096263796091 -6.628220938146114 7
      vertex -8.97262355685234 -6.217683814466 7
    endloop
  endfacet
  facet normal -0.9839895011964398 -0.06449407784601494 0.16614805282630835
    outer loop
      vertex -10 -6 1
      vertex -8.97262355685234 -6.217683814466 7
      vertex -9 -5.799999997019768 7
    endloop
  endfacet
  facet normal -0.43546770464519824 -0.8830411517533103 0.17494628467398085
    outer loop
      vertex -7.530733726918697 -9.695518128573895 1
      vertex -7.024586983025074 -8.756414502859116 7
      vertex -7.399999998509884 -8.571281291544437 7
    endloop
  endfacet
  facet normal -0.31661006495047206 -0.9327032226670733 0.172692690055236
    outer loop
      vertex -7.035276181995869 -9.863703303039074 1
      vertex -6.628220938146114 -8.89096263796091 7
      vertex -7.024586983025074 -8.756414502859116 7
    endloop
  endfacet
  facet normal -0.19225922131806228 -0.9665522846471342 0.16974413940274316
    outer loop
      vertex -7.035276181995869 -9.863703303039074 1
      vertex -6.217683814466 -8.97262355685234 7
      vertex -6.628220938146114 -8.89096263796091 7
    endloop
  endfacet
  facet normal -0.06449407784601494 -0.9839895011964398 0.16614805282630835
    outer loop
      vertex -6 -10 1
      vertex -5.799999997019768 -9 7
      vertex -6.217683814466 -8.97262355685234 7
    endloop
  endfacet
  facet normal 0 0 1
    outer loop
      vertex -8.338730685412884 -7.7480365708470345 7
      vertex -8.062741696834564 -8.062741696834564 7
      vertex -8.571281291544437 -7.399999998509884 7
    endloop
  endfacet
  facet normal 0 0 1
    outer loop
      vertex -7.7480365708470345 -8.338730685412884 7
      vertex -7.399999998509884 -8.571281291544437 7
      vertex -8.062741696834564 -8.062741696834564 7
    endloop
  endfacet
  facet normal 0 0 1
    outer loop
      vertex -8.062741696834564 -8.062741696834564 7
      vertex -7.399999998509884 -8.571281291544437 7
      vertex -8.571281291544437 -7.399999998509884 7
    endloop
  endfacet
  facet normal 0 0 1
    outer loop
      vertex -8.89096263796091 -6.628220938146114 7
      vertex -8.571281291544437 -7.399999998509884 7
      vertex -9 -5.799999997019768 7
    endloop
  endfacet
  facet normal 0 0 1
    outer loop
      vertex -8.89096263796091 -6.628220938146114 7
      vertex -9 -5.799999997019768 7
      vertex -8.97262355685234 -6.217683814466 7
    endloop
  endfacet
  facet normal 0 0 1
    outer loop
      vertex -8.756414502859116 -7.024586983025074 7
      vertex -8.571281291544437 -7.399999998509884 7
      vertex -8.89096263796091 -6.628220938146114 7
    endloop
  endfacet
  facet normal 0 0 1
    outer loop
      vertex -9 -5.799999997019768 7
      vertex -8.571281291544437 -7.399999998509884 7
      vertex -7.399999998509884 -8.571281291544437 7
    endloop
  endfacet
  facet normal 0 0 1
    outer loop
      vertex -6.628220938146114 -8.89096263796091 7
      vertex -5.799999997019768 -9 7
      vertex -7.399999998509884 -8.571281291544437 7
    endloop
  endfacet
  facet normal 0 0 1
    outer loop
      vertex -7.024586983025074 -8.756414502859116 7
      vertex -6.628220938146114 -8.89096263796091 7
      vertex -7.399999998509884 -8.571281291544437 7
    endloop
  endfacet
  facet normal 0 0 1
    outer loop
      vertex -6.628220938146114 -8.89096263796091 7
      vertex -6.217683814466 -8.97262355685234 7
      vertex -5.799999997019768 -9 7
    endloop
  endfacet
  facet normal -0.9863939238321437 0 0.1643989873053573
    outer loop
      vertex -10 -6 1
      vertex -9 -5.799999997019768 7
      vertex -9 5.799999997019768 7
    endloop
  endfacet
  facet normal 0 0 1
    outer loop
      vertex -9 -5.799999997019768 7
      vertex -7.399999998509884 -8.571281291544437 7
      vertex -8.338730685412884 7.7480365708470345 7
    endloop
  endfacet
  facet normal 0 0 1
    outer loop
      vertex -7.399999998509884 -8.571281291544437 7
      vertex -5.927238002419472 -2.2874879986047745 7
      vertex -5.927238002419472 2.285510003566742 7
    endloop
  endfacet
  facet normal 0 0 1
    outer loop
      vertex -7.399999998509884 -8.571281291544437 7
      vertex -5.003880001604557 -2.2874879986047745 7
      vertex -5.927238002419472 -2.2874879986047745 7
    endloop
  endfacet
  facet normal 0 0 1
    outer loop
      vertex -7.399999998509884 -8.571281291544437 7
      vertex -5.799999997019768 -9 7
      vertex 5.799999997019768 -9 7
    endloop
  endfacet
  facet normal 0 0 1
    outer loop
      vertex -7.399999998509884 -8.571281291544437 7
      vertex 8.338730685412884 -7.7480365708470345 7
      vertex -1.6658900007605553 -2.2874879986047745 7
    endloop
  endfacet
  facet normal 0 0 1
    outer loop
      vertex -7.399999998509884 -8.571281291544437 7
      vertex -1.6658900007605553 -2.2874879986047745 7
      vertex -5.003880001604557 -2.2874879986047745 7
    endloop
  endfacet
  facet normal 0 0 1
    outer loop
      vertex -5.003880001604557 -2.2874879986047745 7
      vertex -4.401877999305725 -0.5624879971146584 7
      vertex -5.003880001604557 -0.5624879971146584 7
    endloop
  endfacet
  facet normal 0 0 1
    outer loop
      vertex -5.003880001604557 -2.2874879986047745 7
      vertex -4.22877624630928 -0.5611511841416359 7
      vertex -4.401877999305725 -0.5624879971146584 7
    endloop
  endfacet
  facet normal 0 0 1
    outer loop
      vertex -5.003880001604557 -2.2874879986047745 7
      vertex -4.067771553993225 -0.5571407377719879 7
      vertex -4.22877624630928 -0.5611511841416359 7
    endloop
  endfacet
  facet normal 0 0 1
    outer loop
      vertex -5.003880001604557 -2.2874879986047745 7
      vertex -3.9188639149069786 -0.5504566505551338 7
      vertex -4.067771553993225 -0.5571407377719879 7
    endloop
  endfacet
  facet normal 0 0 1
    outer loop
      vertex -5.003880001604557 -2.2874879986047745 7
      vertex -3.782053343951702 -0.5410989373922348 7
      vertex -3.9188639149069786 -0.5504566505551338 7
    endloop
  endfacet
  facet normal 0 0 1
    outer loop
      vertex -5.003880001604557 -2.2874879986047745 7
      vertex -3.657339833676815 -0.5290675908327103 7
      vertex -3.782053343951702 -0.5410989373922348 7
    endloop
  endfacet
  facet normal 0 0 1
    outer loop
      vertex -5.003880001604557 -2.2874879986047745 7
      vertex -1.6658900007605553 -2.2874879986047745 7
      vertex -3.657339833676815 -0.5290675908327103 7
    endloop
  endfacet
  facet normal 0 0 1
    outer loop
      vertex -3.657339833676815 -0.5290675908327103 7
      vertex -1.6658900007605553 -2.2874879986047745 7
      vertex -3.5447233840823174 -0.5143626108765602 7
    endloop
  endfacet
  facet normal 0 0 1
    outer loop
      vertex -3.5447233840823174 -0.5143626108765602 7
      vertex -1.6658900007605553 -2.2874879986047745 7
      vertex -3.4442040026187897 -0.49698399752378464 7
    endloop
  endfacet
  facet normal 0 0 1
    outer loop
      vertex -3.4442040026187897 -0.49698399752378464 7
      vertex -1.6658900007605553 -2.2874879986047745 7
      vertex -3.3748500794172287 -0.4795706495642662 7
    endloop
  endfacet
  facet normal 0 0 1
    outer loop
      vertex -3.3748500794172287 -0.4795706495642662 7
      vertex -1.6658900007605553 -2.2874879986047745 7
      vertex -3.30581346899271 -0.45763804018497467 7
    endloop
  endfacet
  facet normal 0 0 1
    outer loop
      vertex -3.30581346899271 -0.45763804018497467 7
      vertex -1.6658900007605553 -2.2874879986047745 7
      vertex -3.2370941638946533 -0.43118616193532944 7
    endloop
  endfacet
  facet normal 0 0 1
    outer loop
      vertex -3.2370941638946533 -0.43118616193532944 7
      vertex -1.6658900007605553 -2.2874879986047745 7
      vertex -3.1686921641230583 -0.4002150222659111 7
    endloop
  endfacet
  facet normal 0 0 1
    outer loop
      vertex -3.1686921641230583 -0.4002150222659111 7
      vertex -1.6658900007605553 -2.2874879986047745 7
      vertex -3.100607469677925 -0.36472461372613907 7
    endloop
  endfacet
  facet normal 0 0 1
    outer loop
      vertex -3.100607469677925 -0.36472461372613907 7
      vertex -1.6658900007605553 -2.2874879986047745 7
      vertex -3.0328400805592537 -0.32471493631601334 7
    endloop
  endfacet
  facet normal 0 0 1
    outer loop
      vertex -3.0328400805592537 -0.32471493631601334 7
      vertex -1.6658900007605553 -2.2874879986047745 7
      vertex -2.965389996767044 -0.2801859974861145 7
    endloop
  endfacet
  facet normal 0 0 1
    outer loop
      vertex -2.965389996767044 -0.2801859974861145 7
      vertex -1.6658900007605553 -2.2874879986047745 7
      vertex -2.8997855484485626 -0.23087118566036224 7
    endloop
  endfacet
  facet normal 0 0 1
    outer loop
      vertex -2.8997855484485626 -0.23087118566036224 7
      vertex -1.6658900007605553 -2.2874879986047745 7
      vertex -2.837555058300495 -0.176530160009861 7
    endloop
  endfacet
  facet normal 0 0 1
    outer loop
      vertex -2.837555058300495 -0.176530160009861 7
      vertex -1.6658900007605553 -2.2874879986047745 7
      vertex -2.7786985337734222 -0.11716293543577194 7
    endloop
  endfacet
  facet normal 0 0 1
    outer loop
      vertex -2.7786985337734222 -0.11716293543577194 7
      vertex -1.6658900007605553 -2.2874879986047745 7
      vertex -2.7232159599661827 -0.05276951193809509 7
    endloop
  endfacet
  facet normal 0 0 1
    outer loop
      vertex -2.7232159599661827 -0.05276951193809509 7
      vertex -1.6658900007605553 -2.2874879986047745 7
      vertex -2.671107344329357 0.01665012538433075 7
    endloop
  endfacet
  facet normal 0 0 1
    outer loop
      vertex -1.6658900007605553 -2.2874879986047745 7
      vertex -2.622372694313526 0.09109596163034439 7
      vertex -2.671107344329357 0.01665012538433075 7
    endloop
  endfacet
  facet normal 0 0 1
    outer loop
      vertex -1.6658900007605553 -2.2874879986047745 7
      vertex -2.577012002468109 0.17056799679994583 7
      vertex -2.622372694313526 0.09109596163034439 7
    endloop
  endfacet
  facet normal 0 0 1
    outer loop
      vertex -1.6658900007605553 -2.2874879986047745 7
      vertex -2.53645783662796 0.255303755402565 7
      vertex -2.577012002468109 0.17056799679994583 7
    endloop
  endfacet
  facet normal 0 0 1
    outer loop
      vertex -1.6658900007605553 -2.2874879986047745 7
      vertex -2.502142772078514 0.3455144464969635 7
      vertex -2.53645783662796 0.255303755402565 7
    endloop
  endfacet
  facet normal 0 0 1
    outer loop
      vertex -1.6658900007605553 -2.2874879986047745 7
      vertex -2.4740668162703514 0.4412000849843025 7
      vertex -2.502142772078514 0.3455144464969635 7
    endloop
  endfacet
  facet normal -1 0 0
    outer loop
      vertex -10 -6 1
      vertex -10 6 1
      vertex -10 6 0
    endloop
  endfacet
  facet normal -0.9863939238321437 0 0.1643989873053573
    outer loop
      vertex -10 -6 1
      vertex -9 5.799999997019768 7
      vertex -10 6 1
    endloop
  endfacet
  facet normal -0.9978589233184303 0.06540312801222277 0
    outer loop
      vertex -10 6 0
      vertex -10 6 1
      vertex -9.965779446065426 6.522104769945145 0
    endloop
  endfacet
  facet normal 0 0 -1
    outer loop
      vertex -10 6 0
      vertex -9.965779446065426 6.522104769945145 0
      vertex -9.863703303039074 7.035276181995869 0
    endloop
  endfacet
  facet normal -0.9807852794583501 0.1950903267663619 0
    outer loop
      vertex -9.965779446065426 6.522104769945145 0
      vertex -9.863703303039074 7.035276181995869 1
      vertex -9.863703303039074 7.035276181995869 0
    endloop
  endfacet
  facet normal 0 0 -1
    outer loop
      vertex -10 6 0
      vertex -9.863703303039074 7.035276181995869 0
      vertex -9.17341335862875 8.435045719146729 0
    endloop
  endfacet
  facet normal -0.9469301290558149 0.32143946659727024 0
    outer loop
      vertex -9.863703303039074 7.035276181995869 0
      vertex -9.863703303039074 7.035276181995869 1
      vertex -9.695518128573895 7.530733726918697 0
    endloop
  endfacet
  facet normal -0.9978589233184303 0.06540312801222277 0
    outer loop
      vertex -9.965779446065426 6.522104769945145 0
      vertex -10 6 1
      vertex -9.965779446065426 6.522104769945145 1
    endloop
  endfacet
  facet normal -0.9807852794583501 0.1950903267663619 0
    outer loop
      vertex -9.965779446065426 6.522104769945145 0
      vertex -9.965779446065426 6.522104769945145 1
      vertex -9.863703303039074 7.035276181995869 1
    endloop
  endfacet
  facet normal -0.9469301290558149 0.32143946659727024 0
    outer loop
      vertex -9.863703303039074 7.035276181995869 1
      vertex -9.695518128573895 7.530733726918697 1
      vertex -9.695518128573895 7.530733726918697 0
    endloop
  endfacet
  facet normal 0 0 -1
    outer loop
      vertex -9.863703303039074 7.035276181995869 0
      vertex -9.695518128573895 7.530733726918697 0
      vertex -9.464101612567902 8 0
    endloop
  endfacet
  facet normal 0 0 -1
    outer loop
      vertex -9.863703303039074 7.035276181995869 0
      vertex -9.464101612567902 8 0
      vertex -9.17341335862875 8.435045719146729 0
    endloop
  endfacet
  facet normal -0.8968727416500544 0.44228868998100634 0
    outer loop
      vertex -9.695518128573895 7.530733726918697 0
      vertex -9.464101612567902 8 1
      vertex -9.464101612567902 8 0
    endloop
  endfacet
  facet normal -0.831469614167989 0.5555702302277682 0
    outer loop
      vertex -9.464101612567902 8 0
      vertex -9.17341335862875 8.435045719146729 1
      vertex -9.17341335862875 8.435045719146729 0
    endloop
  endfacet
  facet normal -0.7518398007112116 0.6593458228172265 0
    outer loop
      vertex -9.17341335862875 8.435045719146729 0
      vertex -8.828427121043205 8.828427121043205 1
      vertex -8.828427121043205 8.828427121043205 0
    endloop
  endfacet
  facet normal -0.8968727416500544 0.44228868998100634 0
    outer loop
      vertex -9.695518128573895 7.530733726918697 0
      vertex -9.695518128573895 7.530733726918697 1
      vertex -9.464101612567902 8 1
    endloop
  endfacet
  facet normal -0.831469614167989 0.5555702302277682 0
    outer loop
      vertex -9.464101612567902 8 0
      vertex -9.464101612567902 8 1
      vertex -9.17341335862875 8.435045719146729 1
    endloop
  endfacet
  facet normal -0.7518398007112116 0.6593458228172265 0
    outer loop
      vertex -9.17341335862875 8.435045719146729 0
      vertex -9.17341335862875 8.435045719146729 1
      vertex -8.828427121043205 8.828427121043205 1
    endloop
  endfacet
  facet normal 0 0 -1
    outer loop
      vertex -9.17341335862875 8.435045719146729 0
      vertex -8.828427121043205 8.828427121043205 0
      vertex -8.435045719146729 9.17341335862875 0
    endloop
  endfacet
  facet normal 0 0 -1
    outer loop
      vertex -10 6 0
      vertex -9.17341335862875 8.435045719146729 0
      vertex -6.522104769945145 9.965779446065426 0
    endloop
  endfacet
  facet normal 0 0 -1
    outer loop
      vertex -9.17341335862875 8.435045719146729 0
      vertex -8.435045719146729 9.17341335862875 0
      vertex -8 9.464101612567902 0
    endloop
  endfacet
  facet normal -0.6593458228172265 0.7518398007112116 0
    outer loop
      vertex -8.828427121043205 8.828427121043205 0
      vertex -8.828427121043205 8.828427121043205 1
      vertex -8.435045719146729 9.17341335862875 0
    endloop
  endfacet
  facet normal -0.5555702302277682 0.831469614167989 0
    outer loop
      vertex -8.435045719146729 9.17341335862875 0
      vertex -8.435045719146729 9.17341335862875 1
      vertex -8 9.464101612567902 0
    endloop
  endfacet
  facet normal 0 0 -1
    outer loop
      vertex -9.17341335862875 8.435045719146729 0
      vertex -8 9.464101612567902 0
      vertex -6.522104769945145 9.965779446065426 0
    endloop
  endfacet
  facet normal -0.44228868998100634 0.8968727416500544 0
    outer loop
      vertex -8 9.464101612567902 0
      vertex -8 9.464101612567902 1
      vertex -7.530733726918697 9.695518128573895 0
    endloop
  endfacet
  facet normal -0.6593458228172265 0.7518398007112116 0
    outer loop
      vertex -8.435045719146729 9.17341335862875 0
      vertex -8.828427121043205 8.828427121043205 1
      vertex -8.435045719146729 9.17341335862875 1
    endloop
  endfacet
  facet normal -0.5555702302277682 0.831469614167989 0
    outer loop
      vertex -8 9.464101612567902 0
      vertex -8.435045719146729 9.17341335862875 1
      vertex -8 9.464101612567902 1
    endloop
  endfacet
  facet normal -0.44228868998100634 0.8968727416500544 0
    outer loop
      vertex -7.530733726918697 9.695518128573895 0
      vertex -8 9.464101612567902 1
      vertex -7.530733726918697 9.695518128573895 1
    endloop
  endfacet
  facet normal 0 0 -1
    outer loop
      vertex -8 9.464101612567902 0
      vertex -7.530733726918697 9.695518128573895 0
      vertex -6.522104769945145 9.965779446065426 0
    endloop
  endfacet
  facet normal 0 0 -1
    outer loop
      vertex -7.530733726918697 9.695518128573895 0
      vertex -7.035276181995869 9.863703303039074 0
      vertex -6.522104769945145 9.965779446065426 0
    endloop
  endfacet
  facet normal -0.32143946659727024 0.9469301290558149 0
    outer loop
      vertex -7.530733726918697 9.695518128573895 0
      vertex -7.530733726918697 9.695518128573895 1
      vertex -7.035276181995869 9.863703303039074 0
    endloop
  endfacet
  facet normal -0.1950903267663619 0.9807852794583501 0
    outer loop
      vertex -7.035276181995869 9.863703303039074 0
      vertex -7.035276181995869 9.863703303039074 1
      vertex -6.522104769945145 9.965779446065426 0
    endloop
  endfacet
  facet normal -0.32143946659727024 0.9469301290558149 0
    outer loop
      vertex -7.530733726918697 9.695518128573895 1
      vertex -7.035276181995869 9.863703303039074 1
      vertex -7.035276181995869 9.863703303039074 0
    endloop
  endfacet
  facet normal -0.1950903267663619 0.9807852794583501 0
    outer loop
      vertex -6.522104769945145 9.965779446065426 0
      vertex -7.035276181995869 9.863703303039074 1
      vertex -6.522104769945145 9.965779446065426 1
    endloop
  endfacet
  facet normal -0.06540312801222277 0.9978589233184303 0
    outer loop
      vertex -6.522104769945145 9.965779446065426 0
      vertex -6.522104769945145 9.965779446065426 1
      vertex -6 10 1
    endloop
  endfacet
  facet normal -0.06540312801222277 0.9978589233184303 0
    outer loop
      vertex -6.522104769945145 9.965779446065426 0
      vertex -6 10 1
      vertex -6 10 0
    endloop
  endfacet
  facet normal -0.9839895011832029 0.06449407807523447 0.16614805281572556
    outer loop
      vertex -10 6 1
      vertex -8.97262355685234 6.217683814466 7
      vertex -9.965779446065426 6.522104769945145 1
    endloop
  endfacet
  facet normal -0.966552287419362 0.19225920855332887 0.16974413807506444
    outer loop
      vertex -9.965779446065426 6.522104769945145 1
      vertex -8.97262355685234 6.217683814466 7
      vertex -9.863703303039074 7.035276181995869 1
    endloop
  endfacet
  facet normal -0.9327032174466533 0.31661008083938413 0.17269268912012384
    outer loop
      vertex -9.863703303039074 7.035276181995869 1
      vertex -8.756414502859116 7.024586983025074 7
      vertex -9.695518128573895 7.530733726918697 1
    endloop
  endfacet
  facet normal -0.8830411517346712 0.4354677046840574 0.1749462846713351
    outer loop
      vertex -9.695518128573895 7.530733726918697 1
      vertex -8.571281291544437 7.399999998509884 7
      vertex -9.464101612567902 8 1
    endloop
  endfacet
  facet normal -0.8184207103134639 0.5468512314872876 0.17646889683692712
    outer loop
      vertex -9.464101612567902 8 1
      vertex -8.571281291544437 7.399999998509884 7
      vertex -9.17341335862875 8.435045719146729 1
    endloop
  endfacet
  facet normal -0.739936919094096 0.6489072755810877 0.1772362927265961
    outer loop
      vertex -9.17341335862875 8.435045719146729 1
      vertex -8.062741696834564 8.062741696834564 7
      vertex -8.828427121043205 8.828427121043205 1
    endloop
  endfacet
  facet normal -0.6489072755810877 0.739936919094096 0.1772362927265961
    outer loop
      vertex -8.828427121043205 8.828427121043205 1
      vertex -8.062741696834564 8.062741696834564 7
      vertex -8.435045719146729 9.17341335862875 1
    endloop
  endfacet
  facet normal -0.5468512314872876 0.8184207103134639 0.17646889683692712
    outer loop
      vertex -8.435045719146729 9.17341335862875 1
      vertex -7.399999998509884 8.571281291544437 7
      vertex -8 9.464101612567902 1
    endloop
  endfacet
  facet normal -0.4354677046840574 0.8830411517346712 0.1749462846713351
    outer loop
      vertex -8 9.464101612567902 1
      vertex -7.399999998509884 8.571281291544437 7
      vertex -7.530733726918697 9.695518128573895 1
    endloop
  endfacet
  facet normal -0.31661008083938413 0.9327032174466533 0.17269268912012384
    outer loop
      vertex -7.530733726918697 9.695518128573895 1
      vertex -7.024586983025074 8.756414502859116 7
      vertex -7.035276181995869 9.863703303039074 1
    endloop
  endfacet
  facet normal -0.19225920855332887 0.966552287419362 0.16974413807506444
    outer loop
      vertex -7.035276181995869 9.863703303039074 1
      vertex -6.217683814466 8.97262355685234 7
      vertex -6.522104769945145 9.965779446065426 1
    endloop
  endfacet
  facet normal -0.06449407807523447 0.9839895011832029 0.16614805281572556
    outer loop
      vertex -6.522104769945145 9.965779446065426 1
      vertex -6.217683814466 8.97262355685234 7
      vertex -6 10 1
    endloop
  endfacet
  facet normal 0 0 -1
    outer loop
      vertex -10 6 0
      vertex -6.522104769945145 9.965779446065426 0
      vertex 8 9.464101612567902 0
    endloop
  endfacet
  facet normal 0 0 -1
    outer loop
      vertex -6.522104769945145 9.965779446065426 0
      vertex -6 10 0
      vertex 6 10 0
    endloop
  endfacet
  facet normal 0 1 0
    outer loop
      vertex -6 10 0
      vertex -6 10 1
      vertex 6 10 0
    endloop
  endfacet
  facet normal 0 0.9863939238321437 0.1643989873053573
    outer loop
      vertex -6 10 1
      vertex -5.799999997019768 9 7
      vertex 6 10 1
    endloop
  endfacet
  facet normal 0 0 1
    outer loop
      vertex -9 -5.799999997019768 7
      vertex -8.338730685412884 7.7480365708470345 7
      vertex -9 5.799999997019768 7
    endloop
  endfacet
  facet normal 0 0 1
    outer loop
      vertex -7.399999998509884 -8.571281291544437 7
      vertex -5.927238002419472 2.285510003566742 7
      vertex -8.338730685412884 7.7480365708470345 7
    endloop
  endfacet
  facet normal 0 0 1
    outer loop
      vertex -5.927238002419472 2.285510003566742 7
      vertex -4.445532001554966 2.285510003566742 7
      vertex -8.338730685412884 7.7480365708470345 7
    endloop
  endfacet
  facet normal 0 0 1
    outer loop
      vertex -8.338730685412884 7.7480365708470345 7
      vertex -4.445532001554966 2.285510003566742 7
      vertex -4.2168669402599335 2.2841093465685844 7
    endloop
  endfacet
  facet normal 0 0 1
    outer loop
      vertex -8.338730685412884 7.7480365708470345 7
      vertex -4.2168669402599335 2.2841093465685844 7
      vertex -4.012136898934841 2.279907390475273 7
    endloop
  endfacet
  facet normal 0 0 1
    outer loop
      vertex -8.338730685412884 7.7480365708470345 7
      vertex -4.012136898934841 2.279907390475273 7
      vertex -3.831341877579689 2.272904120385647 7
    endloop
  endfacet
  facet normal 0 0 1
    outer loop
      vertex -8.338730685412884 7.7480365708470345 7
      vertex -3.831341877579689 2.272904120385647 7
      vertex -3.674481876194477 2.2630995512008667 7
    endloop
  endfacet
  facet normal 0 0 1
    outer loop
      vertex -8.338730685412884 7.7480365708470345 7
      vertex -3.674481876194477 2.2630995512008667 7
      vertex -3.5415568947792053 2.250493675470352 7
    endloop
  endfacet
  facet normal 0 0 1
    outer loop
      vertex -8.338730685412884 7.7480365708470345 7
      vertex -3.5415568947792053 2.250493675470352 7
      vertex -3.4325669407844543 2.2350864931941032 7
    endloop
  endfacet
  facet normal 0 0 1
    outer loop
      vertex -8.338730685412884 7.7480365708470345 7
      vertex -3.4325669407844543 2.2350864931941032 7
      vertex -3.347511999309063 2.2168779969215393 7
    endloop
  endfacet
  facet normal -0.9839895011964398 0.06449407784601494 0.16614805282630835
    outer loop
      vertex -10 6 1
      vertex -9 5.799999997019768 7
      vertex -8.97262355685234 6.217683814466 7
    endloop
  endfacet
  facet normal -0.9665522846471342 0.19225922131806228 0.16974413940274316
    outer loop
      vertex -9.863703303039074 7.035276181995869 1
      vertex -8.97262355685234 6.217683814466 7
      vertex -8.89096263796091 6.628220938146114 7
    endloop
  endfacet
  facet normal -0.9327032226670733 0.31661006495047206 0.172692690055236
    outer loop
      vertex -9.863703303039074 7.035276181995869 1
      vertex -8.89096263796091 6.628220938146114 7
      vertex -8.756414502859116 7.024586983025074 7
    endloop
  endfacet
  facet normal -0.8830411517533103 0.43546770464519824 0.17494628467398085
    outer loop
      vertex -9.695518128573895 7.530733726918697 1
      vertex -8.756414502859116 7.024586983025074 7
      vertex -8.571281291544437 7.399999998509884 7
    endloop
  endfacet
  facet normal -0.8184207047899221 0.5468512394873792 0.17646889766268697
    outer loop
      vertex -9.17341335862875 8.435045719146729 1
      vertex -8.571281291544437 7.399999998509884 7
      vertex -8.338730685412884 7.7480365708470345 7
    endloop
  endfacet
  facet normal -0.7399369253057156 0.6489072683073108 0.1772362934250983
    outer loop
      vertex -9.17341335862875 8.435045719146729 1
      vertex -8.338730685412884 7.7480365708470345 7
      vertex -8.062741696834564 8.062741696834564 7
    endloop
  endfacet
  facet normal -0.6489072683073108 0.7399369253057156 0.1772362934250983
    outer loop
      vertex -8.435045719146729 9.17341335862875 1
      vertex -8.062741696834564 8.062741696834564 7
      vertex -7.7480365708470345 8.338730685412884 7
    endloop
  endfacet
  facet normal -0.5468512394873792 0.8184207047899221 0.17646889766268697
    outer loop
      vertex -8.435045719146729 9.17341335862875 1
      vertex -7.7480365708470345 8.338730685412884 7
      vertex -7.399999998509884 8.571281291544437 7
    endloop
  endfacet
  facet normal -0.43546770464519824 0.8830411517533103 0.17494628467398085
    outer loop
      vertex -7.530733726918697 9.695518128573895 1
      vertex -7.399999998509884 8.571281291544437 7
      vertex -7.024586983025074 8.756414502859116 7
    endloop
  endfacet
  facet normal -0.31661006495047206 0.9327032226670733 0.172692690055236
    outer loop
      vertex -7.035276181995869 9.863703303039074 1
      vertex -7.024586983025074 8.756414502859116 7
      vertex -6.628220938146114 8.89096263796091 7
    endloop
  endfacet
  facet normal -0.19225922131806228 0.9665522846471342 0.16974413940274316
    outer loop
      vertex -7.035276181995869 9.863703303039074 1
      vertex -6.628220938146114 8.89096263796091 7
      vertex -6.217683814466 8.97262355685234 7
    endloop
  endfacet
  facet normal -0.06449407784601494 0.9839895011964398 0.16614805282630835
    outer loop
      vertex -6 10 1
      vertex -6.217683814466 8.97262355685234 7
      vertex -5.799999997019768 9 7
    endloop
  endfacet
  facet normal 0 0 1
    outer loop
      vertex -9 5.799999997019768 7
      vertex -8.756414502859116 7.024586983025074 7
      vertex -8.97262355685234 6.217683814466 7
    endloop
  endfacet
  facet normal 0 0 1
    outer loop
      vertex -8.97262355685234 6.217683814466 7
      vertex -8.756414502859116 7.024586983025074 7
      vertex -8.89096263796091 6.628220938146114 7
    endloop
  endfacet
  facet normal 0 0 1
    outer loop
      vertex -9 5.799999997019768 7
      vertex -8.338730685412884 7.7480365708470345 7
      vertex -8.756414502859116 7.024586983025074 7
    endloop
  endfacet
  facet normal 0 0 1
    outer loop
      vertex -8.756414502859116 7.024586983025074 7
      vertex -8.338730685412884 7.7480365708470345 7
      vertex -8.571281291544437 7.399999998509884 7
    endloop
  endfacet
  facet normal 0 0 1
    outer loop
      vertex -8.338730685412884 7.7480365708470345 7
      vertex -7.7480365708470345 8.338730685412884 7
      vertex -8.062741696834564 8.062741696834564 7
    endloop
  endfacet
  facet normal 0 0 1
    outer loop
      vertex -8.338730685412884 7.7480365708470345 7
      vertex -7.399999998509884 8.571281291544437 7
      vertex -7.7480365708470345 8.338730685412884 7
    endloop
  endfacet
  facet normal 0 0 1
    outer loop
      vertex -8.338730685412884 7.7480365708470345 7
      vertex -5.799999997019768 9 7
      vertex -7.399999998509884 8.571281291544437 7
    endloop
  endfacet
  facet normal 0 0 1
    outer loop
      vertex -7.399999998509884 8.571281291544437 7
      vertex -6.628220938146114 8.89096263796091 7
      vertex -7.024586983025074 8.756414502859116 7
    endloop
  endfacet
  facet normal 0 0 1
    outer loop
      vertex -7.399999998509884 8.571281291544437 7
      vertex -5.799999997019768 9 7
      vertex -6.628220938146114 8.89096263796091 7
    endloop
  endfacet
  facet normal 0 0 1
    outer loop
      vertex -6.628220938146114 8.89096263796091 7
      vertex -5.799999997019768 9 7
      vertex -6.217683814466 8.97262355685234 7
    endloop
  endfacet
  facet normal 0 0 1
    outer loop
      vertex -5.003880001604557 0.21426799893379211 7
      vertex -4.498570002615452 0.21426799893379211 7
      vertex -5.003880001604557 1.5119279995560646 7
    endloop
  endfacet
  facet normal 0 0 1
    outer loop
      vertex -4.498570002615452 0.21426799893379211 7
      vertex -4.349988125264645 0.21573155373334885 7
      vertex -4.557818002998829 1.5119279995560646 7
    endloop
  endfacet
  facet normal 0 0 1
    outer loop
      vertex -5.003880001604557 1.5119279995560646 7
      vertex -4.498570002615452 0.21426799893379211 7
      vertex -4.557818002998829 1.5119279995560646 7
    endloop
  endfacet
  facet normal 0 0 1
    outer loop
      vertex -4.349988125264645 0.21573155373334885 7
      vertex -4.422029756009579 1.5112915113568306 7
      vertex -4.557818002998829 1.5119279995560646 7
    endloop
  endfacet
  facet normal 0 0 1
    outer loop
      vertex -3.9033487737178802 0.25085677206516266 7
      vertex -3.8286109790205956 0.26695583760738373 7
      vertex -3.584274001419544 0.39447440952062607 7
    endloop
  endfacet
  facet normal 0 0 1
    outer loop
      vertex -4.349988125264645 0.21573155373334885 7
      vertex -4.216175064444542 0.22012220323085785 7
      vertex -4.422029756009579 1.5112915113568306 7
    endloop
  endfacet
  facet normal 0 0 1
    outer loop
      vertex -4.216175064444542 0.22012220323085785 7
      vertex -4.097130812704563 0.22743996232748032 7
      vertex -4.299865022301674 1.509382039308548 7
    endloop
  endfacet
  facet normal 0 0 1
    outer loop
      vertex -4.216175064444542 0.22012220323085785 7
      vertex -4.299865022301674 1.509382039308548 7
      vertex -4.422029756009579 1.5112915113568306 7
    endloop
  endfacet
  facet normal 0 0 1
    outer loop
      vertex -4.097130812704563 0.22743996232748032 7
      vertex -4.191323794424534 1.5061995908617973 7
      vertex -4.299865022301674 1.509382039308548 7
    endloop
  endfacet
  facet normal 0 0 1
    outer loop
      vertex -4.097130812704563 0.22743996232748032 7
      vertex -4.096406079828739 1.5017441660165787 7
      vertex -4.191323794424534 1.5061995908617973 7
    endloop
  endfacet
  facet normal 0 0 1
    outer loop
      vertex -4.097130812704563 0.22743996232748032 7
      vertex -3.9928553849458694 0.23768481612205505 7
      vertex -4.096406079828739 1.5017441660165787 7
    endloop
  endfacet
  facet normal 0 0 1
    outer loop
      vertex -3.9928553849458694 0.23768481612205505 7
      vertex -3.9033487737178802 0.25085677206516266 7
      vertex -4.01511187851429 1.4960157573223114 7
    endloop
  endfacet
  facet normal 0 0 1
    outer loop
      vertex -3.9928553849458694 0.23768481612205505 7
      vertex -4.01511187851429 1.4960157573223114 7
      vertex -4.096406079828739 1.5017441660165787 7
    endloop
  endfacet
  facet normal 0 0 1
    outer loop
      vertex -3.9033487737178802 0.25085677206516266 7
      vertex -3.9474411830306053 1.4890143647789955 7
      vertex -4.01511187851429 1.4960157573223114 7
    endloop
  endfacet
  facet normal 0 0 1
    outer loop
      vertex -3.9033487737178802 0.25085677206516266 7
      vertex -3.893394000828266 1.4807400032877922 7
      vertex -3.9474411830306053 1.4890143647789955 7
    endloop
  endfacet
  facet normal 0 0 1
    outer loop
      vertex -3.9033487737178802 0.25085677206516266 7
      vertex -3.8308217972517014 1.4666649401187897 7
      vertex -3.893394000828266 1.4807400032877922 7
    endloop
  endfacet
  facet normal 0 0 1
    outer loop
      vertex -3.9033487737178802 0.25085677206516266 7
      vertex -3.771432042121887 1.4476237520575523 7
      vertex -3.8308217972517014 1.4666649401187897 7
    endloop
  endfacet
  facet normal 0 0 1
    outer loop
      vertex -3.9033487737178802 0.25085677206516266 7
      vertex -3.7152247354388237 1.4236164465546608 7
      vertex -3.771432042121887 1.4476237520575523 7
    endloop
  endfacet
  facet normal 0 0 1
    outer loop
      vertex -3.9033487737178802 0.25085677206516266 7
      vertex -3.662199877202511 1.394643023610115 7
      vertex -3.7152247354388237 1.4236164465546608 7
    endloop
  endfacet
  facet normal 0 0 1
    outer loop
      vertex -3.8286109790205956 0.26695583760738373 7
      vertex -3.7686420008540154 0.28598199784755707 7
      vertex -3.6254965737462044 0.3623861223459244 7
    endloop
  endfacet
  facet normal 0 0 1
    outer loop
      vertex -3.7686420008540154 0.28598199784755707 7
      vertex -3.71768057346344 0.3081399202346802 7
      vertex -3.6699654310941696 0.3336079567670822 7
    endloop
  endfacet
  facet normal 0 0 1
    outer loop
      vertex -3.7686420008540154 0.28598199784755707 7
      vertex -3.6699654310941696 0.3336079567670822 7
      vertex -3.6254965737462044 0.3623861223459244 7
    endloop
  endfacet
  facet normal 0 0 1
    outer loop
      vertex -3.8286109790205956 0.26695583760738373 7
      vertex -3.6254965737462044 0.3623861223459244 7
      vertex -3.584274001419544 0.39447440952062607 7
    endloop
  endfacet
  facet normal 0 0 1
    outer loop
      vertex -3.9033487737178802 0.25085677206516266 7
      vertex -3.584274001419544 0.39447440952062607 7
      vertex -3.546297714114189 0.4298728182911873 7
    endloop
  endfacet
  facet normal 0 0 1
    outer loop
      vertex -3.9033487737178802 0.25085677206516266 7
      vertex -3.546297714114189 0.4298728182911873 7
      vertex -3.511567711830139 0.46858134865760803 7
    endloop
  endfacet
  facet normal 0 0 1
    outer loop
      vertex -3.9033487737178802 0.25085677206516266 7
      vertex -3.511567711830139 0.46858134865760803 7
      vertex -3.480084002017975 0.5106000006198883 7
    endloop
  endfacet
  facet normal 0 0 1
    outer loop
      vertex -3.9033487737178802 0.25085677206516266 7
      vertex -3.480084002017975 0.5106000006198883 7
      vertex -3.4523563235998154 0.5552913472056389 7
    endloop
  endfacet
  facet normal 0 0 1
    outer loop
      vertex -3.9033487737178802 0.25085677206516266 7
      vertex -3.4523563235998154 0.5552913472056389 7
      vertex -3.4288944453001022 0.6020179614424706 7
    endloop
  endfacet
  facet normal 0 0 1
    outer loop
      vertex -3.9033487737178802 0.25085677206516266 7
      vertex -3.4288944453001022 0.6020179614424706 7
      vertex -3.4096983671188354 0.6507798358798027 7
    endloop
  endfacet
  facet normal 0 0 1
    outer loop
      vertex -3.9033487737178802 0.25085677206516266 7
      vertex -3.4096983671188354 0.6507798358798027 7
      vertex -3.3947680816054344 0.7015769779682159 7
    endloop
  endfacet
  facet normal 0 0 1
    outer loop
      vertex -3.9033487737178802 0.25085677206516266 7
      vertex -3.3947680816054344 0.7015769779682159 7
      vertex -3.384103588759899 0.7544093877077103 7
    endloop
  endfacet
  facet normal 0 0 1
    outer loop
      vertex -3.9033487737178802 0.25085677206516266 7
      vertex -3.384103588759899 0.7544093877077103 7
      vertex -3.37770489603281 0.8092770576477051 7
    endloop
  endfacet
  facet normal 0 0 1
    outer loop
      vertex -3.9033487737178802 0.25085677206516266 7
      vertex -3.483313389122486 1.2298015505075455 7
      vertex -3.5222200006246567 1.2779259979724884 7
    endloop
  endfacet
  facet normal 0 0 1
    outer loop
      vertex -3.9033487737178802 0.25085677206516266 7
      vertex -3.450392410159111 1.1781116351485252 7
      vertex -3.483313389122486 1.2298015505075455 7
    endloop
  endfacet
  facet normal 0 0 1
    outer loop
      vertex -3.9033487737178802 0.25085677206516266 7
      vertex -3.37770489603281 0.8092770576477051 7
      vertex -3.3755720034241676 0.8661800026893616 7
    endloop
  endfacet
  facet normal 0 0 1
    outer loop
      vertex -3.9033487737178802 0.25085677206516266 7
      vertex -3.3755720034241676 0.8661800026893616 7
      vertex -3.3785648196935654 0.9356972649693489 7
    endloop
  endfacet
  facet normal 0 0 1
    outer loop
      vertex -3.9033487737178802 0.25085677206516266 7
      vertex -3.3785648196935654 0.9356972649693489 7
      vertex -3.3875432685017586 1.001649059355259 7
    endloop
  endfacet
  facet normal 0 0 1
    outer loop
      vertex -3.9033487737178802 0.25085677206516266 7
      vertex -3.3875432685017586 1.001649059355259 7
      vertex -3.4025073498487473 1.0640353858470917 7
    endloop
  endfacet
  facet normal 0 0 1
    outer loop
      vertex -3.9033487737178802 0.25085677206516266 7
      vertex -3.4025073498487473 1.0640353858470917 7
      vertex -3.4234570637345314 1.122856244444847 7
    endloop
  endfacet
  facet normal 0 0 1
    outer loop
      vertex -3.9033487737178802 0.25085677206516266 7
      vertex -3.4234570637345314 1.122856244444847 7
      vertex -3.450392410159111 1.1781116351485252 7
    endloop
  endfacet
  facet normal 0 0 1
    outer loop
      vertex -3.9033487737178802 0.25085677206516266 7
      vertex -3.6123574674129486 1.360703468322754 7
      vertex -3.662199877202511 1.394643023610115 7
    endloop
  endfacet
  facet normal 0 0 1
    outer loop
      vertex -3.9033487737178802 0.25085677206516266 7
      vertex -3.5656975135207176 1.3217977955937386 7
      vertex -3.6123574674129486 1.360703468322754 7
    endloop
  endfacet
  facet normal 0 0 1
    outer loop
      vertex -3.9033487737178802 0.25085677206516266 7
      vertex -3.5222200006246567 1.2779259979724884 7
      vertex -3.5656975135207176 1.3217977955937386 7
    endloop
  endfacet
  facet normal 0 0 1
    outer loop
      vertex -3.0341224521398544 2.0842374712228775 7
      vertex -2.940098449587822 2.020290896296501 7
      vertex -1.6658900007605553 2.285510003566742 7
    endloop
  endfacet
  facet normal 0 0 1
    outer loop
      vertex -8.338730685412884 7.7480365708470345 7
      vertex -3.347511999309063 2.2168779969215393 7
      vertex -3.2378292232751846 2.1825310215353966 7
    endloop
  endfacet
  facet normal 0 0 1
    outer loop
      vertex -8.338730685412884 7.7480365708470345 7
      vertex -3.2378292232751846 2.1825310215353966 7
      vertex -3.1333660408854485 2.138317510485649 7
    endloop
  endfacet
  facet normal 0 0 1
    outer loop
      vertex -8.338730685412884 7.7480365708470345 7
      vertex -3.1333660408854485 2.138317510485649 7
      vertex -3.0341224521398544 2.0842374712228775 7
    endloop
  endfacet
  facet normal 0 0 1
    outer loop
      vertex -8.338730685412884 7.7480365708470345 7
      vertex -3.0341224521398544 2.0842374712228775 7
      vertex -1.6658900007605553 2.285510003566742 7
    endloop
  endfacet
  facet normal 0 0 1
    outer loop
      vertex -8.338730685412884 7.7480365708470345 7
      vertex -1.6658900007605553 2.285510003566742 7
      vertex 1.7248620018363 2.285510003566742 7
    endloop
  endfacet
  facet normal 0 0 1
    outer loop
      vertex -1.6658900007605553 -2.2874879986047745 7
      vertex -1.6658900007605553 2.285510003566742 7
      vertex -2.4740668162703514 0.4412000849843025 7
    endloop
  endfacet
  facet normal 0 0 1
    outer loop
      vertex -2.4740668162703514 0.4412000849843025 7
      vertex -1.6658900007605553 2.285510003566742 7
      vertex -2.4522299617528915 0.5423606559634209 7
    endloop
  endfacet
  facet normal 0 0 1
    outer loop
      vertex -2.4522299617528915 0.5423606559634209 7
      vertex -1.6658900007605553 2.285510003566742 7
      vertex -2.436632201075554 0.6489961668848991 7
    endloop
  endfacet
  facet normal 0 0 1
    outer loop
      vertex -2.436632201075554 0.6489961668848991 7
      vertex -1.6658900007605553 2.285510003566742 7
      vertex -2.4272735491394997 0.7611066102981567 7
    endloop
  endfacet
  facet normal 0 0 1
    outer loop
      vertex -2.4458021596074104 1.174199752509594 7
      vertex -1.6658900007605553 2.285510003566742 7
      vertex -2.472862370312214 1.3096350207924843 7
    endloop
  endfacet
  facet normal 0 0 1
    outer loop
      vertex -2.5107466503977776 1.4368578791618347 7
      vertex -2.472862370312214 1.3096350207924843 7
      vertex -1.6658900007605553 2.285510003566742 7
    endloop
  endfacet
  facet normal 0 0 1
    outer loop
      vertex -2.559455022215843 1.5558683276176453 7
      vertex -1.6658900007605553 2.285510003566742 7
      vertex -2.6189874708652496 1.666666366159916 7
    endloop
  endfacet
  facet normal 0 0 1
    outer loop
      vertex -2.5107466503977776 1.4368578791618347 7
      vertex -1.6658900007605553 2.285510003566742 7
      vertex -2.559455022215843 1.5558683276176453 7
    endloop
  endfacet
  facet normal 0 0 1
    outer loop
      vertex -2.4272735491394997 0.7611066102981567 7
      vertex -1.6658900007605553 2.285510003566742 7
      vertex -2.4241539984941483 0.8786920011043549 7
    endloop
  endfacet
  facet normal 0 0 1
    outer loop
      vertex -2.4241539984941483 0.8786920011043549 7
      vertex -1.6658900007605553 2.285510003566742 7
      vertex -2.429566040635109 1.0305520817637444 7
    endloop
  endfacet
  facet normal 0 0 1
    outer loop
      vertex -2.429566040635109 1.0305520817637444 7
      vertex -1.6658900007605553 2.285510003566742 7
      vertex -2.4458021596074104 1.174199752509594 7
    endloop
  endfacet
  facet normal 0 0 1
    outer loop
      vertex -2.7677092254161835 1.862798161804676 7
      vertex -2.689343996345997 1.7692520022392273 7
      vertex -1.6658900007605553 2.285510003566742 7
    endloop
  endfacet
  facet normal 0 0 1
    outer loop
      vertex -2.940098449587822 2.020290896296501 7
      vertex -2.8512940406799316 1.9464777931571007 7
      vertex -1.6658900007605553 2.285510003566742 7
    endloop
  endfacet
  facet normal 0 0 1
    outer loop
      vertex -2.7677092254161835 1.862798161804676 7
      vertex -1.6658900007605553 2.285510003566742 7
      vertex -2.8512940406799316 1.9464777931571007 7
    endloop
  endfacet
  facet normal 0 0 1
    outer loop
      vertex -2.689343996345997 1.7692520022392273 7
      vertex -2.6189874708652496 1.666666366159916 7
      vertex -1.6658900007605553 2.285510003566742 7
    endloop
  endfacet
  facet normal 0 0 1
    outer loop
      vertex -8.338730685412884 7.7480365708470345 7
      vertex 7.399999998509884 8.571281291544437 7
      vertex -5.799999997019768 9 7
    endloop
  endfacet
  facet normal 0 0 -1
    outer loop
      vertex -6 -10 0
      vertex 6.522104769945145 -9.965779446065426 0
      vertex 6 -10 0
    endloop
  endfacet
  facet normal 0 -1 0
    outer loop
      vertex -6 -10 0
      vertex 6 -10 0
      vertex 6 -10 1
    endloop
  endfacet
  facet normal 0 0 -1
    outer loop
      vertex -8 -9.464101612567902 0
      vertex 10 -6 0
      vertex 6.522104769945145 -9.965779446065426 0
    endloop
  endfacet
  facet normal 0.06540312801222277 -0.9978589233184303 0
    outer loop
      vertex 6 -10 0
      vertex 6.522104769945145 -9.965779446065426 0
      vertex 6 -10 1
    endloop
  endfacet
  facet normal 0.1950903267663619 -0.9807852794583501 0
    outer loop
      vertex 6.522104769945145 -9.965779446065426 0
      vertex 7.035276181995869 -9.863703303039074 0
      vertex 7.035276181995869 -9.863703303039074 1
    endloop
  endfacet
  facet normal 0 0 -1
    outer loop
      vertex 6.522104769945145 -9.965779446065426 0
      vertex 7.530733726918697 -9.695518128573895 0
      vertex 7.035276181995869 -9.863703303039074 0
    endloop
  endfacet
  facet normal 0 0 -1
    outer loop
      vertex 6.522104769945145 -9.965779446065426 0
      vertex 8 -9.464101612567902 0
      vertex 7.530733726918697 -9.695518128573895 0
    endloop
  endfacet
  facet normal 0.32143946659727024 -0.9469301290558149 0
    outer loop
      vertex 7.035276181995869 -9.863703303039074 0
      vertex 7.530733726918697 -9.695518128573895 0
      vertex 7.530733726918697 -9.695518128573895 1
    endloop
  endfacet
  facet normal 0.06540312801222277 -0.9978589233184303 0
    outer loop
      vertex 6.522104769945145 -9.965779446065426 0
      vertex 6.522104769945145 -9.965779446065426 1
      vertex 6 -10 1
    endloop
  endfacet
  facet normal 0.1950903267663619 -0.9807852794583501 0
    outer loop
      vertex 6.522104769945145 -9.965779446065426 0
      vertex 7.035276181995869 -9.863703303039074 1
      vertex 6.522104769945145 -9.965779446065426 1
    endloop
  endfacet
  facet normal 0.32143946659727024 -0.9469301290558149 0
    outer loop
      vertex 7.035276181995869 -9.863703303039074 0
      vertex 7.530733726918697 -9.695518128573895 1
      vertex 7.035276181995869 -9.863703303039074 1
    endloop
  endfacet
  facet normal 0.44228868998100634 -0.8968727416500544 0
    outer loop
      vertex 7.530733726918697 -9.695518128573895 0
      vertex 8 -9.464101612567902 0
      vertex 8 -9.464101612567902 1
    endloop
  endfacet
  facet normal 0 0 -1
    outer loop
      vertex 6.522104769945145 -9.965779446065426 0
      vertex 9.17341335862875 -8.435045719146729 0
      vertex 8 -9.464101612567902 0
    endloop
  endfacet
  facet normal 0 0 -1
    outer loop
      vertex 8 -9.464101612567902 0
      vertex 9.17341335862875 -8.435045719146729 0
      vertex 8.435045719146729 -9.17341335862875 0
    endloop
  endfacet
  facet normal 0.5555702302277682 -0.831469614167989 0
    outer loop
      vertex 8 -9.464101612567902 0
      vertex 8.435045719146729 -9.17341335862875 0
      vertex 8.435045719146729 -9.17341335862875 1
    endloop
  endfacet
  facet normal 0.6593458228172265 -0.7518398007112116 0
    outer loop
      vertex 8.435045719146729 -9.17341335862875 0
      vertex 8.828427121043205 -8.828427121043205 0
      vertex 8.828427121043205 -8.828427121043205 1
    endloop
  endfacet
  facet normal 0.44228868998100634 -0.8968727416500544 0
    outer loop
      vertex 7.530733726918697 -9.695518128573895 0
      vertex 8 -9.464101612567902 1
      vertex 7.530733726918697 -9.695518128573895 1
    endloop
  endfacet
  facet normal 0.5555702302277682 -0.831469614167989 0
    outer loop
      vertex 8 -9.464101612567902 0
      vertex 8.435045719146729 -9.17341335862875 1
      vertex 8 -9.464101612567902 1
    endloop
  endfacet
  facet normal 0.6593458228172265 -0.7518398007112116 0
    outer loop
      vertex 8.435045719146729 -9.17341335862875 0
      vertex 8.828427121043205 -8.828427121043205 1
      vertex 8.435045719146729 -9.17341335862875 1
    endloop
  endfacet
  facet normal 0 0 -1
    outer loop
      vertex 6.522104769945145 -9.965779446065426 0
      vertex 10 -6 0
      vertex 9.17341335862875 -8.435045719146729 0
    endloop
  endfacet
  facet normal 0 0 -1
    outer loop
      vertex 8.435045719146729 -9.17341335862875 0
      vertex 9.17341335862875 -8.435045719146729 0
      vertex 8.828427121043205 -8.828427121043205 0
    endloop
  endfacet
  facet normal 0.7518398007112116 -0.6593458228172265 0
    outer loop
      vertex 8.828427121043205 -8.828427121043205 0
      vertex 9.17341335862875 -8.435045719146729 0
      vertex 8.828427121043205 -8.828427121043205 1
    endloop
  endfacet
  facet normal 0.831469614167989 -0.5555702302277682 0
    outer loop
      vertex 9.17341335862875 -8.435045719146729 0
      vertex 9.464101612567902 -8 0
      vertex 9.464101612567902 -8 1
    endloop
  endfacet
  facet normal 0 0 -1
    outer loop
      vertex 9.17341335862875 -8.435045719146729 0
      vertex 9.695518128573895 -7.530733726918697 0
      vertex 9.464101612567902 -8 0
    endloop
  endfacet
  facet normal 0.8968727416500544 -0.44228868998100634 0
    outer loop
      vertex 9.464101612567902 -8 0
      vertex 9.695518128573895 -7.530733726918697 0
      vertex 9.695518128573895 -7.530733726918697 1
    endloop
  endfacet
  facet normal 0.7518398007112116 -0.6593458228172265 0
    outer loop
      vertex 9.17341335862875 -8.435045719146729 0
      vertex 9.17341335862875 -8.435045719146729 1
      vertex 8.828427121043205 -8.828427121043205 1
    endloop
  endfacet
  facet normal 0.831469614167989 -0.5555702302277682 0
    outer loop
      vertex 9.17341335862875 -8.435045719146729 0
      vertex 9.464101612567902 -8 1
      vertex 9.17341335862875 -8.435045719146729 1
    endloop
  endfacet
  facet normal 0.8968727416500544 -0.44228868998100634 0
    outer loop
      vertex 9.464101612567902 -8 0
      vertex 9.695518128573895 -7.530733726918697 1
      vertex 9.464101612567902 -8 1
    endloop
  endfacet
  facet normal 0 0 -1
    outer loop
      vertex 9.17341335862875 -8.435045719146729 0
      vertex 10 -6 0
      vertex 9.695518128573895 -7.530733726918697 0
    endloop
  endfacet
  facet normal 0 0 -1
    outer loop
      vertex 9.695518128573895 -7.530733726918697 0
      vertex 9.965779446065426 -6.522104769945145 0
      vertex 9.863703303039074 -7.035276181995869 0
    endloop
  endfacet
  facet normal 0.9469301290558149 -0.32143946659727024 0
    outer loop
      vertex 9.695518128573895 -7.530733726918697 0
      vertex 9.863703303039074 -7.035276181995869 0
      vertex 9.863703303039074 -7.035276181995869 1
    endloop
  endfacet
  facet normal 0 0 -1
    outer loop
      vertex 9.695518128573895 -7.530733726918697 0
      vertex 10 -6 0
      vertex 9.965779446065426 -6.522104769945145 0
    endloop
  endfacet
  facet normal 0.9807852794583501 -0.1950903267663619 0
    outer loop
      vertex 9.863703303039074 -7.035276181995869 0
      vertex 9.965779446065426 -6.522104769945145 0
      vertex 9.863703303039074 -7.035276181995869 1
    endloop
  endfacet
  facet normal 0.9469301290558149 -0.32143946659727024 0
    outer loop
      vertex 9.695518128573895 -7.530733726918697 0
      vertex 9.863703303039074 -7.035276181995869 1
      vertex 9.695518128573895 -7.530733726918697 1
    endloop
  endfacet
  facet normal 0.9807852794583501 -0.1950903267663619 0
    outer loop
      vertex 9.965779446065426 -6.522104769945145 0
      vertex 9.965779446065426 -6.522104769945145 1
      vertex 9.863703303039074 -7.035276181995869 1
    endloop
  endfacet
  facet normal 0.9978589233184303 -0.06540312801222277 0
    outer loop
      vertex 9.965779446065426 -6.522104769945145 0
      vertex 10 -6 1
      vertex 9.965779446065426 -6.522104769945145 1
    endloop
  endfacet
  facet normal 0.9978589233184303 -0.06540312801222277 0
    outer loop
      vertex 9.965779446065426 -6.522104769945145 0
      vertex 10 -6 0
      vertex 10 -6 1
    endloop
  endfacet
  facet normal 0.06449407807523447 -0.9839895011832029 0.16614805281572556
    outer loop
      vertex 6 -10 1
      vertex 6.522104769945145 -9.965779446065426 1
      vertex 6.217683814466 -8.97262355685234 7
    endloop
  endfacet
  facet normal 0.19225920855332887 -0.966552287419362 0.16974413807506444
    outer loop
      vertex 6.522104769945145 -9.965779446065426 1
      vertex 7.035276181995869 -9.863703303039074 1
      vertex 6.217683814466 -8.97262355685234 7
    endloop
  endfacet
  facet normal 0.31661008083938413 -0.9327032174466533 0.17269268912012384
    outer loop
      vertex 7.035276181995869 -9.863703303039074 1
      vertex 7.530733726918697 -9.695518128573895 1
      vertex 7.024586983025074 -8.756414502859116 7
    endloop
  endfacet
  facet normal 0.4354677046840574 -0.8830411517346712 0.1749462846713351
    outer loop
      vertex 7.530733726918697 -9.695518128573895 1
      vertex 8 -9.464101612567902 1
      vertex 7.399999998509884 -8.571281291544437 7
    endloop
  endfacet
  facet normal 0.5468512314872876 -0.8184207103134639 0.17646889683692712
    outer loop
      vertex 8 -9.464101612567902 1
      vertex 8.435045719146729 -9.17341335862875 1
      vertex 7.399999998509884 -8.571281291544437 7
    endloop
  endfacet
  facet normal 0.6489072755810877 -0.739936919094096 0.1772362927265961
    outer loop
      vertex 8.435045719146729 -9.17341335862875 1
      vertex 8.828427121043205 -8.828427121043205 1
      vertex 8.062741696834564 -8.062741696834564 7
    endloop
  endfacet
  facet normal 0.739936919094096 -0.6489072755810877 0.1772362927265961
    outer loop
      vertex 8.828427121043205 -8.828427121043205 1
      vertex 9.17341335862875 -8.435045719146729 1
      vertex 8.062741696834564 -8.062741696834564 7
    endloop
  endfacet
  facet normal 0.8184207103134639 -0.5468512314872876 0.17646889683692712
    outer loop
      vertex 9.17341335862875 -8.435045719146729 1
      vertex 9.464101612567902 -8 1
      vertex 8.571281291544437 -7.399999998509884 7
    endloop
  endfacet
  facet normal 0.8830411517346712 -0.4354677046840574 0.1749462846713351
    outer loop
      vertex 9.464101612567902 -8 1
      vertex 9.695518128573895 -7.530733726918697 1
      vertex 8.571281291544437 -7.399999998509884 7
    endloop
  endfacet
  facet normal 0.9327032174466533 -0.31661008083938413 0.17269268912012384
    outer loop
      vertex 9.695518128573895 -7.530733726918697 1
      vertex 9.863703303039074 -7.035276181995869 1
      vertex 8.756414502859116 -7.024586983025074 7
    endloop
  endfacet
  facet normal 0.966552287419362 -0.19225920855332887 0.16974413807506444
    outer loop
      vertex 9.863703303039074 -7.035276181995869 1
      vertex 9.965779446065426 -6.522104769945145 1
      vertex 8.97262355685234 -6.217683814466 7
    endloop
  endfacet
  facet normal 0.9839895011832029 -0.06449407807523447 0.16614805281572556
    outer loop
      vertex 9.965779446065426 -6.522104769945145 1
      vertex 10 -6 1
      vertex 8.97262355685234 -6.217683814466 7
    endloop
  endfacet
  facet normal 1 0 0
    outer loop
      vertex 10 -6 0
      vertex 10 6 1
      vertex 10 -6 1
    endloop
  endfacet
  facet normal 0.9863939238321437 0 0.1643989873053573
    outer loop
      vertex 10 -6 1
      vertex 10 6 1
      vertex 9 -5.799999997019768 7
    endloop
  endfacet
  facet normal 0 -0.9863939238321437 0.1643989873053573
    outer loop
      vertex -5.799999997019768 -9 7
      vertex 6 -10 1
      vertex 5.799999997019768 -9 7
    endloop
  endfacet
  facet normal 0 0 1
    outer loop
      vertex -7.399999998509884 -8.571281291544437 7
      vertex 5.799999997019768 -9 7
      vertex 8.338730685412884 -7.7480365708470345 7
    endloop
  endfacet
  facet normal 0 0 1
    outer loop
      vertex -0.7425319999456406 -1.5169880017638206 7
      vertex 1.8122159987688065 -1.5169880017638206 7
      vertex -0.7425319999456406 -0.272366002202034 7
    endloop
  endfacet
  facet normal 0 0 1
    outer loop
      vertex -0.7425319999456406 -0.272366002202034 7
      vertex 1.8122159987688065 -1.5169880017638206 7
      vertex 1.55332800000906 -0.272366002202034 7
    endloop
  endfacet
  facet normal 0 0 1
    outer loop
      vertex 1.8122159987688065 -2.2874879986047745 7
      vertex 2.595458000898361 -2.2874879986047745 7
      vertex 1.8122159987688065 -1.5169880017638206 7
    endloop
  endfacet
  facet normal 0 0 1
    outer loop
      vertex 1.8122159987688065 -1.5169880017638206 7
      vertex 2.595458000898361 -2.2874879986047745 7
      vertex 2.595458000898361 2.285510003566742 7
    endloop
  endfacet
  facet normal 0 0 1
    outer loop
      vertex -1.6658900007605553 -2.2874879986047745 7
      vertex 8.338730685412884 -7.7480365708470345 7
      vertex 1.8122159987688065 -2.2874879986047745 7
    endloop
  endfacet
  facet normal 0 0 1
    outer loop
      vertex 1.8122159987688065 -2.2874879986047745 7
      vertex 8.338730685412884 -7.7480365708470345 7
      vertex 2.595458000898361 -2.2874879986047745 7
    endloop
  endfacet
  facet normal 0 0 1
    outer loop
      vertex 3.518816001713276 -1.5169880017638206 7
      vertex 6.073564000427723 -1.5169880017638206 7
      vertex 3.518816001713276 -0.272366002202034 7
    endloop
  endfacet
  facet normal 0.06449407784601494 -0.9839895011964398 0.16614805282630835
    outer loop
      vertex 6 -10 1
      vertex 6.217683814466 -8.97262355685234 7
      vertex 5.799999997019768 -9 7
    endloop
  endfacet
  facet normal 0.19225922131806228 -0.9665522846471342 0.16974413940274316
    outer loop
      vertex 7.035276181995869 -9.863703303039074 1
      vertex 6.628220938146114 -8.89096263796091 7
      vertex 6.217683814466 -8.97262355685234 7
    endloop
  endfacet
  facet normal 0.31661006495047206 -0.9327032226670733 0.172692690055236
    outer loop
      vertex 7.035276181995869 -9.863703303039074 1
      vertex 7.024586983025074 -8.756414502859116 7
      vertex 6.628220938146114 -8.89096263796091 7
    endloop
  endfacet
  facet normal 0.43546770464519824 -0.8830411517533103 0.17494628467398085
    outer loop
      vertex 7.530733726918697 -9.695518128573895 1
      vertex 7.399999998509884 -8.571281291544437 7
      vertex 7.024586983025074 -8.756414502859116 7
    endloop
  endfacet
  facet normal 0.5468512394873792 -0.8184207047899221 0.17646889766268697
    outer loop
      vertex 8.435045719146729 -9.17341335862875 1
      vertex 7.7480365708470345 -8.338730685412884 7
      vertex 7.399999998509884 -8.571281291544437 7
    endloop
  endfacet
  facet normal 0.6489072683073108 -0.7399369253057156 0.1772362934250983
    outer loop
      vertex 8.435045719146729 -9.17341335862875 1
      vertex 8.062741696834564 -8.062741696834564 7
      vertex 7.7480365708470345 -8.338730685412884 7
    endloop
  endfacet
  facet normal 0.7399369253057156 -0.6489072683073108 0.1772362934250983
    outer loop
      vertex 9.17341335862875 -8.435045719146729 1
      vertex 8.338730685412884 -7.7480365708470345 7
      vertex 8.062741696834564 -8.062741696834564 7
    endloop
  endfacet
  facet normal 0.8184207047899221 -0.5468512394873792 0.17646889766268697
    outer loop
      vertex 9.17341335862875 -8.435045719146729 1
      vertex 8.571281291544437 -7.399999998509884 7
      vertex 8.338730685412884 -7.7480365708470345 7
    endloop
  endfacet
  facet normal 0.8830411517533103 -0.43546770464519824 0.17494628467398085
    outer loop
      vertex 9.695518128573895 -7.530733726918697 1
      vertex 8.756414502859116 -7.024586983025074 7
      vertex 8.571281291544437 -7.399999998509884 7
    endloop
  endfacet
  facet normal 0.9327032226670733 -0.31661006495047206 0.172692690055236
    outer loop
      vertex 9.863703303039074 -7.035276181995869 1
      vertex 8.89096263796091 -6.628220938146114 7
      vertex 8.756414502859116 -7.024586983025074 7
    endloop
  endfacet
  facet normal 0.9665522846471342 -0.19225922131806228 0.16974413940274316
    outer loop
      vertex 9.863703303039074 -7.035276181995869 1
      vertex 8.97262355685234 -6.217683814466 7
      vertex 8.89096263796091 -6.628220938146114 7
    endloop
  endfacet
  facet normal 0.9839895011964398 -0.06449407784601494 0.16614805282630835
    outer loop
      vertex 10 -6 1
      vertex 9 -5.799999997019768 7
      vertex 8.97262355685234 -6.217683814466 7
    endloop
  endfacet
  facet normal 0 0 1
    outer loop
      vertex 5.799999997019768 -9 7
      vertex 6.217683814466 -8.97262355685234 7
      vertex 7.024586983025074 -8.756414502859116 7
    endloop
  endfacet
  facet normal 0 0 1
    outer loop
      vertex 6.217683814466 -8.97262355685234 7
      vertex 6.628220938146114 -8.89096263796091 7
      vertex 7.024586983025074 -8.756414502859116 7
    endloop
  endfacet
  facet normal 0 0 1
    outer loop
      vertex 5.799999997019768 -9 7
      vertex 7.024586983025074 -8.756414502859116 7
      vertex 7.399999998509884 -8.571281291544437 7
    endloop
  endfacet
  facet normal 0 0 1
    outer loop
      vertex 5.799999997019768 -9 7
      vertex 7.399999998509884 -8.571281291544437 7
      vertex 8.338730685412884 -7.7480365708470345 7
    endloop
  endfacet
  facet normal 0 0 1
    outer loop
      vertex 7.399999998509884 -8.571281291544437 7
      vertex 7.7480365708470345 -8.338730685412884 7
      vertex 8.338730685412884 -7.7480365708470345 7
    endloop
  endfacet
  facet normal 0 0 1
    outer loop
      vertex 7.7480365708470345 -8.338730685412884 7
      vertex 8.062741696834564 -8.062741696834564 7
      vertex 8.338730685412884 -7.7480365708470345 7
    endloop
  endfacet
  facet normal 0 0 1
    outer loop
      vertex 8.338730685412884 -7.7480365708470345 7
      vertex 8.571281291544437 -7.399999998509884 7
      vertex 8.756414502859116 -7.024586983025074 7
    endloop
  endfacet
  facet normal 0 0 1
    outer loop
      vertex 8.338730685412884 -7.7480365708470345 7
      vertex 8.756414502859116 -7.024586983025074 7
      vertex 9 -5.799999997019768 7
    endloop
  endfacet
  facet normal 0 0 1
    outer loop
      vertex 8.756414502859116 -7.024586983025074 7
      vertex 8.89096263796091 -6.628220938146114 7
      vertex 8.97262355685234 -6.217683814466 7
    endloop
  endfacet
  facet normal 0 0 1
    outer loop
      vertex 8.756414502859116 -7.024586983025074 7
      vertex 8.97262355685234 -6.217683814466 7
      vertex 9 -5.799999997019768 7
    endloop
  endfacet
  facet normal 0 0 1
    outer loop
      vertex 2.595458000898361 -2.2874879986047745 7
      vertex 8.338730685412884 -7.7480365708470345 7
      vertex 6.073564000427723 -2.2874879986047745 7
    endloop
  endfacet
  facet normal 0 0 1
    outer loop
      vertex 8.338730685412884 -7.7480365708470345 7
      vertex 6.073564000427723 -1.5169880017638206 7
      vertex 6.073564000427723 -2.2874879986047745 7
    endloop
  endfacet
  facet normal 0 0 1
    outer loop
      vertex 8.338730685412884 -7.7480365708470345 7
      vertex 5.814676001667976 -0.272366002202034 7
      vertex 6.073564000427723 -1.5169880017638206 7
    endloop
  endfacet
  facet normal 0 0 1
    outer loop
      vertex 8.338730685412884 -7.7480365708470345 7
      vertex 5.814676001667976 0.4981340020895004 7
      vertex 5.814676001667976 -0.272366002202034 7
    endloop
  endfacet
  facet normal 0 0 1
    outer loop
      vertex 3.518816001713276 -0.272366002202034 7
      vertex 6.073564000427723 -1.5169880017638206 7
      vertex 5.814676001667976 -0.272366002202034 7
    endloop
  endfacet
  facet normal 0 0 1
    outer loop
      vertex 8.338730685412884 -7.7480365708470345 7
      vertex 5.986210003495216 1.5119279995560646 7
      vertex 5.814676001667976 0.4981340020895004 7
    endloop
  endfacet
  facet normal 0 0 1
    outer loop
      vertex 8.338730685412884 -7.7480365708470345 7
      vertex 5.986210003495216 2.285510003566742 7
      vertex 5.986210003495216 1.5119279995560646 7
    endloop
  endfacet
  facet normal 0 0 1
    outer loop
      vertex 8.338730685412884 -7.7480365708470345 7
      vertex 9 -5.799999997019768 7
      vertex 9 5.799999997019768 7
    endloop
  endfacet
  facet normal 0 0 -1
    outer loop
      vertex -10 6 0
      vertex 8 9.464101612567902 0
      vertex 10 -6 0
    endloop
  endfacet
  facet normal 0 0 -1
    outer loop
      vertex -6.522104769945145 9.965779446065426 0
      vertex 6 10 0
      vertex 8 9.464101612567902 0
    endloop
  endfacet
  facet normal 0 1 0
    outer loop
      vertex -6 10 1
      vertex 6 10 1
      vertex 6 10 0
    endloop
  endfacet
  facet normal 0 0 -1
    outer loop
      vertex 10 -6 0
      vertex 9.965779446065426 6.522104769945145 0
      vertex 10 6 0
    endloop
  endfacet
  facet normal 1 0 0
    outer loop
      vertex 10 -6 0
      vertex 10 6 0
      vertex 10 6 1
    endloop
  endfacet
  facet normal 0 0 -1
    outer loop
      vertex 10 -6 0
      vertex 8 9.464101612567902 0
      vertex 9.965779446065426 6.522104769945145 0
    endloop
  endfacet
  facet normal 0.06540312801222277 0.9978589233184303 0
    outer loop
      vertex 6 10 0
      vertex 6 10 1
      vertex 6.522104769945145 9.965779446065426 1
    endloop
  endfacet
  facet normal 0 0 -1
    outer loop
      vertex 6 10 0
      vertex 6.522104769945145 9.965779446065426 0
      vertex 7.035276181995869 9.863703303039074 0
    endloop
  endfacet
  facet normal 0.06540312801222277 0.9978589233184303 0
    outer loop
      vertex 6 10 0
      vertex 6.522104769945145 9.965779446065426 1
      vertex 6.522104769945145 9.965779446065426 0
    endloop
  endfacet
  facet normal 0.1950903267663619 0.9807852794583501 0
    outer loop
      vertex 6.522104769945145 9.965779446065426 0
      vertex 6.522104769945145 9.965779446065426 1
      vertex 7.035276181995869 9.863703303039074 0
    endloop
  endfacet
  facet normal 0 0 -1
    outer loop
      vertex 6 10 0
      vertex 7.035276181995869 9.863703303039074 0
      vertex 8 9.464101612567902 0
    endloop
  endfacet
  facet normal 0.32143946659727024 0.9469301290558149 0
    outer loop
      vertex 7.035276181995869 9.863703303039074 0
      vertex 7.530733726918697 9.695518128573895 1
      vertex 7.530733726918697 9.695518128573895 0
    endloop
  endfacet
  facet normal 0.1950903267663619 0.9807852794583501 0
    outer loop
      vertex 7.035276181995869 9.863703303039074 0
      vertex 6.522104769945145 9.965779446065426 1
      vertex 7.035276181995869 9.863703303039074 1
    endloop
  endfacet
  facet normal 0.32143946659727024 0.9469301290558149 0
    outer loop
      vertex 7.035276181995869 9.863703303039074 0
      vertex 7.035276181995869 9.863703303039074 1
      vertex 7.530733726918697 9.695518128573895 1
    endloop
  endfacet
  facet normal 0.9978589233184303 0.06540312801222277 0
    outer loop
      vertex 10 6 0
      vertex 9.965779446065426 6.522104769945145 1
      vertex 10 6 1
    endloop
  endfacet
  facet normal 0.9978589233184303 0.06540312801222277 0
    outer loop
      vertex 10 6 0
      vertex 9.965779446065426 6.522104769945145 0
      vertex 9.965779446065426 6.522104769945145 1
    endloop
  endfacet
  facet normal 0.9807852794583501 0.1950903267663619 0
    outer loop
      vertex 9.965779446065426 6.522104769945145 0
      vertex 9.863703303039074 7.035276181995869 0
      vertex 9.863703303039074 7.035276181995869 1
    endloop
  endfacet
  facet normal 0 0 -1
    outer loop
      vertex 9.965779446065426 6.522104769945145 0
      vertex 9.17341335862875 8.435045719146729 0
      vertex 9.695518128573895 7.530733726918697 0
    endloop
  endfacet
  facet normal 0 0 -1
    outer loop
      vertex 9.965779446065426 6.522104769945145 0
      vertex 9.695518128573895 7.530733726918697 0
      vertex 9.863703303039074 7.035276181995869 0
    endloop
  endfacet
  facet normal 0.9469301290558149 0.32143946659727024 0
    outer loop
      vertex 9.863703303039074 7.035276181995869 0
      vertex 9.695518128573895 7.530733726918697 0
      vertex 9.863703303039074 7.035276181995869 1
    endloop
  endfacet
  facet normal 0.9807852794583501 0.1950903267663619 0
    outer loop
      vertex 9.965779446065426 6.522104769945145 0
      vertex 9.863703303039074 7.035276181995869 1
      vertex 9.965779446065426 6.522104769945145 1
    endloop
  endfacet
  facet normal 0.9469301290558149 0.32143946659727024 0
    outer loop
      vertex 9.863703303039074 7.035276181995869 1
      vertex 9.695518128573895 7.530733726918697 0
      vertex 9.695518128573895 7.530733726918697 1
    endloop
  endfacet
  facet normal 0 0 -1
    outer loop
      vertex 7.035276181995869 9.863703303039074 0
      vertex 7.530733726918697 9.695518128573895 0
      vertex 8 9.464101612567902 0
    endloop
  endfacet
  facet normal 0.44228868998100634 0.8968727416500544 0
    outer loop
      vertex 7.530733726918697 9.695518128573895 0
      vertex 7.530733726918697 9.695518128573895 1
      vertex 8 9.464101612567902 0
    endloop
  endfacet
  facet normal 0 0 -1
    outer loop
      vertex 8 9.464101612567902 0
      vertex 8.435045719146729 9.17341335862875 0
      vertex 9.17341335862875 8.435045719146729 0
    endloop
  endfacet
  facet normal 0.5555702302277682 0.831469614167989 0
    outer loop
      vertex 8 9.464101612567902 0
      vertex 8.435045719146729 9.17341335862875 1
      vertex 8.435045719146729 9.17341335862875 0
    endloop
  endfacet
  facet normal 0.6593458228172265 0.7518398007112116 0
    outer loop
      vertex 8.435045719146729 9.17341335862875 0
      vertex 8.828427121043205 8.828427121043205 1
      vertex 8.828427121043205 8.828427121043205 0
    endloop
  endfacet
  facet normal 0.44228868998100634 0.8968727416500544 0
    outer loop
      vertex 8 9.464101612567902 0
      vertex 7.530733726918697 9.695518128573895 1
      vertex 8 9.464101612567902 1
    endloop
  endfacet
  facet normal 0.5555702302277682 0.831469614167989 0
    outer loop
      vertex 8 9.464101612567902 0
      vertex 8 9.464101612567902 1
      vertex 8.435045719146729 9.17341335862875 1
    endloop
  endfacet
  facet normal 0.6593458228172265 0.7518398007112116 0
    outer loop
      vertex 8.435045719146729 9.17341335862875 0
      vertex 8.435045719146729 9.17341335862875 1
      vertex 8.828427121043205 8.828427121043205 1
    endloop
  endfacet
  facet normal 0 0 -1
    outer loop
      vertex 9.965779446065426 6.522104769945145 0
      vertex 8 9.464101612567902 0
      vertex 9.17341335862875 8.435045719146729 0
    endloop
  endfacet
  facet normal 0.7518398007112116 0.6593458228172265 0
    outer loop
      vertex 9.17341335862875 8.435045719146729 0
      vertex 8.828427121043205 8.828427121043205 0
      vertex 8.828427121043205 8.828427121043205 1
    endloop
  endfacet
  facet normal 0.831469614167989 0.5555702302277682 0
    outer loop
      vertex 9.17341335862875 8.435045719146729 0
      vertex 9.464101612567902 8 1
      vertex 9.464101612567902 8 0
    endloop
  endfacet
  facet normal 0 0 -1
    outer loop
      vertex 9.17341335862875 8.435045719146729 0
      vertex 9.464101612567902 8 0
      vertex 9.695518128573895 7.530733726918697 0
    endloop
  endfacet
  facet normal 0.8968727416500544 0.44228868998100634 0
    outer loop
      vertex 9.464101612567902 8 0
      vertex 9.695518128573895 7.530733726918697 1
      vertex 9.695518128573895 7.530733726918697 0
    endloop
  endfacet
  facet normal 0.7518398007112116 0.6593458228172265 0
    outer loop
      vertex 9.17341335862875 8.435045719146729 0
      vertex 8.828427121043205 8.828427121043205 1
      vertex 9.17341335862875 8.435045719146729 1
    endloop
  endfacet
  facet normal 0.831469614167989 0.5555702302277682 0
    outer loop
      vertex 9.17341335862875 8.435045719146729 0
      vertex 9.17341335862875 8.435045719146729 1
      vertex 9.464101612567902 8 1
    endloop
  endfacet
  facet normal 0.8968727416500544 0.44228868998100634 0
    outer loop
      vertex 9.464101612567902 8 0
      vertex 9.464101612567902 8 1
      vertex 9.695518128573895 7.530733726918697 1
    endloop
  endfacet
  facet normal 0 0 -1
    outer loop
      vertex 8.435045719146729 9.17341335862875 0
      vertex 8.828427121043205 8.828427121043205 0
      vertex 9.17341335862875 8.435045719146729 0
    endloop
  endfacet
  facet normal 0.06449407807523447 0.9839895011832029 0.16614805281572556
    outer loop
      vertex 6 10 1
      vertex 6.217683814466 8.97262355685234 7
      vertex 6.522104769945145 9.965779446065426 1
    endloop
  endfacet
  facet normal 0.19225920855332887 0.966552287419362 0.16974413807506444
    outer loop
      vertex 6.522104769945145 9.965779446065426 1
      vertex 6.217683814466 8.97262355685234 7
      vertex 7.035276181995869 9.863703303039074 1
    endloop
  endfacet
  facet normal 0.31661008083938413 0.9327032174466533 0.17269268912012384
    outer loop
      vertex 7.035276181995869 9.863703303039074 1
      vertex 7.024586983025074 8.756414502859116 7
      vertex 7.530733726918697 9.695518128573895 1
    endloop
  endfacet
  facet normal 0.9839895011832029 0.06449407807523447 0.16614805281572556
    outer loop
      vertex 10 6 1
      vertex 9.965779446065426 6.522104769945145 1
      vertex 8.97262355685234 6.217683814466 7
    endloop
  endfacet
  facet normal 0.966552287419362 0.19225920855332887 0.16974413807506444
    outer loop
      vertex 9.965779446065426 6.522104769945145 1
      vertex 9.863703303039074 7.035276181995869 1
      vertex 8.97262355685234 6.217683814466 7
    endloop
  endfacet
  facet normal 0.9327032174466533 0.31661008083938413 0.17269268912012384
    outer loop
      vertex 9.863703303039074 7.035276181995869 1
      vertex 9.695518128573895 7.530733726918697 1
      vertex 8.756414502859116 7.024586983025074 7
    endloop
  endfacet
  facet normal 0.6489072755810877 0.739936919094096 0.1772362927265961
    outer loop
      vertex 8.435045719146729 9.17341335862875 1
      vertex 8.062741696834564 8.062741696834564 7
      vertex 8.828427121043205 8.828427121043205 1
    endloop
  endfacet
  facet normal 0.739936919094096 0.6489072755810877 0.1772362927265961
    outer loop
      vertex 9.17341335862875 8.435045719146729 1
      vertex 8.828427121043205 8.828427121043205 1
      vertex 8.062741696834564 8.062741696834564 7
    endloop
  endfacet
  facet normal 0.4354677046840574 0.8830411517346712 0.1749462846713351
    outer loop
      vertex 7.530733726918697 9.695518128573895 1
      vertex 7.399999998509884 8.571281291544437 7
      vertex 8 9.464101612567902 1
    endloop
  endfacet
  facet normal 0.5468512314872876 0.8184207103134639 0.17646889683692712
    outer loop
      vertex 8 9.464101612567902 1
      vertex 7.399999998509884 8.571281291544437 7
      vertex 8.435045719146729 9.17341335862875 1
    endloop
  endfacet
  facet normal 0.8830411517346712 0.4354677046840574 0.1749462846713351
    outer loop
      vertex 9.464101612567902 8 1
      vertex 8.571281291544437 7.399999998509884 7
      vertex 9.695518128573895 7.530733726918697 1
    endloop
  endfacet
  facet normal 0.8184207103134639 0.5468512314872876 0.17646889683692712
    outer loop
      vertex 9.17341335862875 8.435045719146729 1
      vertex 8.571281291544437 7.399999998509884 7
      vertex 9.464101612567902 8 1
    endloop
  endfacet
  facet normal 0 0 1
    outer loop
      vertex -0.7425319999456406 0.4981340020895004 7
      vertex 1.55332800000906 0.4981340020895004 7
      vertex -0.7425319999456406 1.5119279995560646 7
    endloop
  endfacet
  facet normal 0 0 1
    outer loop
      vertex -0.7425319999456406 1.5119279995560646 7
      vertex 1.55332800000906 0.4981340020895004 7
      vertex 1.7248620018363 1.5119279995560646 7
    endloop
  endfacet
  facet normal 0 0 1
    outer loop
      vertex 1.8122159987688065 -1.5169880017638206 7
      vertex 2.595458000898361 2.285510003566742 7
      vertex 1.55332800000906 -0.272366002202034 7
    endloop
  endfacet
  facet normal 0 0 1
    outer loop
      vertex 1.55332800000906 -0.272366002202034 7
      vertex 2.595458000898361 2.285510003566742 7
      vertex 1.55332800000906 0.4981340020895004 7
    endloop
  endfacet
  facet normal 0 0 1
    outer loop
      vertex 1.55332800000906 0.4981340020895004 7
      vertex 2.595458000898361 2.285510003566742 7
      vertex 1.7248620018363 1.5119279995560646 7
    endloop
  endfacet
  facet normal 0 0 1
    outer loop
      vertex 3.518816001713276 0.4981340020895004 7
      vertex 5.814676001667976 0.4981340020895004 7
      vertex 3.518816001713276 1.5119279995560646 7
    endloop
  endfacet
  facet normal 0 0 1
    outer loop
      vertex 1.7248620018363 1.5119279995560646 7
      vertex 7.399999998509884 8.571281291544437 7
      vertex 1.7248620018363 2.285510003566742 7
    endloop
  endfacet
  facet normal 0 0 1
    outer loop
      vertex 1.7248620018363 1.5119279995560646 7
      vertex 2.595458000898361 2.285510003566742 7
      vertex 7.399999998509884 8.571281291544437 7
    endloop
  endfacet
  facet normal 0 0.9863939238321437 0.1643989873053573
    outer loop
      vertex -5.799999997019768 9 7
      vertex 5.799999997019768 9 7
      vertex 6 10 1
    endloop
  endfacet
  facet normal 0 0 1
    outer loop
      vertex -8.338730685412884 7.7480365708470345 7
      vertex 1.7248620018363 2.285510003566742 7
      vertex 7.399999998509884 8.571281291544437 7
    endloop
  endfacet
  facet normal 0 0 1
    outer loop
      vertex -5.799999997019768 9 7
      vertex 7.399999998509884 8.571281291544437 7
      vertex 5.799999997019768 9 7
    endloop
  endfacet
  facet normal 0.9863939238321437 0 0.1643989873053573
    outer loop
      vertex 9 -5.799999997019768 7
      vertex 10 6 1
      vertex 9 5.799999997019768 7
    endloop
  endfacet
  facet normal 0 0 1
    outer loop
      vertex 3.518816001713276 1.5119279995560646 7
      vertex 5.814676001667976 0.4981340020895004 7
      vertex 5.986210003495216 1.5119279995560646 7
    endloop
  endfacet
  facet normal 0 0 1
    outer loop
      vertex 8.338730685412884 -7.7480365708470345 7
      vertex 7.399999998509884 8.571281291544437 7
      vertex 5.986210003495216 2.285510003566742 7
    endloop
  endfacet
  facet normal 0 0 1
    outer loop
      vertex 2.595458000898361 2.285510003566742 7
      vertex 5.986210003495216 2.285510003566742 7
      vertex 7.399999998509884 8.571281291544437 7
    endloop
  endfacet
  facet normal 0 0 1
    outer loop
      vertex 8.338730685412884 -7.7480365708470345 7
      vertex 9 5.799999997019768 7
      vertex 7.399999998509884 8.571281291544437 7
    endloop
  endfacet
  facet normal 0.06449407784601494 0.9839895011964398 0.16614805282630835
    outer loop
      vertex 6 10 1
      vertex 5.799999997019768 9 7
      vertex 6.217683814466 8.97262355685234 7
    endloop
  endfacet
  facet normal 0.19225922131806228 0.9665522846471342 0.16974413940274316
    outer loop
      vertex 7.035276181995869 9.863703303039074 1
      vertex 6.217683814466 8.97262355685234 7
      vertex 6.628220938146114 8.89096263796091 7
    endloop
  endfacet
  facet normal 0.31661006495047206 0.9327032226670733 0.172692690055236
    outer loop
      vertex 7.035276181995869 9.863703303039074 1
      vertex 6.628220938146114 8.89096263796091 7
      vertex 7.024586983025074 8.756414502859116 7
    endloop
  endfacet
  facet normal 0.43546770464519824 0.8830411517533103 0.17494628467398085
    outer loop
      vertex 7.530733726918697 9.695518128573895 1
      vertex 7.024586983025074 8.756414502859116 7
      vertex 7.399999998509884 8.571281291544437 7
    endloop
  endfacet
  facet normal 0.9839895011964398 0.06449407784601494 0.16614805282630835
    outer loop
      vertex 10 6 1
      vertex 8.97262355685234 6.217683814466 7
      vertex 9 5.799999997019768 7
    endloop
  endfacet
  facet normal 0.9665522846471342 0.19225922131806228 0.16974413940274316
    outer loop
      vertex 9.863703303039074 7.035276181995869 1
      vertex 8.89096263796091 6.628220938146114 7
      vertex 8.97262355685234 6.217683814466 7
    endloop
  endfacet
  facet normal 0.8830411517533103 0.43546770464519824 0.17494628467398085
    outer loop
      vertex 9.695518128573895 7.530733726918697 1
      vertex 8.571281291544437 7.399999998509884 7
      vertex 8.756414502859116 7.024586983025074 7
    endloop
  endfacet
  facet normal 0.9327032226670733 0.31661006495047206 0.172692690055236
    outer loop
      vertex 9.863703303039074 7.035276181995869 1
      vertex 8.756414502859116 7.024586983025074 7
      vertex 8.89096263796091 6.628220938146114 7
    endloop
  endfacet
  facet normal 0.5468512394873792 0.8184207047899221 0.17646889766268697
    outer loop
      vertex 8.435045719146729 9.17341335862875 1
      vertex 7.399999998509884 8.571281291544437 7
      vertex 7.7480365708470345 8.338730685412884 7
    endloop
  endfacet
  facet normal 0.6489072683073108 0.7399369253057156 0.17723629342509833
    outer loop
      vertex 8.435045719146729 9.17341335862875 1
      vertex 7.7480365708470345 8.338730685412884 7
      vertex 8.062741696834564 8.062741696834564 7
    endloop
  endfacet
  facet normal 0.7399369253057156 0.6489072683073108 0.17723629342509833
    outer loop
      vertex 9.17341335862875 8.435045719146729 1
      vertex 8.062741696834564 8.062741696834564 7
      vertex 8.338730685412884 7.7480365708470345 7
    endloop
  endfacet
  facet normal 0.8184207047899221 0.5468512394873792 0.17646889766268697
    outer loop
      vertex 9.17341335862875 8.435045719146729 1
      vertex 8.338730685412884 7.7480365708470345 7
      vertex 8.571281291544437 7.399999998509884 7
    endloop
  endfacet
  facet normal 0 0 1
    outer loop
      vertex 5.799999997019768 9 7
      vertex 6.628220938146114 8.89096263796091 7
      vertex 6.217683814466 8.97262355685234 7
    endloop
  endfacet
  facet normal 0 0 1
    outer loop
      vertex 7.399999998509884 8.571281291544437 7
      vertex 7.024586983025074 8.756414502859116 7
      vertex 6.628220938146114 8.89096263796091 7
    endloop
  endfacet
  facet normal 0 0 1
    outer loop
      vertex 5.799999997019768 9 7
      vertex 7.399999998509884 8.571281291544437 7
      vertex 6.628220938146114 8.89096263796091 7
    endloop
  endfacet
  facet normal 0 0 1
    outer loop
      vertex 7.399999998509884 8.571281291544437 7
      vertex 9 5.799999997019768 7
      vertex 8.571281291544437 7.399999998509884 7
    endloop
  endfacet
  facet normal 0 0 1
    outer loop
      vertex 8.571281291544437 7.399999998509884 7
      vertex 8.89096263796091 6.628220938146114 7
      vertex 8.756414502859116 7.024586983025074 7
    endloop
  endfacet
  facet normal 0 0 1
    outer loop
      vertex 9 5.799999997019768 7
      vertex 8.97262355685234 6.217683814466 7
      vertex 8.89096263796091 6.628220938146114 7
    endloop
  endfacet
  facet normal 0 0 1
    outer loop
      vertex 8.571281291544437 7.399999998509884 7
      vertex 9 5.799999997019768 7
      vertex 8.89096263796091 6.628220938146114 7
    endloop
  endfacet
  facet normal 0 0 1
    outer loop
      vertex 7.399999998509884 8.571281291544437 7
      vertex 8.571281291544437 7.399999998509884 7
      vertex 8.062741696834564 8.062741696834564 7
    endloop
  endfacet
  facet normal 0 0 1
    outer loop
      vertex 7.399999998509884 8.571281291544437 7
      vertex 8.062741696834564 8.062741696834564 7
      vertex 7.7480365708470345 8.338730685412884 7
    endloop
  endfacet
  facet normal 0 0 1
    outer loop
      vertex 8.571281291544437 7.399999998509884 7
      vertex 8.338730685412884 7.7480365708470345 7
      vertex 8.062741696834564 8.062741696834564 7
    endloop
  endfacet
  facet normal 0 1 0
    outer loop
      vertex -5.927238002419472 -2.2874879986047745 6.2
      vertex -5.927238002419472 -2.2874879986047745 7
      vertex -5.003880001604557 -2.2874879986047745 6.2
    endloop
  endfacet
  facet normal 0 0 1
    outer loop
      vertex -5.927238002419472 -2.2874879986047745 6.2
      vertex -5.003880001604557 -2.2874879986047745 6.2
      vertex -5.003880001604557 -0.5624879971146584 6.2
    endloop
  endfacet
  facet normal -1 0 0
    outer loop
      vertex -5.003880001604557 -2.2874879986047745 6.2
      vertex -5.003880001604557 -2.2874879986047745 7
      vertex -5.003880001604557 -0.5624879971146584 6.2
    endloop
  endfacet
  facet normal 0 1 0
    outer loop
      vertex -5.003880001604557 -2.2874879986047745 6.2
      vertex -5.927238002419472 -2.2874879986047745 7
      vertex -5.003880001604557 -2.2874879986047745 7
    endloop
  endfacet
  facet normal 0 0 1
    outer loop
      vertex -5.927238002419472 -2.2874879986047745 6.2
      vertex -5.003880001604557 -0.5624879971146584 6.2
      vertex -5.927238002419472 2.285510003566742 6.2
    endloop
  endfacet
  facet normal 1 0 0
    outer loop
      vertex -5.927238002419472 -2.2874879986047745 6.2
      vertex -5.927238002419472 2.285510003566742 7
      vertex -5.927238002419472 -2.2874879986047745 7
    endloop
  endfacet
  facet normal -1 0 0
    outer loop
      vertex -5.003880001604557 -2.2874879986047745 7
      vertex -5.003880001604557 -0.5624879971146584 7
      vertex -5.003880001604557 -0.5624879971146584 6.2
    endloop
  endfacet
  facet normal 0 0 1
    outer loop
      vertex -5.003880001604557 -0.5624879971146584 6.2
      vertex -4.498570002615452 0.21426799893379211 6.2
      vertex -5.003880001604557 0.21426799893379211 6.2
    endloop
  endfacet
  facet normal 0 0 1
    outer loop
      vertex -5.003880001604557 -0.5624879971146584 6.2
      vertex -4.401877999305725 -0.5624879971146584 6.2
      vertex -4.498570002615452 0.21426799893379211 6.2
    endloop
  endfacet
  facet normal 0 0 1
    outer loop
      vertex -4.401877999305725 -0.5624879971146584 6.2
      vertex -4.349988125264645 0.21573155373334885 6.2
      vertex -4.498570002615452 0.21426799893379211 6.2
    endloop
  endfacet
  facet normal 0 1 0
    outer loop
      vertex -5.003880001604557 -0.5624879971146584 6.2
      vertex -5.003880001604557 -0.5624879971146584 7
      vertex -4.401877999305725 -0.5624879971146584 6.2
    endloop
  endfacet
  facet normal 0 0 1
    outer loop
      vertex -4.401877999305725 -0.5624879971146584 6.2
      vertex -4.22877624630928 -0.5611511841416359 6.2
      vertex -4.349988125264645 0.21573155373334885 6.2
    endloop
  endfacet
  facet normal 0 0 1
    outer loop
      vertex -4.22877624630928 -0.5611511841416359 6.2
      vertex -4.216175064444542 0.22012220323085785 6.2
      vertex -4.349988125264645 0.21573155373334885 6.2
    endloop
  endfacet
  facet normal 0 0 1
    outer loop
      vertex -4.22877624630928 -0.5611511841416359 6.2
      vertex -4.067771553993225 -0.5571407377719879 6.2
      vertex -4.216175064444542 0.22012220323085785 6.2
    endloop
  endfacet
  facet normal 0 0 1
    outer loop
      vertex -4.067771553993225 -0.5571407377719879 6.2
      vertex -4.097130812704563 0.22743996232748032 6.2
      vertex -4.216175064444542 0.22012220323085785 6.2
    endloop
  endfacet
  facet normal 0 0 1
    outer loop
      vertex -4.067771553993225 -0.5571407377719879 6.2
      vertex -3.9188639149069786 -0.5504566505551338 6.2
      vertex -4.097130812704563 0.22743996232748032 6.2
    endloop
  endfacet
  facet normal 0 0 1
    outer loop
      vertex -3.9188639149069786 -0.5504566505551338 6.2
      vertex -3.9928553849458694 0.23768481612205505 6.2
      vertex -4.097130812704563 0.22743996232748032 6.2
    endloop
  endfacet
  facet normal 0 0 1
    outer loop
      vertex -3.9188639149069786 -0.5504566505551338 6.2
      vertex -3.782053343951702 -0.5410989373922348 6.2
      vertex -3.9928553849458694 0.23768481612205505 6.2
    endloop
  endfacet
  facet normal 0 0 1
    outer loop
      vertex -3.782053343951702 -0.5410989373922348 6.2
      vertex -3.657339833676815 -0.5290675908327103 6.2
      vertex -3.8286109790205956 0.26695583760738373 6.2
    endloop
  endfacet
  facet normal 0 0 1
    outer loop
      vertex -3.782053343951702 -0.5410989373922348 6.2
      vertex -3.9033487737178802 0.25085677206516266 6.2
      vertex -3.9928553849458694 0.23768481612205505 6.2
    endloop
  endfacet
  facet normal 0 0 1
    outer loop
      vertex -3.782053343951702 -0.5410989373922348 6.2
      vertex -3.8286109790205956 0.26695583760738373 6.2
      vertex -3.9033487737178802 0.25085677206516266 6.2
    endloop
  endfacet
  facet normal -0.007722470095392426 0.9999701812832349 0
    outer loop
      vertex -4.401877999305725 -0.5624879971146584 6.2
      vertex -4.401877999305725 -0.5624879971146584 7
      vertex -4.22877624630928 -0.5611511841416359 6.2
    endloop
  endfacet
  facet normal -0.024901155024747556 0.9996899181638441 0
    outer loop
      vertex -4.22877624630928 -0.5611511841416359 6.2
      vertex -4.22877624630928 -0.5611511841416359 7
      vertex -4.067771553993225 -0.5571407377719879 6.2
    endloop
  endfacet
  facet normal -0.04484231691010507 0.9989940773668949 0
    outer loop
      vertex -4.067771553993225 -0.5571407377719879 6.2
      vertex -4.067771553993225 -0.5571407377719879 7
      vertex -3.9188639149069786 -0.5504566505551338 6.2
    endloop
  endfacet
  facet normal -0.06823960972468039 0.9976689609608105 0
    outer loop
      vertex -3.9188639149069786 -0.5504566505551338 6.2
      vertex -3.9188639149069786 -0.5504566505551338 7
      vertex -3.782053343951702 -0.5410989373922348 6.2
    endloop
  endfacet
  facet normal 0 1 0
    outer loop
      vertex -5.003880001604557 -0.5624879971146584 7
      vertex -4.401877999305725 -0.5624879971146584 7
      vertex -4.401877999305725 -0.5624879971146584 6.2
    endloop
  endfacet
  facet normal -0.007722470095392426 0.9999701812832349 0
    outer loop
      vertex -4.22877624630928 -0.5611511841416359 6.2
      vertex -4.401877999305725 -0.5624879971146584 7
      vertex -4.22877624630928 -0.5611511841416359 7
    endloop
  endfacet
  facet normal -0.024901155024747556 0.9996899181638441 0
    outer loop
      vertex -4.067771553993225 -0.5571407377719879 6.2
      vertex -4.22877624630928 -0.5611511841416359 7
      vertex -4.067771553993225 -0.5571407377719879 7
    endloop
  endfacet
  facet normal -0.04484231691010507 0.9989940773668949 0
    outer loop
      vertex -3.9188639149069786 -0.5504566505551338 6.2
      vertex -4.067771553993225 -0.5571407377719879 7
      vertex -3.9188639149069786 -0.5504566505551338 7
    endloop
  endfacet
  facet normal -0.06823960972468039 0.9976689609608105 0
    outer loop
      vertex -3.782053343951702 -0.5410989373922348 6.2
      vertex -3.9188639149069786 -0.5504566505551338 7
      vertex -3.782053343951702 -0.5410989373922348 7
    endloop
  endfacet
  facet normal 0 0 1
    outer loop
      vertex -3.657339833676815 -0.5290675908327103 6.2
      vertex -3.5447233840823174 -0.5143626108765602 6.2
      vertex -3.7686420008540154 0.28598199784755707 6.2
    endloop
  endfacet
  facet normal 0 0 1
    outer loop
      vertex -3.5447233840823174 -0.5143626108765602 6.2
      vertex -3.4442040026187897 -0.49698399752378464 6.2
      vertex -3.71768057346344 0.3081399202346802 6.2
    endloop
  endfacet
  facet normal 0 0 1
    outer loop
      vertex -3.4442040026187897 -0.49698399752378464 6.2
      vertex -3.3748500794172287 -0.4795706495642662 6.2
      vertex -3.71768057346344 0.3081399202346802 6.2
    endloop
  endfacet
  facet normal 0 0 1
    outer loop
      vertex -3.3748500794172287 -0.4795706495642662 6.2
      vertex -3.30581346899271 -0.45763804018497467 6.2
      vertex -3.6699654310941696 0.3336079567670822 6.2
    endloop
  endfacet
  facet normal 0 0 1
    outer loop
      vertex -3.30581346899271 -0.45763804018497467 6.2
      vertex -3.2370941638946533 -0.43118616193532944 6.2
      vertex -3.6699654310941696 0.3336079567670822 6.2
    endloop
  endfacet
  facet normal 0 0 1
    outer loop
      vertex -3.2370941638946533 -0.43118616193532944 6.2
      vertex -3.1686921641230583 -0.4002150222659111 6.2
      vertex -3.6254965737462044 0.3623861223459244 6.2
    endloop
  endfacet
  facet normal 0 0 1
    outer loop
      vertex -3.1686921641230583 -0.4002150222659111 6.2
      vertex -3.100607469677925 -0.36472461372613907 6.2
      vertex -3.6254965737462044 0.3623861223459244 6.2
    endloop
  endfacet
  facet normal 0 0 1
    outer loop
      vertex -3.100607469677925 -0.36472461372613907 6.2
      vertex -3.0328400805592537 -0.32471493631601334 6.2
      vertex -3.584274001419544 0.39447440952062607 6.2
    endloop
  endfacet
  facet normal 0 0 1
    outer loop
      vertex -3.0328400805592537 -0.32471493631601334 6.2
      vertex -2.965389996767044 -0.2801859974861145 6.2
      vertex -3.546297714114189 0.4298728182911873 6.2
    endloop
  endfacet
  facet normal 0 0 1
    outer loop
      vertex -2.965389996767044 -0.2801859974861145 6.2
      vertex -2.8997855484485626 -0.23087118566036224 6.2
      vertex -3.546297714114189 0.4298728182911873 6.2
    endloop
  endfacet
  facet normal -0.09602606416259268 0.9953788198477209 0
    outer loop
      vertex -3.782053343951702 -0.5410989373922348 6.2
      vertex -3.782053343951702 -0.5410989373922348 7
      vertex -3.657339833676815 -0.5290675908327103 6.2
    endloop
  endfacet
  facet normal -0.12947664768489875 0.9915824714587691 0
    outer loop
      vertex -3.657339833676815 -0.5290675908327103 6.2
      vertex -3.657339833676815 -0.5290675908327103 7
      vertex -3.5447233840823174 -0.5143626108765602 6.2
    endloop
  endfacet
  facet normal -0.1703608602467214 0.9853817419132532 0
    outer loop
      vertex -3.5447233840823174 -0.5143626108765602 6.2
      vertex -3.5447233840823174 -0.5143626108765602 7
      vertex -3.4442040026187897 -0.49698399752378464 6.2
    endloop
  endfacet
  facet normal -0.2435209086222045 0.9698956475125641 0
    outer loop
      vertex -3.4442040026187897 -0.49698399752378464 6.2
      vertex -3.4442040026187897 -0.49698399752378464 7
      vertex -3.3748500794172287 -0.4795706495642662 6.2
    endloop
  endfacet
  facet normal -0.30278260824827075 0.9530596477358457 0
    outer loop
      vertex -3.3748500794172287 -0.4795706495642662 6.2
      vertex -3.3748500794172287 -0.4795706495642662 7
      vertex -3.30581346899271 -0.45763804018497467 6.2
    endloop
  endfacet
  facet normal -0.35923195850656076 0.933248305644077 0
    outer loop
      vertex -3.30581346899271 -0.45763804018497467 6.2
      vertex -3.30581346899271 -0.45763804018497467 7
      vertex -3.2370941638946533 -0.43118616193532944 6.2
    endloop
  endfacet
  facet normal -0.4124705210310464 0.9109709486478573 0
    outer loop
      vertex -3.2370941638946533 -0.43118616193532944 6.2
      vertex -3.2370941638946533 -0.43118616193532944 7
      vertex -3.1686921641230583 -0.4002150222659111 6.2
    endloop
  endfacet
  facet normal -0.4622379570202079 0.8867559253198054 0
    outer loop
      vertex -3.1686921641230583 -0.4002150222659111 6.2
      vertex -3.1686921641230583 -0.4002150222659111 7
      vertex -3.100607469677925 -0.36472461372613907 6.2
    endloop
  endfacet
  facet normal -0.5084025633860116 0.8611195233778713 0
    outer loop
      vertex -3.100607469677925 -0.36472461372613907 6.2
      vertex -3.100607469677925 -0.36472461372613907 7
      vertex -3.0328400805592537 -0.32471493631601334 6.2
    endloop
  endfacet
  facet normal -0.5509446224712377 0.8345418042075697 0
    outer loop
      vertex -3.0328400805592537 -0.32471493631601334 6.2
      vertex -3.0328400805592537 -0.32471493631601334 7
      vertex -2.965389996767044 -0.2801859974861145 6.2
    endloop
  endfacet
  facet normal -0.600868930633623 0.7993475640791096 0
    outer loop
      vertex -2.965389996767044 -0.2801859974861145 6.2
      vertex -2.965389996767044 -0.2801859974861145 7
      vertex -2.8997855484485626 -0.23087118566036224 6.2
    endloop
  endfacet
  facet normal -0.6577457030929168 0.75324006137672 0
    outer loop
      vertex -2.8997855484485626 -0.23087118566036224 6.2
      vertex -2.8997855484485626 -0.23087118566036224 7
      vertex -2.837555058300495 -0.176530160009861 6.2
    endloop
  endfacet
  facet normal -0.7101546978130515 0.7040456698070471 0
    outer loop
      vertex -2.837555058300495 -0.176530160009861 6.2
      vertex -2.837555058300495 -0.176530160009861 7
      vertex -2.7786985337734222 -0.11716293543577194 6.2
    endloop
  endfacet
  facet normal -0.7575786541112289 0.6527438876274667 0
    outer loop
      vertex -2.7786985337734222 -0.11716293543577194 6.2
      vertex -2.7786985337734222 -0.11716293543577194 7
      vertex -2.7232159599661827 -0.05276951193809509 6.2
    endloop
  endfacet
  facet normal -0.7997572403788493 0.6003235431511972 0
    outer loop
      vertex -2.7232159599661827 -0.05276951193809509 6.2
      vertex -2.7232159599661827 -0.05276951193809509 7
      vertex -2.671107344329357 0.01665012538433075 6.2
    endloop
  endfacet
  facet normal -0.09602606416259268 0.9953788198477209 0
    outer loop
      vertex -3.782053343951702 -0.5410989373922348 7
      vertex -3.657339833676815 -0.5290675908327103 7
      vertex -3.657339833676815 -0.5290675908327103 6.2
    endloop
  endfacet
  facet normal -0.12947664768489875 0.9915824714587691 0
    outer loop
      vertex -3.5447233840823174 -0.5143626108765602 6.2
      vertex -3.657339833676815 -0.5290675908327103 7
      vertex -3.5447233840823174 -0.5143626108765602 7
    endloop
  endfacet
  facet normal -0.1703608602467214 0.9853817419132532 0
    outer loop
      vertex -3.4442040026187897 -0.49698399752378464 6.2
      vertex -3.5447233840823174 -0.5143626108765602 7
      vertex -3.4442040026187897 -0.49698399752378464 7
    endloop
  endfacet
  facet normal -0.2435209086222045 0.9698956475125641 0
    outer loop
      vertex -3.3748500794172287 -0.4795706495642662 6.2
      vertex -3.4442040026187897 -0.49698399752378464 7
      vertex -3.3748500794172287 -0.4795706495642662 7
    endloop
  endfacet
  facet normal -0.30278260824827075 0.9530596477358457 0
    outer loop
      vertex -3.30581346899271 -0.45763804018497467 6.2
      vertex -3.3748500794172287 -0.4795706495642662 7
      vertex -3.30581346899271 -0.45763804018497467 7
    endloop
  endfacet
  facet normal -0.35923195850656076 0.933248305644077 0
    outer loop
      vertex -3.2370941638946533 -0.43118616193532944 6.2
      vertex -3.30581346899271 -0.45763804018497467 7
      vertex -3.2370941638946533 -0.43118616193532944 7
    endloop
  endfacet
  facet normal -0.4124705210310464 0.9109709486478573 0
    outer loop
      vertex -3.1686921641230583 -0.4002150222659111 6.2
      vertex -3.2370941638946533 -0.43118616193532944 7
      vertex -3.1686921641230583 -0.4002150222659111 7
    endloop
  endfacet
  facet normal -0.4622379570202079 0.8867559253198054 0
    outer loop
      vertex -3.100607469677925 -0.36472461372613907 6.2
      vertex -3.1686921641230583 -0.4002150222659111 7
      vertex -3.100607469677925 -0.36472461372613907 7
    endloop
  endfacet
  facet normal -0.5084025633860116 0.8611195233778713 0
    outer loop
      vertex -3.0328400805592537 -0.32471493631601334 6.2
      vertex -3.100607469677925 -0.36472461372613907 7
      vertex -3.0328400805592537 -0.32471493631601334 7
    endloop
  endfacet
  facet normal -0.5509446224712377 0.8345418042075697 0
    outer loop
      vertex -2.965389996767044 -0.2801859974861145 6.2
      vertex -3.0328400805592537 -0.32471493631601334 7
      vertex -2.965389996767044 -0.2801859974861145 7
    endloop
  endfacet
  facet normal -0.600868930633623 0.7993475640791096 0
    outer loop
      vertex -2.8997855484485626 -0.23087118566036224 6.2
      vertex -2.965389996767044 -0.2801859974861145 7
      vertex -2.8997855484485626 -0.23087118566036224 7
    endloop
  endfacet
  facet normal -0.6577457030929168 0.75324006137672 0
    outer loop
      vertex -2.837555058300495 -0.176530160009861 6.2
      vertex -2.8997855484485626 -0.23087118566036224 7
      vertex -2.837555058300495 -0.176530160009861 7
    endloop
  endfacet
  facet normal -0.7101546978130515 0.7040456698070471 0
    outer loop
      vertex -2.7786985337734222 -0.11716293543577194 6.2
      vertex -2.837555058300495 -0.176530160009861 7
      vertex -2.7786985337734222 -0.11716293543577194 7
    endloop
  endfacet
  facet normal -0.7575786541112289 0.6527438876274667 0
    outer loop
      vertex -2.7232159599661827 -0.05276951193809509 6.2
      vertex -2.7786985337734222 -0.11716293543577194 7
      vertex -2.7232159599661827 -0.05276951193809509 7
    endloop
  endfacet
  facet normal -0.7997572403788493 0.6003235431511972 0
    outer loop
      vertex -2.7232159599661827 -0.05276951193809509 7
      vertex -2.671107344329357 0.01665012538433075 7
      vertex -2.671107344329357 0.01665012538433075 6.2
    endloop
  endfacet
  facet normal 1 0 0
    outer loop
      vertex -1.6658900007605553 -2.2874879986047745 6.2
      vertex -1.6658900007605553 2.285510003566742 7
      vertex -1.6658900007605553 -2.2874879986047745 7
    endloop
  endfacet
  facet normal 0 0 1
    outer loop
      vertex -1.6658900007605553 -2.2874879986047745 6.2
      vertex -0.7425319999456406 -1.5169880017638206 6.2
      vertex -0.7425319999456406 -0.272366002202034 6.2
    endloop
  endfacet
  facet normal 0 0 1
    outer loop
      vertex -1.6658900007605553 -2.2874879986047745 6.2
      vertex 1.8122159987688065 -2.2874879986047745 6.2
      vertex -0.7425319999456406 -1.5169880017638206 6.2
    endloop
  endfacet
  facet normal 0 1 0
    outer loop
      vertex -1.6658900007605553 -2.2874879986047745 6.2
      vertex -1.6658900007605553 -2.2874879986047745 7
      vertex 1.8122159987688065 -2.2874879986047745 6.2
    endloop
  endfacet
  facet normal 0 0 1
    outer loop
      vertex -1.6658900007605553 -2.2874879986047745 6.2
      vertex -0.7425319999456406 -0.272366002202034 6.2
      vertex -0.7425319999456406 0.4981340020895004 6.2
    endloop
  endfacet
  facet normal -1 0 0
    outer loop
      vertex -0.7425319999456406 -1.5169880017638206 6.2
      vertex -0.7425319999456406 -1.5169880017638206 7
      vertex -0.7425319999456406 -0.272366002202034 6.2
    endloop
  endfacet
  facet normal -1 0 0
    outer loop
      vertex -0.7425319999456406 -1.5169880017638206 7
      vertex -0.7425319999456406 -0.272366002202034 7
      vertex -0.7425319999456406 -0.272366002202034 6.2
    endloop
  endfacet
  facet normal 1 0 0
    outer loop
      vertex -5.927238002419472 -2.2874879986047745 6.2
      vertex -5.927238002419472 2.285510003566742 6.2
      vertex -5.927238002419472 2.285510003566742 7
    endloop
  endfacet
  facet normal 0 0 1
    outer loop
      vertex -5.003880001604557 -0.5624879971146584 6.2
      vertex -5.003880001604557 0.21426799893379211 6.2
      vertex -5.927238002419472 2.285510003566742 6.2
    endloop
  endfacet
  facet normal -1 0 0
    outer loop
      vertex -5.003880001604557 0.21426799893379211 6.2
      vertex -5.003880001604557 0.21426799893379211 7
      vertex -5.003880001604557 1.5119279995560646 6.2
    endloop
  endfacet
  facet normal -1 0 0
    outer loop
      vertex -5.003880001604557 0.21426799893379211 7
      vertex -5.003880001604557 1.5119279995560646 7
      vertex -5.003880001604557 1.5119279995560646 6.2
    endloop
  endfacet
  facet normal 0 0 1
    outer loop
      vertex -5.003880001604557 0.21426799893379211 6.2
      vertex -5.003880001604557 1.5119279995560646 6.2
      vertex -5.927238002419472 2.285510003566742 6.2
    endloop
  endfacet
  facet normal 0 0 1
    outer loop
      vertex -5.927238002419472 2.285510003566742 6.2
      vertex -5.003880001604557 1.5119279995560646 6.2
      vertex -4.445532001554966 2.285510003566742 6.2
    endloop
  endfacet
  facet normal 0 -1 0
    outer loop
      vertex -5.927238002419472 2.285510003566742 6.2
      vertex -4.445532001554966 2.285510003566742 7
      vertex -5.927238002419472 2.285510003566742 7
    endloop
  endfacet
  facet normal 0 -1 0
    outer loop
      vertex -5.003880001604557 0.21426799893379211 6.2
      vertex -4.498570002615452 0.21426799893379211 6.2
      vertex -4.498570002615452 0.21426799893379211 7
    endloop
  endfacet
  facet normal 0.00984967904351808 -0.9999514907347954 0
    outer loop
      vertex -4.498570002615452 0.21426799893379211 6.2
      vertex -4.349988125264645 0.21573155373334885 6.2
      vertex -4.349988125264645 0.21573155373334885 7
    endloop
  endfacet
  facet normal 0 0 1
    outer loop
      vertex -3.657339833676815 -0.5290675908327103 6.2
      vertex -3.7686420008540154 0.28598199784755707 6.2
      vertex -3.8286109790205956 0.26695583760738373 6.2
    endloop
  endfacet
  facet normal 0.032794167155618184 -0.9994621266464124 0
    outer loop
      vertex -4.349988125264645 0.21573155373334885 6.2
      vertex -4.216175064444542 0.22012220323085785 6.2
      vertex -4.216175064444542 0.22012220323085785 7
    endloop
  endfacet
  facet normal 0.06135510399010146 -0.9981160008808414 0
    outer loop
      vertex -4.216175064444542 0.22012220323085785 6.2
      vertex -4.097130812704563 0.22743996232748032 6.2
      vertex -4.097130812704563 0.22743996232748032 7
    endloop
  endfacet
  facet normal 0.09777724251536331 -0.9952083253500704 0
    outer loop
      vertex -4.097130812704563 0.22743996232748032 6.2
      vertex -3.9928553849458694 0.23768481612205505 6.2
      vertex -3.9928553849458694 0.23768481612205505 7
    endloop
  endfacet
  facet normal 0.14559373313080826 -0.989344462193545 0
    outer loop
      vertex -3.9928553849458694 0.23768481612205505 6.2
      vertex -3.9033487737178802 0.25085677206516266 6.2
      vertex -3.9033487737178802 0.25085677206516266 7
    endloop
  endfacet
  facet normal 0.21057725594417442 -0.9775772190875878 0
    outer loop
      vertex -3.9033487737178802 0.25085677206516266 6.2
      vertex -3.8286109790205956 0.26695583760738373 6.2
      vertex -3.8286109790205956 0.26695583760738373 7
    endloop
  endfacet
  facet normal 0.30241147870373847 -0.9531774743185124 0
    outer loop
      vertex -3.8286109790205956 0.26695583760738373 6.2
      vertex -3.7686420008540154 0.28598199784755707 6.2
      vertex -3.7686420008540154 0.28598199784755707 7
    endloop
  endfacet
  facet normal 0 -1 0
    outer loop
      vertex -5.003880001604557 0.21426799893379211 6.2
      vertex -4.498570002615452 0.21426799893379211 7
      vertex -5.003880001604557 0.21426799893379211 7
    endloop
  endfacet
  facet normal 0.00984967904351808 -0.9999514907347954 0
    outer loop
      vertex -4.498570002615452 0.21426799893379211 6.2
      vertex -4.349988125264645 0.21573155373334885 7
      vertex -4.498570002615452 0.21426799893379211 7
    endloop
  endfacet
  facet normal 0.032794167155618184 -0.9994621266464124 0
    outer loop
      vertex -4.349988125264645 0.21573155373334885 6.2
      vertex -4.216175064444542 0.22012220323085785 7
      vertex -4.349988125264645 0.21573155373334885 7
    endloop
  endfacet
  facet normal 0.06135510399010146 -0.9981160008808414 0
    outer loop
      vertex -4.216175064444542 0.22012220323085785 6.2
      vertex -4.097130812704563 0.22743996232748032 7
      vertex -4.216175064444542 0.22012220323085785 7
    endloop
  endfacet
  facet normal 0.09777724251536331 -0.9952083253500704 0
    outer loop
      vertex -4.097130812704563 0.22743996232748032 6.2
      vertex -3.9928553849458694 0.23768481612205505 7
      vertex -4.097130812704563 0.22743996232748032 7
    endloop
  endfacet
  facet normal 0.14559373313080826 -0.989344462193545 0
    outer loop
      vertex -3.9928553849458694 0.23768481612205505 6.2
      vertex -3.9033487737178802 0.25085677206516266 7
      vertex -3.9928553849458694 0.23768481612205505 7
    endloop
  endfacet
  facet normal 0.21057725594417442 -0.9775772190875878 0
    outer loop
      vertex -3.9033487737178802 0.25085677206516266 6.2
      vertex -3.8286109790205956 0.26695583760738373 7
      vertex -3.9033487737178802 0.25085677206516266 7
    endloop
  endfacet
  facet normal 0.30241147870373847 -0.9531774743185124 0
    outer loop
      vertex -3.8286109790205956 0.26695583760738373 6.2
      vertex -3.7686420008540154 0.28598199784755707 7
      vertex -3.8286109790205956 0.26695583760738373 7
    endloop
  endfacet
  facet normal 0.3987379168244223 -0.9170649233759407 0
    outer loop
      vertex -3.7686420008540154 0.28598199784755707 6.2
      vertex -3.71768057346344 0.3081399202346802 7
      vertex -3.7686420008540154 0.28598199784755707 7
    endloop
  endfacet
  facet normal 0 0 1
    outer loop
      vertex -5.003880001604557 1.5119279995560646 6.2
      vertex -4.557818002998829 1.5119279995560646 6.2
      vertex -4.445532001554966 2.285510003566742 6.2
    endloop
  endfacet
  facet normal 0 0 1
    outer loop
      vertex -4.557818002998829 1.5119279995560646 6.2
      vertex -4.422029756009579 1.5112915113568306 6.2
      vertex -4.445532001554966 2.285510003566742 6.2
    endloop
  endfacet
  facet normal 0 0 1
    outer loop
      vertex -4.422029756009579 1.5112915113568306 6.2
      vertex -4.299865022301674 1.509382039308548 6.2
      vertex -4.445532001554966 2.285510003566742 6.2
    endloop
  endfacet
  facet normal 0 1 0
    outer loop
      vertex -5.003880001604557 1.5119279995560646 6.2
      vertex -5.003880001604557 1.5119279995560646 7
      vertex -4.557818002998829 1.5119279995560646 6.2
    endloop
  endfacet
  facet normal 0.004687307047667055 0.99998901451598 0
    outer loop
      vertex -4.557818002998829 1.5119279995560646 6.2
      vertex -4.557818002998829 1.5119279995560646 7
      vertex -4.422029756009579 1.5112915113568306 6.2
    endloop
  endfacet
  facet normal 0.015628396059234512 0.9998778691603369 0
    outer loop
      vertex -4.422029756009579 1.5112915113568306 6.2
      vertex -4.422029756009579 1.5112915113568306 7
      vertex -4.299865022301674 1.509382039308548 6.2
    endloop
  endfacet
  facet normal 0 -1 0
    outer loop
      vertex -5.927238002419472 2.285510003566742 6.2
      vertex -4.445532001554966 2.285510003566742 6.2
      vertex -4.445532001554966 2.285510003566742 7
    endloop
  endfacet
  facet normal 0 0 1
    outer loop
      vertex -4.299865022301674 1.509382039308548 6.2
      vertex -4.191323794424534 1.5061995908617973 6.2
      vertex -4.2168669402599335 2.2841093465685844 6.2
    endloop
  endfacet
  facet normal 0 0 1
    outer loop
      vertex -4.191323794424534 1.5061995908617973 6.2
      vertex -4.096406079828739 1.5017441660165787 6.2
      vertex -4.2168669402599335 2.2841093465685844 6.2
    endloop
  endfacet
  facet normal 0 0 1
    outer loop
      vertex -4.096406079828739 1.5017441660165787 6.2
      vertex -4.01511187851429 1.4960157573223114 6.2
      vertex -4.012136898934841 2.279907390475273 6.2
    endloop
  endfacet
  facet normal 0 0 1
    outer loop
      vertex -4.01511187851429 1.4960157573223114 6.2
      vertex -3.9474411830306053 1.4890143647789955 6.2
      vertex -4.012136898934841 2.279907390475273 6.2
    endloop
  endfacet
  facet normal 0 0 1
    outer loop
      vertex -3.9474411830306053 1.4890143647789955 6.2
      vertex -3.893394000828266 1.4807400032877922 6.2
      vertex -3.831341877579689 2.272904120385647 6.2
    endloop
  endfacet
  facet normal 0 0 1
    outer loop
      vertex -3.893394000828266 1.4807400032877922 6.2
      vertex -3.8308217972517014 1.4666649401187897 6.2
      vertex -3.674481876194477 2.2630995512008667 6.2
    endloop
  endfacet
  facet normal 0 0 1
    outer loop
      vertex -3.8308217972517014 1.4666649401187897 6.2
      vertex -3.771432042121887 1.4476237520575523 6.2
      vertex -3.674481876194477 2.2630995512008667 6.2
    endloop
  endfacet
  facet normal 0.029307586230530185 0.9995704404339596 0
    outer loop
      vertex -4.299865022301674 1.509382039308548 6.2
      vertex -4.299865022301674 1.509382039308548 7
      vertex -4.191323794424534 1.5061995908617973 6.2
    endloop
  endfacet
  facet normal 0.04688823922939154 0.9989001416668071 0
    outer loop
      vertex -4.191323794424534 1.5061995908617973 6.2
      vertex -4.191323794424534 1.5061995908617973 7
      vertex -4.096406079828739 1.5017441660165787 6.2
    endloop
  endfacet
  facet normal 0.07029086455908458 0.9975265381730637 0
    outer loop
      vertex -4.096406079828739 1.5017441660165787 6.2
      vertex -4.096406079828739 1.5017441660165787 7
      vertex -4.01511187851429 1.4960157573223114 6.2
    endloop
  endfacet
  facet normal 0.10291334202287242 0.9946903256962356 0
    outer loop
      vertex -4.01511187851429 1.4960157573223114 6.2
      vertex -4.01511187851429 1.4960157573223114 7
      vertex -3.9474411830306053 1.4890143647789955 6.2
    endloop
  endfacet
  facet normal 0.15133195350064008 0.9884829992719552 0
    outer loop
      vertex -3.9474411830306053 1.4890143647789955 6.2
      vertex -3.9474411830306053 1.4890143647789955 7
      vertex -3.893394000828266 1.4807400032877922 6.2
    endloop
  endfacet
  facet normal 0.2194575421319977 0.9756220514120119 0
    outer loop
      vertex -3.893394000828266 1.4807400032877922 6.2
      vertex -3.893394000828266 1.4807400032877922 7
      vertex -3.8308217972517014 1.4666649401187897 6.2
    endloop
  endfacet
  facet normal 0.3053060698335957 0.9522542747201315 0
    outer loop
      vertex -3.8308217972517014 1.4666649401187897 6.2
      vertex -3.8308217972517014 1.4666649401187897 7
      vertex -3.771432042121887 1.4476237520575523 6.2
    endloop
  endfacet
  facet normal 0.39279191118049855 0.9196273780783014 0
    outer loop
      vertex -3.771432042121887 1.4476237520575523 6.2
      vertex -3.771432042121887 1.4476237520575523 7
      vertex -3.7152247354388237 1.4236164465546608 6.2
    endloop
  endfacet
  facet normal 0 0 1
    outer loop
      vertex -4.445532001554966 2.285510003566742 6.2
      vertex -4.299865022301674 1.509382039308548 6.2
      vertex -4.2168669402599335 2.2841093465685844 6.2
    endloop
  endfacet
  facet normal 0 0 1
    outer loop
      vertex -4.096406079828739 1.5017441660165787 6.2
      vertex -4.012136898934841 2.279907390475273 6.2
      vertex -4.2168669402599335 2.2841093465685844 6.2
    endloop
  endfacet
  facet normal 0 0 1
    outer loop
      vertex -3.9474411830306053 1.4890143647789955 6.2
      vertex -3.831341877579689 2.272904120385647 6.2
      vertex -4.012136898934841 2.279907390475273 6.2
    endloop
  endfacet
  facet normal 0 0 1
    outer loop
      vertex -3.893394000828266 1.4807400032877922 6.2
      vertex -3.674481876194477 2.2630995512008667 6.2
      vertex -3.831341877579689 2.272904120385647 6.2
    endloop
  endfacet
  facet normal -0.006125250244048661 -0.999981240478764 0
    outer loop
      vertex -4.445532001554966 2.285510003566742 6.2
      vertex -4.2168669402599335 2.2841093465685844 6.2
      vertex -4.2168669402599335 2.2841093465685844 7
    endloop
  endfacet
  facet normal -0.02052005318184721 -0.9997894415412748 0
    outer loop
      vertex -4.2168669402599335 2.2841093465685844 6.2
      vertex -4.012136898934841 2.279907390475273 6.2
      vertex -4.012136898934841 2.279907390475273 7
    endloop
  endfacet
  facet normal -0.03870693908519933 -0.999250605637372 0
    outer loop
      vertex -4.012136898934841 2.279907390475273 6.2
      vertex -3.831341877579689 2.272904120385647 6.2
      vertex -3.831341877579689 2.272904120385647 7
    endloop
  endfacet
  facet normal 0 1 0
    outer loop
      vertex -5.003880001604557 1.5119279995560646 7
      vertex -4.557818002998829 1.5119279995560646 7
      vertex -4.557818002998829 1.5119279995560646 6.2
    endloop
  endfacet
  facet normal 0.004687307047667055 0.99998901451598 0
    outer loop
      vertex -4.422029756009579 1.5112915113568306 6.2
      vertex -4.557818002998829 1.5119279995560646 7
      vertex -4.422029756009579 1.5112915113568306 7
    endloop
  endfacet
  facet normal 0.015628396059234512 0.9998778691603369 0
    outer loop
      vertex -4.299865022301674 1.509382039308548 6.2
      vertex -4.422029756009579 1.5112915113568306 7
      vertex -4.299865022301674 1.509382039308548 7
    endloop
  endfacet
  facet normal 0.029307586230530185 0.9995704404339596 0
    outer loop
      vertex -4.191323794424534 1.5061995908617973 6.2
      vertex -4.299865022301674 1.509382039308548 7
      vertex -4.191323794424534 1.5061995908617973 7
    endloop
  endfacet
  facet normal 0.04688823922939154 0.9989001416668071 0
    outer loop
      vertex -4.096406079828739 1.5017441660165787 6.2
      vertex -4.191323794424534 1.5061995908617973 7
      vertex -4.096406079828739 1.5017441660165787 7
    endloop
  endfacet
  facet normal 0.07029086455908458 0.9975265381730637 0
    outer loop
      vertex -4.01511187851429 1.4960157573223114 6.2
      vertex -4.096406079828739 1.5017441660165787 7
      vertex -4.01511187851429 1.4960157573223114 7
    endloop
  endfacet
  facet normal 0.15133195350064008 0.9884829992719552 0
    outer loop
      vertex -3.893394000828266 1.4807400032877922 6.2
      vertex -3.9474411830306053 1.4890143647789955 7
      vertex -3.893394000828266 1.4807400032877922 7
    endloop
  endfacet
  facet normal 0.10291334202287242 0.9946903256962356 0
    outer loop
      vertex -3.9474411830306053 1.4890143647789955 6.2
      vertex -4.01511187851429 1.4960157573223114 7
      vertex -3.9474411830306053 1.4890143647789955 7
    endloop
  endfacet
  facet normal 0.2194575421319977 0.9756220514120119 0
    outer loop
      vertex -3.8308217972517014 1.4666649401187897 6.2
      vertex -3.893394000828266 1.4807400032877922 7
      vertex -3.8308217972517014 1.4666649401187897 7
    endloop
  endfacet
  facet normal 0.3053060698335957 0.9522542747201315 0
    outer loop
      vertex -3.771432042121887 1.4476237520575523 6.2
      vertex -3.8308217972517014 1.4666649401187897 7
      vertex -3.771432042121887 1.4476237520575523 7
    endloop
  endfacet
  facet normal -0.006125250244048661 -0.999981240478764 0
    outer loop
      vertex -4.445532001554966 2.285510003566742 6.2
      vertex -4.2168669402599335 2.2841093465685844 7
      vertex -4.445532001554966 2.285510003566742 7
    endloop
  endfacet
  facet normal -0.02052005318184721 -0.9997894415412748 0
    outer loop
      vertex -4.2168669402599335 2.2841093465685844 6.2
      vertex -4.012136898934841 2.279907390475273 7
      vertex -4.2168669402599335 2.2841093465685844 7
    endloop
  endfacet
  facet normal -0.03870693908519933 -0.999250605637372 0
    outer loop
      vertex -4.012136898934841 2.279907390475273 6.2
      vertex -3.831341877579689 2.272904120385647 7
      vertex -4.012136898934841 2.279907390475273 7
    endloop
  endfacet
  facet normal -0.06238347754702543 -0.9980522540073439 0
    outer loop
      vertex -3.831341877579689 2.272904120385647 6.2
      vertex -3.674481876194477 2.2630995512008667 7
      vertex -3.831341877579689 2.272904120385647 7
    endloop
  endfacet
  facet normal 0 0 1
    outer loop
      vertex -3.5447233840823174 -0.5143626108765602 6.2
      vertex -3.71768057346344 0.3081399202346802 6.2
      vertex -3.7686420008540154 0.28598199784755707 6.2
    endloop
  endfacet
  facet normal 0 0 1
    outer loop
      vertex -3.3748500794172287 -0.4795706495642662 6.2
      vertex -3.6699654310941696 0.3336079567670822 6.2
      vertex -3.71768057346344 0.3081399202346802 6.2
    endloop
  endfacet
  facet normal 0 0 1
    outer loop
      vertex -3.2370941638946533 -0.43118616193532944 6.2
      vertex -3.6254965737462044 0.3623861223459244 6.2
      vertex -3.6699654310941696 0.3336079567670822 6.2
    endloop
  endfacet
  facet normal 0 0 1
    outer loop
      vertex -3.100607469677925 -0.36472461372613907 6.2
      vertex -3.584274001419544 0.39447440952062607 6.2
      vertex -3.6254965737462044 0.3623861223459244 6.2
    endloop
  endfacet
  facet normal 0 0 1
    outer loop
      vertex -3.0328400805592537 -0.32471493631601334 6.2
      vertex -3.546297714114189 0.4298728182911873 6.2
      vertex -3.584274001419544 0.39447440952062607 6.2
    endloop
  endfacet
  facet normal 0 0 1
    outer loop
      vertex -2.8997855484485626 -0.23087118566036224 6.2
      vertex -3.511567711830139 0.46858134865760803 6.2
      vertex -3.546297714114189 0.4298728182911873 6.2
    endloop
  endfacet
  facet normal 0 0 1
    outer loop
      vertex -2.7786985337734222 -0.11716293543577194 6.2
      vertex -3.480084002017975 0.5106000006198883 6.2
      vertex -3.511567711830139 0.46858134865760803 6.2
    endloop
  endfacet
  facet normal 0 0 1
    outer loop
      vertex -3.480084002017975 0.5106000006198883 6.2
      vertex -2.671107344329357 0.01665012538433075 6.2
      vertex -3.4523563235998154 0.5552913472056389 6.2
    endloop
  endfacet
  facet normal 0 0 1
    outer loop
      vertex -3.4523563235998154 0.5552913472056389 6.2
      vertex -2.577012002468109 0.17056799679994583 6.2
      vertex -3.4288944453001022 0.6020179614424706 6.2
    endloop
  endfacet
  facet normal 0 0 1
    outer loop
      vertex -3.4288944453001022 0.6020179614424706 6.2
      vertex -2.53645783662796 0.255303755402565 6.2
      vertex -3.4096983671188354 0.6507798358798027 6.2
    endloop
  endfacet
  facet normal 0.3987379168244223 -0.9170649233759407 0
    outer loop
      vertex -3.7686420008540154 0.28598199784755707 6.2
      vertex -3.71768057346344 0.3081399202346802 6.2
      vertex -3.71768057346344 0.3081399202346802 7
    endloop
  endfacet
  facet normal 0.47087553240570357 -0.8821996559632322 0
    outer loop
      vertex -3.71768057346344 0.3081399202346802 6.2
      vertex -3.6699654310941696 0.3336079567670822 6.2
      vertex -3.6699654310941696 0.3336079567670822 7
    endloop
  endfacet
  facet normal 0.5433071559173078 -0.8395339983163553 0
    outer loop
      vertex -3.6699654310941696 0.3336079567670822 6.2
      vertex -3.6254965737462044 0.3623861223459244 6.2
      vertex -3.6254965737462044 0.3623861223459244 7
    endloop
  endfacet
  facet normal 0.6142540925288976 -0.7891083004325201 0
    outer loop
      vertex -3.6254965737462044 0.3623861223459244 6.2
      vertex -3.584274001419544 0.39447440952062607 6.2
      vertex -3.584274001419544 0.39447440952062607 7
    endloop
  endfacet
  facet normal 0.6818432662263657 -0.7314982982220543 0
    outer loop
      vertex -3.584274001419544 0.39447440952062607 6.2
      vertex -3.546297714114189 0.4298728182911873 6.2
      vertex -3.546297714114189 0.4298728182911873 7
    endloop
  endfacet
  facet normal 0.7443227832793878 -0.6678200313641585 0
    outer loop
      vertex -3.546297714114189 0.4298728182911873 6.2
      vertex -3.511567711830139 0.46858134865760803 6.2
      vertex -3.511567711830139 0.46858134865760803 7
    endloop
  endfacet
  facet normal 0.8002767257221897 -0.5996308549994497 0
    outer loop
      vertex -3.511567711830139 0.46858134865760803 6.2
      vertex -3.480084002017975 0.5106000006198883 6.2
      vertex -3.480084002017975 0.5106000006198883 7
    endloop
  endfacet
  facet normal 0.8497404926615248 -0.5272011903736076 0
    outer loop
      vertex -3.480084002017975 0.5106000006198883 6.2
      vertex -3.4523563235998154 0.5552913472056389 6.2
      vertex -3.4523563235998154 0.5552913472056389 7
    endloop
  endfacet
  facet normal 0.8936718285402743 -0.4487211415494956 0
    outer loop
      vertex -3.4523563235998154 0.5552913472056389 6.2
      vertex -3.4288944453001022 0.6020179614424706 6.2
      vertex -3.4288944453001022 0.6020179614424706 7
    endloop
  endfacet
  facet normal 0.898887018934238 0.4381804733115329 0
    outer loop
      vertex -3.450392410159111 1.1781116351485252 6.2
      vertex -3.450392410159111 1.1781116351485252 7
      vertex -3.4234570637345314 1.122856244444847 6.2
    endloop
  endfacet
  facet normal 0.8434589420020465 0.5371936458641227 0
    outer loop
      vertex -3.483313389122486 1.2298015505075455 6.2
      vertex -3.483313389122486 1.2298015505075455 7
      vertex -3.450392410159111 1.1781116351485252 6.2
    endloop
  endfacet
  facet normal 0.930493908235691 -0.36630736647830264 0
    outer loop
      vertex -3.4288944453001022 0.6020179614424706 6.2
      vertex -3.4096983671188354 0.6507798358798027 6.2
      vertex -3.4096983671188354 0.6507798358798027 7
    endloop
  endfacet
  facet normal 0.9594168711501426 -0.2819916086561273 0
    outer loop
      vertex -3.4096983671188354 0.6507798358798027 6.2
      vertex -3.3947680816054344 0.7015769779682159 6.2
      vertex -3.3947680816054344 0.7015769779682159 7
    endloop
  endfacet
  facet normal 0.9802294145959867 -0.19786433423133482 0
    outer loop
      vertex -3.3947680816054344 0.7015769779682159 6.2
      vertex -3.384103588759899 0.7544093877077103 6.2
      vertex -3.384103588759899 0.7544093877077103 7
    endloop
  endfacet
  facet normal 0.9932684210184589 -0.11583541689611829 0
    outer loop
      vertex -3.384103588759899 0.7544093877077103 6.2
      vertex -3.37770489603281 0.8092770576477051 6.2
      vertex -3.37770489603281 0.8092770576477051 7
    endloop
  endfacet
  facet normal 0.9992982520389776 -0.03745668794546696 0
    outer loop
      vertex -3.37770489603281 0.8092770576477051 6.2
      vertex -3.3755720034241676 0.8661800026893616 6.2
      vertex -3.3755720034241676 0.8661800026893616 7
    endloop
  endfacet
  facet normal 0.9990745741873932 0.04301157067904876 0
    outer loop
      vertex -3.3755720034241676 0.8661800026893616 6.2
      vertex -3.3785648196935654 0.9356972649693489 6.2
      vertex -3.3785648196935654 0.9356972649693489 7
    endloop
  endfacet
  facet normal 0.9908602684757134 0.13489228427244124 0
    outer loop
      vertex -3.3785648196935654 0.9356972649693489 6.2
      vertex -3.3875432685017586 1.001649059355259 6.2
      vertex -3.3875432685017586 1.001649059355259 7
    endloop
  endfacet
  facet normal 0.97241784404021 0.23324565717755524 0
    outer loop
      vertex -3.3875432685017586 1.001649059355259 6.2
      vertex -3.4025073498487473 1.0640353858470917 6.2
      vertex -3.4025073498487473 1.0640353858470917 7
    endloop
  endfacet
  facet normal 0.9420344313467551 0.33551621444752217 0
    outer loop
      vertex -3.4025073498487473 1.0640353858470917 6.2
      vertex -3.4234570637345314 1.122856244444847 6.2
      vertex -3.4234570637345314 1.122856244444847 7
    endloop
  endfacet
  facet normal 0 0 1
    outer loop
      vertex -2.8997855484485626 -0.23087118566036224 6.2
      vertex -2.837555058300495 -0.176530160009861 6.2
      vertex -3.511567711830139 0.46858134865760803 6.2
    endloop
  endfacet
  facet normal 0 0 1
    outer loop
      vertex -2.837555058300495 -0.176530160009861 6.2
      vertex -2.7786985337734222 -0.11716293543577194 6.2
      vertex -3.511567711830139 0.46858134865760803 6.2
    endloop
  endfacet
  facet normal 0 0 1
    outer loop
      vertex -2.7786985337734222 -0.11716293543577194 6.2
      vertex -2.7232159599661827 -0.05276951193809509 6.2
      vertex -3.480084002017975 0.5106000006198883 6.2
    endloop
  endfacet
  facet normal 0 0 1
    outer loop
      vertex -2.7232159599661827 -0.05276951193809509 6.2
      vertex -2.671107344329357 0.01665012538433075 6.2
      vertex -3.480084002017975 0.5106000006198883 6.2
    endloop
  endfacet
  facet normal 0 0 1
    outer loop
      vertex -3.4523563235998154 0.5552913472056389 6.2
      vertex -2.671107344329357 0.01665012538433075 6.2
      vertex -2.622372694313526 0.09109596163034439 6.2
    endloop
  endfacet
  facet normal 0 0 1
    outer loop
      vertex -3.4523563235998154 0.5552913472056389 6.2
      vertex -2.622372694313526 0.09109596163034439 6.2
      vertex -2.577012002468109 0.17056799679994583 6.2
    endloop
  endfacet
  facet normal 0 0 1
    outer loop
      vertex -3.4096983671188354 0.6507798358798027 6.2
      vertex -2.502142772078514 0.3455144464969635 6.2
      vertex -3.3947680816054344 0.7015769779682159 6.2
    endloop
  endfacet
  facet normal 0 0 1
    outer loop
      vertex -3.4288944453001022 0.6020179614424706 6.2
      vertex -2.577012002468109 0.17056799679994583 6.2
      vertex -2.53645783662796 0.255303755402565 6.2
    endloop
  endfacet
  facet normal 0 0 1
    outer loop
      vertex -3.4096983671188354 0.6507798358798027 6.2
      vertex -2.53645783662796 0.255303755402565 6.2
      vertex -2.502142772078514 0.3455144464969635 6.2
    endloop
  endfacet
  facet normal 0 0 1
    outer loop
      vertex -3.3947680816054344 0.7015769779682159 6.2
      vertex -2.502142772078514 0.3455144464969635 6.2
      vertex -2.4740668162703514 0.4412000849843025 6.2
    endloop
  endfacet
  facet normal 0 0 1
    outer loop
      vertex -3.3947680816054344 0.7015769779682159 6.2
      vertex -2.4740668162703514 0.4412000849843025 6.2
      vertex -2.4522299617528915 0.5423606559634209 6.2
    endloop
  endfacet
  facet normal -0.8366682149790645 0.5477100492448043 0
    outer loop
      vertex -2.671107344329357 0.01665012538433075 6.2
      vertex -2.671107344329357 0.01665012538433075 7
      vertex -2.622372694313526 0.09109596163034439 6.2
    endloop
  endfacet
  facet normal -0.8684873565696897 0.49571131869122453 0
    outer loop
      vertex -2.622372694313526 0.09109596163034439 6.2
      vertex -2.622372694313526 0.09109596163034439 7
      vertex -2.577012002468109 0.17056799679994583 6.2
    endloop
  endfacet
  facet normal -0.9020166476668009 0.43170124777668456 0
    outer loop
      vertex -2.577012002468109 0.17056799679994583 6.2
      vertex -2.577012002468109 0.17056799679994583 7
      vertex -2.53645783662796 0.255303755402565 6.2
    endloop
  endfacet
  facet normal -0.9346631079143297 0.3555346322145366 0
    outer loop
      vertex -2.53645783662796 0.255303755402565 6.2
      vertex -2.53645783662796 0.255303755402565 7
      vertex -2.502142772078514 0.3455144464969635 6.2
    endloop
  endfacet
  facet normal 0 0 1
    outer loop
      vertex -3.3947680816054344 0.7015769779682159 6.2
      vertex -2.4522299617528915 0.5423606559634209 6.2
      vertex -3.384103588759899 0.7544093877077103 6.2
    endloop
  endfacet
  facet normal 0 0 1
    outer loop
      vertex -3.384103588759899 0.7544093877077103 6.2
      vertex -2.436632201075554 0.6489961668848991 6.2
      vertex -3.37770489603281 0.8092770576477051 6.2
    endloop
  endfacet
  facet normal 0 0 1
    outer loop
      vertex -3.37770489603281 0.8092770576477051 6.2
      vertex -2.4272735491394997 0.7611066102981567 6.2
      vertex -3.3755720034241676 0.8661800026893616 6.2
    endloop
  endfacet
  facet normal 0 0 1
    outer loop
      vertex -3.3755720034241676 0.8661800026893616 6.2
      vertex -2.429566040635109 1.0305520817637444 6.2
      vertex -3.3785648196935654 0.9356972649693489 6.2
    endloop
  endfacet
  facet normal 0 0 1
    outer loop
      vertex -3.3785648196935654 0.9356972649693489 6.2
      vertex -2.4458021596074104 1.174199752509594 6.2
      vertex -3.3875432685017586 1.001649059355259 6.2
    endloop
  endfacet
  facet normal 0 0 1
    outer loop
      vertex -3.3875432685017586 1.001649059355259 6.2
      vertex -2.472862370312214 1.3096350207924843 6.2
      vertex -3.4025073498487473 1.0640353858470917 6.2
    endloop
  endfacet
  facet normal 0 0 1
    outer loop
      vertex -3.4025073498487473 1.0640353858470917 6.2
      vertex -2.5107466503977776 1.4368578791618347 6.2
      vertex -3.4234570637345314 1.122856244444847 6.2
    endloop
  endfacet
  facet normal 0 0 1
    outer loop
      vertex -3.384103588759899 0.7544093877077103 6.2
      vertex -2.4522299617528915 0.5423606559634209 6.2
      vertex -2.436632201075554 0.6489961668848991 6.2
    endloop
  endfacet
  facet normal 0 0 1
    outer loop
      vertex -3.37770489603281 0.8092770576477051 6.2
      vertex -2.436632201075554 0.6489961668848991 6.2
      vertex -2.4272735491394997 0.7611066102981567 6.2
    endloop
  endfacet
  facet normal 0 0 1
    outer loop
      vertex -3.3755720034241676 0.8661800026893616 6.2
      vertex -2.4272735491394997 0.7611066102981567 6.2
      vertex -2.4241539984941483 0.8786920011043549 6.2
    endloop
  endfacet
  facet normal 0 0 1
    outer loop
      vertex -3.3755720034241676 0.8661800026893616 6.2
      vertex -2.4241539984941483 0.8786920011043549 6.2
      vertex -2.429566040635109 1.0305520817637444 6.2
    endloop
  endfacet
  facet normal 0 0 1
    outer loop
      vertex -3.3785648196935654 0.9356972649693489 6.2
      vertex -2.429566040635109 1.0305520817637444 6.2
      vertex -2.4458021596074104 1.174199752509594 6.2
    endloop
  endfacet
  facet normal 0 0 1
    outer loop
      vertex -3.3875432685017586 1.001649059355259 6.2
      vertex -2.4458021596074104 1.174199752509594 6.2
      vertex -2.472862370312214 1.3096350207924843 6.2
    endloop
  endfacet
  facet normal 0.47087553240570357 -0.8821996559632322 0
    outer loop
      vertex -3.71768057346344 0.3081399202346802 6.2
      vertex -3.6699654310941696 0.3336079567670822 7
      vertex -3.71768057346344 0.3081399202346802 7
    endloop
  endfacet
  facet normal 0.5433071559173078 -0.8395339983163553 0
    outer loop
      vertex -3.6699654310941696 0.3336079567670822 6.2
      vertex -3.6254965737462044 0.3623861223459244 7
      vertex -3.6699654310941696 0.3336079567670822 7
    endloop
  endfacet
  facet normal 0.6142540925288976 -0.7891083004325201 0
    outer loop
      vertex -3.6254965737462044 0.3623861223459244 6.2
      vertex -3.584274001419544 0.39447440952062607 7
      vertex -3.6254965737462044 0.3623861223459244 7
    endloop
  endfacet
  facet normal 0.6818432662263657 -0.7314982982220543 0
    outer loop
      vertex -3.584274001419544 0.39447440952062607 6.2
      vertex -3.546297714114189 0.4298728182911873 7
      vertex -3.584274001419544 0.39447440952062607 7
    endloop
  endfacet
  facet normal 0.7443227832793878 -0.6678200313641585 0
    outer loop
      vertex -3.546297714114189 0.4298728182911873 6.2
      vertex -3.511567711830139 0.46858134865760803 7
      vertex -3.546297714114189 0.4298728182911873 7
    endloop
  endfacet
  facet normal 0.8002767257221897 -0.5996308549994497 0
    outer loop
      vertex -3.511567711830139 0.46858134865760803 6.2
      vertex -3.480084002017975 0.5106000006198883 7
      vertex -3.511567711830139 0.46858134865760803 7
    endloop
  endfacet
  facet normal 0.8497404926615248 -0.5272011903736076 0
    outer loop
      vertex -3.480084002017975 0.5106000006198883 6.2
      vertex -3.4523563235998154 0.5552913472056389 7
      vertex -3.480084002017975 0.5106000006198883 7
    endloop
  endfacet
  facet normal 0.8936718285402743 -0.4487211415494956 0
    outer loop
      vertex -3.4523563235998154 0.5552913472056389 6.2
      vertex -3.4288944453001022 0.6020179614424706 7
      vertex -3.4523563235998154 0.5552913472056389 7
    endloop
  endfacet
  facet normal 0.930493908235691 -0.36630736647830264 0
    outer loop
      vertex -3.4288944453001022 0.6020179614424706 6.2
      vertex -3.4096983671188354 0.6507798358798027 7
      vertex -3.4288944453001022 0.6020179614424706 7
    endloop
  endfacet
  facet normal 0.7776499058682033 0.6286975615533869 0
    outer loop
      vertex -3.483313389122486 1.2298015505075455 6.2
      vertex -3.5222200006246567 1.2779259979724884 7
      vertex -3.483313389122486 1.2298015505075455 7
    endloop
  endfacet
  facet normal 0.8434589420020465 0.5371936458641227 0
    outer loop
      vertex -3.450392410159111 1.1781116351485252 6.2
      vertex -3.483313389122486 1.2298015505075455 7
      vertex -3.450392410159111 1.1781116351485252 7
    endloop
  endfacet
  facet normal 0.9594168711501426 -0.2819916086561273 0
    outer loop
      vertex -3.4096983671188354 0.6507798358798027 6.2
      vertex -3.3947680816054344 0.7015769779682159 7
      vertex -3.4096983671188354 0.6507798358798027 7
    endloop
  endfacet
  facet normal 0.9802294145959867 -0.19786433423133482 0
    outer loop
      vertex -3.3947680816054344 0.7015769779682159 6.2
      vertex -3.384103588759899 0.7544093877077103 7
      vertex -3.3947680816054344 0.7015769779682159 7
    endloop
  endfacet
  facet normal 0.9932684210184589 -0.11583541689611829 0
    outer loop
      vertex -3.384103588759899 0.7544093877077103 6.2
      vertex -3.37770489603281 0.8092770576477051 7
      vertex -3.384103588759899 0.7544093877077103 7
    endloop
  endfacet
  facet normal 0.9992982520389776 -0.03745668794546696 0
    outer loop
      vertex -3.37770489603281 0.8092770576477051 6.2
      vertex -3.3755720034241676 0.8661800026893616 7
      vertex -3.37770489603281 0.8092770576477051 7
    endloop
  endfacet
  facet normal 0.9990745741873932 0.04301157067904876 0
    outer loop
      vertex -3.3755720034241676 0.8661800026893616 6.2
      vertex -3.3785648196935654 0.9356972649693489 7
      vertex -3.3755720034241676 0.8661800026893616 7
    endloop
  endfacet
  facet normal 0.9908602684757134 0.13489228427244124 0
    outer loop
      vertex -3.3785648196935654 0.9356972649693489 6.2
      vertex -3.3875432685017586 1.001649059355259 7
      vertex -3.3785648196935654 0.9356972649693489 7
    endloop
  endfacet
  facet normal 0.9420344313467551 0.33551621444752217 0
    outer loop
      vertex -3.4025073498487473 1.0640353858470917 6.2
      vertex -3.4234570637345314 1.122856244444847 7
      vertex -3.4025073498487473 1.0640353858470917 7
    endloop
  endfacet
  facet normal 0.97241784404021 0.23324565717755524 0
    outer loop
      vertex -3.3875432685017586 1.001649059355259 6.2
      vertex -3.4025073498487473 1.0640353858470917 7
      vertex -3.3875432685017586 1.001649059355259 7
    endloop
  endfacet
  facet normal 0.898887018934238 0.4381804733115329 0
    outer loop
      vertex -3.4234570637345314 1.122856244444847 6.2
      vertex -3.450392410159111 1.1781116351485252 7
      vertex -3.4234570637345314 1.122856244444847 7
    endloop
  endfacet
  facet normal -0.8366682149790645 0.5477100492448043 0
    outer loop
      vertex -2.622372694313526 0.09109596163034439 6.2
      vertex -2.671107344329357 0.01665012538433075 7
      vertex -2.622372694313526 0.09109596163034439 7
    endloop
  endfacet
  facet normal -0.8684873565696897 0.49571131869122453 0
    outer loop
      vertex -2.577012002468109 0.17056799679994583 6.2
      vertex -2.622372694313526 0.09109596163034439 7
      vertex -2.577012002468109 0.17056799679994583 7
    endloop
  endfacet
  facet normal -0.9020166476668009 0.43170124777668456 0
    outer loop
      vertex -2.53645783662796 0.255303755402565 6.2
      vertex -2.577012002468109 0.17056799679994583 7
      vertex -2.53645783662796 0.255303755402565 7
    endloop
  endfacet
  facet normal -0.9346631079143297 0.3555346322145366 0
    outer loop
      vertex -2.502142772078514 0.3455144464969635 6.2
      vertex -2.53645783662796 0.255303755402565 7
      vertex -2.502142772078514 0.3455144464969635 7
    endloop
  endfacet
  facet normal 0 0 1
    outer loop
      vertex -3.771432042121887 1.4476237520575523 6.2
      vertex -3.7152247354388237 1.4236164465546608 6.2
      vertex -3.5415568947792053 2.250493675470352 6.2
    endloop
  endfacet
  facet normal 0 0 1
    outer loop
      vertex -3.662199877202511 1.394643023610115 6.2
      vertex -3.4325669407844543 2.2350864931941032 6.2
      vertex -3.7152247354388237 1.4236164465546608 6.2
    endloop
  endfacet
  facet normal 0 0 1
    outer loop
      vertex -3.662199877202511 1.394643023610115 6.2
      vertex -3.6123574674129486 1.360703468322754 6.2
      vertex -3.2378292232751846 2.1825310215353966 6.2
    endloop
  endfacet
  facet normal 0 0 1
    outer loop
      vertex -3.5656975135207176 1.3217977955937386 6.2
      vertex -3.5222200006246567 1.2779259979724884 6.2
      vertex -2.940098449587822 2.020290896296501 6.2
    endloop
  endfacet
  facet normal 0 0 1
    outer loop
      vertex -3.483313389122486 1.2298015505075455 6.2
      vertex -3.450392410159111 1.1781116351485252 6.2
      vertex -2.689343996345997 1.7692520022392273 6.2
    endloop
  endfacet
  facet normal 0 0 1
    outer loop
      vertex -3.450392410159111 1.1781116351485252 6.2
      vertex -3.4234570637345314 1.122856244444847 6.2
      vertex -2.559455022215843 1.5558683276176453 6.2
    endloop
  endfacet
  facet normal 0 0 1
    outer loop
      vertex -3.483313389122486 1.2298015505075455 6.2
      vertex -2.7677092254161835 1.862798161804676 6.2
      vertex -3.5222200006246567 1.2779259979724884 6.2
    endloop
  endfacet
  facet normal 0 0 1
    outer loop
      vertex -3.6123574674129486 1.360703468322754 6.2
      vertex -3.5656975135207176 1.3217977955937386 6.2
      vertex -3.0341224521398544 2.0842374712228775 6.2
    endloop
  endfacet
  facet normal 0 0 1
    outer loop
      vertex -3.6123574674129486 1.360703468322754 6.2
      vertex -3.0341224521398544 2.0842374712228775 6.2
      vertex -3.1333660408854485 2.138317510485649 6.2
    endloop
  endfacet
  facet normal 0 0 1
    outer loop
      vertex -3.5656975135207176 1.3217977955937386 6.2
      vertex -2.940098449587822 2.020290896296501 6.2
      vertex -3.0341224521398544 2.0842374712228775 6.2
    endloop
  endfacet
  facet normal 0.5628396717749955 0.8265660916564478 0
    outer loop
      vertex -3.662199877202511 1.394643023610115 6.2
      vertex -3.662199877202511 1.394643023610115 7
      vertex -3.6123574674129486 1.360703468322754 6.2
    endloop
  endfacet
  facet normal 0.6404017592501962 0.7680400944932847 0
    outer loop
      vertex -3.6123574674129486 1.360703468322754 6.2
      vertex -3.6123574674129486 1.360703468322754 7
      vertex -3.5656975135207176 1.3217977955937386 6.2
    endloop
  endfacet
  facet normal 0.47949960058016944 0.8775420975904563 0
    outer loop
      vertex -3.662199877202511 1.394643023610115 6.2
      vertex -3.7152247354388237 1.4236164465546608 6.2
      vertex -3.7152247354388237 1.4236164465546608 7
    endloop
  endfacet
  facet normal 0.710291343627766 0.7039078115545123 0
    outer loop
      vertex -3.5656975135207176 1.3217977955937386 6.2
      vertex -3.5656975135207176 1.3217977955937386 7
      vertex -3.5222200006246567 1.2779259979724884 6.2
    endloop
  endfacet
  facet normal 0.7776499058682033 0.6286975615533869 0
    outer loop
      vertex -3.483313389122486 1.2298015505075455 6.2
      vertex -3.5222200006246567 1.2779259979724884 6.2
      vertex -3.5222200006246567 1.2779259979724884 7
    endloop
  endfacet
  facet normal 0 0 1
    outer loop
      vertex -3.771432042121887 1.4476237520575523 6.2
      vertex -3.5415568947792053 2.250493675470352 6.2
      vertex -3.674481876194477 2.2630995512008667 6.2
    endloop
  endfacet
  facet normal 0 0 1
    outer loop
      vertex -3.7152247354388237 1.4236164465546608 6.2
      vertex -3.4325669407844543 2.2350864931941032 6.2
      vertex -3.5415568947792053 2.250493675470352 6.2
    endloop
  endfacet
  facet normal 0 0 1
    outer loop
      vertex -3.662199877202511 1.394643023610115 6.2
      vertex -3.347511999309063 2.2168779969215393 6.2
      vertex -3.4325669407844543 2.2350864931941032 6.2
    endloop
  endfacet
  facet normal 0 0 1
    outer loop
      vertex -3.662199877202511 1.394643023610115 6.2
      vertex -3.2378292232751846 2.1825310215353966 6.2
      vertex -3.347511999309063 2.2168779969215393 6.2
    endloop
  endfacet
  facet normal 0 0 1
    outer loop
      vertex -3.6123574674129486 1.360703468322754 6.2
      vertex -3.1333660408854485 2.138317510485649 6.2
      vertex -3.2378292232751846 2.1825310215353966 6.2
    endloop
  endfacet
  facet normal -0.06238347754702543 -0.9980522540073439 0
    outer loop
      vertex -3.831341877579689 2.272904120385647 6.2
      vertex -3.674481876194477 2.2630995512008667 6.2
      vertex -3.674481876194477 2.2630995512008667 7
    endloop
  endfacet
  facet normal -0.09441091588813008 -0.9955333138379471 0
    outer loop
      vertex -3.674481876194477 2.2630995512008667 6.2
      vertex -3.5415568947792053 2.250493675470352 6.2
      vertex -3.5415568947792053 2.250493675470352 7
    endloop
  endfacet
  facet normal -0.1399716747852872 -0.9901555081187003 0
    outer loop
      vertex -3.5415568947792053 2.250493675470352 6.2
      vertex -3.4325669407844543 2.2350864931941032 6.2
      vertex -3.4325669407844543 2.2350864931941032 7
    endloop
  endfacet
  facet normal -0.38977120752653643 -0.9209117252936383 0
    outer loop
      vertex -3.2378292232751846 2.1825310215353966 6.2
      vertex -3.1333660408854485 2.138317510485649 6.2
      vertex -3.1333660408854485 2.138317510485649 7
    endloop
  endfacet
  facet normal -0.20933603842328946 -0.9778437620689939 0
    outer loop
      vertex -3.4325669407844543 2.2350864931941032 6.2
      vertex -3.347511999309063 2.2168779969215393 6.2
      vertex -3.347511999309063 2.2168779969215393 7
    endloop
  endfacet
  facet normal -0.29883857815211834 -0.9543036750469004 0
    outer loop
      vertex -3.2378292232751846 2.1825310215353966 6.2
      vertex -3.2378292232751846 2.1825310215353966 7
      vertex -3.347511999309063 2.2168779969215393 6.2
    endloop
  endfacet
  facet normal 0 0 1
    outer loop
      vertex -3.4234570637345314 1.122856244444847 6.2
      vertex -2.5107466503977776 1.4368578791618347 6.2
      vertex -2.559455022215843 1.5558683276176453 6.2
    endloop
  endfacet
  facet normal 0 0 1
    outer loop
      vertex -3.450392410159111 1.1781116351485252 6.2
      vertex -2.6189874708652496 1.666666366159916 6.2
      vertex -2.689343996345997 1.7692520022392273 6.2
    endloop
  endfacet
  facet normal 0 0 1
    outer loop
      vertex -3.450392410159111 1.1781116351485252 6.2
      vertex -2.559455022215843 1.5558683276176453 6.2
      vertex -2.6189874708652496 1.666666366159916 6.2
    endloop
  endfacet
  facet normal 0 0 1
    outer loop
      vertex -3.5222200006246567 1.2779259979724884 6.2
      vertex -2.7677092254161835 1.862798161804676 6.2
      vertex -2.8512940406799316 1.9464777931571007 6.2
    endloop
  endfacet
  facet normal 0 0 1
    outer loop
      vertex -3.483313389122486 1.2298015505075455 6.2
      vertex -2.689343996345997 1.7692520022392273 6.2
      vertex -2.7677092254161835 1.862798161804676 6.2
    endloop
  endfacet
  facet normal 0 0 1
    outer loop
      vertex -3.5222200006246567 1.2779259979724884 6.2
      vertex -2.8512940406799316 1.9464777931571007 6.2
      vertex -2.940098449587822 2.020290896296501 6.2
    endloop
  endfacet
  facet normal 0 0 1
    outer loop
      vertex -3.4025073498487473 1.0640353858470917 6.2
      vertex -2.472862370312214 1.3096350207924843 6.2
      vertex -2.5107466503977776 1.4368578791618347 6.2
    endloop
  endfacet
  facet normal -0.9254862283931814 -0.3787812575280937 0
    outer loop
      vertex -2.5107466503977776 1.4368578791618347 6.2
      vertex -2.5107466503977776 1.4368578791618347 7
      vertex -2.559455022215843 1.5558683276176453 6.2
    endloop
  endfacet
  facet normal -0.7665659943656062 -0.6421655365108513 0
    outer loop
      vertex -2.7677092254161835 1.862798161804676 6.2
      vertex -2.689343996345997 1.7692520022392273 6.2
      vertex -2.689343996345997 1.7692520022392273 7
    endloop
  endfacet
  facet normal -0.880895660643247 -0.4733105059682253 0
    outer loop
      vertex -2.559455022215843 1.5558683276176453 6.2
      vertex -2.559455022215843 1.5558683276176453 7
      vertex -2.6189874708652496 1.666666366159916 6.2
    endloop
  endfacet
  facet normal -0.8246835210542803 -0.5655944572761604 0
    outer loop
      vertex -2.689343996345997 1.7692520022392273 6.2
      vertex -2.6189874708652496 1.666666366159916 6.2
      vertex -2.6189874708652496 1.666666366159916 7
    endloop
  endfacet
  facet normal -0.4784918586912381 -0.8780919890115183 0
    outer loop
      vertex -3.1333660408854485 2.138317510485649 6.2
      vertex -3.0341224521398544 2.0842374712228775 6.2
      vertex -3.0341224521398544 2.0842374712228775 7
    endloop
  endfacet
  facet normal -0.562371679205529 -0.8268845714049534 0
    outer loop
      vertex -3.0341224521398544 2.0842374712228775 6.2
      vertex -2.940098449587822 2.020290896296501 6.2
      vertex -2.940098449587822 2.020290896296501 7
    endloop
  endfacet
  facet normal -0.6392099289961054 -0.7690322923472029 0
    outer loop
      vertex -2.940098449587822 2.020290896296501 6.2
      vertex -2.8512940406799316 1.9464777931571007 6.2
      vertex -2.8512940406799316 1.9464777931571007 7
    endloop
  endfacet
  facet normal -0.7075075004496767 -0.7067058347059622 0
    outer loop
      vertex -2.7677092254161835 1.862798161804676 6.2
      vertex -2.7677092254161835 1.862798161804676 7
      vertex -2.8512940406799316 1.9464777931571007 6.2
    endloop
  endfacet
  facet normal 0.47949960058016944 0.8775420975904563 0
    outer loop
      vertex -3.662199877202511 1.394643023610115 6.2
      vertex -3.7152247354388237 1.4236164465546608 7
      vertex -3.662199877202511 1.394643023610115 7
    endloop
  endfacet
  facet normal 0.5628396717749955 0.8265660916564478 0
    outer loop
      vertex -3.6123574674129486 1.360703468322754 6.2
      vertex -3.662199877202511 1.394643023610115 7
      vertex -3.6123574674129486 1.360703468322754 7
    endloop
  endfacet
  facet normal 0.39279191118049855 0.9196273780783014 0
    outer loop
      vertex -3.771432042121887 1.4476237520575523 7
      vertex -3.7152247354388237 1.4236164465546608 7
      vertex -3.7152247354388237 1.4236164465546608 6.2
    endloop
  endfacet
  facet normal 0.710291343627766 0.7039078115545123 0
    outer loop
      vertex -3.5222200006246567 1.2779259979724884 6.2
      vertex -3.5656975135207176 1.3217977955937386 7
      vertex -3.5222200006246567 1.2779259979724884 7
    endloop
  endfacet
  facet normal 0.6404017592501962 0.7680400944932847 0
    outer loop
      vertex -3.5656975135207176 1.3217977955937386 6.2
      vertex -3.6123574674129486 1.360703468322754 7
      vertex -3.5656975135207176 1.3217977955937386 7
    endloop
  endfacet
  facet normal -0.09441091588813008 -0.9955333138379471 0
    outer loop
      vertex -3.674481876194477 2.2630995512008667 6.2
      vertex -3.5415568947792053 2.250493675470352 7
      vertex -3.674481876194477 2.2630995512008667 7
    endloop
  endfacet
  facet normal -0.1399716747852872 -0.9901555081187003 0
    outer loop
      vertex -3.5415568947792053 2.250493675470352 6.2
      vertex -3.4325669407844543 2.2350864931941032 7
      vertex -3.5415568947792053 2.250493675470352 7
    endloop
  endfacet
  facet normal -0.38977120752653643 -0.9209117252936383 0
    outer loop
      vertex -3.2378292232751846 2.1825310215353966 6.2
      vertex -3.1333660408854485 2.138317510485649 7
      vertex -3.2378292232751846 2.1825310215353966 7
    endloop
  endfacet
  facet normal -0.20933603842328946 -0.9778437620689939 0
    outer loop
      vertex -3.4325669407844543 2.2350864931941032 6.2
      vertex -3.347511999309063 2.2168779969215393 7
      vertex -3.4325669407844543 2.2350864931941032 7
    endloop
  endfacet
  facet normal -0.29883857815211834 -0.9543036750469004 0
    outer loop
      vertex -3.347511999309063 2.2168779969215393 6.2
      vertex -3.2378292232751846 2.1825310215353966 7
      vertex -3.347511999309063 2.2168779969215393 7
    endloop
  endfacet
  facet normal -0.9254862283931814 -0.3787812575280937 0
    outer loop
      vertex -2.559455022215843 1.5558683276176453 6.2
      vertex -2.5107466503977776 1.4368578791618347 7
      vertex -2.559455022215843 1.5558683276176453 7
    endloop
  endfacet
  facet normal -0.7665659943656062 -0.6421655365108513 0
    outer loop
      vertex -2.7677092254161835 1.862798161804676 6.2
      vertex -2.689343996345997 1.7692520022392273 7
      vertex -2.7677092254161835 1.862798161804676 7
    endloop
  endfacet
  facet normal -0.8246835210542803 -0.5655944572761604 0
    outer loop
      vertex -2.689343996345997 1.7692520022392273 6.2
      vertex -2.6189874708652496 1.666666366159916 7
      vertex -2.689343996345997 1.7692520022392273 7
    endloop
  endfacet
  facet normal -0.880895660643247 -0.4733105059682253 0
    outer loop
      vertex -2.6189874708652496 1.666666366159916 6.2
      vertex -2.559455022215843 1.5558683276176453 7
      vertex -2.6189874708652496 1.666666366159916 7
    endloop
  endfacet
  facet normal -0.4784918586912381 -0.8780919890115183 0
    outer loop
      vertex -3.1333660408854485 2.138317510485649 6.2
      vertex -3.0341224521398544 2.0842374712228775 7
      vertex -3.1333660408854485 2.138317510485649 7
    endloop
  endfacet
  facet normal -0.562371679205529 -0.8268845714049534 0
    outer loop
      vertex -3.0341224521398544 2.0842374712228775 6.2
      vertex -2.940098449587822 2.020290896296501 7
      vertex -3.0341224521398544 2.0842374712228775 7
    endloop
  endfacet
  facet normal -0.6392099289961054 -0.7690322923472029 0
    outer loop
      vertex -2.940098449587822 2.020290896296501 6.2
      vertex -2.8512940406799316 1.9464777931571007 7
      vertex -2.940098449587822 2.020290896296501 7
    endloop
  endfacet
  facet normal -0.7075075004496767 -0.7067058347059622 0
    outer loop
      vertex -2.8512940406799316 1.9464777931571007 6.2
      vertex -2.7677092254161835 1.862798161804676 7
      vertex -2.8512940406799316 1.9464777931571007 7
    endloop
  endfacet
  facet normal -0.9595468540289056 0.2815489920479736 0
    outer loop
      vertex -2.502142772078514 0.3455144464969635 6.2
      vertex -2.502142772078514 0.3455144464969635 7
      vertex -2.4740668162703514 0.4412000849843025 6.2
    endloop
  endfacet
  facet normal -0.9774853671836476 0.21100321547751297 0
    outer loop
      vertex -2.4740668162703514 0.4412000849843025 6.2
      vertex -2.4740668162703514 0.4412000849843025 7
      vertex -2.4522299617528915 0.5423606559634209 6.2
    endloop
  endfacet
  facet normal -0.9894709475386907 0.1447316274242976 0
    outer loop
      vertex -2.4522299617528915 0.5423606559634209 6.2
      vertex -2.4522299617528915 0.5423606559634209 7
      vertex -2.436632201075554 0.6489961668848991 6.2
    endloop
  endfacet
  facet normal -0.9965338934300837 0.08318773494379242 0
    outer loop
      vertex -2.436632201075554 0.6489961668848991 6.2
      vertex -2.436632201075554 0.6489961668848991 7
      vertex -2.4272735491394997 0.7611066102981567 6.2
    endloop
  endfacet
  facet normal -0.999648262908032 0.02652075536168383 0
    outer loop
      vertex -2.4272735491394997 0.7611066102981567 6.2
      vertex -2.4272735491394997 0.7611066102981567 7
      vertex -2.4241539984941483 0.8786920011043549 6.2
    endloop
  endfacet
  facet normal -0.9993655584224642 -0.03561573583342278 0
    outer loop
      vertex -2.4241539984941483 0.8786920011043549 6.2
      vertex -2.4241539984941483 0.8786920011043549 7
      vertex -2.429566040635109 1.0305520817637444 6.2
    endloop
  endfacet
  facet normal -0.9936729640621174 -0.1123122455122589 0
    outer loop
      vertex -2.429566040635109 1.0305520817637444 6.2
      vertex -2.429566040635109 1.0305520817637444 7
      vertex -2.4458021596074104 1.174199752509594 6.2
    endloop
  endfacet
  facet normal -0.9806180340730443 -0.19592925062562164 0
    outer loop
      vertex -2.4458021596074104 1.174199752509594 6.2
      vertex -2.4458021596074104 1.174199752509594 7
      vertex -2.472862370312214 1.3096350207924843 6.2
    endloop
  endfacet
  facet normal 0 0 1
    outer loop
      vertex -1.6658900007605553 -2.2874879986047745 6.2
      vertex -0.7425319999456406 0.4981340020895004 6.2
      vertex -1.6658900007605553 2.285510003566742 6.2
    endloop
  endfacet
  facet normal 1 0 0
    outer loop
      vertex -1.6658900007605553 -2.2874879986047745 6.2
      vertex -1.6658900007605553 2.285510003566742 6.2
      vertex -1.6658900007605553 2.285510003566742 7
    endloop
  endfacet
  facet normal -0.9595468540289056 0.2815489920479736 0
    outer loop
      vertex -2.502142772078514 0.3455144464969635 7
      vertex -2.4740668162703514 0.4412000849843025 7
      vertex -2.4740668162703514 0.4412000849843025 6.2
    endloop
  endfacet
  facet normal -0.9774853671836476 0.21100321547751297 0
    outer loop
      vertex -2.4522299617528915 0.5423606559634209 6.2
      vertex -2.4740668162703514 0.4412000849843025 7
      vertex -2.4522299617528915 0.5423606559634209 7
    endloop
  endfacet
  facet normal -0.9894709475386907 0.1447316274242976 0
    outer loop
      vertex -2.436632201075554 0.6489961668848991 6.2
      vertex -2.4522299617528915 0.5423606559634209 7
      vertex -2.436632201075554 0.6489961668848991 7
    endloop
  endfacet
  facet normal -0.9965338934300837 0.08318773494379242 0
    outer loop
      vertex -2.4272735491394997 0.7611066102981567 6.2
      vertex -2.436632201075554 0.6489961668848991 7
      vertex -2.4272735491394997 0.7611066102981567 7
    endloop
  endfacet
  facet normal -0.999648262908032 0.02652075536168383 0
    outer loop
      vertex -2.4241539984941483 0.8786920011043549 6.2
      vertex -2.4272735491394997 0.7611066102981567 7
      vertex -2.4241539984941483 0.8786920011043549 7
    endloop
  endfacet
  facet normal -0.9993655584224642 -0.03561573583342278 0
    outer loop
      vertex -2.429566040635109 1.0305520817637444 6.2
      vertex -2.4241539984941483 0.8786920011043549 7
      vertex -2.429566040635109 1.0305520817637444 7
    endloop
  endfacet
  facet normal -0.9936729640621174 -0.1123122455122589 0
    outer loop
      vertex -2.4458021596074104 1.174199752509594 6.2
      vertex -2.429566040635109 1.0305520817637444 7
      vertex -2.4458021596074104 1.174199752509594 7
    endloop
  endfacet
  facet normal -0.958410187437303 -0.28539431076388677 0
    outer loop
      vertex -2.5107466503977776 1.4368578791618347 6.2
      vertex -2.472862370312214 1.3096350207924843 6.2
      vertex -2.472862370312214 1.3096350207924843 7
    endloop
  endfacet
  facet normal -0.9806180340730443 -0.19592925062562164 0
    outer loop
      vertex -2.4458021596074104 1.174199752509594 7
      vertex -2.472862370312214 1.3096350207924843 7
      vertex -2.472862370312214 1.3096350207924843 6.2
    endloop
  endfacet
  facet normal -0.958410187437303 -0.28539431076388677 0
    outer loop
      vertex -2.5107466503977776 1.4368578791618347 6.2
      vertex -2.472862370312214 1.3096350207924843 7
      vertex -2.5107466503977776 1.4368578791618347 7
    endloop
  endfacet
  facet normal -1 0 0
    outer loop
      vertex -0.7425319999456406 0.4981340020895004 6.2
      vertex -0.7425319999456406 0.4981340020895004 7
      vertex -0.7425319999456406 1.5119279995560646 6.2
    endloop
  endfacet
  facet normal -1 0 0
    outer loop
      vertex -0.7425319999456406 0.4981340020895004 7
      vertex -0.7425319999456406 1.5119279995560646 7
      vertex -0.7425319999456406 1.5119279995560646 6.2
    endloop
  endfacet
  facet normal 0 0 1
    outer loop
      vertex -1.6658900007605553 2.285510003566742 6.2
      vertex -0.7425319999456406 0.4981340020895004 6.2
      vertex -0.7425319999456406 1.5119279995560646 6.2
    endloop
  endfacet
  facet normal 0 0 1
    outer loop
      vertex -1.6658900007605553 2.285510003566742 6.2
      vertex -0.7425319999456406 1.5119279995560646 6.2
      vertex 1.7248620018363 2.285510003566742 6.2
    endloop
  endfacet
  facet normal 0 -1 0
    outer loop
      vertex -1.6658900007605553 2.285510003566742 6.2
      vertex 1.7248620018363 2.285510003566742 7
      vertex -1.6658900007605553 2.285510003566742 7
    endloop
  endfacet
  facet normal 0 0 1
    outer loop
      vertex -0.7425319999456406 -1.5169880017638206 6.2
      vertex 1.8122159987688065 -2.2874879986047745 6.2
      vertex 1.8122159987688065 -1.5169880017638206 6.2
    endloop
  endfacet
  facet normal 0 -1 0
    outer loop
      vertex -0.7425319999456406 -1.5169880017638206 6.2
      vertex 1.8122159987688065 -1.5169880017638206 6.2
      vertex 1.8122159987688065 -1.5169880017638206 7
    endloop
  endfacet
  facet normal 0 -1 0
    outer loop
      vertex -0.7425319999456406 -1.5169880017638206 6.2
      vertex 1.8122159987688065 -1.5169880017638206 7
      vertex -0.7425319999456406 -1.5169880017638206 7
    endloop
  endfacet
  facet normal 0 1 0
    outer loop
      vertex -1.6658900007605553 -2.2874879986047745 7
      vertex 1.8122159987688065 -2.2874879986047745 7
      vertex 1.8122159987688065 -2.2874879986047745 6.2
    endloop
  endfacet
  facet normal 0 1 0
    outer loop
      vertex -0.7425319999456406 -0.272366002202034 6.2
      vertex -0.7425319999456406 -0.272366002202034 7
      vertex 1.55332800000906 -0.272366002202034 6.2
    endloop
  endfacet
  facet normal 0 0 1
    outer loop
      vertex -0.7425319999456406 -0.272366002202034 6.2
      vertex 1.55332800000906 -0.272366002202034 6.2
      vertex 1.55332800000906 0.4981340020895004 6.2
    endloop
  endfacet
  facet normal 0 1 0
    outer loop
      vertex -0.7425319999456406 -0.272366002202034 7
      vertex 1.55332800000906 -0.272366002202034 7
      vertex 1.55332800000906 -0.272366002202034 6.2
    endloop
  endfacet
  facet normal -1 0 0
    outer loop
      vertex 1.8122159987688065 -2.2874879986047745 6.2
      vertex 1.8122159987688065 -2.2874879986047745 7
      vertex 1.8122159987688065 -1.5169880017638206 6.2
    endloop
  endfacet
  facet normal -1 0 0
    outer loop
      vertex 1.8122159987688065 -1.5169880017638206 6.2
      vertex 1.8122159987688065 -2.2874879986047745 7
      vertex 1.8122159987688065 -1.5169880017638206 7
    endloop
  endfacet
  facet normal -1 0 0
    outer loop
      vertex 1.55332800000906 -0.272366002202034 6.2
      vertex 1.55332800000906 -0.272366002202034 7
      vertex 1.55332800000906 0.4981340020895004 6.2
    endloop
  endfacet
  facet normal 0 0 1
    outer loop
      vertex 2.595458000898361 -2.2874879986047745 6.2
      vertex 3.518816001713276 -1.5169880017638206 6.2
      vertex 3.518816001713276 -0.272366002202034 6.2
    endloop
  endfacet
  facet normal 0 0 1
    outer loop
      vertex 2.595458000898361 -2.2874879986047745 6.2
      vertex 3.518816001713276 -0.272366002202034 6.2
      vertex 3.518816001713276 0.4981340020895004 6.2
    endloop
  endfacet
  facet normal -1 0 0
    outer loop
      vertex 3.518816001713276 -1.5169880017638206 6.2
      vertex 3.518816001713276 -1.5169880017638206 7
      vertex 3.518816001713276 -0.272366002202034 6.2
    endloop
  endfacet
  facet normal 1 0 0
    outer loop
      vertex 2.595458000898361 -2.2874879986047745 6.2
      vertex 2.595458000898361 2.285510003566742 7
      vertex 2.595458000898361 -2.2874879986047745 7
    endloop
  endfacet
  facet normal -1 0 0
    outer loop
      vertex 3.518816001713276 -1.5169880017638206 7
      vertex 3.518816001713276 -0.272366002202034 7
      vertex 3.518816001713276 -0.272366002202034 6.2
    endloop
  endfacet
  facet normal 0 0 1
    outer loop
      vertex 2.595458000898361 -2.2874879986047745 6.2
      vertex 6.073564000427723 -2.2874879986047745 6.2
      vertex 3.518816001713276 -1.5169880017638206 6.2
    endloop
  endfacet
  facet normal 0 1 0
    outer loop
      vertex 2.595458000898361 -2.2874879986047745 6.2
      vertex 2.595458000898361 -2.2874879986047745 7
      vertex 6.073564000427723 -2.2874879986047745 6.2
    endloop
  endfacet
  facet normal 0 -1 0
    outer loop
      vertex 3.518816001713276 -1.5169880017638206 6.2
      vertex 6.073564000427723 -1.5169880017638206 7
      vertex 3.518816001713276 -1.5169880017638206 7
    endloop
  endfacet
  facet normal 0 1 0
    outer loop
      vertex 2.595458000898361 -2.2874879986047745 7
      vertex 6.073564000427723 -2.2874879986047745 7
      vertex 6.073564000427723 -2.2874879986047745 6.2
    endloop
  endfacet
  facet normal 0 1 0
    outer loop
      vertex 3.518816001713276 -0.272366002202034 6.2
      vertex 3.518816001713276 -0.272366002202034 7
      vertex 5.814676001667976 -0.272366002202034 6.2
    endloop
  endfacet
  facet normal 0 0 1
    outer loop
      vertex 3.518816001713276 -1.5169880017638206 6.2
      vertex 6.073564000427723 -2.2874879986047745 6.2
      vertex 6.073564000427723 -1.5169880017638206 6.2
    endloop
  endfacet
  facet normal 0 -1 0
    outer loop
      vertex 3.518816001713276 -1.5169880017638206 6.2
      vertex 6.073564000427723 -1.5169880017638206 6.2
      vertex 6.073564000427723 -1.5169880017638206 7
    endloop
  endfacet
  facet normal -1 0 0
    outer loop
      vertex 6.073564000427723 -2.2874879986047745 6.2
      vertex 6.073564000427723 -2.2874879986047745 7
      vertex 6.073564000427723 -1.5169880017638206 6.2
    endloop
  endfacet
  facet normal -1 0 0
    outer loop
      vertex 6.073564000427723 -1.5169880017638206 6.2
      vertex 6.073564000427723 -2.2874879986047745 7
      vertex 6.073564000427723 -1.5169880017638206 7
    endloop
  endfacet
  facet normal 0 0 1
    outer loop
      vertex 3.518816001713276 -0.272366002202034 6.2
      vertex 5.814676001667976 -0.272366002202034 6.2
      vertex 5.814676001667976 0.4981340020895004 6.2
    endloop
  endfacet
  facet normal -1 0 0
    outer loop
      vertex 5.814676001667976 -0.272366002202034 6.2
      vertex 5.814676001667976 -0.272366002202034 7
      vertex 5.814676001667976 0.4981340020895004 6.2
    endloop
  endfacet
  facet normal 0 1 0
    outer loop
      vertex 3.518816001713276 -0.272366002202034 7
      vertex 5.814676001667976 -0.272366002202034 7
      vertex 5.814676001667976 -0.272366002202034 6.2
    endloop
  endfacet
  facet normal 0 0 1
    outer loop
      vertex -0.7425319999456406 -0.272366002202034 6.2
      vertex 1.55332800000906 0.4981340020895004 6.2
      vertex -0.7425319999456406 0.4981340020895004 6.2
    endloop
  endfacet
  facet normal 0 -1 0
    outer loop
      vertex -0.7425319999456406 0.4981340020895004 6.2
      vertex 1.55332800000906 0.4981340020895004 6.2
      vertex 1.55332800000906 0.4981340020895004 7
    endloop
  endfacet
  facet normal 0 -1 0
    outer loop
      vertex -0.7425319999456406 0.4981340020895004 6.2
      vertex 1.55332800000906 0.4981340020895004 7
      vertex -0.7425319999456406 0.4981340020895004 7
    endloop
  endfacet
  facet normal 0 1 0
    outer loop
      vertex -0.7425319999456406 1.5119279995560646 6.2
      vertex -0.7425319999456406 1.5119279995560646 7
      vertex 1.7248620018363 1.5119279995560646 6.2
    endloop
  endfacet
  facet normal 0 -1 0
    outer loop
      vertex -1.6658900007605553 2.285510003566742 6.2
      vertex 1.7248620018363 2.285510003566742 6.2
      vertex 1.7248620018363 2.285510003566742 7
    endloop
  endfacet
  facet normal 0 0 1
    outer loop
      vertex -0.7425319999456406 1.5119279995560646 6.2
      vertex 1.7248620018363 1.5119279995560646 6.2
      vertex 1.7248620018363 2.285510003566742 6.2
    endloop
  endfacet
  facet normal 0 1 0
    outer loop
      vertex -0.7425319999456406 1.5119279995560646 7
      vertex 1.7248620018363 1.5119279995560646 7
      vertex 1.7248620018363 1.5119279995560646 6.2
    endloop
  endfacet
  facet normal -1 0 0
    outer loop
      vertex 1.55332800000906 -0.272366002202034 7
      vertex 1.55332800000906 0.4981340020895004 7
      vertex 1.55332800000906 0.4981340020895004 6.2
    endloop
  endfacet
  facet normal -1 0 0
    outer loop
      vertex 1.7248620018363 1.5119279995560646 6.2
      vertex 1.7248620018363 1.5119279995560646 7
      vertex 1.7248620018363 2.285510003566742 6.2
    endloop
  endfacet
  facet normal -1 0 0
    outer loop
      vertex 1.7248620018363 2.285510003566742 6.2
      vertex 1.7248620018363 1.5119279995560646 7
      vertex 1.7248620018363 2.285510003566742 7
    endloop
  endfacet
  facet normal 0 0 1
    outer loop
      vertex 2.595458000898361 -2.2874879986047745 6.2
      vertex 3.518816001713276 0.4981340020895004 6.2
      vertex 2.595458000898361 2.285510003566742 6.2
    endloop
  endfacet
  facet normal 1 0 0
    outer loop
      vertex 2.595458000898361 -2.2874879986047745 6.2
      vertex 2.595458000898361 2.285510003566742 6.2
      vertex 2.595458000898361 2.285510003566742 7
    endloop
  endfacet
  facet normal -1 0 0
    outer loop
      vertex 3.518816001713276 0.4981340020895004 6.2
      vertex 3.518816001713276 0.4981340020895004 7
      vertex 3.518816001713276 1.5119279995560646 6.2
    endloop
  endfacet
  facet normal -1 0 0
    outer loop
      vertex 3.518816001713276 0.4981340020895004 7
      vertex 3.518816001713276 1.5119279995560646 7
      vertex 3.518816001713276 1.5119279995560646 6.2
    endloop
  endfacet
  facet normal 0 0 1
    outer loop
      vertex 3.518816001713276 0.4981340020895004 6.2
      vertex 3.518816001713276 1.5119279995560646 6.2
      vertex 2.595458000898361 2.285510003566742 6.2
    endloop
  endfacet
  facet normal 0 -1 0
    outer loop
      vertex 2.595458000898361 2.285510003566742 6.2
      vertex 5.986210003495216 2.285510003566742 7
      vertex 2.595458000898361 2.285510003566742 7
    endloop
  endfacet
  facet normal 0 0 1
    outer loop
      vertex 3.518816001713276 -0.272366002202034 6.2
      vertex 5.814676001667976 0.4981340020895004 6.2
      vertex 3.518816001713276 0.4981340020895004 6.2
    endloop
  endfacet
  facet normal 0 -1 0
    outer loop
      vertex 3.518816001713276 0.4981340020895004 6.2
      vertex 5.814676001667976 0.4981340020895004 7
      vertex 3.518816001713276 0.4981340020895004 7
    endloop
  endfacet
  facet normal 0 1 0
    outer loop
      vertex 3.518816001713276 1.5119279995560646 6.2
      vertex 3.518816001713276 1.5119279995560646 7
      vertex 5.986210003495216 1.5119279995560646 6.2
    endloop
  endfacet
  facet normal 0 0 1
    outer loop
      vertex 2.595458000898361 2.285510003566742 6.2
      vertex 3.518816001713276 1.5119279995560646 6.2
      vertex 5.986210003495216 2.285510003566742 6.2
    endloop
  endfacet
  facet normal 0 -1 0
    outer loop
      vertex 2.595458000898361 2.285510003566742 6.2
      vertex 5.986210003495216 2.285510003566742 6.2
      vertex 5.986210003495216 2.285510003566742 7
    endloop
  endfacet
  facet normal 0 -1 0
    outer loop
      vertex 3.518816001713276 0.4981340020895004 6.2
      vertex 5.814676001667976 0.4981340020895004 6.2
      vertex 5.814676001667976 0.4981340020895004 7
    endloop
  endfacet
  facet normal -1 0 0
    outer loop
      vertex 5.814676001667976 -0.272366002202034 7
      vertex 5.814676001667976 0.4981340020895004 7
      vertex 5.814676001667976 0.4981340020895004 6.2
    endloop
  endfacet
  facet normal 0 0 1
    outer loop
      vertex 3.518816001713276 1.5119279995560646 6.2
      vertex 5.986210003495216 1.5119279995560646 6.2
      vertex 5.986210003495216 2.285510003566742 6.2
    endloop
  endfacet
  facet normal -1 0 0
    outer loop
      vertex 5.986210003495216 1.5119279995560646 6.2
      vertex 5.986210003495216 1.5119279995560646 7
      vertex 5.986210003495216 2.285510003566742 6.2
    endloop
  endfacet
  facet normal 0 1 0
    outer loop
      vertex 3.518816001713276 1.5119279995560646 7
      vertex 5.986210003495216 1.5119279995560646 7
      vertex 5.986210003495216 1.5119279995560646 6.2
    endloop
  endfacet
  facet normal -1 0 0
    outer loop
      vertex 5.986210003495216 2.285510003566742 6.2
      vertex 5.986210003495216 1.5119279995560646 7
      vertex 5.986210003495216 2.285510003566742 7
    endloop
  endfacet
endsolid OpenSCAD_Model
