solid OpenSCAD_Model
  facet normal 0 0 -1
    outer loop
      vertex -8.828427121043205 -8.828427121043205 0
      vertex -9.17341335862875 -8.435045719146729 0
      vertex -8.435045719146729 -9.17341335862875 0
    endloop
  endfacet
  facet normal 0 0 -1
    outer loop
      vertex -9.695518128573895 -7.530733726918697 0
      vertex -9.17341335862875 -8.435045719146729 0
      vertex -9.464101612567902 -8 0
    endloop
  endfacet
  facet normal -0.8968727416500544 -0.44228868998100634 0
    outer loop
      vertex -9.695518128573895 -7.530733726918697 0
      vertex -9.464101612567902 -8 0
      vertex -9.695518128573895 -7.530733726918697 1
    endloop
  endfacet
  facet normal 0 0 -1
    outer loop
      vertex -9.17341335862875 -8.435045719146729 0
      vertex -9.965779446065426 -6.522104769945145 0
      vertex -8 -9.464101612567902 0
    endloop
  endfacet
  facet normal -0.831469614167989 -0.5555702302277682 0
    outer loop
      vertex -9.464101612567902 -8 0
      vertex -9.17341335862875 -8.435045719146729 0
      vertex -9.464101612567902 -8 1
    endloop
  endfacet
  facet normal -0.7518398007112116 -0.6593458228172265 0
    outer loop
      vertex -8.828427121043205 -8.828427121043205 0
      vertex -8.828427121043205 -8.828427121043205 1
      vertex -9.17341335862875 -8.435045719146729 0
    endloop
  endfacet
  facet normal -0.8968727416500544 -0.44228868998100634 0
    outer loop
      vertex -9.464101612567902 -8 0
      vertex -9.464101612567902 -8 1
      vertex -9.695518128573895 -7.530733726918697 1
    endloop
  endfacet
  facet normal -0.831469614167989 -0.5555702302277682 0
    outer loop
      vertex -9.17341335862875 -8.435045719146729 0
      vertex -9.17341335862875 -8.435045719146729 1
      vertex -9.464101612567902 -8 1
    endloop
  endfacet
  facet normal -0.7518398007112116 -0.6593458228172265 0
    outer loop
      vertex -9.17341335862875 -8.435045719146729 0
      vertex -8.828427121043205 -8.828427121043205 1
      vertex -9.17341335862875 -8.435045719146729 1
    endloop
  endfacet
  facet normal 0 0 -1
    outer loop
      vertex -9.17341335862875 -8.435045719146729 0
      vertex -8 -9.464101612567902 0
      vertex -8.435045719146729 -9.17341335862875 0
    endloop
  endfacet
  facet normal -0.6593458228172265 -0.7518398007112116 0
    outer loop
      vertex -8.828427121043205 -8.828427121043205 0
      vertex -8.435045719146729 -9.17341335862875 0
      vertex -8.828427121043205 -8.828427121043205 1
    endloop
  endfacet
  facet normal -0.5555702302277682 -0.831469614167989 0
    outer loop
      vertex -8.435045719146729 -9.17341335862875 0
      vertex -8 -9.464101612567902 0
      vertex -8.435045719146729 -9.17341335862875 1
    endloop
  endfacet
  facet normal 0 0 -1
    outer loop
      vertex -8 -9.464101612567902 0
      vertex -7.035276181995869 -9.863703303039074 0
      vertex -7.530733726918697 -9.695518128573895 0
    endloop
  endfacet
  facet normal -0.44228868998100634 -0.8968727416500544 0
    outer loop
      vertex -8 -9.464101612567902 0
      vertex -7.530733726918697 -9.695518128573895 0
      vertex -7.530733726918697 -9.695518128573895 1
    endloop
  endfacet
  facet normal -0.6593458228172265 -0.7518398007112116 0
    outer loop
      vertex -8.435045719146729 -9.17341335862875 0
      vertex -8.435045719146729 -9.17341335862875 1
      vertex -8.828427121043205 -8.828427121043205 1
    endloop
  endfacet
  facet normal -0.5555702302277682 -0.831469614167989 0
    outer loop
      vertex -8 -9.464101612567902 0
      vertex -8 -9.464101612567902 1
      vertex -8.435045719146729 -9.17341335862875 1
    endloop
  endfacet
  facet normal -0.44228868998100634 -0.8968727416500544 0
    outer loop
      vertex -8 -9.464101612567902 0
      vertex -7.530733726918697 -9.695518128573895 1
      vertex -8 -9.464101612567902 1
    endloop
  endfacet
  facet normal 0 0 -1
    outer loop
      vertex -9.695518128573895 -7.530733726918697 0
      vertex -9.863703303039074 -7.035276181995869 0
      vertex -9.965779446065426 -6.522104769945145 0
    endloop
  endfacet
  facet normal 0 0 -1
    outer loop
      vertex -9.695518128573895 -7.530733726918697 0
      vertex -9.965779446065426 -6.522104769945145 0
      vertex -9.17341335862875 -8.435045719146729 0
    endloop
  endfacet
  facet normal -0.9469301290558149 -0.32143946659727024 0
    outer loop
      vertex -9.695518128573895 -7.530733726918697 0
      vertex -9.863703303039074 -7.035276181995869 1
      vertex -9.863703303039074 -7.035276181995869 0
    endloop
  endfacet
  facet normal -0.9807852794583501 -0.1950903267663619 0
    outer loop
      vertex -9.863703303039074 -7.035276181995869 0
      vertex -9.863703303039074 -7.035276181995869 1
      vertex -9.965779446065426 -6.522104769945145 0
    endloop
  endfacet
  facet normal -0.9978589233184303 -0.06540312801222277 0
    outer loop
      vertex -9.965779446065426 -6.522104769945145 0
      vertex -9.965779446065426 -6.522104769945145 1
      vertex -10 -6 0
    endloop
  endfacet
  facet normal -0.9469301290558149 -0.32143946659727024 0
    outer loop
      vertex -9.695518128573895 -7.530733726918697 0
      vertex -9.695518128573895 -7.530733726918697 1
      vertex -9.863703303039074 -7.035276181995869 1
    endloop
  endfacet
  facet normal -0.9807852794583501 -0.1950903267663619 0
    outer loop
      vertex -9.965779446065426 -6.522104769945145 0
      vertex -9.863703303039074 -7.035276181995869 1
      vertex -9.965779446065426 -6.522104769945145 1
    endloop
  endfacet
  facet normal -0.9978589233184303 -0.06540312801222277 0
    outer loop
      vertex -10 -6 0
      vertex -9.965779446065426 -6.522104769945145 1
      vertex -10 -6 1
    endloop
  endfacet
  facet normal 0 0 -1
    outer loop
      vertex -8 -9.464101612567902 0
      vertex -6 -10 0
      vertex -7.035276181995869 -9.863703303039074 0
    endloop
  endfacet
  facet normal -0.32143946659727024 -0.9469301290558149 0
    outer loop
      vertex -7.530733726918697 -9.695518128573895 0
      vertex -7.035276181995869 -9.863703303039074 0
      vertex -7.530733726918697 -9.695518128573895 1
    endloop
  endfacet
  facet normal 0 0 -1
    outer loop
      vertex -7.035276181995869 -9.863703303039074 0
      vertex -6 -10 0
      vertex -6.522104769945145 -9.965779446065426 0
    endloop
  endfacet
  facet normal -0.1950903267663619 -0.9807852794583501 0
    outer loop
      vertex -7.035276181995869 -9.863703303039074 0
      vertex -6.522104769945145 -9.965779446065426 0
      vertex -6.522104769945145 -9.965779446065426 1
    endloop
  endfacet
  facet normal -0.06540312801222277 -0.9978589233184303 0
    outer loop
      vertex -6.522104769945145 -9.965779446065426 0
      vertex -6 -10 0
      vertex -6.522104769945145 -9.965779446065426 1
    endloop
  endfacet
  facet normal -0.32143946659727024 -0.9469301290558149 0
    outer loop
      vertex -7.530733726918697 -9.695518128573895 1
      vertex -7.035276181995869 -9.863703303039074 0
      vertex -7.035276181995869 -9.863703303039074 1
    endloop
  endfacet
  facet normal -0.1950903267663619 -0.9807852794583501 0
    outer loop
      vertex -7.035276181995869 -9.863703303039074 0
      vertex -6.522104769945145 -9.965779446065426 1
      vertex -7.035276181995869 -9.863703303039074 1
    endloop
  endfacet
  facet normal -0.06540312801222277 -0.9978589233184303 0
    outer loop
      vertex -6 -10 0
      vertex -6 -10 1
      vertex -6.522104769945145 -9.965779446065426 1
    endloop
  endfacet
  facet normal -0.8184207103134639 -0.5468512314872876 0.17646889683692712
    outer loop
      vertex -9.464101612567902 -8 1
      vertex -9.17341335862875 -8.435045719146729 1
      vertex -8.571281291544437 -7.399999998509884 7
    endloop
  endfacet
  facet normal -0.8830411517346712 -0.4354677046840574 0.1749462846713351
    outer loop
      vertex -9.695518128573895 -7.530733726918697 1
      vertex -9.464101612567902 -8 1
      vertex -8.571281291544437 -7.399999998509884 7
    endloop
  endfacet
  facet normal -0.5468512314872876 -0.8184207103134639 0.17646889683692712
    outer loop
      vertex -8.435045719146729 -9.17341335862875 1
      vertex -8 -9.464101612567902 1
      vertex -7.399999998509884 -8.571281291544437 7
    endloop
  endfacet
  facet normal -0.4354677046840574 -0.8830411517346712 0.1749462846713351
    outer loop
      vertex -8 -9.464101612567902 1
      vertex -7.530733726918697 -9.695518128573895 1
      vertex -7.399999998509884 -8.571281291544437 7
    endloop
  endfacet
  facet normal -0.739936919094096 -0.6489072755810877 0.1772362927265961
    outer loop
      vertex -8.828427121043205 -8.828427121043205 1
      vertex -8.062741696834564 -8.062741696834564 7
      vertex -9.17341335862875 -8.435045719146729 1
    endloop
  endfacet
  facet normal -0.6489072755810877 -0.739936919094096 0.1772362927265961
    outer loop
      vertex -8.828427121043205 -8.828427121043205 1
      vertex -8.435045719146729 -9.17341335862875 1
      vertex -8.062741696834564 -8.062741696834564 7
    endloop
  endfacet
  facet normal -0.9327032174466533 -0.31661008083938413 0.17269268912012384
    outer loop
      vertex -9.695518128573895 -7.530733726918697 1
      vertex -8.756414502859116 -7.024586983025074 7
      vertex -9.863703303039074 -7.035276181995869 1
    endloop
  endfacet
  facet normal -0.966552287419362 -0.19225920855332887 0.16974413807506444
    outer loop
      vertex -9.863703303039074 -7.035276181995869 1
      vertex -8.97262355685234 -6.217683814466 7
      vertex -9.965779446065426 -6.522104769945145 1
    endloop
  endfacet
  facet normal -0.9839895011832029 -0.06449407807523447 0.16614805281572556
    outer loop
      vertex -9.965779446065426 -6.522104769945145 1
      vertex -8.97262355685234 -6.217683814466 7
      vertex -10 -6 1
    endloop
  endfacet
  facet normal -0.31661008083938413 -0.9327032174466533 0.17269268912012384
    outer loop
      vertex -7.530733726918697 -9.695518128573895 1
      vertex -7.035276181995869 -9.863703303039074 1
      vertex -7.024586983025074 -8.756414502859116 7
    endloop
  endfacet
  facet normal -0.19225920855332887 -0.966552287419362 0.16974413807506444
    outer loop
      vertex -7.035276181995869 -9.863703303039074 1
      vertex -6.522104769945145 -9.965779446065426 1
      vertex -6.217683814466 -8.97262355685234 7
    endloop
  endfacet
  facet normal -0.06449407807523447 -0.9839895011832029 0.16614805281572556
    outer loop
      vertex -6.522104769945145 -9.965779446065426 1
      vertex -6 -10 1
      vertex -6.217683814466 -8.97262355685234 7
    endloop
  endfacet
  facet normal 0 0 -1
    outer loop
      vertex -8 -9.464101612567902 0
      vertex -9.965779446065426 -6.522104769945145 0
      vertex -10 6 0
    endloop
  endfacet
  facet normal 0 0 -1
    outer loop
      vertex -9.965779446065426 -6.522104769945145 0
      vertex -10 -6 0
      vertex -10 6 0
    endloop
  endfacet
  facet normal -1 0 0
    outer loop
      vertex -10 -6 0
      vertex -10 -6 1
      vertex -10 6 0
    endloop
  endfacet
  facet normal 0 0 -1
    outer loop
      vertex -8 -9.464101612567902 0
      vertex 6.522104769945145 -9.965779446065426 0
      vertex -6 -10 0
    endloop
  endfacet
  facet normal 0 -1 0
    outer loop
      vertex -6 -10 0
      vertex 6 -10 1
      vertex -6 -10 1
    endloop
  endfacet
  facet normal 0 -0.9863939238321437 0.1643989873053573
    outer loop
      vertex -6 -10 1
      vertex 6 -10 1
      vertex -5.799999997019768 -9 7
    endloop
  endfacet
  facet normal 0 0 -1
    outer loop
      vertex -8 -9.464101612567902 0
      vertex -10 6 0
      vertex 10 -6 0
    endloop
  endfacet
  facet normal -0.8184207047899221 -0.5468512394873792 0.17646889766268697
    outer loop
      vertex -9.17341335862875 -8.435045719146729 1
      vertex -8.338730685412884 -7.7480365708470345 7
      vertex -8.571281291544437 -7.399999998509884 7
    endloop
  endfacet
  facet normal -0.7399369253057156 -0.6489072683073108 0.17723629342509833
    outer loop
      vertex -9.17341335862875 -8.435045719146729 1
      vertex -8.062741696834564 -8.062741696834564 7
      vertex -8.338730685412884 -7.7480365708470345 7
    endloop
  endfacet
  facet normal -0.6489072683073108 -0.7399369253057156 0.17723629342509833
    outer loop
      vertex -8.435045719146729 -9.17341335862875 1
      vertex -7.7480365708470345 -8.338730685412884 7
      vertex -8.062741696834564 -8.062741696834564 7
    endloop
  endfacet
  facet normal -0.5468512394873792 -0.8184207047899221 0.17646889766268697
    outer loop
      vertex -8.435045719146729 -9.17341335862875 1
      vertex -7.399999998509884 -8.571281291544437 7
      vertex -7.7480365708470345 -8.338730685412884 7
    endloop
  endfacet
  facet normal -0.9327032226670733 -0.31661006495047206 0.172692690055236
    outer loop
      vertex -9.863703303039074 -7.035276181995869 1
      vertex -8.756414502859116 -7.024586983025074 7
      vertex -8.89096263796091 -6.628220938146114 7
    endloop
  endfacet
  facet normal -0.8830411517533103 -0.43546770464519824 0.17494628467398085
    outer loop
      vertex -9.695518128573895 -7.530733726918697 1
      vertex -8.571281291544437 -7.399999998509884 7
      vertex -8.756414502859116 -7.024586983025074 7
    endloop
  endfacet
  facet normal -0.9665522846471342 -0.19225922131806228 0.16974413940274316
    outer loop
      vertex -9.863703303039074 -7.035276181995869 1
      vertex -8.89096263796091 -6.628220938146114 7
      vertex -8.97262355685234 -6.217683814466 7
    endloop
  endfacet
  facet normal -0.9839895011964398 -0.06449407784601494 0.16614805282630835
    outer loop
      vertex -10 -6 1
      vertex -8.97262355685234 -6.217683814466 7
      vertex -9 -5.799999997019768 7
    endloop
  endfacet
  facet normal -0.43546770464519824 -0.8830411517533103 0.17494628467398085
    outer loop
      vertex -7.530733726918697 -9.695518128573895 1
      vertex -7.024586983025074 -8.756414502859116 7
      vertex -7.399999998509884 -8.571281291544437 7
    endloop
  endfacet
  facet normal -0.31661006495047206 -0.9327032226670733 0.172692690055236
    outer loop
      vertex -7.035276181995869 -9.863703303039074 1
      vertex -6.628220938146114 -8.89096263796091 7
      vertex -7.024586983025074 -8.756414502859116 7
    endloop
  endfacet
  facet normal -0.19225922131806228 -0.9665522846471342 0.16974413940274316
    outer loop
      vertex -7.035276181995869 -9.863703303039074 1
      vertex -6.217683814466 -8.97262355685234 7
      vertex -6.628220938146114 -8.89096263796091 7
    endloop
  endfacet
  facet normal -0.06449407784601494 -0.9839895011964398 0.16614805282630835
    outer loop
      vertex -6 -10 1
      vertex -5.799999997019768 -9 7
      vertex -6.217683814466 -8.97262355685234 7
    endloop
  endfacet
  facet normal 0 0 1
    outer loop
      vertex -8.338730685412884 -7.7480365708470345 7
      vertex -8.062741696834564 -8.062741696834564 7
      vertex -8.571281291544437 -7.399999998509884 7
    endloop
  endfacet
  facet normal 0 0 1
    outer loop
      vertex -7.7480365708470345 -8.338730685412884 7
      vertex -7.399999998509884 -8.571281291544437 7
      vertex -8.062741696834564 -8.062741696834564 7
    endloop
  endfacet
  facet normal 0 0 1
    outer loop
      vertex -8.062741696834564 -8.062741696834564 7
      vertex -7.399999998509884 -8.571281291544437 7
      vertex -8.571281291544437 -7.399999998509884 7
    endloop
  endfacet
  facet normal 0 0 1
    outer loop
      vertex -8.89096263796091 -6.628220938146114 7
      vertex -8.571281291544437 -7.399999998509884 7
      vertex -9 -5.799999997019768 7
    endloop
  endfacet
  facet normal 0 0 1
    outer loop
      vertex -8.89096263796091 -6.628220938146114 7
      vertex -9 -5.799999997019768 7
      vertex -8.97262355685234 -6.217683814466 7
    endloop
  endfacet
  facet normal 0 0 1
    outer loop
      vertex -8.756414502859116 -7.024586983025074 7
      vertex -8.571281291544437 -7.399999998509884 7
      vertex -8.89096263796091 -6.628220938146114 7
    endloop
  endfacet
  facet normal 0 0 1
    outer loop
      vertex -9 -5.799999997019768 7
      vertex -8.571281291544437 -7.399999998509884 7
      vertex -7.399999998509884 -8.571281291544437 7
    endloop
  endfacet
  facet normal 0 0 1
    outer loop
      vertex -9 -5.799999997019768 7
      vertex -7.399999998509884 -8.571281291544437 7
      vertex -7.842678003013134 -2.2860160022974014 7
    endloop
  endfacet
  facet normal 0 0 1
    outer loop
      vertex -6.628220938146114 -8.89096263796091 7
      vertex -5.799999997019768 -9 7
      vertex -7.399999998509884 -8.571281291544437 7
    endloop
  endfacet
  facet normal 0 0 1
    outer loop
      vertex -7.024586983025074 -8.756414502859116 7
      vertex -6.628220938146114 -8.89096263796091 7
      vertex -7.399999998509884 -8.571281291544437 7
    endloop
  endfacet
  facet normal 0 0 1
    outer loop
      vertex -6.628220938146114 -8.89096263796091 7
      vertex -6.217683814466 -8.97262355685234 7
      vertex -5.799999997019768 -9 7
    endloop
  endfacet
  facet normal -0.9863939238321437 0 0.1643989873053573
    outer loop
      vertex -10 -6 1
      vertex -9 -5.799999997019768 7
      vertex -9 5.799999997019768 7
    endloop
  endfacet
  facet normal 0 0 1
    outer loop
      vertex -9 -5.799999997019768 7
      vertex -7.842678003013134 -2.2860160022974014 7
      vertex -8.766035996377468 -2.2860160022974014 7
    endloop
  endfacet
  facet normal 0 0 1
    outer loop
      vertex -9 -5.799999997019768 7
      vertex -8.766035996377468 -2.2860160022974014 7
      vertex -8.766035996377468 2.286981999874115 7
    endloop
  endfacet
  facet normal 0 0 1
    outer loop
      vertex -7.842678003013134 -2.2860160022974014 7
      vertex -7.240676000714302 -0.5610160008072853 7
      vertex -7.842678003013134 -0.5610160008072853 7
    endloop
  endfacet
  facet normal 0 0 1
    outer loop
      vertex -7.399999998509884 -8.571281291544437 7
      vertex -7.240676000714302 -0.5610160008072853 7
      vertex -7.842678003013134 -2.2860160022974014 7
    endloop
  endfacet
  facet normal 0 0 1
    outer loop
      vertex -7.399999998509884 -8.571281291544437 7
      vertex -7.067574247717857 -0.5596791803836823 7
      vertex -7.240676000714302 -0.5610160008072853 7
    endloop
  endfacet
  facet normal 0 0 1
    outer loop
      vertex -7.399999998509884 -8.571281291544437 7
      vertex -6.9065695479512215 -0.5556687340140343 7
      vertex -7.067574247717857 -0.5596791803836823 7
    endloop
  endfacet
  facet normal 0 0 1
    outer loop
      vertex -7.399999998509884 -8.571281291544437 7
      vertex -6.757661916315556 -0.5489846542477608 7
      vertex -6.9065695479512215 -0.5556687340140343 7
    endloop
  endfacet
  facet normal 0 0 1
    outer loop
      vertex -7.399999998509884 -8.571281291544437 7
      vertex -6.620851345360279 -0.5396269410848618 7
      vertex -6.757661916315556 -0.5489846542477608 7
    endloop
  endfacet
  facet normal 0 0 1
    outer loop
      vertex -7.399999998509884 -8.571281291544437 7
      vertex -6.496137835085392 -0.5275955945253372 7
      vertex -6.620851345360279 -0.5396269410848618 7
    endloop
  endfacet
  facet normal 0 0 1
    outer loop
      vertex -7.399999998509884 -8.571281291544437 7
      vertex -6.383521385490894 -0.5128906145691872 7
      vertex -6.496137835085392 -0.5275955945253372 7
    endloop
  endfacet
  facet normal 0 0 1
    outer loop
      vertex -7.399999998509884 -8.571281291544437 7
      vertex -6.283001996576786 -0.4955120012164116 7
      vertex -6.383521385490894 -0.5128906145691872 7
    endloop
  endfacet
  facet normal 0 0 1
    outer loop
      vertex -7.399999998509884 -8.571281291544437 7
      vertex -6.213648080825806 -0.47809865325689316 7
      vertex -6.283001996576786 -0.4955120012164116 7
    endloop
  endfacet
  facet normal 0 0 1
    outer loop
      vertex -7.399999998509884 -8.571281291544437 7
      vertex -6.144611470401287 -0.4561660438776016 7
      vertex -6.213648080825806 -0.47809865325689316 7
    endloop
  endfacet
  facet normal 0 0 1
    outer loop
      vertex -7.399999998509884 -8.571281291544437 7
      vertex -6.07589216530323 -0.4297141656279564 7
      vertex -6.144611470401287 -0.4561660438776016 7
    endloop
  endfacet
  facet normal 0 0 1
    outer loop
      vertex -7.399999998509884 -8.571281291544437 7
      vertex -6.007490165531635 -0.39874301850795746 7
      vertex -6.07589216530323 -0.4297141656279564 7
    endloop
  endfacet
  facet normal 0 0 1
    outer loop
      vertex -7.399999998509884 -8.571281291544437 7
      vertex -4.249541021883488 -1.5543080791831017 7
      vertex -4.384694650769234 -1.3477577567100525 7
    endloop
  endfacet
  facet normal 0 0 1
    outer loop
      vertex -7.399999998509884 -8.571281291544437 7
      vertex -3.909269630908966 -1.9067948162555695 7
      vertex -4.0898139998316765 -1.741697996854782 7
    endloop
  endfacet
  facet normal 0 0 1
    outer loop
      vertex -7.399999998509884 -8.571281291544437 7
      vertex -3.7116639614105225 -2.0464921221137047 7
      vertex -3.909269630908966 -1.9067948162555695 7
    endloop
  endfacet
  facet normal 0 0 1
    outer loop
      vertex -7.399999998509884 -8.571281291544437 7
      vertex -4.0898139998316765 -1.741697996854782 7
      vertex -4.249541021883488 -1.5543080791831017 7
    endloop
  endfacet
  facet normal 0 0 1
    outer loop
      vertex -7.399999998509884 -8.571281291544437 7
      vertex -4.384694650769234 -1.3477577567100525 7
      vertex -6.007490165531635 -0.39874301850795746 7
    endloop
  endfacet
  facet normal 0 0 1
    outer loop
      vertex -6.007490165531635 -0.39874301850795746 7
      vertex -4.495274901390076 -1.122047021985054 7
      vertex -4.581281751394272 -0.8771758750081062 7
    endloop
  endfacet
  facet normal 0 0 1
    outer loop
      vertex -6.007490165531635 -0.39874301850795746 7
      vertex -4.581281751394272 -0.8771758750081062 7
      vertex -5.939405471086502 -0.3632526099681854 7
    endloop
  endfacet
  facet normal 0 0 1
    outer loop
      vertex -5.939405471086502 -0.3632526099681854 7
      vertex -4.581281751394272 -0.8771758750081062 7
      vertex -5.871638081967831 -0.3232429400086403 7
    endloop
  endfacet
  facet normal 0 0 1
    outer loop
      vertex -5.871638081967831 -0.3232429400086403 7
      vertex -4.642715223133564 -0.6131443232297897 7
      vertex -5.804187998175621 -0.27871400117874146 7
    endloop
  endfacet
  facet normal 0 0 1
    outer loop
      vertex -5.804187998175621 -0.27871400117874146 7
      vertex -4.642715223133564 -0.6131443232297897 7
      vertex -5.73858354985714 -0.2293991819024086 7
    endloop
  endfacet
  facet normal 0 0 1
    outer loop
      vertex -5.73858354985714 -0.2293991819024086 7
      vertex -4.642715223133564 -0.6131443232297897 7
      vertex -5.676353059709072 -0.17505816370248795 7
    endloop
  endfacet
  facet normal 0 0 1
    outer loop
      vertex -5.676353059709072 -0.17505816370248795 7
      vertex -4.6795753091573715 -0.3299523666501045 7
      vertex -5.617496527731419 -0.1156909391283989 7
    endloop
  endfacet
  facet normal 0 0 1
    outer loop
      vertex -5.871638081967831 -0.3232429400086403 7
      vertex -4.581281751394272 -0.8771758750081062 7
      vertex -4.642715223133564 -0.6131443232297897 7
    endloop
  endfacet
  facet normal 0 0 1
    outer loop
      vertex -5.617496527731419 -0.1156909391283989 7
      vertex -4.6795753091573715 -0.3299523666501045 7
      vertex -5.56201396137476 -0.05129750818014145 7
    endloop
  endfacet
  facet normal 0 0 1
    outer loop
      vertex -5.56201396137476 -0.05129750818014145 7
      vertex -4.6795753091573715 -0.3299523666501045 7
      vertex -5.509905345737934 0.018122121691703796 7
    endloop
  endfacet
  facet normal 0 0 1
    outer loop
      vertex -7.399999998509884 -8.571281291544437 7
      vertex -5.799999997019768 -9 7
      vertex 5.799999997019768 -9 7
    endloop
  endfacet
  facet normal 0 0 1
    outer loop
      vertex -7.399999998509884 -8.571281291544437 7
      vertex -3.016479104757309 -2.3131869807839394 7
      vertex -3.2652686908841133 -2.2496882006525993 7
    endloop
  endfacet
  facet normal 0 0 1
    outer loop
      vertex -7.399999998509884 -8.571281291544437 7
      vertex -2.7506282031536102 -2.3512862473726273 7
      vertex -3.016479104757309 -2.3131869807839394 7
    endloop
  endfacet
  facet normal 0 0 1
    outer loop
      vertex -7.399999998509884 -8.571281291544437 7
      vertex -3.4969969764351845 -2.1607899218797684 7
      vertex -3.7116639614105225 -2.0464921221137047 7
    endloop
  endfacet
  facet normal 0 0 1
    outer loop
      vertex -7.399999998509884 -8.571281291544437 7
      vertex -3.2652686908841133 -2.2496882006525993 7
      vertex -3.4969969764351845 -2.1607899218797684 7
    endloop
  endfacet
  facet normal 0 0 1
    outer loop
      vertex -7.399999998509884 -8.571281291544437 7
      vertex -2.4677160009741783 -2.363986000418663 7
      vertex -2.7506282031536102 -2.3512862473726273 7
    endloop
  endfacet
  facet normal 0 0 1
    outer loop
      vertex -7.399999998509884 -8.571281291544437 7
      vertex -2.188123308122158 -2.351222410798073 7
      vertex -2.4677160009741783 -2.363986000418663 7
    endloop
  endfacet
  facet normal 0 0 1
    outer loop
      vertex -7.399999998509884 -8.571281291544437 7
      vertex -1.9250812232494354 -2.3129316344857216 7
      vertex -2.188123308122158 -2.351222410798073 7
    endloop
  endfacet
  facet normal 0 0 1
    outer loop
      vertex -7.399999998509884 -8.571281291544437 7
      vertex -1.678589753806591 -2.2491136714816093 7
      vertex -1.9250812232494354 -2.3129316344857216 7
    endloop
  endfacet
  facet normal 0 0 1
    outer loop
      vertex -7.399999998509884 -8.571281291544437 7
      vertex -1.4486488997936249 -2.1597685292363167 7
      vertex -1.678589753806591 -2.2491136714816093 7
    endloop
  endfacet
  facet normal 0 0 1
    outer loop
      vertex -7.399999998509884 -8.571281291544437 7
      vertex -1.2352586537599564 -2.0448962077498436 7
      vertex -1.4486488997936249 -2.1597685292363167 7
    endloop
  endfacet
  facet normal 0 0 1
    outer loop
      vertex -7.399999998509884 -8.571281291544437 7
      vertex -1.038419023156166 -1.904496692121029 7
      vertex -1.2352586537599564 -2.0448962077498436 7
    endloop
  endfacet
  facet normal 0 0 1
    outer loop
      vertex -6.007490165531635 -0.39874301850795746 7
      vertex -4.384694650769234 -1.3477577567100525 7
      vertex -4.495274901390076 -1.122047021985054 7
    endloop
  endfacet
  facet normal 0 0 1
    outer loop
      vertex -5.676353059709072 -0.17505816370248795 7
      vertex -4.642715223133564 -0.6131443232297897 7
      vertex -4.6795753091573715 -0.3299523666501045 7
    endloop
  endfacet
  facet normal 0 0 1
    outer loop
      vertex -4.691862002015114 -0.02759999781847 7
      vertex -5.509905345737934 0.018122121691703796 7
      vertex -4.6795753091573715 -0.3299523666501045 7
    endloop
  endfacet
  facet normal 0 0 1
    outer loop
      vertex -2.77056498080492 -1.5420880392193794 7
      vertex -3.4769034311175346 -1.0517684072256088 7
      vertex -3.3817360028624535 -1.173965997993946 7
    endloop
  endfacet
  facet normal 0 0 1
    outer loop
      vertex -3.2752882465720177 -1.280312366783619 7
      vertex -3.160947263240814 -1.3702977523207664 7
      vertex -3.0387130603194237 -1.4439221620559692 7
    endloop
  endfacet
  facet normal 0 0 1
    outer loop
      vertex -3.2752882465720177 -1.280312366783619 7
      vertex -2.9085856303572655 -1.5011855885386467 7
      vertex -3.3817360028624535 -1.173965997993946 7
    endloop
  endfacet
  facet normal 0 0 1
    outer loop
      vertex -3.2752882465720177 -1.280312366783619 7
      vertex -3.0387130603194237 -1.4439221620559692 7
      vertex -2.9085856303572655 -1.5011855885386467 7
    endloop
  endfacet
  facet normal 0 0 1
    outer loop
      vertex -2.9085856303572655 -1.5011855885386467 7
      vertex -2.77056498080492 -1.5420880392193794 7
      vertex -3.3817360028624535 -1.173965997993946 7
    endloop
  endfacet
  facet normal 0 0 1
    outer loop
      vertex -2.6246511042118073 -1.5666295066475868 7
      vertex -3.4769034311175346 -1.0517684072256088 7
      vertex -2.77056498080492 -1.5420880392193794 7
    endloop
  endfacet
  facet normal 0 0 1
    outer loop
      vertex -2.6246511042118073 -1.5666295066475868 7
      vertex -2.4708440005779266 -1.5748099982738495 7
      vertex -3.4769034311175346 -1.0517684072256088 7
    endloop
  endfacet
  facet normal 0 0 1
    outer loop
      vertex -3.4769034311175346 -1.0517684072256088 7
      vertex -2.4708440005779266 -1.5748099982738495 7
      vertex -2.317133590579033 -1.5666933432221413 7
    endloop
  endfacet
  facet normal 0 0 1
    outer loop
      vertex -3.4769034311175346 -1.0517684072256088 7
      vertex -2.317133590579033 -1.5666933432221413 7
      vertex -2.1715097948908806 -1.5423433855175972 7
    endloop
  endfacet
  facet normal 0 0 1
    outer loop
      vertex -3.4769034311175346 -1.0517684072256088 7
      vertex -2.1715097948908806 -1.5423433855175972 7
      vertex -2.0339726135134697 -1.5017601251602173 7
    endloop
  endfacet
  facet normal 0 0 1
    outer loop
      vertex -3.62331485748291 -0.7613488137722015 7
      vertex -3.55742971599102 -0.9142293483018875 7
      vertex -1.3912718743085861 -0.9173573479056358 7
    endloop
  endfacet
  facet normal 0 0 1
    outer loop
      vertex -3.62331485748291 -0.7613488137722015 7
      vertex -1.3912718743085861 -0.9173573479056358 7
      vertex -3.6745588555932045 -0.5931268185377121 7
    endloop
  endfacet
  facet normal 0 0 1
    outer loop
      vertex -3.6745588555932045 -0.5931268185377121 7
      vertex -1.3912718743085861 -0.9173573479056358 7
      vertex -3.711161717772484 -0.409563347697258 7
    endloop
  endfacet
  facet normal 0 0 1
    outer loop
      vertex -3.4769034311175346 -1.0517684072256088 7
      vertex -1.3912718743085861 -0.9173573479056358 7
      vertex -3.55742971599102 -0.9142293483018875 7
    endloop
  endfacet
  facet normal 0 0 1
    outer loop
      vertex -3.711161717772484 -0.409563347697258 7
      vertex -1.2178537547588348 -0.20306183397769928 7
      vertex -3.733123429119587 -0.21065840870141983 7
    endloop
  endfacet
  facet normal 0 0 1
    outer loop
      vertex -7.399999998509884 -8.571281291544437 7
      vertex 1.0602023676037788 -1.9067948162555695 7
      vertex -1.038419023156166 -1.904496692121029 7
    endloop
  endfacet
  facet normal 0 0 1
    outer loop
      vertex -7.399999998509884 -8.571281291544437 7
      vertex 1.2578080371022224 -2.0464921221137047 7
      vertex 1.0602023676037788 -1.9067948162555695 7
    endloop
  endfacet
  facet normal 0 0 1
    outer loop
      vertex -7.399999998509884 -8.571281291544437 7
      vertex 1.4724750220775604 -2.1607899218797684 7
      vertex 1.2578080371022224 -2.0464921221137047 7
    endloop
  endfacet
  facet normal 0 0 1
    outer loop
      vertex -7.399999998509884 -8.571281291544437 7
      vertex 1.7042033076286316 -2.2496882006525993 7
      vertex 1.4724750220775604 -2.1607899218797684 7
    endloop
  endfacet
  facet normal 0 0 1
    outer loop
      vertex -7.399999998509884 -8.571281291544437 7
      vertex 1.9529929012060165 -2.3131869807839394 7
      vertex 1.7042033076286316 -2.2496882006525993 7
    endloop
  endfacet
  facet normal 0 0 1
    outer loop
      vertex -7.399999998509884 -8.571281291544437 7
      vertex 2.2188437953591347 -2.3512862473726273 7
      vertex 1.9529929012060165 -2.3131869807839394 7
    endloop
  endfacet
  facet normal 0 0 1
    outer loop
      vertex -7.399999998509884 -8.571281291544437 7
      vertex 2.5017559975385666 -2.363986000418663 7
      vertex 2.2188437953591347 -2.3512862473726273 7
    endloop
  endfacet
  facet normal 0 0 1
    outer loop
      vertex -3.4769034311175346 -1.0517684072256088 7
      vertex -2.0339726135134697 -1.5017601251602173 7
      vertex -1.9045220389962196 -1.444943554699421 7
    endloop
  endfacet
  facet normal 0 0 1
    outer loop
      vertex -3.4769034311175346 -1.0517684072256088 7
      vertex -1.9045220389962196 -1.444943554699421 7
      vertex -1.783158078789711 -1.3718936741352081 7
    endloop
  endfacet
  facet normal 0 0 1
    outer loop
      vertex -3.4769034311175346 -1.0517684072256088 7
      vertex -1.783158078789711 -1.3718936741352081 7
      vertex -1.6698807328939438 -1.2826104909181595 7
    endloop
  endfacet
  facet normal 0 0 1
    outer loop
      vertex -3.4769034311175346 -1.0517684072256088 7
      vertex -1.6698807328939438 -1.2826104909181595 7
      vertex -1.564690001308918 -1.1770939975976944 7
    endloop
  endfacet
  facet normal 0 0 1
    outer loop
      vertex -3.4769034311175346 -1.0517684072256088 7
      vertex -1.564690001308918 -1.1770939975976944 7
      vertex -1.4707551822066307 -1.0553432628512383 7
    endloop
  endfacet
  facet normal 0 0 1
    outer loop
      vertex -3.4769034311175346 -1.0517684072256088 7
      vertex -1.4707551822066307 -1.0553432628512383 7
      vertex -1.3912718743085861 -0.9173573479056358 7
    endloop
  endfacet
  facet normal 0 0 1
    outer loop
      vertex -3.711161717772484 -0.409563347697258 7
      vertex -1.3912718743085861 -0.9173573479056358 7
      vertex -1.3262400850653648 -0.7631362453103065 7
    endloop
  endfacet
  facet normal 0 0 1
    outer loop
      vertex -3.711161717772484 -0.409563347697258 7
      vertex -1.3262400850653648 -0.7631362453103065 7
      vertex -1.2756597995758057 -0.592679962515831 7
    endloop
  endfacet
  facet normal 0 0 1
    outer loop
      vertex -3.711161717772484 -0.409563347697258 7
      vertex -1.2756597995758057 -0.592679962515831 7
      vertex -1.2395310178399086 -0.40598849207162857 7
    endloop
  endfacet
  facet normal 0 0 1
    outer loop
      vertex -3.711161717772484 -0.409563347697258 7
      vertex -1.2395310178399086 -0.40598849207162857 7
      vertex -1.2178537547588348 -0.20306183397769928 7
    endloop
  endfacet
  facet normal 0 0 1
    outer loop
      vertex -3.733123429119587 -0.21065840870141983 7
      vertex -1.2178537547588348 -0.20306183397769928 7
      vertex -1.2106280028820038 0.016099996864795685 7
    endloop
  endfacet
  facet normal 0 0 1
    outer loop
      vertex -1.038419023156166 -1.904496692121029 7
      vertex 0.8796579986810684 -1.741697996854782 7
      vertex -0.8581300005316734 -1.7385699972510338 7
    endloop
  endfacet
  facet normal 0 0 1
    outer loop
      vertex -0.8581300005316734 -1.7385699972510338 7
      vertex 0.7199309766292572 -1.5543080791831017 7
      vertex -0.6984029784798622 -1.5500319600105286 7
    endloop
  endfacet
  facet normal 0 0 1
    outer loop
      vertex -0.6984029784798622 -1.5500319600105286 7
      vertex 0.5847773477435112 -1.3477577567100525 7
      vertex -0.5632493495941162 -1.341824695467949 7
    endloop
  endfacet
  facet normal 0 0 1
    outer loop
      vertex -0.5632493495941162 -1.341824695467949 7
      vertex 0.4741971045732498 -1.122047021985054 7
      vertex -0.45266909897327423 -1.1139482036232948 7
    endloop
  endfacet
  facet normal 0 0 1
    outer loop
      vertex -0.45266909897327423 -1.1139482036232948 7
      vertex 0.38819024711847305 -0.8771758750081062 7
      vertex -0.36666224151849747 -0.8664024919271469 7
    endloop
  endfacet
  facet normal 0 0 1
    outer loop
      vertex -0.36666224151849747 -0.8664024919271469 7
      vertex 0.3267567753791809 -0.6131443232297897 7
      vertex -0.3052287772297859 -0.5991875529289246 7
    endloop
  endfacet
  facet normal 0 0 1
    outer loop
      vertex -0.3052287772297859 -0.5991875529289246 7
      vertex 0.289896696805954 -0.3299523666501045 7
      vertex -0.2683686912059784 -0.3123033866286278 7
    endloop
  endfacet
  facet normal -1 0 0
    outer loop
      vertex -10 -6 1
      vertex -10 6 1
      vertex -10 6 0
    endloop
  endfacet
  facet normal -0.9863939238321437 0 0.1643989873053573
    outer loop
      vertex -10 -6 1
      vertex -9 5.799999997019768 7
      vertex -10 6 1
    endloop
  endfacet
  facet normal -0.9978589233184303 0.06540312801222277 0
    outer loop
      vertex -10 6 0
      vertex -10 6 1
      vertex -9.965779446065426 6.522104769945145 0
    endloop
  endfacet
  facet normal 0 0 -1
    outer loop
      vertex -10 6 0
      vertex -9.965779446065426 6.522104769945145 0
      vertex -9.863703303039074 7.035276181995869 0
    endloop
  endfacet
  facet normal -0.9807852794583501 0.1950903267663619 0
    outer loop
      vertex -9.965779446065426 6.522104769945145 0
      vertex -9.863703303039074 7.035276181995869 1
      vertex -9.863703303039074 7.035276181995869 0
    endloop
  endfacet
  facet normal 0 0 -1
    outer loop
      vertex -10 6 0
      vertex -9.863703303039074 7.035276181995869 0
      vertex -9.17341335862875 8.435045719146729 0
    endloop
  endfacet
  facet normal -0.9469301290558149 0.32143946659727024 0
    outer loop
      vertex -9.863703303039074 7.035276181995869 0
      vertex -9.863703303039074 7.035276181995869 1
      vertex -9.695518128573895 7.530733726918697 0
    endloop
  endfacet
  facet normal -0.9978589233184303 0.06540312801222277 0
    outer loop
      vertex -9.965779446065426 6.522104769945145 0
      vertex -10 6 1
      vertex -9.965779446065426 6.522104769945145 1
    endloop
  endfacet
  facet normal -0.9807852794583501 0.1950903267663619 0
    outer loop
      vertex -9.965779446065426 6.522104769945145 0
      vertex -9.965779446065426 6.522104769945145 1
      vertex -9.863703303039074 7.035276181995869 1
    endloop
  endfacet
  facet normal -0.9469301290558149 0.32143946659727024 0
    outer loop
      vertex -9.863703303039074 7.035276181995869 1
      vertex -9.695518128573895 7.530733726918697 1
      vertex -9.695518128573895 7.530733726918697 0
    endloop
  endfacet
  facet normal 0 0 -1
    outer loop
      vertex -9.863703303039074 7.035276181995869 0
      vertex -9.695518128573895 7.530733726918697 0
      vertex -9.464101612567902 8 0
    endloop
  endfacet
  facet normal 0 0 -1
    outer loop
      vertex -9.863703303039074 7.035276181995869 0
      vertex -9.464101612567902 8 0
      vertex -9.17341335862875 8.435045719146729 0
    endloop
  endfacet
  facet normal -0.8968727416500544 0.44228868998100634 0
    outer loop
      vertex -9.695518128573895 7.530733726918697 0
      vertex -9.464101612567902 8 1
      vertex -9.464101612567902 8 0
    endloop
  endfacet
  facet normal -0.831469614167989 0.5555702302277682 0
    outer loop
      vertex -9.464101612567902 8 0
      vertex -9.17341335862875 8.435045719146729 1
      vertex -9.17341335862875 8.435045719146729 0
    endloop
  endfacet
  facet normal -0.7518398007112116 0.6593458228172265 0
    outer loop
      vertex -9.17341335862875 8.435045719146729 0
      vertex -8.828427121043205 8.828427121043205 1
      vertex -8.828427121043205 8.828427121043205 0
    endloop
  endfacet
  facet normal -0.8968727416500544 0.44228868998100634 0
    outer loop
      vertex -9.695518128573895 7.530733726918697 0
      vertex -9.695518128573895 7.530733726918697 1
      vertex -9.464101612567902 8 1
    endloop
  endfacet
  facet normal -0.831469614167989 0.5555702302277682 0
    outer loop
      vertex -9.464101612567902 8 0
      vertex -9.464101612567902 8 1
      vertex -9.17341335862875 8.435045719146729 1
    endloop
  endfacet
  facet normal -0.7518398007112116 0.6593458228172265 0
    outer loop
      vertex -9.17341335862875 8.435045719146729 0
      vertex -9.17341335862875 8.435045719146729 1
      vertex -8.828427121043205 8.828427121043205 1
    endloop
  endfacet
  facet normal 0 0 -1
    outer loop
      vertex -9.17341335862875 8.435045719146729 0
      vertex -8.828427121043205 8.828427121043205 0
      vertex -8.435045719146729 9.17341335862875 0
    endloop
  endfacet
  facet normal 0 0 -1
    outer loop
      vertex -10 6 0
      vertex -9.17341335862875 8.435045719146729 0
      vertex -6.522104769945145 9.965779446065426 0
    endloop
  endfacet
  facet normal 0 0 -1
    outer loop
      vertex -9.17341335862875 8.435045719146729 0
      vertex -8.435045719146729 9.17341335862875 0
      vertex -8 9.464101612567902 0
    endloop
  endfacet
  facet normal -0.6593458228172265 0.7518398007112116 0
    outer loop
      vertex -8.828427121043205 8.828427121043205 0
      vertex -8.828427121043205 8.828427121043205 1
      vertex -8.435045719146729 9.17341335862875 0
    endloop
  endfacet
  facet normal -0.5555702302277682 0.831469614167989 0
    outer loop
      vertex -8.435045719146729 9.17341335862875 0
      vertex -8.435045719146729 9.17341335862875 1
      vertex -8 9.464101612567902 0
    endloop
  endfacet
  facet normal 0 0 -1
    outer loop
      vertex -9.17341335862875 8.435045719146729 0
      vertex -8 9.464101612567902 0
      vertex -6.522104769945145 9.965779446065426 0
    endloop
  endfacet
  facet normal -0.44228868998100634 0.8968727416500544 0
    outer loop
      vertex -8 9.464101612567902 0
      vertex -8 9.464101612567902 1
      vertex -7.530733726918697 9.695518128573895 0
    endloop
  endfacet
  facet normal -0.6593458228172265 0.7518398007112116 0
    outer loop
      vertex -8.435045719146729 9.17341335862875 0
      vertex -8.828427121043205 8.828427121043205 1
      vertex -8.435045719146729 9.17341335862875 1
    endloop
  endfacet
  facet normal -0.5555702302277682 0.831469614167989 0
    outer loop
      vertex -8 9.464101612567902 0
      vertex -8.435045719146729 9.17341335862875 1
      vertex -8 9.464101612567902 1
    endloop
  endfacet
  facet normal -0.44228868998100634 0.8968727416500544 0
    outer loop
      vertex -7.530733726918697 9.695518128573895 0
      vertex -8 9.464101612567902 1
      vertex -7.530733726918697 9.695518128573895 1
    endloop
  endfacet
  facet normal 0 0 -1
    outer loop
      vertex -8 9.464101612567902 0
      vertex -7.530733726918697 9.695518128573895 0
      vertex -6.522104769945145 9.965779446065426 0
    endloop
  endfacet
  facet normal 0 0 -1
    outer loop
      vertex -7.530733726918697 9.695518128573895 0
      vertex -7.035276181995869 9.863703303039074 0
      vertex -6.522104769945145 9.965779446065426 0
    endloop
  endfacet
  facet normal -0.32143946659727024 0.9469301290558149 0
    outer loop
      vertex -7.530733726918697 9.695518128573895 0
      vertex -7.530733726918697 9.695518128573895 1
      vertex -7.035276181995869 9.863703303039074 0
    endloop
  endfacet
  facet normal -0.1950903267663619 0.9807852794583501 0
    outer loop
      vertex -7.035276181995869 9.863703303039074 0
      vertex -7.035276181995869 9.863703303039074 1
      vertex -6.522104769945145 9.965779446065426 0
    endloop
  endfacet
  facet normal -0.32143946659727024 0.9469301290558149 0
    outer loop
      vertex -7.530733726918697 9.695518128573895 1
      vertex -7.035276181995869 9.863703303039074 1
      vertex -7.035276181995869 9.863703303039074 0
    endloop
  endfacet
  facet normal -0.1950903267663619 0.9807852794583501 0
    outer loop
      vertex -6.522104769945145 9.965779446065426 0
      vertex -7.035276181995869 9.863703303039074 1
      vertex -6.522104769945145 9.965779446065426 1
    endloop
  endfacet
  facet normal -0.06540312801222277 0.9978589233184303 0
    outer loop
      vertex -6.522104769945145 9.965779446065426 0
      vertex -6.522104769945145 9.965779446065426 1
      vertex -6 10 1
    endloop
  endfacet
  facet normal -0.06540312801222277 0.9978589233184303 0
    outer loop
      vertex -6.522104769945145 9.965779446065426 0
      vertex -6 10 1
      vertex -6 10 0
    endloop
  endfacet
  facet normal -0.9839895011832029 0.06449407807523447 0.16614805281572556
    outer loop
      vertex -10 6 1
      vertex -8.97262355685234 6.217683814466 7
      vertex -9.965779446065426 6.522104769945145 1
    endloop
  endfacet
  facet normal -0.966552287419362 0.19225920855332887 0.16974413807506444
    outer loop
      vertex -9.965779446065426 6.522104769945145 1
      vertex -8.97262355685234 6.217683814466 7
      vertex -9.863703303039074 7.035276181995869 1
    endloop
  endfacet
  facet normal -0.9327032174466533 0.31661008083938413 0.17269268912012384
    outer loop
      vertex -9.863703303039074 7.035276181995869 1
      vertex -8.756414502859116 7.024586983025074 7
      vertex -9.695518128573895 7.530733726918697 1
    endloop
  endfacet
  facet normal -0.8830411517346712 0.4354677046840574 0.1749462846713351
    outer loop
      vertex -9.695518128573895 7.530733726918697 1
      vertex -8.571281291544437 7.399999998509884 7
      vertex -9.464101612567902 8 1
    endloop
  endfacet
  facet normal -0.8184207103134639 0.5468512314872876 0.17646889683692712
    outer loop
      vertex -9.464101612567902 8 1
      vertex -8.571281291544437 7.399999998509884 7
      vertex -9.17341335862875 8.435045719146729 1
    endloop
  endfacet
  facet normal -0.739936919094096 0.6489072755810877 0.1772362927265961
    outer loop
      vertex -9.17341335862875 8.435045719146729 1
      vertex -8.062741696834564 8.062741696834564 7
      vertex -8.828427121043205 8.828427121043205 1
    endloop
  endfacet
  facet normal -0.6489072755810877 0.739936919094096 0.1772362927265961
    outer loop
      vertex -8.828427121043205 8.828427121043205 1
      vertex -8.062741696834564 8.062741696834564 7
      vertex -8.435045719146729 9.17341335862875 1
    endloop
  endfacet
  facet normal -0.5468512314872876 0.8184207103134639 0.17646889683692712
    outer loop
      vertex -8.435045719146729 9.17341335862875 1
      vertex -7.399999998509884 8.571281291544437 7
      vertex -8 9.464101612567902 1
    endloop
  endfacet
  facet normal -0.4354677046840574 0.8830411517346712 0.1749462846713351
    outer loop
      vertex -8 9.464101612567902 1
      vertex -7.399999998509884 8.571281291544437 7
      vertex -7.530733726918697 9.695518128573895 1
    endloop
  endfacet
  facet normal -0.31661008083938413 0.9327032174466533 0.17269268912012384
    outer loop
      vertex -7.530733726918697 9.695518128573895 1
      vertex -7.024586983025074 8.756414502859116 7
      vertex -7.035276181995869 9.863703303039074 1
    endloop
  endfacet
  facet normal -0.19225920855332887 0.966552287419362 0.16974413807506444
    outer loop
      vertex -7.035276181995869 9.863703303039074 1
      vertex -6.217683814466 8.97262355685234 7
      vertex -6.522104769945145 9.965779446065426 1
    endloop
  endfacet
  facet normal -0.06449407807523447 0.9839895011832029 0.16614805281572556
    outer loop
      vertex -6.522104769945145 9.965779446065426 1
      vertex -6.217683814466 8.97262355685234 7
      vertex -6 10 1
    endloop
  endfacet
  facet normal 0 0 -1
    outer loop
      vertex -10 6 0
      vertex -6.522104769945145 9.965779446065426 0
      vertex 8 9.464101612567902 0
    endloop
  endfacet
  facet normal 0 0 -1
    outer loop
      vertex -6.522104769945145 9.965779446065426 0
      vertex -6 10 0
      vertex 6 10 0
    endloop
  endfacet
  facet normal 0 1 0
    outer loop
      vertex -6 10 0
      vertex -6 10 1
      vertex 6 10 0
    endloop
  endfacet
  facet normal 0 0.9863939238321437 0.1643989873053573
    outer loop
      vertex -6 10 1
      vertex -5.799999997019768 9 7
      vertex 6 10 1
    endloop
  endfacet
  facet normal 0 0 1
    outer loop
      vertex -9 -5.799999997019768 7
      vertex -8.766035996377468 2.286981999874115 7
      vertex -9 5.799999997019768 7
    endloop
  endfacet
  facet normal 0 0 1
    outer loop
      vertex -7.842678003013134 0.21574000269174576 7
      vertex -7.337367996573448 0.21574000269174576 7
      vertex -7.842678003013134 1.5134000033140182 7
    endloop
  endfacet
  facet normal 0 0 1
    outer loop
      vertex -7.842678003013134 1.5134000033140182 7
      vertex -7.337367996573448 0.21574000269174576 7
      vertex -7.396615996956825 1.5134000033140182 7
    endloop
  endfacet
  facet normal 0 0 1
    outer loop
      vertex -8.766035996377468 2.286981999874115 7
      vertex -7.284330002963543 2.286981999874115 7
      vertex -9 5.799999997019768 7
    endloop
  endfacet
  facet normal 0 0 1
    outer loop
      vertex -7.284330002963543 2.286981999874115 7
      vertex -7.05566494166851 2.285581350326538 7
      vertex -8.338730685412884 7.7480365708470345 7
    endloop
  endfacet
  facet normal 0 0 1
    outer loop
      vertex -7.337367996573448 0.21574000269174576 7
      vertex -7.188786119222641 0.2172035500407219 7
      vertex -7.396615996956825 1.5134000033140182 7
    endloop
  endfacet
  facet normal 0 0 1
    outer loop
      vertex -7.188786119222641 0.2172035500407219 7
      vertex -7.260827757418156 1.5127635076642036 7
      vertex -7.396615996956825 1.5134000033140182 7
    endloop
  endfacet
  facet normal 0 0 1
    outer loop
      vertex -7.188786119222641 0.2172035500407219 7
      vertex -7.054973058402538 0.2215942069888115 7
      vertex -7.260827757418156 1.5127635076642036 7
    endloop
  endfacet
  facet normal 0 0 1
    outer loop
      vertex -7.054973058402538 0.2215942069888115 7
      vertex -6.93592881411314 0.22891195863485336 7
      vertex -7.138663023710251 1.5108540430665016 7
    endloop
  endfacet
  facet normal 0 0 1
    outer loop
      vertex -6.93592881411314 0.22891195863485336 7
      vertex -6.831653386354446 0.2391568198800087 7
      vertex -6.935204081237316 1.5032161623239517 7
    endloop
  endfacet
  facet normal 0 0 1
    outer loop
      vertex -7.054973058402538 0.2215942069888115 7
      vertex -7.138663023710251 1.5108540430665016 7
      vertex -7.260827757418156 1.5127635076642036 7
    endloop
  endfacet
  facet normal 0 0 1
    outer loop
      vertex -6.93592881411314 0.22891195863485336 7
      vertex -7.030121795833111 1.507671594619751 7
      vertex -7.138663023710251 1.5108540430665016 7
    endloop
  endfacet
  facet normal 0 0 1
    outer loop
      vertex -6.93592881411314 0.22891195863485336 7
      vertex -6.935204081237316 1.5032161623239517 7
      vertex -7.030121795833111 1.507671594619751 7
    endloop
  endfacet
  facet normal 0 0 1
    outer loop
      vertex -6.742146775126457 0.2523287758231163 7
      vertex -6.6674089804291725 0.2684278339147568 7
      vertex -6.423072002828121 0.3959464058279991 7
    endloop
  endfacet
  facet normal 0 0 1
    outer loop
      vertex -6.6674089804291725 0.2684278339147568 7
      vertex -6.607440002262592 0.2874540016055107 7
      vertex -6.464294567704201 0.363858126103878 7
    endloop
  endfacet
  facet normal 0 0 1
    outer loop
      vertex -6.607440002262592 0.2874540016055107 7
      vertex -6.556478574872017 0.3096119165420532 7
      vertex -6.508763425052166 0.33507996052503586 7
    endloop
  endfacet
  facet normal 0 0 1
    outer loop
      vertex -6.607440002262592 0.2874540016055107 7
      vertex -6.508763425052166 0.33507996052503586 7
      vertex -6.464294567704201 0.363858126103878 7
    endloop
  endfacet
  facet normal 0 0 1
    outer loop
      vertex -6.6674089804291725 0.2684278339147568 7
      vertex -6.464294567704201 0.363858126103878 7
      vertex -6.423072002828121 0.3959464058279991 7
    endloop
  endfacet
  facet normal 0 0 1
    outer loop
      vertex -6.742146775126457 0.2523287758231163 7
      vertex -6.423072002828121 0.3959464058279991 7
      vertex -6.385095715522766 0.43134481459856033 7
    endloop
  endfacet
  facet normal 0 0 1
    outer loop
      vertex -6.742146775126457 0.2523287758231163 7
      vertex -6.385095715522766 0.43134481459856033 7
      vertex -6.350365713238716 0.4700533449649811 7
    endloop
  endfacet
  facet normal 0 0 1
    outer loop
      vertex -6.742146775126457 0.2523287758231163 7
      vertex -6.350365713238716 0.4700533449649811 7
      vertex -6.318882003426552 0.5120719969272614 7
    endloop
  endfacet
  facet normal 0 0 1
    outer loop
      vertex -6.742146775126457 0.2523287758231163 7
      vertex -6.318882003426552 0.5120719969272614 7
      vertex -6.291154325008392 0.5567633435130119 7
    endloop
  endfacet
  facet normal 0 0 1
    outer loop
      vertex -6.742146775126457 0.2523287758231163 7
      vertex -6.291154325008392 0.5567633435130119 7
      vertex -6.267692446708679 0.6034899577498436 7
    endloop
  endfacet
  facet normal 0 0 1
    outer loop
      vertex -6.742146775126457 0.2523287758231163 7
      vertex -6.267692446708679 0.6034899577498436 7
      vertex -6.248496368527412 0.6522518396377563 7
    endloop
  endfacet
  facet normal 0 0 1
    outer loop
      vertex -6.742146775126457 0.2523287758231163 7
      vertex -6.248496368527412 0.6522518396377563 7
      vertex -6.233566083014011 0.7030489817261696 7
    endloop
  endfacet
  facet normal 0 0 1
    outer loop
      vertex -6.742146775126457 0.2523287758231163 7
      vertex -6.233566083014011 0.7030489817261696 7
      vertex -6.222901590168476 0.7558813914656639 7
    endloop
  endfacet
  facet normal 0 0 1
    outer loop
      vertex -6.742146775126457 0.2523287758231163 7
      vertex -6.222901590168476 0.7558813914656639 7
      vertex -6.216502897441387 0.8107490614056587 7
    endloop
  endfacet
  facet normal 0 0 1
    outer loop
      vertex -6.831653386354446 0.2391568198800087 7
      vertex -6.742146775126457 0.2523287758231163 7
      vertex -6.853909879922867 1.4974877536296844 7
    endloop
  endfacet
  facet normal 0 0 1
    outer loop
      vertex -6.831653386354446 0.2391568198800087 7
      vertex -6.853909879922867 1.4974877536296844 7
      vertex -6.935204081237316 1.5032161623239517 7
    endloop
  endfacet
  facet normal 0 0 1
    outer loop
      vertex -6.742146775126457 0.2523287758231163 7
      vertex -6.786239184439182 1.4904863685369492 7
      vertex -6.853909879922867 1.4974877536296844 7
    endloop
  endfacet
  facet normal 0 0 1
    outer loop
      vertex -6.742146775126457 0.2523287758231163 7
      vertex -6.732192002236843 1.4822119995951653 7
      vertex -6.786239184439182 1.4904863685369492 7
    endloop
  endfacet
  facet normal 0 0 1
    outer loop
      vertex -6.742146775126457 0.2523287758231163 7
      vertex -6.669619798660278 1.4681369364261627 7
      vertex -6.732192002236843 1.4822119995951653 7
    endloop
  endfacet
  facet normal 0 0 1
    outer loop
      vertex -6.742146775126457 0.2523287758231163 7
      vertex -6.610230043530464 1.449095755815506 7
      vertex -6.669619798660278 1.4681369364261627 7
    endloop
  endfacet
  facet normal 0 0 1
    outer loop
      vertex -6.742146775126457 0.2523287758231163 7
      vertex -6.451155468821526 1.3621754720807076 7
      vertex -6.500997878611088 1.396115019917488 7
    endloop
  endfacet
  facet normal 0 0 1
    outer loop
      vertex -6.742146775126457 0.2523287758231163 7
      vertex -6.554022736847401 1.4250884503126144 7
      vertex -6.610230043530464 1.449095755815506 7
    endloop
  endfacet
  facet normal 0 0 1
    outer loop
      vertex -6.742146775126457 0.2523287758231163 7
      vertex -6.500997878611088 1.396115019917488 7
      vertex -6.554022736847401 1.4250884503126144 7
    endloop
  endfacet
  facet normal 0 0 1
    outer loop
      vertex -6.742146775126457 0.2523287758231163 7
      vertex -6.241305343806744 1.0655073896050453 7
      vertex -6.262255057692528 1.1243282482028008 7
    endloop
  endfacet
  facet normal 0 0 1
    outer loop
      vertex -6.742146775126457 0.2523287758231163 7
      vertex -6.262255057692528 1.1243282482028008 7
      vertex -6.289190411567688 1.1795836314558983 7
    endloop
  endfacet
  facet normal 0 0 1
    outer loop
      vertex -6.742146775126457 0.2523287758231163 7
      vertex -6.289190411567688 1.1795836314558983 7
      vertex -6.322111390531063 1.2312735542654991 7
    endloop
  endfacet
  facet normal 0 0 1
    outer loop
      vertex -6.742146775126457 0.2523287758231163 7
      vertex -6.322111390531063 1.2312735542654991 7
      vertex -6.361018002033234 1.279398001730442 7
    endloop
  endfacet
  facet normal 0 0 1
    outer loop
      vertex -6.742146775126457 0.2523287758231163 7
      vertex -6.216502897441387 0.8107490614056587 7
      vertex -6.214369997382164 0.8676519989967346 7
    endloop
  endfacet
  facet normal 0 0 1
    outer loop
      vertex -6.742146775126457 0.2523287758231163 7
      vertex -6.214369997382164 0.8676519989967346 7
      vertex -6.217362813651562 0.9371692687273026 7
    endloop
  endfacet
  facet normal 0 0 1
    outer loop
      vertex -6.742146775126457 0.2523287758231163 7
      vertex -6.217362813651562 0.9371692687273026 7
      vertex -6.226341262459755 1.0031210631132126 7
    endloop
  endfacet
  facet normal 0 0 1
    outer loop
      vertex -6.742146775126457 0.2523287758231163 7
      vertex -6.226341262459755 1.0031210631132126 7
      vertex -6.241305343806744 1.0655073896050453 7
    endloop
  endfacet
  facet normal 0 0 1
    outer loop
      vertex -6.742146775126457 0.2523287758231163 7
      vertex -6.404495507478714 1.3232697993516922 7
      vertex -6.451155468821526 1.3621754720807076 7
    endloop
  endfacet
  facet normal 0 0 1
    outer loop
      vertex -6.742146775126457 0.2523287758231163 7
      vertex -6.361018002033234 1.279398001730442 7
      vertex -6.404495507478714 1.3232697993516922 7
    endloop
  endfacet
  facet normal 0 0 1
    outer loop
      vertex -4.691862002015114 -0.02759999781847 7
      vertex -5.461170695722103 0.09256795793771744 7
      vertex -5.509905345737934 0.018122121691703796 7
    endloop
  endfacet
  facet normal 0 0 1
    outer loop
      vertex -4.691862002015114 -0.02759999781847 7
      vertex -5.4158099964261055 0.17204000055789948 7
      vertex -5.461170695722103 0.09256795793771744 7
    endloop
  endfacet
  facet normal 0 0 1
    outer loop
      vertex -5.4158099964261055 0.17204000055789948 7
      vertex -4.6875962018966675 0.16745689511299133 7
      vertex -5.375255838036537 0.25677575170993805 7
    endloop
  endfacet
  facet normal 0 0 1
    outer loop
      vertex -5.375255838036537 0.25677575170993805 7
      vertex -4.6875962018966675 0.16745689511299133 7
      vertex -5.340940773487091 0.34698645025491714 7
    endloop
  endfacet
  facet normal 0 0 1
    outer loop
      vertex -5.340940773487091 0.34698645025491714 7
      vertex -4.67479881644249 0.3533475920557976 7
      vertex -5.312864817678928 0.44267208129167557 7
    endloop
  endfacet
  facet normal 0 0 1
    outer loop
      vertex -5.312864817678928 0.44267208129167557 7
      vertex -4.67479881644249 0.3533475920557976 7
      vertex -5.291027955710888 0.5438326522707939 7
    endloop
  endfacet
  facet normal 0 0 1
    outer loop
      vertex -5.291027955710888 0.5438326522707939 7
      vertex -4.653469838202 0.5300720781087875 7
      vertex -5.275430202484131 0.6504681631922722 7
    endloop
  endfacet
  facet normal 0 0 1
    outer loop
      vertex -5.275430202484131 0.6504681631922722 7
      vertex -4.623609267175198 0.6976303681731224 7
      vertex -5.266071550548077 0.7625786140561104 7
    endloop
  endfacet
  facet normal 0 0 1
    outer loop
      vertex -5.266071550548077 0.7625786140561104 7
      vertex -4.585217103362083 0.856022447347641 7
      vertex -5.262951999902725 0.8801639974117279 7
    endloop
  endfacet
  facet normal 0 0 1
    outer loop
      vertex -5.262951999902725 0.8801639974117279 7
      vertex -4.585217103362083 0.856022447347641 7
      vertex -5.268364042043686 1.0320240780711174 7
    endloop
  endfacet
  facet normal 0 0 1
    outer loop
      vertex -5.268364042043686 1.0320240780711174 7
      vertex -4.538293346762657 1.005248323082924 7
      vertex -5.284600161015987 1.1756717562675476 7
    endloop
  endfacet
  facet normal 0 0 1
    outer loop
      vertex -5.284600161015987 1.1756717562675476 7
      vertex -4.482837997376919 1.1453080028295517 7
      vertex -5.31166036427021 1.3111070170998573 7
    endloop
  endfacet
  facet normal 0 0 1
    outer loop
      vertex -5.3495446518063545 1.4383298754692078 7
      vertex -5.31166036427021 1.3111070170998573 7
      vertex -4.384431794285774 1.3390900418162346 7
    endloop
  endfacet
  facet normal 0 0 1
    outer loop
      vertex -5.39825302362442 1.5573403239250183 7
      vertex -5.3495446518063545 1.4383298754692078 7
      vertex -4.328255467116833 1.431587591767311 7
    endloop
  endfacet
  facet normal 0 0 1
    outer loop
      vertex -5.39825302362442 1.5573403239250183 7
      vertex -4.267430327832699 1.5211561620235443 7
      vertex -5.457785472273827 1.6681383699178696 7
    endloop
  endfacet
  facet normal 0 0 1
    outer loop
      vertex -5.528141997754574 1.7707239985466003 7
      vertex -5.457785472273827 1.6681383699178696 7
      vertex -4.131833590567112 1.6915063709020615 7
    endloop
  endfacet
  facet normal 0 0 1
    outer loop
      vertex -5.60650722682476 1.8642701655626297 7
      vertex -5.528141997754574 1.7707239985466003 7
      vertex -4.05706200003624 1.7722880020737648 7
    endloop
  endfacet
  facet normal 0 0 1
    outer loop
      vertex -5.972164042294025 2.139789506793022 7
      vertex -5.872920446097851 2.0857094675302505 7
      vertex -3.645319752395153 2.095672696828842 7
    endloop
  endfacet
  facet normal 0 0 1
    outer loop
      vertex -5.690092042088509 1.9479497969150543 7
      vertex -5.60650722682476 1.8642701655626297 7
      vertex -3.978915512561798 1.8486770987510681 7
    endloop
  endfacet
  facet normal 0 0 1
    outer loop
      vertex -5.778896450996399 2.021762900054455 7
      vertex -5.690092042088509 1.9479497969150543 7
      vertex -3.816319592297077 1.9838870614767075 7
    endloop
  endfacet
  facet normal 0 0 1
    outer loop
      vertex -5.872920446097851 2.0857094675302505 7
      vertex -5.778896450996399 2.021762900054455 7
      vertex -3.7318701669573784 2.042707920074463 7
    endloop
  endfacet
  facet normal 0 0 1
    outer loop
      vertex -7.05566494166851 2.285581350326538 7
      vertex -6.850934900343418 2.281379386782646 7
      vertex -8.338730685412884 7.7480365708470345 7
    endloop
  endfacet
  facet normal 0 0 1
    outer loop
      vertex -6.850934900343418 2.281379386782646 7
      vertex -6.670139878988266 2.2743761241436005 7
      vertex -8.338730685412884 7.7480365708470345 7
    endloop
  endfacet
  facet normal 0 0 1
    outer loop
      vertex -6.670139878988266 2.2743761241436005 7
      vertex -6.513279877603054 2.2645715475082397 7
      vertex -8.338730685412884 7.7480365708470345 7
    endloop
  endfacet
  facet normal 0 0 1
    outer loop
      vertex -6.513279877603054 2.2645715475082397 7
      vertex -6.380354896187782 2.251965671777725 7
      vertex -8.338730685412884 7.7480365708470345 7
    endloop
  endfacet
  facet normal 0 0 1
    outer loop
      vertex -6.380354896187782 2.251965671777725 7
      vertex -6.271364942193031 2.2365584895014763 7
      vertex -8.338730685412884 7.7480365708470345 7
    endloop
  endfacet
  facet normal 0 0 1
    outer loop
      vertex -6.271364942193031 2.2365584895014763 7
      vertex -6.18631000071764 2.218350000679493 7
      vertex -8.338730685412884 7.7480365708470345 7
    endloop
  endfacet
  facet normal 0 0 1
    outer loop
      vertex -6.076627224683762 2.1840030178427696 7
      vertex -8.338730685412884 7.7480365708470345 7
      vertex -6.18631000071764 2.218350000679493 7
    endloop
  endfacet
  facet normal 0 0 1
    outer loop
      vertex -6.076627224683762 2.1840030178427696 7
      vertex -5.972164042294025 2.139789506793022 7
      vertex -8.338730685412884 7.7480365708470345 7
    endloop
  endfacet
  facet normal 0 0 1
    outer loop
      vertex -5.972164042294025 2.139789506793022 7
      vertex -3.556668370962143 2.1427813842892647 7
      vertex -8.338730685412884 7.7480365708470345 7
    endloop
  endfacet
  facet normal 0 0 1
    outer loop
      vertex -8.338730685412884 7.7480365708470345 7
      vertex -3.556668370962143 2.1427813842892647 7
      vertex -3.4659160003066063 2.1840339973568916 7
    endloop
  endfacet
  facet normal 0 0 1
    outer loop
      vertex -8.338730685412884 7.7480365708470345 7
      vertex -3.4659160003066063 2.1840339973568916 7
      vertex -3.3411452248692513 2.2320326566696167 7
    endloop
  endfacet
  facet normal -0.9839895011964398 0.06449407784601494 0.16614805282630835
    outer loop
      vertex -10 6 1
      vertex -9 5.799999997019768 7
      vertex -8.97262355685234 6.217683814466 7
    endloop
  endfacet
  facet normal -0.9665522846471342 0.19225922131806228 0.16974413940274316
    outer loop
      vertex -9.863703303039074 7.035276181995869 1
      vertex -8.97262355685234 6.217683814466 7
      vertex -8.89096263796091 6.628220938146114 7
    endloop
  endfacet
  facet normal -0.9327032226670733 0.31661006495047206 0.172692690055236
    outer loop
      vertex -9.863703303039074 7.035276181995869 1
      vertex -8.89096263796091 6.628220938146114 7
      vertex -8.756414502859116 7.024586983025074 7
    endloop
  endfacet
  facet normal -0.8830411517533103 0.43546770464519824 0.17494628467398085
    outer loop
      vertex -9.695518128573895 7.530733726918697 1
      vertex -8.756414502859116 7.024586983025074 7
      vertex -8.571281291544437 7.399999998509884 7
    endloop
  endfacet
  facet normal -0.8184207047899221 0.5468512394873792 0.17646889766268697
    outer loop
      vertex -9.17341335862875 8.435045719146729 1
      vertex -8.571281291544437 7.399999998509884 7
      vertex -8.338730685412884 7.7480365708470345 7
    endloop
  endfacet
  facet normal -0.7399369253057156 0.6489072683073108 0.1772362934250983
    outer loop
      vertex -9.17341335862875 8.435045719146729 1
      vertex -8.338730685412884 7.7480365708470345 7
      vertex -8.062741696834564 8.062741696834564 7
    endloop
  endfacet
  facet normal -0.6489072683073108 0.7399369253057156 0.1772362934250983
    outer loop
      vertex -8.435045719146729 9.17341335862875 1
      vertex -8.062741696834564 8.062741696834564 7
      vertex -7.7480365708470345 8.338730685412884 7
    endloop
  endfacet
  facet normal -0.5468512394873792 0.8184207047899221 0.17646889766268697
    outer loop
      vertex -8.435045719146729 9.17341335862875 1
      vertex -7.7480365708470345 8.338730685412884 7
      vertex -7.399999998509884 8.571281291544437 7
    endloop
  endfacet
  facet normal -0.43546770464519824 0.8830411517533103 0.17494628467398085
    outer loop
      vertex -7.530733726918697 9.695518128573895 1
      vertex -7.399999998509884 8.571281291544437 7
      vertex -7.024586983025074 8.756414502859116 7
    endloop
  endfacet
  facet normal -0.31661006495047206 0.9327032226670733 0.172692690055236
    outer loop
      vertex -7.035276181995869 9.863703303039074 1
      vertex -7.024586983025074 8.756414502859116 7
      vertex -6.628220938146114 8.89096263796091 7
    endloop
  endfacet
  facet normal -0.19225922131806228 0.9665522846471342 0.16974413940274316
    outer loop
      vertex -7.035276181995869 9.863703303039074 1
      vertex -6.628220938146114 8.89096263796091 7
      vertex -6.217683814466 8.97262355685234 7
    endloop
  endfacet
  facet normal -0.06449407784601494 0.9839895011964398 0.16614805282630835
    outer loop
      vertex -6 10 1
      vertex -6.217683814466 8.97262355685234 7
      vertex -5.799999997019768 9 7
    endloop
  endfacet
  facet normal 0 0 1
    outer loop
      vertex -9 5.799999997019768 7
      vertex -8.756414502859116 7.024586983025074 7
      vertex -8.97262355685234 6.217683814466 7
    endloop
  endfacet
  facet normal 0 0 1
    outer loop
      vertex -8.97262355685234 6.217683814466 7
      vertex -8.756414502859116 7.024586983025074 7
      vertex -8.89096263796091 6.628220938146114 7
    endloop
  endfacet
  facet normal 0 0 1
    outer loop
      vertex -7.284330002963543 2.286981999874115 7
      vertex -8.338730685412884 7.7480365708470345 7
      vertex -9 5.799999997019768 7
    endloop
  endfacet
  facet normal 0 0 1
    outer loop
      vertex -9 5.799999997019768 7
      vertex -8.338730685412884 7.7480365708470345 7
      vertex -8.756414502859116 7.024586983025074 7
    endloop
  endfacet
  facet normal 0 0 1
    outer loop
      vertex -8.756414502859116 7.024586983025074 7
      vertex -8.338730685412884 7.7480365708470345 7
      vertex -8.571281291544437 7.399999998509884 7
    endloop
  endfacet
  facet normal 0 0 1
    outer loop
      vertex -8.338730685412884 7.7480365708470345 7
      vertex -7.7480365708470345 8.338730685412884 7
      vertex -8.062741696834564 8.062741696834564 7
    endloop
  endfacet
  facet normal 0 0 1
    outer loop
      vertex -8.338730685412884 7.7480365708470345 7
      vertex -7.399999998509884 8.571281291544437 7
      vertex -7.7480365708470345 8.338730685412884 7
    endloop
  endfacet
  facet normal 0 0 1
    outer loop
      vertex -8.338730685412884 7.7480365708470345 7
      vertex -5.799999997019768 9 7
      vertex -7.399999998509884 8.571281291544437 7
    endloop
  endfacet
  facet normal 0 0 1
    outer loop
      vertex -7.399999998509884 8.571281291544437 7
      vertex -6.628220938146114 8.89096263796091 7
      vertex -7.024586983025074 8.756414502859116 7
    endloop
  endfacet
  facet normal 0 0 1
    outer loop
      vertex -7.399999998509884 8.571281291544437 7
      vertex -5.799999997019768 9 7
      vertex -6.628220938146114 8.89096263796091 7
    endloop
  endfacet
  facet normal 0 0 1
    outer loop
      vertex -6.628220938146114 8.89096263796091 7
      vertex -5.799999997019768 9 7
      vertex -6.217683814466 8.97262355685234 7
    endloop
  endfacet
  facet normal 0 0 1
    outer loop
      vertex -4.691862002015114 -0.02759999781847 7
      vertex -4.6875962018966675 0.16745689511299133 7
      vertex -5.4158099964261055 0.17204000055789948 7
    endloop
  endfacet
  facet normal 0 0 1
    outer loop
      vertex -5.340940773487091 0.34698645025491714 7
      vertex -4.6875962018966675 0.16745689511299133 7
      vertex -4.67479881644249 0.3533475920557976 7
    endloop
  endfacet
  facet normal 0 0 1
    outer loop
      vertex -5.291027955710888 0.5438326522707939 7
      vertex -4.67479881644249 0.3533475920557976 7
      vertex -4.653469838202 0.5300720781087875 7
    endloop
  endfacet
  facet normal 0 0 1
    outer loop
      vertex -5.275430202484131 0.6504681631922722 7
      vertex -4.653469838202 0.5300720781087875 7
      vertex -4.623609267175198 0.6976303681731224 7
    endloop
  endfacet
  facet normal 0 0 1
    outer loop
      vertex -5.266071550548077 0.7625786140561104 7
      vertex -4.623609267175198 0.6976303681731224 7
      vertex -4.585217103362083 0.856022447347641 7
    endloop
  endfacet
  facet normal 0 0 1
    outer loop
      vertex -5.268364042043686 1.0320240780711174 7
      vertex -4.585217103362083 0.856022447347641 7
      vertex -4.538293346762657 1.005248323082924 7
    endloop
  endfacet
  facet normal 0 0 1
    outer loop
      vertex -5.284600161015987 1.1756717562675476 7
      vertex -4.538293346762657 1.005248323082924 7
      vertex -4.482837997376919 1.1453080028295517 7
    endloop
  endfacet
  facet normal 0 0 1
    outer loop
      vertex -5.31166036427021 1.3111070170998573 7
      vertex -4.482837997376919 1.1453080028295517 7
      vertex -4.435959309339523 1.2436635121703148 7
    endloop
  endfacet
  facet normal 0 0 1
    outer loop
      vertex -5.31166036427021 1.3111070170998573 7
      vertex -4.435959309339523 1.2436635121703148 7
      vertex -4.384431794285774 1.3390900418162346 7
    endloop
  endfacet
  facet normal 0 0 1
    outer loop
      vertex -5.3495446518063545 1.4383298754692078 7
      vertex -4.384431794285774 1.3390900418162346 7
      vertex -4.328255467116833 1.431587591767311 7
    endloop
  endfacet
  facet normal 0 0 1
    outer loop
      vertex -5.39825302362442 1.5573403239250183 7
      vertex -4.328255467116833 1.431587591767311 7
      vertex -4.267430327832699 1.5211561620235443 7
    endloop
  endfacet
  facet normal 0 0 1
    outer loop
      vertex -5.457785472273827 1.6681383699178696 7
      vertex -4.267430327832699 1.5211561620235443 7
      vertex -4.201956368982792 1.6077957525849342 7
    endloop
  endfacet
  facet normal 0 0 1
    outer loop
      vertex -5.457785472273827 1.6681383699178696 7
      vertex -4.201956368982792 1.6077957525849342 7
      vertex -4.131833590567112 1.6915063709020615 7
    endloop
  endfacet
  facet normal 0 0 1
    outer loop
      vertex -5.528141997754574 1.7707239985466003 7
      vertex -4.131833590567112 1.6915063709020615 7
      vertex -4.05706200003624 1.7722880020737648 7
    endloop
  endfacet
  facet normal 0 0 1
    outer loop
      vertex -5.60650722682476 1.8642701655626297 7
      vertex -4.05706200003624 1.7722880020737648 7
      vertex -3.978915512561798 1.8486770987510681 7
    endloop
  endfacet
  facet normal 0 0 1
    outer loop
      vertex -5.690092042088509 1.9479497969150543 7
      vertex -3.978915512561798 1.8486770987510681 7
      vertex -3.8986680433154106 1.9192101210355759 7
    endloop
  endfacet
  facet normal 0 0 1
    outer loop
      vertex -5.690092042088509 1.9479497969150543 7
      vertex -3.8986680433154106 1.9192101210355759 7
      vertex -3.816319592297077 1.9838870614767075 7
    endloop
  endfacet
  facet normal 0 0 1
    outer loop
      vertex -5.778896450996399 2.021762900054455 7
      vertex -3.816319592297077 1.9838870614767075 7
      vertex -3.7318701669573784 2.042707920074463 7
    endloop
  endfacet
  facet normal 0 0 1
    outer loop
      vertex -5.872920446097851 2.0857094675302505 7
      vertex -3.7318701669573784 2.042707920074463 7
      vertex -3.645319752395153 2.095672696828842 7
    endloop
  endfacet
  facet normal 0 0 1
    outer loop
      vertex -5.972164042294025 2.139789506793022 7
      vertex -3.645319752395153 2.095672696828842 7
      vertex -3.556668370962143 2.1427813842892647 7
    endloop
  endfacet
  facet normal 0 0 1
    outer loop
      vertex -3.733123429119587 -0.21065840870141983 7
      vertex -1.2176622450351715 0.23253750801086426 7
      vertex -3.7404439970850945 0.0035879984498023987 7
    endloop
  endfacet
  facet normal 0 0 1
    outer loop
      vertex -3.7404439970850945 0.0035879984498023987 7
      vertex -1.2387649789452553 0.43267975747585297 7
      vertex -3.733314000070095 0.22096240520477295 7
    endloop
  endfacet
  facet normal 0 0 1
    outer loop
      vertex -3.733314000070095 0.22096240520477295 7
      vertex -1.273936204612255 0.6165267378091812 7
      vertex -3.7119240015745163 0.42210163176059723 7
    endloop
  endfacet
  facet normal 0 0 1
    outer loop
      vertex -3.7119240015745163 0.42210163176059723 7
      vertex -1.323175922036171 0.784078449010849 7
      vertex -3.676274001598358 0.6070056706666946 7
    endloop
  endfacet
  facet normal 0 0 1
    outer loop
      vertex -3.676274001598358 0.6070056706666946 7
      vertex -1.323175922036171 0.784078449010849 7
      vertex -3.6263640001416206 0.7756745293736458 7
    endloop
  endfacet
  facet normal 0 0 1
    outer loop
      vertex -3.6263640001416206 0.7756745293736458 7
      vertex -1.323175922036171 0.784078449010849 7
      vertex -3.5621939972043037 0.9281082004308701 7
    endloop
  endfacet
  facet normal 0 0 1
    outer loop
      vertex -3.5621939972043037 0.9281082004308701 7
      vertex -1.323175922036171 0.784078449010849 7
      vertex -3.483764000236988 1.064306691288948 7
    endloop
  endfacet
  facet normal 0 0 1
    outer loop
      vertex -3.483764000236988 1.064306691288948 7
      vertex -1.323175922036171 0.784078449010849 7
      vertex -3.391074001789093 1.1842700019478798 7
    endloop
  endfacet
  facet normal 0 0 1
    outer loop
      vertex -3.391074001789093 1.1842700019478798 7
      vertex -1.323175922036171 0.784078449010849 7
      vertex -3.2867337986826897 1.2881389409303665 7
    endloop
  endfacet
  facet normal 0 0 1
    outer loop
      vertex -3.2867337986826897 1.2881389409303665 7
      vertex -1.323175922036171 0.784078449010849 7
      vertex -3.1733531802892685 1.3760280385613441 7
    endloop
  endfacet
  facet normal 0 0 1
    outer loop
      vertex -3.1733531802892685 1.3760280385613441 7
      vertex -1.323175922036171 0.784078449010849 7
      vertex -3.0509321615099907 1.4479373097419739 7
    endloop
  endfacet
  facet normal 0 0 1
    outer loop
      vertex -8.338730685412884 7.7480365708470345 7
      vertex -3.3411452248692513 2.2320326566696167 7
      vertex -3.211027182638645 2.2726468965411186 7
    endloop
  endfacet
  facet normal 0 0 1
    outer loop
      vertex -8.338730685412884 7.7480365708470345 7
      vertex -3.211027182638645 2.2726468965411186 7
      vertex -3.0755618810653687 2.3058767318725586 7
    endloop
  endfacet
  facet normal 0 0 1
    outer loop
      vertex -8.338730685412884 7.7480365708470345 7
      vertex -3.0755618810653687 2.3058767318725586 7
      vertex -2.9347493052482605 2.3317221626639366 7
    endloop
  endfacet
  facet normal 0 0 1
    outer loop
      vertex -8.338730685412884 7.7480365708470345 7
      vertex -2.9347493052482605 2.3317221626639366 7
      vertex -2.788589470088482 2.350183181464672 7
    endloop
  endfacet
  facet normal 0 0 1
    outer loop
      vertex -8.338730685412884 7.7480365708470345 7
      vertex -2.788589470088482 2.350183181464672 7
      vertex -2.6370823681354523 2.3612597957253456 7
    endloop
  endfacet
  facet normal 0 0 1
    outer loop
      vertex -8.338730685412884 7.7480365708470345 7
      vertex -2.6370823681354523 2.3612597957253456 7
      vertex -2.4802279993891716 2.3649519979953766 7
    endloop
  endfacet
  facet normal 0 0 1
    outer loop
      vertex -8.338730685412884 7.7480365708470345 7
      vertex -2.4802279993891716 2.3649519979953766 7
      vertex -2.1996984109282494 2.352156490087509 7
    endloop
  endfacet
  facet normal 0 0 1
    outer loop
      vertex -8.338730685412884 7.7480365708470345 7
      vertex -2.1996984109282494 2.352156490087509 7
      vertex -1.9356593489646912 2.3137699589133263 7
    endloop
  endfacet
  facet normal 0 0 1
    outer loop
      vertex -8.338730685412884 7.7480365708470345 7
      vertex -1.688110813498497 2.249792404472828 7
      vertex -1.457052819430828 2.1602238342165947 7
    endloop
  endfacet
  facet normal 0 0 1
    outer loop
      vertex -8.338730685412884 7.7480365708470345 7
      vertex -1.9356593489646912 2.3137699589133263 7
      vertex -1.688110813498497 2.249792404472828 7
    endloop
  endfacet
  facet normal 0 0 1
    outer loop
      vertex -8.338730685412884 7.7480365708470345 7
      vertex -1.457052819430828 2.1602238342165947 7
      vertex -1.2424853444099426 2.0450642481446266 7
    endloop
  endfacet
  facet normal 0 0 1
    outer loop
      vertex -8.338730685412884 7.7480365708470345 7
      vertex -1.2424853444099426 2.0450642481446266 7
      vertex -1.0444084107875824 1.9043136313557625 7
    endloop
  endfacet
  facet normal 0 0 1
    outer loop
      vertex -8.338730685412884 7.7480365708470345 7
      vertex -1.0444084107875824 1.9043136313557625 7
      vertex 1.0708039626479149 1.9192101210355759 7
    endloop
  endfacet
  facet normal 0 0 1
    outer loop
      vertex -3.733123429119587 -0.21065840870141983 7
      vertex -1.2106280028820038 0.016099996864795685 7
      vertex -1.2176622450351715 0.23253750801086426 7
    endloop
  endfacet
  facet normal 0 0 1
    outer loop
      vertex -3.7404439970850945 0.0035879984498023987 7
      vertex -1.2176622450351715 0.23253750801086426 7
      vertex -1.2387649789452553 0.43267975747585297 7
    endloop
  endfacet
  facet normal 0 0 1
    outer loop
      vertex -3.733314000070095 0.22096240520477295 7
      vertex -1.2387649789452553 0.43267975747585297 7
      vertex -1.273936204612255 0.6165267378091812 7
    endloop
  endfacet
  facet normal 0 0 1
    outer loop
      vertex -3.7119240015745163 0.42210163176059723 7
      vertex -1.273936204612255 0.6165267378091812 7
      vertex -1.323175922036171 0.784078449010849 7
    endloop
  endfacet
  facet normal 0 0 1
    outer loop
      vertex -3.0509321615099907 1.4479373097419739 7
      vertex -1.323175922036171 0.784078449010849 7
      vertex -2.9194707348942757 1.503866732120514 7
    endloop
  endfacet
  facet normal 0 0 1
    outer loop
      vertex -2.6294266507029533 1.567786082625389 7
      vertex -1.3864841237664223 0.9353348985314369 7
      vertex -1.4638608172535896 1.0702960789203644 7
    endloop
  endfacet
  facet normal 0 0 1
    outer loop
      vertex -2.6294266507029533 1.567786082625389 7
      vertex -1.323175922036171 0.784078449010849 7
      vertex -1.3864841237664223 0.9353348985314369 7
    endloop
  endfacet
  facet normal 0 0 1
    outer loop
      vertex -1.4638608172535896 1.0702960789203644 7
      vertex -1.6584013849496841 1.291586123406887 7
      vertex -1.7707286924123764 1.3784219175577164 7
    endloop
  endfacet
  facet normal 0 0 1
    outer loop
      vertex -1.4638608172535896 1.0702960789203644 7
      vertex -1.555306002497673 1.188961997628212 7
      vertex -1.6584013849496841 1.291586123406887 7
    endloop
  endfacet
  facet normal 0 0 1
    outer loop
      vertex -2.9194707348942757 1.503866732120514 7
      vertex -1.323175922036171 0.784078449010849 7
      vertex -2.7789689004421234 1.543816328048706 7
    endloop
  endfacet
  facet normal 0 0 1
    outer loop
      vertex -2.7789689004421234 1.543816328048706 7
      vertex -1.323175922036171 0.784078449010849 7
      vertex -2.6294266507029533 1.567786082625389 7
    endloop
  endfacet
  facet normal 0 0 1
    outer loop
      vertex -2.6294266507029533 1.567786082625389 7
      vertex -1.4638608172535896 1.0702960789203644 7
      vertex -2.4708440005779266 1.5757760033011436 7
    endloop
  endfacet
  facet normal 0 0 1
    outer loop
      vertex -1.4638608172535896 1.0702960789203644 7
      vertex -2.3123571053147316 1.5678818374872208 7
      vertex -2.4708440005779266 1.5757760033011436 7
    endloop
  endfacet
  facet normal 0 0 1
    outer loop
      vertex -1.4638608172535896 1.0702960789203644 7
      vertex -2.1631021201610565 1.5441993474960327 7
      vertex -2.3123571053147316 1.5678818374872208 7
    endloop
  endfacet
  facet normal 0 0 1
    outer loop
      vertex -1.4638608172535896 1.0702960789203644 7
      vertex -2.0230790600180626 1.5047285333275795 7
      vertex -2.1631021201610565 1.5441993474960327 7
    endloop
  endfacet
  facet normal 0 0 1
    outer loop
      vertex -1.4638608172535896 1.0702960789203644 7
      vertex -1.8922879174351692 1.4494693875312805 7
      vertex -2.0230790600180626 1.5047285333275795 7
    endloop
  endfacet
  facet normal 0 0 1
    outer loop
      vertex -1.4638608172535896 1.0702960789203644 7
      vertex -1.7707286924123764 1.3784219175577164 7
      vertex -1.8922879174351692 1.4494693875312805 7
    endloop
  endfacet
  facet normal 0 0 1
    outer loop
      vertex -0.2683686912059784 -0.3123033866286278 7
      vertex 0.2946731820702553 0.3533475920557976 7
      vertex -0.2560819983482361 -0.005750000476837158 7
    endloop
  endfacet
  facet normal 0 0 1
    outer loop
      vertex -0.2560819983482361 -0.005750000476837158 7
      vertex 0.2946731820702553 0.3533475920557976 7
      vertex -0.26846444606781006 0.30332399904727936 7
    endloop
  endfacet
  facet normal 0 0 1
    outer loop
      vertex -0.26846444606781006 0.30332399904727936 7
      vertex 0.31600216031074524 0.5300720781087875 7
      vertex -0.3056117966771126 0.5924077108502388 7
    endloop
  endfacet
  facet normal 0 0 1
    outer loop
      vertex -0.3056117966771126 0.5924077108502388 7
      vertex 0.3458627313375473 0.6976303681731224 7
      vertex -0.36752404272556305 0.8615011423826218 7
    endloop
  endfacet
  facet normal 0 0 1
    outer loop
      vertex -0.45420118421316147 1.1106042861938477 7
      vertex 0.5335126966238022 1.2436635121703148 7
      vertex -0.5656432211399078 1.3397171422839165 7
    endloop
  endfacet
  facet normal 0 0 1
    outer loop
      vertex -0.36752404272556305 0.8615011423826218 7
      vertex 0.43117865175008774 1.005248323082924 7
      vertex -0.45420118421316147 1.1106042861938477 7
    endloop
  endfacet
  facet normal 0 0 1
    outer loop
      vertex -0.7018501609563828 1.5488397106528282 7
      vertex -0.5656432211399078 1.3397171422839165 7
      vertex 0.6412165313959122 1.431587591767311 7
    endloop
  endfacet
  facet normal 0 0 1
    outer loop
      vertex -0.7018501609563828 1.5488397106528282 7
      vertex 0.8376384079456329 1.6915063709020615 7
      vertex -0.8628220036625862 1.7379719987511635 7
    endloop
  endfacet
  facet normal 0 0 1
    outer loop
      vertex -0.8628220036625862 1.7379719987511635 7
      vertex 0.9905564934015274 1.8486770987510681 7
      vertex -1.0444084107875824 1.9043136313557625 7
    endloop
  endfacet
  facet normal 0 0 1
    outer loop
      vertex -8.338730685412884 7.7480365708470345 7
      vertex 1.0708039626479149 1.9192101210355759 7
      vertex 1.1531524062156677 1.9838870614767075 7
    endloop
  endfacet
  facet normal 0 0 1
    outer loop
      vertex -8.338730685412884 7.7480365708470345 7
      vertex 1.1531524062156677 1.9838870614767075 7
      vertex 1.2376018390059471 2.042707920074463 7
    endloop
  endfacet
  facet normal 0 0 1
    outer loop
      vertex -8.338730685412884 7.7480365708470345 7
      vertex 1.2376018390059471 2.042707920074463 7
      vertex 1.3241522461175919 2.095672696828842 7
    endloop
  endfacet
  facet normal 0 0 1
    outer loop
      vertex -8.338730685412884 7.7480365708470345 7
      vertex 1.3241522461175919 2.095672696828842 7
      vertex 1.4128036350011826 2.1427813842892647 7
    endloop
  endfacet
  facet normal 0 0 1
    outer loop
      vertex -8.338730685412884 7.7480365708470345 7
      vertex 1.4128036350011826 2.1427813842892647 7
      vertex 1.5035559982061386 2.1840339973568916 7
    endloop
  endfacet
  facet normal 0 0 1
    outer loop
      vertex -8.338730685412884 7.7480365708470345 7
      vertex 1.5035559982061386 2.1840339973568916 7
      vertex 1.6283267736434937 2.2320326566696167 7
    endloop
  endfacet
  facet normal 0 0 1
    outer loop
      vertex -8.338730685412884 7.7480365708470345 7
      vertex 1.6283267736434937 2.2320326566696167 7
      vertex 1.7584448158740997 2.2726468965411186 7
    endloop
  endfacet
  facet normal 0 0 1
    outer loop
      vertex -8.338730685412884 7.7480365708470345 7
      vertex 1.7584448158740997 2.2726468965411186 7
      vertex 1.8939101248979568 2.3058767318725586 7
    endloop
  endfacet
  facet normal 0 0 1
    outer loop
      vertex -8.338730685412884 7.7480365708470345 7
      vertex 7.399999998509884 8.571281291544437 7
      vertex -5.799999997019768 9 7
    endloop
  endfacet
  facet normal 0 0 -1
    outer loop
      vertex -6 -10 0
      vertex 6.522104769945145 -9.965779446065426 0
      vertex 6 -10 0
    endloop
  endfacet
  facet normal 0 -1 0
    outer loop
      vertex -6 -10 0
      vertex 6 -10 0
      vertex 6 -10 1
    endloop
  endfacet
  facet normal 0 0 -1
    outer loop
      vertex -8 -9.464101612567902 0
      vertex 10 -6 0
      vertex 6.522104769945145 -9.965779446065426 0
    endloop
  endfacet
  facet normal 0.06540312801222277 -0.9978589233184303 0
    outer loop
      vertex 6 -10 0
      vertex 6.522104769945145 -9.965779446065426 0
      vertex 6 -10 1
    endloop
  endfacet
  facet normal 0.1950903267663619 -0.9807852794583501 0
    outer loop
      vertex 6.522104769945145 -9.965779446065426 0
      vertex 7.035276181995869 -9.863703303039074 0
      vertex 7.035276181995869 -9.863703303039074 1
    endloop
  endfacet
  facet normal 0 0 -1
    outer loop
      vertex 6.522104769945145 -9.965779446065426 0
      vertex 7.530733726918697 -9.695518128573895 0
      vertex 7.035276181995869 -9.863703303039074 0
    endloop
  endfacet
  facet normal 0 0 -1
    outer loop
      vertex 6.522104769945145 -9.965779446065426 0
      vertex 8 -9.464101612567902 0
      vertex 7.530733726918697 -9.695518128573895 0
    endloop
  endfacet
  facet normal 0.32143946659727024 -0.9469301290558149 0
    outer loop
      vertex 7.035276181995869 -9.863703303039074 0
      vertex 7.530733726918697 -9.695518128573895 0
      vertex 7.530733726918697 -9.695518128573895 1
    endloop
  endfacet
  facet normal 0.06540312801222277 -0.9978589233184303 0
    outer loop
      vertex 6.522104769945145 -9.965779446065426 0
      vertex 6.522104769945145 -9.965779446065426 1
      vertex 6 -10 1
    endloop
  endfacet
  facet normal 0.1950903267663619 -0.9807852794583501 0
    outer loop
      vertex 6.522104769945145 -9.965779446065426 0
      vertex 7.035276181995869 -9.863703303039074 1
      vertex 6.522104769945145 -9.965779446065426 1
    endloop
  endfacet
  facet normal 0.32143946659727024 -0.9469301290558149 0
    outer loop
      vertex 7.035276181995869 -9.863703303039074 0
      vertex 7.530733726918697 -9.695518128573895 1
      vertex 7.035276181995869 -9.863703303039074 1
    endloop
  endfacet
  facet normal 0.44228868998100634 -0.8968727416500544 0
    outer loop
      vertex 7.530733726918697 -9.695518128573895 0
      vertex 8 -9.464101612567902 0
      vertex 8 -9.464101612567902 1
    endloop
  endfacet
  facet normal 0 0 -1
    outer loop
      vertex 6.522104769945145 -9.965779446065426 0
      vertex 9.17341335862875 -8.435045719146729 0
      vertex 8 -9.464101612567902 0
    endloop
  endfacet
  facet normal 0 0 -1
    outer loop
      vertex 8 -9.464101612567902 0
      vertex 9.17341335862875 -8.435045719146729 0
      vertex 8.435045719146729 -9.17341335862875 0
    endloop
  endfacet
  facet normal 0.5555702302277682 -0.831469614167989 0
    outer loop
      vertex 8 -9.464101612567902 0
      vertex 8.435045719146729 -9.17341335862875 0
      vertex 8.435045719146729 -9.17341335862875 1
    endloop
  endfacet
  facet normal 0.6593458228172265 -0.7518398007112116 0
    outer loop
      vertex 8.435045719146729 -9.17341335862875 0
      vertex 8.828427121043205 -8.828427121043205 0
      vertex 8.828427121043205 -8.828427121043205 1
    endloop
  endfacet
  facet normal 0.44228868998100634 -0.8968727416500544 0
    outer loop
      vertex 7.530733726918697 -9.695518128573895 0
      vertex 8 -9.464101612567902 1
      vertex 7.530733726918697 -9.695518128573895 1
    endloop
  endfacet
  facet normal 0.5555702302277682 -0.831469614167989 0
    outer loop
      vertex 8 -9.464101612567902 0
      vertex 8.435045719146729 -9.17341335862875 1
      vertex 8 -9.464101612567902 1
    endloop
  endfacet
  facet normal 0.6593458228172265 -0.7518398007112116 0
    outer loop
      vertex 8.435045719146729 -9.17341335862875 0
      vertex 8.828427121043205 -8.828427121043205 1
      vertex 8.435045719146729 -9.17341335862875 1
    endloop
  endfacet
  facet normal 0 0 -1
    outer loop
      vertex 6.522104769945145 -9.965779446065426 0
      vertex 10 -6 0
      vertex 9.17341335862875 -8.435045719146729 0
    endloop
  endfacet
  facet normal 0 0 -1
    outer loop
      vertex 8.435045719146729 -9.17341335862875 0
      vertex 9.17341335862875 -8.435045719146729 0
      vertex 8.828427121043205 -8.828427121043205 0
    endloop
  endfacet
  facet normal 0.7518398007112116 -0.6593458228172265 0
    outer loop
      vertex 8.828427121043205 -8.828427121043205 0
      vertex 9.17341335862875 -8.435045719146729 0
      vertex 8.828427121043205 -8.828427121043205 1
    endloop
  endfacet
  facet normal 0.831469614167989 -0.5555702302277682 0
    outer loop
      vertex 9.17341335862875 -8.435045719146729 0
      vertex 9.464101612567902 -8 0
      vertex 9.464101612567902 -8 1
    endloop
  endfacet
  facet normal 0 0 -1
    outer loop
      vertex 9.17341335862875 -8.435045719146729 0
      vertex 9.695518128573895 -7.530733726918697 0
      vertex 9.464101612567902 -8 0
    endloop
  endfacet
  facet normal 0.8968727416500544 -0.44228868998100634 0
    outer loop
      vertex 9.464101612567902 -8 0
      vertex 9.695518128573895 -7.530733726918697 0
      vertex 9.695518128573895 -7.530733726918697 1
    endloop
  endfacet
  facet normal 0.7518398007112116 -0.6593458228172265 0
    outer loop
      vertex 9.17341335862875 -8.435045719146729 0
      vertex 9.17341335862875 -8.435045719146729 1
      vertex 8.828427121043205 -8.828427121043205 1
    endloop
  endfacet
  facet normal 0.831469614167989 -0.5555702302277682 0
    outer loop
      vertex 9.17341335862875 -8.435045719146729 0
      vertex 9.464101612567902 -8 1
      vertex 9.17341335862875 -8.435045719146729 1
    endloop
  endfacet
  facet normal 0.8968727416500544 -0.44228868998100634 0
    outer loop
      vertex 9.464101612567902 -8 0
      vertex 9.695518128573895 -7.530733726918697 1
      vertex 9.464101612567902 -8 1
    endloop
  endfacet
  facet normal 0 0 -1
    outer loop
      vertex 9.17341335862875 -8.435045719146729 0
      vertex 10 -6 0
      vertex 9.695518128573895 -7.530733726918697 0
    endloop
  endfacet
  facet normal 0 0 -1
    outer loop
      vertex 9.695518128573895 -7.530733726918697 0
      vertex 9.965779446065426 -6.522104769945145 0
      vertex 9.863703303039074 -7.035276181995869 0
    endloop
  endfacet
  facet normal 0.9469301290558149 -0.32143946659727024 0
    outer loop
      vertex 9.695518128573895 -7.530733726918697 0
      vertex 9.863703303039074 -7.035276181995869 0
      vertex 9.863703303039074 -7.035276181995869 1
    endloop
  endfacet
  facet normal 0 0 -1
    outer loop
      vertex 9.695518128573895 -7.530733726918697 0
      vertex 10 -6 0
      vertex 9.965779446065426 -6.522104769945145 0
    endloop
  endfacet
  facet normal 0.9807852794583501 -0.1950903267663619 0
    outer loop
      vertex 9.863703303039074 -7.035276181995869 0
      vertex 9.965779446065426 -6.522104769945145 0
      vertex 9.863703303039074 -7.035276181995869 1
    endloop
  endfacet
  facet normal 0.9469301290558149 -0.32143946659727024 0
    outer loop
      vertex 9.695518128573895 -7.530733726918697 0
      vertex 9.863703303039074 -7.035276181995869 1
      vertex 9.695518128573895 -7.530733726918697 1
    endloop
  endfacet
  facet normal 0.9807852794583501 -0.1950903267663619 0
    outer loop
      vertex 9.965779446065426 -6.522104769945145 0
      vertex 9.965779446065426 -6.522104769945145 1
      vertex 9.863703303039074 -7.035276181995869 1
    endloop
  endfacet
  facet normal 0.9978589233184303 -0.06540312801222277 0
    outer loop
      vertex 9.965779446065426 -6.522104769945145 0
      vertex 10 -6 1
      vertex 9.965779446065426 -6.522104769945145 1
    endloop
  endfacet
  facet normal 0.9978589233184303 -0.06540312801222277 0
    outer loop
      vertex 9.965779446065426 -6.522104769945145 0
      vertex 10 -6 0
      vertex 10 -6 1
    endloop
  endfacet
  facet normal 0.06449407807523447 -0.9839895011832029 0.16614805281572556
    outer loop
      vertex 6 -10 1
      vertex 6.522104769945145 -9.965779446065426 1
      vertex 6.217683814466 -8.97262355685234 7
    endloop
  endfacet
  facet normal 0.19225920855332887 -0.966552287419362 0.16974413807506444
    outer loop
      vertex 6.522104769945145 -9.965779446065426 1
      vertex 7.035276181995869 -9.863703303039074 1
      vertex 6.217683814466 -8.97262355685234 7
    endloop
  endfacet
  facet normal 0.31661008083938413 -0.9327032174466533 0.17269268912012384
    outer loop
      vertex 7.035276181995869 -9.863703303039074 1
      vertex 7.530733726918697 -9.695518128573895 1
      vertex 7.024586983025074 -8.756414502859116 7
    endloop
  endfacet
  facet normal 0.4354677046840574 -0.8830411517346712 0.1749462846713351
    outer loop
      vertex 7.530733726918697 -9.695518128573895 1
      vertex 8 -9.464101612567902 1
      vertex 7.399999998509884 -8.571281291544437 7
    endloop
  endfacet
  facet normal 0.5468512314872876 -0.8184207103134639 0.17646889683692712
    outer loop
      vertex 8 -9.464101612567902 1
      vertex 8.435045719146729 -9.17341335862875 1
      vertex 7.399999998509884 -8.571281291544437 7
    endloop
  endfacet
  facet normal 0.6489072755810877 -0.739936919094096 0.1772362927265961
    outer loop
      vertex 8.435045719146729 -9.17341335862875 1
      vertex 8.828427121043205 -8.828427121043205 1
      vertex 8.062741696834564 -8.062741696834564 7
    endloop
  endfacet
  facet normal 0.739936919094096 -0.6489072755810877 0.1772362927265961
    outer loop
      vertex 8.828427121043205 -8.828427121043205 1
      vertex 9.17341335862875 -8.435045719146729 1
      vertex 8.062741696834564 -8.062741696834564 7
    endloop
  endfacet
  facet normal 0.8184207103134639 -0.5468512314872876 0.17646889683692712
    outer loop
      vertex 9.17341335862875 -8.435045719146729 1
      vertex 9.464101612567902 -8 1
      vertex 8.571281291544437 -7.399999998509884 7
    endloop
  endfacet
  facet normal 0.8830411517346712 -0.4354677046840574 0.1749462846713351
    outer loop
      vertex 9.464101612567902 -8 1
      vertex 9.695518128573895 -7.530733726918697 1
      vertex 8.571281291544437 -7.399999998509884 7
    endloop
  endfacet
  facet normal 0.9327032174466533 -0.31661008083938413 0.17269268912012384
    outer loop
      vertex 9.695518128573895 -7.530733726918697 1
      vertex 9.863703303039074 -7.035276181995869 1
      vertex 8.756414502859116 -7.024586983025074 7
    endloop
  endfacet
  facet normal 0.966552287419362 -0.19225920855332887 0.16974413807506444
    outer loop
      vertex 9.863703303039074 -7.035276181995869 1
      vertex 9.965779446065426 -6.522104769945145 1
      vertex 8.97262355685234 -6.217683814466 7
    endloop
  endfacet
  facet normal 0.9839895011832029 -0.06449407807523447 0.16614805281572556
    outer loop
      vertex 9.965779446065426 -6.522104769945145 1
      vertex 10 -6 1
      vertex 8.97262355685234 -6.217683814466 7
    endloop
  endfacet
  facet normal 1 0 0
    outer loop
      vertex 10 -6 0
      vertex 10 6 1
      vertex 10 -6 1
    endloop
  endfacet
  facet normal 0.9863939238321437 0 0.1643989873053573
    outer loop
      vertex 10 -6 1
      vertex 10 6 1
      vertex 9 -5.799999997019768 7
    endloop
  endfacet
  facet normal 0 -0.9863939238321437 0.1643989873053573
    outer loop
      vertex -5.799999997019768 -9 7
      vertex 6 -10 1
      vertex 5.799999997019768 -9 7
    endloop
  endfacet
  facet normal 0 0 1
    outer loop
      vertex -7.399999998509884 -8.571281291544437 7
      vertex 5.799999997019768 -9 7
      vertex 8.338730685412884 -7.7480365708470345 7
    endloop
  endfacet
  facet normal 0 0 1
    outer loop
      vertex -7.399999998509884 -8.571281291544437 7
      vertex 8.338730685412884 -7.7480365708470345 7
      vertex 2.5017559975385666 -2.363986000418663 7
    endloop
  endfacet
  facet normal 0 0 1
    outer loop
      vertex -1.038419023156166 -1.904496692121029 7
      vertex 1.0602023676037788 -1.9067948162555695 7
      vertex 0.8796579986810684 -1.741697996854782 7
    endloop
  endfacet
  facet normal 0 0 1
    outer loop
      vertex -0.8581300005316734 -1.7385699972510338 7
      vertex 0.8796579986810684 -1.741697996854782 7
      vertex 0.7199309766292572 -1.5543080791831017 7
    endloop
  endfacet
  facet normal 0 0 1
    outer loop
      vertex -0.6984029784798622 -1.5500319600105286 7
      vertex 0.7199309766292572 -1.5543080791831017 7
      vertex 0.5847773477435112 -1.3477577567100525 7
    endloop
  endfacet
  facet normal 0 0 1
    outer loop
      vertex -0.5632493495941162 -1.341824695467949 7
      vertex 0.5847773477435112 -1.3477577567100525 7
      vertex 0.4741971045732498 -1.122047021985054 7
    endloop
  endfacet
  facet normal 0 0 1
    outer loop
      vertex -0.45266909897327423 -1.1139482036232948 7
      vertex 0.4741971045732498 -1.122047021985054 7
      vertex 0.38819024711847305 -0.8771758750081062 7
    endloop
  endfacet
  facet normal 0 0 1
    outer loop
      vertex -0.36666224151849747 -0.8664024919271469 7
      vertex 0.38819024711847305 -0.8771758750081062 7
      vertex 0.3267567753791809 -0.6131443232297897 7
    endloop
  endfacet
  facet normal 0 0 1
    outer loop
      vertex -0.3052287772297859 -0.5991875529289246 7
      vertex 0.3267567753791809 -0.6131443232297897 7
      vertex 0.289896696805954 -0.3299523666501045 7
    endloop
  endfacet
  facet normal 0 0 1
    outer loop
      vertex -0.2683686912059784 -0.3123033866286278 7
      vertex 0.289896696805954 -0.3299523666501045 7
      vertex 0.2776099964976311 -0.02759999781847 7
    endloop
  endfacet
  facet normal 0 0 1
    outer loop
      vertex -0.2683686912059784 -0.3123033866286278 7
      vertex 0.2776099964976311 -0.02759999781847 7
      vertex 0.2818757966160774 0.16745689511299133 7
    endloop
  endfacet
  facet normal 0 0 1
    outer loop
      vertex 1.6941837519407272 -1.280312366783619 7
      vertex 2.0608863681554794 -1.5011855885386467 7
      vertex 1.587736003100872 -1.173965997993946 7
    endloop
  endfacet
  facet normal 0 0 1
    outer loop
      vertex 2.1989070177078247 -1.5420880392193794 7
      vertex 1.4925685748457909 -1.0517684072256088 7
      vertex 1.587736003100872 -1.173965997993946 7
    endloop
  endfacet
  facet normal 0 0 1
    outer loop
      vertex 1.6941837519407272 -1.280312366783619 7
      vertex 1.8085247352719307 -1.3702977523207664 7
      vertex 1.9307589381933212 -1.4439221620559692 7
    endloop
  endfacet
  facet normal 0 0 1
    outer loop
      vertex 1.6941837519407272 -1.280312366783619 7
      vertex 1.9307589381933212 -1.4439221620559692 7
      vertex 2.0608863681554794 -1.5011855885386467 7
    endloop
  endfacet
  facet normal 0 0 1
    outer loop
      vertex 2.0608863681554794 -1.5011855885386467 7
      vertex 2.1989070177078247 -1.5420880392193794 7
      vertex 1.587736003100872 -1.173965997993946 7
    endloop
  endfacet
  facet normal 0 0 1
    outer loop
      vertex 2.3448208943009377 -1.5666295066475868 7
      vertex 1.4925685748457909 -1.0517684072256088 7
      vertex 2.1989070177078247 -1.5420880392193794 7
    endloop
  endfacet
  facet normal 0 0 1
    outer loop
      vertex 2.3448208943009377 -1.5666295066475868 7
      vertex 2.4986279979348183 -1.5748099982738495 7
      vertex 1.4925685748457909 -1.0517684072256088 7
    endloop
  endfacet
  facet normal 0 0 1
    outer loop
      vertex 2.4986279979348183 -1.5748099982738495 7
      vertex 2.652338407933712 -1.5666933432221413 7
      vertex 1.4925685748457909 -1.0517684072256088 7
    endloop
  endfacet
  facet normal 0 0 1
    outer loop
      vertex 1.4925685748457909 -1.0517684072256088 7
      vertex 2.652338407933712 -1.5666933432221413 7
      vertex 2.7979622036218643 -1.5423433855175972 7
    endloop
  endfacet
  facet normal 0 0 1
    outer loop
      vertex 1.4925685748457909 -1.0517684072256088 7
      vertex 2.7979622036218643 -1.5423433855175972 7
      vertex 2.935499384999275 -1.5017601251602173 7
    endloop
  endfacet
  facet normal 0 0 1
    outer loop
      vertex 1.4925685748457909 -1.0517684072256088 7
      vertex 2.935499384999275 -1.5017601251602173 7
      vertex 3.0649499595165253 -1.444943554699421 7
    endloop
  endfacet
  facet normal 0 0 1
    outer loop
      vertex 1.4925685748457909 -1.0517684072256088 7
      vertex 3.578200124204159 -0.9173573479056358 7
      vertex 1.4120422825217247 -0.9142293483018875 7
    endloop
  endfacet
  facet normal 0 0 1
    outer loop
      vertex 1.3461571410298347 -0.7613488137722015 7
      vertex 1.4120422825217247 -0.9142293483018875 7
      vertex 3.578200124204159 -0.9173573479056358 7
    endloop
  endfacet
  facet normal 0 0 1
    outer loop
      vertex 1.3461571410298347 -0.7613488137722015 7
      vertex 3.578200124204159 -0.9173573479056358 7
      vertex 1.2949131429195404 -0.5931268185377121 7
    endloop
  endfacet
  facet normal 0 0 1
    outer loop
      vertex 1.2949131429195404 -0.5931268185377121 7
      vertex 3.578200124204159 -0.9173573479056358 7
      vertex 1.2583102881908417 -0.409563347697258 7
    endloop
  endfacet
  facet normal 0 0 1
    outer loop
      vertex 1.236348569393158 -0.21065840870141983 7
      vertex 1.2583102881908417 -0.409563347697258 7
      vertex 3.75161824375391 -0.20306183397769928 7
    endloop
  endfacet
  facet normal 0 0 1
    outer loop
      vertex 2.5017559975385666 -2.363986000418663 7
      vertex 8.338730685412884 -7.7480365708470345 7
      vertex 2.781348690390587 -2.351222410798073 7
    endloop
  endfacet
  facet normal 0 0 1
    outer loop
      vertex 2.781348690390587 -2.351222410798073 7
      vertex 8.338730685412884 -7.7480365708470345 7
      vertex 3.0443907752633095 -2.3129316344857216 7
    endloop
  endfacet
  facet normal 0 0 1
    outer loop
      vertex 3.0443907752633095 -2.3129316344857216 7
      vertex 8.338730685412884 -7.7480365708470345 7
      vertex 3.290882244706154 -2.2491136714816093 7
    endloop
  endfacet
  facet normal 0 0 1
    outer loop
      vertex 1.4925685748457909 -1.0517684072256088 7
      vertex 3.0649499595165253 -1.444943554699421 7
      vertex 3.186313919723034 -1.3718936741352081 7
    endloop
  endfacet
  facet normal 0 0 1
    outer loop
      vertex 1.4925685748457909 -1.0517684072256088 7
      vertex 3.186313919723034 -1.3718936741352081 7
      vertex 3.299591265618801 -1.2826104909181595 7
    endloop
  endfacet
  facet normal 0 0 1
    outer loop
      vertex 1.4925685748457909 -1.0517684072256088 7
      vertex 3.299591265618801 -1.2826104909181595 7
      vertex 3.404781997203827 -1.1770939975976944 7
    endloop
  endfacet
  facet normal 0 0 1
    outer loop
      vertex 1.4925685748457909 -1.0517684072256088 7
      vertex 3.404781997203827 -1.1770939975976944 7
      vertex 3.498716816306114 -1.0553432628512383 7
    endloop
  endfacet
  facet normal 0 0 1
    outer loop
      vertex 1.4925685748457909 -1.0517684072256088 7
      vertex 3.498716816306114 -1.0553432628512383 7
      vertex 3.578200124204159 -0.9173573479056358 7
    endloop
  endfacet
  facet normal 0 0 1
    outer loop
      vertex 1.2583102881908417 -0.409563347697258 7
      vertex 3.578200124204159 -0.9173573479056358 7
      vertex 3.6432319208979607 -0.7631362453103065 7
    endloop
  endfacet
  facet normal 0 0 1
    outer loop
      vertex 1.2583102881908417 -0.409563347697258 7
      vertex 3.6432319208979607 -0.7631362453103065 7
      vertex 3.69381220638752 -0.592679962515831 7
    endloop
  endfacet
  facet normal 0 0 1
    outer loop
      vertex 1.2583102881908417 -0.409563347697258 7
      vertex 3.69381220638752 -0.592679962515831 7
      vertex 3.7299409806728363 -0.40598849207162857 7
    endloop
  endfacet
  facet normal 0 0 1
    outer loop
      vertex 1.2583102881908417 -0.409563347697258 7
      vertex 3.7299409806728363 -0.40598849207162857 7
      vertex 3.75161824375391 -0.20306183397769928 7
    endloop
  endfacet
  facet normal 0 0 1
    outer loop
      vertex 1.236348569393158 -0.21065840870141983 7
      vertex 3.75161824375391 -0.20306183397769928 7
      vertex 3.7588440030813217 0.016099996864795685 7
    endloop
  endfacet
  facet normal 0 0 1
    outer loop
      vertex 3.7342133447527885 -2.0448962077498436 7
      vertex 5.434256002306938 -2.2860160022974014 7
      vertex 3.9310529828071594 -1.904496692121029 7
    endloop
  endfacet
  facet normal 0 0 1
    outer loop
      vertex 3.9310529828071594 -1.904496692121029 7
      vertex 5.434256002306938 -2.2860160022974014 7
      vertex 4.1113419979810715 -1.7385699972510338 7
    endloop
  endfacet
  facet normal 0 0 1
    outer loop
      vertex 4.1113419979810715 -1.7385699972510338 7
      vertex 5.434256002306938 -2.2860160022974014 7
      vertex 4.271069020032883 -1.5500319600105286 7
    endloop
  endfacet
  facet normal 0 0 1
    outer loop
      vertex 4.271069020032883 -1.5500319600105286 7
      vertex 5.434256002306938 -2.2860160022974014 7
      vertex 4.406222656369209 -1.341824695467949 7
    endloop
  endfacet
  facet normal 0 0 1
    outer loop
      vertex 4.406222656369209 -1.341824695467949 7
      vertex 5.434256002306938 -2.2860160022974014 7
      vertex 4.516802899539471 -1.1139482036232948 7
    endloop
  endfacet
  facet normal 0 0 1
    outer loop
      vertex 4.516802899539471 -1.1139482036232948 7
      vertex 5.434256002306938 -2.2860160022974014 7
      vertex 4.602809756994247 -0.8664024919271469 7
    endloop
  endfacet
  facet normal 0 0 1
    outer loop
      vertex 4.602809756994247 -0.8664024919271469 7
      vertex 5.434256002306938 -2.2860160022974014 7
      vertex 4.664243221282959 -0.5991875529289246 7
    endloop
  endfacet
  facet normal 0 0 1
    outer loop
      vertex 4.664243221282959 -0.5991875529289246 7
      vertex 5.434256002306938 -2.2860160022974014 7
      vertex 4.7011033073067665 -0.3123033866286278 7
    endloop
  endfacet
  facet normal 0.06449407784601494 -0.9839895011964398 0.16614805282630835
    outer loop
      vertex 6 -10 1
      vertex 6.217683814466 -8.97262355685234 7
      vertex 5.799999997019768 -9 7
    endloop
  endfacet
  facet normal 0.19225922131806228 -0.9665522846471342 0.16974413940274316
    outer loop
      vertex 7.035276181995869 -9.863703303039074 1
      vertex 6.628220938146114 -8.89096263796091 7
      vertex 6.217683814466 -8.97262355685234 7
    endloop
  endfacet
  facet normal 0.31661006495047206 -0.9327032226670733 0.172692690055236
    outer loop
      vertex 7.035276181995869 -9.863703303039074 1
      vertex 7.024586983025074 -8.756414502859116 7
      vertex 6.628220938146114 -8.89096263796091 7
    endloop
  endfacet
  facet normal 0.43546770464519824 -0.8830411517533103 0.17494628467398085
    outer loop
      vertex 7.530733726918697 -9.695518128573895 1
      vertex 7.399999998509884 -8.571281291544437 7
      vertex 7.024586983025074 -8.756414502859116 7
    endloop
  endfacet
  facet normal 0.5468512394873792 -0.8184207047899221 0.17646889766268697
    outer loop
      vertex 8.435045719146729 -9.17341335862875 1
      vertex 7.7480365708470345 -8.338730685412884 7
      vertex 7.399999998509884 -8.571281291544437 7
    endloop
  endfacet
  facet normal 0.6489072683073108 -0.7399369253057156 0.1772362934250983
    outer loop
      vertex 8.435045719146729 -9.17341335862875 1
      vertex 8.062741696834564 -8.062741696834564 7
      vertex 7.7480365708470345 -8.338730685412884 7
    endloop
  endfacet
  facet normal 0.7399369253057156 -0.6489072683073108 0.1772362934250983
    outer loop
      vertex 9.17341335862875 -8.435045719146729 1
      vertex 8.338730685412884 -7.7480365708470345 7
      vertex 8.062741696834564 -8.062741696834564 7
    endloop
  endfacet
  facet normal 0.8184207047899221 -0.5468512394873792 0.17646889766268697
    outer loop
      vertex 9.17341335862875 -8.435045719146729 1
      vertex 8.571281291544437 -7.399999998509884 7
      vertex 8.338730685412884 -7.7480365708470345 7
    endloop
  endfacet
  facet normal 0.8830411517533103 -0.43546770464519824 0.17494628467398085
    outer loop
      vertex 9.695518128573895 -7.530733726918697 1
      vertex 8.756414502859116 -7.024586983025074 7
      vertex 8.571281291544437 -7.399999998509884 7
    endloop
  endfacet
  facet normal 0.9327032226670733 -0.31661006495047206 0.172692690055236
    outer loop
      vertex 9.863703303039074 -7.035276181995869 1
      vertex 8.89096263796091 -6.628220938146114 7
      vertex 8.756414502859116 -7.024586983025074 7
    endloop
  endfacet
  facet normal 0.9665522846471342 -0.19225922131806228 0.16974413940274316
    outer loop
      vertex 9.863703303039074 -7.035276181995869 1
      vertex 8.97262355685234 -6.217683814466 7
      vertex 8.89096263796091 -6.628220938146114 7
    endloop
  endfacet
  facet normal 0.9839895011964398 -0.06449407784601494 0.16614805282630835
    outer loop
      vertex 10 -6 1
      vertex 9 -5.799999997019768 7
      vertex 8.97262355685234 -6.217683814466 7
    endloop
  endfacet
  facet normal 0 0 1
    outer loop
      vertex 5.799999997019768 -9 7
      vertex 6.217683814466 -8.97262355685234 7
      vertex 7.024586983025074 -8.756414502859116 7
    endloop
  endfacet
  facet normal 0 0 1
    outer loop
      vertex 6.217683814466 -8.97262355685234 7
      vertex 6.628220938146114 -8.89096263796091 7
      vertex 7.024586983025074 -8.756414502859116 7
    endloop
  endfacet
  facet normal 0 0 1
    outer loop
      vertex 5.799999997019768 -9 7
      vertex 7.024586983025074 -8.756414502859116 7
      vertex 7.399999998509884 -8.571281291544437 7
    endloop
  endfacet
  facet normal 0 0 1
    outer loop
      vertex 5.799999997019768 -9 7
      vertex 7.399999998509884 -8.571281291544437 7
      vertex 8.338730685412884 -7.7480365708470345 7
    endloop
  endfacet
  facet normal 0 0 1
    outer loop
      vertex 7.399999998509884 -8.571281291544437 7
      vertex 7.7480365708470345 -8.338730685412884 7
      vertex 8.338730685412884 -7.7480365708470345 7
    endloop
  endfacet
  facet normal 0 0 1
    outer loop
      vertex 7.7480365708470345 -8.338730685412884 7
      vertex 8.062741696834564 -8.062741696834564 7
      vertex 8.338730685412884 -7.7480365708470345 7
    endloop
  endfacet
  facet normal 0 0 1
    outer loop
      vertex 8.338730685412884 -7.7480365708470345 7
      vertex 8.571281291544437 -7.399999998509884 7
      vertex 8.756414502859116 -7.024586983025074 7
    endloop
  endfacet
  facet normal 0 0 1
    outer loop
      vertex 8.338730685412884 -7.7480365708470345 7
      vertex 8.756414502859116 -7.024586983025074 7
      vertex 9 -5.799999997019768 7
    endloop
  endfacet
  facet normal 0 0 1
    outer loop
      vertex 8.756414502859116 -7.024586983025074 7
      vertex 8.89096263796091 -6.628220938146114 7
      vertex 8.97262355685234 -6.217683814466 7
    endloop
  endfacet
  facet normal 0 0 1
    outer loop
      vertex 8.756414502859116 -7.024586983025074 7
      vertex 8.97262355685234 -6.217683814466 7
      vertex 9 -5.799999997019768 7
    endloop
  endfacet
  facet normal 0 0 1
    outer loop
      vertex 3.290882244706154 -2.2491136714816093 7
      vertex 8.338730685412884 -7.7480365708470345 7
      vertex 3.52082309871912 -2.1597685292363167 7
    endloop
  endfacet
  facet normal 0 0 1
    outer loop
      vertex 3.52082309871912 -2.1597685292363167 7
      vertex 8.338730685412884 -7.7480365708470345 7
      vertex 3.7342133447527885 -2.0448962077498436 7
    endloop
  endfacet
  facet normal 0 0 1
    outer loop
      vertex 3.7342133447527885 -2.0448962077498436 7
      vertex 8.338730685412884 -7.7480365708470345 7
      vertex 5.434256002306938 -2.2860160022974014 7
    endloop
  endfacet
  facet normal 0 0 1
    outer loop
      vertex 8.338730685412884 -7.7480365708470345 7
      vertex 6.357614003121853 -2.2860160022974014 7
      vertex 5.434256002306938 -2.2860160022974014 7
    endloop
  endfacet
  facet normal 0 0 1
    outer loop
      vertex 8.338730685412884 -7.7480365708470345 7
      vertex 7.1327177584171295 -0.5596791803836823 7
      vertex 6.357614003121853 -2.2860160022974014 7
    endloop
  endfacet
  facet normal 0 0 1
    outer loop
      vertex 4.7011033073067665 -0.3123033866286278 7
      vertex 5.434256002306938 -2.2860160022974014 7
      vertex 5.434256002306938 2.286981999874115 7
    endloop
  endfacet
  facet normal 0 0 1
    outer loop
      vertex 6.357614003121853 -2.2860160022974014 7
      vertex 6.959615997970104 -0.5610160008072853 7
      vertex 6.357614003121853 -0.5610160008072853 7
    endloop
  endfacet
  facet normal 0 0 1
    outer loop
      vertex 6.357614003121853 -2.2860160022974014 7
      vertex 7.1327177584171295 -0.5596791803836823 7
      vertex 6.959615997970104 -0.5610160008072853 7
    endloop
  endfacet
  facet normal 0 0 1
    outer loop
      vertex 8.338730685412884 -7.7480365708470345 7
      vertex 9 -5.799999997019768 7
      vertex 8.690386652946472 0.018122121691703796 7
    endloop
  endfacet
  facet normal 0 0 1
    outer loop
      vertex 8.338730685412884 -7.7480365708470345 7
      vertex 7.293722450733185 -0.5556687340140343 7
      vertex 7.1327177584171295 -0.5596791803836823 7
    endloop
  endfacet
  facet normal 0 0 1
    outer loop
      vertex 8.338730685412884 -7.7480365708470345 7
      vertex 7.442630082368851 -0.5489846542477608 7
      vertex 7.293722450733185 -0.5556687340140343 7
    endloop
  endfacet
  facet normal 0 0 1
    outer loop
      vertex 8.338730685412884 -7.7480365708470345 7
      vertex 7.579440653324127 -0.5396269410848618 7
      vertex 7.442630082368851 -0.5489846542477608 7
    endloop
  endfacet
  facet normal 0 0 1
    outer loop
      vertex 8.338730685412884 -7.7480365708470345 7
      vertex 7.704154163599014 -0.5275955945253372 7
      vertex 7.579440653324127 -0.5396269410848618 7
    endloop
  endfacet
  facet normal 0 0 1
    outer loop
      vertex 8.338730685412884 -7.7480365708470345 7
      vertex 7.816770613193512 -0.5128906145691872 7
      vertex 7.704154163599014 -0.5275955945253372 7
    endloop
  endfacet
  facet normal 0 0 1
    outer loop
      vertex 8.338730685412884 -7.7480365708470345 7
      vertex 7.91729000210762 -0.4955120012164116 7
      vertex 7.816770613193512 -0.5128906145691872 7
    endloop
  endfacet
  facet normal 0 0 1
    outer loop
      vertex 8.338730685412884 -7.7480365708470345 7
      vertex 7.986643917858601 -0.47809865325689316 7
      vertex 7.91729000210762 -0.4955120012164116 7
    endloop
  endfacet
  facet normal 0 0 1
    outer loop
      vertex 8.338730685412884 -7.7480365708470345 7
      vertex 8.05568052828312 -0.4561660438776016 7
      vertex 7.986643917858601 -0.47809865325689316 7
    endloop
  endfacet
  facet normal 0 0 1
    outer loop
      vertex 8.338730685412884 -7.7480365708470345 7
      vertex 8.124399833381176 -0.4297141656279564 7
      vertex 8.05568052828312 -0.4561660438776016 7
    endloop
  endfacet
  facet normal 0 0 1
    outer loop
      vertex 8.338730685412884 -7.7480365708470345 7
      vertex 8.192801833152771 -0.39874301850795746 7
      vertex 8.124399833381176 -0.4297141656279564 7
    endloop
  endfacet
  facet normal 0 0 1
    outer loop
      vertex 8.338730685412884 -7.7480365708470345 7
      vertex 8.260886527597904 -0.3632526099681854 7
      vertex 8.192801833152771 -0.39874301850795746 7
    endloop
  endfacet
  facet normal 0 0 1
    outer loop
      vertex 8.338730685412884 -7.7480365708470345 7
      vertex 8.328653916716576 -0.3232429400086403 7
      vertex 8.260886527597904 -0.3632526099681854 7
    endloop
  endfacet
  facet normal 0 0 1
    outer loop
      vertex 8.338730685412884 -7.7480365708470345 7
      vertex 8.396104000508785 -0.27871400117874146 7
      vertex 8.328653916716576 -0.3232429400086403 7
    endloop
  endfacet
  facet normal 0 0 1
    outer loop
      vertex 8.338730685412884 -7.7480365708470345 7
      vertex 8.461708448827267 -0.2293991819024086 7
      vertex 8.396104000508785 -0.27871400117874146 7
    endloop
  endfacet
  facet normal 0 0 1
    outer loop
      vertex 8.338730685412884 -7.7480365708470345 7
      vertex 8.523938938975334 -0.17505816370248795 7
      vertex 8.461708448827267 -0.2293991819024086 7
    endloop
  endfacet
  facet normal 0 0 1
    outer loop
      vertex 8.338730685412884 -7.7480365708470345 7
      vertex 8.582795470952988 -0.1156909391283989 7
      vertex 8.523938938975334 -0.17505816370248795 7
    endloop
  endfacet
  facet normal 0 0 1
    outer loop
      vertex 8.338730685412884 -7.7480365708470345 7
      vertex 8.638278037309647 -0.05129750818014145 7
      vertex 8.582795470952988 -0.1156909391283989 7
    endloop
  endfacet
  facet normal 0 0 1
    outer loop
      vertex 8.338730685412884 -7.7480365708470345 7
      vertex 8.690386652946472 0.018122121691703796 7
      vertex 8.638278037309647 -0.05129750818014145 7
    endloop
  endfacet
  facet normal 0 0 1
    outer loop
      vertex 9 -5.799999997019768 7
      vertex 8.739121302962303 0.09256795793771744 7
      vertex 8.690386652946472 0.018122121691703796 7
    endloop
  endfacet
  facet normal 0 0 1
    outer loop
      vertex 9 -5.799999997019768 7
      vertex 8.7844820022583 0.17204000055789948 7
      vertex 8.739121302962303 0.09256795793771744 7
    endloop
  endfacet
  facet normal 0 0 1
    outer loop
      vertex 9 -5.799999997019768 7
      vertex 8.825036160647869 0.25677575170993805 7
      vertex 8.7844820022583 0.17204000055789948 7
    endloop
  endfacet
  facet normal 0 0 1
    outer loop
      vertex 9 -5.799999997019768 7
      vertex 8.859351225197315 0.34698645025491714 7
      vertex 8.825036160647869 0.25677575170993805 7
    endloop
  endfacet
  facet normal 0 0 1
    outer loop
      vertex 9 -5.799999997019768 7
      vertex 8.887427181005478 0.44267208129167557 7
      vertex 8.859351225197315 0.34698645025491714 7
    endloop
  endfacet
  facet normal 0 0 1
    outer loop
      vertex 9 -5.799999997019768 7
      vertex 8.909264042973518 0.5438326522707939 7
      vertex 8.887427181005478 0.44267208129167557 7
    endloop
  endfacet
  facet normal 0 0 1
    outer loop
      vertex 9 -5.799999997019768 7
      vertex 8.924861796200275 0.6504681631922722 7
      vertex 8.909264042973518 0.5438326522707939 7
    endloop
  endfacet
  facet normal 0 0 1
    outer loop
      vertex 9 -5.799999997019768 7
      vertex 8.93422044813633 0.7625786140561104 7
      vertex 8.924861796200275 0.6504681631922722 7
    endloop
  endfacet
  facet normal 0 0 1
    outer loop
      vertex 9 -5.799999997019768 7
      vertex 8.937339998781681 0.8801639974117279 7
      vertex 8.93422044813633 0.7625786140561104 7
    endloop
  endfacet
  facet normal 0 0 -1
    outer loop
      vertex -10 6 0
      vertex 8 9.464101612567902 0
      vertex 10 -6 0
    endloop
  endfacet
  facet normal 0 0 -1
    outer loop
      vertex -6.522104769945145 9.965779446065426 0
      vertex 6 10 0
      vertex 8 9.464101612567902 0
    endloop
  endfacet
  facet normal 0 1 0
    outer loop
      vertex -6 10 1
      vertex 6 10 1
      vertex 6 10 0
    endloop
  endfacet
  facet normal 0 0 -1
    outer loop
      vertex 10 -6 0
      vertex 9.965779446065426 6.522104769945145 0
      vertex 10 6 0
    endloop
  endfacet
  facet normal 1 0 0
    outer loop
      vertex 10 -6 0
      vertex 10 6 0
      vertex 10 6 1
    endloop
  endfacet
  facet normal 0 0 -1
    outer loop
      vertex 10 -6 0
      vertex 8 9.464101612567902 0
      vertex 9.965779446065426 6.522104769945145 0
    endloop
  endfacet
  facet normal 0.06540312801222277 0.9978589233184303 0
    outer loop
      vertex 6 10 0
      vertex 6 10 1
      vertex 6.522104769945145 9.965779446065426 1
    endloop
  endfacet
  facet normal 0 0 -1
    outer loop
      vertex 6 10 0
      vertex 6.522104769945145 9.965779446065426 0
      vertex 7.035276181995869 9.863703303039074 0
    endloop
  endfacet
  facet normal 0.06540312801222277 0.9978589233184303 0
    outer loop
      vertex 6 10 0
      vertex 6.522104769945145 9.965779446065426 1
      vertex 6.522104769945145 9.965779446065426 0
    endloop
  endfacet
  facet normal 0.1950903267663619 0.9807852794583501 0
    outer loop
      vertex 6.522104769945145 9.965779446065426 0
      vertex 6.522104769945145 9.965779446065426 1
      vertex 7.035276181995869 9.863703303039074 0
    endloop
  endfacet
  facet normal 0 0 -1
    outer loop
      vertex 6 10 0
      vertex 7.035276181995869 9.863703303039074 0
      vertex 8 9.464101612567902 0
    endloop
  endfacet
  facet normal 0.32143946659727024 0.9469301290558149 0
    outer loop
      vertex 7.035276181995869 9.863703303039074 0
      vertex 7.530733726918697 9.695518128573895 1
      vertex 7.530733726918697 9.695518128573895 0
    endloop
  endfacet
  facet normal 0.1950903267663619 0.9807852794583501 0
    outer loop
      vertex 7.035276181995869 9.863703303039074 0
      vertex 6.522104769945145 9.965779446065426 1
      vertex 7.035276181995869 9.863703303039074 1
    endloop
  endfacet
  facet normal 0.32143946659727024 0.9469301290558149 0
    outer loop
      vertex 7.035276181995869 9.863703303039074 0
      vertex 7.035276181995869 9.863703303039074 1
      vertex 7.530733726918697 9.695518128573895 1
    endloop
  endfacet
  facet normal 0.9978589233184303 0.06540312801222277 0
    outer loop
      vertex 10 6 0
      vertex 9.965779446065426 6.522104769945145 1
      vertex 10 6 1
    endloop
  endfacet
  facet normal 0.9978589233184303 0.06540312801222277 0
    outer loop
      vertex 10 6 0
      vertex 9.965779446065426 6.522104769945145 0
      vertex 9.965779446065426 6.522104769945145 1
    endloop
  endfacet
  facet normal 0.9807852794583501 0.1950903267663619 0
    outer loop
      vertex 9.965779446065426 6.522104769945145 0
      vertex 9.863703303039074 7.035276181995869 0
      vertex 9.863703303039074 7.035276181995869 1
    endloop
  endfacet
  facet normal 0 0 -1
    outer loop
      vertex 9.965779446065426 6.522104769945145 0
      vertex 9.17341335862875 8.435045719146729 0
      vertex 9.695518128573895 7.530733726918697 0
    endloop
  endfacet
  facet normal 0 0 -1
    outer loop
      vertex 9.965779446065426 6.522104769945145 0
      vertex 9.695518128573895 7.530733726918697 0
      vertex 9.863703303039074 7.035276181995869 0
    endloop
  endfacet
  facet normal 0.9469301290558149 0.32143946659727024 0
    outer loop
      vertex 9.863703303039074 7.035276181995869 0
      vertex 9.695518128573895 7.530733726918697 0
      vertex 9.863703303039074 7.035276181995869 1
    endloop
  endfacet
  facet normal 0.9807852794583501 0.1950903267663619 0
    outer loop
      vertex 9.965779446065426 6.522104769945145 0
      vertex 9.863703303039074 7.035276181995869 1
      vertex 9.965779446065426 6.522104769945145 1
    endloop
  endfacet
  facet normal 0.9469301290558149 0.32143946659727024 0
    outer loop
      vertex 9.863703303039074 7.035276181995869 1
      vertex 9.695518128573895 7.530733726918697 0
      vertex 9.695518128573895 7.530733726918697 1
    endloop
  endfacet
  facet normal 0 0 -1
    outer loop
      vertex 7.035276181995869 9.863703303039074 0
      vertex 7.530733726918697 9.695518128573895 0
      vertex 8 9.464101612567902 0
    endloop
  endfacet
  facet normal 0.44228868998100634 0.8968727416500544 0
    outer loop
      vertex 7.530733726918697 9.695518128573895 0
      vertex 7.530733726918697 9.695518128573895 1
      vertex 8 9.464101612567902 0
    endloop
  endfacet
  facet normal 0 0 -1
    outer loop
      vertex 8 9.464101612567902 0
      vertex 8.435045719146729 9.17341335862875 0
      vertex 9.17341335862875 8.435045719146729 0
    endloop
  endfacet
  facet normal 0.5555702302277682 0.831469614167989 0
    outer loop
      vertex 8 9.464101612567902 0
      vertex 8.435045719146729 9.17341335862875 1
      vertex 8.435045719146729 9.17341335862875 0
    endloop
  endfacet
  facet normal 0.6593458228172265 0.7518398007112116 0
    outer loop
      vertex 8.435045719146729 9.17341335862875 0
      vertex 8.828427121043205 8.828427121043205 1
      vertex 8.828427121043205 8.828427121043205 0
    endloop
  endfacet
  facet normal 0.44228868998100634 0.8968727416500544 0
    outer loop
      vertex 8 9.464101612567902 0
      vertex 7.530733726918697 9.695518128573895 1
      vertex 8 9.464101612567902 1
    endloop
  endfacet
  facet normal 0.5555702302277682 0.831469614167989 0
    outer loop
      vertex 8 9.464101612567902 0
      vertex 8 9.464101612567902 1
      vertex 8.435045719146729 9.17341335862875 1
    endloop
  endfacet
  facet normal 0.6593458228172265 0.7518398007112116 0
    outer loop
      vertex 8.435045719146729 9.17341335862875 0
      vertex 8.435045719146729 9.17341335862875 1
      vertex 8.828427121043205 8.828427121043205 1
    endloop
  endfacet
  facet normal 0 0 -1
    outer loop
      vertex 9.965779446065426 6.522104769945145 0
      vertex 8 9.464101612567902 0
      vertex 9.17341335862875 8.435045719146729 0
    endloop
  endfacet
  facet normal 0.7518398007112116 0.6593458228172265 0
    outer loop
      vertex 9.17341335862875 8.435045719146729 0
      vertex 8.828427121043205 8.828427121043205 0
      vertex 8.828427121043205 8.828427121043205 1
    endloop
  endfacet
  facet normal 0.831469614167989 0.5555702302277682 0
    outer loop
      vertex 9.17341335862875 8.435045719146729 0
      vertex 9.464101612567902 8 1
      vertex 9.464101612567902 8 0
    endloop
  endfacet
  facet normal 0 0 -1
    outer loop
      vertex 9.17341335862875 8.435045719146729 0
      vertex 9.464101612567902 8 0
      vertex 9.695518128573895 7.530733726918697 0
    endloop
  endfacet
  facet normal 0.8968727416500544 0.44228868998100634 0
    outer loop
      vertex 9.464101612567902 8 0
      vertex 9.695518128573895 7.530733726918697 1
      vertex 9.695518128573895 7.530733726918697 0
    endloop
  endfacet
  facet normal 0.7518398007112116 0.6593458228172265 0
    outer loop
      vertex 9.17341335862875 8.435045719146729 0
      vertex 8.828427121043205 8.828427121043205 1
      vertex 9.17341335862875 8.435045719146729 1
    endloop
  endfacet
  facet normal 0.831469614167989 0.5555702302277682 0
    outer loop
      vertex 9.17341335862875 8.435045719146729 0
      vertex 9.17341335862875 8.435045719146729 1
      vertex 9.464101612567902 8 1
    endloop
  endfacet
  facet normal 0.8968727416500544 0.44228868998100634 0
    outer loop
      vertex 9.464101612567902 8 0
      vertex 9.464101612567902 8 1
      vertex 9.695518128573895 7.530733726918697 1
    endloop
  endfacet
  facet normal 0 0 -1
    outer loop
      vertex 8.435045719146729 9.17341335862875 0
      vertex 8.828427121043205 8.828427121043205 0
      vertex 9.17341335862875 8.435045719146729 0
    endloop
  endfacet
  facet normal 0.06449407807523447 0.9839895011832029 0.16614805281572556
    outer loop
      vertex 6 10 1
      vertex 6.217683814466 8.97262355685234 7
      vertex 6.522104769945145 9.965779446065426 1
    endloop
  endfacet
  facet normal 0.19225920855332887 0.966552287419362 0.16974413807506444
    outer loop
      vertex 6.522104769945145 9.965779446065426 1
      vertex 6.217683814466 8.97262355685234 7
      vertex 7.035276181995869 9.863703303039074 1
    endloop
  endfacet
  facet normal 0.31661008083938413 0.9327032174466533 0.17269268912012384
    outer loop
      vertex 7.035276181995869 9.863703303039074 1
      vertex 7.024586983025074 8.756414502859116 7
      vertex 7.530733726918697 9.695518128573895 1
    endloop
  endfacet
  facet normal 0.9839895011832029 0.06449407807523447 0.16614805281572556
    outer loop
      vertex 10 6 1
      vertex 9.965779446065426 6.522104769945145 1
      vertex 8.97262355685234 6.217683814466 7
    endloop
  endfacet
  facet normal 0.966552287419362 0.19225920855332887 0.16974413807506444
    outer loop
      vertex 9.965779446065426 6.522104769945145 1
      vertex 9.863703303039074 7.035276181995869 1
      vertex 8.97262355685234 6.217683814466 7
    endloop
  endfacet
  facet normal 0.9327032174466533 0.31661008083938413 0.17269268912012384
    outer loop
      vertex 9.863703303039074 7.035276181995869 1
      vertex 9.695518128573895 7.530733726918697 1
      vertex 8.756414502859116 7.024586983025074 7
    endloop
  endfacet
  facet normal 0.6489072755810877 0.739936919094096 0.1772362927265961
    outer loop
      vertex 8.435045719146729 9.17341335862875 1
      vertex 8.062741696834564 8.062741696834564 7
      vertex 8.828427121043205 8.828427121043205 1
    endloop
  endfacet
  facet normal 0.739936919094096 0.6489072755810877 0.1772362927265961
    outer loop
      vertex 9.17341335862875 8.435045719146729 1
      vertex 8.828427121043205 8.828427121043205 1
      vertex 8.062741696834564 8.062741696834564 7
    endloop
  endfacet
  facet normal 0.4354677046840574 0.8830411517346712 0.1749462846713351
    outer loop
      vertex 7.530733726918697 9.695518128573895 1
      vertex 7.399999998509884 8.571281291544437 7
      vertex 8 9.464101612567902 1
    endloop
  endfacet
  facet normal 0.5468512314872876 0.8184207103134639 0.17646889683692712
    outer loop
      vertex 8 9.464101612567902 1
      vertex 7.399999998509884 8.571281291544437 7
      vertex 8.435045719146729 9.17341335862875 1
    endloop
  endfacet
  facet normal 0.8830411517346712 0.4354677046840574 0.1749462846713351
    outer loop
      vertex 9.464101612567902 8 1
      vertex 8.571281291544437 7.399999998509884 7
      vertex 9.695518128573895 7.530733726918697 1
    endloop
  endfacet
  facet normal 0.8184207103134639 0.5468512314872876 0.17646889683692712
    outer loop
      vertex 9.17341335862875 8.435045719146729 1
      vertex 8.571281291544437 7.399999998509884 7
      vertex 9.464101612567902 8 1
    endloop
  endfacet
  facet normal 0 0 1
    outer loop
      vertex -0.2683686912059784 -0.3123033866286278 7
      vertex 0.2818757966160774 0.16745689511299133 7
      vertex 0.2946731820702553 0.3533475920557976 7
    endloop
  endfacet
  facet normal 0 0 1
    outer loop
      vertex -0.26846444606781006 0.30332399904727936 7
      vertex 0.2946731820702553 0.3533475920557976 7
      vertex 0.31600216031074524 0.5300720781087875 7
    endloop
  endfacet
  facet normal 0 0 1
    outer loop
      vertex -0.3056117966771126 0.5924077108502388 7
      vertex 0.31600216031074524 0.5300720781087875 7
      vertex 0.3458627313375473 0.6976303681731224 7
    endloop
  endfacet
  facet normal 0 0 1
    outer loop
      vertex -0.36752404272556305 0.8615011423826218 7
      vertex 0.3458627313375473 0.6976303681731224 7
      vertex 0.38425489515066147 0.856022447347641 7
    endloop
  endfacet
  facet normal 0 0 1
    outer loop
      vertex -0.36752404272556305 0.8615011423826218 7
      vertex 0.38425489515066147 0.856022447347641 7
      vertex 0.43117865175008774 1.005248323082924 7
    endloop
  endfacet
  facet normal 0 0 1
    outer loop
      vertex -0.45420118421316147 1.1106042861938477 7
      vertex 0.43117865175008774 1.005248323082924 7
      vertex 0.4866340011358261 1.1453080028295517 7
    endloop
  endfacet
  facet normal 0 0 1
    outer loop
      vertex -0.45420118421316147 1.1106042861938477 7
      vertex 0.4866340011358261 1.1453080028295517 7
      vertex 0.5335126966238022 1.2436635121703148 7
    endloop
  endfacet
  facet normal 0 0 1
    outer loop
      vertex -0.5656432211399078 1.3397171422839165 7
      vertex 0.5335126966238022 1.2436635121703148 7
      vertex 0.5850402042269707 1.3390900418162346 7
    endloop
  endfacet
  facet normal 0 0 1
    outer loop
      vertex -0.5656432211399078 1.3397171422839165 7
      vertex 0.5850402042269707 1.3390900418162346 7
      vertex 0.6412165313959122 1.431587591767311 7
    endloop
  endfacet
  facet normal 0 0 1
    outer loop
      vertex -0.7018501609563828 1.5488397106528282 7
      vertex 0.6412165313959122 1.431587591767311 7
      vertex 0.7020416706800461 1.5211561620235443 7
    endloop
  endfacet
  facet normal 0 0 1
    outer loop
      vertex -0.7018501609563828 1.5488397106528282 7
      vertex 0.7020416706800461 1.5211561620235443 7
      vertex 0.767515629529953 1.6077957525849342 7
    endloop
  endfacet
  facet normal 0 0 1
    outer loop
      vertex -0.7018501609563828 1.5488397106528282 7
      vertex 0.767515629529953 1.6077957525849342 7
      vertex 0.8376384079456329 1.6915063709020615 7
    endloop
  endfacet
  facet normal 0 0 1
    outer loop
      vertex -0.8628220036625862 1.7379719987511635 7
      vertex 0.8376384079456329 1.6915063709020615 7
      vertex 0.9124099984765053 1.7722880020737648 7
    endloop
  endfacet
  facet normal 0 0 1
    outer loop
      vertex -0.8628220036625862 1.7379719987511635 7
      vertex 0.9124099984765053 1.7722880020737648 7
      vertex 0.9905564934015274 1.8486770987510681 7
    endloop
  endfacet
  facet normal 0 0 1
    outer loop
      vertex -1.0444084107875824 1.9043136313557625 7
      vertex 0.9905564934015274 1.8486770987510681 7
      vertex 1.0708039626479149 1.9192101210355759 7
    endloop
  endfacet
  facet normal 0 0 1
    outer loop
      vertex 1.236348569393158 -0.21065840870141983 7
      vertex 3.7518097534775734 0.23253750801086426 7
      vertex 1.2290280014276505 0.0035879984498023987 7
    endloop
  endfacet
  facet normal 0 0 1
    outer loop
      vertex 1.2290280014276505 0.0035879984498023987 7
      vertex 3.7307070195674896 0.43267975747585297 7
      vertex 1.2361579984426498 0.22096240520477295 7
    endloop
  endfacet
  facet normal 0 0 1
    outer loop
      vertex 1.2361579984426498 0.22096240520477295 7
      vertex 3.69553579390049 0.6165267378091812 7
      vertex 1.2575479969382286 0.42210163176059723 7
    endloop
  endfacet
  facet normal 0 0 1
    outer loop
      vertex 1.2575479969382286 0.42210163176059723 7
      vertex 3.6462960839271545 0.784078449010849 7
      vertex 1.2931979969143867 0.6070056706666946 7
    endloop
  endfacet
  facet normal 0 0 1
    outer loop
      vertex 1.2931979969143867 0.6070056706666946 7
      vertex 3.6462960839271545 0.784078449010849 7
      vertex 1.3431079983711243 0.7756745293736458 7
    endloop
  endfacet
  facet normal 0 0 1
    outer loop
      vertex 1.3431079983711243 0.7756745293736458 7
      vertex 3.6462960839271545 0.784078449010849 7
      vertex 1.4072780013084412 0.9281082004308701 7
    endloop
  endfacet
  facet normal 0 0 1
    outer loop
      vertex 1.4072780013084412 0.9281082004308701 7
      vertex 3.6462960839271545 0.784078449010849 7
      vertex 1.4857079982757568 1.064306691288948 7
    endloop
  endfacet
  facet normal 0 0 1
    outer loop
      vertex 1.4857079982757568 1.064306691288948 7
      vertex 3.6462960839271545 0.784078449010849 7
      vertex 1.5783979967236519 1.1842700019478798 7
    endloop
  endfacet
  facet normal 0 0 1
    outer loop
      vertex 1.5783979967236519 1.1842700019478798 7
      vertex 3.6462960839271545 0.784078449010849 7
      vertex 1.6827382072806358 1.2881389409303665 7
    endloop
  endfacet
  facet normal 0 0 1
    outer loop
      vertex 1.6827382072806358 1.2881389409303665 7
      vertex 3.6462960839271545 0.784078449010849 7
      vertex 1.7961188182234764 1.3760280385613441 7
    endloop
  endfacet
  facet normal 0 0 1
    outer loop
      vertex 1.7961188182234764 1.3760280385613441 7
      vertex 3.6462960839271545 0.784078449010849 7
      vertex 1.9185398370027542 1.4479373097419739 7
    endloop
  endfacet
  facet normal 0 0 1
    outer loop
      vertex 1.236348569393158 -0.21065840870141983 7
      vertex 3.7588440030813217 0.016099996864795685 7
      vertex 3.7518097534775734 0.23253750801086426 7
    endloop
  endfacet
  facet normal 0 0 1
    outer loop
      vertex 1.2290280014276505 0.0035879984498023987 7
      vertex 3.7518097534775734 0.23253750801086426 7
      vertex 3.7307070195674896 0.43267975747585297 7
    endloop
  endfacet
  facet normal 0 0 1
    outer loop
      vertex 1.2361579984426498 0.22096240520477295 7
      vertex 3.7307070195674896 0.43267975747585297 7
      vertex 3.69553579390049 0.6165267378091812 7
    endloop
  endfacet
  facet normal 0 0 1
    outer loop
      vertex 1.2575479969382286 0.42210163176059723 7
      vertex 3.69553579390049 0.6165267378091812 7
      vertex 3.6462960839271545 0.784078449010849 7
    endloop
  endfacet
  facet normal 0 0 1
    outer loop
      vertex 1.9185398370027542 1.4479373097419739 7
      vertex 3.6462960839271545 0.784078449010849 7
      vertex 2.0500012636184692 1.503866732120514 7
    endloop
  endfacet
  facet normal 0 0 1
    outer loop
      vertex 2.3400453478097916 1.567786082625389 7
      vertex 3.6462960839271545 0.784078449010849 7
      vertex 3.5829878747463226 0.9353348985314369 7
    endloop
  endfacet
  facet normal 0 0 1
    outer loop
      vertex 2.3400453478097916 1.567786082625389 7
      vertex 3.5829878747463226 0.9353348985314369 7
      vertex 3.5056111812591553 1.0702960789203644 7
    endloop
  endfacet
  facet normal 0 0 1
    outer loop
      vertex 3.5056111812591553 1.0702960789203644 7
      vertex 3.3110706135630608 1.291586123406887 7
      vertex 3.1987433061003685 1.3784219175577164 7
    endloop
  endfacet
  facet normal 0 0 1
    outer loop
      vertex 3.4141660034656525 1.188961997628212 7
      vertex 3.3110706135630608 1.291586123406887 7
      vertex 3.5056111812591553 1.0702960789203644 7
    endloop
  endfacet
  facet normal 0 0 1
    outer loop
      vertex 2.0500012636184692 1.503866732120514 7
      vertex 3.6462960839271545 0.784078449010849 7
      vertex 2.190503105521202 1.543816328048706 7
    endloop
  endfacet
  facet normal 0 0 1
    outer loop
      vertex 2.190503105521202 1.543816328048706 7
      vertex 3.6462960839271545 0.784078449010849 7
      vertex 2.3400453478097916 1.567786082625389 7
    endloop
  endfacet
  facet normal 0 0 1
    outer loop
      vertex 2.3400453478097916 1.567786082625389 7
      vertex 3.5056111812591553 1.0702960789203644 7
      vertex 2.4986279979348183 1.5757760033011436 7
    endloop
  endfacet
  facet normal 0 0 1
    outer loop
      vertex 2.4986279979348183 1.5757760033011436 7
      vertex 3.5056111812591553 1.0702960789203644 7
      vertex 2.657114900648594 1.5678818374872208 7
    endloop
  endfacet
  facet normal 0 0 1
    outer loop
      vertex 3.5056111812591553 1.0702960789203644 7
      vertex 2.8063698783516884 1.5441993474960327 7
      vertex 2.657114900648594 1.5678818374872208 7
    endloop
  endfacet
  facet normal 0 0 1
    outer loop
      vertex 3.5056111812591553 1.0702960789203644 7
      vertex 2.9463929384946823 1.5047285333275795 7
      vertex 2.8063698783516884 1.5441993474960327 7
    endloop
  endfacet
  facet normal 0 0 1
    outer loop
      vertex 3.5056111812591553 1.0702960789203644 7
      vertex 3.0771840810775757 1.4494693875312805 7
      vertex 2.9463929384946823 1.5047285333275795 7
    endloop
  endfacet
  facet normal 0 0 1
    outer loop
      vertex 3.5056111812591553 1.0702960789203644 7
      vertex 3.1987433061003685 1.3784219175577164 7
      vertex 3.0771840810775757 1.4494693875312805 7
    endloop
  endfacet
  facet normal 0 0 1
    outer loop
      vertex 4.7011033073067665 -0.3123033866286278 7
      vertex 5.434256002306938 2.286981999874115 7
      vertex 4.713390000164509 -0.005750000476837158 7
    endloop
  endfacet
  facet normal 0 0 1
    outer loop
      vertex 4.713390000164509 -0.005750000476837158 7
      vertex 5.434256002306938 2.286981999874115 7
      vertex 4.701007552444935 0.30332399904727936 7
    endloop
  endfacet
  facet normal 0 0 1
    outer loop
      vertex 4.663860201835632 0.5924077108502388 7
      vertex 4.701007552444935 0.30332399904727936 7
      vertex 5.434256002306938 2.286981999874115 7
    endloop
  endfacet
  facet normal 0 0 1
    outer loop
      vertex 4.663860201835632 0.5924077108502388 7
      vertex 5.434256002306938 2.286981999874115 7
      vertex 4.601947955787182 0.8615011423826218 7
    endloop
  endfacet
  facet normal 0 0 1
    outer loop
      vertex 4.267621837556362 1.5488397106528282 7
      vertex 5.434256002306938 2.286981999874115 7
      vertex 4.106650002300739 1.7379719987511635 7
    endloop
  endfacet
  facet normal 0 0 1
    outer loop
      vertex 4.601947955787182 0.8615011423826218 7
      vertex 5.434256002306938 2.286981999874115 7
      vertex 4.515270814299583 1.1106042861938477 7
    endloop
  endfacet
  facet normal 0 0 1
    outer loop
      vertex 4.515270814299583 1.1106042861938477 7
      vertex 5.434256002306938 2.286981999874115 7
      vertex 4.403828777372837 1.3397171422839165 7
    endloop
  endfacet
  facet normal 0 0 1
    outer loop
      vertex 4.267621837556362 1.5488397106528282 7
      vertex 4.403828777372837 1.3397171422839165 7
      vertex 5.434256002306938 2.286981999874115 7
    endloop
  endfacet
  facet normal 0 0 1
    outer loop
      vertex 4.106650002300739 1.7379719987511635 7
      vertex 5.434256002306938 2.286981999874115 7
      vertex 3.925063595175743 1.9043136313557625 7
    endloop
  endfacet
  facet normal 0 0 1
    outer loop
      vertex 1.8939101248979568 2.3058767318725586 7
      vertex 2.0347226932644844 2.3317221626639366 7
      vertex 7.399999998509884 8.571281291544437 7
    endloop
  endfacet
  facet normal 0 0 1
    outer loop
      vertex 2.0347226932644844 2.3317221626639366 7
      vertex 2.180882528424263 2.350183181464672 7
      vertex 7.399999998509884 8.571281291544437 7
    endloop
  endfacet
  facet normal 0 0 1
    outer loop
      vertex 2.180882528424263 2.350183181464672 7
      vertex 2.3323896303772926 2.3612597957253456 7
      vertex 7.399999998509884 8.571281291544437 7
    endloop
  endfacet
  facet normal 0 0 1
    outer loop
      vertex 2.3323896303772926 2.3612597957253456 7
      vertex 2.4892439991235733 2.3649519979953766 7
      vertex 7.399999998509884 8.571281291544437 7
    endloop
  endfacet
  facet normal 0 0 1
    outer loop
      vertex 2.4892439991235733 2.3649519979953766 7
      vertex 2.769773595035076 2.352156490087509 7
      vertex 7.399999998509884 8.571281291544437 7
    endloop
  endfacet
  facet normal 0 0 1
    outer loop
      vertex 3.281361185014248 2.249792404472828 7
      vertex 3.5124191865324974 2.1602238342165947 7
      vertex 7.399999998509884 8.571281291544437 7
    endloop
  endfacet
  facet normal 0 0 1
    outer loop
      vertex 3.5124191865324974 2.1602238342165947 7
      vertex 3.7269866541028023 2.0450642481446266 7
      vertex 7.399999998509884 8.571281291544437 7
    endloop
  endfacet
  facet normal 0 0 1
    outer loop
      vertex 2.769773595035076 2.352156490087509 7
      vertex 3.0338126495480537 2.3137699589133263 7
      vertex 7.399999998509884 8.571281291544437 7
    endloop
  endfacet
  facet normal 0 0 1
    outer loop
      vertex 3.0338126495480537 2.3137699589133263 7
      vertex 3.281361185014248 2.249792404472828 7
      vertex 7.399999998509884 8.571281291544437 7
    endloop
  endfacet
  facet normal 0 0.9863939238321437 0.1643989873053573
    outer loop
      vertex -5.799999997019768 9 7
      vertex 5.799999997019768 9 7
      vertex 6 10 1
    endloop
  endfacet
  facet normal 0 0 1
    outer loop
      vertex -8.338730685412884 7.7480365708470345 7
      vertex 1.8939101248979568 2.3058767318725586 7
      vertex 7.399999998509884 8.571281291544437 7
    endloop
  endfacet
  facet normal 0 0 1
    outer loop
      vertex -5.799999997019768 9 7
      vertex 7.399999998509884 8.571281291544437 7
      vertex 5.799999997019768 9 7
    endloop
  endfacet
  facet normal 0.9863939238321437 0 0.1643989873053573
    outer loop
      vertex 9 -5.799999997019768 7
      vertex 10 6 1
      vertex 9 5.799999997019768 7
    endloop
  endfacet
  facet normal 0 0 1
    outer loop
      vertex 6.357614003121853 0.21574000269174576 7
      vertex 6.862924002110958 0.21574000269174576 7
      vertex 6.357614003121853 1.5134000033140182 7
    endloop
  endfacet
  facet normal 0 0 1
    outer loop
      vertex 6.862924002110958 0.21574000269174576 7
      vertex 6.803676001727581 1.5134000033140182 7
      vertex 6.357614003121853 1.5134000033140182 7
    endloop
  endfacet
  facet normal 0 0 1
    outer loop
      vertex 6.862924002110958 0.21574000269174576 7
      vertex 7.011505879461765 0.2172035500407219 7
      vertex 6.803676001727581 1.5134000033140182 7
    endloop
  endfacet
  facet normal 0 0 1
    outer loop
      vertex 7.011505879461765 0.2172035500407219 7
      vertex 7.145318940281868 0.2215942069888115 7
      vertex 6.939464241266251 1.5127635076642036 7
    endloop
  endfacet
  facet normal 0 0 1
    outer loop
      vertex 7.145318940281868 0.2215942069888115 7
      vertex 7.264363184571266 0.22891195863485336 7
      vertex 7.061628982424736 1.5108540430665016 7
    endloop
  endfacet
  facet normal 0 0 1
    outer loop
      vertex 7.011505879461765 0.2172035500407219 7
      vertex 6.939464241266251 1.5127635076642036 7
      vertex 6.803676001727581 1.5134000033140182 7
    endloop
  endfacet
  facet normal 0 0 1
    outer loop
      vertex 7.145318940281868 0.2215942069888115 7
      vertex 7.061628982424736 1.5108540430665016 7
      vertex 6.939464241266251 1.5127635076642036 7
    endloop
  endfacet
  facet normal 0 0 1
    outer loop
      vertex 7.264363184571266 0.22891195863485336 7
      vertex 7.1701702028512955 1.507671594619751 7
      vertex 7.061628982424736 1.5108540430665016 7
    endloop
  endfacet
  facet normal 0 0 1
    outer loop
      vertex 7.264363184571266 0.22891195863485336 7
      vertex 7.36863861232996 0.2391568198800087 7
      vertex 7.26508791744709 1.5032161623239517 7
    endloop
  endfacet
  facet normal 0 0 1
    outer loop
      vertex 7.36863861232996 0.2391568198800087 7
      vertex 7.458145223557949 0.2523287758231163 7
      vertex 7.3463821187615395 1.4974877536296844 7
    endloop
  endfacet
  facet normal 0 0 1
    outer loop
      vertex 7.458145223557949 0.2523287758231163 7
      vertex 7.532883018255234 0.2684278339147568 7
      vertex 7.468099996447563 1.4822119995951653 7
    endloop
  endfacet
  facet normal 0 0 1
    outer loop
      vertex 7.264363184571266 0.22891195863485336 7
      vertex 7.26508791744709 1.5032161623239517 7
      vertex 7.1701702028512955 1.507671594619751 7
    endloop
  endfacet
  facet normal 0 0 1
    outer loop
      vertex 7.36863861232996 0.2391568198800087 7
      vertex 7.3463821187615395 1.4974877536296844 7
      vertex 7.26508791744709 1.5032161623239517 7
    endloop
  endfacet
  facet normal 0 0 1
    outer loop
      vertex 7.458145223557949 0.2523287758231163 7
      vertex 7.414052814245224 1.4904863685369492 7
      vertex 7.3463821187615395 1.4974877536296844 7
    endloop
  endfacet
  facet normal 0 0 1
    outer loop
      vertex 7.458145223557949 0.2523287758231163 7
      vertex 7.468099996447563 1.4822119995951653 7
      vertex 7.414052814245224 1.4904863685369492 7
    endloop
  endfacet
  facet normal 0 0 1
    outer loop
      vertex 3.7269866541028023 2.0450642481446266 7
      vertex 3.925063595175743 1.9043136313557625 7
      vertex 7.399999998509884 8.571281291544437 7
    endloop
  endfacet
  facet normal 0 0 1
    outer loop
      vertex 3.925063595175743 1.9043136313557625 7
      vertex 5.434256002306938 2.286981999874115 7
      vertex 7.399999998509884 8.571281291544437 7
    endloop
  endfacet
  facet normal 0 0 1
    outer loop
      vertex 5.434256002306938 2.286981999874115 7
      vertex 6.915962003171444 2.286981999874115 7
      vertex 7.399999998509884 8.571281291544437 7
    endloop
  endfacet
  facet normal 0 0 1
    outer loop
      vertex 6.915962003171444 2.286981999874115 7
      vertex 7.144627064466476 2.285581350326538 7
      vertex 7.399999998509884 8.571281291544437 7
    endloop
  endfacet
  facet normal 0 0 1
    outer loop
      vertex 7.144627064466476 2.285581350326538 7
      vertex 7.349357098340988 2.281379386782646 7
      vertex 7.399999998509884 8.571281291544437 7
    endloop
  endfacet
  facet normal 0 0 1
    outer loop
      vertex 7.349357098340988 2.281379386782646 7
      vertex 7.53015211969614 2.2743761241436005 7
      vertex 7.399999998509884 8.571281291544437 7
    endloop
  endfacet
  facet normal 0 0 1
    outer loop
      vertex 7.468099996447563 1.4822119995951653 7
      vertex 7.532883018255234 0.2684278339147568 7
      vertex 7.592851996421814 0.2874540016055107 7
    endloop
  endfacet
  facet normal 0 0 1
    outer loop
      vertex 7.592851996421814 0.2874540016055107 7
      vertex 7.64381343126297 0.3096119165420532 7
      vertex 7.530672207474709 1.4681369364261627 7
    endloop
  endfacet
  facet normal 0 0 1
    outer loop
      vertex 7.64381343126297 0.3096119165420532 7
      vertex 7.69152857363224 0.33507996052503586 7
      vertex 7.590061962604523 1.449095755815506 7
    endloop
  endfacet
  facet normal 0 0 1
    outer loop
      vertex 7.69152857363224 0.33507996052503586 7
      vertex 7.7359974309802055 0.363858126103878 7
      vertex 7.590061962604523 1.449095755815506 7
    endloop
  endfacet
  facet normal 0 0 1
    outer loop
      vertex 7.7359974309802055 0.363858126103878 7
      vertex 7.777220003306866 0.3959464058279991 7
      vertex 7.646269261837006 1.4250884503126144 7
    endloop
  endfacet
  facet normal 0 0 1
    outer loop
      vertex 7.777220003306866 0.3959464058279991 7
      vertex 7.81519628316164 0.43134481459856033 7
      vertex 7.6992941200733185 1.396115019917488 7
    endloop
  endfacet
  facet normal 0 0 1
    outer loop
      vertex 7.81519628316164 0.43134481459856033 7
      vertex 7.84992628544569 0.4700533449649811 7
      vertex 7.749136529862881 1.3621754720807076 7
    endloop
  endfacet
  facet normal 0 0 1
    outer loop
      vertex 7.468099996447563 1.4822119995951653 7
      vertex 7.592851996421814 0.2874540016055107 7
      vertex 7.530672207474709 1.4681369364261627 7
    endloop
  endfacet
  facet normal 0 0 1
    outer loop
      vertex 7.64381343126297 0.3096119165420532 7
      vertex 7.590061962604523 1.449095755815506 7
      vertex 7.530672207474709 1.4681369364261627 7
    endloop
  endfacet
  facet normal 0 0 1
    outer loop
      vertex 7.7359974309802055 0.363858126103878 7
      vertex 7.646269261837006 1.4250884503126144 7
      vertex 7.590061962604523 1.449095755815506 7
    endloop
  endfacet
  facet normal 0 0 1
    outer loop
      vertex 7.777220003306866 0.3959464058279991 7
      vertex 7.6992941200733185 1.396115019917488 7
      vertex 7.646269261837006 1.4250884503126144 7
    endloop
  endfacet
  facet normal 0 0 1
    outer loop
      vertex 7.81519628316164 0.43134481459856033 7
      vertex 7.749136529862881 1.3621754720807076 7
      vertex 7.6992941200733185 1.396115019917488 7
    endloop
  endfacet
  facet normal 0 0 1
    outer loop
      vertex 7.84992628544569 0.4700533449649811 7
      vertex 7.795796491205692 1.3232697993516922 7
      vertex 7.749136529862881 1.3621754720807076 7
    endloop
  endfacet
  facet normal 0 0 1
    outer loop
      vertex 7.84992628544569 0.4700533449649811 7
      vertex 7.881410002708435 0.5120719969272614 7
      vertex 7.795796491205692 1.3232697993516922 7
    endloop
  endfacet
  facet normal 0 0 1
    outer loop
      vertex 7.881410002708435 0.5120719969272614 7
      vertex 7.909137673676014 0.5567633435130119 7
      vertex 7.795796491205692 1.3232697993516922 7
    endloop
  endfacet
  facet normal 0 0 1
    outer loop
      vertex 7.909137673676014 0.5567633435130119 7
      vertex 7.932599551975727 0.6034899577498436 7
      vertex 7.839273996651173 1.279398001730442 7
    endloop
  endfacet
  facet normal 0 0 1
    outer loop
      vertex 7.932599551975727 0.6034899577498436 7
      vertex 7.951795630156994 0.6522518396377563 7
      vertex 7.878180615603924 1.2312735542654991 7
    endloop
  endfacet
  facet normal 0 0 1
    outer loop
      vertex 7.951795630156994 0.6522518396377563 7
      vertex 7.966725915670395 0.7030489817261696 7
      vertex 7.911101594567299 1.1795836314558983 7
    endloop
  endfacet
  facet normal 0 0 1
    outer loop
      vertex 7.966725915670395 0.7030489817261696 7
      vertex 7.97739040851593 0.7558813914656639 7
      vertex 7.9380369409918785 1.1243282482028008 7
    endloop
  endfacet
  facet normal 0 0 1
    outer loop
      vertex 7.97739040851593 0.7558813914656639 7
      vertex 7.983789101243019 0.8107490614056587 7
      vertex 7.958986654877663 1.0655073896050453 7
    endloop
  endfacet
  facet normal 0 0 1
    outer loop
      vertex 7.983789101243019 0.8107490614056587 7
      vertex 7.985922001302242 0.8676519989967346 7
      vertex 7.973950736224651 1.0031210631132126 7
    endloop
  endfacet
  facet normal 0 0 1
    outer loop
      vertex 7.985922001302242 0.8676519989967346 7
      vertex 7.9829291850328445 0.9371692687273026 7
      vertex 7.973950736224651 1.0031210631132126 7
    endloop
  endfacet
  facet normal 0 0 1
    outer loop
      vertex 7.909137673676014 0.5567633435130119 7
      vertex 7.839273996651173 1.279398001730442 7
      vertex 7.795796491205692 1.3232697993516922 7
    endloop
  endfacet
  facet normal 0 0 1
    outer loop
      vertex 7.932599551975727 0.6034899577498436 7
      vertex 7.878180615603924 1.2312735542654991 7
      vertex 7.839273996651173 1.279398001730442 7
    endloop
  endfacet
  facet normal 0 0 1
    outer loop
      vertex 7.966725915670395 0.7030489817261696 7
      vertex 7.9380369409918785 1.1243282482028008 7
      vertex 7.911101594567299 1.1795836314558983 7
    endloop
  endfacet
  facet normal 0 0 1
    outer loop
      vertex 7.97739040851593 0.7558813914656639 7
      vertex 7.958986654877663 1.0655073896050453 7
      vertex 7.9380369409918785 1.1243282482028008 7
    endloop
  endfacet
  facet normal 0 0 1
    outer loop
      vertex 7.951795630156994 0.6522518396377563 7
      vertex 7.911101594567299 1.1795836314558983 7
      vertex 7.878180615603924 1.2312735542654991 7
    endloop
  endfacet
  facet normal 0 0 1
    outer loop
      vertex 7.983789101243019 0.8107490614056587 7
      vertex 7.973950736224651 1.0031210631132126 7
      vertex 7.958986654877663 1.0655073896050453 7
    endloop
  endfacet
  facet normal 0 0 1
    outer loop
      vertex 9 -5.799999997019768 7
      vertex 9 5.799999997019768 7
      vertex 8.937339998781681 0.8801639974117279 7
    endloop
  endfacet
  facet normal 0 0 1
    outer loop
      vertex 7.819937102496624 2.251965671777725 7
      vertex 7.928927063941956 2.2365584895014763 7
      vertex 9 5.799999997019768 7
    endloop
  endfacet
  facet normal 0 0 1
    outer loop
      vertex 7.928927063941956 2.2365584895014763 7
      vertex 8.013981997966766 2.218350000679493 7
      vertex 9 5.799999997019768 7
    endloop
  endfacet
  facet normal 0 0 1
    outer loop
      vertex 8.123664774000645 2.1840030178427696 7
      vertex 9 5.799999997019768 7
      vertex 8.013981997966766 2.218350000679493 7
    endloop
  endfacet
  facet normal 0 0 1
    outer loop
      vertex 8.123664774000645 2.1840030178427696 7
      vertex 8.22812795639038 2.139789506793022 7
      vertex 9 5.799999997019768 7
    endloop
  endfacet
  facet normal 0 0 1
    outer loop
      vertex 8.22812795639038 2.139789506793022 7
      vertex 8.327371552586555 2.0857094675302505 7
      vertex 9 5.799999997019768 7
    endloop
  endfacet
  facet normal 0 0 1
    outer loop
      vertex 8.421395547688007 2.021762900054455 7
      vertex 9 5.799999997019768 7
      vertex 8.327371552586555 2.0857094675302505 7
    endloop
  endfacet
  facet normal 0 0 1
    outer loop
      vertex 8.421395547688007 2.021762900054455 7
      vertex 8.510199956595898 1.9479497969150543 7
      vertex 9 5.799999997019768 7
    endloop
  endfacet
  facet normal 0 0 1
    outer loop
      vertex 8.593784771859646 1.8642701655626297 7
      vertex 9 5.799999997019768 7
      vertex 8.510199956595898 1.9479497969150543 7
    endloop
  endfacet
  facet normal 0 0 1
    outer loop
      vertex 7.53015211969614 2.2743761241436005 7
      vertex 7.687012121081352 2.2645715475082397 7
      vertex 7.399999998509884 8.571281291544437 7
    endloop
  endfacet
  facet normal 0 0 1
    outer loop
      vertex 7.687012121081352 2.2645715475082397 7
      vertex 7.819937102496624 2.251965671777725 7
      vertex 7.399999998509884 8.571281291544437 7
    endloop
  endfacet
  facet normal 0 0 1
    outer loop
      vertex 8.937339998781681 0.8801639974117279 7
      vertex 9 5.799999997019768 7
      vertex 8.93192795664072 1.0320240780711174 7
    endloop
  endfacet
  facet normal 0 0 1
    outer loop
      vertex 8.93192795664072 1.0320240780711174 7
      vertex 9 5.799999997019768 7
      vertex 8.915691837668419 1.1756717562675476 7
    endloop
  endfacet
  facet normal 0 0 1
    outer loop
      vertex 8.915691837668419 1.1756717562675476 7
      vertex 9 5.799999997019768 7
      vertex 8.888631634414196 1.3111070170998573 7
    endloop
  endfacet
  facet normal 0 0 1
    outer loop
      vertex 8.802038982510567 1.5573403239250183 7
      vertex 8.850747346878052 1.4383298754692078 7
      vertex 9 5.799999997019768 7
    endloop
  endfacet
  facet normal 0 0 1
    outer loop
      vertex 8.74250653386116 1.6681383699178696 7
      vertex 9 5.799999997019768 7
      vertex 8.672150000929832 1.7707239985466003 7
    endloop
  endfacet
  facet normal 0 0 1
    outer loop
      vertex 8.74250653386116 1.6681383699178696 7
      vertex 8.802038982510567 1.5573403239250183 7
      vertex 9 5.799999997019768 7
    endloop
  endfacet
  facet normal 0 0 1
    outer loop
      vertex 8.888631634414196 1.3111070170998573 7
      vertex 9 5.799999997019768 7
      vertex 8.850747346878052 1.4383298754692078 7
    endloop
  endfacet
  facet normal 0 0 1
    outer loop
      vertex 8.593784771859646 1.8642701655626297 7
      vertex 8.672150000929832 1.7707239985466003 7
      vertex 9 5.799999997019768 7
    endloop
  endfacet
  facet normal 0.06449407784601494 0.9839895011964398 0.16614805282630835
    outer loop
      vertex 6 10 1
      vertex 5.799999997019768 9 7
      vertex 6.217683814466 8.97262355685234 7
    endloop
  endfacet
  facet normal 0.19225922131806228 0.9665522846471342 0.16974413940274316
    outer loop
      vertex 7.035276181995869 9.863703303039074 1
      vertex 6.217683814466 8.97262355685234 7
      vertex 6.628220938146114 8.89096263796091 7
    endloop
  endfacet
  facet normal 0.31661006495047206 0.9327032226670733 0.172692690055236
    outer loop
      vertex 7.035276181995869 9.863703303039074 1
      vertex 6.628220938146114 8.89096263796091 7
      vertex 7.024586983025074 8.756414502859116 7
    endloop
  endfacet
  facet normal 0.43546770464519824 0.8830411517533103 0.17494628467398085
    outer loop
      vertex 7.530733726918697 9.695518128573895 1
      vertex 7.024586983025074 8.756414502859116 7
      vertex 7.399999998509884 8.571281291544437 7
    endloop
  endfacet
  facet normal 0.9839895011964398 0.06449407784601494 0.16614805282630835
    outer loop
      vertex 10 6 1
      vertex 8.97262355685234 6.217683814466 7
      vertex 9 5.799999997019768 7
    endloop
  endfacet
  facet normal 0.9665522846471342 0.19225922131806228 0.16974413940274316
    outer loop
      vertex 9.863703303039074 7.035276181995869 1
      vertex 8.89096263796091 6.628220938146114 7
      vertex 8.97262355685234 6.217683814466 7
    endloop
  endfacet
  facet normal 0.8830411517533103 0.43546770464519824 0.17494628467398085
    outer loop
      vertex 9.695518128573895 7.530733726918697 1
      vertex 8.571281291544437 7.399999998509884 7
      vertex 8.756414502859116 7.024586983025074 7
    endloop
  endfacet
  facet normal 0.9327032226670733 0.31661006495047206 0.172692690055236
    outer loop
      vertex 9.863703303039074 7.035276181995869 1
      vertex 8.756414502859116 7.024586983025074 7
      vertex 8.89096263796091 6.628220938146114 7
    endloop
  endfacet
  facet normal 0.5468512394873792 0.8184207047899221 0.17646889766268697
    outer loop
      vertex 8.435045719146729 9.17341335862875 1
      vertex 7.399999998509884 8.571281291544437 7
      vertex 7.7480365708470345 8.338730685412884 7
    endloop
  endfacet
  facet normal 0.6489072683073108 0.7399369253057156 0.17723629342509833
    outer loop
      vertex 8.435045719146729 9.17341335862875 1
      vertex 7.7480365708470345 8.338730685412884 7
      vertex 8.062741696834564 8.062741696834564 7
    endloop
  endfacet
  facet normal 0.7399369253057156 0.6489072683073108 0.17723629342509833
    outer loop
      vertex 9.17341335862875 8.435045719146729 1
      vertex 8.062741696834564 8.062741696834564 7
      vertex 8.338730685412884 7.7480365708470345 7
    endloop
  endfacet
  facet normal 0.8184207047899221 0.5468512394873792 0.17646889766268697
    outer loop
      vertex 9.17341335862875 8.435045719146729 1
      vertex 8.338730685412884 7.7480365708470345 7
      vertex 8.571281291544437 7.399999998509884 7
    endloop
  endfacet
  facet normal 0 0 1
    outer loop
      vertex 5.799999997019768 9 7
      vertex 6.628220938146114 8.89096263796091 7
      vertex 6.217683814466 8.97262355685234 7
    endloop
  endfacet
  facet normal 0 0 1
    outer loop
      vertex 7.399999998509884 8.571281291544437 7
      vertex 7.024586983025074 8.756414502859116 7
      vertex 6.628220938146114 8.89096263796091 7
    endloop
  endfacet
  facet normal 0 0 1
    outer loop
      vertex 5.799999997019768 9 7
      vertex 7.399999998509884 8.571281291544437 7
      vertex 6.628220938146114 8.89096263796091 7
    endloop
  endfacet
  facet normal 0 0 1
    outer loop
      vertex 7.819937102496624 2.251965671777725 7
      vertex 9 5.799999997019768 7
      vertex 7.399999998509884 8.571281291544437 7
    endloop
  endfacet
  facet normal 0 0 1
    outer loop
      vertex 7.399999998509884 8.571281291544437 7
      vertex 9 5.799999997019768 7
      vertex 8.571281291544437 7.399999998509884 7
    endloop
  endfacet
  facet normal 0 0 1
    outer loop
      vertex 8.571281291544437 7.399999998509884 7
      vertex 8.89096263796091 6.628220938146114 7
      vertex 8.756414502859116 7.024586983025074 7
    endloop
  endfacet
  facet normal 0 0 1
    outer loop
      vertex 9 5.799999997019768 7
      vertex 8.97262355685234 6.217683814466 7
      vertex 8.89096263796091 6.628220938146114 7
    endloop
  endfacet
  facet normal 0 0 1
    outer loop
      vertex 8.571281291544437 7.399999998509884 7
      vertex 9 5.799999997019768 7
      vertex 8.89096263796091 6.628220938146114 7
    endloop
  endfacet
  facet normal 0 0 1
    outer loop
      vertex 7.399999998509884 8.571281291544437 7
      vertex 8.571281291544437 7.399999998509884 7
      vertex 8.062741696834564 8.062741696834564 7
    endloop
  endfacet
  facet normal 0 0 1
    outer loop
      vertex 7.399999998509884 8.571281291544437 7
      vertex 8.062741696834564 8.062741696834564 7
      vertex 7.7480365708470345 8.338730685412884 7
    endloop
  endfacet
  facet normal 0 0 1
    outer loop
      vertex 8.571281291544437 7.399999998509884 7
      vertex 8.338730685412884 7.7480365708470345 7
      vertex 8.062741696834564 8.062741696834564 7
    endloop
  endfacet
  facet normal 1 0 0
    outer loop
      vertex -8.766035996377468 -2.2860160022974014 6.2
      vertex -8.766035996377468 2.286981999874115 7
      vertex -8.766035996377468 -2.2860160022974014 7
    endloop
  endfacet
  facet normal 0 1 0
    outer loop
      vertex -8.766035996377468 -2.2860160022974014 6.2
      vertex -8.766035996377468 -2.2860160022974014 7
      vertex -7.842678003013134 -2.2860160022974014 6.2
    endloop
  endfacet
  facet normal 0 0 1
    outer loop
      vertex -8.766035996377468 -2.2860160022974014 6.2
      vertex -7.842678003013134 -2.2860160022974014 6.2
      vertex -7.842678003013134 -0.5610160008072853 6.2
    endloop
  endfacet
  facet normal -1 0 0
    outer loop
      vertex -7.842678003013134 -2.2860160022974014 6.2
      vertex -7.842678003013134 -2.2860160022974014 7
      vertex -7.842678003013134 -0.5610160008072853 6.2
    endloop
  endfacet
  facet normal 0 1 0
    outer loop
      vertex -8.766035996377468 -2.2860160022974014 7
      vertex -7.842678003013134 -2.2860160022974014 7
      vertex -7.842678003013134 -2.2860160022974014 6.2
    endloop
  endfacet
  facet normal 0 0 1
    outer loop
      vertex -8.766035996377468 -2.2860160022974014 6.2
      vertex -7.842678003013134 -0.5610160008072853 6.2
      vertex -8.766035996377468 2.286981999874115 6.2
    endloop
  endfacet
  facet normal 0 0 1
    outer loop
      vertex -7.842678003013134 -0.5610160008072853 6.2
      vertex -7.337367996573448 0.21574000269174576 6.2
      vertex -7.842678003013134 0.21574000269174576 6.2
    endloop
  endfacet
  facet normal 0 1 0
    outer loop
      vertex -7.842678003013134 -0.5610160008072853 6.2
      vertex -7.842678003013134 -0.5610160008072853 7
      vertex -7.240676000714302 -0.5610160008072853 6.2
    endloop
  endfacet
  facet normal -1 0 0
    outer loop
      vertex -7.842678003013134 -2.2860160022974014 7
      vertex -7.842678003013134 -0.5610160008072853 7
      vertex -7.842678003013134 -0.5610160008072853 6.2
    endloop
  endfacet
  facet normal 0 0 1
    outer loop
      vertex -7.842678003013134 -0.5610160008072853 6.2
      vertex -7.240676000714302 -0.5610160008072853 6.2
      vertex -7.337367996573448 0.21574000269174576 6.2
    endloop
  endfacet
  facet normal 0 0 1
    outer loop
      vertex -7.240676000714302 -0.5610160008072853 6.2
      vertex -7.188786119222641 0.2172035500407219 6.2
      vertex -7.337367996573448 0.21574000269174576 6.2
    endloop
  endfacet
  facet normal 0 0 1
    outer loop
      vertex -7.240676000714302 -0.5610160008072853 6.2
      vertex -7.067574247717857 -0.5596791803836823 6.2
      vertex -7.188786119222641 0.2172035500407219 6.2
    endloop
  endfacet
  facet normal 0 0 1
    outer loop
      vertex -7.067574247717857 -0.5596791803836823 6.2
      vertex -7.054973058402538 0.2215942069888115 6.2
      vertex -7.188786119222641 0.2172035500407219 6.2
    endloop
  endfacet
  facet normal 0 0 1
    outer loop
      vertex -7.067574247717857 -0.5596791803836823 6.2
      vertex -6.9065695479512215 -0.5556687340140343 6.2
      vertex -7.054973058402538 0.2215942069888115 6.2
    endloop
  endfacet
  facet normal 0 0 1
    outer loop
      vertex -6.9065695479512215 -0.5556687340140343 6.2
      vertex -6.93592881411314 0.22891195863485336 6.2
      vertex -7.054973058402538 0.2215942069888115 6.2
    endloop
  endfacet
  facet normal -0.007722513133166359 0.9999701809508662 0
    outer loop
      vertex -7.240676000714302 -0.5610160008072853 6.2
      vertex -7.240676000714302 -0.5610160008072853 7
      vertex -7.067574247717857 -0.5596791803836823 6.2
    endloop
  endfacet
  facet normal -0.024901153873147494 0.9996899181925293 0
    outer loop
      vertex -7.067574247717857 -0.5596791803836823 6.2
      vertex -7.067574247717857 -0.5596791803836823 7
      vertex -6.9065695479512215 -0.5556687340140343 6.2
    endloop
  endfacet
  facet normal 0 0 1
    outer loop
      vertex -6.9065695479512215 -0.5556687340140343 6.2
      vertex -6.757661916315556 -0.5489846542477608 6.2
      vertex -6.93592881411314 0.22891195863485336 6.2
    endloop
  endfacet
  facet normal 0 0 1
    outer loop
      vertex -6.757661916315556 -0.5489846542477608 6.2
      vertex -6.620851345360279 -0.5396269410848618 6.2
      vertex -6.831653386354446 0.2391568198800087 6.2
    endloop
  endfacet
  facet normal 0 0 1
    outer loop
      vertex -6.757661916315556 -0.5489846542477608 6.2
      vertex -6.831653386354446 0.2391568198800087 6.2
      vertex -6.93592881411314 0.22891195863485336 6.2
    endloop
  endfacet
  facet normal 0 0 1
    outer loop
      vertex -6.620851345360279 -0.5396269410848618 6.2
      vertex -6.742146775126457 0.2523287758231163 6.2
      vertex -6.831653386354446 0.2391568198800087 6.2
    endloop
  endfacet
  facet normal 0 0 1
    outer loop
      vertex -6.620851345360279 -0.5396269410848618 6.2
      vertex -6.496137835085392 -0.5275955945253372 6.2
      vertex -6.6674089804291725 0.2684278339147568 6.2
    endloop
  endfacet
  facet normal 0 0 1
    outer loop
      vertex -6.620851345360279 -0.5396269410848618 6.2
      vertex -6.6674089804291725 0.2684278339147568 6.2
      vertex -6.742146775126457 0.2523287758231163 6.2
    endloop
  endfacet
  facet normal 0 0 1
    outer loop
      vertex -6.496137835085392 -0.5275955945253372 6.2
      vertex -6.383521385490894 -0.5128906145691872 6.2
      vertex -6.607440002262592 0.2874540016055107 6.2
    endloop
  endfacet
  facet normal 0 0 1
    outer loop
      vertex -6.383521385490894 -0.5128906145691872 6.2
      vertex -6.283001996576786 -0.4955120012164116 6.2
      vertex -6.556478574872017 0.3096119165420532 6.2
    endloop
  endfacet
  facet normal 0 0 1
    outer loop
      vertex -6.283001996576786 -0.4955120012164116 6.2
      vertex -6.213648080825806 -0.47809865325689316 6.2
      vertex -6.556478574872017 0.3096119165420532 6.2
    endloop
  endfacet
  facet normal 0 0 1
    outer loop
      vertex -6.213648080825806 -0.47809865325689316 6.2
      vertex -6.144611470401287 -0.4561660438776016 6.2
      vertex -6.508763425052166 0.33507996052503586 6.2
    endloop
  endfacet
  facet normal -0.044842269265202295 0.998994079505553 0
    outer loop
      vertex -6.9065695479512215 -0.5556687340140343 6.2
      vertex -6.9065695479512215 -0.5556687340140343 7
      vertex -6.757661916315556 -0.5489846542477608 6.2
    endloop
  endfacet
  facet normal -0.06823960972468039 0.9976689609608105 0
    outer loop
      vertex -6.757661916315556 -0.5489846542477608 6.2
      vertex -6.757661916315556 -0.5489846542477608 7
      vertex -6.620851345360279 -0.5396269410848618 6.2
    endloop
  endfacet
  facet normal -0.09602606416259268 0.9953788198477209 0
    outer loop
      vertex -6.620851345360279 -0.5396269410848618 6.2
      vertex -6.620851345360279 -0.5396269410848618 7
      vertex -6.496137835085392 -0.5275955945253372 6.2
    endloop
  endfacet
  facet normal -0.12947664768489875 0.9915824714587691 0
    outer loop
      vertex -6.496137835085392 -0.5275955945253372 6.2
      vertex -6.496137835085392 -0.5275955945253372 7
      vertex -6.383521385490894 -0.5128906145691872 6.2
    endloop
  endfacet
  facet normal -0.17036084798591244 0.985381744033002 0
    outer loop
      vertex -6.383521385490894 -0.5128906145691872 6.2
      vertex -6.383521385490894 -0.5128906145691872 7
      vertex -6.283001996576786 -0.4955120012164116 6.2
    endloop
  endfacet
  facet normal -0.2435209332318525 0.9698956413335857 0
    outer loop
      vertex -6.283001996576786 -0.4955120012164116 6.2
      vertex -6.283001996576786 -0.4955120012164116 7
      vertex -6.213648080825806 -0.47809865325689316 6.2
    endloop
  endfacet
  facet normal 0 1 0
    outer loop
      vertex -7.842678003013134 -0.5610160008072853 7
      vertex -7.240676000714302 -0.5610160008072853 7
      vertex -7.240676000714302 -0.5610160008072853 6.2
    endloop
  endfacet
  facet normal -0.007722513133166359 0.9999701809508662 0
    outer loop
      vertex -7.067574247717857 -0.5596791803836823 6.2
      vertex -7.240676000714302 -0.5610160008072853 7
      vertex -7.067574247717857 -0.5596791803836823 7
    endloop
  endfacet
  facet normal -0.024901153873147494 0.9996899181925293 0
    outer loop
      vertex -6.9065695479512215 -0.5556687340140343 6.2
      vertex -7.067574247717857 -0.5596791803836823 7
      vertex -6.9065695479512215 -0.5556687340140343 7
    endloop
  endfacet
  facet normal -0.044842269265202295 0.998994079505553 0
    outer loop
      vertex -6.757661916315556 -0.5489846542477608 6.2
      vertex -6.9065695479512215 -0.5556687340140343 7
      vertex -6.757661916315556 -0.5489846542477608 7
    endloop
  endfacet
  facet normal -0.06823960972468039 0.9976689609608105 0
    outer loop
      vertex -6.620851345360279 -0.5396269410848618 6.2
      vertex -6.757661916315556 -0.5489846542477608 7
      vertex -6.620851345360279 -0.5396269410848618 7
    endloop
  endfacet
  facet normal -0.09602606416259268 0.9953788198477209 0
    outer loop
      vertex -6.496137835085392 -0.5275955945253372 6.2
      vertex -6.620851345360279 -0.5396269410848618 7
      vertex -6.496137835085392 -0.5275955945253372 7
    endloop
  endfacet
  facet normal -0.12947664768489875 0.9915824714587691 0
    outer loop
      vertex -6.383521385490894 -0.5128906145691872 6.2
      vertex -6.496137835085392 -0.5275955945253372 7
      vertex -6.383521385490894 -0.5128906145691872 7
    endloop
  endfacet
  facet normal -0.17036084798591244 0.985381744033002 0
    outer loop
      vertex -6.283001996576786 -0.4955120012164116 6.2
      vertex -6.383521385490894 -0.5128906145691872 7
      vertex -6.283001996576786 -0.4955120012164116 7
    endloop
  endfacet
  facet normal 0 0 1
    outer loop
      vertex -6.144611470401287 -0.4561660438776016 6.2
      vertex -6.07589216530323 -0.4297141656279564 6.2
      vertex -6.508763425052166 0.33507996052503586 6.2
    endloop
  endfacet
  facet normal 0 0 1
    outer loop
      vertex -6.07589216530323 -0.4297141656279564 6.2
      vertex -6.007490165531635 -0.39874301850795746 6.2
      vertex -6.464294567704201 0.363858126103878 6.2
    endloop
  endfacet
  facet normal 0 0 1
    outer loop
      vertex -6.007490165531635 -0.39874301850795746 6.2
      vertex -5.939405471086502 -0.3632526099681854 6.2
      vertex -6.464294567704201 0.363858126103878 6.2
    endloop
  endfacet
  facet normal 0 0 1
    outer loop
      vertex -5.939405471086502 -0.3632526099681854 6.2
      vertex -5.871638081967831 -0.3232429400086403 6.2
      vertex -6.423072002828121 0.3959464058279991 6.2
    endloop
  endfacet
  facet normal 0 0 1
    outer loop
      vertex -5.871638081967831 -0.3232429400086403 6.2
      vertex -5.804187998175621 -0.27871400117874146 6.2
      vertex -6.385095715522766 0.43134481459856033 6.2
    endloop
  endfacet
  facet normal 0 0 1
    outer loop
      vertex -5.804187998175621 -0.27871400117874146 6.2
      vertex -5.73858354985714 -0.2293991819024086 6.2
      vertex -6.385095715522766 0.43134481459856033 6.2
    endloop
  endfacet
  facet normal -0.30278260824827075 0.9530596477358457 0
    outer loop
      vertex -6.213648080825806 -0.47809865325689316 6.2
      vertex -6.213648080825806 -0.47809865325689316 7
      vertex -6.144611470401287 -0.4561660438776016 6.2
    endloop
  endfacet
  facet normal -0.35923195850656076 0.933248305644077 0
    outer loop
      vertex -6.144611470401287 -0.4561660438776016 6.2
      vertex -6.144611470401287 -0.4561660438776016 7
      vertex -6.07589216530323 -0.4297141656279564 6.2
    endloop
  endfacet
  facet normal -0.4124706033755989 0.9109709113637874 0
    outer loop
      vertex -6.07589216530323 -0.4297141656279564 6.2
      vertex -6.07589216530323 -0.4297141656279564 7
      vertex -6.007490165531635 -0.39874301850795746 6.2
    endloop
  endfacet
  facet normal -0.4622379570202079 0.8867559253198054 0
    outer loop
      vertex -6.007490165531635 -0.39874301850795746 6.2
      vertex -6.007490165531635 -0.39874301850795746 7
      vertex -5.939405471086502 -0.3632526099681854 6.2
    endloop
  endfacet
  facet normal -0.5084024931823601 0.8611195648259076 0
    outer loop
      vertex -5.939405471086502 -0.3632526099681854 6.2
      vertex -5.939405471086502 -0.3632526099681854 7
      vertex -5.871638081967831 -0.3232429400086403 6.2
    endloop
  endfacet
  facet normal -0.5509446224712377 0.8345418042075697 0
    outer loop
      vertex -5.871638081967831 -0.3232429400086403 6.2
      vertex -5.871638081967831 -0.3232429400086403 7
      vertex -5.804187998175621 -0.27871400117874146 6.2
    endloop
  endfacet
  facet normal -0.6008689886384 0.7993475204769614 0
    outer loop
      vertex -5.804187998175621 -0.27871400117874146 6.2
      vertex -5.804187998175621 -0.27871400117874146 7
      vertex -5.73858354985714 -0.2293991819024086 6.2
    endloop
  endfacet
  facet normal -0.6577456519262455 0.7532401060565738 0
    outer loop
      vertex -5.73858354985714 -0.2293991819024086 6.2
      vertex -5.73858354985714 -0.2293991819024086 7
      vertex -5.676353059709072 -0.17505816370248795 6.2
    endloop
  endfacet
  facet normal -0.7101546532525451 0.7040457147542037 0
    outer loop
      vertex -5.676353059709072 -0.17505816370248795 6.2
      vertex -5.676353059709072 -0.17505816370248795 7
      vertex -5.617496527731419 -0.1156909391283989 6.2
    endloop
  endfacet
  facet normal -0.7575787348045441 0.6527437939742871 0
    outer loop
      vertex -5.617496527731419 -0.1156909391283989 6.2
      vertex -5.617496527731419 -0.1156909391283989 7
      vertex -5.56201396137476 -0.05129750818014145 6.2
    endloop
  endfacet
  facet normal -0.7997572094448016 0.600323584361854 0
    outer loop
      vertex -5.56201396137476 -0.05129750818014145 6.2
      vertex -5.56201396137476 -0.05129750818014145 7
      vertex -5.509905345737934 0.018122121691703796 6.2
    endloop
  endfacet
  facet normal -0.2435209332318525 0.9698956413335857 0
    outer loop
      vertex -6.283001996576786 -0.4955120012164116 7
      vertex -6.213648080825806 -0.47809865325689316 7
      vertex -6.213648080825806 -0.47809865325689316 6.2
    endloop
  endfacet
  facet normal -0.30278260824827075 0.9530596477358457 0
    outer loop
      vertex -6.144611470401287 -0.4561660438776016 6.2
      vertex -6.213648080825806 -0.47809865325689316 7
      vertex -6.144611470401287 -0.4561660438776016 7
    endloop
  endfacet
  facet normal -0.35923195850656076 0.933248305644077 0
    outer loop
      vertex -6.07589216530323 -0.4297141656279564 6.2
      vertex -6.144611470401287 -0.4561660438776016 7
      vertex -6.07589216530323 -0.4297141656279564 7
    endloop
  endfacet
  facet normal -0.4124706033755989 0.9109709113637874 0
    outer loop
      vertex -6.007490165531635 -0.39874301850795746 6.2
      vertex -6.07589216530323 -0.4297141656279564 7
      vertex -6.007490165531635 -0.39874301850795746 7
    endloop
  endfacet
  facet normal -0.4622379570202079 0.8867559253198054 0
    outer loop
      vertex -5.939405471086502 -0.3632526099681854 6.2
      vertex -6.007490165531635 -0.39874301850795746 7
      vertex -5.939405471086502 -0.3632526099681854 7
    endloop
  endfacet
  facet normal -0.5084024931823601 0.8611195648259076 0
    outer loop
      vertex -5.871638081967831 -0.3232429400086403 6.2
      vertex -5.939405471086502 -0.3632526099681854 7
      vertex -5.871638081967831 -0.3232429400086403 7
    endloop
  endfacet
  facet normal -0.5509446224712377 0.8345418042075697 0
    outer loop
      vertex -5.804187998175621 -0.27871400117874146 6.2
      vertex -5.871638081967831 -0.3232429400086403 7
      vertex -5.804187998175621 -0.27871400117874146 7
    endloop
  endfacet
  facet normal -0.6008689886384 0.7993475204769614 0
    outer loop
      vertex -5.73858354985714 -0.2293991819024086 6.2
      vertex -5.804187998175621 -0.27871400117874146 7
      vertex -5.73858354985714 -0.2293991819024086 7
    endloop
  endfacet
  facet normal -0.6577456519262455 0.7532401060565738 0
    outer loop
      vertex -5.676353059709072 -0.17505816370248795 6.2
      vertex -5.73858354985714 -0.2293991819024086 7
      vertex -5.676353059709072 -0.17505816370248795 7
    endloop
  endfacet
  facet normal -0.7101546532525451 0.7040457147542037 0
    outer loop
      vertex -5.617496527731419 -0.1156909391283989 6.2
      vertex -5.676353059709072 -0.17505816370248795 7
      vertex -5.617496527731419 -0.1156909391283989 7
    endloop
  endfacet
  facet normal -0.7575787348045441 0.6527437939742871 0
    outer loop
      vertex -5.56201396137476 -0.05129750818014145 6.2
      vertex -5.617496527731419 -0.1156909391283989 7
      vertex -5.56201396137476 -0.05129750818014145 7
    endloop
  endfacet
  facet normal -0.7997572094448016 0.600323584361854 0
    outer loop
      vertex -5.56201396137476 -0.05129750818014145 7
      vertex -5.509905345737934 0.018122121691703796 7
      vertex -5.509905345737934 0.018122121691703796 6.2
    endloop
  endfacet
  facet normal 0.5772648577103681 0.8165569692633997 0
    outer loop
      vertex -3.909269630908966 -1.9067948162555695 6.2
      vertex -3.909269630908966 -1.9067948162555695 7
      vertex -3.7116639614105225 -2.0464921221137047 6.2
    endloop
  endfacet
  facet normal 0 0 1
    outer loop
      vertex -4.384694650769234 -1.3477577567100525 6.2
      vertex -4.249541021883488 -1.5543080791831017 6.2
      vertex -3.55742971599102 -0.9142293483018875 6.2
    endloop
  endfacet
  facet normal 0 0 1
    outer loop
      vertex -3.909269630908966 -1.9067948162555695 6.2
      vertex -3.3817360028624535 -1.173965997993946 6.2
      vertex -4.0898139998316765 -1.741697996854782 6.2
    endloop
  endfacet
  facet normal 0 0 1
    outer loop
      vertex -4.0898139998316765 -1.741697996854782 6.2
      vertex -3.4769034311175346 -1.0517684072256088 6.2
      vertex -4.249541021883488 -1.5543080791831017 6.2
    endloop
  endfacet
  facet normal 0.7610455726744404 0.648698417072705 0
    outer loop
      vertex -4.0898139998316765 -1.741697996854782 6.2
      vertex -4.249541021883488 -1.5543080791831017 6.2
      vertex -4.249541021883488 -1.5543080791831017 7
    endloop
  endfacet
  facet normal 0.8367812318151376 0.5475373686625791 0
    outer loop
      vertex -4.384694650769234 -1.3477577567100525 6.2
      vertex -4.384694650769234 -1.3477577567100525 7
      vertex -4.249541021883488 -1.5543080791831017 6.2
    endloop
  endfacet
  facet normal 0.6748308285696502 0.7379724607409137 0
    outer loop
      vertex -3.909269630908966 -1.9067948162555695 6.2
      vertex -4.0898139998316765 -1.741697996854782 6.2
      vertex -4.0898139998316765 -1.741697996854782 7
    endloop
  endfacet
  facet normal 0.8980186117874467 0.43995746712988837 0
    outer loop
      vertex -4.384694650769234 -1.3477577567100525 6.2
      vertex -4.495274901390076 -1.122047021985054 7
      vertex -4.384694650769234 -1.3477577567100525 7
    endloop
  endfacet
  facet normal 0.5772648577103681 0.8165569692633997 0
    outer loop
      vertex -3.909269630908966 -1.9067948162555695 7
      vertex -3.7116639614105225 -2.0464921221137047 7
      vertex -3.7116639614105225 -2.0464921221137047 6.2
    endloop
  endfacet
  facet normal 0.7610455726744404 0.648698417072705 0
    outer loop
      vertex -4.0898139998316765 -1.741697996854782 6.2
      vertex -4.249541021883488 -1.5543080791831017 7
      vertex -4.0898139998316765 -1.741697996854782 7
    endloop
  endfacet
  facet normal 0.8367812318151376 0.5475373686625791 0
    outer loop
      vertex -4.249541021883488 -1.5543080791831017 6.2
      vertex -4.384694650769234 -1.3477577567100525 7
      vertex -4.249541021883488 -1.5543080791831017 7
    endloop
  endfacet
  facet normal 0.6748308285696502 0.7379724607409137 0
    outer loop
      vertex -3.909269630908966 -1.9067948162555695 6.2
      vertex -4.0898139998316765 -1.741697996854782 7
      vertex -3.909269630908966 -1.9067948162555695 7
    endloop
  endfacet
  facet normal 0.9434950295842333 0.3313866761803299 0
    outer loop
      vertex -4.495274901390076 -1.122047021985054 6.2
      vertex -4.581281751394272 -0.8771758750081062 6.2
      vertex -4.581281751394272 -0.8771758750081062 7
    endloop
  endfacet
  facet normal 0.8980186117874467 0.43995746712988837 0
    outer loop
      vertex -4.384694650769234 -1.3477577567100525 6.2
      vertex -4.495274901390076 -1.122047021985054 6.2
      vertex -4.495274901390076 -1.122047021985054 7
    endloop
  endfacet
  facet normal 0.9739829660322799 0.22662122998290066 0
    outer loop
      vertex -4.581281751394272 -0.8771758750081062 6.2
      vertex -4.642715223133564 -0.6131443232297897 6.2
      vertex -4.642715223133564 -0.6131443232297897 7
    endloop
  endfacet
  facet normal 0.9991753383861149 0.04060348705459344 0
    outer loop
      vertex -4.691862002015114 -0.02759999781847 6.2
      vertex -4.691862002015114 -0.02759999781847 7
      vertex -4.6795753091573715 -0.3299523666501045 6.2
    endloop
  endfacet
  facet normal 0.9916354020848507 0.1290706369861728 0
    outer loop
      vertex -4.642715223133564 -0.6131443232297897 6.2
      vertex -4.6795753091573715 -0.3299523666501045 6.2
      vertex -4.6795753091573715 -0.3299523666501045 7
    endloop
  endfacet
  facet normal 0 0 1
    outer loop
      vertex -4.384694650769234 -1.3477577567100525 6.2
      vertex -3.55742971599102 -0.9142293483018875 6.2
      vertex -4.495274901390076 -1.122047021985054 6.2
    endloop
  endfacet
  facet normal 0 0 1
    outer loop
      vertex -4.495274901390076 -1.122047021985054 6.2
      vertex -3.62331485748291 -0.7613488137722015 6.2
      vertex -4.581281751394272 -0.8771758750081062 6.2
    endloop
  endfacet
  facet normal 0 0 1
    outer loop
      vertex -4.581281751394272 -0.8771758750081062 6.2
      vertex -3.6745588555932045 -0.5931268185377121 6.2
      vertex -4.642715223133564 -0.6131443232297897 6.2
    endloop
  endfacet
  facet normal 0 0 1
    outer loop
      vertex -4.249541021883488 -1.5543080791831017 6.2
      vertex -3.4769034311175346 -1.0517684072256088 6.2
      vertex -3.55742971599102 -0.9142293483018875 6.2
    endloop
  endfacet
  facet normal 0 0 1
    outer loop
      vertex -4.581281751394272 -0.8771758750081062 6.2
      vertex -3.62331485748291 -0.7613488137722015 6.2
      vertex -3.6745588555932045 -0.5931268185377121 6.2
    endloop
  endfacet
  facet normal 0 0 1
    outer loop
      vertex -4.495274901390076 -1.122047021985054 6.2
      vertex -3.55742971599102 -0.9142293483018875 6.2
      vertex -3.62331485748291 -0.7613488137722015 6.2
    endloop
  endfacet
  facet normal 0 0 1
    outer loop
      vertex -4.642715223133564 -0.6131443232297897 6.2
      vertex -3.711161717772484 -0.409563347697258 6.2
      vertex -4.6795753091573715 -0.3299523666501045 6.2
    endloop
  endfacet
  facet normal 0 0 1
    outer loop
      vertex -4.691862002015114 -0.02759999781847 6.2
      vertex -4.6795753091573715 -0.3299523666501045 6.2
      vertex -3.733123429119587 -0.21065840870141983 6.2
    endloop
  endfacet
  facet normal 0 0 1
    outer loop
      vertex -4.642715223133564 -0.6131443232297897 6.2
      vertex -3.6745588555932045 -0.5931268185377121 6.2
      vertex -3.711161717772484 -0.409563347697258 6.2
    endloop
  endfacet
  facet normal 0 0 1
    outer loop
      vertex -4.6795753091573715 -0.3299523666501045 6.2
      vertex -3.711161717772484 -0.409563347697258 6.2
      vertex -3.733123429119587 -0.21065840870141983 6.2
    endloop
  endfacet
  facet normal 0 0 1
    outer loop
      vertex -4.691862002015114 -0.02759999781847 6.2
      vertex -3.733123429119587 -0.21065840870141983 6.2
      vertex -3.7404439970850945 0.0035879984498023987 6.2
    endloop
  endfacet
  facet normal 0.9434950295842333 0.3313866761803299 0
    outer loop
      vertex -4.495274901390076 -1.122047021985054 6.2
      vertex -4.581281751394272 -0.8771758750081062 7
      vertex -4.495274901390076 -1.122047021985054 7
    endloop
  endfacet
  facet normal 0.9739829660322799 0.22662122998290066 0
    outer loop
      vertex -4.581281751394272 -0.8771758750081062 6.2
      vertex -4.642715223133564 -0.6131443232297897 7
      vertex -4.581281751394272 -0.8771758750081062 7
    endloop
  endfacet
  facet normal 0.9916354020848507 0.1290706369861728 0
    outer loop
      vertex -4.642715223133564 -0.6131443232297897 6.2
      vertex -4.6795753091573715 -0.3299523666501045 7
      vertex -4.642715223133564 -0.6131443232297897 7
    endloop
  endfacet
  facet normal 0.9991753383861149 0.04060348705459344 0
    outer loop
      vertex -4.6795753091573715 -0.3299523666501045 6.2
      vertex -4.691862002015114 -0.02759999781847 7
      vertex -4.6795753091573715 -0.3299523666501045 7
    endloop
  endfacet
  facet normal 0 0 1
    outer loop
      vertex -3.4969969764351845 -2.1607899218797684 6.2
      vertex -3.2652686908841133 -2.2496882006525993 6.2
      vertex -3.0387130603194237 -1.4439221620559692 6.2
    endloop
  endfacet
  facet normal 0.4699758505990922 0.8826792734927335 0
    outer loop
      vertex -3.7116639614105225 -2.0464921221137047 6.2
      vertex -3.7116639614105225 -2.0464921221137047 7
      vertex -3.4969969764351845 -2.1607899218797684 6.2
    endloop
  endfacet
  facet normal 0.3581787492644132 0.9336530316854225 0
    outer loop
      vertex -3.4969969764351845 -2.1607899218797684 6.2
      vertex -3.4969969764351845 -2.1607899218797684 7
      vertex -3.2652686908841133 -2.2496882006525993 6.2
    endloop
  endfacet
  facet normal 0.24730293359290217 0.9689382121871057 0
    outer loop
      vertex -3.2652686908841133 -2.2496882006525993 6.2
      vertex -3.2652686908841133 -2.2496882006525993 7
      vertex -3.016479104757309 -2.3131869807839394 6.2
    endloop
  endfacet
  facet normal 0 0 1
    outer loop
      vertex -3.909269630908966 -1.9067948162555695 6.2
      vertex -3.7116639614105225 -2.0464921221137047 6.2
      vertex -3.2752882465720177 -1.280312366783619 6.2
    endloop
  endfacet
  facet normal 0 0 1
    outer loop
      vertex -3.7116639614105225 -2.0464921221137047 6.2
      vertex -3.4969969764351845 -2.1607899218797684 6.2
      vertex -3.160947263240814 -1.3702977523207664 6.2
    endloop
  endfacet
  facet normal 0 0 1
    outer loop
      vertex -4.0898139998316765 -1.741697996854782 6.2
      vertex -3.3817360028624535 -1.173965997993946 6.2
      vertex -3.4769034311175346 -1.0517684072256088 6.2
    endloop
  endfacet
  facet normal 0 0 1
    outer loop
      vertex -3.909269630908966 -1.9067948162555695 6.2
      vertex -3.2752882465720177 -1.280312366783619 6.2
      vertex -3.3817360028624535 -1.173965997993946 6.2
    endloop
  endfacet
  facet normal 0 0 1
    outer loop
      vertex -3.7116639614105225 -2.0464921221137047 6.2
      vertex -3.160947263240814 -1.3702977523207664 6.2
      vertex -3.2752882465720177 -1.280312366783619 6.2
    endloop
  endfacet
  facet normal 0 0 1
    outer loop
      vertex -3.4969969764351845 -2.1607899218797684 6.2
      vertex -3.0387130603194237 -1.4439221620559692 6.2
      vertex -3.160947263240814 -1.3702977523207664 6.2
    endloop
  endfacet
  facet normal -0.6184419427287601 -0.785830492837913 0
    outer loop
      vertex -3.2752882465720177 -1.280312366783619 6.2
      vertex -3.160947263240814 -1.3702977523207664 6.2
      vertex -3.160947263240814 -1.3702977523207664 7
    endloop
  endfacet
  facet normal 0 0 1
    outer loop
      vertex -3.2652686908841133 -2.2496882006525993 6.2
      vertex -3.016479104757309 -2.3131869807839394 6.2
      vertex -2.9085856303572655 -1.5011855885386467 6.2
    endloop
  endfacet
  facet normal 0 0 1
    outer loop
      vertex -3.016479104757309 -2.3131869807839394 6.2
      vertex -2.7506282031536102 -2.3512862473726273 6.2
      vertex -2.77056498080492 -1.5420880392193794 6.2
    endloop
  endfacet
  facet normal 0 0 1
    outer loop
      vertex -2.7506282031536102 -2.3512862473726273 6.2
      vertex -2.4677160009741783 -2.363986000418663 6.2
      vertex -2.6246511042118073 -1.5666295066475868 6.2
    endloop
  endfacet
  facet normal 0.14186128840795892 0.9898865464543065 0
    outer loop
      vertex -3.016479104757309 -2.3131869807839394 6.2
      vertex -3.016479104757309 -2.3131869807839394 7
      vertex -2.7506282031536102 -2.3512862473726273 6.2
    endloop
  endfacet
  facet normal 0.044844219847944296 0.9989939919470132 0
    outer loop
      vertex -2.7506282031536102 -2.3512862473726273 6.2
      vertex -2.7506282031536102 -2.3512862473726273 7
      vertex -2.4677160009741783 -2.363986000418663 6.2
    endloop
  endfacet
  facet normal 0 0 1
    outer loop
      vertex -3.2652686908841133 -2.2496882006525993 6.2
      vertex -2.9085856303572655 -1.5011855885386467 6.2
      vertex -3.0387130603194237 -1.4439221620559692 6.2
    endloop
  endfacet
  facet normal 0 0 1
    outer loop
      vertex -3.016479104757309 -2.3131869807839394 6.2
      vertex -2.77056498080492 -1.5420880392193794 6.2
      vertex -2.9085856303572655 -1.5011855885386467 6.2
    endloop
  endfacet
  facet normal 0 0 1
    outer loop
      vertex -2.7506282031536102 -2.3512862473726273 6.2
      vertex -2.6246511042118073 -1.5666295066475868 6.2
      vertex -2.77056498080492 -1.5420880392193794 6.2
    endloop
  endfacet
  facet normal 0 0 1
    outer loop
      vertex -2.6246511042118073 -1.5666295066475868 6.2
      vertex -2.4677160009741783 -2.363986000418663 6.2
      vertex -2.4708440005779266 -1.5748099982738495 6.2
    endloop
  endfacet
  facet normal -0.5159578591460462 -0.8566139664898237 0
    outer loop
      vertex -3.160947263240814 -1.3702977523207664 6.2
      vertex -3.0387130603194237 -1.4439221620559692 6.2
      vertex -3.0387130603194237 -1.4439221620559692 7
    endloop
  endfacet
  facet normal -0.402781970123494 -0.915295954619836 0
    outer loop
      vertex -3.0387130603194237 -1.4439221620559692 6.2
      vertex -2.9085856303572655 -1.5011855885386467 6.2
      vertex -2.9085856303572655 -1.5011855885386467 7
    endloop
  endfacet
  facet normal -0.28413586316808703 -0.9587840274335645 0
    outer loop
      vertex -2.9085856303572655 -1.5011855885386467 6.2
      vertex -2.77056498080492 -1.5420880392193794 6.2
      vertex -2.77056498080492 -1.5420880392193794 7
    endloop
  endfacet
  facet normal -0.053111627069940624 -0.998588581483878 0
    outer loop
      vertex -2.6246511042118073 -1.5666295066475868 6.2
      vertex -2.4708440005779266 -1.5748099982738495 6.2
      vertex -2.4708440005779266 -1.5748099982738495 7
    endloop
  endfacet
  facet normal -0.16586183671749216 -0.9861490004663088 0
    outer loop
      vertex -2.6246511042118073 -1.5666295066475868 6.2
      vertex -2.6246511042118073 -1.5666295066475868 7
      vertex -2.77056498080492 -1.5420880392193794 6.2
    endloop
  endfacet
  facet normal 0.4699758505990922 0.8826792734927335 0
    outer loop
      vertex -3.4969969764351845 -2.1607899218797684 6.2
      vertex -3.7116639614105225 -2.0464921221137047 7
      vertex -3.4969969764351845 -2.1607899218797684 7
    endloop
  endfacet
  facet normal 0.3581787492644132 0.9336530316854225 0
    outer loop
      vertex -3.2652686908841133 -2.2496882006525993 6.2
      vertex -3.4969969764351845 -2.1607899218797684 7
      vertex -3.2652686908841133 -2.2496882006525993 7
    endloop
  endfacet
  facet normal -0.6184419427287601 -0.785830492837913 0
    outer loop
      vertex -3.2752882465720177 -1.280312366783619 6.2
      vertex -3.160947263240814 -1.3702977523207664 7
      vertex -3.2752882465720177 -1.280312366783619 7
    endloop
  endfacet
  facet normal 0.24730293359290217 0.9689382121871057 0
    outer loop
      vertex -3.016479104757309 -2.3131869807839394 6.2
      vertex -3.2652686908841133 -2.2496882006525993 7
      vertex -3.016479104757309 -2.3131869807839394 7
    endloop
  endfacet
  facet normal 0.14186128840795892 0.9898865464543065 0
    outer loop
      vertex -2.7506282031536102 -2.3512862473726273 6.2
      vertex -3.016479104757309 -2.3131869807839394 7
      vertex -2.7506282031536102 -2.3512862473726273 7
    endloop
  endfacet
  facet normal 0.044844219847944296 0.9989939919470132 0
    outer loop
      vertex -2.7506282031536102 -2.3512862473726273 7
      vertex -2.4677160009741783 -2.363986000418663 7
      vertex -2.4677160009741783 -2.363986000418663 6.2
    endloop
  endfacet
  facet normal -0.402781970123494 -0.915295954619836 0
    outer loop
      vertex -3.0387130603194237 -1.4439221620559692 6.2
      vertex -2.9085856303572655 -1.5011855885386467 7
      vertex -3.0387130603194237 -1.4439221620559692 7
    endloop
  endfacet
  facet normal -0.5159578591460462 -0.8566139664898237 0
    outer loop
      vertex -3.160947263240814 -1.3702977523207664 6.2
      vertex -3.0387130603194237 -1.4439221620559692 7
      vertex -3.160947263240814 -1.3702977523207664 7
    endloop
  endfacet
  facet normal -0.28413586316808703 -0.9587840274335645 0
    outer loop
      vertex -2.9085856303572655 -1.5011855885386467 6.2
      vertex -2.77056498080492 -1.5420880392193794 7
      vertex -2.9085856303572655 -1.5011855885386467 7
    endloop
  endfacet
  facet normal -0.053111627069940624 -0.998588581483878 0
    outer loop
      vertex -2.6246511042118073 -1.5666295066475868 6.2
      vertex -2.4708440005779266 -1.5748099982738495 7
      vertex -2.6246511042118073 -1.5666295066475868 7
    endloop
  endfacet
  facet normal -0.16586183671749216 -0.9861490004663088 0
    outer loop
      vertex -2.77056498080492 -1.5420880392193794 6.2
      vertex -2.6246511042118073 -1.5666295066475868 7
      vertex -2.77056498080492 -1.5420880392193794 7
    endloop
  endfacet
  facet normal -0.8629717483107384 -0.5052521762620201 0
    outer loop
      vertex -3.4769034311175346 -1.0517684072256088 6.2
      vertex -3.4769034311175346 -1.0517684072256088 7
      vertex -3.55742971599102 -0.9142293483018875 6.2
    endloop
  endfacet
  facet normal -0.9566009886957578 -0.29140100965216026 0
    outer loop
      vertex -3.62331485748291 -0.7613488137722015 6.2
      vertex -3.62331485748291 -0.7613488137722015 7
      vertex -3.6745588555932045 -0.5931268185377121 6.2
    endloop
  endfacet
  facet normal -0.9183495021799416 -0.39577037767606266 0
    outer loop
      vertex -3.62331485748291 -0.7613488137722015 6.2
      vertex -3.55742971599102 -0.9142293483018875 6.2
      vertex -3.55742971599102 -0.9142293483018875 7
    endloop
  endfacet
  facet normal -0.7889613916834877 -0.6144427739284223 0
    outer loop
      vertex -3.4769034311175346 -1.0517684072256088 6.2
      vertex -3.3817360028624535 -1.173965997993946 6.2
      vertex -3.3817360028624535 -1.173965997993946 7
    endloop
  endfacet
  facet normal -0.7067697941563874 -0.7074436076947319 0
    outer loop
      vertex -3.2752882465720177 -1.280312366783619 6.2
      vertex -3.2752882465720177 -1.280312366783619 7
      vertex -3.3817360028624535 -1.173965997993946 6.2
    endloop
  endfacet
  facet normal -0.9806933558131216 -0.19555189046388283 0
    outer loop
      vertex -3.6745588555932045 -0.5931268185377121 6.2
      vertex -3.6745588555932045 -0.5931268185377121 7
      vertex -3.711161717772484 -0.409563347697258 6.2
    endloop
  endfacet
  facet normal -0.9939596463724186 -0.10974616796597743 0
    outer loop
      vertex -3.711161717772484 -0.409563347697258 6.2
      vertex -3.711161717772484 -0.409563347697258 7
      vertex -3.733123429119587 -0.21065840870141983 6.2
    endloop
  endfacet
  facet normal -0.9994167531761272 -0.03414898930990518 0
    outer loop
      vertex -3.733123429119587 -0.21065840870141983 6.2
      vertex -3.733123429119587 -0.21065840870141983 7
      vertex -3.7404439970850945 0.0035879984498023987 6.2
    endloop
  endfacet
  facet normal -0.8629717483107384 -0.5052521762620201 0
    outer loop
      vertex -3.55742971599102 -0.9142293483018875 6.2
      vertex -3.4769034311175346 -1.0517684072256088 7
      vertex -3.55742971599102 -0.9142293483018875 7
    endloop
  endfacet
  facet normal -0.7889613916834877 -0.6144427739284223 0
    outer loop
      vertex -3.4769034311175346 -1.0517684072256088 6.2
      vertex -3.3817360028624535 -1.173965997993946 7
      vertex -3.4769034311175346 -1.0517684072256088 7
    endloop
  endfacet
  facet normal -0.9183495021799416 -0.39577037767606266 0
    outer loop
      vertex -3.62331485748291 -0.7613488137722015 6.2
      vertex -3.55742971599102 -0.9142293483018875 7
      vertex -3.62331485748291 -0.7613488137722015 7
    endloop
  endfacet
  facet normal -0.9566009886957578 -0.29140100965216026 0
    outer loop
      vertex -3.6745588555932045 -0.5931268185377121 6.2
      vertex -3.62331485748291 -0.7613488137722015 7
      vertex -3.6745588555932045 -0.5931268185377121 7
    endloop
  endfacet
  facet normal -0.7067697941563874 -0.7074436076947319 0
    outer loop
      vertex -3.2752882465720177 -1.280312366783619 7
      vertex -3.3817360028624535 -1.173965997993946 7
      vertex -3.3817360028624535 -1.173965997993946 6.2
    endloop
  endfacet
  facet normal -0.9806933558131216 -0.19555189046388283 0
    outer loop
      vertex -3.711161717772484 -0.409563347697258 6.2
      vertex -3.6745588555932045 -0.5931268185377121 7
      vertex -3.711161717772484 -0.409563347697258 7
    endloop
  endfacet
  facet normal -0.9939596463724186 -0.10974616796597743 0
    outer loop
      vertex -3.733123429119587 -0.21065840870141983 6.2
      vertex -3.711161717772484 -0.409563347697258 7
      vertex -3.733123429119587 -0.21065840870141983 7
    endloop
  endfacet
  facet normal -0.9994167531761272 -0.03414898930990518 0
    outer loop
      vertex -3.733123429119587 -0.21065840870141983 7
      vertex -3.7404439970850945 0.0035879984498023987 7
      vertex -3.7404439970850945 0.0035879984498023987 6.2
    endloop
  endfacet
  facet normal 0 0 1
    outer loop
      vertex -2.4677160009741783 -2.363986000418663 6.2
      vertex -2.188123308122158 -2.351222410798073 6.2
      vertex -2.317133590579033 -1.5666933432221413 6.2
    endloop
  endfacet
  facet normal 0 0 1
    outer loop
      vertex -2.188123308122158 -2.351222410798073 6.2
      vertex -1.9250812232494354 -2.3129316344857216 6.2
      vertex -2.1715097948908806 -1.5423433855175972 6.2
    endloop
  endfacet
  facet normal 0 0 1
    outer loop
      vertex -1.9250812232494354 -2.3129316344857216 6.2
      vertex -1.678589753806591 -2.2491136714816093 6.2
      vertex -2.0339726135134697 -1.5017601251602173 6.2
    endloop
  endfacet
  facet normal -0.045603161849295734 0.9989596346346268 0
    outer loop
      vertex -2.4677160009741783 -2.363986000418663 6.2
      vertex -2.4677160009741783 -2.363986000418663 7
      vertex -2.188123308122158 -2.351222410798073 6.2
    endloop
  endfacet
  facet normal -0.14405077028545135 0.9895702984529033 0
    outer loop
      vertex -2.188123308122158 -2.351222410798073 6.2
      vertex -2.188123308122158 -2.351222410798073 7
      vertex -1.9250812232494354 -2.3129316344857216 6.2
    endloop
  endfacet
  facet normal 0 0 1
    outer loop
      vertex -2.4677160009741783 -2.363986000418663 6.2
      vertex -2.317133590579033 -1.5666933432221413 6.2
      vertex -2.4708440005779266 -1.5748099982738495 6.2
    endloop
  endfacet
  facet normal 0 0 1
    outer loop
      vertex -2.188123308122158 -2.351222410798073 6.2
      vertex -2.1715097948908806 -1.5423433855175972 6.2
      vertex -2.317133590579033 -1.5666933432221413 6.2
    endloop
  endfacet
  facet normal 0 0 1
    outer loop
      vertex -1.9250812232494354 -2.3129316344857216 6.2
      vertex -2.0339726135134697 -1.5017601251602173 6.2
      vertex -2.1715097948908806 -1.5423433855175972 6.2
    endloop
  endfacet
  facet normal 0.052731383746817774 -0.9986087327718228 0
    outer loop
      vertex -2.4708440005779266 -1.5748099982738495 6.2
      vertex -2.317133590579033 -1.5666933432221413 6.2
      vertex -2.317133590579033 -1.5666933432221413 7
    endloop
  endfacet
  facet normal 0.1649217105206896 -0.98630666093205 0
    outer loop
      vertex -2.317133590579033 -1.5666933432221413 6.2
      vertex -2.1715097948908806 -1.5423433855175972 6.2
      vertex -2.1715097948908806 -1.5423433855175972 7
    endloop
  endfacet
  facet normal 0.28300796360741143 -0.9591175592881126 0
    outer loop
      vertex -2.1715097948908806 -1.5423433855175972 6.2
      vertex -2.0339726135134697 -1.5017601251602173 6.2
      vertex -2.0339726135134697 -1.5017601251602173 7
    endloop
  endfacet
  facet normal 0.40189879429895903 -0.9156840935284629 0
    outer loop
      vertex -2.0339726135134697 -1.5017601251602173 6.2
      vertex -1.9045220389962196 -1.444943554699421 6.2
      vertex -1.9045220389962196 -1.444943554699421 7
    endloop
  endfacet
  facet normal 0 0 1
    outer loop
      vertex -1.9045220389962196 -1.444943554699421 6.2
      vertex -1.678589753806591 -2.2491136714816093 6.2
      vertex -1.4486488997936249 -2.1597685292363167 6.2
    endloop
  endfacet
  facet normal -0.25064112134032457 0.9680800732859162 0
    outer loop
      vertex -1.9250812232494354 -2.3129316344857216 6.2
      vertex -1.9250812232494354 -2.3129316344857216 7
      vertex -1.678589753806591 -2.2491136714816093 6.2
    endloop
  endfacet
  facet normal -0.36217757749029716 0.9321091150521271 0
    outer loop
      vertex -1.678589753806591 -2.2491136714816093 6.2
      vertex -1.678589753806591 -2.2491136714816093 7
      vertex -1.4486488997936249 -2.1597685292363167 6.2
    endloop
  endfacet
  facet normal -0.4740034744932054 0.8805229731065335 0
    outer loop
      vertex -1.4486488997936249 -2.1597685292363167 6.2
      vertex -1.4486488997936249 -2.1597685292363167 7
      vertex -1.2352586537599564 -2.0448962077498436 6.2
    endloop
  endfacet
  facet normal 0 0 1
    outer loop
      vertex -2.0339726135134697 -1.5017601251602173 6.2
      vertex -1.678589753806591 -2.2491136714816093 6.2
      vertex -1.9045220389962196 -1.444943554699421 6.2
    endloop
  endfacet
  facet normal 0 0 1
    outer loop
      vertex -1.9045220389962196 -1.444943554699421 6.2
      vertex -1.4486488997936249 -2.1597685292363167 6.2
      vertex -1.783158078789711 -1.3718936741352081 6.2
    endloop
  endfacet
  facet normal 0 0 1
    outer loop
      vertex -1.783158078789711 -1.3718936741352081 6.2
      vertex -1.2352586537599564 -2.0448962077498436 6.2
      vertex -1.6698807328939438 -1.2826104909181595 6.2
    endloop
  endfacet
  facet normal 0 0 1
    outer loop
      vertex -1.4486488997936249 -2.1597685292363167 6.2
      vertex -1.2352586537599564 -2.0448962077498436 6.2
      vertex -1.783158078789711 -1.3718936741352081 6.2
    endloop
  endfacet
  facet normal 0 0 1
    outer loop
      vertex -1.6698807328939438 -1.2826104909181595 6.2
      vertex -1.2352586537599564 -2.0448962077498436 6.2
      vertex -1.038419023156166 -1.904496692121029 6.2
    endloop
  endfacet
  facet normal 0 0 1
    outer loop
      vertex -1.6698807328939438 -1.2826104909181595 6.2
      vertex -1.038419023156166 -1.904496692121029 6.2
      vertex -1.564690001308918 -1.1770939975976944 6.2
    endloop
  endfacet
  facet normal 0 0 1
    outer loop
      vertex -1.564690001308918 -1.1770939975976944 6.2
      vertex -0.8581300005316734 -1.7385699972510338 6.2
      vertex -1.4707551822066307 -1.0553432628512383 6.2
    endloop
  endfacet
  facet normal 0.5156969485657025 -0.8567710646608132 0
    outer loop
      vertex -1.9045220389962196 -1.444943554699421 6.2
      vertex -1.783158078789711 -1.3718936741352081 6.2
      vertex -1.783158078789711 -1.3718936741352081 7
    endloop
  endfacet
  facet normal 0.6190192224225839 -0.7853758350441777 0
    outer loop
      vertex -1.783158078789711 -1.3718936741352081 6.2
      vertex -1.6698807328939438 -1.2826104909181595 6.2
      vertex -1.6698807328939438 -1.2826104909181595 7
    endloop
  endfacet
  facet normal -0.045603161849295734 0.9989596346346268 0
    outer loop
      vertex -2.188123308122158 -2.351222410798073 6.2
      vertex -2.4677160009741783 -2.363986000418663 7
      vertex -2.188123308122158 -2.351222410798073 7
    endloop
  endfacet
  facet normal -0.14405077028545135 0.9895702984529033 0
    outer loop
      vertex -1.9250812232494354 -2.3129316344857216 6.2
      vertex -2.188123308122158 -2.351222410798073 7
      vertex -1.9250812232494354 -2.3129316344857216 7
    endloop
  endfacet
  facet normal 0.052731383746817774 -0.9986087327718228 0
    outer loop
      vertex -2.4708440005779266 -1.5748099982738495 6.2
      vertex -2.317133590579033 -1.5666933432221413 7
      vertex -2.4708440005779266 -1.5748099982738495 7
    endloop
  endfacet
  facet normal 0.1649217105206896 -0.98630666093205 0
    outer loop
      vertex -2.317133590579033 -1.5666933432221413 6.2
      vertex -2.1715097948908806 -1.5423433855175972 7
      vertex -2.317133590579033 -1.5666933432221413 7
    endloop
  endfacet
  facet normal 0.28300796360741143 -0.9591175592881126 0
    outer loop
      vertex -2.1715097948908806 -1.5423433855175972 6.2
      vertex -2.0339726135134697 -1.5017601251602173 7
      vertex -2.1715097948908806 -1.5423433855175972 7
    endloop
  endfacet
  facet normal 0.40189879429895903 -0.9156840935284629 0
    outer loop
      vertex -2.0339726135134697 -1.5017601251602173 6.2
      vertex -1.9045220389962196 -1.444943554699421 7
      vertex -2.0339726135134697 -1.5017601251602173 7
    endloop
  endfacet
  facet normal -0.25064112134032457 0.9680800732859162 0
    outer loop
      vertex -1.678589753806591 -2.2491136714816093 6.2
      vertex -1.9250812232494354 -2.3129316344857216 7
      vertex -1.678589753806591 -2.2491136714816093 7
    endloop
  endfacet
  facet normal -0.36217757749029716 0.9321091150521271 0
    outer loop
      vertex -1.4486488997936249 -2.1597685292363167 6.2
      vertex -1.678589753806591 -2.2491136714816093 7
      vertex -1.4486488997936249 -2.1597685292363167 7
    endloop
  endfacet
  facet normal -0.4740034744932054 0.8805229731065335 0
    outer loop
      vertex -1.4486488997936249 -2.1597685292363167 7
      vertex -1.2352586537599564 -2.0448962077498436 7
      vertex -1.2352586537599564 -2.0448962077498436 6.2
    endloop
  endfacet
  facet normal 0.5156969485657025 -0.8567710646608132 0
    outer loop
      vertex -1.9045220389962196 -1.444943554699421 6.2
      vertex -1.783158078789711 -1.3718936741352081 7
      vertex -1.9045220389962196 -1.444943554699421 7
    endloop
  endfacet
  facet normal 0.6190192224225839 -0.7853758350441777 0
    outer loop
      vertex -1.783158078789711 -1.3718936741352081 6.2
      vertex -1.6698807328939438 -1.2826104909181595 7
      vertex -1.783158078789711 -1.3718936741352081 7
    endloop
  endfacet
  facet normal 0.7081991499625867 -0.7060127222594997 0
    outer loop
      vertex -1.6698807328939438 -1.2826104909181595 6.2
      vertex -1.564690001308918 -1.1770939975976944 6.2
      vertex -1.564690001308918 -1.1770939975976944 7
    endloop
  endfacet
  facet normal 0.7917419233431279 -0.6108557332307887 0
    outer loop
      vertex -1.564690001308918 -1.1770939975976944 6.2
      vertex -1.4707551822066307 -1.0553432628512383 6.2
      vertex -1.4707551822066307 -1.0553432628512383 7
    endloop
  endfacet
  facet normal 0.8665223146713318 -0.49913833571129096 0
    outer loop
      vertex -1.4707551822066307 -1.0553432628512383 6.2
      vertex -1.3912718743085861 -0.9173573479056358 6.2
      vertex -1.3912718743085861 -0.9173573479056358 7
    endloop
  endfacet
  facet normal 0.9214288510469596 -0.38854713029216925 0
    outer loop
      vertex -1.3912718743085861 -0.9173573479056358 6.2
      vertex -1.3262400850653648 -0.7631362453103065 6.2
      vertex -1.3262400850653648 -0.7631362453103065 7
    endloop
  endfacet
  facet normal 0.9586835677039374 -0.2844746333409181 0
    outer loop
      vertex -1.3262400850653648 -0.7631362453103065 6.2
      vertex -1.2756597995758057 -0.592679962515831 6.2
      vertex -1.2756597995758057 -0.592679962515831 7
    endloop
  endfacet
  facet normal 0.981784805999256 -0.18999630182980692 0
    outer loop
      vertex -1.2756597995758057 -0.592679962515831 6.2
      vertex -1.2395310178399086 -0.40598849207162857 6.2
      vertex -1.2395310178399086 -0.40598849207162857 7
    endloop
  endfacet
  facet normal 0.7081991499625867 -0.7060127222594997 0
    outer loop
      vertex -1.6698807328939438 -1.2826104909181595 6.2
      vertex -1.564690001308918 -1.1770939975976944 7
      vertex -1.6698807328939438 -1.2826104909181595 7
    endloop
  endfacet
  facet normal 0.7917419233431279 -0.6108557332307887 0
    outer loop
      vertex -1.564690001308918 -1.1770939975976944 6.2
      vertex -1.4707551822066307 -1.0553432628512383 7
      vertex -1.564690001308918 -1.1770939975976944 7
    endloop
  endfacet
  facet normal 0.8665223146713318 -0.49913833571129096 0
    outer loop
      vertex -1.4707551822066307 -1.0553432628512383 6.2
      vertex -1.3912718743085861 -0.9173573479056358 7
      vertex -1.4707551822066307 -1.0553432628512383 7
    endloop
  endfacet
  facet normal 0.9214288510469596 -0.38854713029216925 0
    outer loop
      vertex -1.3912718743085861 -0.9173573479056358 6.2
      vertex -1.3262400850653648 -0.7631362453103065 7
      vertex -1.3912718743085861 -0.9173573479056358 7
    endloop
  endfacet
  facet normal 0.9586835677039374 -0.2844746333409181 0
    outer loop
      vertex -1.3262400850653648 -0.7631362453103065 6.2
      vertex -1.2756597995758057 -0.592679962515831 7
      vertex -1.3262400850653648 -0.7631362453103065 7
    endloop
  endfacet
  facet normal 0.981784805999256 -0.18999630182980692 0
    outer loop
      vertex -1.2756597995758057 -0.592679962515831 6.2
      vertex -1.2395310178399086 -0.40598849207162857 7
      vertex -1.2756597995758057 -0.592679962515831 7
    endloop
  endfacet
  facet normal -0.5806897198102349 0.8141249592702038 0
    outer loop
      vertex -1.2352586537599564 -2.0448962077498436 6.2
      vertex -1.2352586537599564 -2.0448962077498436 7
      vertex -1.038419023156166 -1.904496692121029 6.2
    endloop
  endfacet
  facet normal 0 0 1
    outer loop
      vertex -1.564690001308918 -1.1770939975976944 6.2
      vertex -1.038419023156166 -1.904496692121029 6.2
      vertex -0.8581300005316734 -1.7385699972510338 6.2
    endloop
  endfacet
  facet normal 0 0 1
    outer loop
      vertex -1.4707551822066307 -1.0553432628512383 6.2
      vertex -0.8581300005316734 -1.7385699972510338 6.2
      vertex -0.6984029784798622 -1.5500319600105286 6.2
    endloop
  endfacet
  facet normal 0 0 1
    outer loop
      vertex -1.3912718743085861 -0.9173573479056358 6.2
      vertex -0.6984029784798622 -1.5500319600105286 6.2
      vertex -0.5632493495941162 -1.341824695467949 6.2
    endloop
  endfacet
  facet normal -0.6771908981528628 0.7358073711637572 0
    outer loop
      vertex -1.038419023156166 -1.904496692121029 6.2
      vertex -1.038419023156166 -1.904496692121029 7
      vertex -0.8581300005316734 -1.7385699972510338 6.2
    endloop
  endfacet
  facet normal -0.7629973411884985 0.6464016223210474 0
    outer loop
      vertex -0.8581300005316734 -1.7385699972510338 6.2
      vertex -0.8581300005316734 -1.7385699972510338 7
      vertex -0.6984029784798622 -1.5500319600105286 6.2
    endloop
  endfacet
  facet normal -0.8387768194151443 0.5444753871496988 0
    outer loop
      vertex -0.6984029784798622 -1.5500319600105286 6.2
      vertex -0.6984029784798622 -1.5500319600105286 7
      vertex -0.5632493495941162 -1.341824695467949 6.2
    endloop
  endfacet
  facet normal -0.8996673168502313 0.4365761319535292 0
    outer loop
      vertex -0.5632493495941162 -1.341824695467949 6.2
      vertex -0.5632493495941162 -1.341824695467949 7
      vertex -0.45266909897327423 -1.1139482036232948 6.2
    endloop
  endfacet
  facet normal -0.5806897198102349 0.8141249592702038 0
    outer loop
      vertex -1.038419023156166 -1.904496692121029 6.2
      vertex -1.2352586537599564 -2.0448962077498436 7
      vertex -1.038419023156166 -1.904496692121029 7
    endloop
  endfacet
  facet normal -0.6771908981528628 0.7358073711637572 0
    outer loop
      vertex -0.8581300005316734 -1.7385699972510338 6.2
      vertex -1.038419023156166 -1.904496692121029 7
      vertex -0.8581300005316734 -1.7385699972510338 7
    endloop
  endfacet
  facet normal -0.7629973411884985 0.6464016223210474 0
    outer loop
      vertex -0.6984029784798622 -1.5500319600105286 6.2
      vertex -0.8581300005316734 -1.7385699972510338 7
      vertex -0.6984029784798622 -1.5500319600105286 7
    endloop
  endfacet
  facet normal -0.8387768194151443 0.5444753871496988 0
    outer loop
      vertex -0.5632493495941162 -1.341824695467949 6.2
      vertex -0.6984029784798622 -1.5500319600105286 7
      vertex -0.5632493495941162 -1.341824695467949 7
    endloop
  endfacet
  facet normal 0 0 1
    outer loop
      vertex -1.4707551822066307 -1.0553432628512383 6.2
      vertex -0.6984029784798622 -1.5500319600105286 6.2
      vertex -1.3912718743085861 -0.9173573479056358 6.2
    endloop
  endfacet
  facet normal 0 0 1
    outer loop
      vertex -1.3912718743085861 -0.9173573479056358 6.2
      vertex -0.45266909897327423 -1.1139482036232948 6.2
      vertex -1.3262400850653648 -0.7631362453103065 6.2
    endloop
  endfacet
  facet normal 0 0 1
    outer loop
      vertex -1.3262400850653648 -0.7631362453103065 6.2
      vertex -0.36666224151849747 -0.8664024919271469 6.2
      vertex -1.2756597995758057 -0.592679962515831 6.2
    endloop
  endfacet
  facet normal 0 0 1
    outer loop
      vertex -1.3912718743085861 -0.9173573479056358 6.2
      vertex -0.5632493495941162 -1.341824695467949 6.2
      vertex -0.45266909897327423 -1.1139482036232948 6.2
    endloop
  endfacet
  facet normal 0 0 1
    outer loop
      vertex -1.3262400850653648 -0.7631362453103065 6.2
      vertex -0.45266909897327423 -1.1139482036232948 6.2
      vertex -0.36666224151849747 -0.8664024919271469 6.2
    endloop
  endfacet
  facet normal 0 0 1
    outer loop
      vertex -1.2756597995758057 -0.592679962515831 6.2
      vertex -0.36666224151849747 -0.8664024919271469 6.2
      vertex -0.3052287772297859 -0.5991875529289246 6.2
    endloop
  endfacet
  facet normal 0 0 1
    outer loop
      vertex -1.2756597995758057 -0.592679962515831 6.2
      vertex -0.3052287772297859 -0.5991875529289246 6.2
      vertex -1.2395310178399086 -0.40598849207162857 6.2
    endloop
  endfacet
  facet normal 0 0 1
    outer loop
      vertex -1.2395310178399086 -0.40598849207162857 6.2
      vertex -0.2683686912059784 -0.3123033866286278 6.2
      vertex -1.2178537547588348 -0.20306183397769928 6.2
    endloop
  endfacet
  facet normal 0 0 1
    outer loop
      vertex -1.2178537547588348 -0.20306183397769928 6.2
      vertex -0.2560819983482361 -0.005750000476837158 6.2
      vertex -1.2106280028820038 0.016099996864795685 6.2
    endloop
  endfacet
  facet normal 0.9943427791450817 -0.10621881924609876 0
    outer loop
      vertex -1.2395310178399086 -0.40598849207162857 6.2
      vertex -1.2178537547588348 -0.20306183397769928 6.2
      vertex -1.2178537547588348 -0.20306183397769928 7
    endloop
  endfacet
  facet normal 0.9994569343099382 -0.032952032710896445 0
    outer loop
      vertex -1.2178537547588348 -0.20306183397769928 6.2
      vertex -1.2106280028820038 0.016099996864795685 6.2
      vertex -1.2106280028820038 0.016099996864795685 7
    endloop
  endfacet
  facet normal -0.9446104050267194 0.32819381882548776 0
    outer loop
      vertex -0.45266909897327423 -1.1139482036232948 6.2
      vertex -0.45266909897327423 -1.1139482036232948 7
      vertex -0.36666224151849747 -0.8664024919271469 6.2
    endloop
  endfacet
  facet normal -0.9745758741394855 0.22405772815338823 0
    outer loop
      vertex -0.36666224151849747 -0.8664024919271469 6.2
      vertex -0.36666224151849747 -0.8664024919271469 7
      vertex -0.3052287772297859 -0.5991875529289246 6.2
    endloop
  endfacet
  facet normal 0 0 1
    outer loop
      vertex -1.2395310178399086 -0.40598849207162857 6.2
      vertex -0.3052287772297859 -0.5991875529289246 6.2
      vertex -0.2683686912059784 -0.3123033866286278 6.2
    endloop
  endfacet
  facet normal 0 0 1
    outer loop
      vertex -1.2178537547588348 -0.20306183397769928 6.2
      vertex -0.2683686912059784 -0.3123033866286278 6.2
      vertex -0.2560819983482361 -0.005750000476837158 6.2
    endloop
  endfacet
  facet normal -0.9918467129308263 0.12743664327152923 0
    outer loop
      vertex -0.3052287772297859 -0.5991875529289246 6.2
      vertex -0.3052287772297859 -0.5991875529289246 7
      vertex -0.2683686912059784 -0.3123033866286278 6.2
    endloop
  endfacet
  facet normal -0.9991977588869098 0.040047954197149245 0
    outer loop
      vertex -0.2683686912059784 -0.3123033866286278 6.2
      vertex -0.2683686912059784 -0.3123033866286278 7
      vertex -0.2560819983482361 -0.005750000476837158 6.2
    endloop
  endfacet
  facet normal 0.9943427791450817 -0.10621881924609876 0
    outer loop
      vertex -1.2395310178399086 -0.40598849207162857 6.2
      vertex -1.2178537547588348 -0.20306183397769928 7
      vertex -1.2395310178399086 -0.40598849207162857 7
    endloop
  endfacet
  facet normal 0.9994569343099382 -0.032952032710896445 0
    outer loop
      vertex -1.2178537547588348 -0.20306183397769928 6.2
      vertex -1.2106280028820038 0.016099996864795685 7
      vertex -1.2178537547588348 -0.20306183397769928 7
    endloop
  endfacet
  facet normal -0.8996673168502313 0.4365761319535292 0
    outer loop
      vertex -0.5632493495941162 -1.341824695467949 7
      vertex -0.45266909897327423 -1.1139482036232948 7
      vertex -0.45266909897327423 -1.1139482036232948 6.2
    endloop
  endfacet
  facet normal -0.9446104050267194 0.32819381882548776 0
    outer loop
      vertex -0.36666224151849747 -0.8664024919271469 6.2
      vertex -0.45266909897327423 -1.1139482036232948 7
      vertex -0.36666224151849747 -0.8664024919271469 7
    endloop
  endfacet
  facet normal -0.9745758741394855 0.22405772815338823 0
    outer loop
      vertex -0.3052287772297859 -0.5991875529289246 6.2
      vertex -0.36666224151849747 -0.8664024919271469 7
      vertex -0.3052287772297859 -0.5991875529289246 7
    endloop
  endfacet
  facet normal -0.9918467129308263 0.12743664327152923 0
    outer loop
      vertex -0.2683686912059784 -0.3123033866286278 6.2
      vertex -0.3052287772297859 -0.5991875529289246 7
      vertex -0.2683686912059784 -0.3123033866286278 7
    endloop
  endfacet
  facet normal -0.9991977588869098 0.040047954197149245 0
    outer loop
      vertex -0.2560819983482361 -0.005750000476837158 6.2
      vertex -0.2683686912059784 -0.3123033866286278 7
      vertex -0.2560819983482361 -0.005750000476837158 7
    endloop
  endfacet
  facet normal 1 0 0
    outer loop
      vertex -8.766035996377468 -2.2860160022974014 6.2
      vertex -8.766035996377468 2.286981999874115 6.2
      vertex -8.766035996377468 2.286981999874115 7
    endloop
  endfacet
  facet normal 0 0 1
    outer loop
      vertex -7.842678003013134 -0.5610160008072853 6.2
      vertex -7.842678003013134 0.21574000269174576 6.2
      vertex -8.766035996377468 2.286981999874115 6.2
    endloop
  endfacet
  facet normal 0 -1 0
    outer loop
      vertex -7.842678003013134 0.21574000269174576 6.2
      vertex -7.337367996573448 0.21574000269174576 6.2
      vertex -7.337367996573448 0.21574000269174576 7
    endloop
  endfacet
  facet normal -1 0 0
    outer loop
      vertex -7.842678003013134 0.21574000269174576 6.2
      vertex -7.842678003013134 0.21574000269174576 7
      vertex -7.842678003013134 1.5134000033140182 6.2
    endloop
  endfacet
  facet normal 0 -1 0
    outer loop
      vertex -7.842678003013134 0.21574000269174576 6.2
      vertex -7.337367996573448 0.21574000269174576 7
      vertex -7.842678003013134 0.21574000269174576 7
    endloop
  endfacet
  facet normal -1 0 0
    outer loop
      vertex -7.842678003013134 0.21574000269174576 7
      vertex -7.842678003013134 1.5134000033140182 7
      vertex -7.842678003013134 1.5134000033140182 6.2
    endloop
  endfacet
  facet normal 0 0 1
    outer loop
      vertex -8.766035996377468 2.286981999874115 6.2
      vertex -7.842678003013134 0.21574000269174576 6.2
      vertex -7.842678003013134 1.5134000033140182 6.2
    endloop
  endfacet
  facet normal 0 0 1
    outer loop
      vertex -7.842678003013134 1.5134000033140182 6.2
      vertex -7.396615996956825 1.5134000033140182 6.2
      vertex -7.284330002963543 2.286981999874115 6.2
    endloop
  endfacet
  facet normal 0 1 0
    outer loop
      vertex -7.842678003013134 1.5134000033140182 6.2
      vertex -7.842678003013134 1.5134000033140182 7
      vertex -7.396615996956825 1.5134000033140182 6.2
    endloop
  endfacet
  facet normal 0 0 1
    outer loop
      vertex -8.766035996377468 2.286981999874115 6.2
      vertex -7.842678003013134 1.5134000033140182 6.2
      vertex -7.284330002963543 2.286981999874115 6.2
    endloop
  endfacet
  facet normal 0 -1 0
    outer loop
      vertex -8.766035996377468 2.286981999874115 6.2
      vertex -7.284330002963543 2.286981999874115 6.2
      vertex -7.284330002963543 2.286981999874115 7
    endloop
  endfacet
  facet normal 0 -1 0
    outer loop
      vertex -8.766035996377468 2.286981999874115 6.2
      vertex -7.284330002963543 2.286981999874115 7
      vertex -8.766035996377468 2.286981999874115 7
    endloop
  endfacet
  facet normal 0 1 0
    outer loop
      vertex -7.842678003013134 1.5134000033140182 7
      vertex -7.396615996956825 1.5134000033140182 7
      vertex -7.396615996956825 1.5134000033140182 6.2
    endloop
  endfacet
  facet normal 0.009849628906203075 -0.9999514912286547 0
    outer loop
      vertex -7.337367996573448 0.21574000269174576 6.2
      vertex -7.188786119222641 0.2172035500407219 6.2
      vertex -7.188786119222641 0.2172035500407219 7
    endloop
  endfacet
  facet normal 0.03279422274484534 -0.9994621248224274 0
    outer loop
      vertex -7.188786119222641 0.2172035500407219 6.2
      vertex -7.054973058402538 0.2215942069888115 6.2
      vertex -7.054973058402538 0.2215942069888115 7
    endloop
  endfacet
  facet normal 0.06135504558207847 -0.9981160044712344 0
    outer loop
      vertex -7.054973058402538 0.2215942069888115 6.2
      vertex -6.93592881411314 0.22891195863485336 6.2
      vertex -6.93592881411314 0.22891195863485336 7
    endloop
  endfacet
  facet normal 0 0 1
    outer loop
      vertex -6.496137835085392 -0.5275955945253372 6.2
      vertex -6.607440002262592 0.2874540016055107 6.2
      vertex -6.6674089804291725 0.2684278339147568 6.2
    endloop
  endfacet
  facet normal 0 0 1
    outer loop
      vertex -6.383521385490894 -0.5128906145691872 6.2
      vertex -6.556478574872017 0.3096119165420532 6.2
      vertex -6.607440002262592 0.2874540016055107 6.2
    endloop
  endfacet
  facet normal 0 0 1
    outer loop
      vertex -6.213648080825806 -0.47809865325689316 6.2
      vertex -6.508763425052166 0.33507996052503586 6.2
      vertex -6.556478574872017 0.3096119165420532 6.2
    endloop
  endfacet
  facet normal 0 0 1
    outer loop
      vertex -6.07589216530323 -0.4297141656279564 6.2
      vertex -6.464294567704201 0.363858126103878 6.2
      vertex -6.508763425052166 0.33507996052503586 6.2
    endloop
  endfacet
  facet normal 0 0 1
    outer loop
      vertex -5.939405471086502 -0.3632526099681854 6.2
      vertex -6.423072002828121 0.3959464058279991 6.2
      vertex -6.464294567704201 0.363858126103878 6.2
    endloop
  endfacet
  facet normal 0.09777731294413819 -0.9952083184305808 0
    outer loop
      vertex -6.93592881411314 0.22891195863485336 6.2
      vertex -6.831653386354446 0.2391568198800087 6.2
      vertex -6.831653386354446 0.2391568198800087 7
    endloop
  endfacet
  facet normal 0.14559373313080826 -0.989344462193545 0
    outer loop
      vertex -6.831653386354446 0.2391568198800087 6.2
      vertex -6.742146775126457 0.2523287758231163 6.2
      vertex -6.742146775126457 0.2523287758231163 7
    endloop
  endfacet
  facet normal 0.21057716281128677 -0.9775772391490858 0
    outer loop
      vertex -6.742146775126457 0.2523287758231163 6.2
      vertex -6.6674089804291725 0.2684278339147568 6.2
      vertex -6.6674089804291725 0.2684278339147568 7
    endloop
  endfacet
  facet normal 0.3024115862969216 -0.9531774401827706 0
    outer loop
      vertex -6.6674089804291725 0.2684278339147568 6.2
      vertex -6.607440002262592 0.2874540016055107 6.2
      vertex -6.607440002262592 0.2874540016055107 7
    endloop
  endfacet
  facet normal 0.3987378040660454 -0.9170649724030396 0
    outer loop
      vertex -6.607440002262592 0.2874540016055107 6.2
      vertex -6.556478574872017 0.3096119165420532 6.2
      vertex -6.556478574872017 0.3096119165420532 7
    endloop
  endfacet
  facet normal 0.4708755823920914 -0.8821996292829127 0
    outer loop
      vertex -6.556478574872017 0.3096119165420532 6.2
      vertex -6.508763425052166 0.33507996052503586 6.2
      vertex -6.508763425052166 0.33507996052503586 7
    endloop
  endfacet
  facet normal 0.5433071559173078 -0.8395339983163553 0
    outer loop
      vertex -6.508763425052166 0.33507996052503586 6.2
      vertex -6.464294567704201 0.363858126103878 6.2
      vertex -6.464294567704201 0.363858126103878 7
    endloop
  endfacet
  facet normal 0.614254072849834 -0.789108315751007 0
    outer loop
      vertex -6.464294567704201 0.363858126103878 6.2
      vertex -6.423072002828121 0.3959464058279991 6.2
      vertex -6.423072002828121 0.3959464058279991 7
    endloop
  endfacet
  facet normal 0.6818432662263657 -0.7314982982220543 0
    outer loop
      vertex -6.423072002828121 0.3959464058279991 6.2
      vertex -6.385095715522766 0.43134481459856033 6.2
      vertex -6.385095715522766 0.43134481459856033 7
    endloop
  endfacet
  facet normal 0.7443227832793878 -0.6678200313641585 0
    outer loop
      vertex -6.385095715522766 0.43134481459856033 6.2
      vertex -6.350365713238716 0.4700533449649811 6.2
      vertex -6.350365713238716 0.4700533449649811 7
    endloop
  endfacet
  facet normal 0.8002767257221897 -0.5996308549994497 0
    outer loop
      vertex -6.350365713238716 0.4700533449649811 6.2
      vertex -6.318882003426552 0.5120719969272614 6.2
      vertex -6.318882003426552 0.5120719969272614 7
    endloop
  endfacet
  facet normal 0.8497404926615248 -0.5272011903736076 0
    outer loop
      vertex -6.318882003426552 0.5120719969272614 6.2
      vertex -6.291154325008392 0.5567633435130119 6.2
      vertex -6.291154325008392 0.5567633435130119 7
    endloop
  endfacet
  facet normal 0.8936718285402743 -0.4487211415494956 0
    outer loop
      vertex -6.291154325008392 0.5567633435130119 6.2
      vertex -6.267692446708679 0.6034899577498436 6.2
      vertex -6.267692446708679 0.6034899577498436 7
    endloop
  endfacet
  facet normal 0.9304939273128842 -0.36630731801841604 0
    outer loop
      vertex -6.267692446708679 0.6034899577498436 6.2
      vertex -6.248496368527412 0.6522518396377563 6.2
      vertex -6.248496368527412 0.6522518396377563 7
    endloop
  endfacet
  facet normal 0.9420344313467551 0.33551621444752217 0
    outer loop
      vertex -6.262255057692528 1.1243282482028008 6.2
      vertex -6.262255057692528 1.1243282482028008 7
      vertex -6.241305343806744 1.0655073896050453 6.2
    endloop
  endfacet
  facet normal 0.8988869479230106 0.4381806189845172 0
    outer loop
      vertex -6.262255057692528 1.1243282482028008 6.2
      vertex -6.289190411567688 1.1795836314558983 6.2
      vertex -6.289190411567688 1.1795836314558983 7
    endloop
  endfacet
  facet normal 0.8434589770861118 0.5371935907778964 0
    outer loop
      vertex -6.289190411567688 1.1795836314558983 6.2
      vertex -6.322111390531063 1.2312735542654991 6.2
      vertex -6.322111390531063 1.2312735542654991 7
    endloop
  endfacet
  facet normal 0.009849628906203075 -0.9999514912286547 0
    outer loop
      vertex -7.337367996573448 0.21574000269174576 6.2
      vertex -7.188786119222641 0.2172035500407219 7
      vertex -7.337367996573448 0.21574000269174576 7
    endloop
  endfacet
  facet normal 0.03279422274484534 -0.9994621248224274 0
    outer loop
      vertex -7.188786119222641 0.2172035500407219 6.2
      vertex -7.054973058402538 0.2215942069888115 7
      vertex -7.188786119222641 0.2172035500407219 7
    endloop
  endfacet
  facet normal 0.06135504558207847 -0.9981160044712344 0
    outer loop
      vertex -7.054973058402538 0.2215942069888115 6.2
      vertex -6.93592881411314 0.22891195863485336 7
      vertex -7.054973058402538 0.2215942069888115 7
    endloop
  endfacet
  facet normal 0.09777731294413819 -0.9952083184305808 0
    outer loop
      vertex -6.93592881411314 0.22891195863485336 6.2
      vertex -6.831653386354446 0.2391568198800087 7
      vertex -6.93592881411314 0.22891195863485336 7
    endloop
  endfacet
  facet normal 0.14559373313080826 -0.989344462193545 0
    outer loop
      vertex -6.831653386354446 0.2391568198800087 6.2
      vertex -6.742146775126457 0.2523287758231163 7
      vertex -6.831653386354446 0.2391568198800087 7
    endloop
  endfacet
  facet normal 0.21057716281128677 -0.9775772391490858 0
    outer loop
      vertex -6.742146775126457 0.2523287758231163 6.2
      vertex -6.6674089804291725 0.2684278339147568 7
      vertex -6.742146775126457 0.2523287758231163 7
    endloop
  endfacet
  facet normal 0.3024115862969216 -0.9531774401827706 0
    outer loop
      vertex -6.6674089804291725 0.2684278339147568 6.2
      vertex -6.607440002262592 0.2874540016055107 7
      vertex -6.6674089804291725 0.2684278339147568 7
    endloop
  endfacet
  facet normal 0.3987378040660454 -0.9170649724030396 0
    outer loop
      vertex -6.607440002262592 0.2874540016055107 6.2
      vertex -6.556478574872017 0.3096119165420532 7
      vertex -6.607440002262592 0.2874540016055107 7
    endloop
  endfacet
  facet normal 0.4708755823920914 -0.8821996292829127 0
    outer loop
      vertex -6.556478574872017 0.3096119165420532 6.2
      vertex -6.508763425052166 0.33507996052503586 7
      vertex -6.556478574872017 0.3096119165420532 7
    endloop
  endfacet
  facet normal 0.5433071559173078 -0.8395339983163553 0
    outer loop
      vertex -6.508763425052166 0.33507996052503586 6.2
      vertex -6.464294567704201 0.363858126103878 7
      vertex -6.508763425052166 0.33507996052503586 7
    endloop
  endfacet
  facet normal 0.614254072849834 -0.789108315751007 0
    outer loop
      vertex -6.464294567704201 0.363858126103878 6.2
      vertex -6.423072002828121 0.3959464058279991 7
      vertex -6.464294567704201 0.363858126103878 7
    endloop
  endfacet
  facet normal 0.6818432662263657 -0.7314982982220543 0
    outer loop
      vertex -6.423072002828121 0.3959464058279991 6.2
      vertex -6.385095715522766 0.43134481459856033 7
      vertex -6.423072002828121 0.3959464058279991 7
    endloop
  endfacet
  facet normal 0.7443227832793878 -0.6678200313641585 0
    outer loop
      vertex -6.385095715522766 0.43134481459856033 6.2
      vertex -6.350365713238716 0.4700533449649811 7
      vertex -6.385095715522766 0.43134481459856033 7
    endloop
  endfacet
  facet normal 0.8002767257221897 -0.5996308549994497 0
    outer loop
      vertex -6.350365713238716 0.4700533449649811 6.2
      vertex -6.318882003426552 0.5120719969272614 7
      vertex -6.350365713238716 0.4700533449649811 7
    endloop
  endfacet
  facet normal 0.8497404926615248 -0.5272011903736076 0
    outer loop
      vertex -6.318882003426552 0.5120719969272614 6.2
      vertex -6.291154325008392 0.5567633435130119 7
      vertex -6.318882003426552 0.5120719969272614 7
    endloop
  endfacet
  facet normal 0.8936718285402743 -0.4487211415494956 0
    outer loop
      vertex -6.291154325008392 0.5567633435130119 6.2
      vertex -6.267692446708679 0.6034899577498436 7
      vertex -6.291154325008392 0.5567633435130119 7
    endloop
  endfacet
  facet normal 0.9304939273128842 -0.36630731801841604 0
    outer loop
      vertex -6.267692446708679 0.6034899577498436 6.2
      vertex -6.248496368527412 0.6522518396377563 7
      vertex -6.267692446708679 0.6034899577498436 7
    endloop
  endfacet
  facet normal 0.7776499058682033 0.6286975615533869 0
    outer loop
      vertex -6.322111390531063 1.2312735542654991 6.2
      vertex -6.361018002033234 1.279398001730442 7
      vertex -6.322111390531063 1.2312735542654991 7
    endloop
  endfacet
  facet normal 0.8988869479230106 0.4381806189845172 0
    outer loop
      vertex -6.262255057692528 1.1243282482028008 6.2
      vertex -6.289190411567688 1.1795836314558983 7
      vertex -6.262255057692528 1.1243282482028008 7
    endloop
  endfacet
  facet normal 0.8434589770861118 0.5371935907778964 0
    outer loop
      vertex -6.289190411567688 1.1795836314558983 6.2
      vertex -6.322111390531063 1.2312735542654991 7
      vertex -6.289190411567688 1.1795836314558983 7
    endloop
  endfacet
  facet normal 0 0 1
    outer loop
      vertex -7.396615996956825 1.5134000033140182 6.2
      vertex -7.260827757418156 1.5127635076642036 6.2
      vertex -7.284330002963543 2.286981999874115 6.2
    endloop
  endfacet
  facet normal 0 0 1
    outer loop
      vertex -7.260827757418156 1.5127635076642036 6.2
      vertex -7.138663023710251 1.5108540430665016 6.2
      vertex -7.284330002963543 2.286981999874115 6.2
    endloop
  endfacet
  facet normal 0 0 1
    outer loop
      vertex -7.138663023710251 1.5108540430665016 6.2
      vertex -7.030121795833111 1.507671594619751 6.2
      vertex -7.05566494166851 2.285581350326538 6.2
    endloop
  endfacet
  facet normal 0 0 1
    outer loop
      vertex -7.030121795833111 1.507671594619751 6.2
      vertex -6.935204081237316 1.5032161623239517 6.2
      vertex -7.05566494166851 2.285581350326538 6.2
    endloop
  endfacet
  facet normal 0 0 1
    outer loop
      vertex -6.935204081237316 1.5032161623239517 6.2
      vertex -6.853909879922867 1.4974877536296844 6.2
      vertex -6.850934900343418 2.281379386782646 6.2
    endloop
  endfacet
  facet normal 0.00468736217215699 0.9999890142575902 0
    outer loop
      vertex -7.396615996956825 1.5134000033140182 6.2
      vertex -7.396615996956825 1.5134000033140182 7
      vertex -7.260827757418156 1.5127635076642036 6.2
    endloop
  endfacet
  facet normal 0.015628335093595104 0.9998778701132466 0
    outer loop
      vertex -7.260827757418156 1.5127635076642036 6.2
      vertex -7.260827757418156 1.5127635076642036 7
      vertex -7.138663023710251 1.5108540430665016 6.2
    endloop
  endfacet
  facet normal 0.029307586230530185 0.9995704404339596 0
    outer loop
      vertex -7.138663023710251 1.5108540430665016 6.2
      vertex -7.138663023710251 1.5108540430665016 7
      vertex -7.030121795833111 1.507671594619751 6.2
    endloop
  endfacet
  facet normal 0.04688831746582893 0.9989001379943961 0
    outer loop
      vertex -7.030121795833111 1.507671594619751 6.2
      vertex -7.030121795833111 1.507671594619751 7
      vertex -6.935204081237316 1.5032161623239517 6.2
    endloop
  endfacet
  facet normal 0.07029086455908458 0.9975265381730637 0
    outer loop
      vertex -6.935204081237316 1.5032161623239517 6.2
      vertex -6.935204081237316 1.5032161623239517 7
      vertex -6.853909879922867 1.4974877536296844 6.2
    endloop
  endfacet
  facet normal 0 0 1
    outer loop
      vertex -7.138663023710251 1.5108540430665016 6.2
      vertex -7.05566494166851 2.285581350326538 6.2
      vertex -7.284330002963543 2.286981999874115 6.2
    endloop
  endfacet
  facet normal 0 0 1
    outer loop
      vertex -6.935204081237316 1.5032161623239517 6.2
      vertex -6.850934900343418 2.281379386782646 6.2
      vertex -7.05566494166851 2.285581350326538 6.2
    endloop
  endfacet
  facet normal -0.0061252176629396065 -0.9999812406783346 0
    outer loop
      vertex -7.284330002963543 2.286981999874115 6.2
      vertex -7.05566494166851 2.285581350326538 6.2
      vertex -7.05566494166851 2.285581350326538 7
    endloop
  endfacet
  facet normal -0.020520089551083417 -0.9997894407948182 0
    outer loop
      vertex -7.05566494166851 2.285581350326538 6.2
      vertex -6.850934900343418 2.281379386782646 6.2
      vertex -6.850934900343418 2.281379386782646 7
    endloop
  endfacet
  facet normal 0 0 1
    outer loop
      vertex -6.853909879922867 1.4974877536296844 6.2
      vertex -6.786239184439182 1.4904863685369492 6.2
      vertex -6.850934900343418 2.281379386782646 6.2
    endloop
  endfacet
  facet normal 0 0 1
    outer loop
      vertex -6.732192002236843 1.4822119995951653 6.2
      vertex -6.670139878988266 2.2743761241436005 6.2
      vertex -6.786239184439182 1.4904863685369492 6.2
    endloop
  endfacet
  facet normal 0 0 1
    outer loop
      vertex -6.732192002236843 1.4822119995951653 6.2
      vertex -6.669619798660278 1.4681369364261627 6.2
      vertex -6.513279877603054 2.2645715475082397 6.2
    endloop
  endfacet
  facet normal 0 0 1
    outer loop
      vertex -6.669619798660278 1.4681369364261627 6.2
      vertex -6.610230043530464 1.449095755815506 6.2
      vertex -6.513279877603054 2.2645715475082397 6.2
    endloop
  endfacet
  facet normal 0 0 1
    outer loop
      vertex -6.610230043530464 1.449095755815506 6.2
      vertex -6.554022736847401 1.4250884503126144 6.2
      vertex -6.380354896187782 2.251965671777725 6.2
    endloop
  endfacet
  facet normal 0 0 1
    outer loop
      vertex -6.500997878611088 1.396115019917488 6.2
      vertex -6.271364942193031 2.2365584895014763 6.2
      vertex -6.554022736847401 1.4250884503126144 6.2
    endloop
  endfacet
  facet normal 0 0 1
    outer loop
      vertex -6.500997878611088 1.396115019917488 6.2
      vertex -6.451155468821526 1.3621754720807076 6.2
      vertex -6.076627224683762 2.1840030178427696 6.2
    endloop
  endfacet
  facet normal 0.10291323366682201 0.9946903369070386 0
    outer loop
      vertex -6.853909879922867 1.4974877536296844 6.2
      vertex -6.853909879922867 1.4974877536296844 7
      vertex -6.786239184439182 1.4904863685369492 6.2
    endloop
  endfacet
  facet normal 0.1513320866455782 0.9884829788881017 0
    outer loop
      vertex -6.732192002236843 1.4822119995951653 6.2
      vertex -6.786239184439182 1.4904863685369492 6.2
      vertex -6.786239184439182 1.4904863685369492 7
    endloop
  endfacet
  facet normal 0.2194575421319977 0.9756220514120119 0
    outer loop
      vertex -6.732192002236843 1.4822119995951653 6.2
      vertex -6.732192002236843 1.4822119995951653 7
      vertex -6.669619798660278 1.4681369364261627 6.2
    endloop
  endfacet
  facet normal 0.30530596150642536 0.9522543094513342 0
    outer loop
      vertex -6.669619798660278 1.4681369364261627 6.2
      vertex -6.669619798660278 1.4681369364261627 7
      vertex -6.610230043530464 1.449095755815506 6.2
    endloop
  endfacet
  facet normal 0.39279191118049855 0.9196273780783014 0
    outer loop
      vertex -6.610230043530464 1.449095755815506 6.2
      vertex -6.610230043530464 1.449095755815506 7
      vertex -6.554022736847401 1.4250884503126144 6.2
    endloop
  endfacet
  facet normal 0.5628395873591673 0.8265661491383266 0
    outer loop
      vertex -6.500997878611088 1.396115019917488 6.2
      vertex -6.500997878611088 1.396115019917488 7
      vertex -6.451155468821526 1.3621754720807076 6.2
    endloop
  endfacet
  facet normal 0.6404016989295359 0.768040144789427 0
    outer loop
      vertex -6.451155468821526 1.3621754720807076 6.2
      vertex -6.451155468821526 1.3621754720807076 7
      vertex -6.404495507478714 1.3232697993516922 6.2
    endloop
  endfacet
  facet normal 0.4794996955344268 0.8775420457062966 0
    outer loop
      vertex -6.500997878611088 1.396115019917488 6.2
      vertex -6.554022736847401 1.4250884503126144 6.2
      vertex -6.554022736847401 1.4250884503126144 7
    endloop
  endfacet
  facet normal 0.7102914039383501 0.7039077506969842 0
    outer loop
      vertex -6.404495507478714 1.3232697993516922 6.2
      vertex -6.404495507478714 1.3232697993516922 7
      vertex -6.361018002033234 1.279398001730442 6.2
    endloop
  endfacet
  facet normal 0.7776499058682033 0.6286975615533869 0
    outer loop
      vertex -6.322111390531063 1.2312735542654991 6.2
      vertex -6.361018002033234 1.279398001730442 6.2
      vertex -6.361018002033234 1.279398001730442 7
    endloop
  endfacet
  facet normal 0 0 1
    outer loop
      vertex -6.786239184439182 1.4904863685369492 6.2
      vertex -6.670139878988266 2.2743761241436005 6.2
      vertex -6.850934900343418 2.281379386782646 6.2
    endloop
  endfacet
  facet normal 0 0 1
    outer loop
      vertex -6.732192002236843 1.4822119995951653 6.2
      vertex -6.513279877603054 2.2645715475082397 6.2
      vertex -6.670139878988266 2.2743761241436005 6.2
    endloop
  endfacet
  facet normal 0 0 1
    outer loop
      vertex -6.610230043530464 1.449095755815506 6.2
      vertex -6.380354896187782 2.251965671777725 6.2
      vertex -6.513279877603054 2.2645715475082397 6.2
    endloop
  endfacet
  facet normal 0 0 1
    outer loop
      vertex -6.554022736847401 1.4250884503126144 6.2
      vertex -6.271364942193031 2.2365584895014763 6.2
      vertex -6.380354896187782 2.251965671777725 6.2
    endloop
  endfacet
  facet normal 0 0 1
    outer loop
      vertex -6.500997878611088 1.396115019917488 6.2
      vertex -6.18631000071764 2.218350000679493 6.2
      vertex -6.271364942193031 2.2365584895014763 6.2
    endloop
  endfacet
  facet normal 0 0 1
    outer loop
      vertex -6.500997878611088 1.396115019917488 6.2
      vertex -6.076627224683762 2.1840030178427696 6.2
      vertex -6.18631000071764 2.218350000679493 6.2
    endloop
  endfacet
  facet normal -0.03870689796767939 -0.999250607230098 0
    outer loop
      vertex -6.850934900343418 2.281379386782646 6.2
      vertex -6.670139878988266 2.2743761241436005 6.2
      vertex -6.670139878988266 2.2743761241436005 7
    endloop
  endfacet
  facet normal -0.062383524768303784 -0.9980522510557663 0
    outer loop
      vertex -6.670139878988266 2.2743761241436005 6.2
      vertex -6.513279877603054 2.2645715475082397 6.2
      vertex -6.513279877603054 2.2645715475082397 7
    endloop
  endfacet
  facet normal -0.09441091588813008 -0.9955333138379471 0
    outer loop
      vertex -6.513279877603054 2.2645715475082397 6.2
      vertex -6.380354896187782 2.251965671777725 6.2
      vertex -6.380354896187782 2.251965671777725 7
    endloop
  endfacet
  facet normal -0.1399716747852872 -0.9901555081187003 0
    outer loop
      vertex -6.380354896187782 2.251965671777725 6.2
      vertex -6.271364942193031 2.2365584895014763 6.2
      vertex -6.271364942193031 2.2365584895014763 7
    endloop
  endfacet
  facet normal 0.00468736217215699 0.9999890142575902 0
    outer loop
      vertex -7.260827757418156 1.5127635076642036 6.2
      vertex -7.396615996956825 1.5134000033140182 7
      vertex -7.260827757418156 1.5127635076642036 7
    endloop
  endfacet
  facet normal 0.015628335093595104 0.9998778701132466 0
    outer loop
      vertex -7.138663023710251 1.5108540430665016 6.2
      vertex -7.260827757418156 1.5127635076642036 7
      vertex -7.138663023710251 1.5108540430665016 7
    endloop
  endfacet
  facet normal 0.029307586230530185 0.9995704404339596 0
    outer loop
      vertex -7.030121795833111 1.507671594619751 6.2
      vertex -7.138663023710251 1.5108540430665016 7
      vertex -7.030121795833111 1.507671594619751 7
    endloop
  endfacet
  facet normal 0.04688831746582893 0.9989001379943961 0
    outer loop
      vertex -6.935204081237316 1.5032161623239517 6.2
      vertex -7.030121795833111 1.507671594619751 7
      vertex -6.935204081237316 1.5032161623239517 7
    endloop
  endfacet
  facet normal 0.07029086455908458 0.9975265381730637 0
    outer loop
      vertex -6.853909879922867 1.4974877536296844 6.2
      vertex -6.935204081237316 1.5032161623239517 7
      vertex -6.853909879922867 1.4974877536296844 7
    endloop
  endfacet
  facet normal -0.0061252176629396065 -0.9999812406783346 0
    outer loop
      vertex -7.284330002963543 2.286981999874115 6.2
      vertex -7.05566494166851 2.285581350326538 7
      vertex -7.284330002963543 2.286981999874115 7
    endloop
  endfacet
  facet normal -0.020520089551083417 -0.9997894407948182 0
    outer loop
      vertex -7.05566494166851 2.285581350326538 6.2
      vertex -6.850934900343418 2.281379386782646 7
      vertex -7.05566494166851 2.285581350326538 7
    endloop
  endfacet
  facet normal 0.10291323366682201 0.9946903369070386 0
    outer loop
      vertex -6.786239184439182 1.4904863685369492 6.2
      vertex -6.853909879922867 1.4974877536296844 7
      vertex -6.786239184439182 1.4904863685369492 7
    endloop
  endfacet
  facet normal 0.1513320866455782 0.9884829788881017 0
    outer loop
      vertex -6.732192002236843 1.4822119995951653 6.2
      vertex -6.786239184439182 1.4904863685369492 7
      vertex -6.732192002236843 1.4822119995951653 7
    endloop
  endfacet
  facet normal 0.2194575421319977 0.9756220514120119 0
    outer loop
      vertex -6.669619798660278 1.4681369364261627 6.2
      vertex -6.732192002236843 1.4822119995951653 7
      vertex -6.669619798660278 1.4681369364261627 7
    endloop
  endfacet
  facet normal 0.30530596150642536 0.9522543094513342 0
    outer loop
      vertex -6.610230043530464 1.449095755815506 6.2
      vertex -6.669619798660278 1.4681369364261627 7
      vertex -6.610230043530464 1.449095755815506 7
    endloop
  endfacet
  facet normal 0.39279191118049855 0.9196273780783014 0
    outer loop
      vertex -6.554022736847401 1.4250884503126144 6.2
      vertex -6.610230043530464 1.449095755815506 7
      vertex -6.554022736847401 1.4250884503126144 7
    endloop
  endfacet
  facet normal 0.4794996955344268 0.8775420457062966 0
    outer loop
      vertex -6.500997878611088 1.396115019917488 6.2
      vertex -6.554022736847401 1.4250884503126144 7
      vertex -6.500997878611088 1.396115019917488 7
    endloop
  endfacet
  facet normal 0.5628395873591673 0.8265661491383266 0
    outer loop
      vertex -6.451155468821526 1.3621754720807076 6.2
      vertex -6.500997878611088 1.396115019917488 7
      vertex -6.451155468821526 1.3621754720807076 7
    endloop
  endfacet
  facet normal 0.6404016989295359 0.768040144789427 0
    outer loop
      vertex -6.404495507478714 1.3232697993516922 6.2
      vertex -6.451155468821526 1.3621754720807076 7
      vertex -6.404495507478714 1.3232697993516922 7
    endloop
  endfacet
  facet normal 0.7102914039383501 0.7039077506969842 0
    outer loop
      vertex -6.361018002033234 1.279398001730442 6.2
      vertex -6.404495507478714 1.3232697993516922 7
      vertex -6.361018002033234 1.279398001730442 7
    endloop
  endfacet
  facet normal -0.03870689796767939 -0.999250607230098 0
    outer loop
      vertex -6.850934900343418 2.281379386782646 6.2
      vertex -6.670139878988266 2.2743761241436005 7
      vertex -6.850934900343418 2.281379386782646 7
    endloop
  endfacet
  facet normal -0.062383524768303784 -0.9980522510557663 0
    outer loop
      vertex -6.670139878988266 2.2743761241436005 6.2
      vertex -6.513279877603054 2.2645715475082397 7
      vertex -6.670139878988266 2.2743761241436005 7
    endloop
  endfacet
  facet normal -0.09441091588813008 -0.9955333138379471 0
    outer loop
      vertex -6.513279877603054 2.2645715475082397 6.2
      vertex -6.380354896187782 2.251965671777725 7
      vertex -6.513279877603054 2.2645715475082397 7
    endloop
  endfacet
  facet normal -0.1399716747852872 -0.9901555081187003 0
    outer loop
      vertex -6.380354896187782 2.251965671777725 6.2
      vertex -6.271364942193031 2.2365584895014763 7
      vertex -6.380354896187782 2.251965671777725 7
    endloop
  endfacet
  facet normal 0 0 1
    outer loop
      vertex -5.871638081967831 -0.3232429400086403 6.2
      vertex -6.385095715522766 0.43134481459856033 6.2
      vertex -6.423072002828121 0.3959464058279991 6.2
    endloop
  endfacet
  facet normal 0 0 1
    outer loop
      vertex -5.73858354985714 -0.2293991819024086 6.2
      vertex -6.350365713238716 0.4700533449649811 6.2
      vertex -6.385095715522766 0.43134481459856033 6.2
    endloop
  endfacet
  facet normal 0 0 1
    outer loop
      vertex -5.617496527731419 -0.1156909391283989 6.2
      vertex -6.318882003426552 0.5120719969272614 6.2
      vertex -6.350365713238716 0.4700533449649811 6.2
    endloop
  endfacet
  facet normal 0 0 1
    outer loop
      vertex -6.318882003426552 0.5120719969272614 6.2
      vertex -5.509905345737934 0.018122121691703796 6.2
      vertex -6.291154325008392 0.5567633435130119 6.2
    endloop
  endfacet
  facet normal 0 0 1
    outer loop
      vertex -6.291154325008392 0.5567633435130119 6.2
      vertex -5.4158099964261055 0.17204000055789948 6.2
      vertex -6.267692446708679 0.6034899577498436 6.2
    endloop
  endfacet
  facet normal 0 0 1
    outer loop
      vertex -6.267692446708679 0.6034899577498436 6.2
      vertex -5.375255838036537 0.25677575170993805 6.2
      vertex -6.248496368527412 0.6522518396377563 6.2
    endloop
  endfacet
  facet normal 0 0 1
    outer loop
      vertex -6.248496368527412 0.6522518396377563 6.2
      vertex -5.340940773487091 0.34698645025491714 6.2
      vertex -6.233566083014011 0.7030489817261696 6.2
    endloop
  endfacet
  facet normal 0 0 1
    outer loop
      vertex -5.73858354985714 -0.2293991819024086 6.2
      vertex -5.676353059709072 -0.17505816370248795 6.2
      vertex -6.350365713238716 0.4700533449649811 6.2
    endloop
  endfacet
  facet normal 0 0 1
    outer loop
      vertex -5.676353059709072 -0.17505816370248795 6.2
      vertex -5.617496527731419 -0.1156909391283989 6.2
      vertex -6.350365713238716 0.4700533449649811 6.2
    endloop
  endfacet
  facet normal 0 0 1
    outer loop
      vertex -5.617496527731419 -0.1156909391283989 6.2
      vertex -5.56201396137476 -0.05129750818014145 6.2
      vertex -6.318882003426552 0.5120719969272614 6.2
    endloop
  endfacet
  facet normal 0 0 1
    outer loop
      vertex -5.56201396137476 -0.05129750818014145 6.2
      vertex -5.509905345737934 0.018122121691703796 6.2
      vertex -6.318882003426552 0.5120719969272614 6.2
    endloop
  endfacet
  facet normal 0 0 1
    outer loop
      vertex -6.291154325008392 0.5567633435130119 6.2
      vertex -5.509905345737934 0.018122121691703796 6.2
      vertex -5.461170695722103 0.09256795793771744 6.2
    endloop
  endfacet
  facet normal 0 0 1
    outer loop
      vertex -6.291154325008392 0.5567633435130119 6.2
      vertex -5.461170695722103 0.09256795793771744 6.2
      vertex -5.4158099964261055 0.17204000055789948 6.2
    endloop
  endfacet
  facet normal 0 0 1
    outer loop
      vertex -6.267692446708679 0.6034899577498436 6.2
      vertex -5.4158099964261055 0.17204000055789948 6.2
      vertex -5.375255838036537 0.25677575170993805 6.2
    endloop
  endfacet
  facet normal 0 0 1
    outer loop
      vertex -6.248496368527412 0.6522518396377563 6.2
      vertex -5.375255838036537 0.25677575170993805 6.2
      vertex -5.340940773487091 0.34698645025491714 6.2
    endloop
  endfacet
  facet normal 0 0 1
    outer loop
      vertex -6.233566083014011 0.7030489817261696 6.2
      vertex -5.340940773487091 0.34698645025491714 6.2
      vertex -5.312864817678928 0.44267208129167557 6.2
    endloop
  endfacet
  facet normal 0 0 1
    outer loop
      vertex -6.262255057692528 1.1243282482028008 6.2
      vertex -6.241305343806744 1.0655073896050453 6.2
      vertex -5.3495446518063545 1.4383298754692078 6.2
    endloop
  endfacet
  facet normal 0 0 1
    outer loop
      vertex -6.233566083014011 0.7030489817261696 6.2
      vertex -5.291027955710888 0.5438326522707939 6.2
      vertex -6.222901590168476 0.7558813914656639 6.2
    endloop
  endfacet
  facet normal 0 0 1
    outer loop
      vertex -6.222901590168476 0.7558813914656639 6.2
      vertex -5.275430202484131 0.6504681631922722 6.2
      vertex -6.216502897441387 0.8107490614056587 6.2
    endloop
  endfacet
  facet normal 0 0 1
    outer loop
      vertex -6.216502897441387 0.8107490614056587 6.2
      vertex -5.266071550548077 0.7625786140561104 6.2
      vertex -6.214369997382164 0.8676519989967346 6.2
    endloop
  endfacet
  facet normal 0 0 1
    outer loop
      vertex -6.214369997382164 0.8676519989967346 6.2
      vertex -5.268364042043686 1.0320240780711174 6.2
      vertex -6.217362813651562 0.9371692687273026 6.2
    endloop
  endfacet
  facet normal 0 0 1
    outer loop
      vertex -6.217362813651562 0.9371692687273026 6.2
      vertex -5.284600161015987 1.1756717562675476 6.2
      vertex -6.226341262459755 1.0031210631132126 6.2
    endloop
  endfacet
  facet normal 0 0 1
    outer loop
      vertex -6.226341262459755 1.0031210631132126 6.2
      vertex -5.31166036427021 1.3111070170998573 6.2
      vertex -6.241305343806744 1.0655073896050453 6.2
    endloop
  endfacet
  facet normal 0.9594168711501426 -0.2819916086561273 0
    outer loop
      vertex -6.248496368527412 0.6522518396377563 6.2
      vertex -6.233566083014011 0.7030489817261696 6.2
      vertex -6.233566083014011 0.7030489817261696 7
    endloop
  endfacet
  facet normal 0.9802294145959867 -0.19786433423133482 0
    outer loop
      vertex -6.233566083014011 0.7030489817261696 6.2
      vertex -6.222901590168476 0.7558813914656639 6.2
      vertex -6.222901590168476 0.7558813914656639 7
    endloop
  endfacet
  facet normal 0.9932684210184589 -0.11583541689611829 0
    outer loop
      vertex -6.222901590168476 0.7558813914656639 6.2
      vertex -6.216502897441387 0.8107490614056587 6.2
      vertex -6.216502897441387 0.8107490614056587 7
    endloop
  endfacet
  facet normal 0.9992982469578882 -0.03745682350241902 0
    outer loop
      vertex -6.216502897441387 0.8107490614056587 6.2
      vertex -6.214369997382164 0.8676519989967346 6.2
      vertex -6.214369997382164 0.8676519989967346 7
    endloop
  endfacet
  facet normal 0.9990745743854849 0.043011566077770215 0
    outer loop
      vertex -6.214369997382164 0.8676519989967346 6.2
      vertex -6.217362813651562 0.9371692687273026 6.2
      vertex -6.217362813651562 0.9371692687273026 7
    endloop
  endfacet
  facet normal 0.9908602684757134 0.13489228427244124 0
    outer loop
      vertex -6.217362813651562 0.9371692687273026 6.2
      vertex -6.226341262459755 1.0031210631132126 6.2
      vertex -6.226341262459755 1.0031210631132126 7
    endloop
  endfacet
  facet normal 0.97241784404021 0.23324565717755524 0
    outer loop
      vertex -6.226341262459755 1.0031210631132126 6.2
      vertex -6.241305343806744 1.0655073896050453 6.2
      vertex -6.241305343806744 1.0655073896050453 7
    endloop
  endfacet
  facet normal 0 0 1
    outer loop
      vertex -6.233566083014011 0.7030489817261696 6.2
      vertex -5.312864817678928 0.44267208129167557 6.2
      vertex -5.291027955710888 0.5438326522707939 6.2
    endloop
  endfacet
  facet normal -0.8366682149790645 0.5477100492448043 0
    outer loop
      vertex -5.509905345737934 0.018122121691703796 6.2
      vertex -5.509905345737934 0.018122121691703796 7
      vertex -5.461170695722103 0.09256795793771744 6.2
    endloop
  endfacet
  facet normal -0.8684873415238625 0.4957113450515471 0
    outer loop
      vertex -5.461170695722103 0.09256795793771744 6.2
      vertex -5.461170695722103 0.09256795793771744 7
      vertex -5.4158099964261055 0.17204000055789948 6.2
    endloop
  endfacet
  facet normal -0.9020166637699375 0.43170121413004064 0
    outer loop
      vertex -5.4158099964261055 0.17204000055789948 6.2
      vertex -5.4158099964261055 0.17204000055789948 7
      vertex -5.375255838036537 0.25677575170993805 6.2
    endloop
  endfacet
  facet normal -0.934663117672109 0.35553460656236174 0
    outer loop
      vertex -5.375255838036537 0.25677575170993805 6.2
      vertex -5.375255838036537 0.25677575170993805 7
      vertex -5.340940773487091 0.34698645025491714 6.2
    endloop
  endfacet
  facet normal -0.9595468481062357 0.2815490122330193 0
    outer loop
      vertex -5.340940773487091 0.34698645025491714 6.2
      vertex -5.340940773487091 0.34698645025491714 7
      vertex -5.312864817678928 0.44267208129167557 6.2
    endloop
  endfacet
  facet normal -0.9774853523349448 0.21100328426502937 0
    outer loop
      vertex -5.312864817678928 0.44267208129167557 6.2
      vertex -5.312864817678928 0.44267208129167557 7
      vertex -5.291027955710888 0.5438326522707939 6.2
    endloop
  endfacet
  facet normal -0.9894709574392037 0.1447315597385218 0
    outer loop
      vertex -5.291027955710888 0.5438326522707939 6.2
      vertex -5.291027955710888 0.5438326522707939 7
      vertex -5.275430202484131 0.6504681631922722 6.2
    endloop
  endfacet
  facet normal 0 0 1
    outer loop
      vertex -6.222901590168476 0.7558813914656639 6.2
      vertex -5.291027955710888 0.5438326522707939 6.2
      vertex -5.275430202484131 0.6504681631922722 6.2
    endloop
  endfacet
  facet normal 0 0 1
    outer loop
      vertex -6.216502897441387 0.8107490614056587 6.2
      vertex -5.275430202484131 0.6504681631922722 6.2
      vertex -5.266071550548077 0.7625786140561104 6.2
    endloop
  endfacet
  facet normal 0 0 1
    outer loop
      vertex -6.214369997382164 0.8676519989967346 6.2
      vertex -5.266071550548077 0.7625786140561104 6.2
      vertex -5.262951999902725 0.8801639974117279 6.2
    endloop
  endfacet
  facet normal 0 0 1
    outer loop
      vertex -6.214369997382164 0.8676519989967346 6.2
      vertex -5.262951999902725 0.8801639974117279 6.2
      vertex -5.268364042043686 1.0320240780711174 6.2
    endloop
  endfacet
  facet normal 0 0 1
    outer loop
      vertex -6.217362813651562 0.9371692687273026 6.2
      vertex -5.268364042043686 1.0320240780711174 6.2
      vertex -5.284600161015987 1.1756717562675476 6.2
    endloop
  endfacet
  facet normal 0 0 1
    outer loop
      vertex -6.226341262459755 1.0031210631132126 6.2
      vertex -5.284600161015987 1.1756717562675476 6.2
      vertex -5.31166036427021 1.3111070170998573 6.2
    endloop
  endfacet
  facet normal -0.9965338938883888 0.08318772945360126 0
    outer loop
      vertex -5.275430202484131 0.6504681631922722 6.2
      vertex -5.275430202484131 0.6504681631922722 7
      vertex -5.266071550548077 0.7625786140561104 6.2
    endloop
  endfacet
  facet normal -0.9996482628634811 0.026520757040940562 0
    outer loop
      vertex -5.266071550548077 0.7625786140561104 6.2
      vertex -5.266071550548077 0.7625786140561104 7
      vertex -5.262951999902725 0.8801639974117279 6.2
    endloop
  endfacet
  facet normal -0.9993655584224642 -0.03561573583342278 0
    outer loop
      vertex -5.262951999902725 0.8801639974117279 6.2
      vertex -5.262951999902725 0.8801639974117279 7
      vertex -5.268364042043686 1.0320240780711174 6.2
    endloop
  endfacet
  facet normal -0.993672964712231 -0.11231223976043524 0
    outer loop
      vertex -5.268364042043686 1.0320240780711174 6.2
      vertex -5.268364042043686 1.0320240780711174 7
      vertex -5.284600161015987 1.1756717562675476 6.2
    endloop
  endfacet
  facet normal -0.9806180423668704 -0.19592920911535047 0
    outer loop
      vertex -5.284600161015987 1.1756717562675476 6.2
      vertex -5.284600161015987 1.1756717562675476 7
      vertex -5.31166036427021 1.3111070170998573 6.2
    endloop
  endfacet
  facet normal 0.9594168711501426 -0.2819916086561273 0
    outer loop
      vertex -6.248496368527412 0.6522518396377563 6.2
      vertex -6.233566083014011 0.7030489817261696 7
      vertex -6.248496368527412 0.6522518396377563 7
    endloop
  endfacet
  facet normal 0.9802294145959867 -0.19786433423133482 0
    outer loop
      vertex -6.233566083014011 0.7030489817261696 6.2
      vertex -6.222901590168476 0.7558813914656639 7
      vertex -6.233566083014011 0.7030489817261696 7
    endloop
  endfacet
  facet normal 0.9932684210184589 -0.11583541689611829 0
    outer loop
      vertex -6.222901590168476 0.7558813914656639 6.2
      vertex -6.216502897441387 0.8107490614056587 7
      vertex -6.222901590168476 0.7558813914656639 7
    endloop
  endfacet
  facet normal 0.9992982469578882 -0.03745682350241902 0
    outer loop
      vertex -6.216502897441387 0.8107490614056587 6.2
      vertex -6.214369997382164 0.8676519989967346 7
      vertex -6.216502897441387 0.8107490614056587 7
    endloop
  endfacet
  facet normal 0.9990745743854849 0.043011566077770215 0
    outer loop
      vertex -6.214369997382164 0.8676519989967346 6.2
      vertex -6.217362813651562 0.9371692687273026 7
      vertex -6.214369997382164 0.8676519989967346 7
    endloop
  endfacet
  facet normal 0.9908602684757134 0.13489228427244124 0
    outer loop
      vertex -6.217362813651562 0.9371692687273026 6.2
      vertex -6.226341262459755 1.0031210631132126 7
      vertex -6.217362813651562 0.9371692687273026 7
    endloop
  endfacet
  facet normal 0.97241784404021 0.23324565717755524 0
    outer loop
      vertex -6.226341262459755 1.0031210631132126 6.2
      vertex -6.241305343806744 1.0655073896050453 7
      vertex -6.226341262459755 1.0031210631132126 7
    endloop
  endfacet
  facet normal 0.9420344313467551 0.33551621444752217 0
    outer loop
      vertex -6.262255057692528 1.1243282482028008 7
      vertex -6.241305343806744 1.0655073896050453 7
      vertex -6.241305343806744 1.0655073896050453 6.2
    endloop
  endfacet
  facet normal -0.8366682149790645 0.5477100492448043 0
    outer loop
      vertex -5.461170695722103 0.09256795793771744 6.2
      vertex -5.509905345737934 0.018122121691703796 7
      vertex -5.461170695722103 0.09256795793771744 7
    endloop
  endfacet
  facet normal -0.8684873415238625 0.4957113450515471 0
    outer loop
      vertex -5.4158099964261055 0.17204000055789948 6.2
      vertex -5.461170695722103 0.09256795793771744 7
      vertex -5.4158099964261055 0.17204000055789948 7
    endloop
  endfacet
  facet normal -0.9020166637699375 0.43170121413004064 0
    outer loop
      vertex -5.375255838036537 0.25677575170993805 6.2
      vertex -5.4158099964261055 0.17204000055789948 7
      vertex -5.375255838036537 0.25677575170993805 7
    endloop
  endfacet
  facet normal -0.934663117672109 0.35553460656236174 0
    outer loop
      vertex -5.340940773487091 0.34698645025491714 6.2
      vertex -5.375255838036537 0.25677575170993805 7
      vertex -5.340940773487091 0.34698645025491714 7
    endloop
  endfacet
  facet normal -0.9595468481062357 0.2815490122330193 0
    outer loop
      vertex -5.312864817678928 0.44267208129167557 6.2
      vertex -5.340940773487091 0.34698645025491714 7
      vertex -5.312864817678928 0.44267208129167557 7
    endloop
  endfacet
  facet normal -0.9774853523349448 0.21100328426502937 0
    outer loop
      vertex -5.291027955710888 0.5438326522707939 6.2
      vertex -5.312864817678928 0.44267208129167557 7
      vertex -5.291027955710888 0.5438326522707939 7
    endloop
  endfacet
  facet normal -0.9894709574392037 0.1447315597385218 0
    outer loop
      vertex -5.275430202484131 0.6504681631922722 6.2
      vertex -5.291027955710888 0.5438326522707939 7
      vertex -5.275430202484131 0.6504681631922722 7
    endloop
  endfacet
  facet normal -0.9965338938883888 0.08318772945360126 0
    outer loop
      vertex -5.266071550548077 0.7625786140561104 6.2
      vertex -5.275430202484131 0.6504681631922722 7
      vertex -5.266071550548077 0.7625786140561104 7
    endloop
  endfacet
  facet normal -0.9996482628634811 0.026520757040940562 0
    outer loop
      vertex -5.262951999902725 0.8801639974117279 6.2
      vertex -5.266071550548077 0.7625786140561104 7
      vertex -5.262951999902725 0.8801639974117279 7
    endloop
  endfacet
  facet normal -0.9993655584224642 -0.03561573583342278 0
    outer loop
      vertex -5.268364042043686 1.0320240780711174 6.2
      vertex -5.262951999902725 0.8801639974117279 7
      vertex -5.268364042043686 1.0320240780711174 7
    endloop
  endfacet
  facet normal -0.993672964712231 -0.11231223976043524 0
    outer loop
      vertex -5.284600161015987 1.1756717562675476 6.2
      vertex -5.268364042043686 1.0320240780711174 7
      vertex -5.284600161015987 1.1756717562675476 7
    endloop
  endfacet
  facet normal 0 0 1
    outer loop
      vertex -6.404495507478714 1.3232697993516922 6.2
      vertex -6.361018002033234 1.279398001730442 6.2
      vertex -5.778896450996399 2.021762900054455 6.2
    endloop
  endfacet
  facet normal 0 0 1
    outer loop
      vertex -6.322111390531063 1.2312735542654991 6.2
      vertex -5.60650722682476 1.8642701655626297 6.2
      vertex -6.361018002033234 1.279398001730442 6.2
    endloop
  endfacet
  facet normal 0 0 1
    outer loop
      vertex -6.289190411567688 1.1795836314558983 6.2
      vertex -5.528141997754574 1.7707239985466003 6.2
      vertex -6.322111390531063 1.2312735542654991 6.2
    endloop
  endfacet
  facet normal 0 0 1
    outer loop
      vertex -6.262255057692528 1.1243282482028008 6.2
      vertex -5.39825302362442 1.5573403239250183 6.2
      vertex -6.289190411567688 1.1795836314558983 6.2
    endloop
  endfacet
  facet normal 0 0 1
    outer loop
      vertex -6.451155468821526 1.3621754720807076 6.2
      vertex -6.404495507478714 1.3232697993516922 6.2
      vertex -5.872920446097851 2.0857094675302505 6.2
    endloop
  endfacet
  facet normal 0 0 1
    outer loop
      vertex -6.451155468821526 1.3621754720807076 6.2
      vertex -5.872920446097851 2.0857094675302505 6.2
      vertex -5.972164042294025 2.139789506793022 6.2
    endloop
  endfacet
  facet normal 0 0 1
    outer loop
      vertex -6.404495507478714 1.3232697993516922 6.2
      vertex -5.778896450996399 2.021762900054455 6.2
      vertex -5.872920446097851 2.0857094675302505 6.2
    endloop
  endfacet
  facet normal 0 0 1
    outer loop
      vertex -6.361018002033234 1.279398001730442 6.2
      vertex -5.690092042088509 1.9479497969150543 6.2
      vertex -5.778896450996399 2.021762900054455 6.2
    endloop
  endfacet
  facet normal 0 0 1
    outer loop
      vertex -6.241305343806744 1.0655073896050453 6.2
      vertex -5.31166036427021 1.3111070170998573 6.2
      vertex -5.3495446518063545 1.4383298754692078 6.2
    endloop
  endfacet
  facet normal 0 0 1
    outer loop
      vertex -6.262255057692528 1.1243282482028008 6.2
      vertex -5.3495446518063545 1.4383298754692078 6.2
      vertex -5.39825302362442 1.5573403239250183 6.2
    endloop
  endfacet
  facet normal 0 0 1
    outer loop
      vertex -6.289190411567688 1.1795836314558983 6.2
      vertex -5.39825302362442 1.5573403239250183 6.2
      vertex -5.457785472273827 1.6681383699178696 6.2
    endloop
  endfacet
  facet normal 0 0 1
    outer loop
      vertex -6.289190411567688 1.1795836314558983 6.2
      vertex -5.457785472273827 1.6681383699178696 6.2
      vertex -5.528141997754574 1.7707239985466003 6.2
    endloop
  endfacet
  facet normal 0 0 1
    outer loop
      vertex -6.361018002033234 1.279398001730442 6.2
      vertex -5.60650722682476 1.8642701655626297 6.2
      vertex -5.690092042088509 1.9479497969150543 6.2
    endloop
  endfacet
  facet normal 0 0 1
    outer loop
      vertex -6.322111390531063 1.2312735542654991 6.2
      vertex -5.528141997754574 1.7707239985466003 6.2
      vertex -5.60650722682476 1.8642701655626297 6.2
    endloop
  endfacet
  facet normal 0 0 1
    outer loop
      vertex -6.451155468821526 1.3621754720807076 6.2
      vertex -5.972164042294025 2.139789506793022 6.2
      vertex -6.076627224683762 2.1840030178427696 6.2
    endloop
  endfacet
  facet normal -0.38977120752653643 -0.9209117252936383 0
    outer loop
      vertex -6.076627224683762 2.1840030178427696 6.2
      vertex -5.972164042294025 2.139789506793022 6.2
      vertex -5.972164042294025 2.139789506793022 7
    endloop
  endfacet
  facet normal -0.2093359565204445 -0.9778437796026881 0
    outer loop
      vertex -6.271364942193031 2.2365584895014763 6.2
      vertex -6.18631000071764 2.218350000679493 6.2
      vertex -6.18631000071764 2.218350000679493 7
    endloop
  endfacet
  facet normal -0.2988386371873756 -0.9543036565601078 0
    outer loop
      vertex -6.076627224683762 2.1840030178427696 6.2
      vertex -6.076627224683762 2.1840030178427696 7
      vertex -6.18631000071764 2.218350000679493 6.2
    endloop
  endfacet
  facet normal -0.47849183099363307 -0.8780920041045589 0
    outer loop
      vertex -5.972164042294025 2.139789506793022 6.2
      vertex -5.872920446097851 2.0857094675302505 6.2
      vertex -5.872920446097851 2.0857094675302505 7
    endloop
  endfacet
  facet normal -0.5623716648741479 -0.8268845811518553 0
    outer loop
      vertex -5.872920446097851 2.0857094675302505 6.2
      vertex -5.778896450996399 2.021762900054455 6.2
      vertex -5.778896450996399 2.021762900054455 7
    endloop
  endfacet
  facet normal -0.6392099289961054 -0.7690322923472029 0
    outer loop
      vertex -5.778896450996399 2.021762900054455 6.2
      vertex -5.690092042088509 1.9479497969150543 6.2
      vertex -5.690092042088509 1.9479497969150543 7
    endloop
  endfacet
  facet normal -0.7075075004496767 -0.7067058347059622 0
    outer loop
      vertex -5.690092042088509 1.9479497969150543 6.2
      vertex -5.60650722682476 1.8642701655626297 6.2
      vertex -5.60650722682476 1.8642701655626297 7
    endloop
  endfacet
  facet normal -0.9584101720850132 -0.2853943623198876 0
    outer loop
      vertex -5.3495446518063545 1.4383298754692078 6.2
      vertex -5.31166036427021 1.3111070170998573 6.2
      vertex -5.31166036427021 1.3111070170998573 7
    endloop
  endfacet
  facet normal -0.9254862283931814 -0.3787812575280937 0
    outer loop
      vertex -5.39825302362442 1.5573403239250183 6.2
      vertex -5.3495446518063545 1.4383298754692078 6.2
      vertex -5.3495446518063545 1.4383298754692078 7
    endloop
  endfacet
  facet normal -0.8246835018940291 -0.5655944852133912 0
    outer loop
      vertex -5.528141997754574 1.7707239985466003 6.2
      vertex -5.457785472273827 1.6681383699178696 6.2
      vertex -5.457785472273827 1.6681383699178696 7
    endloop
  endfacet
  facet normal -0.7665660195428196 -0.642165506456301 0
    outer loop
      vertex -5.60650722682476 1.8642701655626297 6.2
      vertex -5.528141997754574 1.7707239985466003 6.2
      vertex -5.528141997754574 1.7707239985466003 7
    endloop
  endfacet
  facet normal -0.8808956739133647 -0.4733104812707187 0
    outer loop
      vertex -5.39825302362442 1.5573403239250183 6.2
      vertex -5.39825302362442 1.5573403239250183 7
      vertex -5.457785472273827 1.6681383699178696 6.2
    endloop
  endfacet
  facet normal -0.38977120752653643 -0.9209117252936383 0
    outer loop
      vertex -6.076627224683762 2.1840030178427696 6.2
      vertex -5.972164042294025 2.139789506793022 7
      vertex -6.076627224683762 2.1840030178427696 7
    endloop
  endfacet
  facet normal -0.47849183099363307 -0.8780920041045589 0
    outer loop
      vertex -5.972164042294025 2.139789506793022 6.2
      vertex -5.872920446097851 2.0857094675302505 7
      vertex -5.972164042294025 2.139789506793022 7
    endloop
  endfacet
  facet normal -0.2093359565204445 -0.9778437796026881 0
    outer loop
      vertex -6.271364942193031 2.2365584895014763 6.2
      vertex -6.18631000071764 2.218350000679493 7
      vertex -6.271364942193031 2.2365584895014763 7
    endloop
  endfacet
  facet normal -0.2988386371873756 -0.9543036565601078 0
    outer loop
      vertex -6.18631000071764 2.218350000679493 6.2
      vertex -6.076627224683762 2.1840030178427696 7
      vertex -6.18631000071764 2.218350000679493 7
    endloop
  endfacet
  facet normal -0.5623716648741479 -0.8268845811518553 0
    outer loop
      vertex -5.872920446097851 2.0857094675302505 6.2
      vertex -5.778896450996399 2.021762900054455 7
      vertex -5.872920446097851 2.0857094675302505 7
    endloop
  endfacet
  facet normal -0.6392099289961054 -0.7690322923472029 0
    outer loop
      vertex -5.778896450996399 2.021762900054455 6.2
      vertex -5.690092042088509 1.9479497969150543 7
      vertex -5.778896450996399 2.021762900054455 7
    endloop
  endfacet
  facet normal -0.7075075004496767 -0.7067058347059622 0
    outer loop
      vertex -5.690092042088509 1.9479497969150543 6.2
      vertex -5.60650722682476 1.8642701655626297 7
      vertex -5.690092042088509 1.9479497969150543 7
    endloop
  endfacet
  facet normal -0.9584101720850132 -0.2853943623198876 0
    outer loop
      vertex -5.3495446518063545 1.4383298754692078 6.2
      vertex -5.31166036427021 1.3111070170998573 7
      vertex -5.3495446518063545 1.4383298754692078 7
    endloop
  endfacet
  facet normal -0.9254862283931814 -0.3787812575280937 0
    outer loop
      vertex -5.39825302362442 1.5573403239250183 6.2
      vertex -5.3495446518063545 1.4383298754692078 7
      vertex -5.39825302362442 1.5573403239250183 7
    endloop
  endfacet
  facet normal -0.7665660195428196 -0.642165506456301 0
    outer loop
      vertex -5.60650722682476 1.8642701655626297 6.2
      vertex -5.528141997754574 1.7707239985466003 7
      vertex -5.60650722682476 1.8642701655626297 7
    endloop
  endfacet
  facet normal -0.8246835018940291 -0.5655944852133912 0
    outer loop
      vertex -5.528141997754574 1.7707239985466003 6.2
      vertex -5.457785472273827 1.6681383699178696 7
      vertex -5.528141997754574 1.7707239985466003 7
    endloop
  endfacet
  facet normal -0.8808956739133647 -0.4733104812707187 0
    outer loop
      vertex -5.457785472273827 1.6681383699178696 6.2
      vertex -5.39825302362442 1.5573403239250183 7
      vertex -5.457785472273827 1.6681383699178696 7
    endloop
  endfacet
  facet normal -0.9806180423668704 -0.19592920911535047 0
    outer loop
      vertex -5.284600161015987 1.1756717562675476 7
      vertex -5.31166036427021 1.3111070170998573 7
      vertex -5.31166036427021 1.3111070170998573 6.2
    endloop
  endfacet
  facet normal 0.9997609478500674 -0.02186428946787029 0
    outer loop
      vertex -4.691862002015114 -0.02759999781847 6.2
      vertex -4.6875962018966675 0.16745689511299133 6.2
      vertex -4.6875962018966675 0.16745689511299133 7
    endloop
  endfacet
  facet normal 0.9976386693559096 -0.06868104109410486 0
    outer loop
      vertex -4.6875962018966675 0.16745689511299133 6.2
      vertex -4.67479881644249 0.3533475920557976 6.2
      vertex -4.67479881644249 0.3533475920557976 7
    endloop
  endfacet
  facet normal 0.9927955054457976 -0.11982105143347446 0
    outer loop
      vertex -4.67479881644249 0.3533475920557976 6.2
      vertex -4.653469838202 0.5300720781087875 6.2
      vertex -4.653469838202 0.5300720781087875 7
    endloop
  endfacet
  facet normal 0.9844890830425431 -0.17544584740042293 0
    outer loop
      vertex -4.653469838202 0.5300720781087875 6.2
      vertex -4.623609267175198 0.6976303681731224 6.2
      vertex -4.623609267175198 0.6976303681731224 7
    endloop
  endfacet
  facet normal 0.9718584164298156 -0.23556574117331086 0
    outer loop
      vertex -4.623609267175198 0.6976303681731224 6.2
      vertex -4.585217103362083 0.856022447347641 6.2
      vertex -4.585217103362083 0.856022447347641 7
    endloop
  endfacet
  facet normal 0.9539494645645786 -0.2999673633196685 0
    outer loop
      vertex -4.585217103362083 0.856022447347641 6.2
      vertex -4.538293346762657 1.005248323082924 6.2
      vertex -4.538293346762657 1.005248323082924 7
    endloop
  endfacet
  facet normal 0.9297723976190221 -0.3681348783065453 0
    outer loop
      vertex -4.538293346762657 1.005248323082924 6.2
      vertex -4.482837997376919 1.1453080028295517 6.2
      vertex -4.482837997376919 1.1453080028295517 7
    endloop
  endfacet
  facet normal 0.9027082267321337 -0.43025324797161824 0
    outer loop
      vertex -4.482837997376919 1.1453080028295517 6.2
      vertex -4.435959309339523 1.2436635121703148 6.2
      vertex -4.435959309339523 1.2436635121703148 7
    endloop
  endfacet
  facet normal 0 0 1
    outer loop
      vertex -4.691862002015114 -0.02759999781847 6.2
      vertex -3.7404439970850945 0.0035879984498023987 6.2
      vertex -4.6875962018966675 0.16745689511299133 6.2
    endloop
  endfacet
  facet normal 0 0 1
    outer loop
      vertex -4.6875962018966675 0.16745689511299133 6.2
      vertex -3.733314000070095 0.22096240520477295 6.2
      vertex -4.67479881644249 0.3533475920557976 6.2
    endloop
  endfacet
  facet normal 0 0 1
    outer loop
      vertex -4.67479881644249 0.3533475920557976 6.2
      vertex -3.7119240015745163 0.42210163176059723 6.2
      vertex -4.653469838202 0.5300720781087875 6.2
    endloop
  endfacet
  facet normal 0 0 1
    outer loop
      vertex -4.653469838202 0.5300720781087875 6.2
      vertex -3.7119240015745163 0.42210163176059723 6.2
      vertex -4.623609267175198 0.6976303681731224 6.2
    endloop
  endfacet
  facet normal 0 0 1
    outer loop
      vertex -4.6875962018966675 0.16745689511299133 6.2
      vertex -3.7404439970850945 0.0035879984498023987 6.2
      vertex -3.733314000070095 0.22096240520477295 6.2
    endloop
  endfacet
  facet normal 0 0 1
    outer loop
      vertex -4.67479881644249 0.3533475920557976 6.2
      vertex -3.733314000070095 0.22096240520477295 6.2
      vertex -3.7119240015745163 0.42210163176059723 6.2
    endloop
  endfacet
  facet normal 0 0 1
    outer loop
      vertex -4.623609267175198 0.6976303681731224 6.2
      vertex -3.7119240015745163 0.42210163176059723 6.2
      vertex -3.676274001598358 0.6070056706666946 6.2
    endloop
  endfacet
  facet normal 0 0 1
    outer loop
      vertex -4.623609267175198 0.6976303681731224 6.2
      vertex -3.676274001598358 0.6070056706666946 6.2
      vertex -4.585217103362083 0.856022447347641 6.2
    endloop
  endfacet
  facet normal 0 0 1
    outer loop
      vertex -4.585217103362083 0.856022447347641 6.2
      vertex -3.676274001598358 0.6070056706666946 6.2
      vertex -4.538293346762657 1.005248323082924 6.2
    endloop
  endfacet
  facet normal 0 0 1
    outer loop
      vertex -4.538293346762657 1.005248323082924 6.2
      vertex -3.6263640001416206 0.7756745293736458 6.2
      vertex -4.482837997376919 1.1453080028295517 6.2
    endloop
  endfacet
  facet normal 0 0 1
    outer loop
      vertex -4.482837997376919 1.1453080028295517 6.2
      vertex -3.6263640001416206 0.7756745293736458 6.2
      vertex -4.435959309339523 1.2436635121703148 6.2
    endloop
  endfacet
  facet normal 0 0 1
    outer loop
      vertex -4.435959309339523 1.2436635121703148 6.2
      vertex -3.5621939972043037 0.9281082004308701 6.2
      vertex -4.384431794285774 1.3390900418162346 6.2
    endloop
  endfacet
  facet normal 0 0 1
    outer loop
      vertex -4.384431794285774 1.3390900418162346 6.2
      vertex -3.5621939972043037 0.9281082004308701 6.2
      vertex -4.328255467116833 1.431587591767311 6.2
    endloop
  endfacet
  facet normal 0 0 1
    outer loop
      vertex -4.538293346762657 1.005248323082924 6.2
      vertex -3.676274001598358 0.6070056706666946 6.2
      vertex -3.6263640001416206 0.7756745293736458 6.2
    endloop
  endfacet
  facet normal 0 0 1
    outer loop
      vertex -4.435959309339523 1.2436635121703148 6.2
      vertex -3.6263640001416206 0.7756745293736458 6.2
      vertex -3.5621939972043037 0.9281082004308701 6.2
    endloop
  endfacet
  facet normal 0 0 1
    outer loop
      vertex -4.267430327832699 1.5211561620235443 6.2
      vertex -3.5621939972043037 0.9281082004308701 6.2
      vertex -3.483764000236988 1.064306691288948 6.2
    endloop
  endfacet
  facet normal 0.9997609478500674 -0.02186428946787029 0
    outer loop
      vertex -4.691862002015114 -0.02759999781847 6.2
      vertex -4.6875962018966675 0.16745689511299133 7
      vertex -4.691862002015114 -0.02759999781847 7
    endloop
  endfacet
  facet normal 0.9976386693559096 -0.06868104109410486 0
    outer loop
      vertex -4.6875962018966675 0.16745689511299133 6.2
      vertex -4.67479881644249 0.3533475920557976 7
      vertex -4.6875962018966675 0.16745689511299133 7
    endloop
  endfacet
  facet normal 0.9927955054457976 -0.11982105143347446 0
    outer loop
      vertex -4.67479881644249 0.3533475920557976 6.2
      vertex -4.653469838202 0.5300720781087875 7
      vertex -4.67479881644249 0.3533475920557976 7
    endloop
  endfacet
  facet normal 0.9844890830425431 -0.17544584740042293 0
    outer loop
      vertex -4.653469838202 0.5300720781087875 6.2
      vertex -4.623609267175198 0.6976303681731224 7
      vertex -4.653469838202 0.5300720781087875 7
    endloop
  endfacet
  facet normal 0.9718584164298156 -0.23556574117331086 0
    outer loop
      vertex -4.623609267175198 0.6976303681731224 6.2
      vertex -4.585217103362083 0.856022447347641 7
      vertex -4.623609267175198 0.6976303681731224 7
    endloop
  endfacet
  facet normal 0.9539494645645786 -0.2999673633196685 0
    outer loop
      vertex -4.585217103362083 0.856022447347641 6.2
      vertex -4.538293346762657 1.005248323082924 7
      vertex -4.585217103362083 0.856022447347641 7
    endloop
  endfacet
  facet normal 0.9297723976190221 -0.3681348783065453 0
    outer loop
      vertex -4.538293346762657 1.005248323082924 6.2
      vertex -4.482837997376919 1.1453080028295517 7
      vertex -4.538293346762657 1.005248323082924 7
    endloop
  endfacet
  facet normal 0.9027082267321337 -0.43025324797161824 0
    outer loop
      vertex -4.482837997376919 1.1453080028295517 6.2
      vertex -4.435959309339523 1.2436635121703148 7
      vertex -4.482837997376919 1.1453080028295517 7
    endloop
  endfacet
  facet normal 0.8799162339979368 -0.4751288468898598 0
    outer loop
      vertex -4.435959309339523 1.2436635121703148 6.2
      vertex -4.384431794285774 1.3390900418162346 6.2
      vertex -4.384431794285774 1.3390900418162346 7
    endloop
  endfacet
  facet normal 0 0 1
    outer loop
      vertex -4.328255467116833 1.431587591767311 6.2
      vertex -3.5621939972043037 0.9281082004308701 6.2
      vertex -4.267430327832699 1.5211561620235443 6.2
    endloop
  endfacet
  facet normal 0 0 1
    outer loop
      vertex -4.267430327832699 1.5211561620235443 6.2
      vertex -3.483764000236988 1.064306691288948 6.2
      vertex -4.201956368982792 1.6077957525849342 6.2
    endloop
  endfacet
  facet normal 0 0 1
    outer loop
      vertex -4.201956368982792 1.6077957525849342 6.2
      vertex -3.483764000236988 1.064306691288948 6.2
      vertex -4.131833590567112 1.6915063709020615 6.2
    endloop
  endfacet
  facet normal 0 0 1
    outer loop
      vertex -4.131833590567112 1.6915063709020615 6.2
      vertex -3.391074001789093 1.1842700019478798 6.2
      vertex -4.05706200003624 1.7722880020737648 6.2
    endloop
  endfacet
  facet normal 0 0 1
    outer loop
      vertex -4.05706200003624 1.7722880020737648 6.2
      vertex -3.391074001789093 1.1842700019478798 6.2
      vertex -3.978915512561798 1.8486770987510681 6.2
    endloop
  endfacet
  facet normal 0 0 1
    outer loop
      vertex -3.978915512561798 1.8486770987510681 6.2
      vertex -3.391074001789093 1.1842700019478798 6.2
      vertex -3.8986680433154106 1.9192101210355759 6.2
    endloop
  endfacet
  facet normal 0.8547174093402322 -0.5190935851758544 0
    outer loop
      vertex -4.384431794285774 1.3390900418162346 6.2
      vertex -4.328255467116833 1.431587591767311 6.2
      vertex -4.328255467116833 1.431587591767311 7
    endloop
  endfacet
  facet normal 0.8272763144370816 -0.561795247017451 0
    outer loop
      vertex -4.328255467116833 1.431587591767311 6.2
      vertex -4.267430327832699 1.5211561620235443 6.2
      vertex -4.267430327832699 1.5211561620235443 7
    endloop
  endfacet
  facet normal 0.7978100310956032 -0.6029089104360894 0
    outer loop
      vertex -4.267430327832699 1.5211561620235443 6.2
      vertex -4.201956368982792 1.6077957525849342 6.2
      vertex -4.201956368982792 1.6077957525849342 7
    endloop
  endfacet
  facet normal 0.7665797358049968 -0.6421491327200725 0
    outer loop
      vertex -4.201956368982792 1.6077957525849342 6.2
      vertex -4.131833590567112 1.6915063709020615 6.2
      vertex -4.131833590567112 1.6915063709020615 7
    endloop
  endfacet
  facet normal 0.7338793941696332 -0.6792797912592514 0
    outer loop
      vertex -4.131833590567112 1.6915063709020615 6.2
      vertex -4.05706200003624 1.7722880020737648 6.2
      vertex -4.05706200003624 1.7722880020737648 7
    endloop
  endfacet
  facet normal 0.69902030869943 -0.7151018165448564 0
    outer loop
      vertex -4.05706200003624 1.7722880020737648 6.2
      vertex -3.978915512561798 1.8486770987510681 6.2
      vertex -3.978915512561798 1.8486770987510681 7
    endloop
  endfacet
  facet normal 0.6601807218171043 -0.7511067930334853 0
    outer loop
      vertex -3.978915512561798 1.8486770987510681 6.2
      vertex -3.8986680433154106 1.9192101210355759 6.2
      vertex -3.8986680433154106 1.9192101210355759 7
    endloop
  endfacet
  facet normal 0.617671476609639 -0.7864362319876089 0
    outer loop
      vertex -3.8986680433154106 1.9192101210355759 6.2
      vertex -3.816319592297077 1.9838870614767075 6.2
      vertex -3.816319592297077 1.9838870614767075 7
    endloop
  endfacet
  facet normal 0.571545220987385 -0.8205705700099665 0
    outer loop
      vertex -3.816319592297077 1.9838870614767075 6.2
      vertex -3.7318701669573784 2.042707920074463 6.2
      vertex -3.7318701669573784 2.042707920074463 7
    endloop
  endfacet
  facet normal 0.8799162339979368 -0.4751288468898598 0
    outer loop
      vertex -4.435959309339523 1.2436635121703148 6.2
      vertex -4.384431794285774 1.3390900418162346 7
      vertex -4.435959309339523 1.2436635121703148 7
    endloop
  endfacet
  facet normal 0.8547174093402322 -0.5190935851758544 0
    outer loop
      vertex -4.384431794285774 1.3390900418162346 6.2
      vertex -4.328255467116833 1.431587591767311 7
      vertex -4.384431794285774 1.3390900418162346 7
    endloop
  endfacet
  facet normal 0.8272763144370816 -0.561795247017451 0
    outer loop
      vertex -4.328255467116833 1.431587591767311 6.2
      vertex -4.267430327832699 1.5211561620235443 7
      vertex -4.328255467116833 1.431587591767311 7
    endloop
  endfacet
  facet normal 0.7978100310956032 -0.6029089104360894 0
    outer loop
      vertex -4.267430327832699 1.5211561620235443 6.2
      vertex -4.201956368982792 1.6077957525849342 7
      vertex -4.267430327832699 1.5211561620235443 7
    endloop
  endfacet
  facet normal 0.7665797358049968 -0.6421491327200725 0
    outer loop
      vertex -4.201956368982792 1.6077957525849342 6.2
      vertex -4.131833590567112 1.6915063709020615 7
      vertex -4.201956368982792 1.6077957525849342 7
    endloop
  endfacet
  facet normal 0.7338793941696332 -0.6792797912592514 0
    outer loop
      vertex -4.131833590567112 1.6915063709020615 6.2
      vertex -4.05706200003624 1.7722880020737648 7
      vertex -4.131833590567112 1.6915063709020615 7
    endloop
  endfacet
  facet normal 0.69902030869943 -0.7151018165448564 0
    outer loop
      vertex -4.05706200003624 1.7722880020737648 6.2
      vertex -3.978915512561798 1.8486770987510681 7
      vertex -4.05706200003624 1.7722880020737648 7
    endloop
  endfacet
  facet normal 0.6601807218171043 -0.7511067930334853 0
    outer loop
      vertex -3.978915512561798 1.8486770987510681 6.2
      vertex -3.8986680433154106 1.9192101210355759 7
      vertex -3.978915512561798 1.8486770987510681 7
    endloop
  endfacet
  facet normal 0.617671476609639 -0.7864362319876089 0
    outer loop
      vertex -3.8986680433154106 1.9192101210355759 6.2
      vertex -3.816319592297077 1.9838870614767075 7
      vertex -3.8986680433154106 1.9192101210355759 7
    endloop
  endfacet
  facet normal 0.571545220987385 -0.8205705700099665 0
    outer loop
      vertex -3.816319592297077 1.9838870614767075 6.2
      vertex -3.7318701669573784 2.042707920074463 7
      vertex -3.816319592297077 1.9838870614767075 7
    endloop
  endfacet
  facet normal -0.9994624961014296 0.032782905403577756 0
    outer loop
      vertex -3.7404439970850945 0.0035879984498023987 6.2
      vertex -3.7404439970850945 0.0035879984498023987 7
      vertex -3.733314000070095 0.22096240520477295 6.2
    endloop
  endfacet
  facet normal -0.994392964460285 0.1057479656158283 0
    outer loop
      vertex -3.733314000070095 0.22096240520477295 6.2
      vertex -3.733314000070095 0.22096240520477295 7
      vertex -3.7119240015745163 0.42210163176059723 6.2
    endloop
  endfacet
  facet normal -0.9819161943235363 0.18931610424151218 0
    outer loop
      vertex -3.7119240015745163 0.42210163176059723 6.2
      vertex -3.7119240015745163 0.42210163176059723 7
      vertex -3.676274001598358 0.6070056706666946 6.2
    endloop
  endfacet
  facet normal -0.9589001865066767 0.2837436031304679 0
    outer loop
      vertex -3.676274001598358 0.6070056706666946 6.2
      vertex -3.676274001598358 0.6070056706666946 7
      vertex -3.6263640001416206 0.7756745293736458 6.2
    endloop
  endfacet
  facet normal -0.9216626097738612 0.38799231145067187 0
    outer loop
      vertex -3.6263640001416206 0.7756745293736458 6.2
      vertex -3.6263640001416206 0.7756745293736458 7
      vertex -3.5621939972043037 0.9281082004308701 6.2
    endloop
  endfacet
  facet normal -0.866587556990338 0.4990250555528427 0
    outer loop
      vertex -3.5621939972043037 0.9281082004308701 6.2
      vertex -3.5621939972043037 0.9281082004308701 7
      vertex -3.483764000236988 1.064306691288948 6.2
    endloop
  endfacet
  facet normal -0.7913134794727327 0.6114106453152064 0
    outer loop
      vertex -3.483764000236988 1.064306691288948 6.2
      vertex -3.483764000236988 1.064306691288948 7
      vertex -3.391074001789093 1.1842700019478798 6.2
    endloop
  endfacet
  facet normal -0.7055044964684245 0.7087054433703998 0
    outer loop
      vertex -3.391074001789093 1.1842700019478798 6.2
      vertex -3.391074001789093 1.1842700019478798 7
      vertex -3.2867337986826897 1.2881389409303665 6.2
    endloop
  endfacet
  facet normal -0.9994624961014296 0.032782905403577756 0
    outer loop
      vertex -3.733314000070095 0.22096240520477295 6.2
      vertex -3.7404439970850945 0.0035879984498023987 7
      vertex -3.733314000070095 0.22096240520477295 7
    endloop
  endfacet
  facet normal -0.994392964460285 0.1057479656158283 0
    outer loop
      vertex -3.7119240015745163 0.42210163176059723 6.2
      vertex -3.733314000070095 0.22096240520477295 7
      vertex -3.7119240015745163 0.42210163176059723 7
    endloop
  endfacet
  facet normal -0.9819161943235363 0.18931610424151218 0
    outer loop
      vertex -3.676274001598358 0.6070056706666946 6.2
      vertex -3.7119240015745163 0.42210163176059723 7
      vertex -3.676274001598358 0.6070056706666946 7
    endloop
  endfacet
  facet normal -0.9589001865066767 0.2837436031304679 0
    outer loop
      vertex -3.6263640001416206 0.7756745293736458 6.2
      vertex -3.676274001598358 0.6070056706666946 7
      vertex -3.6263640001416206 0.7756745293736458 7
    endloop
  endfacet
  facet normal -0.9216626097738612 0.38799231145067187 0
    outer loop
      vertex -3.5621939972043037 0.9281082004308701 6.2
      vertex -3.6263640001416206 0.7756745293736458 7
      vertex -3.5621939972043037 0.9281082004308701 7
    endloop
  endfacet
  facet normal -0.866587556990338 0.4990250555528427 0
    outer loop
      vertex -3.483764000236988 1.064306691288948 6.2
      vertex -3.5621939972043037 0.9281082004308701 7
      vertex -3.483764000236988 1.064306691288948 7
    endloop
  endfacet
  facet normal -0.7913134794727327 0.6114106453152064 0
    outer loop
      vertex -3.391074001789093 1.1842700019478798 6.2
      vertex -3.483764000236988 1.064306691288948 7
      vertex -3.391074001789093 1.1842700019478798 7
    endloop
  endfacet
  facet normal 0 0 1
    outer loop
      vertex -4.131833590567112 1.6915063709020615 6.2
      vertex -3.483764000236988 1.064306691288948 6.2
      vertex -3.391074001789093 1.1842700019478798 6.2
    endloop
  endfacet
  facet normal 0 0 1
    outer loop
      vertex -3.8986680433154106 1.9192101210355759 6.2
      vertex -3.391074001789093 1.1842700019478798 6.2
      vertex -3.2867337986826897 1.2881389409303665 6.2
    endloop
  endfacet
  facet normal 0 0 1
    outer loop
      vertex -3.8986680433154106 1.9192101210355759 6.2
      vertex -3.2867337986826897 1.2881389409303665 6.2
      vertex -3.816319592297077 1.9838870614767075 6.2
    endloop
  endfacet
  facet normal 0 0 1
    outer loop
      vertex -3.816319592297077 1.9838870614767075 6.2
      vertex -3.2867337986826897 1.2881389409303665 6.2
      vertex -3.7318701669573784 2.042707920074463 6.2
    endloop
  endfacet
  facet normal 0 0 1
    outer loop
      vertex -3.1733531802892685 1.3760280385613441 6.2
      vertex -3.645319752395153 2.095672696828842 6.2
      vertex -3.7318701669573784 2.042707920074463 6.2
    endloop
  endfacet
  facet normal 0 0 1
    outer loop
      vertex -3.1733531802892685 1.3760280385613441 6.2
      vertex -3.556668370962143 2.1427813842892647 6.2
      vertex -3.645319752395153 2.095672696828842 6.2
    endloop
  endfacet
  facet normal 0 0 1
    outer loop
      vertex -3.2867337986826897 1.2881389409303665 6.2
      vertex -3.1733531802892685 1.3760280385613441 6.2
      vertex -3.7318701669573784 2.042707920074463 6.2
    endloop
  endfacet
  facet normal 0 0 1
    outer loop
      vertex -3.1733531802892685 1.3760280385613441 6.2
      vertex -3.0509321615099907 1.4479373097419739 6.2
      vertex -3.4659160003066063 2.1840339973568916 6.2
    endloop
  endfacet
  facet normal -0.612654923172193 0.7903505204103267 0
    outer loop
      vertex -3.2867337986826897 1.2881389409303665 6.2
      vertex -3.2867337986826897 1.2881389409303665 7
      vertex -3.1733531802892685 1.3760280385613441 6.2
    endloop
  endfacet
  facet normal -0.5064805731449726 0.8622513722962348 0
    outer loop
      vertex -3.1733531802892685 1.3760280385613441 6.2
      vertex -3.1733531802892685 1.3760280385613441 7
      vertex -3.0509321615099907 1.4479373097419739 6.2
    endloop
  endfacet
  facet normal 0 0 1
    outer loop
      vertex -3.1733531802892685 1.3760280385613441 6.2
      vertex -3.4659160003066063 2.1840339973568916 6.2
      vertex -3.556668370962143 2.1427813842892647 6.2
    endloop
  endfacet
  facet normal 0 0 1
    outer loop
      vertex -3.4659160003066063 2.1840339973568916 6.2
      vertex -3.0509321615099907 1.4479373097419739 6.2
      vertex -3.3411452248692513 2.2320326566696167 6.2
    endloop
  endfacet
  facet normal 0 0 1
    outer loop
      vertex -3.3411452248692513 2.2320326566696167 6.2
      vertex -3.0509321615099907 1.4479373097419739 6.2
      vertex -3.211027182638645 2.2726468965411186 6.2
    endloop
  endfacet
  facet normal 0.5219726872874759 -0.8529621994706981 0
    outer loop
      vertex -3.7318701669573784 2.042707920074463 6.2
      vertex -3.645319752395153 2.095672696828842 6.2
      vertex -3.645319752395153 2.095672696828842 7
    endloop
  endfacet
  facet normal 0.46925342626497696 -0.8830635435451855 0
    outer loop
      vertex -3.645319752395153 2.095672696828842 6.2
      vertex -3.556668370962143 2.1427813842892647 6.2
      vertex -3.556668370962143 2.1427813842892647 7
    endloop
  endfacet
  facet normal 0.4138157097354328 -0.9103606748844988 0
    outer loop
      vertex -3.556668370962143 2.1427813842892647 6.2
      vertex -3.4659160003066063 2.1840339973568916 6.2
      vertex -3.4659160003066063 2.1840339973568916 7
    endloop
  endfacet
  facet normal 0.35904358704595235 -0.9333207929759069 0
    outer loop
      vertex -3.4659160003066063 2.1840339973568916 6.2
      vertex -3.3411452248692513 2.2320326566696167 6.2
      vertex -3.3411452248692513 2.2320326566696167 7
    endloop
  endfacet
  facet normal 0.29795651583290017 -0.9545794438771027 0
    outer loop
      vertex -3.3411452248692513 2.2320326566696167 6.2
      vertex -3.211027182638645 2.2726468965411186 6.2
      vertex -3.211027182638645 2.2726468965411186 7
    endloop
  endfacet
  facet normal 0 0 1
    outer loop
      vertex -3.211027182638645 2.2726468965411186 6.2
      vertex -3.0509321615099907 1.4479373097419739 6.2
      vertex -2.9194707348942757 1.503866732120514 6.2
    endloop
  endfacet
  facet normal 0 0 1
    outer loop
      vertex -2.9194707348942757 1.503866732120514 6.2
      vertex -2.7789689004421234 1.543816328048706 6.2
      vertex -3.0755618810653687 2.3058767318725586 6.2
    endloop
  endfacet
  facet normal 0 0 1
    outer loop
      vertex -2.7789689004421234 1.543816328048706 6.2
      vertex -2.6294266507029533 1.567786082625389 6.2
      vertex -2.788589470088482 2.350183181464672 6.2
    endloop
  endfacet
  facet normal 0 0 1
    outer loop
      vertex -2.6294266507029533 1.567786082625389 6.2
      vertex -2.4708440005779266 1.5757760033011436 6.2
      vertex -2.6370823681354523 2.3612597957253456 6.2
    endloop
  endfacet
  facet normal -0.39148635506707663 0.92018391302842 0
    outer loop
      vertex -3.0509321615099907 1.4479373097419739 6.2
      vertex -3.0509321615099907 1.4479373097419739 7
      vertex -2.9194707348942757 1.503866732120514 6.2
    endloop
  endfacet
  facet normal -0.27349437728434295 0.9618736016721997 0
    outer loop
      vertex -2.9194707348942757 1.503866732120514 6.2
      vertex -2.9194707348942757 1.503866732120514 7
      vertex -2.7789689004421234 1.543816328048706 6.2
    endloop
  endfacet
  facet normal -0.15826729336253056 0.9873963053666438 0
    outer loop
      vertex -2.7789689004421234 1.543816328048706 6.2
      vertex -2.7789689004421234 1.543816328048706 7
      vertex -2.6294266507029533 1.567786082625389 6.2
    endloop
  endfacet
  facet normal -0.05031949467764758 0.99873317180085 0
    outer loop
      vertex -2.6294266507029533 1.567786082625389 6.2
      vertex -2.6294266507029533 1.567786082625389 7
      vertex -2.4708440005779266 1.5757760033011436 6.2
    endloop
  endfacet
  facet normal 0 0 1
    outer loop
      vertex -3.211027182638645 2.2726468965411186 6.2
      vertex -2.9194707348942757 1.503866732120514 6.2
      vertex -3.0755618810653687 2.3058767318725586 6.2
    endloop
  endfacet
  facet normal 0 0 1
    outer loop
      vertex -2.7789689004421234 1.543816328048706 6.2
      vertex -2.9347493052482605 2.3317221626639366 6.2
      vertex -3.0755618810653687 2.3058767318725586 6.2
    endloop
  endfacet
  facet normal 0 0 1
    outer loop
      vertex -2.7789689004421234 1.543816328048706 6.2
      vertex -2.788589470088482 2.350183181464672 6.2
      vertex -2.9347493052482605 2.3317221626639366 6.2
    endloop
  endfacet
  facet normal 0 0 1
    outer loop
      vertex -2.6294266507029533 1.567786082625389 6.2
      vertex -2.6370823681354523 2.3612597957253456 6.2
      vertex -2.788589470088482 2.350183181464672 6.2
    endloop
  endfacet
  facet normal 0 0 1
    outer loop
      vertex -2.6370823681354523 2.3612597957253456 6.2
      vertex -2.4708440005779266 1.5757760033011436 6.2
      vertex -2.4802279993891716 2.3649519979953766 6.2
    endloop
  endfacet
  facet normal 0.2382384152732282 -0.9712067017314598 0
    outer loop
      vertex -3.211027182638645 2.2726468965411186 6.2
      vertex -3.0755618810653687 2.3058767318725586 6.2
      vertex -3.0755618810653687 2.3058767318725586 7
    endloop
  endfacet
  facet normal 0.18052919325868774 -0.9835696266057463 0
    outer loop
      vertex -3.0755618810653687 2.3058767318725586 6.2
      vertex -2.9347493052482605 2.3317221626639366 6.2
      vertex -2.9347493052482605 2.3317221626639366 7
    endloop
  endfacet
  facet normal 0.12531143704498024 -0.9921174546119637 0
    outer loop
      vertex -2.9347493052482605 2.3317221626639366 6.2
      vertex -2.788589470088482 2.350183181464672 6.2
      vertex -2.788589470088482 2.350183181464672 7
    endloop
  endfacet
  facet normal 0.07291493259009241 -0.9973381636162242 0
    outer loop
      vertex -2.788589470088482 2.350183181464672 6.2
      vertex -2.6370823681354523 2.3612597957253456 6.2
      vertex -2.6370823681354523 2.3612597957253456 7
    endloop
  endfacet
  facet normal 0.023532527811117733 -0.9997230717227742 0
    outer loop
      vertex -2.6370823681354523 2.3612597957253456 6.2
      vertex -2.4802279993891716 2.3649519979953766 6.2
      vertex -2.4802279993891716 2.3649519979953766 7
    endloop
  endfacet
  facet normal -0.7055044964684245 0.7087054433703998 0
    outer loop
      vertex -3.391074001789093 1.1842700019478798 7
      vertex -3.2867337986826897 1.2881389409303665 7
      vertex -3.2867337986826897 1.2881389409303665 6.2
    endloop
  endfacet
  facet normal -0.612654923172193 0.7903505204103267 0
    outer loop
      vertex -3.1733531802892685 1.3760280385613441 6.2
      vertex -3.2867337986826897 1.2881389409303665 7
      vertex -3.1733531802892685 1.3760280385613441 7
    endloop
  endfacet
  facet normal 0.5219726872874759 -0.8529621994706981 0
    outer loop
      vertex -3.7318701669573784 2.042707920074463 6.2
      vertex -3.645319752395153 2.095672696828842 7
      vertex -3.7318701669573784 2.042707920074463 7
    endloop
  endfacet
  facet normal 0.46925342626497696 -0.8830635435451855 0
    outer loop
      vertex -3.645319752395153 2.095672696828842 6.2
      vertex -3.556668370962143 2.1427813842892647 7
      vertex -3.645319752395153 2.095672696828842 7
    endloop
  endfacet
  facet normal 0.4138157097354328 -0.9103606748844988 0
    outer loop
      vertex -3.556668370962143 2.1427813842892647 6.2
      vertex -3.4659160003066063 2.1840339973568916 7
      vertex -3.556668370962143 2.1427813842892647 7
    endloop
  endfacet
  facet normal 0.35904358704595235 -0.9333207929759069 0
    outer loop
      vertex -3.4659160003066063 2.1840339973568916 6.2
      vertex -3.3411452248692513 2.2320326566696167 7
      vertex -3.4659160003066063 2.1840339973568916 7
    endloop
  endfacet
  facet normal 0.29795651583290017 -0.9545794438771027 0
    outer loop
      vertex -3.3411452248692513 2.2320326566696167 6.2
      vertex -3.211027182638645 2.2726468965411186 7
      vertex -3.3411452248692513 2.2320326566696167 7
    endloop
  endfacet
  facet normal 0.2382384152732282 -0.9712067017314598 0
    outer loop
      vertex -3.211027182638645 2.2726468965411186 6.2
      vertex -3.0755618810653687 2.3058767318725586 7
      vertex -3.211027182638645 2.2726468965411186 7
    endloop
  endfacet
  facet normal -0.5064805731449726 0.8622513722962348 0
    outer loop
      vertex -3.0509321615099907 1.4479373097419739 6.2
      vertex -3.1733531802892685 1.3760280385613441 7
      vertex -3.0509321615099907 1.4479373097419739 7
    endloop
  endfacet
  facet normal -0.39148635506707663 0.92018391302842 0
    outer loop
      vertex -2.9194707348942757 1.503866732120514 6.2
      vertex -3.0509321615099907 1.4479373097419739 7
      vertex -2.9194707348942757 1.503866732120514 7
    endloop
  endfacet
  facet normal -0.27349437728434295 0.9618736016721997 0
    outer loop
      vertex -2.7789689004421234 1.543816328048706 6.2
      vertex -2.9194707348942757 1.503866732120514 7
      vertex -2.7789689004421234 1.543816328048706 7
    endloop
  endfacet
  facet normal -0.15826729336253056 0.9873963053666438 0
    outer loop
      vertex -2.6294266507029533 1.567786082625389 6.2
      vertex -2.7789689004421234 1.543816328048706 7
      vertex -2.6294266507029533 1.567786082625389 7
    endloop
  endfacet
  facet normal -0.05031949467764758 0.99873317180085 0
    outer loop
      vertex -2.6294266507029533 1.567786082625389 7
      vertex -2.4708440005779266 1.5757760033011436 7
      vertex -2.4708440005779266 1.5757760033011436 6.2
    endloop
  endfacet
  facet normal 0.18052919325868774 -0.9835696266057463 0
    outer loop
      vertex -3.0755618810653687 2.3058767318725586 6.2
      vertex -2.9347493052482605 2.3317221626639366 7
      vertex -3.0755618810653687 2.3058767318725586 7
    endloop
  endfacet
  facet normal 0.12531143704498024 -0.9921174546119637 0
    outer loop
      vertex -2.9347493052482605 2.3317221626639366 6.2
      vertex -2.788589470088482 2.350183181464672 7
      vertex -2.9347493052482605 2.3317221626639366 7
    endloop
  endfacet
  facet normal 0.07291493259009241 -0.9973381636162242 0
    outer loop
      vertex -2.788589470088482 2.350183181464672 6.2
      vertex -2.6370823681354523 2.3612597957253456 7
      vertex -2.788589470088482 2.350183181464672 7
    endloop
  endfacet
  facet normal 0.023532527811117733 -0.9997230717227742 0
    outer loop
      vertex -2.6370823681354523 2.3612597957253456 6.2
      vertex -2.4802279993891716 2.3649519979953766 7
      vertex -2.6370823681354523 2.3612597957253456 7
    endloop
  endfacet
  facet normal 0.9821882506162457 0.18789954856624527 0
    outer loop
      vertex -1.273936204612255 0.6165267378091812 6.2
      vertex -1.273936204612255 0.6165267378091812 7
      vertex -1.2387649789452553 0.43267975747585297 6.2
    endloop
  endfacet
  facet normal 0.9594277875285532 0.28195446532740936 0
    outer loop
      vertex -1.273936204612255 0.6165267378091812 6.2
      vertex -1.323175922036171 0.784078449010849 6.2
      vertex -1.323175922036171 0.784078449010849 7
    endloop
  endfacet
  facet normal 0.92245934635564 0.3860942298469709 0
    outer loop
      vertex -1.3864841237664223 0.9353348985314369 6.2
      vertex -1.3864841237664223 0.9353348985314369 7
      vertex -1.323175922036171 0.784078449010849 6.2
    endloop
  endfacet
  facet normal 0.8675333408363298 0.4973790330697066 0
    outer loop
      vertex -1.3864841237664223 0.9353348985314369 6.2
      vertex -1.4638608172535896 1.0702960789203644 6.2
      vertex -1.4638608172535896 1.0702960789203644 7
    endloop
  endfacet
  facet normal 0.7920955919241819 0.6103970619639972 0
    outer loop
      vertex -1.4638608172535896 1.0702960789203644 6.2
      vertex -1.555306002497673 1.188961997628212 6.2
      vertex -1.555306002497673 1.188961997628212 7
    endloop
  endfacet
  facet normal 0.9821882506162457 0.18789954856624527 0
    outer loop
      vertex -1.273936204612255 0.6165267378091812 7
      vertex -1.2387649789452553 0.43267975747585297 7
      vertex -1.2387649789452553 0.43267975747585297 6.2
    endloop
  endfacet
  facet normal 0.7054851090749786 0.7087247426705698 0
    outer loop
      vertex -1.555306002497673 1.188961997628212 6.2
      vertex -1.6584013849496841 1.291586123406887 7
      vertex -1.555306002497673 1.188961997628212 7
    endloop
  endfacet
  facet normal 0.9594277875285532 0.28195446532740936 0
    outer loop
      vertex -1.273936204612255 0.6165267378091812 6.2
      vertex -1.323175922036171 0.784078449010849 7
      vertex -1.273936204612255 0.6165267378091812 7
    endloop
  endfacet
  facet normal 0.92245934635564 0.3860942298469709 0
    outer loop
      vertex -1.323175922036171 0.784078449010849 6.2
      vertex -1.3864841237664223 0.9353348985314369 7
      vertex -1.323175922036171 0.784078449010849 7
    endloop
  endfacet
  facet normal 0.8675333408363298 0.4973790330697066 0
    outer loop
      vertex -1.3864841237664223 0.9353348985314369 6.2
      vertex -1.4638608172535896 1.0702960789203644 7
      vertex -1.3864841237664223 0.9353348985314369 7
    endloop
  endfacet
  facet normal 0.7920955919241819 0.6103970619639972 0
    outer loop
      vertex -1.4638608172535896 1.0702960789203644 6.2
      vertex -1.555306002497673 1.188961997628212 7
      vertex -1.4638608172535896 1.0702960789203644 7
    endloop
  endfacet
  facet normal 0 0 1
    outer loop
      vertex -2.4708440005779266 1.5757760033011436 6.2
      vertex -2.3123571053147316 1.5678818374872208 6.2
      vertex -2.4802279993891716 2.3649519979953766 6.2
    endloop
  endfacet
  facet normal 0 0 1
    outer loop
      vertex -2.3123571053147316 1.5678818374872208 6.2
      vertex -2.1631021201610565 1.5441993474960327 6.2
      vertex -2.1996984109282494 2.352156490087509 6.2
    endloop
  endfacet
  facet normal 0 0 1
    outer loop
      vertex -2.1631021201610565 1.5441993474960327 6.2
      vertex -2.0230790600180626 1.5047285333275795 6.2
      vertex -1.9356593489646912 2.3137699589133263 6.2
    endloop
  endfacet
  facet normal 0.15671088926950472 0.9876445196447764 0
    outer loop
      vertex -2.3123571053147316 1.5678818374872208 6.2
      vertex -2.3123571053147316 1.5678818374872208 7
      vertex -2.1631021201610565 1.5441993474960327 6.2
    endloop
  endfacet
  facet normal 0.04974790688276605 0.9987618063185953 0
    outer loop
      vertex -2.4708440005779266 1.5757760033011436 6.2
      vertex -2.4708440005779266 1.5757760033011436 7
      vertex -2.3123571053147316 1.5678818374872208 6.2
    endloop
  endfacet
  facet normal 0.2713145459488527 0.9624907361406487 0
    outer loop
      vertex -2.1631021201610565 1.5441993474960327 6.2
      vertex -2.1631021201610565 1.5441993474960327 7
      vertex -2.0230790600180626 1.5047285333275795 6.2
    endloop
  endfacet
  facet normal 0.3891885203843949 0.9211581273597956 0
    outer loop
      vertex -2.0230790600180626 1.5047285333275795 6.2
      vertex -2.0230790600180626 1.5047285333275795 7
      vertex -1.8922879174351692 1.4494693875312805 6.2
    endloop
  endfacet
  facet normal 0 0 1
    outer loop
      vertex -2.3123571053147316 1.5678818374872208 6.2
      vertex -2.1996984109282494 2.352156490087509 6.2
      vertex -2.4802279993891716 2.3649519979953766 6.2
    endloop
  endfacet
  facet normal 0 0 1
    outer loop
      vertex -2.1631021201610565 1.5441993474960327 6.2
      vertex -1.9356593489646912 2.3137699589133263 6.2
      vertex -2.1996984109282494 2.352156490087509 6.2
    endloop
  endfacet
  facet normal 0 0 1
    outer loop
      vertex -2.0230790600180626 1.5047285333275795 6.2
      vertex -1.688110813498497 2.249792404472828 6.2
      vertex -1.9356593489646912 2.3137699589133263 6.2
    endloop
  endfacet
  facet normal -0.04556459976363016 -0.9989613942732622 0
    outer loop
      vertex -2.4802279993891716 2.3649519979953766 6.2
      vertex -2.1996984109282494 2.352156490087509 6.2
      vertex -2.1996984109282494 2.352156490087509 7
    endloop
  endfacet
  facet normal -0.14386955768473203 -0.989596660448892 0
    outer loop
      vertex -2.1996984109282494 2.352156490087509 6.2
      vertex -1.9356593489646912 2.3137699589133263 6.2
      vertex -1.9356593489646912 2.3137699589133263 7
    endloop
  endfacet
  facet normal 0 0 1
    outer loop
      vertex -2.0230790600180626 1.5047285333275795 6.2
      vertex -1.8922879174351692 1.4494693875312805 6.2
      vertex -1.688110813498497 2.249792404472828 6.2
    endloop
  endfacet
  facet normal 0 0 1
    outer loop
      vertex -1.8922879174351692 1.4494693875312805 6.2
      vertex -1.7707286924123764 1.3784219175577164 6.2
      vertex -1.457052819430828 2.1602238342165947 6.2
    endloop
  endfacet
  facet normal 0 0 1
    outer loop
      vertex -1.555306002497673 1.188961997628212 6.2
      vertex -1.0444084107875824 1.9043136313557625 6.2
      vertex -1.6584013849496841 1.291586123406887 6.2
    endloop
  endfacet
  facet normal 0 0 1
    outer loop
      vertex -1.4638608172535896 1.0702960789203644 6.2
      vertex -0.8628220036625862 1.7379719987511635 6.2
      vertex -1.555306002497673 1.188961997628212 6.2
    endloop
  endfacet
  facet normal 0 0 1
    outer loop
      vertex -1.7707286924123764 1.3784219175577164 6.2
      vertex -1.6584013849496841 1.291586123406887 6.2
      vertex -1.2424853444099426 2.0450642481446266 6.2
    endloop
  endfacet
  facet normal 0 0 1
    outer loop
      vertex -1.7707286924123764 1.3784219175577164 6.2
      vertex -1.2424853444099426 2.0450642481446266 6.2
      vertex -1.457052819430828 2.1602238342165947 6.2
    endloop
  endfacet
  facet normal 0 0 1
    outer loop
      vertex -1.6584013849496841 1.291586123406887 6.2
      vertex -1.0444084107875824 1.9043136313557625 6.2
      vertex -1.2424853444099426 2.0450642481446266 6.2
    endloop
  endfacet
  facet normal 0.611612512717606 0.791157464912805 0
    outer loop
      vertex -1.7707286924123764 1.3784219175577164 6.2
      vertex -1.7707286924123764 1.3784219175577164 7
      vertex -1.6584013849496841 1.291586123406887 6.2
    endloop
  endfacet
  facet normal 0.5046017131932674 0.8633522520051821 0
    outer loop
      vertex -1.8922879174351692 1.4494693875312805 6.2
      vertex -1.8922879174351692 1.4494693875312805 7
      vertex -1.7707286924123764 1.3784219175577164 6.2
    endloop
  endfacet
  facet normal 0.7054851090749786 0.7087247426705698 0
    outer loop
      vertex -1.555306002497673 1.188961997628212 6.2
      vertex -1.6584013849496841 1.291586123406887 6.2
      vertex -1.6584013849496841 1.291586123406887 7
    endloop
  endfacet
  facet normal 0 0 1
    outer loop
      vertex -1.8922879174351692 1.4494693875312805 6.2
      vertex -1.457052819430828 2.1602238342165947 6.2
      vertex -1.688110813498497 2.249792404472828 6.2
    endloop
  endfacet
  facet normal -0.2502229169014672 -0.9681882522822313 0
    outer loop
      vertex -1.9356593489646912 2.3137699589133263 6.2
      vertex -1.688110813498497 2.249792404472828 6.2
      vertex -1.688110813498497 2.249792404472828 7
    endloop
  endfacet
  facet normal -0.47290002519671126 -0.881116091198515 0
    outer loop
      vertex -1.457052819430828 2.1602238342165947 6.2
      vertex -1.2424853444099426 2.0450642481446266 6.2
      vertex -1.2424853444099426 2.0450642481446266 7
    endloop
  endfacet
  facet normal -0.3614389421581106 -0.9323957802841163 0
    outer loop
      vertex -1.688110813498497 2.249792404472828 6.2
      vertex -1.457052819430828 2.1602238342165947 6.2
      vertex -1.457052819430828 2.1602238342165947 7
    endloop
  endfacet
  facet normal 0.15671088926950472 0.9876445196447764 0
    outer loop
      vertex -2.1631021201610565 1.5441993474960327 6.2
      vertex -2.3123571053147316 1.5678818374872208 7
      vertex -2.1631021201610565 1.5441993474960327 7
    endloop
  endfacet
  facet normal 0.04974790688276605 0.9987618063185953 0
    outer loop
      vertex -2.3123571053147316 1.5678818374872208 6.2
      vertex -2.4708440005779266 1.5757760033011436 7
      vertex -2.3123571053147316 1.5678818374872208 7
    endloop
  endfacet
  facet normal 0.2713145459488527 0.9624907361406487 0
    outer loop
      vertex -2.0230790600180626 1.5047285333275795 6.2
      vertex -2.1631021201610565 1.5441993474960327 7
      vertex -2.0230790600180626 1.5047285333275795 7
    endloop
  endfacet
  facet normal 0.3891885203843949 0.9211581273597956 0
    outer loop
      vertex -1.8922879174351692 1.4494693875312805 6.2
      vertex -2.0230790600180626 1.5047285333275795 7
      vertex -1.8922879174351692 1.4494693875312805 7
    endloop
  endfacet
  facet normal -0.04556459976363016 -0.9989613942732622 0
    outer loop
      vertex -2.4802279993891716 2.3649519979953766 6.2
      vertex -2.1996984109282494 2.352156490087509 7
      vertex -2.4802279993891716 2.3649519979953766 7
    endloop
  endfacet
  facet normal -0.14386955768473203 -0.989596660448892 0
    outer loop
      vertex -2.1996984109282494 2.352156490087509 6.2
      vertex -1.9356593489646912 2.3137699589133263 7
      vertex -2.1996984109282494 2.352156490087509 7
    endloop
  endfacet
  facet normal 0.5046017131932674 0.8633522520051821 0
    outer loop
      vertex -1.7707286924123764 1.3784219175577164 6.2
      vertex -1.8922879174351692 1.4494693875312805 7
      vertex -1.7707286924123764 1.3784219175577164 7
    endloop
  endfacet
  facet normal 0.611612512717606 0.791157464912805 0
    outer loop
      vertex -1.6584013849496841 1.291586123406887 6.2
      vertex -1.7707286924123764 1.3784219175577164 7
      vertex -1.6584013849496841 1.291586123406887 7
    endloop
  endfacet
  facet normal -0.2502229169014672 -0.9681882522822313 0
    outer loop
      vertex -1.9356593489646912 2.3137699589133263 6.2
      vertex -1.688110813498497 2.249792404472828 7
      vertex -1.9356593489646912 2.3137699589133263 7
    endloop
  endfacet
  facet normal -0.3614389421581106 -0.9323957802841163 0
    outer loop
      vertex -1.688110813498497 2.249792404472828 6.2
      vertex -1.457052819430828 2.1602238342165947 7
      vertex -1.688110813498497 2.249792404472828 7
    endloop
  endfacet
  facet normal -0.47290002519671126 -0.881116091198515 0
    outer loop
      vertex -1.457052819430828 2.1602238342165947 6.2
      vertex -1.2424853444099426 2.0450642481446266 7
      vertex -1.457052819430828 2.1602238342165947 7
    endloop
  endfacet
  facet normal 0 0 1
    outer loop
      vertex -1.273936204612255 0.6165267378091812 6.2
      vertex -1.2387649789452553 0.43267975747585297 6.2
      vertex -0.3056117966771126 0.5924077108502388 6.2
    endloop
  endfacet
  facet normal 0 0 1
    outer loop
      vertex -1.2106280028820038 0.016099996864795685 6.2
      vertex -0.26846444606781006 0.30332399904727936 6.2
      vertex -1.2176622450351715 0.23253750801086426 6.2
    endloop
  endfacet
  facet normal 0 0 1
    outer loop
      vertex -1.2176622450351715 0.23253750801086426 6.2
      vertex -0.26846444606781006 0.30332399904727936 6.2
      vertex -1.2387649789452553 0.43267975747585297 6.2
    endloop
  endfacet
  facet normal 0.9994722895517787 0.03248295580955669 0
    outer loop
      vertex -1.2106280028820038 0.016099996864795685 6.2
      vertex -1.2176622450351715 0.23253750801086426 6.2
      vertex -1.2176622450351715 0.23253750801086426 7
    endloop
  endfacet
  facet normal 0.9944872654947337 0.10485742114322238 0
    outer loop
      vertex -1.2176622450351715 0.23253750801086426 6.2
      vertex -1.2387649789452553 0.43267975747585297 6.2
      vertex -1.2387649789452553 0.43267975747585297 7
    endloop
  endfacet
  facet normal 0 0 1
    outer loop
      vertex -1.273936204612255 0.6165267378091812 6.2
      vertex -0.36752404272556305 0.8615011423826218 6.2
      vertex -1.323175922036171 0.784078449010849 6.2
    endloop
  endfacet
  facet normal 0 0 1
    outer loop
      vertex -1.3864841237664223 0.9353348985314369 6.2
      vertex -0.7018501609563828 1.5488397106528282 6.2
      vertex -1.4638608172535896 1.0702960789203644 6.2
    endloop
  endfacet
  facet normal 0 0 1
    outer loop
      vertex -1.3864841237664223 0.9353348985314369 6.2
      vertex -1.323175922036171 0.784078449010849 6.2
      vertex -0.45420118421316147 1.1106042861938477 6.2
    endloop
  endfacet
  facet normal 0 0 1
    outer loop
      vertex -1.273936204612255 0.6165267378091812 6.2
      vertex -0.3056117966771126 0.5924077108502388 6.2
      vertex -0.36752404272556305 0.8615011423826218 6.2
    endloop
  endfacet
  facet normal 0 0 1
    outer loop
      vertex -1.323175922036171 0.784078449010849 6.2
      vertex -0.36752404272556305 0.8615011423826218 6.2
      vertex -0.45420118421316147 1.1106042861938477 6.2
    endloop
  endfacet
  facet normal 0 0 1
    outer loop
      vertex -1.3864841237664223 0.9353348985314369 6.2
      vertex -0.45420118421316147 1.1106042861938477 6.2
      vertex -0.5656432211399078 1.3397171422839165 6.2
    endloop
  endfacet
  facet normal 0 0 1
    outer loop
      vertex -0.2560819983482361 -0.005750000476837158 6.2
      vertex -0.26846444606781006 0.30332399904727936 6.2
      vertex -1.2106280028820038 0.016099996864795685 6.2
    endloop
  endfacet
  facet normal 0 0 1
    outer loop
      vertex -1.2387649789452553 0.43267975747585297 6.2
      vertex -0.26846444606781006 0.30332399904727936 6.2
      vertex -0.3056117966771126 0.5924077108502388 6.2
    endloop
  endfacet
  facet normal -0.9991984407085804 -0.04003093910391652 0
    outer loop
      vertex -0.2560819983482361 -0.005750000476837158 6.2
      vertex -0.2560819983482361 -0.005750000476837158 7
      vertex -0.26846444606781006 0.30332399904727936 6.2
    endloop
  endfacet
  facet normal -0.991844692897061 -0.1274523643246161 0
    outer loop
      vertex -0.26846444606781006 0.30332399904727936 6.2
      vertex -0.26846444606781006 0.30332399904727936 7
      vertex -0.3056117966771126 0.5924077108502388 6.2
    endloop
  endfacet
  facet normal -0.9745387630962238 -0.2242190875525147 0
    outer loop
      vertex -0.3056117966771126 0.5924077108502388 6.2
      vertex -0.3056117966771126 0.5924077108502388 7
      vertex -0.36752404272556305 0.8615011423826218 6.2
    endloop
  endfacet
  facet normal -0.8992632984611556 -0.43740772745890366 0
    outer loop
      vertex -0.45420118421316147 1.1106042861938477 6.2
      vertex -0.45420118421316147 1.1106042861938477 7
      vertex -0.5656432211399078 1.3397171422839165 6.2
    endloop
  endfacet
  facet normal -0.944458474216429 -0.3286307813957407 0
    outer loop
      vertex -0.36752404272556305 0.8615011423826218 6.2
      vertex -0.36752404272556305 0.8615011423826218 7
      vertex -0.45420118421316147 1.1106042861938477 6.2
    endloop
  endfacet
  facet normal 0.9994722895517787 0.03248295580955669 0
    outer loop
      vertex -1.2106280028820038 0.016099996864795685 6.2
      vertex -1.2176622450351715 0.23253750801086426 7
      vertex -1.2106280028820038 0.016099996864795685 7
    endloop
  endfacet
  facet normal 0.9944872654947337 0.10485742114322238 0
    outer loop
      vertex -1.2176622450351715 0.23253750801086426 6.2
      vertex -1.2387649789452553 0.43267975747585297 7
      vertex -1.2176622450351715 0.23253750801086426 7
    endloop
  endfacet
  facet normal -0.9991984407085804 -0.04003093910391652 0
    outer loop
      vertex -0.2560819983482361 -0.005750000476837158 7
      vertex -0.26846444606781006 0.30332399904727936 7
      vertex -0.26846444606781006 0.30332399904727936 6.2
    endloop
  endfacet
  facet normal -0.991844692897061 -0.1274523643246161 0
    outer loop
      vertex -0.3056117966771126 0.5924077108502388 6.2
      vertex -0.26846444606781006 0.30332399904727936 7
      vertex -0.3056117966771126 0.5924077108502388 7
    endloop
  endfacet
  facet normal -0.9745387630962238 -0.2242190875525147 0
    outer loop
      vertex -0.36752404272556305 0.8615011423826218 6.2
      vertex -0.3056117966771126 0.5924077108502388 7
      vertex -0.36752404272556305 0.8615011423826218 7
    endloop
  endfacet
  facet normal -0.944458474216429 -0.3286307813957407 0
    outer loop
      vertex -0.45420118421316147 1.1106042861938477 6.2
      vertex -0.36752404272556305 0.8615011423826218 7
      vertex -0.45420118421316147 1.1106042861938477 7
    endloop
  endfacet
  facet normal 0 0 1
    outer loop
      vertex -1.4638608172535896 1.0702960789203644 6.2
      vertex -0.7018501609563828 1.5488397106528282 6.2
      vertex -0.8628220036625862 1.7379719987511635 6.2
    endloop
  endfacet
  facet normal 0 0 1
    outer loop
      vertex -1.555306002497673 1.188961997628212 6.2
      vertex -0.8628220036625862 1.7379719987511635 6.2
      vertex -1.0444084107875824 1.9043136313557625 6.2
    endloop
  endfacet
  facet normal 0 0 1
    outer loop
      vertex -1.3864841237664223 0.9353348985314369 6.2
      vertex -0.5656432211399078 1.3397171422839165 6.2
      vertex -0.7018501609563828 1.5488397106528282 6.2
    endloop
  endfacet
  facet normal -0.6754761833316537 -0.7373818045976603 0
    outer loop
      vertex -0.8628220036625862 1.7379719987511635 6.2
      vertex -0.8628220036625862 1.7379719987511635 7
      vertex -1.0444084107875824 1.9043136313557625 6.2
    endloop
  endfacet
  facet normal -0.7615231069563008 -0.648137761260384 0
    outer loop
      vertex -0.7018501609563828 1.5488397106528282 6.2
      vertex -0.7018501609563828 1.5488397106528282 7
      vertex -0.8628220036625862 1.7379719987511635 6.2
    endloop
  endfacet
  facet normal -0.5792392454493457 -0.8151575899979542 0
    outer loop
      vertex -1.2424853444099426 2.0450642481446266 6.2
      vertex -1.0444084107875824 1.9043136313557625 6.2
      vertex -1.0444084107875824 1.9043136313557625 7
    endloop
  endfacet
  facet normal -0.8379355909695922 -0.5457691319472366 0
    outer loop
      vertex -0.7018501609563828 1.5488397106528282 6.2
      vertex -0.5656432211399078 1.3397171422839165 6.2
      vertex -0.5656432211399078 1.3397171422839165 7
    endloop
  endfacet
  facet normal -0.6754761833316537 -0.7373818045976603 0
    outer loop
      vertex -1.0444084107875824 1.9043136313557625 6.2
      vertex -0.8628220036625862 1.7379719987511635 7
      vertex -1.0444084107875824 1.9043136313557625 7
    endloop
  endfacet
  facet normal -0.8379355909695922 -0.5457691319472366 0
    outer loop
      vertex -0.7018501609563828 1.5488397106528282 6.2
      vertex -0.5656432211399078 1.3397171422839165 7
      vertex -0.7018501609563828 1.5488397106528282 7
    endloop
  endfacet
  facet normal -0.7615231069563008 -0.648137761260384 0
    outer loop
      vertex -0.8628220036625862 1.7379719987511635 6.2
      vertex -0.7018501609563828 1.5488397106528282 7
      vertex -0.8628220036625862 1.7379719987511635 7
    endloop
  endfacet
  facet normal -0.5792392454493457 -0.8151575899979542 0
    outer loop
      vertex -1.2424853444099426 2.0450642481446266 6.2
      vertex -1.0444084107875824 1.9043136313557625 7
      vertex -1.2424853444099426 2.0450642481446266 7
    endloop
  endfacet
  facet normal -0.8992632984611556 -0.43740772745890366 0
    outer loop
      vertex -0.45420118421316147 1.1106042861938477 7
      vertex -0.5656432211399078 1.3397171422839165 7
      vertex -0.5656432211399078 1.3397171422839165 6.2
    endloop
  endfacet
  facet normal 0.5772648577103681 0.8165569692633997 0
    outer loop
      vertex 1.0602023676037788 -1.9067948162555695 6.2
      vertex 1.0602023676037788 -1.9067948162555695 7
      vertex 1.2578080371022224 -2.0464921221137047 6.2
    endloop
  endfacet
  facet normal 0 0 1
    outer loop
      vertex 0.5847773477435112 -1.3477577567100525 6.2
      vertex 0.7199309766292572 -1.5543080791831017 6.2
      vertex 1.4120422825217247 -0.9142293483018875 6.2
    endloop
  endfacet
  facet normal 0 0 1
    outer loop
      vertex 1.0602023676037788 -1.9067948162555695 6.2
      vertex 1.587736003100872 -1.173965997993946 6.2
      vertex 0.8796579986810684 -1.741697996854782 6.2
    endloop
  endfacet
  facet normal 0 0 1
    outer loop
      vertex 0.8796579986810684 -1.741697996854782 6.2
      vertex 1.4925685748457909 -1.0517684072256088 6.2
      vertex 0.7199309766292572 -1.5543080791831017 6.2
    endloop
  endfacet
  facet normal 0.7610455726744404 0.648698417072705 0
    outer loop
      vertex 0.8796579986810684 -1.741697996854782 6.2
      vertex 0.7199309766292572 -1.5543080791831017 6.2
      vertex 0.7199309766292572 -1.5543080791831017 7
    endloop
  endfacet
  facet normal 0.8367812318151376 0.5475373686625791 0
    outer loop
      vertex 0.5847773477435112 -1.3477577567100525 6.2
      vertex 0.5847773477435112 -1.3477577567100525 7
      vertex 0.7199309766292572 -1.5543080791831017 6.2
    endloop
  endfacet
  facet normal 0.6748308285696502 0.7379724607409137 0
    outer loop
      vertex 1.0602023676037788 -1.9067948162555695 6.2
      vertex 0.8796579986810684 -1.741697996854782 6.2
      vertex 0.8796579986810684 -1.741697996854782 7
    endloop
  endfacet
  facet normal 0.8980186234991286 0.4399574432246035 0
    outer loop
      vertex 0.5847773477435112 -1.3477577567100525 6.2
      vertex 0.4741971045732498 -1.122047021985054 7
      vertex 0.5847773477435112 -1.3477577567100525 7
    endloop
  endfacet
  facet normal 0.5772648577103681 0.8165569692633997 0
    outer loop
      vertex 1.0602023676037788 -1.9067948162555695 7
      vertex 1.2578080371022224 -2.0464921221137047 7
      vertex 1.2578080371022224 -2.0464921221137047 6.2
    endloop
  endfacet
  facet normal 0.7610455726744404 0.648698417072705 0
    outer loop
      vertex 0.8796579986810684 -1.741697996854782 6.2
      vertex 0.7199309766292572 -1.5543080791831017 7
      vertex 0.8796579986810684 -1.741697996854782 7
    endloop
  endfacet
  facet normal 0.8367812318151376 0.5475373686625791 0
    outer loop
      vertex 0.7199309766292572 -1.5543080791831017 6.2
      vertex 0.5847773477435112 -1.3477577567100525 7
      vertex 0.7199309766292572 -1.5543080791831017 7
    endloop
  endfacet
  facet normal 0.6748308285696502 0.7379724607409137 0
    outer loop
      vertex 1.0602023676037788 -1.9067948162555695 6.2
      vertex 0.8796579986810684 -1.741697996854782 7
      vertex 1.0602023676037788 -1.9067948162555695 7
    endloop
  endfacet
  facet normal 0.943495020608565 0.3313867017350628 0
    outer loop
      vertex 0.4741971045732498 -1.122047021985054 6.2
      vertex 0.38819024711847305 -0.8771758750081062 6.2
      vertex 0.38819024711847305 -0.8771758750081062 7
    endloop
  endfacet
  facet normal 0.8980186234991286 0.4399574432246035 0
    outer loop
      vertex 0.5847773477435112 -1.3477577567100525 6.2
      vertex 0.4741971045732498 -1.122047021985054 6.2
      vertex 0.4741971045732498 -1.122047021985054 7
    endloop
  endfacet
  facet normal 0.9739829660322799 0.22662122998290066 0
    outer loop
      vertex 0.38819024711847305 -0.8771758750081062 6.2
      vertex 0.3267567753791809 -0.6131443232297897 6.2
      vertex 0.3267567753791809 -0.6131443232297897 7
    endloop
  endfacet
  facet normal 0 0 1
    outer loop
      vertex 0.289896696805954 -0.3299523666501045 6.2
      vertex 0.3267567753791809 -0.6131443232297897 6.2
      vertex 1.2583102881908417 -0.409563347697258 6.2
    endloop
  endfacet
  facet normal 0 0 1
    outer loop
      vertex 0.289896696805954 -0.3299523666501045 6.2
      vertex 1.236348569393158 -0.21065840870141983 6.2
      vertex 0.2776099964976311 -0.02759999781847 6.2
    endloop
  endfacet
  facet normal 0.9916354054240372 0.12907061133157124 0
    outer loop
      vertex 0.289896696805954 -0.3299523666501045 6.2
      vertex 0.289896696805954 -0.3299523666501045 7
      vertex 0.3267567753791809 -0.6131443232297897 6.2
    endloop
  endfacet
  facet normal 0.9991753373872113 0.04060351163572435 0
    outer loop
      vertex 0.289896696805954 -0.3299523666501045 6.2
      vertex 0.2776099964976311 -0.02759999781847 6.2
      vertex 0.2776099964976311 -0.02759999781847 7
    endloop
  endfacet
  facet normal 0 0 1
    outer loop
      vertex 0.5847773477435112 -1.3477577567100525 6.2
      vertex 1.4120422825217247 -0.9142293483018875 6.2
      vertex 0.4741971045732498 -1.122047021985054 6.2
    endloop
  endfacet
  facet normal 0 0 1
    outer loop
      vertex 0.4741971045732498 -1.122047021985054 6.2
      vertex 1.3461571410298347 -0.7613488137722015 6.2
      vertex 0.38819024711847305 -0.8771758750081062 6.2
    endloop
  endfacet
  facet normal 0 0 1
    outer loop
      vertex 0.38819024711847305 -0.8771758750081062 6.2
      vertex 1.2949131429195404 -0.5931268185377121 6.2
      vertex 0.3267567753791809 -0.6131443232297897 6.2
    endloop
  endfacet
  facet normal 0 0 1
    outer loop
      vertex 0.7199309766292572 -1.5543080791831017 6.2
      vertex 1.4925685748457909 -1.0517684072256088 6.2
      vertex 1.4120422825217247 -0.9142293483018875 6.2
    endloop
  endfacet
  facet normal 0 0 1
    outer loop
      vertex 0.4741971045732498 -1.122047021985054 6.2
      vertex 1.4120422825217247 -0.9142293483018875 6.2
      vertex 1.3461571410298347 -0.7613488137722015 6.2
    endloop
  endfacet
  facet normal 0 0 1
    outer loop
      vertex 0.38819024711847305 -0.8771758750081062 6.2
      vertex 1.3461571410298347 -0.7613488137722015 6.2
      vertex 1.2949131429195404 -0.5931268185377121 6.2
    endloop
  endfacet
  facet normal 0 0 1
    outer loop
      vertex 0.289896696805954 -0.3299523666501045 6.2
      vertex 1.2583102881908417 -0.409563347697258 6.2
      vertex 1.236348569393158 -0.21065840870141983 6.2
    endloop
  endfacet
  facet normal 0 0 1
    outer loop
      vertex 0.2776099964976311 -0.02759999781847 6.2
      vertex 1.236348569393158 -0.21065840870141983 6.2
      vertex 1.2290280014276505 0.0035879984498023987 6.2
    endloop
  endfacet
  facet normal 0 0 1
    outer loop
      vertex 0.3267567753791809 -0.6131443232297897 6.2
      vertex 1.2949131429195404 -0.5931268185377121 6.2
      vertex 1.2583102881908417 -0.409563347697258 6.2
    endloop
  endfacet
  facet normal -0.9994167531761272 -0.03414898930990518 0
    outer loop
      vertex 1.236348569393158 -0.21065840870141983 6.2
      vertex 1.236348569393158 -0.21065840870141983 7
      vertex 1.2290280014276505 0.0035879984498023987 6.2
    endloop
  endfacet
  facet normal 0.943495020608565 0.3313867017350628 0
    outer loop
      vertex 0.4741971045732498 -1.122047021985054 6.2
      vertex 0.38819024711847305 -0.8771758750081062 7
      vertex 0.4741971045732498 -1.122047021985054 7
    endloop
  endfacet
  facet normal 0.9739829660322799 0.22662122998290066 0
    outer loop
      vertex 0.38819024711847305 -0.8771758750081062 6.2
      vertex 0.3267567753791809 -0.6131443232297897 7
      vertex 0.38819024711847305 -0.8771758750081062 7
    endloop
  endfacet
  facet normal 0.9991753373872113 0.04060351163572435 0
    outer loop
      vertex 0.289896696805954 -0.3299523666501045 6.2
      vertex 0.2776099964976311 -0.02759999781847 7
      vertex 0.289896696805954 -0.3299523666501045 7
    endloop
  endfacet
  facet normal 0.9916354054240372 0.12907061133157124 0
    outer loop
      vertex 0.3267567753791809 -0.6131443232297897 6.2
      vertex 0.289896696805954 -0.3299523666501045 7
      vertex 0.3267567753791809 -0.6131443232297897 7
    endloop
  endfacet
  facet normal -0.9939596423110586 -0.10974620474928731 0
    outer loop
      vertex 1.236348569393158 -0.21065840870141983 6.2
      vertex 1.2583102881908417 -0.409563347697258 7
      vertex 1.236348569393158 -0.21065840870141983 7
    endloop
  endfacet
  facet normal -0.9994167531761272 -0.03414898930990518 0
    outer loop
      vertex 1.236348569393158 -0.21065840870141983 7
      vertex 1.2290280014276505 0.0035879984498023987 7
      vertex 1.2290280014276505 0.0035879984498023987 6.2
    endloop
  endfacet
  facet normal 0 0 1
    outer loop
      vertex 1.4724750220775604 -2.1607899218797684 6.2
      vertex 1.7042033076286316 -2.2496882006525993 6.2
      vertex 1.9307589381933212 -1.4439221620559692 6.2
    endloop
  endfacet
  facet normal 0.3581787492644132 0.9336530316854225 0
    outer loop
      vertex 1.4724750220775604 -2.1607899218797684 6.2
      vertex 1.4724750220775604 -2.1607899218797684 7
      vertex 1.7042033076286316 -2.2496882006525993 6.2
    endloop
  endfacet
  facet normal 0.4699758505990922 0.8826792734927335 0
    outer loop
      vertex 1.2578080371022224 -2.0464921221137047 6.2
      vertex 1.2578080371022224 -2.0464921221137047 7
      vertex 1.4724750220775604 -2.1607899218797684 6.2
    endloop
  endfacet
  facet normal 0.24730292663978828 0.968938213961755 0
    outer loop
      vertex 1.7042033076286316 -2.2496882006525993 6.2
      vertex 1.7042033076286316 -2.2496882006525993 7
      vertex 1.9529929012060165 -2.3131869807839394 6.2
    endloop
  endfacet
  facet normal 0 0 1
    outer loop
      vertex 1.0602023676037788 -1.9067948162555695 6.2
      vertex 1.2578080371022224 -2.0464921221137047 6.2
      vertex 1.6941837519407272 -1.280312366783619 6.2
    endloop
  endfacet
  facet normal 0 0 1
    outer loop
      vertex 1.2578080371022224 -2.0464921221137047 6.2
      vertex 1.4724750220775604 -2.1607899218797684 6.2
      vertex 1.8085247352719307 -1.3702977523207664 6.2
    endloop
  endfacet
  facet normal 0 0 1
    outer loop
      vertex 0.8796579986810684 -1.741697996854782 6.2
      vertex 1.587736003100872 -1.173965997993946 6.2
      vertex 1.4925685748457909 -1.0517684072256088 6.2
    endloop
  endfacet
  facet normal 0 0 1
    outer loop
      vertex 1.0602023676037788 -1.9067948162555695 6.2
      vertex 1.6941837519407272 -1.280312366783619 6.2
      vertex 1.587736003100872 -1.173965997993946 6.2
    endloop
  endfacet
  facet normal 0 0 1
    outer loop
      vertex 1.2578080371022224 -2.0464921221137047 6.2
      vertex 1.8085247352719307 -1.3702977523207664 6.2
      vertex 1.6941837519407272 -1.280312366783619 6.2
    endloop
  endfacet
  facet normal 0 0 1
    outer loop
      vertex 1.4724750220775604 -2.1607899218797684 6.2
      vertex 1.9307589381933212 -1.4439221620559692 6.2
      vertex 1.8085247352719307 -1.3702977523207664 6.2
    endloop
  endfacet
  facet normal -0.6184419427287601 -0.785830492837913 0
    outer loop
      vertex 1.6941837519407272 -1.280312366783619 6.2
      vertex 1.8085247352719307 -1.3702977523207664 6.2
      vertex 1.8085247352719307 -1.3702977523207664 7
    endloop
  endfacet
  facet normal 0 0 1
    outer loop
      vertex 1.7042033076286316 -2.2496882006525993 6.2
      vertex 1.9529929012060165 -2.3131869807839394 6.2
      vertex 2.0608863681554794 -1.5011855885386467 6.2
    endloop
  endfacet
  facet normal 0 0 1
    outer loop
      vertex 1.9529929012060165 -2.3131869807839394 6.2
      vertex 2.2188437953591347 -2.3512862473726273 6.2
      vertex 2.1989070177078247 -1.5420880392193794 6.2
    endloop
  endfacet
  facet normal 0 0 1
    outer loop
      vertex 2.2188437953591347 -2.3512862473726273 6.2
      vertex 2.5017559975385666 -2.363986000418663 6.2
      vertex 2.3448208943009377 -1.5666295066475868 6.2
    endloop
  endfacet
  facet normal 0.14186129230366992 0.9898865458960097 0
    outer loop
      vertex 1.9529929012060165 -2.3131869807839394 6.2
      vertex 1.9529929012060165 -2.3131869807839394 7
      vertex 2.2188437953591347 -2.3512862473726273 6.2
    endloop
  endfacet
  facet normal 0.044844219847944296 0.9989939919470132 0
    outer loop
      vertex 2.2188437953591347 -2.3512862473726273 6.2
      vertex 2.2188437953591347 -2.3512862473726273 7
      vertex 2.5017559975385666 -2.363986000418663 6.2
    endloop
  endfacet
  facet normal 0 0 1
    outer loop
      vertex 1.7042033076286316 -2.2496882006525993 6.2
      vertex 2.0608863681554794 -1.5011855885386467 6.2
      vertex 1.9307589381933212 -1.4439221620559692 6.2
    endloop
  endfacet
  facet normal 0 0 1
    outer loop
      vertex 1.9529929012060165 -2.3131869807839394 6.2
      vertex 2.1989070177078247 -1.5420880392193794 6.2
      vertex 2.0608863681554794 -1.5011855885386467 6.2
    endloop
  endfacet
  facet normal 0 0 1
    outer loop
      vertex 2.2188437953591347 -2.3512862473726273 6.2
      vertex 2.3448208943009377 -1.5666295066475868 6.2
      vertex 2.1989070177078247 -1.5420880392193794 6.2
    endloop
  endfacet
  facet normal 0 0 1
    outer loop
      vertex 2.3448208943009377 -1.5666295066475868 6.2
      vertex 2.5017559975385666 -2.363986000418663 6.2
      vertex 2.4986279979348183 -1.5748099982738495 6.2
    endloop
  endfacet
  facet normal -0.5159578591460462 -0.8566139664898237 0
    outer loop
      vertex 1.8085247352719307 -1.3702977523207664 6.2
      vertex 1.9307589381933212 -1.4439221620559692 6.2
      vertex 1.9307589381933212 -1.4439221620559692 7
    endloop
  endfacet
  facet normal -0.402781970123494 -0.915295954619836 0
    outer loop
      vertex 1.9307589381933212 -1.4439221620559692 6.2
      vertex 2.0608863681554794 -1.5011855885386467 6.2
      vertex 2.0608863681554794 -1.5011855885386467 7
    endloop
  endfacet
  facet normal -0.28413586316808703 -0.9587840274335645 0
    outer loop
      vertex 2.0608863681554794 -1.5011855885386467 6.2
      vertex 2.1989070177078247 -1.5420880392193794 6.2
      vertex 2.1989070177078247 -1.5420880392193794 7
    endloop
  endfacet
  facet normal -0.053111627069940624 -0.998588581483878 0
    outer loop
      vertex 2.3448208943009377 -1.5666295066475868 6.2
      vertex 2.4986279979348183 -1.5748099982738495 6.2
      vertex 2.4986279979348183 -1.5748099982738495 7
    endloop
  endfacet
  facet normal -0.16586183671749216 -0.9861490004663088 0
    outer loop
      vertex 2.3448208943009377 -1.5666295066475868 6.2
      vertex 2.3448208943009377 -1.5666295066475868 7
      vertex 2.1989070177078247 -1.5420880392193794 6.2
    endloop
  endfacet
  facet normal 0.4699758505990922 0.8826792734927335 0
    outer loop
      vertex 1.4724750220775604 -2.1607899218797684 6.2
      vertex 1.2578080371022224 -2.0464921221137047 7
      vertex 1.4724750220775604 -2.1607899218797684 7
    endloop
  endfacet
  facet normal 0.3581787492644132 0.9336530316854225 0
    outer loop
      vertex 1.7042033076286316 -2.2496882006525993 6.2
      vertex 1.4724750220775604 -2.1607899218797684 7
      vertex 1.7042033076286316 -2.2496882006525993 7
    endloop
  endfacet
  facet normal 0.24730292663978828 0.968938213961755 0
    outer loop
      vertex 1.9529929012060165 -2.3131869807839394 6.2
      vertex 1.7042033076286316 -2.2496882006525993 7
      vertex 1.9529929012060165 -2.3131869807839394 7
    endloop
  endfacet
  facet normal -0.6184419427287601 -0.785830492837913 0
    outer loop
      vertex 1.6941837519407272 -1.280312366783619 6.2
      vertex 1.8085247352719307 -1.3702977523207664 7
      vertex 1.6941837519407272 -1.280312366783619 7
    endloop
  endfacet
  facet normal -0.5159578591460462 -0.8566139664898237 0
    outer loop
      vertex 1.8085247352719307 -1.3702977523207664 6.2
      vertex 1.9307589381933212 -1.4439221620559692 7
      vertex 1.8085247352719307 -1.3702977523207664 7
    endloop
  endfacet
  facet normal 0.14186129230366992 0.9898865458960097 0
    outer loop
      vertex 2.2188437953591347 -2.3512862473726273 6.2
      vertex 1.9529929012060165 -2.3131869807839394 7
      vertex 2.2188437953591347 -2.3512862473726273 7
    endloop
  endfacet
  facet normal 0.044844219847944296 0.9989939919470132 0
    outer loop
      vertex 2.2188437953591347 -2.3512862473726273 7
      vertex 2.5017559975385666 -2.363986000418663 7
      vertex 2.5017559975385666 -2.363986000418663 6.2
    endloop
  endfacet
  facet normal -0.402781970123494 -0.915295954619836 0
    outer loop
      vertex 1.9307589381933212 -1.4439221620559692 6.2
      vertex 2.0608863681554794 -1.5011855885386467 7
      vertex 1.9307589381933212 -1.4439221620559692 7
    endloop
  endfacet
  facet normal -0.28413586316808703 -0.9587840274335645 0
    outer loop
      vertex 2.0608863681554794 -1.5011855885386467 6.2
      vertex 2.1989070177078247 -1.5420880392193794 7
      vertex 2.0608863681554794 -1.5011855885386467 7
    endloop
  endfacet
  facet normal -0.053111627069940624 -0.998588581483878 0
    outer loop
      vertex 2.3448208943009377 -1.5666295066475868 6.2
      vertex 2.4986279979348183 -1.5748099982738495 7
      vertex 2.3448208943009377 -1.5666295066475868 7
    endloop
  endfacet
  facet normal -0.16586183671749216 -0.9861490004663088 0
    outer loop
      vertex 2.1989070177078247 -1.5420880392193794 6.2
      vertex 2.3448208943009377 -1.5666295066475868 7
      vertex 2.1989070177078247 -1.5420880392193794 7
    endloop
  endfacet
  facet normal -0.7889613916834877 -0.6144427739284223 0
    outer loop
      vertex 1.4925685748457909 -1.0517684072256088 6.2
      vertex 1.587736003100872 -1.173965997993946 6.2
      vertex 1.587736003100872 -1.173965997993946 7
    endloop
  endfacet
  facet normal -0.8629717279278644 -0.5052522110760092 0
    outer loop
      vertex 1.4925685748457909 -1.0517684072256088 6.2
      vertex 1.4925685748457909 -1.0517684072256088 7
      vertex 1.4120422825217247 -0.9142293483018875 6.2
    endloop
  endfacet
  facet normal -0.9183495021799416 -0.39577037767606266 0
    outer loop
      vertex 1.3461571410298347 -0.7613488137722015 6.2
      vertex 1.4120422825217247 -0.9142293483018875 6.2
      vertex 1.4120422825217247 -0.9142293483018875 7
    endloop
  endfacet
  facet normal -0.9566009886957578 -0.29140100965216026 0
    outer loop
      vertex 1.3461571410298347 -0.7613488137722015 6.2
      vertex 1.3461571410298347 -0.7613488137722015 7
      vertex 1.2949131429195404 -0.5931268185377121 6.2
    endloop
  endfacet
  facet normal -0.7067698189143696 -0.7074435829603298 0
    outer loop
      vertex 1.6941837519407272 -1.280312366783619 6.2
      vertex 1.6941837519407272 -1.280312366783619 7
      vertex 1.587736003100872 -1.173965997993946 6.2
    endloop
  endfacet
  facet normal -0.9806933634467725 -0.19555185218109467 0
    outer loop
      vertex 1.2949131429195404 -0.5931268185377121 6.2
      vertex 1.2949131429195404 -0.5931268185377121 7
      vertex 1.2583102881908417 -0.409563347697258 6.2
    endloop
  endfacet
  facet normal -0.9939596423110586 -0.10974620474928731 0
    outer loop
      vertex 1.236348569393158 -0.21065840870141983 6.2
      vertex 1.2583102881908417 -0.409563347697258 6.2
      vertex 1.2583102881908417 -0.409563347697258 7
    endloop
  endfacet
  facet normal -0.8629717279278644 -0.5052522110760092 0
    outer loop
      vertex 1.4120422825217247 -0.9142293483018875 6.2
      vertex 1.4925685748457909 -1.0517684072256088 7
      vertex 1.4120422825217247 -0.9142293483018875 7
    endloop
  endfacet
  facet normal -0.7889613916834877 -0.6144427739284223 0
    outer loop
      vertex 1.4925685748457909 -1.0517684072256088 6.2
      vertex 1.587736003100872 -1.173965997993946 7
      vertex 1.4925685748457909 -1.0517684072256088 7
    endloop
  endfacet
  facet normal -0.9183495021799416 -0.39577037767606266 0
    outer loop
      vertex 1.3461571410298347 -0.7613488137722015 6.2
      vertex 1.4120422825217247 -0.9142293483018875 7
      vertex 1.3461571410298347 -0.7613488137722015 7
    endloop
  endfacet
  facet normal -0.9566009886957578 -0.29140100965216026 0
    outer loop
      vertex 1.2949131429195404 -0.5931268185377121 6.2
      vertex 1.3461571410298347 -0.7613488137722015 7
      vertex 1.2949131429195404 -0.5931268185377121 7
    endloop
  endfacet
  facet normal -0.7067698189143696 -0.7074435829603298 0
    outer loop
      vertex 1.6941837519407272 -1.280312366783619 7
      vertex 1.587736003100872 -1.173965997993946 7
      vertex 1.587736003100872 -1.173965997993946 6.2
    endloop
  endfacet
  facet normal -0.9806933634467725 -0.19555185218109467 0
    outer loop
      vertex 1.2583102881908417 -0.409563347697258 6.2
      vertex 1.2949131429195404 -0.5931268185377121 7
      vertex 1.2583102881908417 -0.409563347697258 7
    endloop
  endfacet
  facet normal 0 0 1
    outer loop
      vertex 2.5017559975385666 -2.363986000418663 6.2
      vertex 2.781348690390587 -2.351222410798073 6.2
      vertex 2.652338407933712 -1.5666933432221413 6.2
    endloop
  endfacet
  facet normal 0 0 1
    outer loop
      vertex 2.781348690390587 -2.351222410798073 6.2
      vertex 3.0443907752633095 -2.3129316344857216 6.2
      vertex 2.7979622036218643 -1.5423433855175972 6.2
    endloop
  endfacet
  facet normal 0 0 1
    outer loop
      vertex 3.0443907752633095 -2.3129316344857216 6.2
      vertex 3.290882244706154 -2.2491136714816093 6.2
      vertex 2.935499384999275 -1.5017601251602173 6.2
    endloop
  endfacet
  facet normal -0.045603161849295734 0.9989596346346268 0
    outer loop
      vertex 2.5017559975385666 -2.363986000418663 6.2
      vertex 2.5017559975385666 -2.363986000418663 7
      vertex 2.781348690390587 -2.351222410798073 6.2
    endloop
  endfacet
  facet normal -0.14405077028545135 0.9895702984529033 0
    outer loop
      vertex 2.781348690390587 -2.351222410798073 6.2
      vertex 2.781348690390587 -2.351222410798073 7
      vertex 3.0443907752633095 -2.3129316344857216 6.2
    endloop
  endfacet
  facet normal 0 0 1
    outer loop
      vertex 2.4986279979348183 -1.5748099982738495 6.2
      vertex 2.5017559975385666 -2.363986000418663 6.2
      vertex 2.652338407933712 -1.5666933432221413 6.2
    endloop
  endfacet
  facet normal 0 0 1
    outer loop
      vertex 2.781348690390587 -2.351222410798073 6.2
      vertex 2.7979622036218643 -1.5423433855175972 6.2
      vertex 2.652338407933712 -1.5666933432221413 6.2
    endloop
  endfacet
  facet normal 0 0 1
    outer loop
      vertex 3.0443907752633095 -2.3129316344857216 6.2
      vertex 2.935499384999275 -1.5017601251602173 6.2
      vertex 2.7979622036218643 -1.5423433855175972 6.2
    endloop
  endfacet
  facet normal 0 0 1
    outer loop
      vertex 2.935499384999275 -1.5017601251602173 6.2
      vertex 3.290882244706154 -2.2491136714816093 6.2
      vertex 3.0649499595165253 -1.444943554699421 6.2
    endloop
  endfacet
  facet normal 0.052731383746817774 -0.9986087327718228 0
    outer loop
      vertex 2.4986279979348183 -1.5748099982738495 6.2
      vertex 2.652338407933712 -1.5666933432221413 6.2
      vertex 2.652338407933712 -1.5666933432221413 7
    endloop
  endfacet
  facet normal 0.1649217105206896 -0.98630666093205 0
    outer loop
      vertex 2.652338407933712 -1.5666933432221413 6.2
      vertex 2.7979622036218643 -1.5423433855175972 6.2
      vertex 2.7979622036218643 -1.5423433855175972 7
    endloop
  endfacet
  facet normal 0.28300796360741143 -0.9591175592881126 0
    outer loop
      vertex 2.7979622036218643 -1.5423433855175972 6.2
      vertex 2.935499384999275 -1.5017601251602173 6.2
      vertex 2.935499384999275 -1.5017601251602173 7
    endloop
  endfacet
  facet normal 0.40189879429895903 -0.9156840935284629 0
    outer loop
      vertex 2.935499384999275 -1.5017601251602173 6.2
      vertex 3.0649499595165253 -1.444943554699421 6.2
      vertex 3.0649499595165253 -1.444943554699421 7
    endloop
  endfacet
  facet normal 0 0 1
    outer loop
      vertex 3.0649499595165253 -1.444943554699421 6.2
      vertex 3.290882244706154 -2.2491136714816093 6.2
      vertex 3.52082309871912 -2.1597685292363167 6.2
    endloop
  endfacet
  facet normal -0.25064112134032457 0.9680800732859162 0
    outer loop
      vertex 3.0443907752633095 -2.3129316344857216 6.2
      vertex 3.0443907752633095 -2.3129316344857216 7
      vertex 3.290882244706154 -2.2491136714816093 6.2
    endloop
  endfacet
  facet normal -0.36217757749029716 0.9321091150521271 0
    outer loop
      vertex 3.290882244706154 -2.2491136714816093 6.2
      vertex 3.290882244706154 -2.2491136714816093 7
      vertex 3.52082309871912 -2.1597685292363167 6.2
    endloop
  endfacet
  facet normal -0.4740034744932054 0.8805229731065335 0
    outer loop
      vertex 3.52082309871912 -2.1597685292363167 6.2
      vertex 3.52082309871912 -2.1597685292363167 7
      vertex 3.7342133447527885 -2.0448962077498436 6.2
    endloop
  endfacet
  facet normal 0 0 1
    outer loop
      vertex 3.0649499595165253 -1.444943554699421 6.2
      vertex 3.52082309871912 -2.1597685292363167 6.2
      vertex 3.186313919723034 -1.3718936741352081 6.2
    endloop
  endfacet
  facet normal 0 0 1
    outer loop
      vertex 3.7342133447527885 -2.0448962077498436 6.2
      vertex 3.299591265618801 -1.2826104909181595 6.2
      vertex 3.186313919723034 -1.3718936741352081 6.2
    endloop
  endfacet
  facet normal 0 0 1
    outer loop
      vertex 3.52082309871912 -2.1597685292363167 6.2
      vertex 3.7342133447527885 -2.0448962077498436 6.2
      vertex 3.186313919723034 -1.3718936741352081 6.2
    endloop
  endfacet
  facet normal 0 0 1
    outer loop
      vertex 3.7342133447527885 -2.0448962077498436 6.2
      vertex 3.9310529828071594 -1.904496692121029 6.2
      vertex 3.299591265618801 -1.2826104909181595 6.2
    endloop
  endfacet
  facet normal 0 0 1
    outer loop
      vertex 3.299591265618801 -1.2826104909181595 6.2
      vertex 3.9310529828071594 -1.904496692121029 6.2
      vertex 3.404781997203827 -1.1770939975976944 6.2
    endloop
  endfacet
  facet normal 0 0 1
    outer loop
      vertex 3.404781997203827 -1.1770939975976944 6.2
      vertex 4.1113419979810715 -1.7385699972510338 6.2
      vertex 3.498716816306114 -1.0553432628512383 6.2
    endloop
  endfacet
  facet normal 0.5156969485657025 -0.8567710646608132 0
    outer loop
      vertex 3.0649499595165253 -1.444943554699421 6.2
      vertex 3.186313919723034 -1.3718936741352081 6.2
      vertex 3.186313919723034 -1.3718936741352081 7
    endloop
  endfacet
  facet normal 0.6190192224225839 -0.7853758350441777 0
    outer loop
      vertex 3.186313919723034 -1.3718936741352081 6.2
      vertex 3.299591265618801 -1.2826104909181595 6.2
      vertex 3.299591265618801 -1.2826104909181595 7
    endloop
  endfacet
  facet normal -0.045603161849295734 0.9989596346346268 0
    outer loop
      vertex 2.781348690390587 -2.351222410798073 6.2
      vertex 2.5017559975385666 -2.363986000418663 7
      vertex 2.781348690390587 -2.351222410798073 7
    endloop
  endfacet
  facet normal -0.14405077028545135 0.9895702984529033 0
    outer loop
      vertex 3.0443907752633095 -2.3129316344857216 6.2
      vertex 2.781348690390587 -2.351222410798073 7
      vertex 3.0443907752633095 -2.3129316344857216 7
    endloop
  endfacet
  facet normal 0.052731383746817774 -0.9986087327718228 0
    outer loop
      vertex 2.4986279979348183 -1.5748099982738495 6.2
      vertex 2.652338407933712 -1.5666933432221413 7
      vertex 2.4986279979348183 -1.5748099982738495 7
    endloop
  endfacet
  facet normal 0.1649217105206896 -0.98630666093205 0
    outer loop
      vertex 2.652338407933712 -1.5666933432221413 6.2
      vertex 2.7979622036218643 -1.5423433855175972 7
      vertex 2.652338407933712 -1.5666933432221413 7
    endloop
  endfacet
  facet normal 0.28300796360741143 -0.9591175592881126 0
    outer loop
      vertex 2.7979622036218643 -1.5423433855175972 6.2
      vertex 2.935499384999275 -1.5017601251602173 7
      vertex 2.7979622036218643 -1.5423433855175972 7
    endloop
  endfacet
  facet normal 0.40189879429895903 -0.9156840935284629 0
    outer loop
      vertex 2.935499384999275 -1.5017601251602173 6.2
      vertex 3.0649499595165253 -1.444943554699421 7
      vertex 2.935499384999275 -1.5017601251602173 7
    endloop
  endfacet
  facet normal 0.5156969485657025 -0.8567710646608132 0
    outer loop
      vertex 3.0649499595165253 -1.444943554699421 6.2
      vertex 3.186313919723034 -1.3718936741352081 7
      vertex 3.0649499595165253 -1.444943554699421 7
    endloop
  endfacet
  facet normal -0.25064112134032457 0.9680800732859162 0
    outer loop
      vertex 3.290882244706154 -2.2491136714816093 6.2
      vertex 3.0443907752633095 -2.3129316344857216 7
      vertex 3.290882244706154 -2.2491136714816093 7
    endloop
  endfacet
  facet normal -0.36217757749029716 0.9321091150521271 0
    outer loop
      vertex 3.52082309871912 -2.1597685292363167 6.2
      vertex 3.290882244706154 -2.2491136714816093 7
      vertex 3.52082309871912 -2.1597685292363167 7
    endloop
  endfacet
  facet normal -0.4740034744932054 0.8805229731065335 0
    outer loop
      vertex 3.7342133447527885 -2.0448962077498436 6.2
      vertex 3.52082309871912 -2.1597685292363167 7
      vertex 3.7342133447527885 -2.0448962077498436 7
    endloop
  endfacet
  facet normal 0.6190192224225839 -0.7853758350441777 0
    outer loop
      vertex 3.186313919723034 -1.3718936741352081 6.2
      vertex 3.299591265618801 -1.2826104909181595 7
      vertex 3.186313919723034 -1.3718936741352081 7
    endloop
  endfacet
  facet normal 0.7081991499625867 -0.7060127222594997 0
    outer loop
      vertex 3.299591265618801 -1.2826104909181595 6.2
      vertex 3.404781997203827 -1.1770939975976944 6.2
      vertex 3.404781997203827 -1.1770939975976944 7
    endloop
  endfacet
  facet normal 0.7917419233431279 -0.6108557332307887 0
    outer loop
      vertex 3.404781997203827 -1.1770939975976944 6.2
      vertex 3.498716816306114 -1.0553432628512383 6.2
      vertex 3.498716816306114 -1.0553432628512383 7
    endloop
  endfacet
  facet normal 0.8665223146713318 -0.49913833571129096 0
    outer loop
      vertex 3.498716816306114 -1.0553432628512383 6.2
      vertex 3.578200124204159 -0.9173573479056358 6.2
      vertex 3.578200124204159 -0.9173573479056358 7
    endloop
  endfacet
  facet normal 0.9214288351097001 -0.3885471680869405 0
    outer loop
      vertex 3.578200124204159 -0.9173573479056358 6.2
      vertex 3.6432319208979607 -0.7631362453103065 6.2
      vertex 3.6432319208979607 -0.7631362453103065 7
    endloop
  endfacet
  facet normal 0.9586835677039374 -0.2844746333409181 0
    outer loop
      vertex 3.6432319208979607 -0.7631362453103065 6.2
      vertex 3.69381220638752 -0.592679962515831 6.2
      vertex 3.69381220638752 -0.592679962515831 7
    endloop
  endfacet
  facet normal 0.9817848133080104 -0.18999626406262626 0
    outer loop
      vertex 3.69381220638752 -0.592679962515831 6.2
      vertex 3.7299409806728363 -0.40598849207162857 6.2
      vertex 3.7299409806728363 -0.40598849207162857 7
    endloop
  endfacet
  facet normal 0.9943427791450817 -0.10621881924609876 0
    outer loop
      vertex 3.7299409806728363 -0.40598849207162857 6.2
      vertex 3.75161824375391 -0.20306183397769928 6.2
      vertex 3.75161824375391 -0.20306183397769928 7
    endloop
  endfacet
  facet normal 0.7081991499625867 -0.7060127222594997 0
    outer loop
      vertex 3.299591265618801 -1.2826104909181595 6.2
      vertex 3.404781997203827 -1.1770939975976944 7
      vertex 3.299591265618801 -1.2826104909181595 7
    endloop
  endfacet
  facet normal 0.7917419233431279 -0.6108557332307887 0
    outer loop
      vertex 3.404781997203827 -1.1770939975976944 6.2
      vertex 3.498716816306114 -1.0553432628512383 7
      vertex 3.404781997203827 -1.1770939975976944 7
    endloop
  endfacet
  facet normal 0.8665223146713318 -0.49913833571129096 0
    outer loop
      vertex 3.498716816306114 -1.0553432628512383 6.2
      vertex 3.578200124204159 -0.9173573479056358 7
      vertex 3.498716816306114 -1.0553432628512383 7
    endloop
  endfacet
  facet normal 0.9214288351097001 -0.3885471680869405 0
    outer loop
      vertex 3.578200124204159 -0.9173573479056358 6.2
      vertex 3.6432319208979607 -0.7631362453103065 7
      vertex 3.578200124204159 -0.9173573479056358 7
    endloop
  endfacet
  facet normal 0.9586835677039374 -0.2844746333409181 0
    outer loop
      vertex 3.6432319208979607 -0.7631362453103065 6.2
      vertex 3.69381220638752 -0.592679962515831 7
      vertex 3.6432319208979607 -0.7631362453103065 7
    endloop
  endfacet
  facet normal 0.9817848133080104 -0.18999626406262626 0
    outer loop
      vertex 3.69381220638752 -0.592679962515831 6.2
      vertex 3.7299409806728363 -0.40598849207162857 7
      vertex 3.69381220638752 -0.592679962515831 7
    endloop
  endfacet
  facet normal 0.9943427791450817 -0.10621881924609876 0
    outer loop
      vertex 3.7299409806728363 -0.40598849207162857 6.2
      vertex 3.75161824375391 -0.20306183397769928 7
      vertex 3.7299409806728363 -0.40598849207162857 7
    endloop
  endfacet
  facet normal -0.5806897052421036 0.8141249696611932 0
    outer loop
      vertex 3.7342133447527885 -2.0448962077498436 6.2
      vertex 3.7342133447527885 -2.0448962077498436 7
      vertex 3.9310529828071594 -1.904496692121029 6.2
    endloop
  endfacet
  facet normal 0 0 1
    outer loop
      vertex 3.404781997203827 -1.1770939975976944 6.2
      vertex 3.9310529828071594 -1.904496692121029 6.2
      vertex 4.1113419979810715 -1.7385699972510338 6.2
    endloop
  endfacet
  facet normal 0 0 1
    outer loop
      vertex 3.498716816306114 -1.0553432628512383 6.2
      vertex 4.1113419979810715 -1.7385699972510338 6.2
      vertex 4.271069020032883 -1.5500319600105286 6.2
    endloop
  endfacet
  facet normal 0 0 1
    outer loop
      vertex 3.578200124204159 -0.9173573479056358 6.2
      vertex 4.271069020032883 -1.5500319600105286 6.2
      vertex 4.406222656369209 -1.341824695467949 6.2
    endloop
  endfacet
  facet normal -0.6771909133045229 0.7358073572191204 0
    outer loop
      vertex 3.9310529828071594 -1.904496692121029 6.2
      vertex 3.9310529828071594 -1.904496692121029 7
      vertex 4.1113419979810715 -1.7385699972510338 6.2
    endloop
  endfacet
  facet normal -0.7629973411884985 0.6464016223210474 0
    outer loop
      vertex 4.1113419979810715 -1.7385699972510338 6.2
      vertex 4.1113419979810715 -1.7385699972510338 7
      vertex 4.271069020032883 -1.5500319600105286 6.2
    endloop
  endfacet
  facet normal -0.838776805707421 0.5444754082667604 0
    outer loop
      vertex 4.271069020032883 -1.5500319600105286 6.2
      vertex 4.271069020032883 -1.5500319600105286 7
      vertex 4.406222656369209 -1.341824695467949 6.2
    endloop
  endfacet
  facet normal -0.8996673284037552 0.4365761081447882 0
    outer loop
      vertex 4.406222656369209 -1.341824695467949 6.2
      vertex 4.406222656369209 -1.341824695467949 7
      vertex 4.516802899539471 -1.1139482036232948 6.2
    endloop
  endfacet
  facet normal -0.5806897052421036 0.8141249696611932 0
    outer loop
      vertex 3.7342133447527885 -2.0448962077498436 7
      vertex 3.9310529828071594 -1.904496692121029 7
      vertex 3.9310529828071594 -1.904496692121029 6.2
    endloop
  endfacet
  facet normal -0.6771909133045229 0.7358073572191204 0
    outer loop
      vertex 4.1113419979810715 -1.7385699972510338 6.2
      vertex 3.9310529828071594 -1.904496692121029 7
      vertex 4.1113419979810715 -1.7385699972510338 7
    endloop
  endfacet
  facet normal -0.7629973411884985 0.6464016223210474 0
    outer loop
      vertex 4.271069020032883 -1.5500319600105286 6.2
      vertex 4.1113419979810715 -1.7385699972510338 7
      vertex 4.271069020032883 -1.5500319600105286 7
    endloop
  endfacet
  facet normal -0.838776805707421 0.5444754082667604 0
    outer loop
      vertex 4.406222656369209 -1.341824695467949 6.2
      vertex 4.271069020032883 -1.5500319600105286 7
      vertex 4.406222656369209 -1.341824695467949 7
    endloop
  endfacet
  facet normal 0 0 1
    outer loop
      vertex 3.498716816306114 -1.0553432628512383 6.2
      vertex 4.271069020032883 -1.5500319600105286 6.2
      vertex 3.578200124204159 -0.9173573479056358 6.2
    endloop
  endfacet
  facet normal 0 0 1
    outer loop
      vertex 3.578200124204159 -0.9173573479056358 6.2
      vertex 4.516802899539471 -1.1139482036232948 6.2
      vertex 3.6432319208979607 -0.7631362453103065 6.2
    endloop
  endfacet
  facet normal 0 0 1
    outer loop
      vertex 3.6432319208979607 -0.7631362453103065 6.2
      vertex 4.602809756994247 -0.8664024919271469 6.2
      vertex 3.69381220638752 -0.592679962515831 6.2
    endloop
  endfacet
  facet normal 0 0 1
    outer loop
      vertex 3.578200124204159 -0.9173573479056358 6.2
      vertex 4.406222656369209 -1.341824695467949 6.2
      vertex 4.516802899539471 -1.1139482036232948 6.2
    endloop
  endfacet
  facet normal 0 0 1
    outer loop
      vertex 3.6432319208979607 -0.7631362453103065 6.2
      vertex 4.516802899539471 -1.1139482036232948 6.2
      vertex 4.602809756994247 -0.8664024919271469 6.2
    endloop
  endfacet
  facet normal 0 0 1
    outer loop
      vertex 3.69381220638752 -0.592679962515831 6.2
      vertex 4.602809756994247 -0.8664024919271469 6.2
      vertex 4.664243221282959 -0.5991875529289246 6.2
    endloop
  endfacet
  facet normal 0 0 1
    outer loop
      vertex 3.69381220638752 -0.592679962515831 6.2
      vertex 4.664243221282959 -0.5991875529289246 6.2
      vertex 3.7299409806728363 -0.40598849207162857 6.2
    endloop
  endfacet
  facet normal 0 0 1
    outer loop
      vertex 3.7299409806728363 -0.40598849207162857 6.2
      vertex 4.7011033073067665 -0.3123033866286278 6.2
      vertex 3.75161824375391 -0.20306183397769928 6.2
    endloop
  endfacet
  facet normal 0 0 1
    outer loop
      vertex 3.7299409806728363 -0.40598849207162857 6.2
      vertex 4.664243221282959 -0.5991875529289246 6.2
      vertex 4.7011033073067665 -0.3123033866286278 6.2
    endloop
  endfacet
  facet normal 0 0 1
    outer loop
      vertex 3.75161824375391 -0.20306183397769928 6.2
      vertex 4.713390000164509 -0.005750000476837158 6.2
      vertex 3.7588440030813217 0.016099996864795685 6.2
    endloop
  endfacet
  facet normal 0.9994569331909234 -0.032952066651335266 0
    outer loop
      vertex 3.75161824375391 -0.20306183397769928 6.2
      vertex 3.7588440030813217 0.016099996864795685 6.2
      vertex 3.7588440030813217 0.016099996864795685 7
    endloop
  endfacet
  facet normal -0.9446104050267194 0.32819381882548776 0
    outer loop
      vertex 4.516802899539471 -1.1139482036232948 6.2
      vertex 4.516802899539471 -1.1139482036232948 7
      vertex 4.602809756994247 -0.8664024919271469 6.2
    endloop
  endfacet
  facet normal -0.9745758741394855 0.22405772815338823 0
    outer loop
      vertex 4.602809756994247 -0.8664024919271469 6.2
      vertex 4.602809756994247 -0.8664024919271469 7
      vertex 4.664243221282959 -0.5991875529289246 6.2
    endloop
  endfacet
  facet normal 0 0 1
    outer loop
      vertex 3.75161824375391 -0.20306183397769928 6.2
      vertex 4.7011033073067665 -0.3123033866286278 6.2
      vertex 4.713390000164509 -0.005750000476837158 6.2
    endloop
  endfacet
  facet normal -0.9918467129308263 0.12743664327152923 0
    outer loop
      vertex 4.664243221282959 -0.5991875529289246 6.2
      vertex 4.664243221282959 -0.5991875529289246 7
      vertex 4.7011033073067665 -0.3123033866286278 6.2
    endloop
  endfacet
  facet normal -0.9991977588869098 0.040047954197149245 0
    outer loop
      vertex 4.7011033073067665 -0.3123033866286278 6.2
      vertex 4.7011033073067665 -0.3123033866286278 7
      vertex 4.713390000164509 -0.005750000476837158 6.2
    endloop
  endfacet
  facet normal 0.9994569331909234 -0.032952066651335266 0
    outer loop
      vertex 3.75161824375391 -0.20306183397769928 6.2
      vertex 3.7588440030813217 0.016099996864795685 7
      vertex 3.75161824375391 -0.20306183397769928 7
    endloop
  endfacet
  facet normal -0.8996673284037552 0.4365761081447882 0
    outer loop
      vertex 4.406222656369209 -1.341824695467949 7
      vertex 4.516802899539471 -1.1139482036232948 7
      vertex 4.516802899539471 -1.1139482036232948 6.2
    endloop
  endfacet
  facet normal -0.9446104050267194 0.32819381882548776 0
    outer loop
      vertex 4.602809756994247 -0.8664024919271469 6.2
      vertex 4.516802899539471 -1.1139482036232948 7
      vertex 4.602809756994247 -0.8664024919271469 7
    endloop
  endfacet
  facet normal -0.9745758741394855 0.22405772815338823 0
    outer loop
      vertex 4.664243221282959 -0.5991875529289246 6.2
      vertex 4.602809756994247 -0.8664024919271469 7
      vertex 4.664243221282959 -0.5991875529289246 7
    endloop
  endfacet
  facet normal -0.9918467129308263 0.12743664327152923 0
    outer loop
      vertex 4.7011033073067665 -0.3123033866286278 6.2
      vertex 4.664243221282959 -0.5991875529289246 7
      vertex 4.7011033073067665 -0.3123033866286278 7
    endloop
  endfacet
  facet normal -0.9991977588869098 0.040047954197149245 0
    outer loop
      vertex 4.713390000164509 -0.005750000476837158 6.2
      vertex 4.7011033073067665 -0.3123033866286278 7
      vertex 4.713390000164509 -0.005750000476837158 7
    endloop
  endfacet
  facet normal 0 1 0
    outer loop
      vertex 5.434256002306938 -2.2860160022974014 6.2
      vertex 5.434256002306938 -2.2860160022974014 7
      vertex 6.357614003121853 -2.2860160022974014 6.2
    endloop
  endfacet
  facet normal 0 0 1
    outer loop
      vertex 5.434256002306938 -2.2860160022974014 6.2
      vertex 6.357614003121853 -2.2860160022974014 6.2
      vertex 6.357614003121853 -0.5610160008072853 6.2
    endloop
  endfacet
  facet normal 0 1 0
    outer loop
      vertex 5.434256002306938 -2.2860160022974014 7
      vertex 6.357614003121853 -2.2860160022974014 7
      vertex 6.357614003121853 -2.2860160022974014 6.2
    endloop
  endfacet
  facet normal 0 0 1
    outer loop
      vertex 5.434256002306938 -2.2860160022974014 6.2
      vertex 6.357614003121853 -0.5610160008072853 6.2
      vertex 5.434256002306938 2.286981999874115 6.2
    endloop
  endfacet
  facet normal 1 0 0
    outer loop
      vertex 5.434256002306938 -2.2860160022974014 6.2
      vertex 5.434256002306938 2.286981999874115 7
      vertex 5.434256002306938 -2.2860160022974014 7
    endloop
  endfacet
  facet normal -1 0 0
    outer loop
      vertex 6.357614003121853 -2.2860160022974014 6.2
      vertex 6.357614003121853 -2.2860160022974014 7
      vertex 6.357614003121853 -0.5610160008072853 6.2
    endloop
  endfacet
  facet normal 0 0 1
    outer loop
      vertex 6.357614003121853 -0.5610160008072853 6.2
      vertex 6.862924002110958 0.21574000269174576 6.2
      vertex 6.357614003121853 0.21574000269174576 6.2
    endloop
  endfacet
  facet normal 0 0 1
    outer loop
      vertex 6.357614003121853 -0.5610160008072853 6.2
      vertex 6.959615997970104 -0.5610160008072853 6.2
      vertex 6.862924002110958 0.21574000269174576 6.2
    endloop
  endfacet
  facet normal 0 1 0
    outer loop
      vertex 6.357614003121853 -0.5610160008072853 6.2
      vertex 6.357614003121853 -0.5610160008072853 7
      vertex 6.959615997970104 -0.5610160008072853 6.2
    endloop
  endfacet
  facet normal 0 0 1
    outer loop
      vertex 6.959615997970104 -0.5610160008072853 6.2
      vertex 7.011505879461765 0.2172035500407219 6.2
      vertex 6.862924002110958 0.21574000269174576 6.2
    endloop
  endfacet
  facet normal 0 0 1
    outer loop
      vertex 6.959615997970104 -0.5610160008072853 6.2
      vertex 7.1327177584171295 -0.5596791803836823 6.2
      vertex 7.011505879461765 0.2172035500407219 6.2
    endloop
  endfacet
  facet normal 0 0 1
    outer loop
      vertex 7.1327177584171295 -0.5596791803836823 6.2
      vertex 7.145318940281868 0.2215942069888115 6.2
      vertex 7.011505879461765 0.2172035500407219 6.2
    endloop
  endfacet
  facet normal 0 0 1
    outer loop
      vertex 7.1327177584171295 -0.5596791803836823 6.2
      vertex 7.293722450733185 -0.5556687340140343 6.2
      vertex 7.145318940281868 0.2215942069888115 6.2
    endloop
  endfacet
  facet normal 0 0 1
    outer loop
      vertex 7.293722450733185 -0.5556687340140343 6.2
      vertex 7.442630082368851 -0.5489846542477608 6.2
      vertex 7.264363184571266 0.22891195863485336 6.2
    endloop
  endfacet
  facet normal 0 0 1
    outer loop
      vertex 7.293722450733185 -0.5556687340140343 6.2
      vertex 7.264363184571266 0.22891195863485336 6.2
      vertex 7.145318940281868 0.2215942069888115 6.2
    endloop
  endfacet
  facet normal 0 0 1
    outer loop
      vertex 7.442630082368851 -0.5489846542477608 6.2
      vertex 7.579440653324127 -0.5396269410848618 6.2
      vertex 7.36863861232996 0.2391568198800087 6.2
    endloop
  endfacet
  facet normal 0 0 1
    outer loop
      vertex 7.442630082368851 -0.5489846542477608 6.2
      vertex 7.36863861232996 0.2391568198800087 6.2
      vertex 7.264363184571266 0.22891195863485336 6.2
    endloop
  endfacet
  facet normal 0 0 1
    outer loop
      vertex 7.579440653324127 -0.5396269410848618 6.2
      vertex 7.458145223557949 0.2523287758231163 6.2
      vertex 7.36863861232996 0.2391568198800087 6.2
    endloop
  endfacet
  facet normal -0.0077225128007966885 0.999970180953433 0
    outer loop
      vertex 6.959615997970104 -0.5610160008072853 6.2
      vertex 6.959615997970104 -0.5610160008072853 7
      vertex 7.1327177584171295 -0.5596791803836823 6.2
    endloop
  endfacet
  facet normal -0.024901155024747556 0.9996899181638441 0
    outer loop
      vertex 7.1327177584171295 -0.5596791803836823 6.2
      vertex 7.1327177584171295 -0.5596791803836823 7
      vertex 7.293722450733185 -0.5556687340140343 6.2
    endloop
  endfacet
  facet normal -0.044842269265202295 0.998994079505553 0
    outer loop
      vertex 7.293722450733185 -0.5556687340140343 6.2
      vertex 7.293722450733185 -0.5556687340140343 7
      vertex 7.442630082368851 -0.5489846542477608 6.2
    endloop
  endfacet
  facet normal -0.06823960972468039 0.9976689609608105 0
    outer loop
      vertex 7.442630082368851 -0.5489846542477608 6.2
      vertex 7.442630082368851 -0.5489846542477608 7
      vertex 7.579440653324127 -0.5396269410848618 6.2
    endloop
  endfacet
  facet normal -1 0 0
    outer loop
      vertex 6.357614003121853 -2.2860160022974014 7
      vertex 6.357614003121853 -0.5610160008072853 7
      vertex 6.357614003121853 -0.5610160008072853 6.2
    endloop
  endfacet
  facet normal 0 1 0
    outer loop
      vertex 6.959615997970104 -0.5610160008072853 6.2
      vertex 6.357614003121853 -0.5610160008072853 7
      vertex 6.959615997970104 -0.5610160008072853 7
    endloop
  endfacet
  facet normal -0.0077225128007966885 0.999970180953433 0
    outer loop
      vertex 7.1327177584171295 -0.5596791803836823 6.2
      vertex 6.959615997970104 -0.5610160008072853 7
      vertex 7.1327177584171295 -0.5596791803836823 7
    endloop
  endfacet
  facet normal -0.024901155024747556 0.9996899181638441 0
    outer loop
      vertex 7.293722450733185 -0.5556687340140343 6.2
      vertex 7.1327177584171295 -0.5596791803836823 7
      vertex 7.293722450733185 -0.5556687340140343 7
    endloop
  endfacet
  facet normal -0.044842269265202295 0.998994079505553 0
    outer loop
      vertex 7.442630082368851 -0.5489846542477608 6.2
      vertex 7.293722450733185 -0.5556687340140343 7
      vertex 7.442630082368851 -0.5489846542477608 7
    endloop
  endfacet
  facet normal 0 0 1
    outer loop
      vertex 7.579440653324127 -0.5396269410848618 6.2
      vertex 7.704154163599014 -0.5275955945253372 6.2
      vertex 7.532883018255234 0.2684278339147568 6.2
    endloop
  endfacet
  facet normal 0 0 1
    outer loop
      vertex 7.579440653324127 -0.5396269410848618 6.2
      vertex 7.532883018255234 0.2684278339147568 6.2
      vertex 7.458145223557949 0.2523287758231163 6.2
    endloop
  endfacet
  facet normal 0 0 1
    outer loop
      vertex 7.704154163599014 -0.5275955945253372 6.2
      vertex 7.816770613193512 -0.5128906145691872 6.2
      vertex 7.592851996421814 0.2874540016055107 6.2
    endloop
  endfacet
  facet normal 0 0 1
    outer loop
      vertex 7.816770613193512 -0.5128906145691872 6.2
      vertex 7.91729000210762 -0.4955120012164116 6.2
      vertex 7.64381343126297 0.3096119165420532 6.2
    endloop
  endfacet
  facet normal 0 0 1
    outer loop
      vertex 7.91729000210762 -0.4955120012164116 6.2
      vertex 7.986643917858601 -0.47809865325689316 6.2
      vertex 7.64381343126297 0.3096119165420532 6.2
    endloop
  endfacet
  facet normal 0 0 1
    outer loop
      vertex 7.986643917858601 -0.47809865325689316 6.2
      vertex 8.05568052828312 -0.4561660438776016 6.2
      vertex 7.69152857363224 0.33507996052503586 6.2
    endloop
  endfacet
  facet normal 0 0 1
    outer loop
      vertex 8.05568052828312 -0.4561660438776016 6.2
      vertex 8.124399833381176 -0.4297141656279564 6.2
      vertex 7.69152857363224 0.33507996052503586 6.2
    endloop
  endfacet
  facet normal 0 0 1
    outer loop
      vertex 8.124399833381176 -0.4297141656279564 6.2
      vertex 8.192801833152771 -0.39874301850795746 6.2
      vertex 7.7359974309802055 0.363858126103878 6.2
    endloop
  endfacet
  facet normal 0 0 1
    outer loop
      vertex 8.192801833152771 -0.39874301850795746 6.2
      vertex 8.260886527597904 -0.3632526099681854 6.2
      vertex 7.7359974309802055 0.363858126103878 6.2
    endloop
  endfacet
  facet normal 0 0 1
    outer loop
      vertex 8.260886527597904 -0.3632526099681854 6.2
      vertex 8.328653916716576 -0.3232429400086403 6.2
      vertex 7.777220003306866 0.3959464058279991 6.2
    endloop
  endfacet
  facet normal -0.09602606416259268 0.9953788198477209 0
    outer loop
      vertex 7.579440653324127 -0.5396269410848618 6.2
      vertex 7.579440653324127 -0.5396269410848618 7
      vertex 7.704154163599014 -0.5275955945253372 6.2
    endloop
  endfacet
  facet normal -0.12947664768489875 0.9915824714587691 0
    outer loop
      vertex 7.704154163599014 -0.5275955945253372 6.2
      vertex 7.704154163599014 -0.5275955945253372 7
      vertex 7.816770613193512 -0.5128906145691872 6.2
    endloop
  endfacet
  facet normal -0.17036084798591244 0.985381744033002 0
    outer loop
      vertex 7.816770613193512 -0.5128906145691872 6.2
      vertex 7.816770613193512 -0.5128906145691872 7
      vertex 7.91729000210762 -0.4955120012164116 6.2
    endloop
  endfacet
  facet normal -0.2435209332318525 0.9698956413335857 0
    outer loop
      vertex 7.91729000210762 -0.4955120012164116 6.2
      vertex 7.91729000210762 -0.4955120012164116 7
      vertex 7.986643917858601 -0.47809865325689316 6.2
    endloop
  endfacet
  facet normal -0.30278260824827075 0.9530596477358457 0
    outer loop
      vertex 7.986643917858601 -0.47809865325689316 6.2
      vertex 7.986643917858601 -0.47809865325689316 7
      vertex 8.05568052828312 -0.4561660438776016 6.2
    endloop
  endfacet
  facet normal -0.35923195850656076 0.933248305644077 0
    outer loop
      vertex 8.05568052828312 -0.4561660438776016 6.2
      vertex 8.05568052828312 -0.4561660438776016 7
      vertex 8.124399833381176 -0.4297141656279564 6.2
    endloop
  endfacet
  facet normal 0 0 1
    outer loop
      vertex 8.328653916716576 -0.3232429400086403 6.2
      vertex 8.396104000508785 -0.27871400117874146 6.2
      vertex 7.81519628316164 0.43134481459856033 6.2
    endloop
  endfacet
  facet normal 0 0 1
    outer loop
      vertex 8.396104000508785 -0.27871400117874146 6.2
      vertex 8.461708448827267 -0.2293991819024086 6.2
      vertex 7.81519628316164 0.43134481459856033 6.2
    endloop
  endfacet
  facet normal -0.4124706033755989 0.9109709113637874 0
    outer loop
      vertex 8.124399833381176 -0.4297141656279564 6.2
      vertex 8.124399833381176 -0.4297141656279564 7
      vertex 8.192801833152771 -0.39874301850795746 6.2
    endloop
  endfacet
  facet normal -0.4622379570202079 0.8867559253198054 0
    outer loop
      vertex 8.192801833152771 -0.39874301850795746 6.2
      vertex 8.192801833152771 -0.39874301850795746 7
      vertex 8.260886527597904 -0.3632526099681854 6.2
    endloop
  endfacet
  facet normal -0.5084024931823601 0.8611195648259076 0
    outer loop
      vertex 8.260886527597904 -0.3632526099681854 6.2
      vertex 8.260886527597904 -0.3632526099681854 7
      vertex 8.328653916716576 -0.3232429400086403 6.2
    endloop
  endfacet
  facet normal -0.5509446224712377 0.8345418042075697 0
    outer loop
      vertex 8.328653916716576 -0.3232429400086403 6.2
      vertex 8.328653916716576 -0.3232429400086403 7
      vertex 8.396104000508785 -0.27871400117874146 6.2
    endloop
  endfacet
  facet normal -0.6008689886384 0.7993475204769614 0
    outer loop
      vertex 8.396104000508785 -0.27871400117874146 6.2
      vertex 8.396104000508785 -0.27871400117874146 7
      vertex 8.461708448827267 -0.2293991819024086 6.2
    endloop
  endfacet
  facet normal -0.6577456519262455 0.7532401060565738 0
    outer loop
      vertex 8.461708448827267 -0.2293991819024086 6.2
      vertex 8.461708448827267 -0.2293991819024086 7
      vertex 8.523938938975334 -0.17505816370248795 6.2
    endloop
  endfacet
  facet normal -0.7101546532525451 0.7040457147542037 0
    outer loop
      vertex 8.523938938975334 -0.17505816370248795 6.2
      vertex 8.523938938975334 -0.17505816370248795 7
      vertex 8.582795470952988 -0.1156909391283989 6.2
    endloop
  endfacet
  facet normal -0.7575787348045441 0.6527437939742871 0
    outer loop
      vertex 8.582795470952988 -0.1156909391283989 6.2
      vertex 8.582795470952988 -0.1156909391283989 7
      vertex 8.638278037309647 -0.05129750818014145 6.2
    endloop
  endfacet
  facet normal -0.7997572094448016 0.600323584361854 0
    outer loop
      vertex 8.638278037309647 -0.05129750818014145 6.2
      vertex 8.638278037309647 -0.05129750818014145 7
      vertex 8.690386652946472 0.018122121691703796 6.2
    endloop
  endfacet
  facet normal -0.06823960972468039 0.9976689609608105 0
    outer loop
      vertex 7.442630082368851 -0.5489846542477608 7
      vertex 7.579440653324127 -0.5396269410848618 7
      vertex 7.579440653324127 -0.5396269410848618 6.2
    endloop
  endfacet
  facet normal -0.09602606416259268 0.9953788198477209 0
    outer loop
      vertex 7.704154163599014 -0.5275955945253372 6.2
      vertex 7.579440653324127 -0.5396269410848618 7
      vertex 7.704154163599014 -0.5275955945253372 7
    endloop
  endfacet
  facet normal -0.12947664768489875 0.9915824714587691 0
    outer loop
      vertex 7.816770613193512 -0.5128906145691872 6.2
      vertex 7.704154163599014 -0.5275955945253372 7
      vertex 7.816770613193512 -0.5128906145691872 7
    endloop
  endfacet
  facet normal -0.17036084798591244 0.985381744033002 0
    outer loop
      vertex 7.91729000210762 -0.4955120012164116 6.2
      vertex 7.816770613193512 -0.5128906145691872 7
      vertex 7.91729000210762 -0.4955120012164116 7
    endloop
  endfacet
  facet normal -0.2435209332318525 0.9698956413335857 0
    outer loop
      vertex 7.986643917858601 -0.47809865325689316 6.2
      vertex 7.91729000210762 -0.4955120012164116 7
      vertex 7.986643917858601 -0.47809865325689316 7
    endloop
  endfacet
  facet normal -0.30278260824827075 0.9530596477358457 0
    outer loop
      vertex 8.05568052828312 -0.4561660438776016 6.2
      vertex 7.986643917858601 -0.47809865325689316 7
      vertex 8.05568052828312 -0.4561660438776016 7
    endloop
  endfacet
  facet normal -0.35923195850656076 0.933248305644077 0
    outer loop
      vertex 8.124399833381176 -0.4297141656279564 6.2
      vertex 8.05568052828312 -0.4561660438776016 7
      vertex 8.124399833381176 -0.4297141656279564 7
    endloop
  endfacet
  facet normal -0.4124706033755989 0.9109709113637874 0
    outer loop
      vertex 8.192801833152771 -0.39874301850795746 6.2
      vertex 8.124399833381176 -0.4297141656279564 7
      vertex 8.192801833152771 -0.39874301850795746 7
    endloop
  endfacet
  facet normal -0.4622379570202079 0.8867559253198054 0
    outer loop
      vertex 8.260886527597904 -0.3632526099681854 6.2
      vertex 8.192801833152771 -0.39874301850795746 7
      vertex 8.260886527597904 -0.3632526099681854 7
    endloop
  endfacet
  facet normal -0.5084024931823601 0.8611195648259076 0
    outer loop
      vertex 8.328653916716576 -0.3232429400086403 6.2
      vertex 8.260886527597904 -0.3632526099681854 7
      vertex 8.328653916716576 -0.3232429400086403 7
    endloop
  endfacet
  facet normal -0.5509446224712377 0.8345418042075697 0
    outer loop
      vertex 8.396104000508785 -0.27871400117874146 6.2
      vertex 8.328653916716576 -0.3232429400086403 7
      vertex 8.396104000508785 -0.27871400117874146 7
    endloop
  endfacet
  facet normal -0.6008689886384 0.7993475204769614 0
    outer loop
      vertex 8.461708448827267 -0.2293991819024086 6.2
      vertex 8.396104000508785 -0.27871400117874146 7
      vertex 8.461708448827267 -0.2293991819024086 7
    endloop
  endfacet
  facet normal -0.6577456519262455 0.7532401060565738 0
    outer loop
      vertex 8.523938938975334 -0.17505816370248795 6.2
      vertex 8.461708448827267 -0.2293991819024086 7
      vertex 8.523938938975334 -0.17505816370248795 7
    endloop
  endfacet
  facet normal -0.7101546532525451 0.7040457147542037 0
    outer loop
      vertex 8.582795470952988 -0.1156909391283989 6.2
      vertex 8.523938938975334 -0.17505816370248795 7
      vertex 8.582795470952988 -0.1156909391283989 7
    endloop
  endfacet
  facet normal -0.7575787348045441 0.6527437939742871 0
    outer loop
      vertex 8.638278037309647 -0.05129750818014145 6.2
      vertex 8.582795470952988 -0.1156909391283989 7
      vertex 8.638278037309647 -0.05129750818014145 7
    endloop
  endfacet
  facet normal -0.7997572094448016 0.600323584361854 0
    outer loop
      vertex 8.638278037309647 -0.05129750818014145 7
      vertex 8.690386652946472 0.018122121691703796 7
      vertex 8.690386652946472 0.018122121691703796 6.2
    endloop
  endfacet
  facet normal 0 0 1
    outer loop
      vertex 0.2776099964976311 -0.02759999781847 6.2
      vertex 1.2290280014276505 0.0035879984498023987 6.2
      vertex 0.2818757966160774 0.16745689511299133 6.2
    endloop
  endfacet
  facet normal 0 0 1
    outer loop
      vertex 0.2818757966160774 0.16745689511299133 6.2
      vertex 1.2361579984426498 0.22096240520477295 6.2
      vertex 0.2946731820702553 0.3533475920557976 6.2
    endloop
  endfacet
  facet normal 0 0 1
    outer loop
      vertex 0.2946731820702553 0.3533475920557976 6.2
      vertex 1.2575479969382286 0.42210163176059723 6.2
      vertex 0.31600216031074524 0.5300720781087875 6.2
    endloop
  endfacet
  facet normal 0.9997609478500674 -0.02186428946787029 0
    outer loop
      vertex 0.2776099964976311 -0.02759999781847 6.2
      vertex 0.2818757966160774 0.16745689511299133 6.2
      vertex 0.2818757966160774 0.16745689511299133 7
    endloop
  endfacet
  facet normal 0.9976386693559096 -0.06868104109410486 0
    outer loop
      vertex 0.2818757966160774 0.16745689511299133 6.2
      vertex 0.2946731820702553 0.3533475920557976 6.2
      vertex 0.2946731820702553 0.3533475920557976 7
    endloop
  endfacet
  facet normal 0.9927955054457976 -0.11982105143347446 0
    outer loop
      vertex 0.2946731820702553 0.3533475920557976 6.2
      vertex 0.31600216031074524 0.5300720781087875 6.2
      vertex 0.31600216031074524 0.5300720781087875 7
    endloop
  endfacet
  facet normal 0.9844890830425431 -0.17544584740042293 0
    outer loop
      vertex 0.31600216031074524 0.5300720781087875 6.2
      vertex 0.3458627313375473 0.6976303681731224 6.2
      vertex 0.3458627313375473 0.6976303681731224 7
    endloop
  endfacet
  facet normal 0.9718584164298156 -0.23556574117331086 0
    outer loop
      vertex 0.3458627313375473 0.6976303681731224 6.2
      vertex 0.38425489515066147 0.856022447347641 6.2
      vertex 0.38425489515066147 0.856022447347641 7
    endloop
  endfacet
  facet normal 0.9539494645645786 -0.2999673633196685 0
    outer loop
      vertex 0.38425489515066147 0.856022447347641 6.2
      vertex 0.43117865175008774 1.005248323082924 6.2
      vertex 0.43117865175008774 1.005248323082924 7
    endloop
  endfacet
  facet normal 0.9297723976190221 -0.3681348783065453 0
    outer loop
      vertex 0.43117865175008774 1.005248323082924 6.2
      vertex 0.4866340011358261 1.1453080028295517 6.2
      vertex 0.4866340011358261 1.1453080028295517 7
    endloop
  endfacet
  facet normal 0.9027082001732144 -0.430253303694505 0
    outer loop
      vertex 0.4866340011358261 1.1453080028295517 6.2
      vertex 0.5335126966238022 1.2436635121703148 6.2
      vertex 0.5335126966238022 1.2436635121703148 7
    endloop
  endfacet
  facet normal 0 0 1
    outer loop
      vertex 0.2818757966160774 0.16745689511299133 6.2
      vertex 1.2290280014276505 0.0035879984498023987 6.2
      vertex 1.2361579984426498 0.22096240520477295 6.2
    endloop
  endfacet
  facet normal 0 0 1
    outer loop
      vertex 0.31600216031074524 0.5300720781087875 6.2
      vertex 1.2575479969382286 0.42210163176059723 6.2
      vertex 0.3458627313375473 0.6976303681731224 6.2
    endloop
  endfacet
  facet normal 0 0 1
    outer loop
      vertex 0.2946731820702553 0.3533475920557976 6.2
      vertex 1.2361579984426498 0.22096240520477295 6.2
      vertex 1.2575479969382286 0.42210163176059723 6.2
    endloop
  endfacet
  facet normal 0 0 1
    outer loop
      vertex 0.3458627313375473 0.6976303681731224 6.2
      vertex 1.2575479969382286 0.42210163176059723 6.2
      vertex 1.2931979969143867 0.6070056706666946 6.2
    endloop
  endfacet
  facet normal -0.9994624961014296 0.032782905403577756 0
    outer loop
      vertex 1.2290280014276505 0.0035879984498023987 6.2
      vertex 1.2290280014276505 0.0035879984498023987 7
      vertex 1.2361579984426498 0.22096240520477295 6.2
    endloop
  endfacet
  facet normal -0.994392964460285 0.1057479656158283 0
    outer loop
      vertex 1.2361579984426498 0.22096240520477295 6.2
      vertex 1.2361579984426498 0.22096240520477295 7
      vertex 1.2575479969382286 0.42210163176059723 6.2
    endloop
  endfacet
  facet normal 0 0 1
    outer loop
      vertex 0.3458627313375473 0.6976303681731224 6.2
      vertex 1.2931979969143867 0.6070056706666946 6.2
      vertex 0.38425489515066147 0.856022447347641 6.2
    endloop
  endfacet
  facet normal 0 0 1
    outer loop
      vertex 0.38425489515066147 0.856022447347641 6.2
      vertex 1.2931979969143867 0.6070056706666946 6.2
      vertex 0.43117865175008774 1.005248323082924 6.2
    endloop
  endfacet
  facet normal 0 0 1
    outer loop
      vertex 0.43117865175008774 1.005248323082924 6.2
      vertex 1.3431079983711243 0.7756745293736458 6.2
      vertex 0.4866340011358261 1.1453080028295517 6.2
    endloop
  endfacet
  facet normal 0 0 1
    outer loop
      vertex 0.4866340011358261 1.1453080028295517 6.2
      vertex 1.3431079983711243 0.7756745293736458 6.2
      vertex 0.5335126966238022 1.2436635121703148 6.2
    endloop
  endfacet
  facet normal 0 0 1
    outer loop
      vertex 0.5335126966238022 1.2436635121703148 6.2
      vertex 1.4072780013084412 0.9281082004308701 6.2
      vertex 0.5850402042269707 1.3390900418162346 6.2
    endloop
  endfacet
  facet normal 0 0 1
    outer loop
      vertex 0.5850402042269707 1.3390900418162346 6.2
      vertex 1.4072780013084412 0.9281082004308701 6.2
      vertex 0.6412165313959122 1.431587591767311 6.2
    endloop
  endfacet
  facet normal 0 0 1
    outer loop
      vertex 0.43117865175008774 1.005248323082924 6.2
      vertex 1.2931979969143867 0.6070056706666946 6.2
      vertex 1.3431079983711243 0.7756745293736458 6.2
    endloop
  endfacet
  facet normal 0 0 1
    outer loop
      vertex 0.5335126966238022 1.2436635121703148 6.2
      vertex 1.3431079983711243 0.7756745293736458 6.2
      vertex 1.4072780013084412 0.9281082004308701 6.2
    endloop
  endfacet
  facet normal 0 0 1
    outer loop
      vertex 0.7020416706800461 1.5211561620235443 6.2
      vertex 1.4072780013084412 0.9281082004308701 6.2
      vertex 1.4857079982757568 1.064306691288948 6.2
    endloop
  endfacet
  facet normal 0.9997609478500674 -0.02186428946787029 0
    outer loop
      vertex 0.2776099964976311 -0.02759999781847 6.2
      vertex 0.2818757966160774 0.16745689511299133 7
      vertex 0.2776099964976311 -0.02759999781847 7
    endloop
  endfacet
  facet normal 0.9976386693559096 -0.06868104109410486 0
    outer loop
      vertex 0.2818757966160774 0.16745689511299133 6.2
      vertex 0.2946731820702553 0.3533475920557976 7
      vertex 0.2818757966160774 0.16745689511299133 7
    endloop
  endfacet
  facet normal 0.9927955054457976 -0.11982105143347446 0
    outer loop
      vertex 0.2946731820702553 0.3533475920557976 6.2
      vertex 0.31600216031074524 0.5300720781087875 7
      vertex 0.2946731820702553 0.3533475920557976 7
    endloop
  endfacet
  facet normal 0.9844890830425431 -0.17544584740042293 0
    outer loop
      vertex 0.31600216031074524 0.5300720781087875 6.2
      vertex 0.3458627313375473 0.6976303681731224 7
      vertex 0.31600216031074524 0.5300720781087875 7
    endloop
  endfacet
  facet normal 0.9718584164298156 -0.23556574117331086 0
    outer loop
      vertex 0.3458627313375473 0.6976303681731224 6.2
      vertex 0.38425489515066147 0.856022447347641 7
      vertex 0.3458627313375473 0.6976303681731224 7
    endloop
  endfacet
  facet normal 0.9539494645645786 -0.2999673633196685 0
    outer loop
      vertex 0.38425489515066147 0.856022447347641 6.2
      vertex 0.43117865175008774 1.005248323082924 7
      vertex 0.38425489515066147 0.856022447347641 7
    endloop
  endfacet
  facet normal 0.9297723976190221 -0.3681348783065453 0
    outer loop
      vertex 0.43117865175008774 1.005248323082924 6.2
      vertex 0.4866340011358261 1.1453080028295517 7
      vertex 0.43117865175008774 1.005248323082924 7
    endloop
  endfacet
  facet normal 0.9027082001732144 -0.430253303694505 0
    outer loop
      vertex 0.4866340011358261 1.1453080028295517 6.2
      vertex 0.5335126966238022 1.2436635121703148 7
      vertex 0.4866340011358261 1.1453080028295517 7
    endloop
  endfacet
  facet normal -0.9994624961014296 0.032782905403577756 0
    outer loop
      vertex 1.2361579984426498 0.22096240520477295 6.2
      vertex 1.2290280014276505 0.0035879984498023987 7
      vertex 1.2361579984426498 0.22096240520477295 7
    endloop
  endfacet
  facet normal 0.8799162627199607 -0.47512879369802163 0
    outer loop
      vertex 0.5335126966238022 1.2436635121703148 6.2
      vertex 0.5850402042269707 1.3390900418162346 6.2
      vertex 0.5850402042269707 1.3390900418162346 7
    endloop
  endfacet
  facet normal 0.8547174093402322 -0.5190935851758544 0
    outer loop
      vertex 0.5850402042269707 1.3390900418162346 6.2
      vertex 0.6412165313959122 1.431587591767311 6.2
      vertex 0.6412165313959122 1.431587591767311 7
    endloop
  endfacet
  facet normal 0 0 1
    outer loop
      vertex 0.6412165313959122 1.431587591767311 6.2
      vertex 1.4072780013084412 0.9281082004308701 6.2
      vertex 0.7020416706800461 1.5211561620235443 6.2
    endloop
  endfacet
  facet normal 0 0 1
    outer loop
      vertex 0.7020416706800461 1.5211561620235443 6.2
      vertex 1.4857079982757568 1.064306691288948 6.2
      vertex 0.767515629529953 1.6077957525849342 6.2
    endloop
  endfacet
  facet normal 0 0 1
    outer loop
      vertex 0.767515629529953 1.6077957525849342 6.2
      vertex 1.4857079982757568 1.064306691288948 6.2
      vertex 0.8376384079456329 1.6915063709020615 6.2
    endloop
  endfacet
  facet normal 0 0 1
    outer loop
      vertex 0.8376384079456329 1.6915063709020615 6.2
      vertex 1.5783979967236519 1.1842700019478798 6.2
      vertex 0.9124099984765053 1.7722880020737648 6.2
    endloop
  endfacet
  facet normal 0 0 1
    outer loop
      vertex 0.9124099984765053 1.7722880020737648 6.2
      vertex 1.5783979967236519 1.1842700019478798 6.2
      vertex 0.9905564934015274 1.8486770987510681 6.2
    endloop
  endfacet
  facet normal 0 0 1
    outer loop
      vertex 0.9905564934015274 1.8486770987510681 6.2
      vertex 1.5783979967236519 1.1842700019478798 6.2
      vertex 1.0708039626479149 1.9192101210355759 6.2
    endloop
  endfacet
  facet normal 0.8272763144370816 -0.561795247017451 0
    outer loop
      vertex 0.6412165313959122 1.431587591767311 6.2
      vertex 0.7020416706800461 1.5211561620235443 6.2
      vertex 0.7020416706800461 1.5211561620235443 7
    endloop
  endfacet
  facet normal 0.7978100310956032 -0.6029089104360894 0
    outer loop
      vertex 0.7020416706800461 1.5211561620235443 6.2
      vertex 0.767515629529953 1.6077957525849342 6.2
      vertex 0.767515629529953 1.6077957525849342 7
    endloop
  endfacet
  facet normal 0.7665797358049968 -0.6421491327200725 0
    outer loop
      vertex 0.767515629529953 1.6077957525849342 6.2
      vertex 0.8376384079456329 1.6915063709020615 6.2
      vertex 0.8376384079456329 1.6915063709020615 7
    endloop
  endfacet
  facet normal 0.7338793941696332 -0.6792797912592514 0
    outer loop
      vertex 0.8376384079456329 1.6915063709020615 6.2
      vertex 0.9124099984765053 1.7722880020737648 6.2
      vertex 0.9124099984765053 1.7722880020737648 7
    endloop
  endfacet
  facet normal 0.699020274618911 -0.715101849858957 0
    outer loop
      vertex 0.9124099984765053 1.7722880020737648 6.2
      vertex 0.9905564934015274 1.8486770987510681 6.2
      vertex 0.9905564934015274 1.8486770987510681 7
    endloop
  endfacet
  facet normal 0.6601807218171043 -0.7511067930334853 0
    outer loop
      vertex 0.9905564934015274 1.8486770987510681 6.2
      vertex 1.0708039626479149 1.9192101210355759 6.2
      vertex 1.0708039626479149 1.9192101210355759 7
    endloop
  endfacet
  facet normal 0.6176715111732629 -0.7864362048411413 0
    outer loop
      vertex 1.0708039626479149 1.9192101210355759 6.2
      vertex 1.1531524062156677 1.9838870614767075 6.2
      vertex 1.1531524062156677 1.9838870614767075 7
    endloop
  endfacet
  facet normal 0.5715451870345634 -0.8205705936588429 0
    outer loop
      vertex 1.1531524062156677 1.9838870614767075 6.2
      vertex 1.2376018390059471 2.042707920074463 6.2
      vertex 1.2376018390059471 2.042707920074463 7
    endloop
  endfacet
  facet normal 0.8799162627199607 -0.47512879369802163 0
    outer loop
      vertex 0.5335126966238022 1.2436635121703148 6.2
      vertex 0.5850402042269707 1.3390900418162346 7
      vertex 0.5335126966238022 1.2436635121703148 7
    endloop
  endfacet
  facet normal 0.8547174093402322 -0.5190935851758544 0
    outer loop
      vertex 0.5850402042269707 1.3390900418162346 6.2
      vertex 0.6412165313959122 1.431587591767311 7
      vertex 0.5850402042269707 1.3390900418162346 7
    endloop
  endfacet
  facet normal 0.8272763144370816 -0.561795247017451 0
    outer loop
      vertex 0.6412165313959122 1.431587591767311 6.2
      vertex 0.7020416706800461 1.5211561620235443 7
      vertex 0.6412165313959122 1.431587591767311 7
    endloop
  endfacet
  facet normal 0.7978100310956032 -0.6029089104360894 0
    outer loop
      vertex 0.7020416706800461 1.5211561620235443 6.2
      vertex 0.767515629529953 1.6077957525849342 7
      vertex 0.7020416706800461 1.5211561620235443 7
    endloop
  endfacet
  facet normal 0.7665797358049968 -0.6421491327200725 0
    outer loop
      vertex 0.767515629529953 1.6077957525849342 6.2
      vertex 0.8376384079456329 1.6915063709020615 7
      vertex 0.767515629529953 1.6077957525849342 7
    endloop
  endfacet
  facet normal 0.7338793941696332 -0.6792797912592514 0
    outer loop
      vertex 0.8376384079456329 1.6915063709020615 6.2
      vertex 0.9124099984765053 1.7722880020737648 7
      vertex 0.8376384079456329 1.6915063709020615 7
    endloop
  endfacet
  facet normal 0.699020274618911 -0.715101849858957 0
    outer loop
      vertex 0.9124099984765053 1.7722880020737648 6.2
      vertex 0.9905564934015274 1.8486770987510681 7
      vertex 0.9124099984765053 1.7722880020737648 7
    endloop
  endfacet
  facet normal 0.6601807218171043 -0.7511067930334853 0
    outer loop
      vertex 0.9905564934015274 1.8486770987510681 6.2
      vertex 1.0708039626479149 1.9192101210355759 7
      vertex 0.9905564934015274 1.8486770987510681 7
    endloop
  endfacet
  facet normal 0.6176715111732629 -0.7864362048411413 0
    outer loop
      vertex 1.0708039626479149 1.9192101210355759 6.2
      vertex 1.1531524062156677 1.9838870614767075 7
      vertex 1.0708039626479149 1.9192101210355759 7
    endloop
  endfacet
  facet normal 0.5715451870345634 -0.8205705936588429 0
    outer loop
      vertex 1.1531524062156677 1.9838870614767075 6.2
      vertex 1.2376018390059471 2.042707920074463 7
      vertex 1.1531524062156677 1.9838870614767075 7
    endloop
  endfacet
  facet normal -0.9819161943235363 0.18931610424151218 0
    outer loop
      vertex 1.2575479969382286 0.42210163176059723 6.2
      vertex 1.2575479969382286 0.42210163176059723 7
      vertex 1.2931979969143867 0.6070056706666946 6.2
    endloop
  endfacet
  facet normal -0.9589001865066767 0.2837436031304679 0
    outer loop
      vertex 1.2931979969143867 0.6070056706666946 6.2
      vertex 1.2931979969143867 0.6070056706666946 7
      vertex 1.3431079983711243 0.7756745293736458 6.2
    endloop
  endfacet
  facet normal -0.9216626097738612 0.38799231145067187 0
    outer loop
      vertex 1.3431079983711243 0.7756745293736458 6.2
      vertex 1.3431079983711243 0.7756745293736458 7
      vertex 1.4072780013084412 0.9281082004308701 6.2
    endloop
  endfacet
  facet normal -0.866587556990338 0.4990250555528427 0
    outer loop
      vertex 1.4072780013084412 0.9281082004308701 6.2
      vertex 1.4072780013084412 0.9281082004308701 7
      vertex 1.4857079982757568 1.064306691288948 6.2
    endloop
  endfacet
  facet normal -0.7913134794727327 0.6114106453152064 0
    outer loop
      vertex 1.4857079982757568 1.064306691288948 6.2
      vertex 1.4857079982757568 1.064306691288948 7
      vertex 1.5783979967236519 1.1842700019478798 6.2
    endloop
  endfacet
  facet normal -0.7055044711655563 0.7087054685589838 0
    outer loop
      vertex 1.5783979967236519 1.1842700019478798 6.2
      vertex 1.5783979967236519 1.1842700019478798 7
      vertex 1.6827382072806358 1.2881389409303665 6.2
    endloop
  endfacet
  facet normal -0.994392964460285 0.1057479656158283 0
    outer loop
      vertex 1.2361579984426498 0.22096240520477295 7
      vertex 1.2575479969382286 0.42210163176059723 7
      vertex 1.2575479969382286 0.42210163176059723 6.2
    endloop
  endfacet
  facet normal -0.9819161943235363 0.18931610424151218 0
    outer loop
      vertex 1.2931979969143867 0.6070056706666946 6.2
      vertex 1.2575479969382286 0.42210163176059723 7
      vertex 1.2931979969143867 0.6070056706666946 7
    endloop
  endfacet
  facet normal -0.9589001865066767 0.2837436031304679 0
    outer loop
      vertex 1.3431079983711243 0.7756745293736458 6.2
      vertex 1.2931979969143867 0.6070056706666946 7
      vertex 1.3431079983711243 0.7756745293736458 7
    endloop
  endfacet
  facet normal -0.9216626097738612 0.38799231145067187 0
    outer loop
      vertex 1.4072780013084412 0.9281082004308701 6.2
      vertex 1.3431079983711243 0.7756745293736458 7
      vertex 1.4072780013084412 0.9281082004308701 7
    endloop
  endfacet
  facet normal -0.866587556990338 0.4990250555528427 0
    outer loop
      vertex 1.4857079982757568 1.064306691288948 6.2
      vertex 1.4072780013084412 0.9281082004308701 7
      vertex 1.4857079982757568 1.064306691288948 7
    endloop
  endfacet
  facet normal -0.7913134794727327 0.6114106453152064 0
    outer loop
      vertex 1.5783979967236519 1.1842700019478798 6.2
      vertex 1.4857079982757568 1.064306691288948 7
      vertex 1.5783979967236519 1.1842700019478798 7
    endloop
  endfacet
  facet normal 0 0 1
    outer loop
      vertex 0.8376384079456329 1.6915063709020615 6.2
      vertex 1.4857079982757568 1.064306691288948 6.2
      vertex 1.5783979967236519 1.1842700019478798 6.2
    endloop
  endfacet
  facet normal 0 0 1
    outer loop
      vertex 1.0708039626479149 1.9192101210355759 6.2
      vertex 1.5783979967236519 1.1842700019478798 6.2
      vertex 1.6827382072806358 1.2881389409303665 6.2
    endloop
  endfacet
  facet normal 0 0 1
    outer loop
      vertex 1.0708039626479149 1.9192101210355759 6.2
      vertex 1.6827382072806358 1.2881389409303665 6.2
      vertex 1.1531524062156677 1.9838870614767075 6.2
    endloop
  endfacet
  facet normal 0 0 1
    outer loop
      vertex 1.1531524062156677 1.9838870614767075 6.2
      vertex 1.6827382072806358 1.2881389409303665 6.2
      vertex 1.2376018390059471 2.042707920074463 6.2
    endloop
  endfacet
  facet normal 0 0 1
    outer loop
      vertex 1.2376018390059471 2.042707920074463 6.2
      vertex 1.7961188182234764 1.3760280385613441 6.2
      vertex 1.3241522461175919 2.095672696828842 6.2
    endloop
  endfacet
  facet normal 0 0 1
    outer loop
      vertex 1.7961188182234764 1.3760280385613441 6.2
      vertex 1.4128036350011826 2.1427813842892647 6.2
      vertex 1.3241522461175919 2.095672696828842 6.2
    endloop
  endfacet
  facet normal 0 0 1
    outer loop
      vertex 1.2376018390059471 2.042707920074463 6.2
      vertex 1.6827382072806358 1.2881389409303665 6.2
      vertex 1.7961188182234764 1.3760280385613441 6.2
    endloop
  endfacet
  facet normal 0 0 1
    outer loop
      vertex 1.7961188182234764 1.3760280385613441 6.2
      vertex 1.9185398370027542 1.4479373097419739 6.2
      vertex 1.5035559982061386 2.1840339973568916 6.2
    endloop
  endfacet
  facet normal -0.6126549483203825 0.7903505009162387 0
    outer loop
      vertex 1.6827382072806358 1.2881389409303665 6.2
      vertex 1.6827382072806358 1.2881389409303665 7
      vertex 1.7961188182234764 1.3760280385613441 6.2
    endloop
  endfacet
  facet normal -0.5064805731449726 0.8622513722962348 0
    outer loop
      vertex 1.7961188182234764 1.3760280385613441 6.2
      vertex 1.7961188182234764 1.3760280385613441 7
      vertex 1.9185398370027542 1.4479373097419739 6.2
    endloop
  endfacet
  facet normal 0 0 1
    outer loop
      vertex 1.7961188182234764 1.3760280385613441 6.2
      vertex 1.5035559982061386 2.1840339973568916 6.2
      vertex 1.4128036350011826 2.1427813842892647 6.2
    endloop
  endfacet
  facet normal 0 0 1
    outer loop
      vertex 1.5035559982061386 2.1840339973568916 6.2
      vertex 1.9185398370027542 1.4479373097419739 6.2
      vertex 1.6283267736434937 2.2320326566696167 6.2
    endloop
  endfacet
  facet normal 0 0 1
    outer loop
      vertex 1.6283267736434937 2.2320326566696167 6.2
      vertex 1.9185398370027542 1.4479373097419739 6.2
      vertex 1.7584448158740997 2.2726468965411186 6.2
    endloop
  endfacet
  facet normal 0.5219727199784857 -0.8529621794653391 0
    outer loop
      vertex 1.2376018390059471 2.042707920074463 6.2
      vertex 1.3241522461175919 2.095672696828842 6.2
      vertex 1.3241522461175919 2.095672696828842 7
    endloop
  endfacet
  facet normal 0.4692533955113779 -0.8830635598874197 0
    outer loop
      vertex 1.3241522461175919 2.095672696828842 6.2
      vertex 1.4128036350011826 2.1427813842892647 6.2
      vertex 1.4128036350011826 2.1427813842892647 7
    endloop
  endfacet
  facet normal 0.4138157378911191 -0.9103606620859827 0
    outer loop
      vertex 1.4128036350011826 2.1427813842892647 6.2
      vertex 1.5035559982061386 2.1840339973568916 6.2
      vertex 1.5035559982061386 2.1840339973568916 7
    endloop
  endfacet
  facet normal 0.35904358704595235 -0.9333207929759069 0
    outer loop
      vertex 1.5035559982061386 2.1840339973568916 6.2
      vertex 1.6283267736434937 2.2320326566696167 6.2
      vertex 1.6283267736434937 2.2320326566696167 7
    endloop
  endfacet
  facet normal 0.29795651583290017 -0.9545794438771027 0
    outer loop
      vertex 1.6283267736434937 2.2320326566696167 6.2
      vertex 1.7584448158740997 2.2726468965411186 6.2
      vertex 1.7584448158740997 2.2726468965411186 7
    endloop
  endfacet
  facet normal 0.2382384029138347 -0.9712067047632369 0
    outer loop
      vertex 1.7584448158740997 2.2726468965411186 6.2
      vertex 1.8939101248979568 2.3058767318725586 6.2
      vertex 1.8939101248979568 2.3058767318725586 7
    endloop
  endfacet
  facet normal 0 0 1
    outer loop
      vertex 1.7584448158740997 2.2726468965411186 6.2
      vertex 1.9185398370027542 1.4479373097419739 6.2
      vertex 2.0500012636184692 1.503866732120514 6.2
    endloop
  endfacet
  facet normal 0 0 1
    outer loop
      vertex 2.0500012636184692 1.503866732120514 6.2
      vertex 2.190503105521202 1.543816328048706 6.2
      vertex 1.8939101248979568 2.3058767318725586 6.2
    endloop
  endfacet
  facet normal 0 0 1
    outer loop
      vertex 2.190503105521202 1.543816328048706 6.2
      vertex 2.3400453478097916 1.567786082625389 6.2
      vertex 2.180882528424263 2.350183181464672 6.2
    endloop
  endfacet
  facet normal 0 0 1
    outer loop
      vertex 2.3400453478097916 1.567786082625389 6.2
      vertex 2.4986279979348183 1.5757760033011436 6.2
      vertex 2.3323896303772926 2.3612597957253456 6.2
    endloop
  endfacet
  facet normal -0.39148635506707663 0.92018391302842 0
    outer loop
      vertex 1.9185398370027542 1.4479373097419739 6.2
      vertex 1.9185398370027542 1.4479373097419739 7
      vertex 2.0500012636184692 1.503866732120514 6.2
    endloop
  endfacet
  facet normal -0.27349436386619685 0.9618736054874488 0
    outer loop
      vertex 2.0500012636184692 1.503866732120514 6.2
      vertex 2.0500012636184692 1.503866732120514 7
      vertex 2.190503105521202 1.543816328048706 6.2
    endloop
  endfacet
  facet normal -0.15826730105030087 0.9873963041343904 0
    outer loop
      vertex 2.190503105521202 1.543816328048706 6.2
      vertex 2.190503105521202 1.543816328048706 7
      vertex 2.3400453478097916 1.567786082625389 6.2
    endloop
  endfacet
  facet normal -0.05031949467764758 0.99873317180085 0
    outer loop
      vertex 2.3400453478097916 1.567786082625389 6.2
      vertex 2.3400453478097916 1.567786082625389 7
      vertex 2.4986279979348183 1.5757760033011436 6.2
    endloop
  endfacet
  facet normal 0 0 1
    outer loop
      vertex 1.7584448158740997 2.2726468965411186 6.2
      vertex 2.0500012636184692 1.503866732120514 6.2
      vertex 1.8939101248979568 2.3058767318725586 6.2
    endloop
  endfacet
  facet normal 0 0 1
    outer loop
      vertex 2.190503105521202 1.543816328048706 6.2
      vertex 2.0347226932644844 2.3317221626639366 6.2
      vertex 1.8939101248979568 2.3058767318725586 6.2
    endloop
  endfacet
  facet normal 0 0 1
    outer loop
      vertex 2.190503105521202 1.543816328048706 6.2
      vertex 2.180882528424263 2.350183181464672 6.2
      vertex 2.0347226932644844 2.3317221626639366 6.2
    endloop
  endfacet
  facet normal 0 0 1
    outer loop
      vertex 2.3400453478097916 1.567786082625389 6.2
      vertex 2.3323896303772926 2.3612597957253456 6.2
      vertex 2.180882528424263 2.350183181464672 6.2
    endloop
  endfacet
  facet normal 0 0 1
    outer loop
      vertex 2.4986279979348183 1.5757760033011436 6.2
      vertex 2.4892439991235733 2.3649519979953766 6.2
      vertex 2.3323896303772926 2.3612597957253456 6.2
    endloop
  endfacet
  facet normal 0.18052920249941937 -0.9835696249096572 0
    outer loop
      vertex 1.8939101248979568 2.3058767318725586 6.2
      vertex 2.0347226932644844 2.3317221626639366 6.2
      vertex 2.0347226932644844 2.3317221626639366 7
    endloop
  endfacet
  facet normal 0.12531143704498024 -0.9921174546119637 0
    outer loop
      vertex 2.0347226932644844 2.3317221626639366 6.2
      vertex 2.180882528424263 2.350183181464672 6.2
      vertex 2.180882528424263 2.350183181464672 7
    endloop
  endfacet
  facet normal 0.07291493259009241 -0.9973381636162242 0
    outer loop
      vertex 2.180882528424263 2.350183181464672 6.2
      vertex 2.3323896303772926 2.3612597957253456 6.2
      vertex 2.3323896303772926 2.3612597957253456 7
    endloop
  endfacet
  facet normal 0.023532527811117733 -0.9997230717227742 0
    outer loop
      vertex 2.3323896303772926 2.3612597957253456 6.2
      vertex 2.4892439991235733 2.3649519979953766 6.2
      vertex 2.4892439991235733 2.3649519979953766 7
    endloop
  endfacet
  facet normal -0.7055044711655563 0.7087054685589838 0
    outer loop
      vertex 1.5783979967236519 1.1842700019478798 7
      vertex 1.6827382072806358 1.2881389409303665 7
      vertex 1.6827382072806358 1.2881389409303665 6.2
    endloop
  endfacet
  facet normal -0.6126549483203825 0.7903505009162387 0
    outer loop
      vertex 1.7961188182234764 1.3760280385613441 6.2
      vertex 1.6827382072806358 1.2881389409303665 7
      vertex 1.7961188182234764 1.3760280385613441 7
    endloop
  endfacet
  facet normal 0.5219727199784857 -0.8529621794653391 0
    outer loop
      vertex 1.2376018390059471 2.042707920074463 6.2
      vertex 1.3241522461175919 2.095672696828842 7
      vertex 1.2376018390059471 2.042707920074463 7
    endloop
  endfacet
  facet normal 0.4692533955113779 -0.8830635598874197 0
    outer loop
      vertex 1.3241522461175919 2.095672696828842 6.2
      vertex 1.4128036350011826 2.1427813842892647 7
      vertex 1.3241522461175919 2.095672696828842 7
    endloop
  endfacet
  facet normal 0.4138157378911191 -0.9103606620859827 0
    outer loop
      vertex 1.4128036350011826 2.1427813842892647 6.2
      vertex 1.5035559982061386 2.1840339973568916 7
      vertex 1.4128036350011826 2.1427813842892647 7
    endloop
  endfacet
  facet normal 0.35904358704595235 -0.9333207929759069 0
    outer loop
      vertex 1.5035559982061386 2.1840339973568916 6.2
      vertex 1.6283267736434937 2.2320326566696167 7
      vertex 1.5035559982061386 2.1840339973568916 7
    endloop
  endfacet
  facet normal 0.29795651583290017 -0.9545794438771027 0
    outer loop
      vertex 1.6283267736434937 2.2320326566696167 6.2
      vertex 1.7584448158740997 2.2726468965411186 7
      vertex 1.6283267736434937 2.2320326566696167 7
    endloop
  endfacet
  facet normal 0.2382384029138347 -0.9712067047632369 0
    outer loop
      vertex 1.7584448158740997 2.2726468965411186 6.2
      vertex 1.8939101248979568 2.3058767318725586 7
      vertex 1.7584448158740997 2.2726468965411186 7
    endloop
  endfacet
  facet normal -0.5064805731449726 0.8622513722962348 0
    outer loop
      vertex 1.9185398370027542 1.4479373097419739 6.2
      vertex 1.7961188182234764 1.3760280385613441 7
      vertex 1.9185398370027542 1.4479373097419739 7
    endloop
  endfacet
  facet normal -0.39148635506707663 0.92018391302842 0
    outer loop
      vertex 2.0500012636184692 1.503866732120514 6.2
      vertex 1.9185398370027542 1.4479373097419739 7
      vertex 2.0500012636184692 1.503866732120514 7
    endloop
  endfacet
  facet normal -0.27349436386619685 0.9618736054874488 0
    outer loop
      vertex 2.190503105521202 1.543816328048706 6.2
      vertex 2.0500012636184692 1.503866732120514 7
      vertex 2.190503105521202 1.543816328048706 7
    endloop
  endfacet
  facet normal -0.15826730105030087 0.9873963041343904 0
    outer loop
      vertex 2.3400453478097916 1.567786082625389 6.2
      vertex 2.190503105521202 1.543816328048706 7
      vertex 2.3400453478097916 1.567786082625389 7
    endloop
  endfacet
  facet normal -0.05031949467764758 0.99873317180085 0
    outer loop
      vertex 2.4986279979348183 1.5757760033011436 6.2
      vertex 2.3400453478097916 1.567786082625389 7
      vertex 2.4986279979348183 1.5757760033011436 7
    endloop
  endfacet
  facet normal 0.18052920249941937 -0.9835696249096572 0
    outer loop
      vertex 1.8939101248979568 2.3058767318725586 6.2
      vertex 2.0347226932644844 2.3317221626639366 7
      vertex 1.8939101248979568 2.3058767318725586 7
    endloop
  endfacet
  facet normal 0.12531143704498024 -0.9921174546119637 0
    outer loop
      vertex 2.0347226932644844 2.3317221626639366 6.2
      vertex 2.180882528424263 2.350183181464672 7
      vertex 2.0347226932644844 2.3317221626639366 7
    endloop
  endfacet
  facet normal 0.07291493259009241 -0.9973381636162242 0
    outer loop
      vertex 2.180882528424263 2.350183181464672 6.2
      vertex 2.3323896303772926 2.3612597957253456 7
      vertex 2.180882528424263 2.350183181464672 7
    endloop
  endfacet
  facet normal 0.023532527811117733 -0.9997230717227742 0
    outer loop
      vertex 2.3323896303772926 2.3612597957253456 6.2
      vertex 2.4892439991235733 2.3649519979953766 7
      vertex 2.3323896303772926 2.3612597957253456 7
    endloop
  endfacet
  facet normal 0.9944872654947337 0.10485742114322238 0
    outer loop
      vertex 3.7307070195674896 0.43267975747585297 6.2
      vertex 3.7307070195674896 0.43267975747585297 7
      vertex 3.7518097534775734 0.23253750801086426 6.2
    endloop
  endfacet
  facet normal 0.9821882506162457 0.18789954856624527 0
    outer loop
      vertex 3.7307070195674896 0.43267975747585297 6.2
      vertex 3.69553579390049 0.6165267378091812 6.2
      vertex 3.69553579390049 0.6165267378091812 7
    endloop
  endfacet
  facet normal 0.959427799069589 0.28195442605585097 0
    outer loop
      vertex 3.69553579390049 0.6165267378091812 6.2
      vertex 3.6462960839271545 0.784078449010849 6.2
      vertex 3.6462960839271545 0.784078449010849 7
    endloop
  endfacet
  facet normal 0.9224593301724544 0.38609426851196155 0
    outer loop
      vertex 3.5829878747463226 0.9353348985314369 6.2
      vertex 3.5829878747463226 0.9353348985314369 7
      vertex 3.6462960839271545 0.784078449010849 6.2
    endloop
  endfacet
  facet normal 0.8675333408363298 0.4973790330697066 0
    outer loop
      vertex 3.5829878747463226 0.9353348985314369 6.2
      vertex 3.5056111812591553 1.0702960789203644 6.2
      vertex 3.5056111812591553 1.0702960789203644 7
    endloop
  endfacet
  facet normal 0.7920956159695672 0.6103970307609564 0
    outer loop
      vertex 3.4141660034656525 1.188961997628212 6.2
      vertex 3.4141660034656525 1.188961997628212 7
      vertex 3.5056111812591553 1.0702960789203644 6.2
    endloop
  endfacet
  facet normal 0.9944872654947337 0.10485742114322238 0
    outer loop
      vertex 3.7307070195674896 0.43267975747585297 7
      vertex 3.7518097534775734 0.23253750801086426 7
      vertex 3.7518097534775734 0.23253750801086426 6.2
    endloop
  endfacet
  facet normal 0.9821882506162457 0.18789954856624527 0
    outer loop
      vertex 3.7307070195674896 0.43267975747585297 6.2
      vertex 3.69553579390049 0.6165267378091812 7
      vertex 3.7307070195674896 0.43267975747585297 7
    endloop
  endfacet
  facet normal 0.705485083465901 0.7087247681625856 0
    outer loop
      vertex 3.4141660034656525 1.188961997628212 6.2
      vertex 3.3110706135630608 1.291586123406887 7
      vertex 3.4141660034656525 1.188961997628212 7
    endloop
  endfacet
  facet normal 0.959427799069589 0.28195442605585097 0
    outer loop
      vertex 3.69553579390049 0.6165267378091812 6.2
      vertex 3.6462960839271545 0.784078449010849 7
      vertex 3.69553579390049 0.6165267378091812 7
    endloop
  endfacet
  facet normal 0.9224593301724544 0.38609426851196155 0
    outer loop
      vertex 3.6462960839271545 0.784078449010849 6.2
      vertex 3.5829878747463226 0.9353348985314369 7
      vertex 3.6462960839271545 0.784078449010849 7
    endloop
  endfacet
  facet normal 0.8675333408363298 0.4973790330697066 0
    outer loop
      vertex 3.5829878747463226 0.9353348985314369 6.2
      vertex 3.5056111812591553 1.0702960789203644 7
      vertex 3.5829878747463226 0.9353348985314369 7
    endloop
  endfacet
  facet normal 0.7920956159695672 0.6103970307609564 0
    outer loop
      vertex 3.5056111812591553 1.0702960789203644 6.2
      vertex 3.4141660034656525 1.188961997628212 7
      vertex 3.5056111812591553 1.0702960789203644 7
    endloop
  endfacet
  facet normal 0 0 1
    outer loop
      vertex 2.4986279979348183 1.5757760033011436 6.2
      vertex 2.657114900648594 1.5678818374872208 6.2
      vertex 2.4892439991235733 2.3649519979953766 6.2
    endloop
  endfacet
  facet normal 0 0 1
    outer loop
      vertex 2.8063698783516884 1.5441993474960327 6.2
      vertex 2.769773595035076 2.352156490087509 6.2
      vertex 2.657114900648594 1.5678818374872208 6.2
    endloop
  endfacet
  facet normal 0 0 1
    outer loop
      vertex 2.8063698783516884 1.5441993474960327 6.2
      vertex 2.9463929384946823 1.5047285333275795 6.2
      vertex 3.0338126495480537 2.3137699589133263 6.2
    endloop
  endfacet
  facet normal 0 0 1
    outer loop
      vertex 2.9463929384946823 1.5047285333275795 6.2
      vertex 3.0771840810775757 1.4494693875312805 6.2
      vertex 3.281361185014248 2.249792404472828 6.2
    endloop
  endfacet
  facet normal 0.15671089690015913 0.9876445184340101 0
    outer loop
      vertex 2.8063698783516884 1.5441993474960327 6.2
      vertex 2.657114900648594 1.5678818374872208 6.2
      vertex 2.657114900648594 1.5678818374872208 7
    endloop
  endfacet
  facet normal 0.049747904549869916 0.9987618064347961 0
    outer loop
      vertex 2.4986279979348183 1.5757760033011436 6.2
      vertex 2.4986279979348183 1.5757760033011436 7
      vertex 2.657114900648594 1.5678818374872208 6.2
    endloop
  endfacet
  facet normal 0.2713145459488527 0.9624907361406487 0
    outer loop
      vertex 2.8063698783516884 1.5441993474960327 6.2
      vertex 2.8063698783516884 1.5441993474960327 7
      vertex 2.9463929384946823 1.5047285333275795 6.2
    endloop
  endfacet
  facet normal 0.3891885203843949 0.9211581273597956 0
    outer loop
      vertex 2.9463929384946823 1.5047285333275795 6.2
      vertex 2.9463929384946823 1.5047285333275795 7
      vertex 3.0771840810775757 1.4494693875312805 6.2
    endloop
  endfacet
  facet normal 0.5046017131932674 0.8633522520051821 0
    outer loop
      vertex 3.0771840810775757 1.4494693875312805 6.2
      vertex 3.0771840810775757 1.4494693875312805 7
      vertex 3.1987433061003685 1.3784219175577164 6.2
    endloop
  endfacet
  facet normal 0 0 1
    outer loop
      vertex 2.4892439991235733 2.3649519979953766 6.2
      vertex 2.657114900648594 1.5678818374872208 6.2
      vertex 2.769773595035076 2.352156490087509 6.2
    endloop
  endfacet
  facet normal 0 0 1
    outer loop
      vertex 2.8063698783516884 1.5441993474960327 6.2
      vertex 3.0338126495480537 2.3137699589133263 6.2
      vertex 2.769773595035076 2.352156490087509 6.2
    endloop
  endfacet
  facet normal 0 0 1
    outer loop
      vertex 2.9463929384946823 1.5047285333275795 6.2
      vertex 3.281361185014248 2.249792404472828 6.2
      vertex 3.0338126495480537 2.3137699589133263 6.2
    endloop
  endfacet
  facet normal -0.04556459855599319 -0.998961394328345 0
    outer loop
      vertex 2.4892439991235733 2.3649519979953766 6.2
      vertex 2.769773595035076 2.352156490087509 6.2
      vertex 2.769773595035076 2.352156490087509 7
    endloop
  endfacet
  facet normal -0.1438695616603743 -0.9895966598709052 0
    outer loop
      vertex 2.769773595035076 2.352156490087509 6.2
      vertex 3.0338126495480537 2.3137699589133263 6.2
      vertex 3.0338126495480537 2.3137699589133263 7
    endloop
  endfacet
  facet normal 0 0 1
    outer loop
      vertex 3.0771840810775757 1.4494693875312805 6.2
      vertex 3.1987433061003685 1.3784219175577164 6.2
      vertex 3.5124191865324974 2.1602238342165947 6.2
    endloop
  endfacet
  facet normal 0 0 1
    outer loop
      vertex 3.1987433061003685 1.3784219175577164 6.2
      vertex 3.3110706135630608 1.291586123406887 6.2
      vertex 3.7269866541028023 2.0450642481446266 6.2
    endloop
  endfacet
  facet normal 0 0 1
    outer loop
      vertex 3.4141660034656525 1.188961997628212 6.2
      vertex 3.925063595175743 1.9043136313557625 6.2
      vertex 3.3110706135630608 1.291586123406887 6.2
    endloop
  endfacet
  facet normal 0 0 1
    outer loop
      vertex 3.4141660034656525 1.188961997628212 6.2
      vertex 3.5056111812591553 1.0702960789203644 6.2
      vertex 4.106650002300739 1.7379719987511635 6.2
    endloop
  endfacet
  facet normal 0 0 1
    outer loop
      vertex 3.1987433061003685 1.3784219175577164 6.2
      vertex 3.7269866541028023 2.0450642481446266 6.2
      vertex 3.5124191865324974 2.1602238342165947 6.2
    endloop
  endfacet
  facet normal 0 0 1
    outer loop
      vertex 3.3110706135630608 1.291586123406887 6.2
      vertex 3.925063595175743 1.9043136313557625 6.2
      vertex 3.7269866541028023 2.0450642481446266 6.2
    endloop
  endfacet
  facet normal 0.611612512717606 0.791157464912805 0
    outer loop
      vertex 3.1987433061003685 1.3784219175577164 6.2
      vertex 3.1987433061003685 1.3784219175577164 7
      vertex 3.3110706135630608 1.291586123406887 6.2
    endloop
  endfacet
  facet normal 0.705485083465901 0.7087247681625856 0
    outer loop
      vertex 3.4141660034656525 1.188961997628212 6.2
      vertex 3.3110706135630608 1.291586123406887 6.2
      vertex 3.3110706135630608 1.291586123406887 7
    endloop
  endfacet
  facet normal 0 0 1
    outer loop
      vertex 3.0771840810775757 1.4494693875312805 6.2
      vertex 3.5124191865324974 2.1602238342165947 6.2
      vertex 3.281361185014248 2.249792404472828 6.2
    endloop
  endfacet
  facet normal -0.2502229169014672 -0.9681882522822313 0
    outer loop
      vertex 3.0338126495480537 2.3137699589133263 6.2
      vertex 3.281361185014248 2.249792404472828 6.2
      vertex 3.281361185014248 2.249792404472828 7
    endloop
  endfacet
  facet normal -0.3614389320258897 -0.9323957842118249 0
    outer loop
      vertex 3.281361185014248 2.249792404472828 6.2
      vertex 3.5124191865324974 2.1602238342165947 6.2
      vertex 3.5124191865324974 2.1602238342165947 7
    endloop
  endfacet
  facet normal -0.472900037945292 -0.881116084356279 0
    outer loop
      vertex 3.5124191865324974 2.1602238342165947 6.2
      vertex 3.7269866541028023 2.0450642481446266 6.2
      vertex 3.7269866541028023 2.0450642481446266 7
    endloop
  endfacet
  facet normal 0.15671089690015913 0.9876445184340101 0
    outer loop
      vertex 2.8063698783516884 1.5441993474960327 6.2
      vertex 2.657114900648594 1.5678818374872208 7
      vertex 2.8063698783516884 1.5441993474960327 7
    endloop
  endfacet
  facet normal 0.049747904549869916 0.9987618064347961 0
    outer loop
      vertex 2.4986279979348183 1.5757760033011436 7
      vertex 2.657114900648594 1.5678818374872208 7
      vertex 2.657114900648594 1.5678818374872208 6.2
    endloop
  endfacet
  facet normal 0.2713145459488527 0.9624907361406487 0
    outer loop
      vertex 2.9463929384946823 1.5047285333275795 6.2
      vertex 2.8063698783516884 1.5441993474960327 7
      vertex 2.9463929384946823 1.5047285333275795 7
    endloop
  endfacet
  facet normal 0.3891885203843949 0.9211581273597956 0
    outer loop
      vertex 3.0771840810775757 1.4494693875312805 6.2
      vertex 2.9463929384946823 1.5047285333275795 7
      vertex 3.0771840810775757 1.4494693875312805 7
    endloop
  endfacet
  facet normal -0.04556459855599319 -0.998961394328345 0
    outer loop
      vertex 2.4892439991235733 2.3649519979953766 6.2
      vertex 2.769773595035076 2.352156490087509 7
      vertex 2.4892439991235733 2.3649519979953766 7
    endloop
  endfacet
  facet normal -0.1438695616603743 -0.9895966598709052 0
    outer loop
      vertex 2.769773595035076 2.352156490087509 6.2
      vertex 3.0338126495480537 2.3137699589133263 7
      vertex 2.769773595035076 2.352156490087509 7
    endloop
  endfacet
  facet normal -0.2502229169014672 -0.9681882522822313 0
    outer loop
      vertex 3.0338126495480537 2.3137699589133263 6.2
      vertex 3.281361185014248 2.249792404472828 7
      vertex 3.0338126495480537 2.3137699589133263 7
    endloop
  endfacet
  facet normal 0.5046017131932674 0.8633522520051821 0
    outer loop
      vertex 3.1987433061003685 1.3784219175577164 6.2
      vertex 3.0771840810775757 1.4494693875312805 7
      vertex 3.1987433061003685 1.3784219175577164 7
    endloop
  endfacet
  facet normal 0.611612512717606 0.791157464912805 0
    outer loop
      vertex 3.3110706135630608 1.291586123406887 6.2
      vertex 3.1987433061003685 1.3784219175577164 7
      vertex 3.3110706135630608 1.291586123406887 7
    endloop
  endfacet
  facet normal -0.3614389320258897 -0.9323957842118249 0
    outer loop
      vertex 3.281361185014248 2.249792404472828 6.2
      vertex 3.5124191865324974 2.1602238342165947 7
      vertex 3.281361185014248 2.249792404472828 7
    endloop
  endfacet
  facet normal -0.472900037945292 -0.881116084356279 0
    outer loop
      vertex 3.5124191865324974 2.1602238342165947 6.2
      vertex 3.7269866541028023 2.0450642481446266 7
      vertex 3.5124191865324974 2.1602238342165947 7
    endloop
  endfacet
  facet normal 0 0 1
    outer loop
      vertex 3.7307070195674896 0.43267975747585297 6.2
      vertex 3.7518097534775734 0.23253750801086426 6.2
      vertex 4.701007552444935 0.30332399904727936 6.2
    endloop
  endfacet
  facet normal 0 0 1
    outer loop
      vertex 3.7307070195674896 0.43267975747585297 6.2
      vertex 4.663860201835632 0.5924077108502388 6.2
      vertex 3.69553579390049 0.6165267378091812 6.2
    endloop
  endfacet
  facet normal 0 0 1
    outer loop
      vertex 3.7588440030813217 0.016099996864795685 6.2
      vertex 4.701007552444935 0.30332399904727936 6.2
      vertex 3.7518097534775734 0.23253750801086426 6.2
    endloop
  endfacet
  facet normal 0 0 1
    outer loop
      vertex 3.7307070195674896 0.43267975747585297 6.2
      vertex 4.701007552444935 0.30332399904727936 6.2
      vertex 4.663860201835632 0.5924077108502388 6.2
    endloop
  endfacet
  facet normal 0.9994722884347742 0.03248299017879112 0
    outer loop
      vertex 3.7588440030813217 0.016099996864795685 6.2
      vertex 3.7518097534775734 0.23253750801086426 6.2
      vertex 3.7518097534775734 0.23253750801086426 7
    endloop
  endfacet
  facet normal 0 0 1
    outer loop
      vertex 3.69553579390049 0.6165267378091812 6.2
      vertex 4.601947955787182 0.8615011423826218 6.2
      vertex 3.6462960839271545 0.784078449010849 6.2
    endloop
  endfacet
  facet normal 0 0 1
    outer loop
      vertex 3.5829878747463226 0.9353348985314369 6.2
      vertex 4.267621837556362 1.5488397106528282 6.2
      vertex 3.5056111812591553 1.0702960789203644 6.2
    endloop
  endfacet
  facet normal 0 0 1
    outer loop
      vertex 3.5829878747463226 0.9353348985314369 6.2
      vertex 3.6462960839271545 0.784078449010849 6.2
      vertex 4.515270814299583 1.1106042861938477 6.2
    endloop
  endfacet
  facet normal 0 0 1
    outer loop
      vertex 3.69553579390049 0.6165267378091812 6.2
      vertex 4.663860201835632 0.5924077108502388 6.2
      vertex 4.601947955787182 0.8615011423826218 6.2
    endloop
  endfacet
  facet normal 0 0 1
    outer loop
      vertex 3.6462960839271545 0.784078449010849 6.2
      vertex 4.601947955787182 0.8615011423826218 6.2
      vertex 4.515270814299583 1.1106042861938477 6.2
    endloop
  endfacet
  facet normal 0 0 1
    outer loop
      vertex 3.5829878747463226 0.9353348985314369 6.2
      vertex 4.515270814299583 1.1106042861938477 6.2
      vertex 4.403828777372837 1.3397171422839165 6.2
    endloop
  endfacet
  facet normal 0 0 1
    outer loop
      vertex 4.713390000164509 -0.005750000476837158 6.2
      vertex 4.701007552444935 0.30332399904727936 6.2
      vertex 3.7588440030813217 0.016099996864795685 6.2
    endloop
  endfacet
  facet normal -0.9991984407085804 -0.04003093910391652 0
    outer loop
      vertex 4.713390000164509 -0.005750000476837158 6.2
      vertex 4.713390000164509 -0.005750000476837158 7
      vertex 4.701007552444935 0.30332399904727936 6.2
    endloop
  endfacet
  facet normal -0.991844692897061 -0.1274523643246161 0
    outer loop
      vertex 4.663860201835632 0.5924077108502388 6.2
      vertex 4.701007552444935 0.30332399904727936 6.2
      vertex 4.701007552444935 0.30332399904727936 7
    endloop
  endfacet
  facet normal -0.9745387630962238 -0.2242190875525147 0
    outer loop
      vertex 4.663860201835632 0.5924077108502388 6.2
      vertex 4.663860201835632 0.5924077108502388 7
      vertex 4.601947955787182 0.8615011423826218 6.2
    endloop
  endfacet
  facet normal -0.8992632984611556 -0.43740772745890366 0
    outer loop
      vertex 4.515270814299583 1.1106042861938477 6.2
      vertex 4.515270814299583 1.1106042861938477 7
      vertex 4.403828777372837 1.3397171422839165 6.2
    endloop
  endfacet
  facet normal -0.944458474216429 -0.3286307813957407 0
    outer loop
      vertex 4.601947955787182 0.8615011423826218 6.2
      vertex 4.601947955787182 0.8615011423826218 7
      vertex 4.515270814299583 1.1106042861938477 6.2
    endloop
  endfacet
  facet normal 0.9994722884347742 0.03248299017879112 0
    outer loop
      vertex 3.7588440030813217 0.016099996864795685 6.2
      vertex 3.7518097534775734 0.23253750801086426 7
      vertex 3.7588440030813217 0.016099996864795685 7
    endloop
  endfacet
  facet normal -0.991844692897061 -0.1274523643246161 0
    outer loop
      vertex 4.663860201835632 0.5924077108502388 6.2
      vertex 4.701007552444935 0.30332399904727936 7
      vertex 4.663860201835632 0.5924077108502388 7
    endloop
  endfacet
  facet normal -0.9991984407085804 -0.04003093910391652 0
    outer loop
      vertex 4.713390000164509 -0.005750000476837158 7
      vertex 4.701007552444935 0.30332399904727936 7
      vertex 4.701007552444935 0.30332399904727936 6.2
    endloop
  endfacet
  facet normal -0.9745387630962238 -0.2242190875525147 0
    outer loop
      vertex 4.601947955787182 0.8615011423826218 6.2
      vertex 4.663860201835632 0.5924077108502388 7
      vertex 4.601947955787182 0.8615011423826218 7
    endloop
  endfacet
  facet normal -0.944458474216429 -0.3286307813957407 0
    outer loop
      vertex 4.515270814299583 1.1106042861938477 6.2
      vertex 4.601947955787182 0.8615011423826218 7
      vertex 4.515270814299583 1.1106042861938477 7
    endloop
  endfacet
  facet normal 0 0 1
    outer loop
      vertex 3.5056111812591553 1.0702960789203644 6.2
      vertex 4.267621837556362 1.5488397106528282 6.2
      vertex 4.106650002300739 1.7379719987511635 6.2
    endloop
  endfacet
  facet normal 0 0 1
    outer loop
      vertex 3.4141660034656525 1.188961997628212 6.2
      vertex 4.106650002300739 1.7379719987511635 6.2
      vertex 3.925063595175743 1.9043136313557625 6.2
    endloop
  endfacet
  facet normal 0 0 1
    outer loop
      vertex 3.5829878747463226 0.9353348985314369 6.2
      vertex 4.403828777372837 1.3397171422839165 6.2
      vertex 4.267621837556362 1.5488397106528282 6.2
    endloop
  endfacet
  facet normal -0.6754761833316537 -0.7373818045976603 0
    outer loop
      vertex 4.106650002300739 1.7379719987511635 6.2
      vertex 4.106650002300739 1.7379719987511635 7
      vertex 3.925063595175743 1.9043136313557625 6.2
    endloop
  endfacet
  facet normal -0.8379355909695922 -0.5457691319472366 0
    outer loop
      vertex 4.267621837556362 1.5488397106528282 6.2
      vertex 4.403828777372837 1.3397171422839165 6.2
      vertex 4.403828777372837 1.3397171422839165 7
    endloop
  endfacet
  facet normal -0.7615231217629891 -0.64813774386341 0
    outer loop
      vertex 4.267621837556362 1.5488397106528282 6.2
      vertex 4.267621837556362 1.5488397106528282 7
      vertex 4.106650002300739 1.7379719987511635 6.2
    endloop
  endfacet
  facet normal -0.5792392309717201 -0.815157600285546 0
    outer loop
      vertex 3.7269866541028023 2.0450642481446266 6.2
      vertex 3.925063595175743 1.9043136313557625 6.2
      vertex 3.925063595175743 1.9043136313557625 7
    endloop
  endfacet
  facet normal -0.6754761833316537 -0.7373818045976603 0
    outer loop
      vertex 3.925063595175743 1.9043136313557625 6.2
      vertex 4.106650002300739 1.7379719987511635 7
      vertex 3.925063595175743 1.9043136313557625 7
    endloop
  endfacet
  facet normal -0.8379355909695922 -0.5457691319472366 0
    outer loop
      vertex 4.267621837556362 1.5488397106528282 6.2
      vertex 4.403828777372837 1.3397171422839165 7
      vertex 4.267621837556362 1.5488397106528282 7
    endloop
  endfacet
  facet normal -0.7615231217629891 -0.64813774386341 0
    outer loop
      vertex 4.106650002300739 1.7379719987511635 6.2
      vertex 4.267621837556362 1.5488397106528282 7
      vertex 4.106650002300739 1.7379719987511635 7
    endloop
  endfacet
  facet normal -0.5792392309717201 -0.815157600285546 0
    outer loop
      vertex 3.7269866541028023 2.0450642481446266 6.2
      vertex 3.925063595175743 1.9043136313557625 7
      vertex 3.7269866541028023 2.0450642481446266 7
    endloop
  endfacet
  facet normal -0.8992632984611556 -0.43740772745890366 0
    outer loop
      vertex 4.515270814299583 1.1106042861938477 7
      vertex 4.403828777372837 1.3397171422839165 7
      vertex 4.403828777372837 1.3397171422839165 6.2
    endloop
  endfacet
  facet normal 1 0 0
    outer loop
      vertex 5.434256002306938 -2.2860160022974014 6.2
      vertex 5.434256002306938 2.286981999874115 6.2
      vertex 5.434256002306938 2.286981999874115 7
    endloop
  endfacet
  facet normal 0 0 1
    outer loop
      vertex 6.357614003121853 -0.5610160008072853 6.2
      vertex 6.357614003121853 0.21574000269174576 6.2
      vertex 5.434256002306938 2.286981999874115 6.2
    endloop
  endfacet
  facet normal 0 0 1
    outer loop
      vertex 5.434256002306938 2.286981999874115 6.2
      vertex 6.357614003121853 0.21574000269174576 6.2
      vertex 6.357614003121853 1.5134000033140182 6.2
    endloop
  endfacet
  facet normal 0 0 1
    outer loop
      vertex 5.434256002306938 2.286981999874115 6.2
      vertex 6.357614003121853 1.5134000033140182 6.2
      vertex 6.915962003171444 2.286981999874115 6.2
    endloop
  endfacet
  facet normal 0 -1 0
    outer loop
      vertex 5.434256002306938 2.286981999874115 6.2
      vertex 6.915962003171444 2.286981999874115 7
      vertex 5.434256002306938 2.286981999874115 7
    endloop
  endfacet
  facet normal 0 -1 0
    outer loop
      vertex 6.357614003121853 0.21574000269174576 6.2
      vertex 6.862924002110958 0.21574000269174576 6.2
      vertex 6.862924002110958 0.21574000269174576 7
    endloop
  endfacet
  facet normal -1 0 0
    outer loop
      vertex 6.357614003121853 0.21574000269174576 6.2
      vertex 6.357614003121853 0.21574000269174576 7
      vertex 6.357614003121853 1.5134000033140182 6.2
    endloop
  endfacet
  facet normal 0.009849628906203075 -0.9999514912286547 0
    outer loop
      vertex 6.862924002110958 0.21574000269174576 6.2
      vertex 7.011505879461765 0.2172035500407219 6.2
      vertex 7.011505879461765 0.2172035500407219 7
    endloop
  endfacet
  facet normal 0.03279422274484534 -0.9994621248224274 0
    outer loop
      vertex 7.011505879461765 0.2172035500407219 6.2
      vertex 7.145318940281868 0.2215942069888115 6.2
      vertex 7.145318940281868 0.2215942069888115 7
    endloop
  endfacet
  facet normal 0.06135504558207847 -0.9981160044712344 0
    outer loop
      vertex 7.145318940281868 0.2215942069888115 6.2
      vertex 7.264363184571266 0.22891195863485336 6.2
      vertex 7.264363184571266 0.22891195863485336 7
    endloop
  endfacet
  facet normal 0.09777731294413819 -0.9952083184305808 0
    outer loop
      vertex 7.264363184571266 0.22891195863485336 6.2
      vertex 7.36863861232996 0.2391568198800087 6.2
      vertex 7.36863861232996 0.2391568198800087 7
    endloop
  endfacet
  facet normal 0.14559373313080826 -0.989344462193545 0
    outer loop
      vertex 7.36863861232996 0.2391568198800087 6.2
      vertex 7.458145223557949 0.2523287758231163 6.2
      vertex 7.458145223557949 0.2523287758231163 7
    endloop
  endfacet
  facet normal 0 -1 0
    outer loop
      vertex 6.357614003121853 0.21574000269174576 6.2
      vertex 6.862924002110958 0.21574000269174576 7
      vertex 6.357614003121853 0.21574000269174576 7
    endloop
  endfacet
  facet normal -1 0 0
    outer loop
      vertex 6.357614003121853 0.21574000269174576 7
      vertex 6.357614003121853 1.5134000033140182 7
      vertex 6.357614003121853 1.5134000033140182 6.2
    endloop
  endfacet
  facet normal 0.009849628906203075 -0.9999514912286547 0
    outer loop
      vertex 6.862924002110958 0.21574000269174576 6.2
      vertex 7.011505879461765 0.2172035500407219 7
      vertex 6.862924002110958 0.21574000269174576 7
    endloop
  endfacet
  facet normal 0.03279422274484534 -0.9994621248224274 0
    outer loop
      vertex 7.011505879461765 0.2172035500407219 6.2
      vertex 7.145318940281868 0.2215942069888115 7
      vertex 7.011505879461765 0.2172035500407219 7
    endloop
  endfacet
  facet normal 0.06135504558207847 -0.9981160044712344 0
    outer loop
      vertex 7.145318940281868 0.2215942069888115 6.2
      vertex 7.264363184571266 0.22891195863485336 7
      vertex 7.145318940281868 0.2215942069888115 7
    endloop
  endfacet
  facet normal 0.09777731294413819 -0.9952083184305808 0
    outer loop
      vertex 7.264363184571266 0.22891195863485336 6.2
      vertex 7.36863861232996 0.2391568198800087 7
      vertex 7.264363184571266 0.22891195863485336 7
    endloop
  endfacet
  facet normal 0.14559373313080826 -0.989344462193545 0
    outer loop
      vertex 7.36863861232996 0.2391568198800087 6.2
      vertex 7.458145223557949 0.2523287758231163 7
      vertex 7.36863861232996 0.2391568198800087 7
    endloop
  endfacet
  facet normal 0.21057716281128677 -0.9775772391490858 0
    outer loop
      vertex 7.458145223557949 0.2523287758231163 6.2
      vertex 7.532883018255234 0.2684278339147568 7
      vertex 7.458145223557949 0.2523287758231163 7
    endloop
  endfacet
  facet normal 0 0 1
    outer loop
      vertex 6.357614003121853 1.5134000033140182 6.2
      vertex 6.803676001727581 1.5134000033140182 6.2
      vertex 6.915962003171444 2.286981999874115 6.2
    endloop
  endfacet
  facet normal 0 1 0
    outer loop
      vertex 6.357614003121853 1.5134000033140182 6.2
      vertex 6.357614003121853 1.5134000033140182 7
      vertex 6.803676001727581 1.5134000033140182 6.2
    endloop
  endfacet
  facet normal 0.00468736217215699 0.9999890142575902 0
    outer loop
      vertex 6.803676001727581 1.5134000033140182 6.2
      vertex 6.803676001727581 1.5134000033140182 7
      vertex 6.939464241266251 1.5127635076642036 6.2
    endloop
  endfacet
  facet normal 0 -1 0
    outer loop
      vertex 5.434256002306938 2.286981999874115 6.2
      vertex 6.915962003171444 2.286981999874115 6.2
      vertex 6.915962003171444 2.286981999874115 7
    endloop
  endfacet
  facet normal 0 0 1
    outer loop
      vertex 6.803676001727581 1.5134000033140182 6.2
      vertex 6.939464241266251 1.5127635076642036 6.2
      vertex 6.915962003171444 2.286981999874115 6.2
    endloop
  endfacet
  facet normal 0 0 1
    outer loop
      vertex 6.939464241266251 1.5127635076642036 6.2
      vertex 7.061628982424736 1.5108540430665016 6.2
      vertex 6.915962003171444 2.286981999874115 6.2
    endloop
  endfacet
  facet normal 0 0 1
    outer loop
      vertex 7.061628982424736 1.5108540430665016 6.2
      vertex 7.1701702028512955 1.507671594619751 6.2
      vertex 7.144627064466476 2.285581350326538 6.2
    endloop
  endfacet
  facet normal 0 0 1
    outer loop
      vertex 7.1701702028512955 1.507671594619751 6.2
      vertex 7.26508791744709 1.5032161623239517 6.2
      vertex 7.144627064466476 2.285581350326538 6.2
    endloop
  endfacet
  facet normal 0 0 1
    outer loop
      vertex 7.26508791744709 1.5032161623239517 6.2
      vertex 7.3463821187615395 1.4974877536296844 6.2
      vertex 7.349357098340988 2.281379386782646 6.2
    endloop
  endfacet
  facet normal 0 0 1
    outer loop
      vertex 7.3463821187615395 1.4974877536296844 6.2
      vertex 7.414052814245224 1.4904863685369492 6.2
      vertex 7.349357098340988 2.281379386782646 6.2
    endloop
  endfacet
  facet normal 0 0 1
    outer loop
      vertex 7.414052814245224 1.4904863685369492 6.2
      vertex 7.468099996447563 1.4822119995951653 6.2
      vertex 7.53015211969614 2.2743761241436005 6.2
    endloop
  endfacet
  facet normal 0.015628334140687337 0.9998778701281407 0
    outer loop
      vertex 6.939464241266251 1.5127635076642036 6.2
      vertex 6.939464241266251 1.5127635076642036 7
      vertex 7.061628982424736 1.5108540430665016 6.2
    endloop
  endfacet
  facet normal 0.029307588240558975 0.9995704403750253 0
    outer loop
      vertex 7.061628982424736 1.5108540430665016 6.2
      vertex 7.061628982424736 1.5108540430665016 7
      vertex 7.1701702028512955 1.507671594619751 6.2
    endloop
  endfacet
  facet normal 0.04688831746582893 0.9989001379943961 0
    outer loop
      vertex 7.1701702028512955 1.507671594619751 6.2
      vertex 7.1701702028512955 1.507671594619751 7
      vertex 7.26508791744709 1.5032161623239517 6.2
    endloop
  endfacet
  facet normal 0.07029086455908458 0.9975265381730637 0
    outer loop
      vertex 7.26508791744709 1.5032161623239517 6.2
      vertex 7.26508791744709 1.5032161623239517 7
      vertex 7.3463821187615395 1.4974877536296844 6.2
    endloop
  endfacet
  facet normal 0.10291323366682201 0.9946903369070386 0
    outer loop
      vertex 7.3463821187615395 1.4974877536296844 6.2
      vertex 7.3463821187615395 1.4974877536296844 7
      vertex 7.414052814245224 1.4904863685369492 6.2
    endloop
  endfacet
  facet normal 0.21945751725933124 0.9756220570068976 0
    outer loop
      vertex 7.468099996447563 1.4822119995951653 6.2
      vertex 7.468099996447563 1.4822119995951653 7
      vertex 7.530672207474709 1.4681369364261627 6.2
    endloop
  endfacet
  facet normal 0.1513320866455782 0.9884829788881017 0
    outer loop
      vertex 7.414052814245224 1.4904863685369492 6.2
      vertex 7.414052814245224 1.4904863685369492 7
      vertex 7.468099996447563 1.4822119995951653 6.2
    endloop
  endfacet
  facet normal 0 0 1
    outer loop
      vertex 7.061628982424736 1.5108540430665016 6.2
      vertex 7.144627064466476 2.285581350326538 6.2
      vertex 6.915962003171444 2.286981999874115 6.2
    endloop
  endfacet
  facet normal 0 0 1
    outer loop
      vertex 7.26508791744709 1.5032161623239517 6.2
      vertex 7.349357098340988 2.281379386782646 6.2
      vertex 7.144627064466476 2.285581350326538 6.2
    endloop
  endfacet
  facet normal 0 0 1
    outer loop
      vertex 7.414052814245224 1.4904863685369492 6.2
      vertex 7.53015211969614 2.2743761241436005 6.2
      vertex 7.349357098340988 2.281379386782646 6.2
    endloop
  endfacet
  facet normal -0.0061252176629396065 -0.9999812406783346 0
    outer loop
      vertex 6.915962003171444 2.286981999874115 6.2
      vertex 7.144627064466476 2.285581350326538 6.2
      vertex 7.144627064466476 2.285581350326538 7
    endloop
  endfacet
  facet normal -0.020520090297540598 -0.9997894407794977 0
    outer loop
      vertex 7.144627064466476 2.285581350326538 6.2
      vertex 7.349357098340988 2.281379386782646 6.2
      vertex 7.349357098340988 2.281379386782646 7
    endloop
  endfacet
  facet normal -0.03870689796767939 -0.999250607230098 0
    outer loop
      vertex 7.349357098340988 2.281379386782646 6.2
      vertex 7.53015211969614 2.2743761241436005 6.2
      vertex 7.53015211969614 2.2743761241436005 7
    endloop
  endfacet
  facet normal 0 1 0
    outer loop
      vertex 6.803676001727581 1.5134000033140182 6.2
      vertex 6.357614003121853 1.5134000033140182 7
      vertex 6.803676001727581 1.5134000033140182 7
    endloop
  endfacet
  facet normal 0.00468736217215699 0.9999890142575902 0
    outer loop
      vertex 6.939464241266251 1.5127635076642036 6.2
      vertex 6.803676001727581 1.5134000033140182 7
      vertex 6.939464241266251 1.5127635076642036 7
    endloop
  endfacet
  facet normal 0.015628334140687337 0.9998778701281407 0
    outer loop
      vertex 7.061628982424736 1.5108540430665016 6.2
      vertex 6.939464241266251 1.5127635076642036 7
      vertex 7.061628982424736 1.5108540430665016 7
    endloop
  endfacet
  facet normal 0.029307588240558975 0.9995704403750253 0
    outer loop
      vertex 7.1701702028512955 1.507671594619751 6.2
      vertex 7.061628982424736 1.5108540430665016 7
      vertex 7.1701702028512955 1.507671594619751 7
    endloop
  endfacet
  facet normal 0.04688831746582893 0.9989001379943961 0
    outer loop
      vertex 7.26508791744709 1.5032161623239517 6.2
      vertex 7.1701702028512955 1.507671594619751 7
      vertex 7.26508791744709 1.5032161623239517 7
    endloop
  endfacet
  facet normal 0.07029086455908458 0.9975265381730637 0
    outer loop
      vertex 7.3463821187615395 1.4974877536296844 6.2
      vertex 7.26508791744709 1.5032161623239517 7
      vertex 7.3463821187615395 1.4974877536296844 7
    endloop
  endfacet
  facet normal 0.10291323366682201 0.9946903369070386 0
    outer loop
      vertex 7.414052814245224 1.4904863685369492 6.2
      vertex 7.3463821187615395 1.4974877536296844 7
      vertex 7.414052814245224 1.4904863685369492 7
    endloop
  endfacet
  facet normal 0.1513320866455782 0.9884829788881017 0
    outer loop
      vertex 7.468099996447563 1.4822119995951653 6.2
      vertex 7.414052814245224 1.4904863685369492 7
      vertex 7.468099996447563 1.4822119995951653 7
    endloop
  endfacet
  facet normal -0.0061252176629396065 -0.9999812406783346 0
    outer loop
      vertex 6.915962003171444 2.286981999874115 6.2
      vertex 7.144627064466476 2.285581350326538 7
      vertex 6.915962003171444 2.286981999874115 7
    endloop
  endfacet
  facet normal -0.020520090297540598 -0.9997894407794977 0
    outer loop
      vertex 7.144627064466476 2.285581350326538 6.2
      vertex 7.349357098340988 2.281379386782646 7
      vertex 7.144627064466476 2.285581350326538 7
    endloop
  endfacet
  facet normal -0.03870689796767939 -0.999250607230098 0
    outer loop
      vertex 7.349357098340988 2.281379386782646 6.2
      vertex 7.53015211969614 2.2743761241436005 7
      vertex 7.349357098340988 2.281379386782646 7
    endloop
  endfacet
  facet normal 0 0 1
    outer loop
      vertex 7.704154163599014 -0.5275955945253372 6.2
      vertex 7.592851996421814 0.2874540016055107 6.2
      vertex 7.532883018255234 0.2684278339147568 6.2
    endloop
  endfacet
  facet normal 0 0 1
    outer loop
      vertex 7.816770613193512 -0.5128906145691872 6.2
      vertex 7.64381343126297 0.3096119165420532 6.2
      vertex 7.592851996421814 0.2874540016055107 6.2
    endloop
  endfacet
  facet normal 0 0 1
    outer loop
      vertex 7.986643917858601 -0.47809865325689316 6.2
      vertex 7.69152857363224 0.33507996052503586 6.2
      vertex 7.64381343126297 0.3096119165420532 6.2
    endloop
  endfacet
  facet normal 0 0 1
    outer loop
      vertex 8.124399833381176 -0.4297141656279564 6.2
      vertex 7.7359974309802055 0.363858126103878 6.2
      vertex 7.69152857363224 0.33507996052503586 6.2
    endloop
  endfacet
  facet normal 0 0 1
    outer loop
      vertex 8.260886527597904 -0.3632526099681854 6.2
      vertex 7.777220003306866 0.3959464058279991 6.2
      vertex 7.7359974309802055 0.363858126103878 6.2
    endloop
  endfacet
  facet normal 0 0 1
    outer loop
      vertex 8.328653916716576 -0.3232429400086403 6.2
      vertex 7.81519628316164 0.43134481459856033 6.2
      vertex 7.777220003306866 0.3959464058279991 6.2
    endloop
  endfacet
  facet normal 0 0 1
    outer loop
      vertex 8.461708448827267 -0.2293991819024086 6.2
      vertex 7.84992628544569 0.4700533449649811 6.2
      vertex 7.81519628316164 0.43134481459856033 6.2
    endloop
  endfacet
  facet normal 0 0 1
    outer loop
      vertex 8.582795470952988 -0.1156909391283989 6.2
      vertex 7.881410002708435 0.5120719969272614 6.2
      vertex 7.84992628544569 0.4700533449649811 6.2
    endloop
  endfacet
  facet normal 0.21057716281128677 -0.9775772391490858 0
    outer loop
      vertex 7.458145223557949 0.2523287758231163 6.2
      vertex 7.532883018255234 0.2684278339147568 6.2
      vertex 7.532883018255234 0.2684278339147568 7
    endloop
  endfacet
  facet normal 0.3024115862969216 -0.9531774401827706 0
    outer loop
      vertex 7.532883018255234 0.2684278339147568 6.2
      vertex 7.592851996421814 0.2874540016055107 6.2
      vertex 7.592851996421814 0.2874540016055107 7
    endloop
  endfacet
  facet normal 0.39873775503895625 -0.917064993719907 0
    outer loop
      vertex 7.592851996421814 0.2874540016055107 6.2
      vertex 7.64381343126297 0.3096119165420532 6.2
      vertex 7.64381343126297 0.3096119165420532 7
    endloop
  endfacet
  facet normal 0.4708756396155078 -0.8821995987398126 0
    outer loop
      vertex 7.64381343126297 0.3096119165420532 6.2
      vertex 7.69152857363224 0.33507996052503586 6.2
      vertex 7.69152857363224 0.33507996052503586 7
    endloop
  endfacet
  facet normal 0.5433071559173078 -0.8395339983163553 0
    outer loop
      vertex 7.69152857363224 0.33507996052503586 6.2
      vertex 7.7359974309802055 0.363858126103878 6.2
      vertex 7.7359974309802055 0.363858126103878 7
    endloop
  endfacet
  facet normal 0.6142540037182739 -0.7891083695640737 0
    outer loop
      vertex 7.7359974309802055 0.363858126103878 6.2
      vertex 7.777220003306866 0.3959464058279991 6.2
      vertex 7.777220003306866 0.3959464058279991 7
    endloop
  endfacet
  facet normal 0.6818433378058945 -0.7314982315014281 0
    outer loop
      vertex 7.777220003306866 0.3959464058279991 6.2
      vertex 7.81519628316164 0.43134481459856033 6.2
      vertex 7.81519628316164 0.43134481459856033 7
    endloop
  endfacet
  facet normal 0.7443227832793878 -0.6678200313641585 0
    outer loop
      vertex 7.81519628316164 0.43134481459856033 6.2
      vertex 7.84992628544569 0.4700533449649811 6.2
      vertex 7.84992628544569 0.4700533449649811 7
    endloop
  endfacet
  facet normal 0.8002766576276416 -0.5996309458794891 0
    outer loop
      vertex 7.84992628544569 0.4700533449649811 6.2
      vertex 7.881410002708435 0.5120719969272614 6.2
      vertex 7.881410002708435 0.5120719969272614 7
    endloop
  endfacet
  facet normal 0.8497405561238058 -0.5272010880853767 0
    outer loop
      vertex 7.881410002708435 0.5120719969272614 6.2
      vertex 7.909137673676014 0.5567633435130119 6.2
      vertex 7.909137673676014 0.5567633435130119 7
    endloop
  endfacet
  facet normal 0.8936718285402743 -0.4487211415494956 0
    outer loop
      vertex 7.909137673676014 0.5567633435130119 6.2
      vertex 7.932599551975727 0.6034899577498436 6.2
      vertex 7.932599551975727 0.6034899577498436 7
    endloop
  endfacet
  facet normal 0.9304939273128842 -0.36630731801841604 0
    outer loop
      vertex 7.932599551975727 0.6034899577498436 6.2
      vertex 7.951795630156994 0.6522518396377563 6.2
      vertex 7.951795630156994 0.6522518396377563 7
    endloop
  endfacet
  facet normal 0.9594168711501426 -0.2819916086561273 0
    outer loop
      vertex 7.951795630156994 0.6522518396377563 6.2
      vertex 7.966725915670395 0.7030489817261696 6.2
      vertex 7.966725915670395 0.7030489817261696 7
    endloop
  endfacet
  facet normal 0.9802294145959867 -0.19786433423133482 0
    outer loop
      vertex 7.966725915670395 0.7030489817261696 6.2
      vertex 7.97739040851593 0.7558813914656639 6.2
      vertex 7.97739040851593 0.7558813914656639 7
    endloop
  endfacet
  facet normal 0.9932684210184589 -0.11583541689611829 0
    outer loop
      vertex 7.97739040851593 0.7558813914656639 6.2
      vertex 7.983789101243019 0.8107490614056587 6.2
      vertex 7.983789101243019 0.8107490614056587 7
    endloop
  endfacet
  facet normal 0.9992982469578882 -0.03745682350241902 0
    outer loop
      vertex 7.983789101243019 0.8107490614056587 6.2
      vertex 7.985922001302242 0.8676519989967346 6.2
      vertex 7.985922001302242 0.8676519989967346 7
    endloop
  endfacet
  facet normal 0.9990745743854849 0.043011566077770215 0
    outer loop
      vertex 7.985922001302242 0.8676519989967346 6.2
      vertex 7.9829291850328445 0.9371692687273026 6.2
      vertex 7.9829291850328445 0.9371692687273026 7
    endloop
  endfacet
  facet normal 0.97241784404021 0.23324565717755524 0
    outer loop
      vertex 7.958986654877663 1.0655073896050453 6.2
      vertex 7.958986654877663 1.0655073896050453 7
      vertex 7.973950736224651 1.0031210631132126 6.2
    endloop
  endfacet
  facet normal 0.8434589770861118 0.5371935907778964 0
    outer loop
      vertex 7.878180615603924 1.2312735542654991 6.2
      vertex 7.878180615603924 1.2312735542654991 7
      vertex 7.911101594567299 1.1795836314558983 6.2
    endloop
  endfacet
  facet normal 0.8988869956626143 0.4381805210511292 0
    outer loop
      vertex 7.9380369409918785 1.1243282482028008 6.2
      vertex 7.911101594567299 1.1795836314558983 6.2
      vertex 7.911101594567299 1.1795836314558983 7
    endloop
  endfacet
  facet normal 0.9420344313467551 0.33551621444752217 0
    outer loop
      vertex 7.958986654877663 1.0655073896050453 6.2
      vertex 7.9380369409918785 1.1243282482028008 6.2
      vertex 7.9380369409918785 1.1243282482028008 7
    endloop
  endfacet
  facet normal 0.9908602684757134 0.13489228427244124 0
    outer loop
      vertex 7.9829291850328445 0.9371692687273026 6.2
      vertex 7.973950736224651 1.0031210631132126 6.2
      vertex 7.973950736224651 1.0031210631132126 7
    endloop
  endfacet
  facet normal 0 0 1
    outer loop
      vertex 8.461708448827267 -0.2293991819024086 6.2
      vertex 8.523938938975334 -0.17505816370248795 6.2
      vertex 7.84992628544569 0.4700533449649811 6.2
    endloop
  endfacet
  facet normal 0 0 1
    outer loop
      vertex 8.523938938975334 -0.17505816370248795 6.2
      vertex 8.582795470952988 -0.1156909391283989 6.2
      vertex 7.84992628544569 0.4700533449649811 6.2
    endloop
  endfacet
  facet normal 0 0 1
    outer loop
      vertex 8.582795470952988 -0.1156909391283989 6.2
      vertex 8.638278037309647 -0.05129750818014145 6.2
      vertex 7.881410002708435 0.5120719969272614 6.2
    endloop
  endfacet
  facet normal 0 0 1
    outer loop
      vertex 8.638278037309647 -0.05129750818014145 6.2
      vertex 8.690386652946472 0.018122121691703796 6.2
      vertex 7.881410002708435 0.5120719969272614 6.2
    endloop
  endfacet
  facet normal 0 0 1
    outer loop
      vertex 7.881410002708435 0.5120719969272614 6.2
      vertex 8.690386652946472 0.018122121691703796 6.2
      vertex 7.909137673676014 0.5567633435130119 6.2
    endloop
  endfacet
  facet normal 0 0 1
    outer loop
      vertex 7.909137673676014 0.5567633435130119 6.2
      vertex 8.7844820022583 0.17204000055789948 6.2
      vertex 7.932599551975727 0.6034899577498436 6.2
    endloop
  endfacet
  facet normal 0 0 1
    outer loop
      vertex 7.932599551975727 0.6034899577498436 6.2
      vertex 8.825036160647869 0.25677575170993805 6.2
      vertex 7.951795630156994 0.6522518396377563 6.2
    endloop
  endfacet
  facet normal 0 0 1
    outer loop
      vertex 7.951795630156994 0.6522518396377563 6.2
      vertex 8.859351225197315 0.34698645025491714 6.2
      vertex 7.966725915670395 0.7030489817261696 6.2
    endloop
  endfacet
  facet normal 0 0 1
    outer loop
      vertex 7.909137673676014 0.5567633435130119 6.2
      vertex 8.690386652946472 0.018122121691703796 6.2
      vertex 8.739121302962303 0.09256795793771744 6.2
    endloop
  endfacet
  facet normal 0 0 1
    outer loop
      vertex 7.909137673676014 0.5567633435130119 6.2
      vertex 8.739121302962303 0.09256795793771744 6.2
      vertex 8.7844820022583 0.17204000055789948 6.2
    endloop
  endfacet
  facet normal 0 0 1
    outer loop
      vertex 7.932599551975727 0.6034899577498436 6.2
      vertex 8.7844820022583 0.17204000055789948 6.2
      vertex 8.825036160647869 0.25677575170993805 6.2
    endloop
  endfacet
  facet normal 0 0 1
    outer loop
      vertex 7.951795630156994 0.6522518396377563 6.2
      vertex 8.825036160647869 0.25677575170993805 6.2
      vertex 8.859351225197315 0.34698645025491714 6.2
    endloop
  endfacet
  facet normal 0 0 1
    outer loop
      vertex 7.966725915670395 0.7030489817261696 6.2
      vertex 8.859351225197315 0.34698645025491714 6.2
      vertex 8.887427181005478 0.44267208129167557 6.2
    endloop
  endfacet
  facet normal 0 0 1
    outer loop
      vertex 7.966725915670395 0.7030489817261696 6.2
      vertex 8.887427181005478 0.44267208129167557 6.2
      vertex 8.909264042973518 0.5438326522707939 6.2
    endloop
  endfacet
  facet normal -0.8366682149790645 0.5477100492448043 0
    outer loop
      vertex 8.690386652946472 0.018122121691703796 6.2
      vertex 8.690386652946472 0.018122121691703796 7
      vertex 8.739121302962303 0.09256795793771744 6.2
    endloop
  endfacet
  facet normal 0 0 1
    outer loop
      vertex 7.966725915670395 0.7030489817261696 6.2
      vertex 8.909264042973518 0.5438326522707939 6.2
      vertex 7.97739040851593 0.7558813914656639 6.2
    endloop
  endfacet
  facet normal 0 0 1
    outer loop
      vertex 7.97739040851593 0.7558813914656639 6.2
      vertex 8.924861796200275 0.6504681631922722 6.2
      vertex 7.983789101243019 0.8107490614056587 6.2
    endloop
  endfacet
  facet normal 0 0 1
    outer loop
      vertex 7.983789101243019 0.8107490614056587 6.2
      vertex 8.93422044813633 0.7625786140561104 6.2
      vertex 7.985922001302242 0.8676519989967346 6.2
    endloop
  endfacet
  facet normal 0 0 1
    outer loop
      vertex 7.958986654877663 1.0655073896050453 6.2
      vertex 7.973950736224651 1.0031210631132126 6.2
      vertex 8.888631634414196 1.3111070170998573 6.2
    endloop
  endfacet
  facet normal 0 0 1
    outer loop
      vertex 7.958986654877663 1.0655073896050453 6.2
      vertex 8.850747346878052 1.4383298754692078 6.2
      vertex 7.9380369409918785 1.1243282482028008 6.2
    endloop
  endfacet
  facet normal 0 0 1
    outer loop
      vertex 7.985922001302242 0.8676519989967346 6.2
      vertex 8.93192795664072 1.0320240780711174 6.2
      vertex 7.9829291850328445 0.9371692687273026 6.2
    endloop
  endfacet
  facet normal 0 0 1
    outer loop
      vertex 7.9829291850328445 0.9371692687273026 6.2
      vertex 8.915691837668419 1.1756717562675476 6.2
      vertex 7.973950736224651 1.0031210631132126 6.2
    endloop
  endfacet
  facet normal 0 0 1
    outer loop
      vertex 7.97739040851593 0.7558813914656639 6.2
      vertex 8.909264042973518 0.5438326522707939 6.2
      vertex 8.924861796200275 0.6504681631922722 6.2
    endloop
  endfacet
  facet normal 0 0 1
    outer loop
      vertex 7.983789101243019 0.8107490614056587 6.2
      vertex 8.924861796200275 0.6504681631922722 6.2
      vertex 8.93422044813633 0.7625786140561104 6.2
    endloop
  endfacet
  facet normal 0 0 1
    outer loop
      vertex 7.985922001302242 0.8676519989967346 6.2
      vertex 8.93422044813633 0.7625786140561104 6.2
      vertex 8.937339998781681 0.8801639974117279 6.2
    endloop
  endfacet
  facet normal 0 0 1
    outer loop
      vertex 7.985922001302242 0.8676519989967346 6.2
      vertex 8.937339998781681 0.8801639974117279 6.2
      vertex 8.93192795664072 1.0320240780711174 6.2
    endloop
  endfacet
  facet normal 0 0 1
    outer loop
      vertex 7.973950736224651 1.0031210631132126 6.2
      vertex 8.915691837668419 1.1756717562675476 6.2
      vertex 8.888631634414196 1.3111070170998573 6.2
    endloop
  endfacet
  facet normal 0 0 1
    outer loop
      vertex 7.9829291850328445 0.9371692687273026 6.2
      vertex 8.93192795664072 1.0320240780711174 6.2
      vertex 8.915691837668419 1.1756717562675476 6.2
    endloop
  endfacet
  facet normal 0.3024115862969216 -0.9531774401827706 0
    outer loop
      vertex 7.532883018255234 0.2684278339147568 6.2
      vertex 7.592851996421814 0.2874540016055107 7
      vertex 7.532883018255234 0.2684278339147568 7
    endloop
  endfacet
  facet normal 0.39873775503895625 -0.917064993719907 0
    outer loop
      vertex 7.592851996421814 0.2874540016055107 6.2
      vertex 7.64381343126297 0.3096119165420532 7
      vertex 7.592851996421814 0.2874540016055107 7
    endloop
  endfacet
  facet normal 0.4708756396155078 -0.8821995987398126 0
    outer loop
      vertex 7.64381343126297 0.3096119165420532 6.2
      vertex 7.69152857363224 0.33507996052503586 7
      vertex 7.64381343126297 0.3096119165420532 7
    endloop
  endfacet
  facet normal 0.5433071559173078 -0.8395339983163553 0
    outer loop
      vertex 7.69152857363224 0.33507996052503586 6.2
      vertex 7.7359974309802055 0.363858126103878 7
      vertex 7.69152857363224 0.33507996052503586 7
    endloop
  endfacet
  facet normal 0.6142540037182739 -0.7891083695640737 0
    outer loop
      vertex 7.7359974309802055 0.363858126103878 6.2
      vertex 7.777220003306866 0.3959464058279991 7
      vertex 7.7359974309802055 0.363858126103878 7
    endloop
  endfacet
  facet normal 0.6818433378058945 -0.7314982315014281 0
    outer loop
      vertex 7.777220003306866 0.3959464058279991 6.2
      vertex 7.81519628316164 0.43134481459856033 7
      vertex 7.777220003306866 0.3959464058279991 7
    endloop
  endfacet
  facet normal 0.7443227832793878 -0.6678200313641585 0
    outer loop
      vertex 7.81519628316164 0.43134481459856033 6.2
      vertex 7.84992628544569 0.4700533449649811 7
      vertex 7.81519628316164 0.43134481459856033 7
    endloop
  endfacet
  facet normal 0.8002766576276416 -0.5996309458794891 0
    outer loop
      vertex 7.84992628544569 0.4700533449649811 6.2
      vertex 7.881410002708435 0.5120719969272614 7
      vertex 7.84992628544569 0.4700533449649811 7
    endloop
  endfacet
  facet normal 0.8497405561238058 -0.5272010880853767 0
    outer loop
      vertex 7.881410002708435 0.5120719969272614 6.2
      vertex 7.909137673676014 0.5567633435130119 7
      vertex 7.881410002708435 0.5120719969272614 7
    endloop
  endfacet
  facet normal 0.8936718285402743 -0.4487211415494956 0
    outer loop
      vertex 7.909137673676014 0.5567633435130119 6.2
      vertex 7.932599551975727 0.6034899577498436 7
      vertex 7.909137673676014 0.5567633435130119 7
    endloop
  endfacet
  facet normal 0.9304939273128842 -0.36630731801841604 0
    outer loop
      vertex 7.932599551975727 0.6034899577498436 6.2
      vertex 7.951795630156994 0.6522518396377563 7
      vertex 7.932599551975727 0.6034899577498436 7
    endloop
  endfacet
  facet normal 0.9594168711501426 -0.2819916086561273 0
    outer loop
      vertex 7.951795630156994 0.6522518396377563 6.2
      vertex 7.966725915670395 0.7030489817261696 7
      vertex 7.951795630156994 0.6522518396377563 7
    endloop
  endfacet
  facet normal 0.9802294145959867 -0.19786433423133482 0
    outer loop
      vertex 7.966725915670395 0.7030489817261696 6.2
      vertex 7.97739040851593 0.7558813914656639 7
      vertex 7.966725915670395 0.7030489817261696 7
    endloop
  endfacet
  facet normal 0.9932684210184589 -0.11583541689611829 0
    outer loop
      vertex 7.97739040851593 0.7558813914656639 6.2
      vertex 7.983789101243019 0.8107490614056587 7
      vertex 7.97739040851593 0.7558813914656639 7
    endloop
  endfacet
  facet normal 0.9992982469578882 -0.03745682350241902 0
    outer loop
      vertex 7.983789101243019 0.8107490614056587 6.2
      vertex 7.985922001302242 0.8676519989967346 7
      vertex 7.983789101243019 0.8107490614056587 7
    endloop
  endfacet
  facet normal 0.9990745743854849 0.043011566077770215 0
    outer loop
      vertex 7.985922001302242 0.8676519989967346 6.2
      vertex 7.9829291850328445 0.9371692687273026 7
      vertex 7.985922001302242 0.8676519989967346 7
    endloop
  endfacet
  facet normal 0.9420344313467551 0.33551621444752217 0
    outer loop
      vertex 7.958986654877663 1.0655073896050453 6.2
      vertex 7.9380369409918785 1.1243282482028008 7
      vertex 7.958986654877663 1.0655073896050453 7
    endloop
  endfacet
  facet normal 0.7776498470062897 0.6286976343609814 0
    outer loop
      vertex 7.878180615603924 1.2312735542654991 6.2
      vertex 7.839273996651173 1.279398001730442 7
      vertex 7.878180615603924 1.2312735542654991 7
    endloop
  endfacet
  facet normal 0.8988869956626143 0.4381805210511292 0
    outer loop
      vertex 7.9380369409918785 1.1243282482028008 6.2
      vertex 7.911101594567299 1.1795836314558983 7
      vertex 7.9380369409918785 1.1243282482028008 7
    endloop
  endfacet
  facet normal 0.8434589770861118 0.5371935907778964 0
    outer loop
      vertex 7.911101594567299 1.1795836314558983 6.2
      vertex 7.878180615603924 1.2312735542654991 7
      vertex 7.911101594567299 1.1795836314558983 7
    endloop
  endfacet
  facet normal 0.9908602684757134 0.13489228427244124 0
    outer loop
      vertex 7.9829291850328445 0.9371692687273026 6.2
      vertex 7.973950736224651 1.0031210631132126 7
      vertex 7.9829291850328445 0.9371692687273026 7
    endloop
  endfacet
  facet normal 0.97241784404021 0.23324565717755524 0
    outer loop
      vertex 7.973950736224651 1.0031210631132126 6.2
      vertex 7.958986654877663 1.0655073896050453 7
      vertex 7.973950736224651 1.0031210631132126 7
    endloop
  endfacet
  facet normal -0.8366682149790645 0.5477100492448043 0
    outer loop
      vertex 8.739121302962303 0.09256795793771744 6.2
      vertex 8.690386652946472 0.018122121691703796 7
      vertex 8.739121302962303 0.09256795793771744 7
    endloop
  endfacet
  facet normal 0 0 1
    outer loop
      vertex 7.468099996447563 1.4822119995951653 6.2
      vertex 7.530672207474709 1.4681369364261627 6.2
      vertex 7.687012121081352 2.2645715475082397 6.2
    endloop
  endfacet
  facet normal 0 0 1
    outer loop
      vertex 7.530672207474709 1.4681369364261627 6.2
      vertex 7.590061962604523 1.449095755815506 6.2
      vertex 7.687012121081352 2.2645715475082397 6.2
    endloop
  endfacet
  facet normal 0 0 1
    outer loop
      vertex 7.590061962604523 1.449095755815506 6.2
      vertex 7.646269261837006 1.4250884503126144 6.2
      vertex 7.819937102496624 2.251965671777725 6.2
    endloop
  endfacet
  facet normal 0 0 1
    outer loop
      vertex 7.646269261837006 1.4250884503126144 6.2
      vertex 7.6992941200733185 1.396115019917488 6.2
      vertex 7.928927063941956 2.2365584895014763 6.2
    endloop
  endfacet
  facet normal 0 0 1
    outer loop
      vertex 7.795796491205692 1.3232697993516922 6.2
      vertex 7.839273996651173 1.279398001730442 6.2
      vertex 8.421395547688007 2.021762900054455 6.2
    endloop
  endfacet
  facet normal 0 0 1
    outer loop
      vertex 7.878180615603924 1.2312735542654991 6.2
      vertex 8.593784771859646 1.8642701655626297 6.2
      vertex 7.839273996651173 1.279398001730442 6.2
    endloop
  endfacet
  facet normal 0 0 1
    outer loop
      vertex 7.6992941200733185 1.396115019917488 6.2
      vertex 7.749136529862881 1.3621754720807076 6.2
      vertex 8.123664774000645 2.1840030178427696 6.2
    endloop
  endfacet
  facet normal 0 0 1
    outer loop
      vertex 7.795796491205692 1.3232697993516922 6.2
      vertex 8.327371552586555 2.0857094675302505 6.2
      vertex 7.749136529862881 1.3621754720807076 6.2
    endloop
  endfacet
  facet normal 0 0 1
    outer loop
      vertex 7.749136529862881 1.3621754720807076 6.2
      vertex 8.327371552586555 2.0857094675302505 6.2
      vertex 8.22812795639038 2.139789506793022 6.2
    endloop
  endfacet
  facet normal 0.30530596150642536 0.9522543094513342 0
    outer loop
      vertex 7.530672207474709 1.4681369364261627 6.2
      vertex 7.530672207474709 1.4681369364261627 7
      vertex 7.590061962604523 1.449095755815506 6.2
    endloop
  endfacet
  facet normal 0.39279195521404914 0.9196273592706582 0
    outer loop
      vertex 7.590061962604523 1.449095755815506 6.2
      vertex 7.590061962604523 1.449095755815506 7
      vertex 7.646269261837006 1.4250884503126144 6.2
    endloop
  endfacet
  facet normal 0.5628395873591673 0.8265661491383266 0
    outer loop
      vertex 7.6992941200733185 1.396115019917488 6.2
      vertex 7.6992941200733185 1.396115019917488 7
      vertex 7.749136529862881 1.3621754720807076 6.2
    endloop
  endfacet
  facet normal 0.7102914039383501 0.7039077506969842 0
    outer loop
      vertex 7.795796491205692 1.3232697993516922 6.2
      vertex 7.795796491205692 1.3232697993516922 7
      vertex 7.839273996651173 1.279398001730442 6.2
    endloop
  endfacet
  facet normal 0.6404016989295359 0.768040144789427 0
    outer loop
      vertex 7.795796491205692 1.3232697993516922 6.2
      vertex 7.749136529862881 1.3621754720807076 6.2
      vertex 7.749136529862881 1.3621754720807076 7
    endloop
  endfacet
  facet normal 0.4794996955344268 0.8775420457062966 0
    outer loop
      vertex 7.646269261837006 1.4250884503126144 6.2
      vertex 7.646269261837006 1.4250884503126144 7
      vertex 7.6992941200733185 1.396115019917488 6.2
    endloop
  endfacet
  facet normal 0.7776498470062897 0.6286976343609814 0
    outer loop
      vertex 7.878180615603924 1.2312735542654991 6.2
      vertex 7.839273996651173 1.279398001730442 6.2
      vertex 7.839273996651173 1.279398001730442 7
    endloop
  endfacet
  facet normal 0 0 1
    outer loop
      vertex 7.468099996447563 1.4822119995951653 6.2
      vertex 7.687012121081352 2.2645715475082397 6.2
      vertex 7.53015211969614 2.2743761241436005 6.2
    endloop
  endfacet
  facet normal 0 0 1
    outer loop
      vertex 7.590061962604523 1.449095755815506 6.2
      vertex 7.819937102496624 2.251965671777725 6.2
      vertex 7.687012121081352 2.2645715475082397 6.2
    endloop
  endfacet
  facet normal 0 0 1
    outer loop
      vertex 7.646269261837006 1.4250884503126144 6.2
      vertex 7.928927063941956 2.2365584895014763 6.2
      vertex 7.819937102496624 2.251965671777725 6.2
    endloop
  endfacet
  facet normal 0 0 1
    outer loop
      vertex 7.6992941200733185 1.396115019917488 6.2
      vertex 8.013981997966766 2.218350000679493 6.2
      vertex 7.928927063941956 2.2365584895014763 6.2
    endloop
  endfacet
  facet normal 0 0 1
    outer loop
      vertex 7.6992941200733185 1.396115019917488 6.2
      vertex 8.123664774000645 2.1840030178427696 6.2
      vertex 8.013981997966766 2.218350000679493 6.2
    endloop
  endfacet
  facet normal 0 0 1
    outer loop
      vertex 7.749136529862881 1.3621754720807076 6.2
      vertex 8.22812795639038 2.139789506793022 6.2
      vertex 8.123664774000645 2.1840030178427696 6.2
    endloop
  endfacet
  facet normal -0.062383524768303784 -0.9980522510557663 0
    outer loop
      vertex 7.53015211969614 2.2743761241436005 6.2
      vertex 7.687012121081352 2.2645715475082397 6.2
      vertex 7.687012121081352 2.2645715475082397 7
    endloop
  endfacet
  facet normal -0.09441091588813008 -0.9955333138379471 0
    outer loop
      vertex 7.687012121081352 2.2645715475082397 6.2
      vertex 7.819937102496624 2.251965671777725 6.2
      vertex 7.819937102496624 2.251965671777725 7
    endloop
  endfacet
  facet normal -0.1399716654042557 -0.9901555094448341 0
    outer loop
      vertex 7.819937102496624 2.251965671777725 6.2
      vertex 7.928927063941956 2.2365584895014763 6.2
      vertex 7.928927063941956 2.2365584895014763 7
    endloop
  endfacet
  facet normal -0.20933597405413712 -0.9778437758490901 0
    outer loop
      vertex 7.928927063941956 2.2365584895014763 6.2
      vertex 8.013981997966766 2.218350000679493 6.2
      vertex 8.013981997966766 2.218350000679493 7
    endloop
  endfacet
  facet normal -0.2988386371873756 -0.9543036565601078 0
    outer loop
      vertex 8.123664774000645 2.1840030178427696 6.2
      vertex 8.123664774000645 2.1840030178427696 7
      vertex 8.013981997966766 2.218350000679493 6.2
    endloop
  endfacet
  facet normal 0 0 1
    outer loop
      vertex 7.878180615603924 1.2312735542654991 6.2
      vertex 7.911101594567299 1.1795836314558983 6.2
      vertex 8.672150000929832 1.7707239985466003 6.2
    endloop
  endfacet
  facet normal 0 0 1
    outer loop
      vertex 7.9380369409918785 1.1243282482028008 6.2
      vertex 8.802038982510567 1.5573403239250183 6.2
      vertex 7.911101594567299 1.1795836314558983 6.2
    endloop
  endfacet
  facet normal 0 0 1
    outer loop
      vertex 7.795796491205692 1.3232697993516922 6.2
      vertex 8.421395547688007 2.021762900054455 6.2
      vertex 8.327371552586555 2.0857094675302505 6.2
    endloop
  endfacet
  facet normal 0 0 1
    outer loop
      vertex 7.839273996651173 1.279398001730442 6.2
      vertex 8.510199956595898 1.9479497969150543 6.2
      vertex 8.421395547688007 2.021762900054455 6.2
    endloop
  endfacet
  facet normal 0 0 1
    outer loop
      vertex 7.839273996651173 1.279398001730442 6.2
      vertex 8.593784771859646 1.8642701655626297 6.2
      vertex 8.510199956595898 1.9479497969150543 6.2
    endloop
  endfacet
  facet normal 0 0 1
    outer loop
      vertex 7.878180615603924 1.2312735542654991 6.2
      vertex 8.672150000929832 1.7707239985466003 6.2
      vertex 8.593784771859646 1.8642701655626297 6.2
    endloop
  endfacet
  facet normal 0 0 1
    outer loop
      vertex 7.958986654877663 1.0655073896050453 6.2
      vertex 8.888631634414196 1.3111070170998573 6.2
      vertex 8.850747346878052 1.4383298754692078 6.2
    endloop
  endfacet
  facet normal 0 0 1
    outer loop
      vertex 7.9380369409918785 1.1243282482028008 6.2
      vertex 8.850747346878052 1.4383298754692078 6.2
      vertex 8.802038982510567 1.5573403239250183 6.2
    endloop
  endfacet
  facet normal 0 0 1
    outer loop
      vertex 7.911101594567299 1.1795836314558983 6.2
      vertex 8.802038982510567 1.5573403239250183 6.2
      vertex 8.74250653386116 1.6681383699178696 6.2
    endloop
  endfacet
  facet normal 0 0 1
    outer loop
      vertex 7.911101594567299 1.1795836314558983 6.2
      vertex 8.74250653386116 1.6681383699178696 6.2
      vertex 8.672150000929832 1.7707239985466003 6.2
    endloop
  endfacet
  facet normal -0.8246834739567971 -0.5655945259481819 0
    outer loop
      vertex 8.74250653386116 1.6681383699178696 6.2
      vertex 8.74250653386116 1.6681383699178696 7
      vertex 8.672150000929832 1.7707239985466003 6.2
    endloop
  endfacet
  facet normal -0.7665660195428196 -0.642165506456301 0
    outer loop
      vertex 8.593784771859646 1.8642701655626297 6.2
      vertex 8.672150000929832 1.7707239985466003 6.2
      vertex 8.672150000929832 1.7707239985466003 7
    endloop
  endfacet
  facet normal -0.38977120752653643 -0.9209117252936383 0
    outer loop
      vertex 8.123664774000645 2.1840030178427696 6.2
      vertex 8.22812795639038 2.139789506793022 6.2
      vertex 8.22812795639038 2.139789506793022 7
    endloop
  endfacet
  facet normal -0.47849183099363307 -0.8780920041045589 0
    outer loop
      vertex 8.22812795639038 2.139789506793022 6.2
      vertex 8.327371552586555 2.0857094675302505 6.2
      vertex 8.327371552586555 2.0857094675302505 7
    endloop
  endfacet
  facet normal -0.5623716648741479 -0.8268845811518553 0
    outer loop
      vertex 8.421395547688007 2.021762900054455 6.2
      vertex 8.421395547688007 2.021762900054455 7
      vertex 8.327371552586555 2.0857094675302505 6.2
    endloop
  endfacet
  facet normal -0.6392099289961054 -0.7690322923472029 0
    outer loop
      vertex 8.421395547688007 2.021762900054455 6.2
      vertex 8.510199956595898 1.9479497969150543 6.2
      vertex 8.510199956595898 1.9479497969150543 7
    endloop
  endfacet
  facet normal -0.7075075004496767 -0.7067058347059622 0
    outer loop
      vertex 8.593784771859646 1.8642701655626297 6.2
      vertex 8.593784771859646 1.8642701655626297 7
      vertex 8.510199956595898 1.9479497969150543 6.2
    endloop
  endfacet
  facet normal 0.21945751725933124 0.9756220570068976 0
    outer loop
      vertex 7.468099996447563 1.4822119995951653 7
      vertex 7.530672207474709 1.4681369364261627 7
      vertex 7.530672207474709 1.4681369364261627 6.2
    endloop
  endfacet
  facet normal 0.30530596150642536 0.9522543094513342 0
    outer loop
      vertex 7.590061962604523 1.449095755815506 6.2
      vertex 7.530672207474709 1.4681369364261627 7
      vertex 7.590061962604523 1.449095755815506 7
    endloop
  endfacet
  facet normal 0.39279195521404914 0.9196273592706582 0
    outer loop
      vertex 7.646269261837006 1.4250884503126144 6.2
      vertex 7.590061962604523 1.449095755815506 7
      vertex 7.646269261837006 1.4250884503126144 7
    endloop
  endfacet
  facet normal 0.4794996955344268 0.8775420457062966 0
    outer loop
      vertex 7.6992941200733185 1.396115019917488 6.2
      vertex 7.646269261837006 1.4250884503126144 7
      vertex 7.6992941200733185 1.396115019917488 7
    endloop
  endfacet
  facet normal 0.5628395873591673 0.8265661491383266 0
    outer loop
      vertex 7.749136529862881 1.3621754720807076 6.2
      vertex 7.6992941200733185 1.396115019917488 7
      vertex 7.749136529862881 1.3621754720807076 7
    endloop
  endfacet
  facet normal 0.6404016989295359 0.768040144789427 0
    outer loop
      vertex 7.795796491205692 1.3232697993516922 6.2
      vertex 7.749136529862881 1.3621754720807076 7
      vertex 7.795796491205692 1.3232697993516922 7
    endloop
  endfacet
  facet normal 0.7102914039383501 0.7039077506969842 0
    outer loop
      vertex 7.839273996651173 1.279398001730442 6.2
      vertex 7.795796491205692 1.3232697993516922 7
      vertex 7.839273996651173 1.279398001730442 7
    endloop
  endfacet
  facet normal -0.062383524768303784 -0.9980522510557663 0
    outer loop
      vertex 7.53015211969614 2.2743761241436005 6.2
      vertex 7.687012121081352 2.2645715475082397 7
      vertex 7.53015211969614 2.2743761241436005 7
    endloop
  endfacet
  facet normal -0.09441091588813008 -0.9955333138379471 0
    outer loop
      vertex 7.687012121081352 2.2645715475082397 6.2
      vertex 7.819937102496624 2.251965671777725 7
      vertex 7.687012121081352 2.2645715475082397 7
    endloop
  endfacet
  facet normal -0.1399716654042557 -0.9901555094448341 0
    outer loop
      vertex 7.819937102496624 2.251965671777725 6.2
      vertex 7.928927063941956 2.2365584895014763 7
      vertex 7.819937102496624 2.251965671777725 7
    endloop
  endfacet
  facet normal -0.20933597405413712 -0.9778437758490901 0
    outer loop
      vertex 7.928927063941956 2.2365584895014763 6.2
      vertex 8.013981997966766 2.218350000679493 7
      vertex 7.928927063941956 2.2365584895014763 7
    endloop
  endfacet
  facet normal -0.2988386371873756 -0.9543036565601078 0
    outer loop
      vertex 8.013981997966766 2.218350000679493 6.2
      vertex 8.123664774000645 2.1840030178427696 7
      vertex 8.013981997966766 2.218350000679493 7
    endloop
  endfacet
  facet normal -0.7665660195428196 -0.642165506456301 0
    outer loop
      vertex 8.593784771859646 1.8642701655626297 6.2
      vertex 8.672150000929832 1.7707239985466003 7
      vertex 8.593784771859646 1.8642701655626297 7
    endloop
  endfacet
  facet normal -0.8246834739567971 -0.5655945259481819 0
    outer loop
      vertex 8.672150000929832 1.7707239985466003 6.2
      vertex 8.74250653386116 1.6681383699178696 7
      vertex 8.672150000929832 1.7707239985466003 7
    endloop
  endfacet
  facet normal -0.38977120752653643 -0.9209117252936383 0
    outer loop
      vertex 8.123664774000645 2.1840030178427696 6.2
      vertex 8.22812795639038 2.139789506793022 7
      vertex 8.123664774000645 2.1840030178427696 7
    endloop
  endfacet
  facet normal -0.47849183099363307 -0.8780920041045589 0
    outer loop
      vertex 8.22812795639038 2.139789506793022 6.2
      vertex 8.327371552586555 2.0857094675302505 7
      vertex 8.22812795639038 2.139789506793022 7
    endloop
  endfacet
  facet normal -0.5623716648741479 -0.8268845811518553 0
    outer loop
      vertex 8.327371552586555 2.0857094675302505 6.2
      vertex 8.421395547688007 2.021762900054455 7
      vertex 8.327371552586555 2.0857094675302505 7
    endloop
  endfacet
  facet normal -0.6392099289961054 -0.7690322923472029 0
    outer loop
      vertex 8.421395547688007 2.021762900054455 6.2
      vertex 8.510199956595898 1.9479497969150543 7
      vertex 8.421395547688007 2.021762900054455 7
    endloop
  endfacet
  facet normal -0.7075075004496767 -0.7067058347059622 0
    outer loop
      vertex 8.510199956595898 1.9479497969150543 6.2
      vertex 8.593784771859646 1.8642701655626297 7
      vertex 8.510199956595898 1.9479497969150543 7
    endloop
  endfacet
  facet normal -0.8684873415238625 0.4957113450515471 0
    outer loop
      vertex 8.739121302962303 0.09256795793771744 6.2
      vertex 8.739121302962303 0.09256795793771744 7
      vertex 8.7844820022583 0.17204000055789948 6.2
    endloop
  endfacet
  facet normal -0.9020166637699375 0.43170121413004064 0
    outer loop
      vertex 8.7844820022583 0.17204000055789948 6.2
      vertex 8.7844820022583 0.17204000055789948 7
      vertex 8.825036160647869 0.25677575170993805 6.2
    endloop
  endfacet
  facet normal -0.934663117672109 0.35553460656236174 0
    outer loop
      vertex 8.825036160647869 0.25677575170993805 6.2
      vertex 8.825036160647869 0.25677575170993805 7
      vertex 8.859351225197315 0.34698645025491714 6.2
    endloop
  endfacet
  facet normal -0.9595468481062357 0.2815490122330193 0
    outer loop
      vertex 8.859351225197315 0.34698645025491714 6.2
      vertex 8.859351225197315 0.34698645025491714 7
      vertex 8.887427181005478 0.44267208129167557 6.2
    endloop
  endfacet
  facet normal -0.9774853523349448 0.21100328426502937 0
    outer loop
      vertex 8.887427181005478 0.44267208129167557 6.2
      vertex 8.887427181005478 0.44267208129167557 7
      vertex 8.909264042973518 0.5438326522707939 6.2
    endloop
  endfacet
  facet normal -0.9894709574392037 0.1447315597385218 0
    outer loop
      vertex 8.909264042973518 0.5438326522707939 6.2
      vertex 8.909264042973518 0.5438326522707939 7
      vertex 8.924861796200275 0.6504681631922722 6.2
    endloop
  endfacet
  facet normal -0.9965338938883888 0.08318772945360126 0
    outer loop
      vertex 8.924861796200275 0.6504681631922722 6.2
      vertex 8.924861796200275 0.6504681631922722 7
      vertex 8.93422044813633 0.7625786140561104 6.2
    endloop
  endfacet
  facet normal -0.9996482628634811 0.026520757040940562 0
    outer loop
      vertex 8.93422044813633 0.7625786140561104 6.2
      vertex 8.93422044813633 0.7625786140561104 7
      vertex 8.937339998781681 0.8801639974117279 6.2
    endloop
  endfacet
  facet normal -0.9993655584224642 -0.03561573583342278 0
    outer loop
      vertex 8.937339998781681 0.8801639974117279 6.2
      vertex 8.937339998781681 0.8801639974117279 7
      vertex 8.93192795664072 1.0320240780711174 6.2
    endloop
  endfacet
  facet normal -0.993672964712231 -0.11231223976043524 0
    outer loop
      vertex 8.93192795664072 1.0320240780711174 6.2
      vertex 8.93192795664072 1.0320240780711174 7
      vertex 8.915691837668419 1.1756717562675476 6.2
    endloop
  endfacet
  facet normal -0.9806180423668704 -0.19592920911535047 0
    outer loop
      vertex 8.915691837668419 1.1756717562675476 6.2
      vertex 8.915691837668419 1.1756717562675476 7
      vertex 8.888631634414196 1.3111070170998573 6.2
    endloop
  endfacet
  facet normal -0.8684873415238625 0.4957113450515471 0
    outer loop
      vertex 8.739121302962303 0.09256795793771744 7
      vertex 8.7844820022583 0.17204000055789948 7
      vertex 8.7844820022583 0.17204000055789948 6.2
    endloop
  endfacet
  facet normal -0.9020166637699375 0.43170121413004064 0
    outer loop
      vertex 8.825036160647869 0.25677575170993805 6.2
      vertex 8.7844820022583 0.17204000055789948 7
      vertex 8.825036160647869 0.25677575170993805 7
    endloop
  endfacet
  facet normal -0.934663117672109 0.35553460656236174 0
    outer loop
      vertex 8.859351225197315 0.34698645025491714 6.2
      vertex 8.825036160647869 0.25677575170993805 7
      vertex 8.859351225197315 0.34698645025491714 7
    endloop
  endfacet
  facet normal -0.9595468481062357 0.2815490122330193 0
    outer loop
      vertex 8.887427181005478 0.44267208129167557 6.2
      vertex 8.859351225197315 0.34698645025491714 7
      vertex 8.887427181005478 0.44267208129167557 7
    endloop
  endfacet
  facet normal -0.9774853523349448 0.21100328426502937 0
    outer loop
      vertex 8.909264042973518 0.5438326522707939 6.2
      vertex 8.887427181005478 0.44267208129167557 7
      vertex 8.909264042973518 0.5438326522707939 7
    endloop
  endfacet
  facet normal -0.9894709574392037 0.1447315597385218 0
    outer loop
      vertex 8.924861796200275 0.6504681631922722 6.2
      vertex 8.909264042973518 0.5438326522707939 7
      vertex 8.924861796200275 0.6504681631922722 7
    endloop
  endfacet
  facet normal -0.9965338938883888 0.08318772945360126 0
    outer loop
      vertex 8.93422044813633 0.7625786140561104 6.2
      vertex 8.924861796200275 0.6504681631922722 7
      vertex 8.93422044813633 0.7625786140561104 7
    endloop
  endfacet
  facet normal -0.9996482628634811 0.026520757040940562 0
    outer loop
      vertex 8.937339998781681 0.8801639974117279 6.2
      vertex 8.93422044813633 0.7625786140561104 7
      vertex 8.937339998781681 0.8801639974117279 7
    endloop
  endfacet
  facet normal -0.9993655584224642 -0.03561573583342278 0
    outer loop
      vertex 8.93192795664072 1.0320240780711174 6.2
      vertex 8.937339998781681 0.8801639974117279 7
      vertex 8.93192795664072 1.0320240780711174 7
    endloop
  endfacet
  facet normal -0.993672964712231 -0.11231223976043524 0
    outer loop
      vertex 8.915691837668419 1.1756717562675476 6.2
      vertex 8.93192795664072 1.0320240780711174 7
      vertex 8.915691837668419 1.1756717562675476 7
    endloop
  endfacet
  facet normal -0.9584101720850132 -0.2853943623198876 0
    outer loop
      vertex 8.888631634414196 1.3111070170998573 6.2
      vertex 8.888631634414196 1.3111070170998573 7
      vertex 8.850747346878052 1.4383298754692078 6.2
    endloop
  endfacet
  facet normal -0.9254862487042799 -0.3787812079014481 0
    outer loop
      vertex 8.802038982510567 1.5573403239250183 6.2
      vertex 8.850747346878052 1.4383298754692078 6.2
      vertex 8.850747346878052 1.4383298754692078 7
    endloop
  endfacet
  facet normal -0.8808956739133647 -0.4733104812707187 0
    outer loop
      vertex 8.74250653386116 1.6681383699178696 6.2
      vertex 8.802038982510567 1.5573403239250183 6.2
      vertex 8.802038982510567 1.5573403239250183 7
    endloop
  endfacet
  facet normal -0.9806180423668704 -0.19592920911535047 0
    outer loop
      vertex 8.915691837668419 1.1756717562675476 7
      vertex 8.888631634414196 1.3111070170998573 7
      vertex 8.888631634414196 1.3111070170998573 6.2
    endloop
  endfacet
  facet normal -0.9584101720850132 -0.2853943623198876 0
    outer loop
      vertex 8.850747346878052 1.4383298754692078 6.2
      vertex 8.888631634414196 1.3111070170998573 7
      vertex 8.850747346878052 1.4383298754692078 7
    endloop
  endfacet
  facet normal -0.9254862487042799 -0.3787812079014481 0
    outer loop
      vertex 8.802038982510567 1.5573403239250183 6.2
      vertex 8.850747346878052 1.4383298754692078 7
      vertex 8.802038982510567 1.5573403239250183 7
    endloop
  endfacet
  facet normal -0.8808956739133647 -0.4733104812707187 0
    outer loop
      vertex 8.74250653386116 1.6681383699178696 6.2
      vertex 8.802038982510567 1.5573403239250183 7
      vertex 8.74250653386116 1.6681383699178696 7
    endloop
  endfacet
endsolid OpenSCAD_Model
