solid OpenSCAD_Model
  facet normal 0 8.881784197000659e-17 1
    outer loop
      vertex -10 25.5 2.4000000000000004
      vertex -7.8 25.5 2.4000000000000004
      vertex -10 30.500000000000334 2.4
    endloop
  endfacet
  facet normal -2.0185873175002846e-16 0 1
    outer loop
      vertex -7.8 25.5 2.4000000000000004
      vertex -7.8 30.5 2.4000000000000004
      vertex -10 30.500000000000334 2.4
    endloop
  endfacet
  facet normal 0 1 0
    outer loop
      vertex -10 25.5 2.4000000000000004
      vertex -7.8 25.5 12.4
      vertex -7.8 25.5 2.4000000000000004
    endloop
  endfacet
  facet normal -1.517977662760214e-13 -1 -3.339550858072471e-14
    outer loop
      vertex -10 30.500000000000334 2.4
      vertex -7.8 30.5 2.4000000000000004
      vertex -10 30.5 12.4
    endloop
  endfacet
  facet normal 0 1 0
    outer loop
      vertex -10 25.5 2.4000000000000004
      vertex -10 25.5 12.4
      vertex -7.8 25.5 12.4
    endloop
  endfacet
  facet normal 0 0 -1
    outer loop
      vertex -10 25.5 12.4
      vertex -10 30.5 12.4
      vertex -7.8 30.5 12.4
    endloop
  endfacet
  facet normal 0 0 -1
    outer loop
      vertex -10 25.5 12.4
      vertex -7.8 30.5 12.4
      vertex -7.8 25.5 12.4
    endloop
  endfacet
  facet normal 0 -1 0
    outer loop
      vertex -7.8 30.5 2.4000000000000004
      vertex -7.8 30.5 12.4
      vertex -10 30.5 12.4
    endloop
  endfacet
  facet normal 0 1 0
    outer loop
      vertex -10 -30.5 2.4000000000000004
      vertex -7.8 -30.5 12.4
      vertex -7.8 -30.5 2.4000000000000004
    endloop
  endfacet
  facet normal 0 8.881784197000659e-17 1
    outer loop
      vertex -10 -30.5 2.4000000000000004
      vertex -7.8 -30.5 2.4000000000000004
      vertex -10 -25.499999999999666 2.4
    endloop
  endfacet
  facet normal -2.0185873175002846e-16 0 1
    outer loop
      vertex -7.8 -30.5 2.4000000000000004
      vertex -7.8 -25.5 2.4000000000000004
      vertex -10 -25.499999999999666 2.4
    endloop
  endfacet
  facet normal -1.517977662760214e-13 -1 -3.339550858072471e-14
    outer loop
      vertex -10 -25.499999999999666 2.4
      vertex -7.8 -25.5 2.4000000000000004
      vertex -10 -25.5 12.4
    endloop
  endfacet
  facet normal 0 1 0
    outer loop
      vertex -10 -30.5 2.4000000000000004
      vertex -10 -30.5 12.4
      vertex -7.8 -30.5 12.4
    endloop
  endfacet
  facet normal 0 -1 0
    outer loop
      vertex -7.8 -25.5 2.4000000000000004
      vertex -7.8 -25.5 12.4
      vertex -10 -25.5 12.4
    endloop
  endfacet
  facet normal 0 0 -1
    outer loop
      vertex -10 -30.5 12.4
      vertex -10 -25.5 12.4
      vertex -7.8 -25.5 12.4
    endloop
  endfacet
  facet normal 0 0 -1
    outer loop
      vertex -10 -30.5 12.4
      vertex -7.8 -25.5 12.4
      vertex -7.8 -30.5 12.4
    endloop
  endfacet
  facet normal 2.0185873175002846e-16 0 1
    outer loop
      vertex 7.8 25.5 2.4000000000000004
      vertex 10 25.499999999999666 2.4
      vertex 7.8 30.5 2.4000000000000004
    endloop
  endfacet
  facet normal 0 -8.881784197000659e-17 1
    outer loop
      vertex 10 25.499999999999666 2.4
      vertex 10 30.5 2.4000000000000004
      vertex 7.8 30.5 2.4000000000000004
    endloop
  endfacet
  facet normal 1.5179776627602138e-13 1 -3.3395508580724704e-14
    outer loop
      vertex 7.8 25.5 2.4000000000000004
      vertex 10 25.5 12.4
      vertex 10 25.499999999999666 2.4
    endloop
  endfacet
  facet normal 0 -1 0
    outer loop
      vertex 7.8 30.5 2.4000000000000004
      vertex 10 30.5 2.4000000000000004
      vertex 7.8 30.5 12.4
    endloop
  endfacet
  facet normal 0 1 0
    outer loop
      vertex 7.8 25.5 2.4000000000000004
      vertex 7.8 25.5 12.4
      vertex 10 25.5 12.4
    endloop
  endfacet
  facet normal 0 0 -1
    outer loop
      vertex 7.8 25.5 12.4
      vertex 7.8 30.5 12.4
      vertex 10 30.5 12.4
    endloop
  endfacet
  facet normal 0 0 -1
    outer loop
      vertex 7.8 25.5 12.4
      vertex 10 30.5 12.4
      vertex 10 25.5 12.4
    endloop
  endfacet
  facet normal 0 -1 0
    outer loop
      vertex 10 30.5 2.4000000000000004
      vertex 10 30.5 12.4
      vertex 7.8 30.5 12.4
    endloop
  endfacet
  facet normal 1.5179776627602138e-13 1 -3.3395508580724704e-14
    outer loop
      vertex 7.8 -30.5 2.4000000000000004
      vertex 10 -30.5 12.4
      vertex 10 -30.500000000000334 2.4
    endloop
  endfacet
  facet normal 2.0185873175002846e-16 0 1
    outer loop
      vertex 7.8 -30.5 2.4000000000000004
      vertex 10 -30.500000000000334 2.4
      vertex 7.8 -25.5 2.4000000000000004
    endloop
  endfacet
  facet normal 0 -8.881784197000659e-17 1
    outer loop
      vertex 10 -30.500000000000334 2.4
      vertex 10 -25.5 2.4000000000000004
      vertex 7.8 -25.5 2.4000000000000004
    endloop
  endfacet
  facet normal 0 -1 0
    outer loop
      vertex 7.8 -25.5 2.4000000000000004
      vertex 10 -25.5 2.4000000000000004
      vertex 7.8 -25.5 12.4
    endloop
  endfacet
  facet normal 0 1 0
    outer loop
      vertex 7.8 -30.5 2.4000000000000004
      vertex 7.8 -30.5 12.4
      vertex 10 -30.5 12.4
    endloop
  endfacet
  facet normal 0 -1 0
    outer loop
      vertex 10 -25.5 2.4000000000000004
      vertex 10 -25.5 12.4
      vertex 7.8 -25.5 12.4
    endloop
  endfacet
  facet normal 0 0 -1
    outer loop
      vertex 7.8 -30.5 12.4
      vertex 7.8 -25.5 12.4
      vertex 10 -25.5 12.4
    endloop
  endfacet
  facet normal 0 0 -1
    outer loop
      vertex 7.8 -30.5 12.4
      vertex 10 -25.5 12.4
      vertex 10 -30.5 12.4
    endloop
  endfacet
  facet normal -1 0 0
    outer loop
      vertex -10 18 2.4
      vertex -10 18 17.6
      vertex -10 25.5 2.4000000000000004
    endloop
  endfacet
  facet normal -1 0 0
    outer loop
      vertex -10 30.500000000000334 2.4
      vertex -10 30.5 12.4
      vertex -10 38 2.4
    endloop
  endfacet
  facet normal 0 1 0
    outer loop
      vertex -10 38 2.4
      vertex -10 38 17.6
      vertex 10 38 2.4
    endloop
  endfacet
  facet normal -1 0 0
    outer loop
      vertex -10 25.5 2.4000000000000004
      vertex -10 18 17.6
      vertex -10 25.5 12.4
    endloop
  endfacet
  facet normal 0 -1 0
    outer loop
      vertex -10 18 2.4
      vertex 10 18 17.6
      vertex -10 18 17.6
    endloop
  endfacet
  facet normal -1 0 0
    outer loop
      vertex -10 25.5 12.4
      vertex -10 18 17.6
      vertex -10 30.5 12.4
    endloop
  endfacet
  facet normal -1 0 0
    outer loop
      vertex -10 18 17.6
      vertex -10 38 17.6
      vertex -10 30.5 12.4
    endloop
  endfacet
  facet normal 0 0 1
    outer loop
      vertex -10 18 17.6
      vertex -7 21 17.6
      vertex -7 35 17.6
    endloop
  endfacet
  facet normal 0 0 1
    outer loop
      vertex -10 18 17.6
      vertex 10 18 17.6
      vertex -7 21 17.6
    endloop
  endfacet
  facet normal -1 0 0
    outer loop
      vertex -10 38 2.4
      vertex -10 30.5 12.4
      vertex -10 38 17.6
    endloop
  endfacet
  facet normal 0 0 1
    outer loop
      vertex -10 18 17.6
      vertex -7 35 17.6
      vertex -10 38 17.6
    endloop
  endfacet
  facet normal 0 0 1
    outer loop
      vertex -10 38 17.6
      vertex -7 35 17.6
      vertex 7 35 17.6
    endloop
  endfacet
  facet normal 0 -1 0
    outer loop
      vertex -10 18 2.4
      vertex 10 18 2.4
      vertex 10 18 17.6
    endloop
  endfacet
  facet normal 1 0 0
    outer loop
      vertex 10 18 2.4
      vertex 10 25.499999999999666 2.4
      vertex 10 25.5 12.4
    endloop
  endfacet
  facet normal 1 0 0
    outer loop
      vertex 10 30.5 2.4000000000000004
      vertex 10 38 2.4
      vertex 10 38 17.6
    endloop
  endfacet
  facet normal 1 0 0
    outer loop
      vertex 10 18 2.4
      vertex 10 25.5 12.4
      vertex 10 18 17.6
    endloop
  endfacet
  facet normal 0 0 1
    outer loop
      vertex -7 21 17.6
      vertex 10 18 17.6
      vertex 7 21 17.6
    endloop
  endfacet
  facet normal 1 0 0
    outer loop
      vertex 10 25.5 12.4
      vertex 10 38 17.6
      vertex 10 18 17.6
    endloop
  endfacet
  facet normal 0 0 1
    outer loop
      vertex 7 21 17.6
      vertex 10 18 17.6
      vertex 10 38 17.6
    endloop
  endfacet
  facet normal 0 1 0
    outer loop
      vertex -10 38 17.6
      vertex 10 38 17.6
      vertex 10 38 2.4
    endloop
  endfacet
  facet normal 1 0 0
    outer loop
      vertex 10 30.5 2.4000000000000004
      vertex 10 38 17.6
      vertex 10 30.5 12.4
    endloop
  endfacet
  facet normal 0 0 1
    outer loop
      vertex -10 38 17.6
      vertex 7 35 17.6
      vertex 10 38 17.6
    endloop
  endfacet
  facet normal 0 0 1
    outer loop
      vertex 7 21 17.6
      vertex 10 38 17.6
      vertex 7 35 17.6
    endloop
  endfacet
  facet normal 1 0 0
    outer loop
      vertex 10 25.5 12.4
      vertex 10 30.5 12.4
      vertex 10 38 17.6
    endloop
  endfacet
  facet normal -1 0 0
    outer loop
      vertex -10 -38 2.4
      vertex -10 -38 17.6
      vertex -10 -30.5 2.4000000000000004
    endloop
  endfacet
  facet normal -1 0 0
    outer loop
      vertex -10 -25.499999999999666 2.4
      vertex -10 -25.5 12.4
      vertex -10 -18 2.4
    endloop
  endfacet
  facet normal 0 1 0
    outer loop
      vertex -10 -18 2.4
      vertex -10 -18 17.6
      vertex 10 -18 2.4
    endloop
  endfacet
  facet normal -1 0 0
    outer loop
      vertex -10 -30.5 2.4000000000000004
      vertex -10 -38 17.6
      vertex -10 -30.5 12.4
    endloop
  endfacet
  facet normal 0 -1 0
    outer loop
      vertex -10 -38 2.4
      vertex 10 -38 17.6
      vertex -10 -38 17.6
    endloop
  endfacet
  facet normal -1 0 0
    outer loop
      vertex -10 -30.5 12.4
      vertex -10 -38 17.6
      vertex -10 -25.5 12.4
    endloop
  endfacet
  facet normal 0 0 1
    outer loop
      vertex -10 -38 17.6
      vertex -7 -35 17.6
      vertex -7 -21 17.6
    endloop
  endfacet
  facet normal 0 0 1
    outer loop
      vertex -10 -38 17.6
      vertex 10 -38 17.6
      vertex -7 -35 17.6
    endloop
  endfacet
  facet normal -1 0 0
    outer loop
      vertex -10 -18 2.4
      vertex -10 -25.5 12.4
      vertex -10 -18 17.6
    endloop
  endfacet
  facet normal -1 0 0
    outer loop
      vertex -10 -38 17.6
      vertex -10 -18 17.6
      vertex -10 -25.5 12.4
    endloop
  endfacet
  facet normal 0 0 1
    outer loop
      vertex -10 -38 17.6
      vertex -7 -21 17.6
      vertex -10 -18 17.6
    endloop
  endfacet
  facet normal 0 0 1
    outer loop
      vertex -10 -18 17.6
      vertex -7 -21 17.6
      vertex 7 -21 17.6
    endloop
  endfacet
  facet normal 0 -1 0
    outer loop
      vertex -10 -38 2.4
      vertex 10 -38 2.4
      vertex 10 -38 17.6
    endloop
  endfacet
  facet normal 1 0 0
    outer loop
      vertex 10 -38 2.4
      vertex 10 -30.500000000000334 2.4
      vertex 10 -30.5 12.4
    endloop
  endfacet
  facet normal 1 0 0
    outer loop
      vertex 10 -25.5 2.4000000000000004
      vertex 10 -18 2.4
      vertex 10 -18 17.6
    endloop
  endfacet
  facet normal 1 0 0
    outer loop
      vertex 10 -38 2.4
      vertex 10 -30.5 12.4
      vertex 10 -38 17.6
    endloop
  endfacet
  facet normal 0 0 1
    outer loop
      vertex -7 -35 17.6
      vertex 10 -38 17.6
      vertex 7 -35 17.6
    endloop
  endfacet
  facet normal 0 0 1
    outer loop
      vertex 7 -35 17.6
      vertex 10 -38 17.6
      vertex 10 -18 17.6
    endloop
  endfacet
  facet normal 0 1 0
    outer loop
      vertex -10 -18 17.6
      vertex 10 -18 17.6
      vertex 10 -18 2.4
    endloop
  endfacet
  facet normal 1 0 0
    outer loop
      vertex 10 -25.5 2.4000000000000004
      vertex 10 -18 17.6
      vertex 10 -25.5 12.4
    endloop
  endfacet
  facet normal 0 0 1
    outer loop
      vertex -10 -18 17.6
      vertex 7 -21 17.6
      vertex 10 -18 17.6
    endloop
  endfacet
  facet normal 0 0 1
    outer loop
      vertex 7 -35 17.6
      vertex 10 -18 17.6
      vertex 7 -21 17.6
    endloop
  endfacet
  facet normal 1 0 0
    outer loop
      vertex 10 -30.5 12.4
      vertex 10 -25.5 12.4
      vertex 10 -18 17.6
    endloop
  endfacet
  facet normal 1 0 0
    outer loop
      vertex 10 -30.5 12.4
      vertex 10 -18 17.6
      vertex 10 -38 17.6
    endloop
  endfacet
  facet normal 1 0 0
    outer loop
      vertex -7 21 16.1
      vertex -7 35 17.6
      vertex -7 21 17.6
    endloop
  endfacet
  facet normal 0 1 0
    outer loop
      vertex -7 21 16.1
      vertex -7 21 17.6
      vertex 7 21 16.1
    endloop
  endfacet
  facet normal 1 0 0
    outer loop
      vertex -7 21 16.1
      vertex -7 35 16.1
      vertex -7 35 17.6
    endloop
  endfacet
  facet normal 0 -1 0
    outer loop
      vertex -7 35 16.1
      vertex 7 35 17.6
      vertex -7 35 17.6
    endloop
  endfacet
  facet normal 0 1 0
    outer loop
      vertex -7 21 17.6
      vertex 7 21 17.6
      vertex 7 21 16.1
    endloop
  endfacet
  facet normal -1 0 0
    outer loop
      vertex 7 21 16.1
      vertex 7 21 17.6
      vertex 7 35 16.1
    endloop
  endfacet
  facet normal 0 -1 0
    outer loop
      vertex -7 35 16.1
      vertex 7 35 16.1
      vertex 7 35 17.6
    endloop
  endfacet
  facet normal -1 0 0
    outer loop
      vertex 7 21 17.6
      vertex 7 35 17.6
      vertex 7 35 16.1
    endloop
  endfacet
  facet normal 1 0 0
    outer loop
      vertex -7 -35 16.1
      vertex -7 -21 17.6
      vertex -7 -35 17.6
    endloop
  endfacet
  facet normal 0 1 0
    outer loop
      vertex -7 -35 16.1
      vertex -7 -35 17.6
      vertex 7 -35 16.1
    endloop
  endfacet
  facet normal 1 0 0
    outer loop
      vertex -7 -35 16.1
      vertex -7 -21 16.1
      vertex -7 -21 17.6
    endloop
  endfacet
  facet normal 0 -1 0
    outer loop
      vertex -7 -21 16.1
      vertex 7 -21 17.6
      vertex -7 -21 17.6
    endloop
  endfacet
  facet normal 0 1 0
    outer loop
      vertex -7 -35 17.6
      vertex 7 -35 17.6
      vertex 7 -35 16.1
    endloop
  endfacet
  facet normal -1 0 0
    outer loop
      vertex 7 -35 16.1
      vertex 7 -35 17.6
      vertex 7 -21 16.1
    endloop
  endfacet
  facet normal 0 -1 0
    outer loop
      vertex -7 -21 16.1
      vertex 7 -21 16.1
      vertex 7 -21 17.6
    endloop
  endfacet
  facet normal -1 0 0
    outer loop
      vertex 7 -35 17.6
      vertex 7 -21 17.6
      vertex 7 -21 16.1
    endloop
  endfacet
  facet normal 0 -8.3790416952842e-17 1
    outer loop
      vertex -7.8 20.2 2.4
      vertex 7.8 20.2 2.4
      vertex -7.8 25.5 2.4000000000000004
    endloop
  endfacet
  facet normal 2.846725704167068e-17 0 1
    outer loop
      vertex -7.8 25.5 2.4000000000000004
      vertex 7.8 20.2 2.4
      vertex -7.8 30.5 2.4000000000000004
    endloop
  endfacet
  facet normal 8.379041695284205e-17 8.379041695284205e-17 1
    outer loop
      vertex -7.8 30.5 2.4000000000000004
      vertex 7.8 20.2 2.4
      vertex -7.8 35.8 2.4
    endloop
  endfacet
  facet normal 1 0 0
    outer loop
      vertex -7.8 20.2 2.4
      vertex -7.8 25.5 2.4000000000000004
      vertex -7.8 25.5 12.4
    endloop
  endfacet
  facet normal 0 1 0
    outer loop
      vertex -7.8 20.2 2.4
      vertex -7.8 20.2 16.1
      vertex 7.8 20.2 2.4
    endloop
  endfacet
  facet normal 1 0 0
    outer loop
      vertex -7.8 30.5 2.4000000000000004
      vertex -7.8 35.8 2.4
      vertex -7.8 35.8 16.1
    endloop
  endfacet
  facet normal 1 0 0
    outer loop
      vertex -7.8 20.2 2.4
      vertex -7.8 25.5 12.4
      vertex -7.8 20.2 16.1
    endloop
  endfacet
  facet normal 1 0 0
    outer loop
      vertex -7.8 25.5 12.4
      vertex -7.8 30.5 12.4
      vertex -7.8 20.2 16.1
    endloop
  endfacet
  facet normal 1 0 0
    outer loop
      vertex -7.8 20.2 16.1
      vertex -7.8 30.5 12.4
      vertex -7.8 35.8 16.1
    endloop
  endfacet
  facet normal 0 0 -1
    outer loop
      vertex -7.8 20.2 16.1
      vertex -7.8 35.8 16.1
      vertex -7 21 16.1
    endloop
  endfacet
  facet normal 0 0 -1
    outer loop
      vertex -7.8 20.2 16.1
      vertex -7 21 16.1
      vertex 7 21 16.1
    endloop
  endfacet
  facet normal 1 0 0
    outer loop
      vertex -7.8 30.5 2.4000000000000004
      vertex -7.8 35.8 16.1
      vertex -7.8 30.5 12.4
    endloop
  endfacet
  facet normal 0 -1 0
    outer loop
      vertex -7.8 35.8 2.4
      vertex 7.8 35.8 16.1
      vertex -7.8 35.8 16.1
    endloop
  endfacet
  facet normal 0 0 -1
    outer loop
      vertex -7 21 16.1
      vertex -7.8 35.8 16.1
      vertex -7 35 16.1
    endloop
  endfacet
  facet normal 0 0 -1
    outer loop
      vertex -7.8 35.8 16.1
      vertex 7.8 35.8 16.1
      vertex -7 35 16.1
    endloop
  endfacet
  facet normal -8.379041695284198e-17 -8.3790416952842e-17 1
    outer loop
      vertex -7.8 35.8 2.4
      vertex 7.8 20.2 2.4
      vertex 7.8 25.5 2.4000000000000004
    endloop
  endfacet
  facet normal -1 0 0
    outer loop
      vertex 7.8 20.2 2.4
      vertex 7.8 20.2 16.1
      vertex 7.8 25.5 2.4000000000000004
    endloop
  endfacet
  facet normal -2.846725704167068e-17 0 1
    outer loop
      vertex -7.8 35.8 2.4
      vertex 7.8 25.5 2.4000000000000004
      vertex 7.8 30.5 2.4000000000000004
    endloop
  endfacet
  facet normal 0 8.379041695284205e-17 1
    outer loop
      vertex -7.8 35.8 2.4
      vertex 7.8 30.5 2.4000000000000004
      vertex 7.8 35.8 2.4
    endloop
  endfacet
  facet normal -1 0 0
    outer loop
      vertex 7.8 30.5 2.4000000000000004
      vertex 7.8 30.5 12.4
      vertex 7.8 35.8 2.4
    endloop
  endfacet
  facet normal 0 -1 0
    outer loop
      vertex -7.8 35.8 2.4
      vertex 7.8 35.8 2.4
      vertex 7.8 35.8 16.1
    endloop
  endfacet
  facet normal -1 0 0
    outer loop
      vertex 7.8 25.5 2.4000000000000004
      vertex 7.8 20.2 16.1
      vertex 7.8 25.5 12.4
    endloop
  endfacet
  facet normal 0 1 0
    outer loop
      vertex -7.8 20.2 16.1
      vertex 7.8 20.2 16.1
      vertex 7.8 20.2 2.4
    endloop
  endfacet
  facet normal -1 0 0
    outer loop
      vertex 7.8 25.5 12.4
      vertex 7.8 20.2 16.1
      vertex 7.8 35.8 16.1
    endloop
  endfacet
  facet normal 0 0 -1
    outer loop
      vertex -7.8 20.2 16.1
      vertex 7 21 16.1
      vertex 7.8 20.2 16.1
    endloop
  endfacet
  facet normal 0 0 -1
    outer loop
      vertex 7 21 16.1
      vertex 7 35 16.1
      vertex 7.8 20.2 16.1
    endloop
  endfacet
  facet normal -1 0 0
    outer loop
      vertex 7.8 35.8 2.4
      vertex 7.8 30.5 12.4
      vertex 7.8 35.8 16.1
    endloop
  endfacet
  facet normal -1 0 0
    outer loop
      vertex 7.8 25.5 12.4
      vertex 7.8 35.8 16.1
      vertex 7.8 30.5 12.4
    endloop
  endfacet
  facet normal 0 0 -1
    outer loop
      vertex -7 35 16.1
      vertex 7.8 35.8 16.1
      vertex 7 35 16.1
    endloop
  endfacet
  facet normal 0 0 -1
    outer loop
      vertex 7.8 20.2 16.1
      vertex 7 35 16.1
      vertex 7.8 35.8 16.1
    endloop
  endfacet
  facet normal 0 -8.379041695284205e-17 1
    outer loop
      vertex -7.8 -35.8 2.4
      vertex 7.8 -35.8 2.4
      vertex -7.8 -30.5 2.4000000000000004
    endloop
  endfacet
  facet normal 2.846725704167068e-17 0 1
    outer loop
      vertex -7.8 -30.5 2.4000000000000004
      vertex 7.8 -35.8 2.4
      vertex -7.8 -25.5 2.4000000000000004
    endloop
  endfacet
  facet normal 1 0 0
    outer loop
      vertex -7.8 -35.8 2.4
      vertex -7.8 -30.5 2.4000000000000004
      vertex -7.8 -30.5 12.4
    endloop
  endfacet
  facet normal 0 1 0
    outer loop
      vertex -7.8 -35.8 2.4
      vertex -7.8 -35.8 16.1
      vertex 7.8 -35.8 2.4
    endloop
  endfacet
  facet normal 8.379041695284198e-17 8.3790416952842e-17 1
    outer loop
      vertex -7.8 -25.5 2.4000000000000004
      vertex 7.8 -35.8 2.4
      vertex -7.8 -20.2 2.4
    endloop
  endfacet
  facet normal 1 0 0
    outer loop
      vertex -7.8 -25.5 2.4000000000000004
      vertex -7.8 -20.2 2.4
      vertex -7.8 -20.2 16.1
    endloop
  endfacet
  facet normal 1 0 0
    outer loop
      vertex -7.8 -35.8 2.4
      vertex -7.8 -30.5 12.4
      vertex -7.8 -35.8 16.1
    endloop
  endfacet
  facet normal 1 0 0
    outer loop
      vertex -7.8 -30.5 12.4
      vertex -7.8 -25.5 12.4
      vertex -7.8 -35.8 16.1
    endloop
  endfacet
  facet normal 0 0 -1
    outer loop
      vertex -7.8 -35.8 16.1
      vertex -7.8 -20.2 16.1
      vertex -7 -35 16.1
    endloop
  endfacet
  facet normal 0 0 -1
    outer loop
      vertex -7.8 -35.8 16.1
      vertex -7 -35 16.1
      vertex 7 -35 16.1
    endloop
  endfacet
  facet normal 1 0 0
    outer loop
      vertex -7.8 -25.5 2.4000000000000004
      vertex -7.8 -20.2 16.1
      vertex -7.8 -25.5 12.4
    endloop
  endfacet
  facet normal 0 -1 0
    outer loop
      vertex -7.8 -20.2 2.4
      vertex 7.8 -20.2 16.1
      vertex -7.8 -20.2 16.1
    endloop
  endfacet
  facet normal 1 0 0
    outer loop
      vertex -7.8 -35.8 16.1
      vertex -7.8 -25.5 12.4
      vertex -7.8 -20.2 16.1
    endloop
  endfacet
  facet normal 0 0 -1
    outer loop
      vertex -7 -35 16.1
      vertex -7.8 -20.2 16.1
      vertex -7 -21 16.1
    endloop
  endfacet
  facet normal 0 0 -1
    outer loop
      vertex -7.8 -20.2 16.1
      vertex 7.8 -20.2 16.1
      vertex -7 -21 16.1
    endloop
  endfacet
  facet normal -1 0 0
    outer loop
      vertex 7.8 -35.8 2.4
      vertex 7.8 -35.8 16.1
      vertex 7.8 -30.5 2.4000000000000004
    endloop
  endfacet
  facet normal -8.379041695284205e-17 -8.379041695284205e-17 1
    outer loop
      vertex -7.8 -20.2 2.4
      vertex 7.8 -35.8 2.4
      vertex 7.8 -30.5 2.4000000000000004
    endloop
  endfacet
  facet normal -2.846725704167068e-17 0 1
    outer loop
      vertex -7.8 -20.2 2.4
      vertex 7.8 -30.5 2.4000000000000004
      vertex 7.8 -25.5 2.4000000000000004
    endloop
  endfacet
  facet normal 0 8.3790416952842e-17 1
    outer loop
      vertex -7.8 -20.2 2.4
      vertex 7.8 -25.5 2.4000000000000004
      vertex 7.8 -20.2 2.4
    endloop
  endfacet
  facet normal -1 0 0
    outer loop
      vertex 7.8 -25.5 2.4000000000000004
      vertex 7.8 -25.5 12.4
      vertex 7.8 -20.2 2.4
    endloop
  endfacet
  facet normal 0 -1 0
    outer loop
      vertex -7.8 -20.2 2.4
      vertex 7.8 -20.2 2.4
      vertex 7.8 -20.2 16.1
    endloop
  endfacet
  facet normal -1 0 0
    outer loop
      vertex 7.8 -30.5 2.4000000000000004
      vertex 7.8 -35.8 16.1
      vertex 7.8 -30.5 12.4
    endloop
  endfacet
  facet normal 0 1 0
    outer loop
      vertex -7.8 -35.8 16.1
      vertex 7.8 -35.8 16.1
      vertex 7.8 -35.8 2.4
    endloop
  endfacet
  facet normal 0 0 -1
    outer loop
      vertex -7.8 -35.8 16.1
      vertex 7 -35 16.1
      vertex 7.8 -35.8 16.1
    endloop
  endfacet
  facet normal 0 0 -1
    outer loop
      vertex 7 -35 16.1
      vertex 7 -21 16.1
      vertex 7.8 -35.8 16.1
    endloop
  endfacet
  facet normal -1 0 0
    outer loop
      vertex 7.8 -20.2 2.4
      vertex 7.8 -25.5 12.4
      vertex 7.8 -20.2 16.1
    endloop
  endfacet
  facet normal -1 0 0
    outer loop
      vertex 7.8 -30.5 12.4
      vertex 7.8 -20.2 16.1
      vertex 7.8 -25.5 12.4
    endloop
  endfacet
  facet normal -1 0 0
    outer loop
      vertex 7.8 -30.5 12.4
      vertex 7.8 -35.8 16.1
      vertex 7.8 -20.2 16.1
    endloop
  endfacet
  facet normal 0 0 -1
    outer loop
      vertex -7 -21 16.1
      vertex 7.8 -20.2 16.1
      vertex 7 -21 16.1
    endloop
  endfacet
  facet normal 0 0 -1
    outer loop
      vertex 7.8 -35.8 16.1
      vertex 7 -21 16.1
      vertex 7.8 -20.2 16.1
    endloop
  endfacet
  facet normal -1 0 0
    outer loop
      vertex -29 -15.5 2.4
      vertex -29 -15.5 5.9
      vertex -29 -7 2.4
    endloop
  endfacet
  facet normal -1 0 0
    outer loop
      vertex -29 -7 2.4
      vertex -29 -15.5 5.9
      vertex -29 -7 4.640000000000001
    endloop
  endfacet
  facet normal 1 0 0
    outer loop
      vertex -27.799999997019768 -14.299999997019768 2.4
      vertex -27.799999997019768 -7 2.4
      vertex -27.799999997019768 -7 4.640000000000001
    endloop
  endfacet
  facet normal 1 0 0
    outer loop
      vertex -27.799999997019768 -14.299999997019768 2.4
      vertex -27.799999997019768 -7 4.640000000000001
      vertex -27.799999997019768 -14.299999997019768 5.9
    endloop
  endfacet
  facet normal -1 0 0
    outer loop
      vertex -29 -15.5 5.9
      vertex -29 15.5 5.9
      vertex -29 -7 4.640000000000001
    endloop
  endfacet
  facet normal 1 0 0
    outer loop
      vertex -27.799999997019768 -14.299999997019768 5.9
      vertex -27.799999997019768 -7 4.640000000000001
      vertex -27.799999997019768 7 4.640000000000001
    endloop
  endfacet
  facet normal 0 0 1
    outer loop
      vertex -29 -15.5 5.9
      vertex -27.799999997019768 -14.299999997019768 5.9
      vertex -27.799999997019768 14.299999997019768 5.9
    endloop
  endfacet
  facet normal 0 -1 0
    outer loop
      vertex -29 -15.5 2.4
      vertex 29 -15.5 2.4
      vertex -29 -15.5 5.9
    endloop
  endfacet
  facet normal 0 1 0
    outer loop
      vertex -27.799999997019768 -14.299999997019768 2.4
      vertex -27.799999997019768 -14.299999997019768 5.9
      vertex 27.799999997019768 -14.299999997019768 2.4
    endloop
  endfacet
  facet normal 0 0 1
    outer loop
      vertex -29 -15.5 5.9
      vertex 27.799999997019768 -14.299999997019768 5.9
      vertex -27.799999997019768 -14.299999997019768 5.9
    endloop
  endfacet
  facet normal -1 0 0
    outer loop
      vertex -29 7 2.4
      vertex -29 7 4.640000000000001
      vertex -29 15.5 2.4
    endloop
  endfacet
  facet normal -1 0 0
    outer loop
      vertex -29 15.5 2.4
      vertex -29 7 4.640000000000001
      vertex -29 15.5 5.9
    endloop
  endfacet
  facet normal 1 0 0
    outer loop
      vertex -27.799999997019768 7 2.4
      vertex -27.799999997019768 14.299999997019768 5.9
      vertex -27.799999997019768 7 4.640000000000001
    endloop
  endfacet
  facet normal 1 0 0
    outer loop
      vertex -27.799999997019768 7 2.4
      vertex -27.799999997019768 14.299999997019768 2.4
      vertex -27.799999997019768 14.299999997019768 5.9
    endloop
  endfacet
  facet normal -1 0 0
    outer loop
      vertex -29 -7 4.640000000000001
      vertex -29 15.5 5.9
      vertex -29 7 4.640000000000001
    endloop
  endfacet
  facet normal 0 0 1
    outer loop
      vertex -29 -15.5 5.9
      vertex -27.799999997019768 14.299999997019768 5.9
      vertex -29 15.5 5.9
    endloop
  endfacet
  facet normal 1 0 0
    outer loop
      vertex -27.799999997019768 -14.299999997019768 5.9
      vertex -27.799999997019768 7 4.640000000000001
      vertex -27.799999997019768 14.299999997019768 5.9
    endloop
  endfacet
  facet normal 0 -1 0
    outer loop
      vertex -27.799999997019768 14.299999997019768 2.4
      vertex 27.799999997019768 14.299999997019768 5.9
      vertex -27.799999997019768 14.299999997019768 5.9
    endloop
  endfacet
  facet normal 0 0 1
    outer loop
      vertex -27.799999997019768 14.299999997019768 5.9
      vertex 27.799999997019768 14.299999997019768 5.9
      vertex -29 15.5 5.9
    endloop
  endfacet
  facet normal 0 1 0
    outer loop
      vertex -29 15.5 2.4
      vertex -29 15.5 5.9
      vertex 29 15.5 5.9
    endloop
  endfacet
  facet normal 0 -1 0
    outer loop
      vertex -29 -15.5 5.9
      vertex 29 -15.5 2.4
      vertex 29 -15.5 5.9
    endloop
  endfacet
  facet normal 0 0 1
    outer loop
      vertex -29 -15.5 5.9
      vertex 29 -15.5 5.9
      vertex 27.799999997019768 -14.299999997019768 5.9
    endloop
  endfacet
  facet normal 0 1 0
    outer loop
      vertex -27.799999997019768 -14.299999997019768 5.9
      vertex 27.799999997019768 -14.299999997019768 5.9
      vertex 27.799999997019768 -14.299999997019768 2.4
    endloop
  endfacet
  facet normal -1 0 0
    outer loop
      vertex 27.799999997019768 -14.299999997019768 2.4
      vertex 27.799999997019768 -14.299999997019768 5.9
      vertex 27.799999997019768 14.299999997019768 2.4
    endloop
  endfacet
  facet normal 0 0 1
    outer loop
      vertex 29 -15.5 5.9
      vertex 27.799999997019768 14.299999997019768 5.9
      vertex 27.799999997019768 -14.299999997019768 5.9
    endloop
  endfacet
  facet normal 1 0 0
    outer loop
      vertex 29 -15.5 2.4
      vertex 29 15.5 5.9
      vertex 29 -15.5 5.9
    endloop
  endfacet
  facet normal 0 -1 0
    outer loop
      vertex -27.799999997019768 14.299999997019768 2.4
      vertex 27.799999997019768 14.299999997019768 2.4
      vertex 27.799999997019768 14.299999997019768 5.9
    endloop
  endfacet
  facet normal 0 1 0
    outer loop
      vertex -29 15.5 2.4
      vertex 29 15.5 5.9
      vertex 29 15.5 2.4
    endloop
  endfacet
  facet normal 0 0 1
    outer loop
      vertex -29 15.5 5.9
      vertex 27.799999997019768 14.299999997019768 5.9
      vertex 29 15.5 5.9
    endloop
  endfacet
  facet normal 1 0 0
    outer loop
      vertex 29 -15.5 2.4
      vertex 29 15.5 2.4
      vertex 29 15.5 5.9
    endloop
  endfacet
  facet normal -1 0 0
    outer loop
      vertex 27.799999997019768 -14.299999997019768 5.9
      vertex 27.799999997019768 14.299999997019768 5.9
      vertex 27.799999997019768 14.299999997019768 2.4
    endloop
  endfacet
  facet normal 0 0 1
    outer loop
      vertex 29 -15.5 5.9
      vertex 29 15.5 5.9
      vertex 27.799999997019768 14.299999997019768 5.9
    endloop
  endfacet
  facet normal 0 1 0
    outer loop
      vertex -29 -7 2.4
      vertex -29 -7 4.640000000000001
      vertex -27.799999997019768 -7 2.4
    endloop
  endfacet
  facet normal 0 1 0
    outer loop
      vertex -27.799999997019768 -7 2.4
      vertex -29 -7 4.640000000000001
      vertex -27.799999997019768 -7 4.640000000000001
    endloop
  endfacet
  facet normal 0 0 -1
    outer loop
      vertex -29 -7 4.640000000000001
      vertex -27.799999997019768 7 4.640000000000001
      vertex -27.799999997019768 -7 4.640000000000001
    endloop
  endfacet
  facet normal 0 -1 0
    outer loop
      vertex -29 7 2.4
      vertex -27.799999997019768 7 4.640000000000001
      vertex -29 7 4.640000000000001
    endloop
  endfacet
  facet normal 0 -1 0
    outer loop
      vertex -29 7 2.4
      vertex -27.799999997019768 7 2.4
      vertex -27.799999997019768 7 4.640000000000001
    endloop
  endfacet
  facet normal 0 0 -1
    outer loop
      vertex -29 -7 4.640000000000001
      vertex -29 7 4.640000000000001
      vertex -27.799999997019768 7 4.640000000000001
    endloop
  endfacet
  facet normal 0 0 1
    outer loop
      vertex -32.11940687894821 -55.87174093723297 2.4
      vertex -31.070595205269186 -48.65056183502065 2.4
      vertex -31.142073904691415 -48.43999237667428 2.4
    endloop
  endfacet
  facet normal 0 0 1
    outer loop
      vertex -32.11940687894821 -55.87174093723297 2.4
      vertex -30.8487006784951 -49.034894429314825 2.4
      vertex -30.972243186433545 -48.85 2.4
    endloop
  endfacet
  facet normal 0 0 1
    outer loop
      vertex -32.11940687894821 -55.87174093723297 2.4
      vertex -30.972243186433545 -48.85 2.4
      vertex -31.070595205269186 -48.65056183502065 2.4
    endloop
  endfacet
  facet normal 0 0 1
    outer loop
      vertex -32.11940687894821 -55.87174093723297 2.4
      vertex -31.142073904691415 -48.43999237667428 2.4
      vertex -31.18545626433548 -48.221894526774086 2.4
    endloop
  endfacet
  facet normal 0 0 1
    outer loop
      vertex -32.11940687894821 -55.87174093723297 2.4
      vertex -31.18545626433548 -48.221894526774086 2.4
      vertex -31.2 -48 2.4
    endloop
  endfacet
  facet normal 0 0 1
    outer loop
      vertex -32.11940687894821 -55.87174093723297 2.4
      vertex -31.2 -48 2.4
      vertex -31.18545626433548 -47.778105473225914 2.4
    endloop
  endfacet
  facet normal 0 0 1
    outer loop
      vertex -32.11940687894821 -55.87174093723297 2.4
      vertex -30.534894429314825 -49.3487006784951 2.4
      vertex -30.702081528017132 -49.20208152801713 2.4
    endloop
  endfacet
  facet normal 0 0 1
    outer loop
      vertex -32.11940687894821 -55.87174093723297 2.4
      vertex -30.35 -49.472243186433545 2.4
      vertex -30.534894429314825 -49.3487006784951 2.4
    endloop
  endfacet
  facet normal 0 0 1
    outer loop
      vertex -32.11940687894821 -55.87174093723297 2.4
      vertex -30.150561835020653 -49.570595205269186 2.4
      vertex -30.35 -49.472243186433545 2.4
    endloop
  endfacet
  facet normal 0 0 1
    outer loop
      vertex -32.11940687894821 -55.87174093723297 2.4
      vertex -30.702081528017132 -49.20208152801713 2.4
      vertex -30.8487006784951 -49.034894429314825 2.4
    endloop
  endfacet
  facet normal 0 0 1
    outer loop
      vertex -32.11940687894821 -55.87174093723297 2.4
      vertex -29.939992376674287 -49.642073904691415 2.4
      vertex -30.150561835020653 -49.570595205269186 2.4
    endloop
  endfacet
  facet normal 0 0 1
    outer loop
      vertex -32.11940687894821 -55.87174093723297 2.4
      vertex -29.721894526774086 -49.68545626433548 2.4
      vertex -29.939992376674287 -49.642073904691415 2.4
    endloop
  endfacet
  facet normal 0 0 1
    outer loop
      vertex -32.11940687894821 -55.87174093723297 2.4
      vertex -29.5 -49.7 2.4
      vertex -29.721894526774086 -49.68545626433548 2.4
    endloop
  endfacet
  facet normal 0 0 1
    outer loop
      vertex -32.11940687894821 -55.87174093723297 2.4
      vertex -29.278105473225914 -49.68545626433548 2.4
      vertex -29.5 -49.7 2.4
    endloop
  endfacet
  facet normal 0 0 1
    outer loop
      vertex -32.11940687894821 -55.87174093723297 2.4
      vertex -29.060007623325713 -49.642073904691415 2.4
      vertex -29.278105473225914 -49.68545626433548 2.4
    endloop
  endfacet
  facet normal 0 0 1
    outer loop
      vertex -32.11940687894821 -55.87174093723297 2.4
      vertex -28.849438164979347 -49.570595205269186 2.4
      vertex -29.060007623325713 -49.642073904691415 2.4
    endloop
  endfacet
  facet normal 0 0 1
    outer loop
      vertex -32.11940687894821 -55.87174093723297 2.4
      vertex -28.65 -49.472243186433545 2.4
      vertex -28.849438164979347 -49.570595205269186 2.4
    endloop
  endfacet
  facet normal 0 0 1
    outer loop
      vertex -32.11940687894821 -55.87174093723297 2.4
      vertex -28.465105570685175 -49.3487006784951 2.4
      vertex -28.65 -49.472243186433545 2.4
    endloop
  endfacet
  facet normal 0 0 1
    outer loop
      vertex -32.11940687894821 -55.87174093723297 2.4
      vertex -28.297918471982868 -49.20208152801713 2.4
      vertex -28.465105570685175 -49.3487006784951 2.4
    endloop
  endfacet
  facet normal 0 0 1
    outer loop
      vertex -32.11940687894821 -55.87174093723297 2.4
      vertex -28.1512993215049 -49.034894429314825 2.4
      vertex -28.297918471982868 -49.20208152801713 2.4
    endloop
  endfacet
  facet normal 0 0 1
    outer loop
      vertex -32.11940687894821 -55.87174093723297 2.4
      vertex -28.027756813566455 -48.85 2.4
      vertex -28.1512993215049 -49.034894429314825 2.4
    endloop
  endfacet
  facet normal 0 0 1
    outer loop
      vertex -32.11940687894821 -55.87174093723297 2.4
      vertex -29 -15.5 2.4
      vertex -32.25465776771307 -55.19178882241249 2.4
    endloop
  endfacet
  facet normal 0 0 1
    outer loop
      vertex -32.25465776771307 -55.19178882241249 2.4
      vertex -29 -15.5 2.4
      vertex -32.29999999701977 -54.5 2.4
    endloop
  endfacet
  facet normal 0 0 1
    outer loop
      vertex -32.11940687894821 -55.87174093723297 2.4
      vertex -31.18545626433548 -47.778105473225914 2.4
      vertex -29 -15.5 2.4
    endloop
  endfacet
  facet normal 0 0 1
    outer loop
      vertex -29 -15.5 2.4
      vertex -31.18545626433548 -47.778105473225914 2.4
      vertex -31.142073904691415 -47.56000762332572 2.4
    endloop
  endfacet
  facet normal 0 0 1
    outer loop
      vertex -29 -15.5 2.4
      vertex -31.142073904691415 -47.56000762332572 2.4
      vertex -31.070595205269186 -47.34943816497935 2.4
    endloop
  endfacet
  facet normal 0 0 1
    outer loop
      vertex -29 -15.5 2.4
      vertex -31.070595205269186 -47.34943816497935 2.4
      vertex -30.972243186433545 -47.15 2.4
    endloop
  endfacet
  facet normal 0 0 1
    outer loop
      vertex -29 -15.5 2.4
      vertex -30.972243186433545 -47.15 2.4
      vertex -30.8487006784951 -46.965105570685175 2.4
    endloop
  endfacet
  facet normal 0 0 1
    outer loop
      vertex -29 -15.5 2.4
      vertex -30.8487006784951 -46.965105570685175 2.4
      vertex -30.702081528017132 -46.79791847198287 2.4
    endloop
  endfacet
  facet normal 0 0 1
    outer loop
      vertex -29 -15.5 2.4
      vertex -30.702081528017132 -46.79791847198287 2.4
      vertex -30.534894429314825 -46.6512993215049 2.4
    endloop
  endfacet
  facet normal 0 0 1
    outer loop
      vertex -29 -15.5 2.4
      vertex -30.534894429314825 -46.6512993215049 2.4
      vertex -30.35 -46.527756813566455 2.4
    endloop
  endfacet
  facet normal 0 0 1
    outer loop
      vertex -29 -15.5 2.4
      vertex -30.35 -46.527756813566455 2.4
      vertex -30.150561835020653 -46.429404794730814 2.4
    endloop
  endfacet
  facet normal 0 0 1
    outer loop
      vertex -29 -15.5 2.4
      vertex -30.150561835020653 -46.429404794730814 2.4
      vertex -29.939992376674287 -46.357926095308585 2.4
    endloop
  endfacet
  facet normal 0 0 1
    outer loop
      vertex -29 -15.5 2.4
      vertex -29.939992376674287 -46.357926095308585 2.4
      vertex -29.721894526774086 -46.31454373566452 2.4
    endloop
  endfacet
  facet normal 0 0 1
    outer loop
      vertex -29 -15.5 2.4
      vertex -29.721894526774086 -46.31454373566452 2.4
      vertex -29.5 -46.3 2.4
    endloop
  endfacet
  facet normal 0 0 1
    outer loop
      vertex -29 -15.5 2.4
      vertex -29.5 -46.3 2.4
      vertex -29.278105473225914 -46.31454373566452 2.4
    endloop
  endfacet
  facet normal 0 0 1
    outer loop
      vertex -29 -15.5 2.4
      vertex -29.278105473225914 -46.31454373566452 2.4
      vertex -29.060007623325713 -46.357926095308585 2.4
    endloop
  endfacet
  facet normal 0 0 1
    outer loop
      vertex -29 -15.5 2.4
      vertex -29.060007623325713 -46.357926095308585 2.4
      vertex -28.849438164979347 -46.429404794730814 2.4
    endloop
  endfacet
  facet normal 0 0 1
    outer loop
      vertex -29 -15.5 2.4
      vertex -28.849438164979347 -46.429404794730814 2.4
      vertex -28.65 -46.527756813566455 2.4
    endloop
  endfacet
  facet normal 0 0 1
    outer loop
      vertex -32.11940687894821 -55.87174093723297 2.4
      vertex -10 -18 2.4
      vertex -28.027756813566455 -48.85 2.4
    endloop
  endfacet
  facet normal 0 0 1
    outer loop
      vertex -10 -18 2.4
      vertex -27.929404794730814 -48.65056183502065 2.4
      vertex -28.027756813566455 -48.85 2.4
    endloop
  endfacet
  facet normal 0 0 1
    outer loop
      vertex -10 -18 2.4
      vertex -27.857926095308585 -48.43999237667428 2.4
      vertex -27.929404794730814 -48.65056183502065 2.4
    endloop
  endfacet
  facet normal 0 0 1
    outer loop
      vertex -10 -18 2.4
      vertex -28.027756813566455 -47.15 2.4
      vertex -27.929404794730814 -47.34943816497935 2.4
    endloop
  endfacet
  facet normal 0 0 1
    outer loop
      vertex -10 -18 2.4
      vertex -27.81454373566452 -48.221894526774086 2.4
      vertex -27.857926095308585 -48.43999237667428 2.4
    endloop
  endfacet
  facet normal 0 0 1
    outer loop
      vertex -10 -18 2.4
      vertex -27.8 -48 2.4
      vertex -27.81454373566452 -48.221894526774086 2.4
    endloop
  endfacet
  facet normal 0 0 1
    outer loop
      vertex -10 -18 2.4
      vertex -27.81454373566452 -47.778105473225914 2.4
      vertex -27.8 -48 2.4
    endloop
  endfacet
  facet normal 0 0 1
    outer loop
      vertex -10 -18 2.4
      vertex -27.857926095308585 -47.56000762332572 2.4
      vertex -27.81454373566452 -47.778105473225914 2.4
    endloop
  endfacet
  facet normal 0 0 1
    outer loop
      vertex -10 -18 2.4
      vertex -27.929404794730814 -47.34943816497935 2.4
      vertex -27.857926095308585 -47.56000762332572 2.4
    endloop
  endfacet
  facet normal 0 0 1
    outer loop
      vertex -10 -18 2.4
      vertex -28.65 -46.527756813566455 2.4
      vertex -28.465105570685175 -46.6512993215049 2.4
    endloop
  endfacet
  facet normal 0 0 1
    outer loop
      vertex -10 -18 2.4
      vertex -28.465105570685175 -46.6512993215049 2.4
      vertex -28.297918471982868 -46.79791847198287 2.4
    endloop
  endfacet
  facet normal 0 0 1
    outer loop
      vertex -10 -18 2.4
      vertex -28.297918471982868 -46.79791847198287 2.4
      vertex -28.1512993215049 -46.965105570685175 2.4
    endloop
  endfacet
  facet normal 0 0 1
    outer loop
      vertex -10 -18 2.4
      vertex -28.1512993215049 -46.965105570685175 2.4
      vertex -28.027756813566455 -47.15 2.4
    endloop
  endfacet
  facet normal 4.7841230432595875e-17 -5.921189464667501e-17 1
    outer loop
      vertex -32.11940687894821 -55.87174093723297 2.4
      vertex -10 -38 2.4
      vertex -10 -30.5 2.4000000000000004
    endloop
  endfacet
  facet normal -1.2195410580762543e-16 8.88178419700066e-17 1
    outer loop
      vertex -32.11940687894821 -55.87174093723297 2.4
      vertex -10 -30.5 2.4000000000000004
      vertex -10 -25.499999999999666 2.4
    endloop
  endfacet
  facet normal 0 0 1
    outer loop
      vertex -32.11940687894821 -55.87174093723297 2.4
      vertex -10 -25.499999999999666 2.4
      vertex -10 -18 2.4
    endloop
  endfacet
  facet normal 0 0 1
    outer loop
      vertex -32.29999999701977 -54.5 2.4
      vertex -29 -15.5 2.4
      vertex -32.29999999701977 54.5 2.4
    endloop
  endfacet
  facet normal 0 0 1
    outer loop
      vertex -29 -7 2.4
      vertex -27.799999997019768 -7 2.4
      vertex -29 7 2.4
    endloop
  endfacet
  facet normal 0 0 1
    outer loop
      vertex -29 -15.5 2.4
      vertex -28.65 -46.527756813566455 2.4
      vertex -10 -18 2.4
    endloop
  endfacet
  facet normal 0 0 1
    outer loop
      vertex -32.11940687894821 -55.87174093723297 2.4
      vertex -1.8186533451080322 -44.95000000298023 2.4
      vertex -10 -38 2.4
    endloop
  endfacet
  facet normal 0 0 1
    outer loop
      vertex -31.89656152576208 -56.52822218835354 2.4
      vertex -31.589934639632702 -57.149999998509884 2.4
      vertex 32.25465776771307 -55.19178882241249 2.4
    endloop
  endfacet
  facet normal 0 0 1
    outer loop
      vertex -31.589934639632702 -57.149999998509884 2.4
      vertex -31.20477270334959 -57.72643557190895 2.4
      vertex 32.11940687894821 -55.87174093723297 2.4
    endloop
  endfacet
  facet normal 0 0 1
    outer loop
      vertex -31.89656152576208 -56.52822218835354 2.4
      vertex 32.29999999701977 -54.5 2.4
      vertex -32.11940687894821 -55.87174093723297 2.4
    endloop
  endfacet
  facet normal 0 0 1
    outer loop
      vertex -30.74766594171524 -58.24766594171524 2.4
      vertex -30.22643557190895 -58.70477270334959 2.4
      vertex 31.589934639632702 -57.149999998509884 2.4
    endloop
  endfacet
  facet normal 0 0 1
    outer loop
      vertex -29.649999998509884 -59.0899346396327 2.4
      vertex -29.02822218835354 -59.39656152576208 2.4
      vertex 30.74766594171524 -58.24766594171524 2.4
    endloop
  endfacet
  facet normal 0 0 1
    outer loop
      vertex -30.22643557190895 -58.70477270334959 2.4
      vertex -29.649999998509884 -59.0899346396327 2.4
      vertex 31.20477270334959 -57.72643557190895 2.4
    endloop
  endfacet
  facet normal 0 0 1
    outer loop
      vertex -30.74766594171524 -58.24766594171524 2.4
      vertex 31.89656152576208 -56.52822218835354 2.4
      vertex -31.20477270334959 -57.72643557190895 2.4
    endloop
  endfacet
  facet normal 0 0 1
    outer loop
      vertex -29.02822218835354 -59.39656152576208 2.4
      vertex -28.37174093723297 -59.61940687894821 2.4
      vertex 30.22643557190895 -58.70477270334959 2.4
    endloop
  endfacet
  facet normal 0 0 1
    outer loop
      vertex -28.37174093723297 -59.61940687894821 2.4
      vertex -27.69178882241249 -59.75465776771307 2.4
      vertex 29.649999998509884 -59.0899346396327 2.4
    endloop
  endfacet
  facet normal 0 0 1
    outer loop
      vertex -27.69178882241249 -59.75465776771307 2.4
      vertex -27 -59.79999999701977 2.4
      vertex 29.02822218835354 -59.39656152576208 2.4
    endloop
  endfacet
  facet normal 0 0 1
    outer loop
      vertex -32.11940687894821 -55.87174093723297 2.4
      vertex -0.8036352097988129 -47.94014701992273 2.4
      vertex -1.0499999970197678 -47.81865334510803 2.4
    endloop
  endfacet
  facet normal 0 0 1
    outer loop
      vertex -32.11940687894821 -55.87174093723297 2.4
      vertex -0.5435199961066246 -48.02844423800707 2.4
      vertex -0.8036352097988129 -47.94014701992273 2.4
    endloop
  endfacet
  facet normal 0 0 1
    outer loop
      vertex -32.11940687894821 -55.87174093723297 2.4
      vertex -1.6660420149564743 -47.278398998081684 2.4
      vertex -1.8186533451080322 -47.04999999701977 2.4
    endloop
  endfacet
  facet normal 0 0 1
    outer loop
      vertex -32.11940687894821 -55.87174093723297 2.4
      vertex -2.0284442380070686 -46.543519996106625 2.4
      vertex -2.082034207880497 -46.27410500496626 2.4
    endloop
  endfacet
  facet normal 0 0 1
    outer loop
      vertex -32.11940687894821 -55.87174093723297 2.4
      vertex -1.9401470199227333 -46.80363520979881 2.4
      vertex -2.0284442380070686 -46.543519996106625 2.4
    endloop
  endfacet
  facet normal 0 0 1
    outer loop
      vertex -32.11940687894821 -55.87174093723297 2.4
      vertex -1.8186533451080322 -47.04999999701977 2.4
      vertex -1.9401470199227333 -46.80363520979881 2.4
    endloop
  endfacet
  facet normal 0 0 1
    outer loop
      vertex -32.11940687894821 -55.87174093723297 2.4
      vertex -1.484924241900444 -47.484924241900444 2.4
      vertex -1.6660420149564743 -47.278398998081684 2.4
    endloop
  endfacet
  facet normal 0 0 1
    outer loop
      vertex -32.11940687894821 -55.87174093723297 2.4
      vertex -1.2783989980816841 -47.666042014956474 2.4
      vertex -1.484924241900444 -47.484924241900444 2.4
    endloop
  endfacet
  facet normal 0 0 1
    outer loop
      vertex -32.11940687894821 -55.87174093723297 2.4
      vertex -2.082034207880497 -46.27410500496626 2.4
      vertex -2.100000001490116 -46 2.4
    endloop
  endfacet
  facet normal 0 0 1
    outer loop
      vertex -32.11940687894821 -55.87174093723297 2.4
      vertex -2.100000001490116 -46 2.4
      vertex -2.082034207880497 -45.72589499503374 2.4
    endloop
  endfacet
  facet normal 0 0 1
    outer loop
      vertex -32.11940687894821 -55.87174093723297 2.4
      vertex -2.082034207880497 -45.72589499503374 2.4
      vertex -2.0284442380070686 -45.456480003893375 2.4
    endloop
  endfacet
  facet normal 0 0 1
    outer loop
      vertex -32.11940687894821 -55.87174093723297 2.4
      vertex -2.0284442380070686 -45.456480003893375 2.4
      vertex -1.9401470199227333 -45.19636479020119 2.4
    endloop
  endfacet
  facet normal 0 0 1
    outer loop
      vertex -32.11940687894821 -55.87174093723297 2.4
      vertex -1.9401470199227333 -45.19636479020119 2.4
      vertex -1.8186533451080322 -44.95000000298023 2.4
    endloop
  endfacet
  facet normal 0 0 1
    outer loop
      vertex -32.11940687894821 -55.87174093723297 2.4
      vertex -1.0499999970197678 -47.81865334510803 2.4
      vertex -1.2783989980816841 -47.666042014956474 2.4
    endloop
  endfacet
  facet normal 0 0 1
    outer loop
      vertex -32.11940687894821 -55.87174093723297 2.4
      vertex -0.274105004966259 -48.0820342078805 2.4
      vertex -0.5435199961066246 -48.02844423800707 2.4
    endloop
  endfacet
  facet normal 0 0 1
    outer loop
      vertex -32.11940687894821 -55.87174093723297 2.4
      vertex 0 -48.100000001490116 2.4
      vertex -0.274105004966259 -48.0820342078805 2.4
    endloop
  endfacet
  facet normal 0 0 1
    outer loop
      vertex -32.11940687894821 -55.87174093723297 2.4
      vertex 0.274105004966259 -48.0820342078805 2.4
      vertex 0 -48.100000001490116 2.4
    endloop
  endfacet
  facet normal 0 0 1
    outer loop
      vertex -32.11940687894821 -55.87174093723297 2.4
      vertex 0.5435199961066246 -48.02844423800707 2.4
      vertex 0.274105004966259 -48.0820342078805 2.4
    endloop
  endfacet
  facet normal 0 0 1
    outer loop
      vertex -10 -38 2.4
      vertex -1.8186533451080322 -44.95000000298023 2.4
      vertex -1.6660420149564743 -44.721601001918316 2.4
    endloop
  endfacet
  facet normal 0 0 1
    outer loop
      vertex -10 -38 2.4
      vertex -1.6660420149564743 -44.721601001918316 2.4
      vertex -1.484924241900444 -44.515075758099556 2.4
    endloop
  endfacet
  facet normal 0 0 1
    outer loop
      vertex -10 -38 2.4
      vertex -1.484924241900444 -44.515075758099556 2.4
      vertex -1.2783989980816841 -44.333957985043526 2.4
    endloop
  endfacet
  facet normal 0 0 1
    outer loop
      vertex -10 -38 2.4
      vertex -1.2783989980816841 -44.333957985043526 2.4
      vertex -1.2000000029802322 -44.281573459506035 2.4
    endloop
  endfacet
  facet normal 0 0 1
    outer loop
      vertex -10 -38 2.4
      vertex -1.2000000029802322 -44.281573459506035 2.4
      vertex -1.2000000029802322 -41 2.4
    endloop
  endfacet
  facet normal 0 0 1
    outer loop
      vertex -10 -38 2.4
      vertex -1.2000000029802322 -41 2.4
      vertex -1.1897338330745697 -40.84336856752634 2.4
    endloop
  endfacet
  facet normal 0 0 1
    outer loop
      vertex -10 -38 2.4
      vertex -1.1897338330745697 -40.84336856752634 2.4
      vertex -1.1591109931468964 -40.6894171461463 2.4
    endloop
  endfacet
  facet normal 0 0 1
    outer loop
      vertex -10 -38 2.4
      vertex -1.1591109931468964 -40.6894171461463 2.4
      vertex -1.1086554378271103 -40.54077988117933 2.4
    endloop
  endfacet
  facet normal 0 0 1
    outer loop
      vertex -10 -38 2.4
      vertex -1.1086554378271103 -40.54077988117933 2.4
      vertex -1.0392304882407188 -40.399999998509884 2.4
    endloop
  endfacet
  facet normal 0 0 1
    outer loop
      vertex -10 -38 2.4
      vertex -1.0392304882407188 -40.399999998509884 2.4
      vertex -0.9520240053534508 -40.2694862857461 2.4
    endloop
  endfacet
  facet normal 0 0 1
    outer loop
      vertex -10 -38 2.4
      vertex -0.9520240053534508 -40.2694862857461 2.4
      vertex -0.8485281392931938 -40.151471860706806 2.4
    endloop
  endfacet
  facet normal 0 0 1
    outer loop
      vertex -10 -38 2.4
      vertex -0.8485281392931938 -40.151471860706806 2.4
      vertex -0.7305137142539024 -40.04797599464655 2.4
    endloop
  endfacet
  facet normal 0 0 1
    outer loop
      vertex -10 -38 2.4
      vertex -0.7305137142539024 -40.04797599464655 2.4
      vertex -0.6000000014901161 -39.96076951175928 2.4
    endloop
  endfacet
  facet normal 0 0 1
    outer loop
      vertex -10 -38 2.4
      vertex -0.6000000014901161 -39.96076951175928 2.4
      vertex -0.45922011882066727 -39.89134456217289 2.4
    endloop
  endfacet
  facet normal 0 0 1
    outer loop
      vertex -10 -38 2.4
      vertex -0.45922011882066727 -39.89134456217289 2.4
      vertex -0.31058285385370255 -39.840889006853104 2.4
    endloop
  endfacet
  facet normal 0 0 1
    outer loop
      vertex -10 -38 2.4
      vertex -0.31058285385370255 -39.840889006853104 2.4
      vertex -0.15663143247365952 -39.81026616692543 2.4
    endloop
  endfacet
  facet normal 0 0 1
    outer loop
      vertex -10 -38 2.4
      vertex -0.15663143247365952 -39.81026616692543 2.4
      vertex 0 -39.79999999701977 2.4
    endloop
  endfacet
  facet normal 0 0 1
    outer loop
      vertex -10 -38 2.4
      vertex 0 -39.79999999701977 2.4
      vertex 0.15663143247365952 -39.81026616692543 2.4
    endloop
  endfacet
  facet normal 0 0 1
    outer loop
      vertex -29 -15.5 2.4
      vertex -10 -18 2.4
      vertex 10 -18 2.4
    endloop
  endfacet
  facet normal 0 0 1
    outer loop
      vertex -27.799999997019768 -14.299999997019768 2.4
      vertex 27.799999997019768 -14.299999997019768 2.4
      vertex -27.799999997019768 -7 2.4
    endloop
  endfacet
  facet normal 0 0 1
    outer loop
      vertex -27.799999997019768 -7 2.4
      vertex 27.799999997019768 -14.299999997019768 2.4
      vertex -27.799999997019768 7 2.4
    endloop
  endfacet
  facet normal 0 0 1
    outer loop
      vertex -29 -15.5 2.4
      vertex -29 -7 2.4
      vertex -32.29999999701977 54.5 2.4
    endloop
  endfacet
  facet normal 0 0 1
    outer loop
      vertex -27.799999997019768 -7 2.4
      vertex -27.799999997019768 7 2.4
      vertex -29 7 2.4
    endloop
  endfacet
  facet normal 0 0 1
    outer loop
      vertex -29 -7 2.4
      vertex -29 7 2.4
      vertex -32.29999999701977 54.5 2.4
    endloop
  endfacet
  facet normal 0 0 1
    outer loop
      vertex -29 7 2.4
      vertex -29 15.5 2.4
      vertex -32.29999999701977 54.5 2.4
    endloop
  endfacet
  facet normal 7.791038769299344e-18 -5.921189464667501e-17 1
    outer loop
      vertex -29 15.5 2.4
      vertex -10 18 2.4
      vertex -10 25.5 2.4000000000000004
    endloop
  endfacet
  facet normal -7.011934892369097e-17 8.88178419700066e-17 1
    outer loop
      vertex -29 15.5 2.4
      vertex -10 25.5 2.4000000000000004
      vertex -10 30.500000000000334 2.4
    endloop
  endfacet
  facet normal 0 0 1
    outer loop
      vertex -29 15.5 2.4
      vertex -30.972243186433545 47.15 2.4
      vertex -31.070595205269186 47.34943816497935 2.4
    endloop
  endfacet
  facet normal 0 0 1
    outer loop
      vertex -29 15.5 2.4
      vertex -31.070595205269186 47.34943816497935 2.4
      vertex -31.142073904691415 47.56000762332572 2.4
    endloop
  endfacet
  facet normal 0 0 1
    outer loop
      vertex -29 15.5 2.4
      vertex -31.142073904691415 47.56000762332572 2.4
      vertex -31.18545626433548 47.778105473225914 2.4
    endloop
  endfacet
  facet normal 0 0 1
    outer loop
      vertex -29 15.5 2.4
      vertex -30.702081528017132 46.79791847198287 2.4
      vertex -30.8487006784951 46.965105570685175 2.4
    endloop
  endfacet
  facet normal 0 0 1
    outer loop
      vertex -29 15.5 2.4
      vertex -30.534894429314825 46.6512993215049 2.4
      vertex -30.702081528017132 46.79791847198287 2.4
    endloop
  endfacet
  facet normal 0 0 1
    outer loop
      vertex -29 15.5 2.4
      vertex -30.35 46.527756813566455 2.4
      vertex -30.534894429314825 46.6512993215049 2.4
    endloop
  endfacet
  facet normal 0 0 1
    outer loop
      vertex -29 15.5 2.4
      vertex -30.150561835020653 46.429404794730814 2.4
      vertex -30.35 46.527756813566455 2.4
    endloop
  endfacet
  facet normal 0 0 1
    outer loop
      vertex -29 15.5 2.4
      vertex -30.8487006784951 46.965105570685175 2.4
      vertex -30.972243186433545 47.15 2.4
    endloop
  endfacet
  facet normal 0 0 1
    outer loop
      vertex -29 15.5 2.4
      vertex -29.939992376674287 46.357926095308585 2.4
      vertex -30.150561835020653 46.429404794730814 2.4
    endloop
  endfacet
  facet normal 0 0 1
    outer loop
      vertex -29 15.5 2.4
      vertex -29.721894526774086 46.31454373566452 2.4
      vertex -29.939992376674287 46.357926095308585 2.4
    endloop
  endfacet
  facet normal 0 0 1
    outer loop
      vertex -29 15.5 2.4
      vertex -29.5 46.3 2.4
      vertex -29.721894526774086 46.31454373566452 2.4
    endloop
  endfacet
  facet normal 0 0 1
    outer loop
      vertex -29 15.5 2.4
      vertex -29.278105473225914 46.31454373566452 2.4
      vertex -29.5 46.3 2.4
    endloop
  endfacet
  facet normal 0 0 1
    outer loop
      vertex -29 15.5 2.4
      vertex -29.060007623325713 46.357926095308585 2.4
      vertex -29.278105473225914 46.31454373566452 2.4
    endloop
  endfacet
  facet normal 0 0 1
    outer loop
      vertex -29 15.5 2.4
      vertex -28.849438164979347 46.429404794730814 2.4
      vertex -29.060007623325713 46.357926095308585 2.4
    endloop
  endfacet
  facet normal 0 0 1
    outer loop
      vertex -29 15.5 2.4
      vertex -28.65 46.527756813566455 2.4
      vertex -28.849438164979347 46.429404794730814 2.4
    endloop
  endfacet
  facet normal 0 0 1
    outer loop
      vertex -29 15.5 2.4
      vertex -28.465105570685175 46.6512993215049 2.4
      vertex -28.65 46.527756813566455 2.4
    endloop
  endfacet
  facet normal 0 0 1
    outer loop
      vertex -29 15.5 2.4
      vertex -28.297918471982868 46.79791847198287 2.4
      vertex -28.465105570685175 46.6512993215049 2.4
    endloop
  endfacet
  facet normal 0 0 1
    outer loop
      vertex -29 15.5 2.4
      vertex -31.18545626433548 47.778105473225914 2.4
      vertex -32.29999999701977 54.5 2.4
    endloop
  endfacet
  facet normal 0 0 1
    outer loop
      vertex -32.29999999701977 54.5 2.4
      vertex -31.18545626433548 47.778105473225914 2.4
      vertex -31.2 48 2.4
    endloop
  endfacet
  facet normal 0 0 1
    outer loop
      vertex -32.29999999701977 54.5 2.4
      vertex -31.2 48 2.4
      vertex -31.18545626433548 48.221894526774086 2.4
    endloop
  endfacet
  facet normal 0 0 1
    outer loop
      vertex -32.29999999701977 54.5 2.4
      vertex -31.18545626433548 48.221894526774086 2.4
      vertex -31.142073904691415 48.43999237667428 2.4
    endloop
  endfacet
  facet normal 0 0 1
    outer loop
      vertex -32.29999999701977 54.5 2.4
      vertex -31.142073904691415 48.43999237667428 2.4
      vertex -31.070595205269186 48.65056183502065 2.4
    endloop
  endfacet
  facet normal 0 0 1
    outer loop
      vertex -32.29999999701977 54.5 2.4
      vertex -31.070595205269186 48.65056183502065 2.4
      vertex -30.972243186433545 48.85 2.4
    endloop
  endfacet
  facet normal 0 0 1
    outer loop
      vertex -32.29999999701977 54.5 2.4
      vertex -30.972243186433545 48.85 2.4
      vertex -30.8487006784951 49.034894429314825 2.4
    endloop
  endfacet
  facet normal 0 0 1
    outer loop
      vertex -32.29999999701977 54.5 2.4
      vertex -30.8487006784951 49.034894429314825 2.4
      vertex -30.702081528017132 49.20208152801713 2.4
    endloop
  endfacet
  facet normal 0 0 1
    outer loop
      vertex -32.29999999701977 54.5 2.4
      vertex -30.702081528017132 49.20208152801713 2.4
      vertex -30.534894429314825 49.3487006784951 2.4
    endloop
  endfacet
  facet normal 0 0 1
    outer loop
      vertex -32.29999999701977 54.5 2.4
      vertex -30.534894429314825 49.3487006784951 2.4
      vertex -30.35 49.472243186433545 2.4
    endloop
  endfacet
  facet normal 0 0 1
    outer loop
      vertex -32.29999999701977 54.5 2.4
      vertex -30.35 49.472243186433545 2.4
      vertex -30.150561835020653 49.570595205269186 2.4
    endloop
  endfacet
  facet normal 0 0 1
    outer loop
      vertex -32.29999999701977 54.5 2.4
      vertex -30.150561835020653 49.570595205269186 2.4
      vertex -29.939992376674287 49.642073904691415 2.4
    endloop
  endfacet
  facet normal 0 0 1
    outer loop
      vertex -32.29999999701977 54.5 2.4
      vertex -29.939992376674287 49.642073904691415 2.4
      vertex -29.721894526774086 49.68545626433548 2.4
    endloop
  endfacet
  facet normal 0 0 1
    outer loop
      vertex -32.29999999701977 54.5 2.4
      vertex -29.721894526774086 49.68545626433548 2.4
      vertex -29.5 49.7 2.4
    endloop
  endfacet
  facet normal 0 0 1
    outer loop
      vertex -32.29999999701977 54.5 2.4
      vertex -29.5 49.7 2.4
      vertex -29.278105473225914 49.68545626433548 2.4
    endloop
  endfacet
  facet normal 0 0 1
    outer loop
      vertex -32.29999999701977 54.5 2.4
      vertex -29.278105473225914 49.68545626433548 2.4
      vertex -29.060007623325713 49.642073904691415 2.4
    endloop
  endfacet
  facet normal 0 0 1
    outer loop
      vertex -32.29999999701977 54.5 2.4
      vertex -29.060007623325713 49.642073904691415 2.4
      vertex -28.849438164979347 49.570595205269186 2.4
    endloop
  endfacet
  facet normal 0 0 1
    outer loop
      vertex -32.29999999701977 54.5 2.4
      vertex -28.849438164979347 49.570595205269186 2.4
      vertex -28.65 49.472243186433545 2.4
    endloop
  endfacet
  facet normal 0 0 1
    outer loop
      vertex -32.29999999701977 54.5 2.4
      vertex -28.65 49.472243186433545 2.4
      vertex -28.465105570685175 49.3487006784951 2.4
    endloop
  endfacet
  facet normal 0 0 1
    outer loop
      vertex -32.29999999701977 54.5 2.4
      vertex -28.297918471982868 49.20208152801713 2.4
      vertex -28.1512993215049 49.034894429314825 2.4
    endloop
  endfacet
  facet normal 0 0 1
    outer loop
      vertex -32.29999999701977 54.5 2.4
      vertex -28.465105570685175 49.3487006784951 2.4
      vertex -28.297918471982868 49.20208152801713 2.4
    endloop
  endfacet
  facet normal 0 0 1
    outer loop
      vertex -28.37174093723297 59.61940687894821 2.4
      vertex -27 59.79999999701977 2.4
      vertex -27.69178882241249 59.75465776771307 2.4
    endloop
  endfacet
  facet normal 0 0 1
    outer loop
      vertex -29 15.5 2.4
      vertex -10 30.500000000000334 2.4
      vertex -28.297918471982868 46.79791847198287 2.4
    endloop
  endfacet
  facet normal 0 0 1
    outer loop
      vertex -32.29999999701977 54.5 2.4
      vertex -28.1512993215049 49.034894429314825 2.4
      vertex -10 30.500000000000334 2.4
    endloop
  endfacet
  facet normal 0 0 1
    outer loop
      vertex -10 30.500000000000334 2.4
      vertex -28.1512993215049 46.965105570685175 2.4
      vertex -28.297918471982868 46.79791847198287 2.4
    endloop
  endfacet
  facet normal 0 0 1
    outer loop
      vertex -10 30.500000000000334 2.4
      vertex -28.027756813566455 47.15 2.4
      vertex -28.1512993215049 46.965105570685175 2.4
    endloop
  endfacet
  facet normal 0 0 1
    outer loop
      vertex -10 30.500000000000334 2.4
      vertex -27.929404794730814 47.34943816497935 2.4
      vertex -28.027756813566455 47.15 2.4
    endloop
  endfacet
  facet normal 0 0 1
    outer loop
      vertex -10 30.500000000000334 2.4
      vertex -27.857926095308585 47.56000762332572 2.4
      vertex -27.929404794730814 47.34943816497935 2.4
    endloop
  endfacet
  facet normal 0 0 1
    outer loop
      vertex -10 30.500000000000334 2.4
      vertex -27.81454373566452 47.778105473225914 2.4
      vertex -27.857926095308585 47.56000762332572 2.4
    endloop
  endfacet
  facet normal 0 0 1
    outer loop
      vertex -10 30.500000000000334 2.4
      vertex -28.027756813566455 48.85 2.4
      vertex -27.929404794730814 48.65056183502065 2.4
    endloop
  endfacet
  facet normal 0 0 1
    outer loop
      vertex -10 30.500000000000334 2.4
      vertex -28.1512993215049 49.034894429314825 2.4
      vertex -28.027756813566455 48.85 2.4
    endloop
  endfacet
  facet normal 0 0 1
    outer loop
      vertex -10 30.500000000000334 2.4
      vertex -27.8 48 2.4
      vertex -27.81454373566452 47.778105473225914 2.4
    endloop
  endfacet
  facet normal 0 0 1
    outer loop
      vertex -10 30.500000000000334 2.4
      vertex -27.81454373566452 48.221894526774086 2.4
      vertex -27.8 48 2.4
    endloop
  endfacet
  facet normal 0 0 1
    outer loop
      vertex -10 30.500000000000334 2.4
      vertex -27.857926095308585 48.43999237667428 2.4
      vertex -27.81454373566452 48.221894526774086 2.4
    endloop
  endfacet
  facet normal 0 0 1
    outer loop
      vertex -10 30.500000000000334 2.4
      vertex -27.929404794730814 48.65056183502065 2.4
      vertex -27.857926095308585 48.43999237667428 2.4
    endloop
  endfacet
  facet normal 0 0 1
    outer loop
      vertex -32.29999999701977 54.5 2.4
      vertex -10 30.500000000000334 2.4
      vertex -10 38 2.4
    endloop
  endfacet
  facet normal 0 0 1
    outer loop
      vertex -27.799999997019768 7 2.4
      vertex 27.799999997019768 -14.299999997019768 2.4
      vertex -27.799999997019768 14.299999997019768 2.4
    endloop
  endfacet
  facet normal 0 0 1
    outer loop
      vertex -29 15.5 2.4
      vertex 29 15.5 2.4
      vertex -10 18 2.4
    endloop
  endfacet
  facet normal 0 0 1
    outer loop
      vertex -32.29999999701977 54.5 2.4
      vertex -10 38 2.4
      vertex -1.484924241900444 42.515075758099556 2.4
    endloop
  endfacet
  facet normal 0 0 1
    outer loop
      vertex -32.29999999701977 54.5 2.4
      vertex -2.0284442380070686 43.456480003893375 2.4
      vertex -2.082034207880497 43.72589499503374 2.4
    endloop
  endfacet
  facet normal 0 0 1
    outer loop
      vertex -32.29999999701977 54.5 2.4
      vertex -2.082034207880497 43.72589499503374 2.4
      vertex -2.100000001490116 44 2.4
    endloop
  endfacet
  facet normal 0 0 1
    outer loop
      vertex -32.29999999701977 54.5 2.4
      vertex -2.100000001490116 44 2.4
      vertex -2.082034207880497 44.27410500496626 2.4
    endloop
  endfacet
  facet normal 0 0 1
    outer loop
      vertex -32.29999999701977 54.5 2.4
      vertex -2.082034207880497 44.27410500496626 2.4
      vertex -2.0284442380070686 44.543519996106625 2.4
    endloop
  endfacet
  facet normal 0 0 1
    outer loop
      vertex -32.29999999701977 54.5 2.4
      vertex -1.484924241900444 42.515075758099556 2.4
      vertex -1.6660420149564743 42.721601001918316 2.4
    endloop
  endfacet
  facet normal 0 0 1
    outer loop
      vertex -32.29999999701977 54.5 2.4
      vertex -1.8186533451080322 42.95000000298023 2.4
      vertex -1.9401470199227333 43.19636479020119 2.4
    endloop
  endfacet
  facet normal 0 0 1
    outer loop
      vertex -32.29999999701977 54.5 2.4
      vertex -1.9401470199227333 43.19636479020119 2.4
      vertex -2.0284442380070686 43.456480003893375 2.4
    endloop
  endfacet
  facet normal 0 0 1
    outer loop
      vertex -32.29999999701977 54.5 2.4
      vertex -1.6660420149564743 42.721601001918316 2.4
      vertex -1.8186533451080322 42.95000000298023 2.4
    endloop
  endfacet
  facet normal 0 0 1
    outer loop
      vertex -32.29999999701977 54.5 2.4
      vertex -2.0284442380070686 44.543519996106625 2.4
      vertex -1.9401470199227333 44.80363520979881 2.4
    endloop
  endfacet
  facet normal 0 0 1
    outer loop
      vertex -32.29999999701977 54.5 2.4
      vertex -1.9401470199227333 44.80363520979881 2.4
      vertex -1.8186533451080322 45.04999999701977 2.4
    endloop
  endfacet
  facet normal 0 0 1
    outer loop
      vertex -32.29999999701977 54.5 2.4
      vertex -1.8186533451080322 45.04999999701977 2.4
      vertex -1.6660420149564743 45.278398998081684 2.4
    endloop
  endfacet
  facet normal 0 0 1
    outer loop
      vertex -32.29999999701977 54.5 2.4
      vertex -1.6660420149564743 45.278398998081684 2.4
      vertex -1.484924241900444 45.484924241900444 2.4
    endloop
  endfacet
  facet normal 0 0 1
    outer loop
      vertex -32.29999999701977 54.5 2.4
      vertex -1.484924241900444 45.484924241900444 2.4
      vertex -1.2783989980816841 45.666042014956474 2.4
    endloop
  endfacet
  facet normal 0 0 1
    outer loop
      vertex -32.29999999701977 54.5 2.4
      vertex -1.2783989980816841 45.666042014956474 2.4
      vertex -1.2000000029802322 49 2.4
    endloop
  endfacet
  facet normal 0 0 1
    outer loop
      vertex -32.29999999701977 54.5 2.4
      vertex -1.2000000029802322 49 2.4
      vertex -1.1897338330745697 49.15663143247366 2.4
    endloop
  endfacet
  facet normal 0 0 1
    outer loop
      vertex -32.29999999701977 54.5 2.4
      vertex -1.1897338330745697 49.15663143247366 2.4
      vertex -1.1591109931468964 49.3105828538537 2.4
    endloop
  endfacet
  facet normal 0 0 1
    outer loop
      vertex -32.29999999701977 54.5 2.4
      vertex -1.1591109931468964 49.3105828538537 2.4
      vertex -1.1086554378271103 49.45922011882067 2.4
    endloop
  endfacet
  facet normal 0 0 1
    outer loop
      vertex -32.29999999701977 54.5 2.4
      vertex -1.1086554378271103 49.45922011882067 2.4
      vertex -1.0392304882407188 49.600000001490116 2.4
    endloop
  endfacet
  facet normal 0 0 1
    outer loop
      vertex -32.29999999701977 54.5 2.4
      vertex -1.0392304882407188 49.600000001490116 2.4
      vertex -0.9520240053534508 49.7305137142539 2.4
    endloop
  endfacet
  facet normal 0 0 1
    outer loop
      vertex -32.29999999701977 54.5 2.4
      vertex -0.9520240053534508 49.7305137142539 2.4
      vertex -0.8485281392931938 49.848528139293194 2.4
    endloop
  endfacet
  facet normal 0 0 1
    outer loop
      vertex -32.29999999701977 54.5 2.4
      vertex -0.8485281392931938 49.848528139293194 2.4
      vertex -0.7305137142539024 49.95202400535345 2.4
    endloop
  endfacet
  facet normal 0 0 1
    outer loop
      vertex -32.29999999701977 54.5 2.4
      vertex -0.7305137142539024 49.95202400535345 2.4
      vertex -0.6000000014901161 50.03923048824072 2.4
    endloop
  endfacet
  facet normal 0 0 1
    outer loop
      vertex -32.29999999701977 54.5 2.4
      vertex -0.6000000014901161 50.03923048824072 2.4
      vertex -0.45922011882066727 50.10865543782711 2.4
    endloop
  endfacet
  facet normal 0 0 1
    outer loop
      vertex -32.29999999701977 54.5 2.4
      vertex -0.45922011882066727 50.10865543782711 2.4
      vertex -0.31058285385370255 50.159110993146896 2.4
    endloop
  endfacet
  facet normal 0 0 1
    outer loop
      vertex -32.29999999701977 54.5 2.4
      vertex -0.31058285385370255 50.159110993146896 2.4
      vertex -0.15663143247365952 50.18973383307457 2.4
    endloop
  endfacet
  facet normal 0 0 1
    outer loop
      vertex -32.29999999701977 54.5 2.4
      vertex -0.15663143247365952 50.18973383307457 2.4
      vertex 0 50.20000000298023 2.4
    endloop
  endfacet
  facet normal 0 0 1
    outer loop
      vertex -32.29999999701977 54.5 2.4
      vertex 0 50.20000000298023 2.4
      vertex 0.15663143247365952 50.18973383307457 2.4
    endloop
  endfacet
  facet normal 0 0 1
    outer loop
      vertex -32.29999999701977 54.5 2.4
      vertex 31.89656152576208 56.52822218835354 2.4
      vertex -32.25465776771307 55.19178882241249 2.4
    endloop
  endfacet
  facet normal 0 0 1
    outer loop
      vertex -32.25465776771307 55.19178882241249 2.4
      vertex 31.589934639632702 57.149999998509884 2.4
      vertex -32.11940687894821 55.87174093723297 2.4
    endloop
  endfacet
  facet normal 0 0 1
    outer loop
      vertex -32.11940687894821 55.87174093723297 2.4
      vertex 31.20477270334959 57.72643557190895 2.4
      vertex -31.89656152576208 56.52822218835354 2.4
    endloop
  endfacet
  facet normal 0 0 1
    outer loop
      vertex -31.89656152576208 56.52822218835354 2.4
      vertex 30.74766594171524 58.24766594171524 2.4
      vertex -31.589934639632702 57.149999998509884 2.4
    endloop
  endfacet
  facet normal 0 0 1
    outer loop
      vertex -31.589934639632702 57.149999998509884 2.4
      vertex 30.22643557190895 58.70477270334959 2.4
      vertex -31.20477270334959 57.72643557190895 2.4
    endloop
  endfacet
  facet normal 0 0 1
    outer loop
      vertex -31.20477270334959 57.72643557190895 2.4
      vertex 29.649999998509884 59.0899346396327 2.4
      vertex -30.74766594171524 58.24766594171524 2.4
    endloop
  endfacet
  facet normal 0 0 1
    outer loop
      vertex -30.74766594171524 58.24766594171524 2.4
      vertex 29.02822218835354 59.39656152576208 2.4
      vertex -30.22643557190895 58.70477270334959 2.4
    endloop
  endfacet
  facet normal 0 0 1
    outer loop
      vertex -30.22643557190895 58.70477270334959 2.4
      vertex 28.37174093723297 59.61940687894821 2.4
      vertex -29.649999998509884 59.0899346396327 2.4
    endloop
  endfacet
  facet normal 0 0 1
    outer loop
      vertex -29.649999998509884 59.0899346396327 2.4
      vertex 27.69178882241249 59.75465776771307 2.4
      vertex -29.02822218835354 59.39656152576208 2.4
    endloop
  endfacet
  facet normal 0 0 1
    outer loop
      vertex -29.02822218835354 59.39656152576208 2.4
      vertex 27 59.79999999701977 2.4
      vertex -28.37174093723297 59.61940687894821 2.4
    endloop
  endfacet
  facet normal 0 0 1
    outer loop
      vertex -28.37174093723297 59.61940687894821 2.4
      vertex 27 59.79999999701977 2.4
      vertex -27 59.79999999701977 2.4
    endloop
  endfacet
  facet normal 0 0 1
    outer loop
      vertex -10 38 2.4
      vertex -1.2783989980816841 42.333957985043526 2.4
      vertex -1.484924241900444 42.515075758099556 2.4
    endloop
  endfacet
  facet normal 0 0 1
    outer loop
      vertex -10 38 2.4
      vertex -1.0499999970197678 42.18134665489197 2.4
      vertex -1.2783989980816841 42.333957985043526 2.4
    endloop
  endfacet
  facet normal 0 0 1
    outer loop
      vertex -10 38 2.4
      vertex -0.8036352097988129 42.05985298007727 2.4
      vertex -1.0499999970197678 42.18134665489197 2.4
    endloop
  endfacet
  facet normal 0 0 1
    outer loop
      vertex -10 38 2.4
      vertex -0.274105004966259 41.9179657921195 2.4
      vertex -0.5435199961066246 41.97155576199293 2.4
    endloop
  endfacet
  facet normal 0 0 1
    outer loop
      vertex -10 38 2.4
      vertex -0.5435199961066246 41.97155576199293 2.4
      vertex -0.8036352097988129 42.05985298007727 2.4
    endloop
  endfacet
  facet normal 0 0 1
    outer loop
      vertex -10 38 2.4
      vertex 0 41.899999998509884 2.4
      vertex -0.274105004966259 41.9179657921195 2.4
    endloop
  endfacet
  facet normal 0 0 1
    outer loop
      vertex -1.2000000029802322 45.718426540493965 2.4
      vertex -1.2000000029802322 49 2.4
      vertex -1.2783989980816841 45.666042014956474 2.4
    endloop
  endfacet
  facet normal 0 0 1
    outer loop
      vertex -32.29999999701977 54.5 2.4
      vertex 0.15663143247365952 50.18973383307457 2.4
      vertex 32.11940687894821 55.87174093723297 2.4
    endloop
  endfacet
  facet normal 0 0 1
    outer loop
      vertex -32.11940687894821 -55.87174093723297 2.4
      vertex 32.29999999701977 -54.5 2.4
      vertex 0.5435199961066246 -48.02844423800707 2.4
    endloop
  endfacet
  facet normal 0 0 1
    outer loop
      vertex -10 -38 2.4
      vertex 0.15663143247365952 -39.81026616692543 2.4
      vertex 10 -38 2.4
    endloop
  endfacet
  facet normal 0 0 1
    outer loop
      vertex 10 -38 2.4
      vertex 0.31058285385370255 -39.840889006853104 2.4
      vertex 0.45922011882066727 -39.89134456217289 2.4
    endloop
  endfacet
  facet normal 0 0 1
    outer loop
      vertex 10 -38 2.4
      vertex 0.45922011882066727 -39.89134456217289 2.4
      vertex 0.6000000014901161 -39.96076951175928 2.4
    endloop
  endfacet
  facet normal 0 0 1
    outer loop
      vertex 10 -38 2.4
      vertex 0.6000000014901161 -39.96076951175928 2.4
      vertex 0.7305137142539024 -40.04797599464655 2.4
    endloop
  endfacet
  facet normal 0 0 1
    outer loop
      vertex 10 -38 2.4
      vertex 0.7305137142539024 -40.04797599464655 2.4
      vertex 0.8485281392931938 -40.151471860706806 2.4
    endloop
  endfacet
  facet normal 0 0 1
    outer loop
      vertex 10 -38 2.4
      vertex 0.9520240053534508 -40.2694862857461 2.4
      vertex 1.0392304882407188 -40.399999998509884 2.4
    endloop
  endfacet
  facet normal 0 0 1
    outer loop
      vertex 10 -38 2.4
      vertex 0.8485281392931938 -40.151471860706806 2.4
      vertex 0.9520240053534508 -40.2694862857461 2.4
    endloop
  endfacet
  facet normal 0 0 1
    outer loop
      vertex 10 -38 2.4
      vertex 0.15663143247365952 -39.81026616692543 2.4
      vertex 0.31058285385370255 -39.840889006853104 2.4
    endloop
  endfacet
  facet normal 0 0 1
    outer loop
      vertex 10 -38 2.4
      vertex 1.2000000029802322 -41 2.4
      vertex 1.2000000029802322 -44.281573459506035 2.4
    endloop
  endfacet
  facet normal 0 0 1
    outer loop
      vertex 10 -38 2.4
      vertex 1.1897338330745697 -40.84336856752634 2.4
      vertex 1.2000000029802322 -41 2.4
    endloop
  endfacet
  facet normal 0 0 1
    outer loop
      vertex 10 -38 2.4
      vertex 1.1086554378271103 -40.54077988117933 2.4
      vertex 1.1591109931468964 -40.6894171461463 2.4
    endloop
  endfacet
  facet normal 0 0 1
    outer loop
      vertex 10 -38 2.4
      vertex 1.1591109931468964 -40.6894171461463 2.4
      vertex 1.1897338330745697 -40.84336856752634 2.4
    endloop
  endfacet
  facet normal 0 0 1
    outer loop
      vertex 10 -38 2.4
      vertex 1.0392304882407188 -40.399999998509884 2.4
      vertex 1.1086554378271103 -40.54077988117933 2.4
    endloop
  endfacet
  facet normal 0 0 1
    outer loop
      vertex -27 -59.79999999701977 2.4
      vertex 27 -59.79999999701977 2.4
      vertex 28.37174093723297 -59.61940687894821 2.4
    endloop
  endfacet
  facet normal 0 0 1
    outer loop
      vertex -27 -59.79999999701977 2.4
      vertex 28.37174093723297 -59.61940687894821 2.4
      vertex 29.02822218835354 -59.39656152576208 2.4
    endloop
  endfacet
  facet normal 0 0 1
    outer loop
      vertex -27.69178882241249 -59.75465776771307 2.4
      vertex 29.02822218835354 -59.39656152576208 2.4
      vertex 29.649999998509884 -59.0899346396327 2.4
    endloop
  endfacet
  facet normal 0 0 1
    outer loop
      vertex -28.37174093723297 -59.61940687894821 2.4
      vertex 29.649999998509884 -59.0899346396327 2.4
      vertex 30.22643557190895 -58.70477270334959 2.4
    endloop
  endfacet
  facet normal 0 0 1
    outer loop
      vertex -29.02822218835354 -59.39656152576208 2.4
      vertex 30.22643557190895 -58.70477270334959 2.4
      vertex 30.74766594171524 -58.24766594171524 2.4
    endloop
  endfacet
  facet normal 0 0 1
    outer loop
      vertex -29.649999998509884 -59.0899346396327 2.4
      vertex 30.74766594171524 -58.24766594171524 2.4
      vertex 31.20477270334959 -57.72643557190895 2.4
    endloop
  endfacet
  facet normal 0 0 1
    outer loop
      vertex -30.22643557190895 -58.70477270334959 2.4
      vertex 31.20477270334959 -57.72643557190895 2.4
      vertex 31.589934639632702 -57.149999998509884 2.4
    endloop
  endfacet
  facet normal 0 0 1
    outer loop
      vertex -30.74766594171524 -58.24766594171524 2.4
      vertex 31.589934639632702 -57.149999998509884 2.4
      vertex 31.89656152576208 -56.52822218835354 2.4
    endloop
  endfacet
  facet normal 0 0 1
    outer loop
      vertex -31.20477270334959 -57.72643557190895 2.4
      vertex 31.89656152576208 -56.52822218835354 2.4
      vertex 32.11940687894821 -55.87174093723297 2.4
    endloop
  endfacet
  facet normal 0 0 1
    outer loop
      vertex -31.589934639632702 -57.149999998509884 2.4
      vertex 32.11940687894821 -55.87174093723297 2.4
      vertex 32.25465776771307 -55.19178882241249 2.4
    endloop
  endfacet
  facet normal 0 0 1
    outer loop
      vertex -31.89656152576208 -56.52822218835354 2.4
      vertex 32.25465776771307 -55.19178882241249 2.4
      vertex 32.29999999701977 -54.5 2.4
    endloop
  endfacet
  facet normal 0 0 1
    outer loop
      vertex 32.29999999701977 -54.5 2.4
      vertex 0.8036352097988129 -47.94014701992273 2.4
      vertex 0.5435199961066246 -48.02844423800707 2.4
    endloop
  endfacet
  facet normal 0 0 1
    outer loop
      vertex 32.29999999701977 -54.5 2.4
      vertex 1.0499999970197678 -47.81865334510803 2.4
      vertex 0.8036352097988129 -47.94014701992273 2.4
    endloop
  endfacet
  facet normal 0 0 1
    outer loop
      vertex 32.29999999701977 -54.5 2.4
      vertex 1.2783989980816841 -47.666042014956474 2.4
      vertex 1.0499999970197678 -47.81865334510803 2.4
    endloop
  endfacet
  facet normal 0 0 1
    outer loop
      vertex 32.29999999701977 -54.5 2.4
      vertex 1.484924241900444 -47.484924241900444 2.4
      vertex 1.2783989980816841 -47.666042014956474 2.4
    endloop
  endfacet
  facet normal 0 0 1
    outer loop
      vertex 32.29999999701977 -54.5 2.4
      vertex 1.6660420149564743 -47.278398998081684 2.4
      vertex 1.484924241900444 -47.484924241900444 2.4
    endloop
  endfacet
  facet normal 0 0 1
    outer loop
      vertex 32.29999999701977 -54.5 2.4
      vertex 1.8186533451080322 -47.04999999701977 2.4
      vertex 1.6660420149564743 -47.278398998081684 2.4
    endloop
  endfacet
  facet normal 0 0 1
    outer loop
      vertex 32.29999999701977 -54.5 2.4
      vertex 1.9401470199227333 -46.80363520979881 2.4
      vertex 1.8186533451080322 -47.04999999701977 2.4
    endloop
  endfacet
  facet normal 0 0 1
    outer loop
      vertex 32.29999999701977 -54.5 2.4
      vertex 2.0284442380070686 -46.543519996106625 2.4
      vertex 1.9401470199227333 -46.80363520979881 2.4
    endloop
  endfacet
  facet normal 0 0 1
    outer loop
      vertex 32.29999999701977 -54.5 2.4
      vertex 1.2000000029802322 -44.281573459506035 2.4
      vertex 1.2783989980816841 -44.333957985043526 2.4
    endloop
  endfacet
  facet normal 0 0 1
    outer loop
      vertex 32.29999999701977 -54.5 2.4
      vertex 1.2783989980816841 -44.333957985043526 2.4
      vertex 1.484924241900444 -44.515075758099556 2.4
    endloop
  endfacet
  facet normal 0 0 1
    outer loop
      vertex 32.29999999701977 -54.5 2.4
      vertex 1.484924241900444 -44.515075758099556 2.4
      vertex 1.6660420149564743 -44.721601001918316 2.4
    endloop
  endfacet
  facet normal 0 0 1
    outer loop
      vertex 32.29999999701977 -54.5 2.4
      vertex 1.9401470199227333 -45.19636479020119 2.4
      vertex 2.0284442380070686 -45.456480003893375 2.4
    endloop
  endfacet
  facet normal 0 0 1
    outer loop
      vertex 32.29999999701977 -54.5 2.4
      vertex 1.8186533451080322 -44.95000000298023 2.4
      vertex 1.9401470199227333 -45.19636479020119 2.4
    endloop
  endfacet
  facet normal 0 0 1
    outer loop
      vertex 32.29999999701977 -54.5 2.4
      vertex 1.6660420149564743 -44.721601001918316 2.4
      vertex 1.8186533451080322 -44.95000000298023 2.4
    endloop
  endfacet
  facet normal 0 0 1
    outer loop
      vertex 32.29999999701977 -54.5 2.4
      vertex 2.082034207880497 -46.27410500496626 2.4
      vertex 2.0284442380070686 -46.543519996106625 2.4
    endloop
  endfacet
  facet normal 0 0 1
    outer loop
      vertex 32.29999999701977 -54.5 2.4
      vertex 2.100000001490116 -46 2.4
      vertex 2.082034207880497 -46.27410500496626 2.4
    endloop
  endfacet
  facet normal 0 0 1
    outer loop
      vertex 32.29999999701977 -54.5 2.4
      vertex 2.082034207880497 -45.72589499503374 2.4
      vertex 2.100000001490116 -46 2.4
    endloop
  endfacet
  facet normal 0 0 1
    outer loop
      vertex 32.29999999701977 -54.5 2.4
      vertex 2.0284442380070686 -45.456480003893375 2.4
      vertex 2.082034207880497 -45.72589499503374 2.4
    endloop
  endfacet
  facet normal 0 0 1
    outer loop
      vertex 10 -38 2.4
      vertex 1.2000000029802322 -44.281573459506035 2.4
      vertex 32.29999999701977 -54.5 2.4
    endloop
  endfacet
  facet normal 9.574273420704715e-17 5.921189464667501e-17 1
    outer loop
      vertex 10 -25.5 2.4000000000000004
      vertex 28.027756813566455 -47.15 2.4
      vertex 10 -18 2.4
    endloop
  endfacet
  facet normal 0 0 1
    outer loop
      vertex -29 -15.5 2.4
      vertex 10 -18 2.4
      vertex 29 -15.5 2.4
    endloop
  endfacet
  facet normal 0 0 1
    outer loop
      vertex 10 -38 2.4
      vertex 32.29999999701977 -54.5 2.4
      vertex 10 -30.500000000000334 2.4
    endloop
  endfacet
  facet normal -9.558870885941727e-17 -8.881784197000659e-17 1
    outer loop
      vertex 10 -30.500000000000334 2.4
      vertex 32.29999999701977 -54.5 2.4
      vertex 10 -25.5 2.4000000000000004
    endloop
  endfacet
  facet normal 1.8307026248617086e-16 1.2232363863153882e-16 1
    outer loop
      vertex 10 -25.5 2.4000000000000004
      vertex 28.1512993215049 -49.034894429314825 2.4
      vertex 28.027756813566455 -48.85 2.4
    endloop
  endfacet
  facet normal 4.4096506125640625e-17 1.496874680534361e-17 1
    outer loop
      vertex 10 -25.5 2.4000000000000004
      vertex 27.929404794730814 -48.65056183502065 2.4
      vertex 27.857926095308585 -48.43999237667428 2.4
    endloop
  endfacet
  facet normal 3.340303032919823e-17 6.6442758404356136e-18 1
    outer loop
      vertex 10 -25.5 2.4000000000000004
      vertex 27.857926095308585 -48.43999237667428 2.4
      vertex 27.81454373566452 -48.221894526774086 2.4
    endloop
  endfacet
  facet normal 2.7202561004359386e-17 1.7829500456683363e-18 1
    outer loop
      vertex 10 -25.5 2.4000000000000004
      vertex 27.81454373566452 -48.221894526774086 2.4
      vertex 27.8 -48 2.4
    endloop
  endfacet
  facet normal 2.3039972955605108e-17 -1.5101196106796772e-18 1
    outer loop
      vertex 10 -25.5 2.4000000000000004
      vertex 27.8 -48 2.4
      vertex 27.81454373566452 -47.778105473225914 2.4
    endloop
  endfacet
  facet normal 1.9962713237608545e-17 -3.970830549414118e-18 1
    outer loop
      vertex 10 -25.5 2.4000000000000004
      vertex 27.81454373566452 -47.778105473225914 2.4
      vertex 27.857926095308585 -47.56000762332572 2.4
    endloop
  endfacet
  facet normal 6.818702430615406e-17 3.362611915126477e-17 1
    outer loop
      vertex 10 -25.5 2.4000000000000004
      vertex 28.027756813566455 -48.85 2.4
      vertex 27.929404794730814 -48.65056183502065 2.4
    endloop
  endfacet
  facet normal 1.7520876478159995e-17 -5.94753613953054e-18 1
    outer loop
      vertex 10 -25.5 2.4000000000000004
      vertex 27.857926095308585 -47.56000762332572 2.4
      vertex 27.929404794730814 -47.34943816497935 2.4
    endloop
  endfacet
  facet normal 1.5471143852827118e-17 -7.629523826493916e-18 1
    outer loop
      vertex 10 -25.5 2.4000000000000004
      vertex 27.929404794730814 -47.34943816497935 2.4
      vertex 28.027756813566455 -47.15 2.4
    endloop
  endfacet
  facet normal 1.5562299056482818e-15 1.1813737131540931e-15 1
    outer loop
      vertex 10 -25.5 2.4000000000000004
      vertex 32.29999999701977 -54.5 2.4
      vertex 28.1512993215049 -49.034894429314825 2.4
    endloop
  endfacet
  facet normal 0 0 1
    outer loop
      vertex 10 -18 2.4
      vertex 28.027756813566455 -47.15 2.4
      vertex 28.1512993215049 -46.965105570685175 2.4
    endloop
  endfacet
  facet normal 0 0 1
    outer loop
      vertex 10 -18 2.4
      vertex 28.1512993215049 -46.965105570685175 2.4
      vertex 28.297918471982868 -46.79791847198287 2.4
    endloop
  endfacet
  facet normal 0 0 1
    outer loop
      vertex 10 -18 2.4
      vertex 28.297918471982868 -46.79791847198287 2.4
      vertex 28.465105570685175 -46.6512993215049 2.4
    endloop
  endfacet
  facet normal 0 0 1
    outer loop
      vertex 10 -18 2.4
      vertex 28.465105570685175 -46.6512993215049 2.4
      vertex 28.65 -46.527756813566455 2.4
    endloop
  endfacet
  facet normal 0 0 1
    outer loop
      vertex 27 -59.79999999701977 2.4
      vertex 27.69178882241249 -59.75465776771307 2.4
      vertex 28.37174093723297 -59.61940687894821 2.4
    endloop
  endfacet
  facet normal 0 0 1
    outer loop
      vertex 32.29999999701977 -54.5 2.4
      vertex 28.465105570685175 -49.3487006784951 2.4
      vertex 28.297918471982868 -49.20208152801713 2.4
    endloop
  endfacet
  facet normal 0 0 1
    outer loop
      vertex 32.29999999701977 -54.5 2.4
      vertex 28.297918471982868 -49.20208152801713 2.4
      vertex 28.1512993215049 -49.034894429314825 2.4
    endloop
  endfacet
  facet normal 0 0 1
    outer loop
      vertex 32.29999999701977 -54.5 2.4
      vertex 28.65 -49.472243186433545 2.4
      vertex 28.465105570685175 -49.3487006784951 2.4
    endloop
  endfacet
  facet normal 0 0 1
    outer loop
      vertex 32.29999999701977 -54.5 2.4
      vertex 28.849438164979347 -49.570595205269186 2.4
      vertex 28.65 -49.472243186433545 2.4
    endloop
  endfacet
  facet normal 0 0 1
    outer loop
      vertex 32.29999999701977 -54.5 2.4
      vertex 29.060007623325713 -49.642073904691415 2.4
      vertex 28.849438164979347 -49.570595205269186 2.4
    endloop
  endfacet
  facet normal 0 0 1
    outer loop
      vertex 32.29999999701977 -54.5 2.4
      vertex 29.278105473225914 -49.68545626433548 2.4
      vertex 29.060007623325713 -49.642073904691415 2.4
    endloop
  endfacet
  facet normal 0 0 1
    outer loop
      vertex 32.29999999701977 -54.5 2.4
      vertex 29.5 -49.7 2.4
      vertex 29.278105473225914 -49.68545626433548 2.4
    endloop
  endfacet
  facet normal 0 0 1
    outer loop
      vertex 32.29999999701977 -54.5 2.4
      vertex 29.721894526774086 -49.68545626433548 2.4
      vertex 29.5 -49.7 2.4
    endloop
  endfacet
  facet normal 0 0 1
    outer loop
      vertex 32.29999999701977 -54.5 2.4
      vertex 29.939992376674287 -49.642073904691415 2.4
      vertex 29.721894526774086 -49.68545626433548 2.4
    endloop
  endfacet
  facet normal 0 0 1
    outer loop
      vertex 32.29999999701977 -54.5 2.4
      vertex 30.150561835020653 -49.570595205269186 2.4
      vertex 29.939992376674287 -49.642073904691415 2.4
    endloop
  endfacet
  facet normal 0 0 1
    outer loop
      vertex 32.29999999701977 -54.5 2.4
      vertex 30.35 -49.472243186433545 2.4
      vertex 30.150561835020653 -49.570595205269186 2.4
    endloop
  endfacet
  facet normal 0 0 1
    outer loop
      vertex 32.29999999701977 -54.5 2.4
      vertex 30.534894429314825 -49.3487006784951 2.4
      vertex 30.35 -49.472243186433545 2.4
    endloop
  endfacet
  facet normal 0 0 1
    outer loop
      vertex 32.29999999701977 -54.5 2.4
      vertex 30.702081528017132 -49.20208152801713 2.4
      vertex 30.534894429314825 -49.3487006784951 2.4
    endloop
  endfacet
  facet normal 0 0 1
    outer loop
      vertex 32.29999999701977 -54.5 2.4
      vertex 30.8487006784951 -49.034894429314825 2.4
      vertex 30.702081528017132 -49.20208152801713 2.4
    endloop
  endfacet
  facet normal 0 0 1
    outer loop
      vertex 32.29999999701977 -54.5 2.4
      vertex 30.972243186433545 -48.85 2.4
      vertex 30.8487006784951 -49.034894429314825 2.4
    endloop
  endfacet
  facet normal 0 0 1
    outer loop
      vertex 32.29999999701977 -54.5 2.4
      vertex 31.070595205269186 -48.65056183502065 2.4
      vertex 30.972243186433545 -48.85 2.4
    endloop
  endfacet
  facet normal 0 0 1
    outer loop
      vertex 32.29999999701977 -54.5 2.4
      vertex 31.142073904691415 -48.43999237667428 2.4
      vertex 31.070595205269186 -48.65056183502065 2.4
    endloop
  endfacet
  facet normal 0 0 1
    outer loop
      vertex 32.29999999701977 -54.5 2.4
      vertex 31.18545626433548 -48.221894526774086 2.4
      vertex 31.142073904691415 -48.43999237667428 2.4
    endloop
  endfacet
  facet normal 0 0 1
    outer loop
      vertex 32.29999999701977 -54.5 2.4
      vertex 31.2 -48 2.4
      vertex 31.18545626433548 -48.221894526774086 2.4
    endloop
  endfacet
  facet normal 0 0 1
    outer loop
      vertex 32.29999999701977 -54.5 2.4
      vertex 31.18545626433548 -47.778105473225914 2.4
      vertex 31.2 -48 2.4
    endloop
  endfacet
  facet normal 0 0 1
    outer loop
      vertex 32.29999999701977 -54.5 2.4
      vertex 29 -15.5 2.4
      vertex 31.18545626433548 -47.778105473225914 2.4
    endloop
  endfacet
  facet normal 0 0 1
    outer loop
      vertex 29 -15.5 2.4
      vertex 28.65 -46.527756813566455 2.4
      vertex 28.849438164979347 -46.429404794730814 2.4
    endloop
  endfacet
  facet normal 0 0 1
    outer loop
      vertex 29 -15.5 2.4
      vertex 28.849438164979347 -46.429404794730814 2.4
      vertex 29.060007623325713 -46.357926095308585 2.4
    endloop
  endfacet
  facet normal 0 0 1
    outer loop
      vertex 29 -15.5 2.4
      vertex 29.060007623325713 -46.357926095308585 2.4
      vertex 29.278105473225914 -46.31454373566452 2.4
    endloop
  endfacet
  facet normal 0 0 1
    outer loop
      vertex 29 -15.5 2.4
      vertex 29.278105473225914 -46.31454373566452 2.4
      vertex 29.5 -46.3 2.4
    endloop
  endfacet
  facet normal 0 0 1
    outer loop
      vertex 29 -15.5 2.4
      vertex 29.5 -46.3 2.4
      vertex 29.721894526774086 -46.31454373566452 2.4
    endloop
  endfacet
  facet normal 0 0 1
    outer loop
      vertex 29 -15.5 2.4
      vertex 29.721894526774086 -46.31454373566452 2.4
      vertex 29.939992376674287 -46.357926095308585 2.4
    endloop
  endfacet
  facet normal 0 0 1
    outer loop
      vertex 29 -15.5 2.4
      vertex 29.939992376674287 -46.357926095308585 2.4
      vertex 30.150561835020653 -46.429404794730814 2.4
    endloop
  endfacet
  facet normal 0 0 1
    outer loop
      vertex 29 -15.5 2.4
      vertex 30.8487006784951 -46.965105570685175 2.4
      vertex 30.972243186433545 -47.15 2.4
    endloop
  endfacet
  facet normal 0 0 1
    outer loop
      vertex 29 -15.5 2.4
      vertex 30.150561835020653 -46.429404794730814 2.4
      vertex 30.35 -46.527756813566455 2.4
    endloop
  endfacet
  facet normal 0 0 1
    outer loop
      vertex 29 -15.5 2.4
      vertex 30.35 -46.527756813566455 2.4
      vertex 30.534894429314825 -46.6512993215049 2.4
    endloop
  endfacet
  facet normal 0 0 1
    outer loop
      vertex 29 -15.5 2.4
      vertex 30.534894429314825 -46.6512993215049 2.4
      vertex 30.702081528017132 -46.79791847198287 2.4
    endloop
  endfacet
  facet normal 0 0 1
    outer loop
      vertex 29 -15.5 2.4
      vertex 30.702081528017132 -46.79791847198287 2.4
      vertex 30.8487006784951 -46.965105570685175 2.4
    endloop
  endfacet
  facet normal 0 0 1
    outer loop
      vertex 29 -15.5 2.4
      vertex 31.142073904691415 -47.56000762332572 2.4
      vertex 31.18545626433548 -47.778105473225914 2.4
    endloop
  endfacet
  facet normal 0 0 1
    outer loop
      vertex 29 -15.5 2.4
      vertex 31.070595205269186 -47.34943816497935 2.4
      vertex 31.142073904691415 -47.56000762332572 2.4
    endloop
  endfacet
  facet normal 0 0 1
    outer loop
      vertex 29 -15.5 2.4
      vertex 30.972243186433545 -47.15 2.4
      vertex 31.070595205269186 -47.34943816497935 2.4
    endloop
  endfacet
  facet normal 0 0 1
    outer loop
      vertex 10 -18 2.4
      vertex 28.65 -46.527756813566455 2.4
      vertex 29 -15.5 2.4
    endloop
  endfacet
  facet normal 0 0 1
    outer loop
      vertex 32.29999999701977 -54.5 2.4
      vertex 29 15.5 2.4
      vertex 29 -15.5 2.4
    endloop
  endfacet
  facet normal 0 0 1
    outer loop
      vertex -27.799999997019768 14.299999997019768 2.4
      vertex 27.799999997019768 -14.299999997019768 2.4
      vertex 27.799999997019768 14.299999997019768 2.4
    endloop
  endfacet
  facet normal 0 0 1
    outer loop
      vertex -10 18 2.4
      vertex 29 15.5 2.4
      vertex 10 18 2.4
    endloop
  endfacet
  facet normal 0 0 1
    outer loop
      vertex -10 38 2.4
      vertex 10 38 2.4
      vertex 0 41.899999998509884 2.4
    endloop
  endfacet
  facet normal 0 0 1
    outer loop
      vertex 10 38 2.4
      vertex 0.274105004966259 41.9179657921195 2.4
      vertex 0 41.899999998509884 2.4
    endloop
  endfacet
  facet normal 0 0 1
    outer loop
      vertex 10 38 2.4
      vertex 0.5435199961066246 41.97155576199293 2.4
      vertex 0.274105004966259 41.9179657921195 2.4
    endloop
  endfacet
  facet normal 0 0 1
    outer loop
      vertex 10 38 2.4
      vertex 0.8036352097988129 42.05985298007727 2.4
      vertex 0.5435199961066246 41.97155576199293 2.4
    endloop
  endfacet
  facet normal 0 0 1
    outer loop
      vertex 10 38 2.4
      vertex 1.0499999970197678 42.18134665489197 2.4
      vertex 0.8036352097988129 42.05985298007727 2.4
    endloop
  endfacet
  facet normal 0 0 1
    outer loop
      vertex 10 38 2.4
      vertex 1.2783989980816841 42.333957985043526 2.4
      vertex 1.0499999970197678 42.18134665489197 2.4
    endloop
  endfacet
  facet normal 0 0 1
    outer loop
      vertex 10 38 2.4
      vertex 1.484924241900444 42.515075758099556 2.4
      vertex 1.2783989980816841 42.333957985043526 2.4
    endloop
  endfacet
  facet normal 0 0 1
    outer loop
      vertex 10 38 2.4
      vertex 1.6660420149564743 42.721601001918316 2.4
      vertex 1.484924241900444 42.515075758099556 2.4
    endloop
  endfacet
  facet normal 0 0 1
    outer loop
      vertex 10 38 2.4
      vertex 1.8186533451080322 42.95000000298023 2.4
      vertex 1.6660420149564743 42.721601001918316 2.4
    endloop
  endfacet
  facet normal 0 0 1
    outer loop
      vertex 10 38 2.4
      vertex 1.9401470199227333 43.19636479020119 2.4
      vertex 1.8186533451080322 42.95000000298023 2.4
    endloop
  endfacet
  facet normal 0 0 1
    outer loop
      vertex 10 38 2.4
      vertex 2.0284442380070686 43.456480003893375 2.4
      vertex 1.9401470199227333 43.19636479020119 2.4
    endloop
  endfacet
  facet normal 0 0 1
    outer loop
      vertex 32.11940687894821 55.87174093723297 2.4
      vertex 2.082034207880497 43.72589499503374 2.4
      vertex 2.0284442380070686 43.456480003893375 2.4
    endloop
  endfacet
  facet normal 0 0 1
    outer loop
      vertex 32.11940687894821 55.87174093723297 2.4
      vertex 2.100000001490116 44 2.4
      vertex 2.082034207880497 43.72589499503374 2.4
    endloop
  endfacet
  facet normal 0 0 1
    outer loop
      vertex 32.11940687894821 55.87174093723297 2.4
      vertex 2.082034207880497 44.27410500496626 2.4
      vertex 2.100000001490116 44 2.4
    endloop
  endfacet
  facet normal 0 0 1
    outer loop
      vertex 32.11940687894821 55.87174093723297 2.4
      vertex 1.8186533451080322 45.04999999701977 2.4
      vertex 1.9401470199227333 44.80363520979881 2.4
    endloop
  endfacet
  facet normal 0 0 1
    outer loop
      vertex 32.11940687894821 55.87174093723297 2.4
      vertex 2.0284442380070686 44.543519996106625 2.4
      vertex 2.082034207880497 44.27410500496626 2.4
    endloop
  endfacet
  facet normal 0 0 1
    outer loop
      vertex 32.11940687894821 55.87174093723297 2.4
      vertex 1.9401470199227333 44.80363520979881 2.4
      vertex 2.0284442380070686 44.543519996106625 2.4
    endloop
  endfacet
  facet normal 0 0 1
    outer loop
      vertex 32.11940687894821 55.87174093723297 2.4
      vertex 0.15663143247365952 50.18973383307457 2.4
      vertex 0.31058285385370255 50.159110993146896 2.4
    endloop
  endfacet
  facet normal 0 0 1
    outer loop
      vertex 32.11940687894821 55.87174093723297 2.4
      vertex 0.31058285385370255 50.159110993146896 2.4
      vertex 0.45922011882066727 50.10865543782711 2.4
    endloop
  endfacet
  facet normal 0 0 1
    outer loop
      vertex 32.11940687894821 55.87174093723297 2.4
      vertex 0.45922011882066727 50.10865543782711 2.4
      vertex 0.6000000014901161 50.03923048824072 2.4
    endloop
  endfacet
  facet normal 0 0 1
    outer loop
      vertex 32.11940687894821 55.87174093723297 2.4
      vertex 1.2000000029802322 45.718426540493965 2.4
      vertex 1.2783989980816841 45.666042014956474 2.4
    endloop
  endfacet
  facet normal 0 0 1
    outer loop
      vertex 32.11940687894821 55.87174093723297 2.4
      vertex 1.2000000029802322 49 2.4
      vertex 1.2000000029802322 45.718426540493965 2.4
    endloop
  endfacet
  facet normal 0 0 1
    outer loop
      vertex 32.11940687894821 55.87174093723297 2.4
      vertex 1.2783989980816841 45.666042014956474 2.4
      vertex 1.484924241900444 45.484924241900444 2.4
    endloop
  endfacet
  facet normal 0 0 1
    outer loop
      vertex 32.11940687894821 55.87174093723297 2.4
      vertex 1.484924241900444 45.484924241900444 2.4
      vertex 1.6660420149564743 45.278398998081684 2.4
    endloop
  endfacet
  facet normal 0 0 1
    outer loop
      vertex 32.11940687894821 55.87174093723297 2.4
      vertex 1.6660420149564743 45.278398998081684 2.4
      vertex 1.8186533451080322 45.04999999701977 2.4
    endloop
  endfacet
  facet normal 0 0 1
    outer loop
      vertex 32.11940687894821 55.87174093723297 2.4
      vertex 1.1897338330745697 49.15663143247366 2.4
      vertex 1.2000000029802322 49 2.4
    endloop
  endfacet
  facet normal 0 0 1
    outer loop
      vertex 32.11940687894821 55.87174093723297 2.4
      vertex 0.8485281392931938 49.848528139293194 2.4
      vertex 0.9520240053534508 49.7305137142539 2.4
    endloop
  endfacet
  facet normal 0 0 1
    outer loop
      vertex 32.11940687894821 55.87174093723297 2.4
      vertex 0.6000000014901161 50.03923048824072 2.4
      vertex 0.7305137142539024 49.95202400535345 2.4
    endloop
  endfacet
  facet normal 0 0 1
    outer loop
      vertex 32.11940687894821 55.87174093723297 2.4
      vertex 0.7305137142539024 49.95202400535345 2.4
      vertex 0.8485281392931938 49.848528139293194 2.4
    endloop
  endfacet
  facet normal 0 0 1
    outer loop
      vertex 32.11940687894821 55.87174093723297 2.4
      vertex 1.1086554378271103 49.45922011882067 2.4
      vertex 1.1591109931468964 49.3105828538537 2.4
    endloop
  endfacet
  facet normal 0 0 1
    outer loop
      vertex 32.11940687894821 55.87174093723297 2.4
      vertex 0.9520240053534508 49.7305137142539 2.4
      vertex 1.0392304882407188 49.600000001490116 2.4
    endloop
  endfacet
  facet normal 0 0 1
    outer loop
      vertex 32.11940687894821 55.87174093723297 2.4
      vertex 1.0392304882407188 49.600000001490116 2.4
      vertex 1.1086554378271103 49.45922011882067 2.4
    endloop
  endfacet
  facet normal 0 0 1
    outer loop
      vertex 32.11940687894821 55.87174093723297 2.4
      vertex 1.1591109931468964 49.3105828538537 2.4
      vertex 1.1897338330745697 49.15663143247366 2.4
    endloop
  endfacet
  facet normal 0 0 1
    outer loop
      vertex -29.02822218835354 59.39656152576208 2.4
      vertex 27.69178882241249 59.75465776771307 2.4
      vertex 27 59.79999999701977 2.4
    endloop
  endfacet
  facet normal 0 0 1
    outer loop
      vertex -29.649999998509884 59.0899346396327 2.4
      vertex 28.37174093723297 59.61940687894821 2.4
      vertex 27.69178882241249 59.75465776771307 2.4
    endloop
  endfacet
  facet normal 0 0 1
    outer loop
      vertex -30.22643557190895 58.70477270334959 2.4
      vertex 29.02822218835354 59.39656152576208 2.4
      vertex 28.37174093723297 59.61940687894821 2.4
    endloop
  endfacet
  facet normal 0 0 1
    outer loop
      vertex -31.89656152576208 56.52822218835354 2.4
      vertex 31.20477270334959 57.72643557190895 2.4
      vertex 30.74766594171524 58.24766594171524 2.4
    endloop
  endfacet
  facet normal 0 0 1
    outer loop
      vertex -31.20477270334959 57.72643557190895 2.4
      vertex 30.22643557190895 58.70477270334959 2.4
      vertex 29.649999998509884 59.0899346396327 2.4
    endloop
  endfacet
  facet normal 0 0 1
    outer loop
      vertex -30.74766594171524 58.24766594171524 2.4
      vertex 29.649999998509884 59.0899346396327 2.4
      vertex 29.02822218835354 59.39656152576208 2.4
    endloop
  endfacet
  facet normal 0 0 1
    outer loop
      vertex -31.589934639632702 57.149999998509884 2.4
      vertex 30.74766594171524 58.24766594171524 2.4
      vertex 30.22643557190895 58.70477270334959 2.4
    endloop
  endfacet
  facet normal 0 0 1
    outer loop
      vertex -32.29999999701977 54.5 2.4
      vertex 32.11940687894821 55.87174093723297 2.4
      vertex 31.89656152576208 56.52822218835354 2.4
    endloop
  endfacet
  facet normal 0 0 1
    outer loop
      vertex -32.11940687894821 55.87174093723297 2.4
      vertex 31.589934639632702 57.149999998509884 2.4
      vertex 31.20477270334959 57.72643557190895 2.4
    endloop
  endfacet
  facet normal 0 0 1
    outer loop
      vertex -32.25465776771307 55.19178882241249 2.4
      vertex 31.89656152576208 56.52822218835354 2.4
      vertex 31.589934639632702 57.149999998509884 2.4
    endloop
  endfacet
  facet normal 0 0 1
    outer loop
      vertex 10 38 2.4
      vertex 32.11940687894821 55.87174093723297 2.4
      vertex 2.0284442380070686 43.456480003893375 2.4
    endloop
  endfacet
  facet normal 0 0 1
    outer loop
      vertex 10 18 2.4
      vertex 29 15.5 2.4
      vertex 28.65 46.527756813566455 2.4
    endloop
  endfacet
  facet normal 0 0 1
    outer loop
      vertex 32.29999999701977 -54.5 2.4
      vertex 32.29999999701977 54.5 2.4
      vertex 29 15.5 2.4
    endloop
  endfacet
  facet normal 0 0 1
    outer loop
      vertex 10 18 2.4
      vertex 32.11940687894821 55.87174093723297 2.4
      vertex 10 25.499999999999666 2.4
    endloop
  endfacet
  facet normal 1.219541058076254e-16 -8.881784197000659e-17 1
    outer loop
      vertex 10 25.499999999999666 2.4
      vertex 32.11940687894821 55.87174093723297 2.4
      vertex 10 30.5 2.4000000000000004
    endloop
  endfacet
  facet normal -4.7841230432595875e-17 5.921189464667501e-17 1
    outer loop
      vertex 10 30.5 2.4000000000000004
      vertex 32.11940687894821 55.87174093723297 2.4
      vertex 10 38 2.4
    endloop
  endfacet
  facet normal 0 0 1
    outer loop
      vertex 10 18 2.4
      vertex 28.1512993215049 46.965105570685175 2.4
      vertex 28.027756813566455 47.15 2.4
    endloop
  endfacet
  facet normal 0 0 1
    outer loop
      vertex 10 18 2.4
      vertex 28.297918471982868 46.79791847198287 2.4
      vertex 28.1512993215049 46.965105570685175 2.4
    endloop
  endfacet
  facet normal 0 0 1
    outer loop
      vertex 10 18 2.4
      vertex 28.465105570685175 46.6512993215049 2.4
      vertex 28.297918471982868 46.79791847198287 2.4
    endloop
  endfacet
  facet normal 0 0 1
    outer loop
      vertex 10 18 2.4
      vertex 28.65 46.527756813566455 2.4
      vertex 28.465105570685175 46.6512993215049 2.4
    endloop
  endfacet
  facet normal 0 0 1
    outer loop
      vertex 10 18 2.4
      vertex 27.929404794730814 47.34943816497935 2.4
      vertex 27.857926095308585 47.56000762332572 2.4
    endloop
  endfacet
  facet normal 0 0 1
    outer loop
      vertex 10 18 2.4
      vertex 27.857926095308585 47.56000762332572 2.4
      vertex 27.81454373566452 47.778105473225914 2.4
    endloop
  endfacet
  facet normal 0 0 1
    outer loop
      vertex 10 18 2.4
      vertex 27.81454373566452 47.778105473225914 2.4
      vertex 27.8 48 2.4
    endloop
  endfacet
  facet normal 0 0 1
    outer loop
      vertex 10 18 2.4
      vertex 27.8 48 2.4
      vertex 27.81454373566452 48.221894526774086 2.4
    endloop
  endfacet
  facet normal 0 0 1
    outer loop
      vertex 10 18 2.4
      vertex 27.81454373566452 48.221894526774086 2.4
      vertex 27.857926095308585 48.43999237667428 2.4
    endloop
  endfacet
  facet normal 0 0 1
    outer loop
      vertex 10 18 2.4
      vertex 28.027756813566455 47.15 2.4
      vertex 27.929404794730814 47.34943816497935 2.4
    endloop
  endfacet
  facet normal 0 0 1
    outer loop
      vertex 10 18 2.4
      vertex 27.857926095308585 48.43999237667428 2.4
      vertex 27.929404794730814 48.65056183502065 2.4
    endloop
  endfacet
  facet normal 0 0 1
    outer loop
      vertex 10 18 2.4
      vertex 27.929404794730814 48.65056183502065 2.4
      vertex 28.027756813566455 48.85 2.4
    endloop
  endfacet
  facet normal 0 0 1
    outer loop
      vertex 10 18 2.4
      vertex 28.027756813566455 48.85 2.4
      vertex 32.11940687894821 55.87174093723297 2.4
    endloop
  endfacet
  facet normal 0 0 1
    outer loop
      vertex 29 15.5 2.4
      vertex 28.849438164979347 46.429404794730814 2.4
      vertex 28.65 46.527756813566455 2.4
    endloop
  endfacet
  facet normal 0 0 1
    outer loop
      vertex 29 15.5 2.4
      vertex 29.060007623325713 46.357926095308585 2.4
      vertex 28.849438164979347 46.429404794730814 2.4
    endloop
  endfacet
  facet normal 0 0 1
    outer loop
      vertex 29 15.5 2.4
      vertex 29.278105473225914 46.31454373566452 2.4
      vertex 29.060007623325713 46.357926095308585 2.4
    endloop
  endfacet
  facet normal 0 0 1
    outer loop
      vertex 29 15.5 2.4
      vertex 29.5 46.3 2.4
      vertex 29.278105473225914 46.31454373566452 2.4
    endloop
  endfacet
  facet normal 0 0 1
    outer loop
      vertex 29 15.5 2.4
      vertex 29.721894526774086 46.31454373566452 2.4
      vertex 29.5 46.3 2.4
    endloop
  endfacet
  facet normal 0 0 1
    outer loop
      vertex 29 15.5 2.4
      vertex 29.939992376674287 46.357926095308585 2.4
      vertex 29.721894526774086 46.31454373566452 2.4
    endloop
  endfacet
  facet normal 0 0 1
    outer loop
      vertex 29 15.5 2.4
      vertex 30.150561835020653 46.429404794730814 2.4
      vertex 29.939992376674287 46.357926095308585 2.4
    endloop
  endfacet
  facet normal 0 0 1
    outer loop
      vertex 29 15.5 2.4
      vertex 30.35 46.527756813566455 2.4
      vertex 30.150561835020653 46.429404794730814 2.4
    endloop
  endfacet
  facet normal 0 0 1
    outer loop
      vertex 29 15.5 2.4
      vertex 30.534894429314825 46.6512993215049 2.4
      vertex 30.35 46.527756813566455 2.4
    endloop
  endfacet
  facet normal 0 0 1
    outer loop
      vertex 29 15.5 2.4
      vertex 30.702081528017132 46.79791847198287 2.4
      vertex 30.534894429314825 46.6512993215049 2.4
    endloop
  endfacet
  facet normal 0 0 1
    outer loop
      vertex 29 15.5 2.4
      vertex 30.8487006784951 46.965105570685175 2.4
      vertex 30.702081528017132 46.79791847198287 2.4
    endloop
  endfacet
  facet normal 0 0 1
    outer loop
      vertex 29 15.5 2.4
      vertex 30.972243186433545 47.15 2.4
      vertex 30.8487006784951 46.965105570685175 2.4
    endloop
  endfacet
  facet normal 0 0 1
    outer loop
      vertex 29 15.5 2.4
      vertex 31.070595205269186 47.34943816497935 2.4
      vertex 30.972243186433545 47.15 2.4
    endloop
  endfacet
  facet normal 0 0 1
    outer loop
      vertex 29 15.5 2.4
      vertex 31.142073904691415 47.56000762332572 2.4
      vertex 31.070595205269186 47.34943816497935 2.4
    endloop
  endfacet
  facet normal 0 0 1
    outer loop
      vertex 29 15.5 2.4
      vertex 31.18545626433548 47.778105473225914 2.4
      vertex 31.142073904691415 47.56000762332572 2.4
    endloop
  endfacet
  facet normal 0 0 1
    outer loop
      vertex 29 15.5 2.4
      vertex 32.11940687894821 55.87174093723297 2.4
      vertex 31.18545626433548 47.778105473225914 2.4
    endloop
  endfacet
  facet normal 0 0 1
    outer loop
      vertex 29 15.5 2.4
      vertex 32.29999999701977 54.5 2.4
      vertex 32.25465776771307 55.19178882241249 2.4
    endloop
  endfacet
  facet normal 0 0 1
    outer loop
      vertex 29 15.5 2.4
      vertex 32.25465776771307 55.19178882241249 2.4
      vertex 32.11940687894821 55.87174093723297 2.4
    endloop
  endfacet
  facet normal 0 0 1
    outer loop
      vertex 32.11940687894821 55.87174093723297 2.4
      vertex 28.027756813566455 48.85 2.4
      vertex 28.1512993215049 49.034894429314825 2.4
    endloop
  endfacet
  facet normal 0 0 1
    outer loop
      vertex 32.11940687894821 55.87174093723297 2.4
      vertex 28.1512993215049 49.034894429314825 2.4
      vertex 28.297918471982868 49.20208152801713 2.4
    endloop
  endfacet
  facet normal 0 0 1
    outer loop
      vertex 32.11940687894821 55.87174093723297 2.4
      vertex 28.297918471982868 49.20208152801713 2.4
      vertex 28.465105570685175 49.3487006784951 2.4
    endloop
  endfacet
  facet normal 0 0 1
    outer loop
      vertex 32.11940687894821 55.87174093723297 2.4
      vertex 28.465105570685175 49.3487006784951 2.4
      vertex 28.65 49.472243186433545 2.4
    endloop
  endfacet
  facet normal 0 0 1
    outer loop
      vertex 32.11940687894821 55.87174093723297 2.4
      vertex 28.65 49.472243186433545 2.4
      vertex 28.849438164979347 49.570595205269186 2.4
    endloop
  endfacet
  facet normal 0 0 1
    outer loop
      vertex 32.11940687894821 55.87174093723297 2.4
      vertex 28.849438164979347 49.570595205269186 2.4
      vertex 29.060007623325713 49.642073904691415 2.4
    endloop
  endfacet
  facet normal 0 0 1
    outer loop
      vertex 32.11940687894821 55.87174093723297 2.4
      vertex 29.060007623325713 49.642073904691415 2.4
      vertex 29.278105473225914 49.68545626433548 2.4
    endloop
  endfacet
  facet normal 0 0 1
    outer loop
      vertex 32.11940687894821 55.87174093723297 2.4
      vertex 29.278105473225914 49.68545626433548 2.4
      vertex 29.5 49.7 2.4
    endloop
  endfacet
  facet normal 0 0 1
    outer loop
      vertex 32.11940687894821 55.87174093723297 2.4
      vertex 29.5 49.7 2.4
      vertex 29.721894526774086 49.68545626433548 2.4
    endloop
  endfacet
  facet normal 0 0 1
    outer loop
      vertex 32.11940687894821 55.87174093723297 2.4
      vertex 29.721894526774086 49.68545626433548 2.4
      vertex 29.939992376674287 49.642073904691415 2.4
    endloop
  endfacet
  facet normal 0 0 1
    outer loop
      vertex 32.11940687894821 55.87174093723297 2.4
      vertex 29.939992376674287 49.642073904691415 2.4
      vertex 30.150561835020653 49.570595205269186 2.4
    endloop
  endfacet
  facet normal 0 0 1
    outer loop
      vertex 32.11940687894821 55.87174093723297 2.4
      vertex 30.702081528017132 49.20208152801713 2.4
      vertex 30.8487006784951 49.034894429314825 2.4
    endloop
  endfacet
  facet normal 0 0 1
    outer loop
      vertex 32.11940687894821 55.87174093723297 2.4
      vertex 30.150561835020653 49.570595205269186 2.4
      vertex 30.35 49.472243186433545 2.4
    endloop
  endfacet
  facet normal 0 0 1
    outer loop
      vertex 32.11940687894821 55.87174093723297 2.4
      vertex 30.35 49.472243186433545 2.4
      vertex 30.534894429314825 49.3487006784951 2.4
    endloop
  endfacet
  facet normal 0 0 1
    outer loop
      vertex 32.11940687894821 55.87174093723297 2.4
      vertex 30.534894429314825 49.3487006784951 2.4
      vertex 30.702081528017132 49.20208152801713 2.4
    endloop
  endfacet
  facet normal 0 0 1
    outer loop
      vertex 32.11940687894821 55.87174093723297 2.4
      vertex 31.2 48 2.4
      vertex 31.18545626433548 47.778105473225914 2.4
    endloop
  endfacet
  facet normal 0 0 1
    outer loop
      vertex 32.11940687894821 55.87174093723297 2.4
      vertex 31.18545626433548 48.221894526774086 2.4
      vertex 31.2 48 2.4
    endloop
  endfacet
  facet normal 0 0 1
    outer loop
      vertex 32.11940687894821 55.87174093723297 2.4
      vertex 31.142073904691415 48.43999237667428 2.4
      vertex 31.18545626433548 48.221894526774086 2.4
    endloop
  endfacet
  facet normal 0 0 1
    outer loop
      vertex 32.11940687894821 55.87174093723297 2.4
      vertex 30.972243186433545 48.85 2.4
      vertex 31.070595205269186 48.65056183502065 2.4
    endloop
  endfacet
  facet normal 0 0 1
    outer loop
      vertex 32.11940687894821 55.87174093723297 2.4
      vertex 30.8487006784951 49.034894429314825 2.4
      vertex 30.972243186433545 48.85 2.4
    endloop
  endfacet
  facet normal 0 0 1
    outer loop
      vertex 32.11940687894821 55.87174093723297 2.4
      vertex 31.070595205269186 48.65056183502065 2.4
      vertex 31.142073904691415 48.43999237667428 2.4
    endloop
  endfacet
  facet normal -0.9469301309750087 -0.32143946094350767 0
    outer loop
      vertex -31.89656152576208 -56.52822218835354 0
      vertex -32.11940687894821 -55.87174093723297 2.4
      vertex -32.11940687894821 -55.87174093723297 0
    endloop
  endfacet
  facet normal -0.831469612301817 -0.5555702330206922 0
    outer loop
      vertex -31.589934639632702 -57.149999998509884 0
      vertex -31.20477270334959 -57.72643557190895 0
      vertex -31.589934639632702 -57.149999998509884 2.4
    endloop
  endfacet
  facet normal -0.8968727397915365 -0.44228869374970786 0
    outer loop
      vertex -31.89656152576208 -56.52822218835354 0
      vertex -31.589934639632702 -57.149999998509884 0
      vertex -31.89656152576208 -56.52822218835354 2.4
    endloop
  endfacet
  facet normal -0.6593458114450186 -0.7518398106843703 0
    outer loop
      vertex -30.74766594171524 -58.24766594171524 0
      vertex -30.22643557190895 -58.70477270334959 0
      vertex -30.74766594171524 -58.24766594171524 2.4
    endloop
  endfacet
  facet normal -0.7518398106843703 -0.6593458114450186 0
    outer loop
      vertex -30.74766594171524 -58.24766594171524 0
      vertex -31.20477270334959 -57.72643557190895 2.4
      vertex -31.20477270334959 -57.72643557190895 0
    endloop
  endfacet
  facet normal 0 0 -1
    outer loop
      vertex -32.25465776771307 -55.19178882241249 0
      vertex -32.29999999701977 -54.5 0
      vertex -29.5 -51.19166666666667 0
    endloop
  endfacet
  facet normal 0 0 -1
    outer loop
      vertex -32.11940687894821 -55.87174093723297 0
      vertex -32.25465776771307 -55.19178882241249 0
      vertex -29.083403903164335 -51.16436151588475 0
    endloop
  endfacet
  facet normal -0.9807852793265331 -0.19509032742905125 0
    outer loop
      vertex -32.11940687894821 -55.87174093723297 0
      vertex -32.25465776771307 -55.19178882241249 2.4
      vertex -32.25465776771307 -55.19178882241249 0
    endloop
  endfacet
  facet normal -0.997858923770584 -0.06540312111368918 0
    outer loop
      vertex -32.25465776771307 -55.19178882241249 0
      vertex -32.29999999701977 -54.5 2.4
      vertex -32.29999999701977 -54.5 0
    endloop
  endfacet
  facet normal -1 0 0
    outer loop
      vertex -32.29999999701977 -54.5 0
      vertex -32.29999999701977 -54.5 2.4
      vertex -32.29999999701977 -49.522963179059296 0
    endloop
  endfacet
  facet normal -0.5555702330206922 -0.831469612301817 0
    outer loop
      vertex -30.22643557190895 -58.70477270334959 0
      vertex -29.649999998509884 -59.0899346396327 0
      vertex -30.22643557190895 -58.70477270334959 2.4
    endloop
  endfacet
  facet normal -0.44228869374970786 -0.8968727397915365 0
    outer loop
      vertex -29.649999998509884 -59.0899346396327 0
      vertex -29.02822218835354 -59.39656152576208 0
      vertex -29.649999998509884 -59.0899346396327 2.4
    endloop
  endfacet
  facet normal -0.32143946094350767 -0.9469301309750087 0
    outer loop
      vertex -29.02822218835354 -59.39656152576208 0
      vertex -28.37174093723297 -59.61940687894821 0
      vertex -29.02822218835354 -59.39656152576208 2.4
    endloop
  endfacet
  facet normal 0 0 -1
    outer loop
      vertex -32.25465776771307 -55.19178882241249 0
      vertex -29.5 -51.19166666666667 0
      vertex -29.083403903164335 -51.16436151588475 0
    endloop
  endfacet
  facet normal 0 0 -1
    outer loop
      vertex -32.11940687894821 -55.87174093723297 0
      vertex -29.083403903164335 -51.16436151588475 0
      vertex -28.67393588104779 -51.08291326223928 0
    endloop
  endfacet
  facet normal 0 0 -1
    outer loop
      vertex -32.11940687894821 -55.87174093723297 0
      vertex -28.67393588104779 -51.08291326223928 0
      vertex -28.278602045034756 -50.94871550793186 0
    endloop
  endfacet
  facet normal 0 0 -1
    outer loop
      vertex -32.11940687894821 -55.87174093723297 0
      vertex -28.278602045034756 -50.94871550793186 0
      vertex -27.904166666666665 -50.76406441374533 0
    endloop
  endfacet
  facet normal -0.9469301309750087 -0.32143946094350767 0
    outer loop
      vertex -31.89656152576208 -56.52822218835354 0
      vertex -31.89656152576208 -56.52822218835354 2.4
      vertex -32.11940687894821 -55.87174093723297 2.4
    endloop
  endfacet
  facet normal -0.831469612301817 -0.5555702330206922 0
    outer loop
      vertex -31.20477270334959 -57.72643557190895 0
      vertex -31.20477270334959 -57.72643557190895 2.4
      vertex -31.589934639632702 -57.149999998509884 2.4
    endloop
  endfacet
  facet normal -0.8968727397915365 -0.44228869374970786 0
    outer loop
      vertex -31.589934639632702 -57.149999998509884 0
      vertex -31.589934639632702 -57.149999998509884 2.4
      vertex -31.89656152576208 -56.52822218835354 2.4
    endloop
  endfacet
  facet normal -0.7518398106843703 -0.6593458114450186 0
    outer loop
      vertex -30.74766594171524 -58.24766594171524 0
      vertex -30.74766594171524 -58.24766594171524 2.4
      vertex -31.20477270334959 -57.72643557190895 2.4
    endloop
  endfacet
  facet normal -0.6593458114450186 -0.7518398106843703 0
    outer loop
      vertex -30.22643557190895 -58.70477270334959 0
      vertex -30.22643557190895 -58.70477270334959 2.4
      vertex -30.74766594171524 -58.24766594171524 2.4
    endloop
  endfacet
  facet normal -0.9807852793265331 -0.19509032742905125 0
    outer loop
      vertex -32.11940687894821 -55.87174093723297 0
      vertex -32.11940687894821 -55.87174093723297 2.4
      vertex -32.25465776771307 -55.19178882241249 2.4
    endloop
  endfacet
  facet normal -0.997858923770584 -0.06540312111368918 0
    outer loop
      vertex -32.25465776771307 -55.19178882241249 0
      vertex -32.25465776771307 -55.19178882241249 2.4
      vertex -32.29999999701977 -54.5 2.4
    endloop
  endfacet
  facet normal -0.5555702330206922 -0.831469612301817 0
    outer loop
      vertex -29.649999998509884 -59.0899346396327 0
      vertex -29.649999998509884 -59.0899346396327 2.4
      vertex -30.22643557190895 -58.70477270334959 2.4
    endloop
  endfacet
  facet normal -0.44228869374970786 -0.8968727397915365 0
    outer loop
      vertex -29.02822218835354 -59.39656152576208 0
      vertex -29.02822218835354 -59.39656152576208 2.4
      vertex -29.649999998509884 -59.0899346396327 2.4
    endloop
  endfacet
  facet normal -0.32143946094350767 -0.9469301309750087 0
    outer loop
      vertex -28.37174093723297 -59.61940687894821 0
      vertex -28.37174093723297 -59.61940687894821 2.4
      vertex -29.02822218835354 -59.39656152576208 2.4
    endloop
  endfacet
  facet normal 0 0 -1
    outer loop
      vertex -32.29999999701977 -54.5 0
      vertex -32.03211941109619 -49.942963560919495 0
      vertex -31.756849143287063 -50.25684914328707 0
    endloop
  endfacet
  facet normal 0 0 -1
    outer loop
      vertex -32.29999999701977 -54.5 0
      vertex -31.756849143287063 -50.25684914328707 0
      vertex -31.4429635609195 -50.53211941109619 0
    endloop
  endfacet
  facet normal 0 0 -1
    outer loop
      vertex -32.29999999701977 -54.5 0
      vertex -32.29999999701977 -49.522963179059296 0
      vertex -32.26406441374533 -49.59583333333333 0
    endloop
  endfacet
  facet normal 0 0 -1
    outer loop
      vertex -32.29999999701977 -54.5 0
      vertex -32.26406441374533 -49.59583333333333 0
      vertex -32.03211941109619 -49.942963560919495 0
    endloop
  endfacet
  facet normal 0 0 -1
    outer loop
      vertex -32.29999999701977 -54.5 0
      vertex -31.4429635609195 -50.53211941109619 0
      vertex -31.095833333333335 -50.76406441374533 0
    endloop
  endfacet
  facet normal 0 0 -1
    outer loop
      vertex -32.29999999701977 -54.5 0
      vertex -31.095833333333335 -50.76406441374533 0
      vertex -30.721397954965244 -50.94871550793186 0
    endloop
  endfacet
  facet normal 0 0 -1
    outer loop
      vertex -32.29999999701977 -54.5 0
      vertex -30.721397954965244 -50.94871550793186 0
      vertex -30.32606411895221 -51.08291326223928 0
    endloop
  endfacet
  facet normal 0 0 -1
    outer loop
      vertex -32.29999999701977 -54.5 0
      vertex -30.32606411895221 -51.08291326223928 0
      vertex -29.916596096835665 -51.16436151588475 0
    endloop
  endfacet
  facet normal 0 0 -1
    outer loop
      vertex -32.29999999701977 -54.5 0
      vertex -29.916596096835665 -51.16436151588475 0
      vertex -29.5 -51.19166666666667 0
    endloop
  endfacet
  facet normal -1 0 0
    outer loop
      vertex -32.29999999701977 -54.5 2.4
      vertex -32.29999999701977 -49.159797973410214 0.1931622108884929
      vertex -32.29999999701977 -49.522963179059296 0
    endloop
  endfacet
  facet normal -1 0 0
    outer loop
      vertex -32.29999999701977 -54.5 2.4
      vertex -32.29999999701977 -48.75025773800859 0.35147203752455936
      vertex -32.29999999701977 -49.159797973410214 0.1931622108884929
    endloop
  endfacet
  facet normal -1 0 0
    outer loop
      vertex -32.29999999701977 -54.5 2.4
      vertex -32.29999999701977 -48.36862699285235 0.44100669605782805
      vertex -32.29999999701977 -48.75025773800859 0.35147203752455936
    endloop
  endfacet
  facet normal -1 0 0
    outer loop
      vertex -32.29999999701977 -54.5 2.4
      vertex -32.29999999701977 -47.24974226199141 0.35147203752455936
      vertex -32.29999999701977 -47.63137300714765 0.44100669605782805
    endloop
  endfacet
  facet normal -1 0 0
    outer loop
      vertex -32.29999999701977 -54.5 2.4
      vertex -32.29999999701977 -48 0.47000000357628097
      vertex -32.29999999701977 -48.36862699285235 0.44100669605782805
    endloop
  endfacet
  facet normal -1 0 0
    outer loop
      vertex -32.29999999701977 -54.5 2.4
      vertex -32.29999999701977 -47.63137300714765 0.44100669605782805
      vertex -32.29999999701977 -48 0.47000000357628097
    endloop
  endfacet
  facet normal -0.19509032742905125 -0.9807852793265331 0
    outer loop
      vertex -28.37174093723297 -59.61940687894821 0
      vertex -27.69178882241249 -59.75465776771307 0
      vertex -28.37174093723297 -59.61940687894821 2.4
    endloop
  endfacet
  facet normal -0.06540312111368918 -0.997858923770584 0
    outer loop
      vertex -27.69178882241249 -59.75465776771307 0
      vertex -27 -59.79999999701977 0
      vertex -27.69178882241249 -59.75465776771307 2.4
    endloop
  endfacet
  facet normal -0.19509032742905125 -0.9807852793265331 0
    outer loop
      vertex -27.69178882241249 -59.75465776771307 0
      vertex -27.69178882241249 -59.75465776771307 2.4
      vertex -28.37174093723297 -59.61940687894821 2.4
    endloop
  endfacet
  facet normal -0.06540312111368918 -0.997858923770584 0
    outer loop
      vertex -27 -59.79999999701977 0
      vertex -27 -59.79999999701977 2.4
      vertex -27.69178882241249 -59.75465776771307 2.4
    endloop
  endfacet
  facet normal 0 0 -1
    outer loop
      vertex -32.11940687894821 -55.87174093723297 0
      vertex -27.904166666666665 -50.76406441374533 0
      vertex -0.8036352097988129 -47.94014701992273 0
    endloop
  endfacet
  facet normal 0 0 -1
    outer loop
      vertex -27.904166666666665 -50.76406441374533 0
      vertex -27.5570364390805 -50.53211941109619 0
      vertex -0.8036352097988129 -47.94014701992273 0
    endloop
  endfacet
  facet normal 0 0 -1
    outer loop
      vertex -27.5570364390805 -50.53211941109619 0
      vertex -27.243150856712937 -50.25684914328707 0
      vertex -1.0499999970197678 -47.81865334510803 0
    endloop
  endfacet
  facet normal 0 0 -1
    outer loop
      vertex -27.243150856712937 -50.25684914328707 0
      vertex -26.967880588903807 -49.942963560919495 0
      vertex -1.2783989980816841 -47.666042014956474 0
    endloop
  endfacet
  facet normal 0 0 -1
    outer loop
      vertex -26.967880588903807 -49.942963560919495 0
      vertex -26.73593558625467 -49.59583333333333 0
      vertex -1.484924241900444 -47.484924241900444 0
    endloop
  endfacet
  facet normal 0 0 -1
    outer loop
      vertex -26.73593558625467 -49.59583333333333 0
      vertex -26.55128449206814 -49.22139795496525 0
      vertex -1.6660420149564743 -47.278398998081684 0
    endloop
  endfacet
  facet normal 0 0 -1
    outer loop
      vertex -26.417086737760723 -48.82606411895221 0
      vertex -1.8186533451080322 -47.04999999701977 0
      vertex -26.55128449206814 -49.22139795496525 0
    endloop
  endfacet
  facet normal 0 0 -1
    outer loop
      vertex -26.335638484115254 -48.41659609683566 0
      vertex -1.9401470199227333 -46.80363520979881 0
      vertex -26.417086737760723 -48.82606411895221 0
    endloop
  endfacet
  facet normal 0 0 -1
    outer loop
      vertex -26.308333333333334 -48 0
      vertex -2.0284442380070686 -46.543519996106625 0
      vertex -26.335638484115254 -48.41659609683566 0
    endloop
  endfacet
  facet normal 0 0 -1
    outer loop
      vertex -26.308333333333334 -48 0
      vertex -26.335638484115254 -47.58340390316434 0
      vertex -2.082034207880497 -46.27410500496626 0
    endloop
  endfacet
  facet normal 0 0 -1
    outer loop
      vertex -26.335638484115254 -47.58340390316434 0
      vertex -26.417086737760723 -47.17393588104779 0
      vertex -2.100000001490116 -46 0
    endloop
  endfacet
  facet normal 0 0 -1
    outer loop
      vertex -26.55128449206814 -46.77860204503475 0
      vertex -26.73593558625467 -46.40416666666667 0
      vertex -2.100000001490116 -46 0
    endloop
  endfacet
  facet normal 0 0 -1
    outer loop
      vertex -26.417086737760723 -47.17393588104779 0
      vertex -26.55128449206814 -46.77860204503475 0
      vertex -2.100000001490116 -46 0
    endloop
  endfacet
  facet normal 0 0 -1
    outer loop
      vertex -32.29999999701977 -46.477036820940704 0
      vertex -32.29999999701977 46.477036820940704 0
      vertex -32.26406441374533 -46.40416666666667 0
    endloop
  endfacet
  facet normal 0 0 -1
    outer loop
      vertex -32.03211941109619 -46.057036439080505 0
      vertex -32.26406441374533 -46.40416666666667 0
      vertex -32.03211941109619 46.057036439080505 0
    endloop
  endfacet
  facet normal 0 0 -1
    outer loop
      vertex -31.756849143287063 -45.74315085671293 0
      vertex -32.03211941109619 -46.057036439080505 0
      vertex -31.756849143287063 45.74315085671293 0
    endloop
  endfacet
  facet normal 0 0 -1
    outer loop
      vertex -31.4429635609195 -45.46788058890381 0
      vertex -31.756849143287063 -45.74315085671293 0
      vertex -31.4429635609195 45.46788058890381 0
    endloop
  endfacet
  facet normal 0 0 -1
    outer loop
      vertex -31.095833333333335 -45.23593558625467 0
      vertex -31.4429635609195 -45.46788058890381 0
      vertex -31.095833333333335 45.23593558625467 0
    endloop
  endfacet
  facet normal 0 0 -1
    outer loop
      vertex -30.721397954965244 -45.05128449206814 0
      vertex -31.095833333333335 -45.23593558625467 0
      vertex -30.721397954965244 45.05128449206814 0
    endloop
  endfacet
  facet normal 0 0 -1
    outer loop
      vertex -30.32606411895221 -44.91708673776072 0
      vertex -30.721397954965244 -45.05128449206814 0
      vertex -30.32606411895221 44.91708673776072 0
    endloop
  endfacet
  facet normal 0 0 -1
    outer loop
      vertex -29.916596096835665 -44.83563848411525 0
      vertex -30.32606411895221 -44.91708673776072 0
      vertex -29.916596096835665 44.83563848411525 0
    endloop
  endfacet
  facet normal -1 0 0
    outer loop
      vertex -32.29999999701977 -54.5 2.4
      vertex -32.29999999701977 54.5 2.4
      vertex -32.29999999701977 -47.24974226199141 0.35147203752455936
    endloop
  endfacet
  facet normal -1 0 0
    outer loop
      vertex -32.29999999701977 54.5 2.4
      vertex -32.29999999701977 -46.840202026589786 0.1931622108884929
      vertex -32.29999999701977 -47.24974226199141 0.35147203752455936
    endloop
  endfacet
  facet normal -1 0 0
    outer loop
      vertex -32.29999999701977 54.5 2.4
      vertex -32.29999999701977 -46.477036820940704 0
      vertex -32.29999999701977 -46.840202026589786 0.1931622108884929
    endloop
  endfacet
  facet normal 0 0 -1
    outer loop
      vertex -29.916596096835665 -44.83563848411525 0
      vertex -29.5 44.80833333333333 0
      vertex -29.5 -44.80833333333333 0
    endloop
  endfacet
  facet normal 0 0 -1
    outer loop
      vertex -29.5 -44.80833333333333 0
      vertex -1.2783989980816841 42.333957985043526 0
      vertex -29.083403903164335 -44.83563848411525 0
    endloop
  endfacet
  facet normal 0 0 -1
    outer loop
      vertex -29.083403903164335 -44.83563848411525 0
      vertex -1.0499999970197678 42.18134665489197 0
      vertex -28.67393588104779 -44.91708673776072 0
    endloop
  endfacet
  facet normal 0 0 -1
    outer loop
      vertex -28.67393588104779 -44.91708673776072 0
      vertex -0.5435199961066246 41.97155576199293 0
      vertex -28.278602045034756 -45.05128449206814 0
    endloop
  endfacet
  facet normal 0 0 -1
    outer loop
      vertex -28.278602045034756 -45.05128449206814 0
      vertex -0.274105004966259 41.9179657921195 0
      vertex -27.904166666666665 -45.23593558625467 0
    endloop
  endfacet
  facet normal 0 0 -1
    outer loop
      vertex -27.904166666666665 -45.23593558625467 0
      vertex 0 41.899999998509884 0
      vertex -27.5570364390805 -45.46788058890381 0
    endloop
  endfacet
  facet normal 0 0 -1
    outer loop
      vertex -31.89656152576208 -56.52822218835354 0
      vertex 32.25465776771307 -55.19178882241249 0
      vertex -31.589934639632702 -57.149999998509884 0
    endloop
  endfacet
  facet normal 0 0 -1
    outer loop
      vertex -31.589934639632702 -57.149999998509884 0
      vertex 32.11940687894821 -55.87174093723297 0
      vertex -31.20477270334959 -57.72643557190895 0
    endloop
  endfacet
  facet normal 0 0 -1
    outer loop
      vertex -31.89656152576208 -56.52822218835354 0
      vertex -32.11940687894821 -55.87174093723297 0
      vertex 32.29999999701977 -54.5 0
    endloop
  endfacet
  facet normal 0 0 -1
    outer loop
      vertex -30.74766594171524 -58.24766594171524 0
      vertex 31.589934639632702 -57.149999998509884 0
      vertex -30.22643557190895 -58.70477270334959 0
    endloop
  endfacet
  facet normal 0 0 -1
    outer loop
      vertex -29.649999998509884 -59.0899346396327 0
      vertex 30.74766594171524 -58.24766594171524 0
      vertex -29.02822218835354 -59.39656152576208 0
    endloop
  endfacet
  facet normal 0 0 -1
    outer loop
      vertex -30.22643557190895 -58.70477270334959 0
      vertex 31.20477270334959 -57.72643557190895 0
      vertex -29.649999998509884 -59.0899346396327 0
    endloop
  endfacet
  facet normal 0 0 -1
    outer loop
      vertex -30.74766594171524 -58.24766594171524 0
      vertex -31.20477270334959 -57.72643557190895 0
      vertex 31.89656152576208 -56.52822218835354 0
    endloop
  endfacet
  facet normal 0 0 -1
    outer loop
      vertex -29.02822218835354 -59.39656152576208 0
      vertex 30.22643557190895 -58.70477270334959 0
      vertex -28.37174093723297 -59.61940687894821 0
    endloop
  endfacet
  facet normal 0 0 -1
    outer loop
      vertex -28.37174093723297 -59.61940687894821 0
      vertex 29.649999998509884 -59.0899346396327 0
      vertex -27.69178882241249 -59.75465776771307 0
    endloop
  endfacet
  facet normal 0 0 -1
    outer loop
      vertex -27.69178882241249 -59.75465776771307 0
      vertex 29.02822218835354 -59.39656152576208 0
      vertex -27 -59.79999999701977 0
    endloop
  endfacet
  facet normal 0 -1 0
    outer loop
      vertex -27 -59.79999999701977 0
      vertex 27 -59.79999999701977 0
      vertex -27 -59.79999999701977 2.4
    endloop
  endfacet
  facet normal 0 0 -1
    outer loop
      vertex -32.11940687894821 -55.87174093723297 0
      vertex -0.8036352097988129 -47.94014701992273 0
      vertex -0.5435199961066246 -48.02844423800707 0
    endloop
  endfacet
  facet normal 0 0 -1
    outer loop
      vertex -32.11940687894821 -55.87174093723297 0
      vertex -0.5435199961066246 -48.02844423800707 0
      vertex -0.274105004966259 -48.0820342078805 0
    endloop
  endfacet
  facet normal 0 0 -1
    outer loop
      vertex -26.335638484115254 -48.41659609683566 0
      vertex -2.0284442380070686 -46.543519996106625 0
      vertex -1.9401470199227333 -46.80363520979881 0
    endloop
  endfacet
  facet normal 0 0 -1
    outer loop
      vertex -26.308333333333334 -48 0
      vertex -2.082034207880497 -46.27410500496626 0
      vertex -2.0284442380070686 -46.543519996106625 0
    endloop
  endfacet
  facet normal 0 0 -1
    outer loop
      vertex -26.335638484115254 -47.58340390316434 0
      vertex -2.100000001490116 -46 0
      vertex -2.082034207880497 -46.27410500496626 0
    endloop
  endfacet
  facet normal 0 0 -1
    outer loop
      vertex -26.73593558625467 -46.40416666666667 0
      vertex -2.082034207880497 -45.72589499503374 0
      vertex -2.100000001490116 -46 0
    endloop
  endfacet
  facet normal 0 0 -1
    outer loop
      vertex -26.73593558625467 -46.40416666666667 0
      vertex -2.0284442380070686 -45.456480003893375 0
      vertex -2.082034207880497 -45.72589499503374 0
    endloop
  endfacet
  facet normal 0 0 -1
    outer loop
      vertex -26.73593558625467 -46.40416666666667 0
      vertex -1.9401470199227333 -45.19636479020119 0
      vertex -2.0284442380070686 -45.456480003893375 0
    endloop
  endfacet
  facet normal 0 0 -1
    outer loop
      vertex -26.73593558625467 -46.40416666666667 0
      vertex -1.8186533451080322 -44.95000000298023 0
      vertex -1.9401470199227333 -45.19636479020119 0
    endloop
  endfacet
  facet normal 0 0 -1
    outer loop
      vertex -27.5570364390805 -50.53211941109619 0
      vertex -1.0499999970197678 -47.81865334510803 0
      vertex -0.8036352097988129 -47.94014701992273 0
    endloop
  endfacet
  facet normal 0 0 -1
    outer loop
      vertex -26.967880588903807 -49.942963560919495 0
      vertex -1.484924241900444 -47.484924241900444 0
      vertex -1.2783989980816841 -47.666042014956474 0
    endloop
  endfacet
  facet normal 0 0 -1
    outer loop
      vertex -27.243150856712937 -50.25684914328707 0
      vertex -1.2783989980816841 -47.666042014956474 0
      vertex -1.0499999970197678 -47.81865334510803 0
    endloop
  endfacet
  facet normal 0 0 -1
    outer loop
      vertex -26.55128449206814 -49.22139795496525 0
      vertex -1.8186533451080322 -47.04999999701977 0
      vertex -1.6660420149564743 -47.278398998081684 0
    endloop
  endfacet
  facet normal 0 0 -1
    outer loop
      vertex -26.73593558625467 -49.59583333333333 0
      vertex -1.6660420149564743 -47.278398998081684 0
      vertex -1.484924241900444 -47.484924241900444 0
    endloop
  endfacet
  facet normal 0 0 -1
    outer loop
      vertex -26.417086737760723 -48.82606411895221 0
      vertex -1.9401470199227333 -46.80363520979881 0
      vertex -1.8186533451080322 -47.04999999701977 0
    endloop
  endfacet
  facet normal 0 0 -1
    outer loop
      vertex -26.73593558625467 -46.40416666666667 0
      vertex -1.6660420149564743 -44.721601001918316 0
      vertex -1.8186533451080322 -44.95000000298023 0
    endloop
  endfacet
  facet normal 0 0 -1
    outer loop
      vertex -26.73593558625467 -46.40416666666667 0
      vertex -1.484924241900444 -44.515075758099556 0
      vertex -1.6660420149564743 -44.721601001918316 0
    endloop
  endfacet
  facet normal 0 0 -1
    outer loop
      vertex -26.73593558625467 -46.40416666666667 0
      vertex -1.2000000029802322 -41 0
      vertex -1.484924241900444 -44.515075758099556 0
    endloop
  endfacet
  facet normal 0 0 -1
    outer loop
      vertex -26.73593558625467 -46.40416666666667 0
      vertex -1.1897338330745697 -40.84336856752634 0
      vertex -1.2000000029802322 -41 0
    endloop
  endfacet
  facet normal 0 0 -1
    outer loop
      vertex -26.73593558625467 -46.40416666666667 0
      vertex -1.1591109931468964 -40.6894171461463 0
      vertex -1.1897338330745697 -40.84336856752634 0
    endloop
  endfacet
  facet normal 0 0 -1
    outer loop
      vertex -32.11940687894821 -55.87174093723297 0
      vertex -0.274105004966259 -48.0820342078805 0
      vertex 32.29999999701977 -54.5 0
    endloop
  endfacet
  facet normal 0 0 -1
    outer loop
      vertex -1.484924241900444 -44.515075758099556 0
      vertex -1.2000000029802322 -41 0
      vertex -1.2783989980816841 -44.333957985043526 0
    endloop
  endfacet
  facet normal 0 0 -1
    outer loop
      vertex -1.2783989980816841 -44.333957985043526 0
      vertex -1.2000000029802322 -41 0
      vertex -1.2000000029802322 -44.281573459506035 0
    endloop
  endfacet
  facet normal 0 0 -1
    outer loop
      vertex -27.243150856712937 -45.74315085671293 0
      vertex 26.967880588903807 46.057036439080505 0
      vertex -26.967880588903807 -46.057036439080505 0
    endloop
  endfacet
  facet normal 0 0 -1
    outer loop
      vertex -26.967880588903807 -46.057036439080505 0
      vertex 27.243150856712937 45.74315085671293 0
      vertex -26.73593558625467 -46.40416666666667 0
    endloop
  endfacet
  facet normal 0 0 -1
    outer loop
      vertex 26.73593558625467 46.40416666666667 0
      vertex -27.243150856712937 -45.74315085671293 0
      vertex -27.5570364390805 -45.46788058890381 0
    endloop
  endfacet
  facet normal 0 0 -1
    outer loop
      vertex -30.32606411895221 -44.91708673776072 0
      vertex -30.32606411895221 44.91708673776072 0
      vertex -29.916596096835665 44.83563848411525 0
    endloop
  endfacet
  facet normal 0 0 -1
    outer loop
      vertex -29.916596096835665 -44.83563848411525 0
      vertex -29.916596096835665 44.83563848411525 0
      vertex -29.5 44.80833333333333 0
    endloop
  endfacet
  facet normal 0 0 -1
    outer loop
      vertex -32.26406441374533 -46.40416666666667 0
      vertex -32.26406441374533 46.40416666666667 0
      vertex -32.03211941109619 46.057036439080505 0
    endloop
  endfacet
  facet normal 0 0 -1
    outer loop
      vertex -32.29999999701977 46.477036820940704 0
      vertex -32.26406441374533 46.40416666666667 0
      vertex -32.26406441374533 -46.40416666666667 0
    endloop
  endfacet
  facet normal -1 0 0
    outer loop
      vertex -32.29999999701977 -46.477036820940704 0
      vertex -32.29999999701977 46.840202026589786 0.1931622108884929
      vertex -32.29999999701977 46.477036820940704 0
    endloop
  endfacet
  facet normal 0 0 -1
    outer loop
      vertex -32.03211941109619 -46.057036439080505 0
      vertex -32.03211941109619 46.057036439080505 0
      vertex -31.756849143287063 45.74315085671293 0
    endloop
  endfacet
  facet normal -1 0 0
    outer loop
      vertex -32.29999999701977 -46.477036820940704 0
      vertex -32.29999999701977 47.24974226199141 0.35147203752455936
      vertex -32.29999999701977 46.840202026589786 0.1931622108884929
    endloop
  endfacet
  facet normal -1 0 0
    outer loop
      vertex -32.29999999701977 -46.477036820940704 0
      vertex -32.29999999701977 47.63137300714765 0.44100669605782805
      vertex -32.29999999701977 47.24974226199141 0.35147203752455936
    endloop
  endfacet
  facet normal 0 0 -1
    outer loop
      vertex -31.756849143287063 -45.74315085671293 0
      vertex -31.756849143287063 45.74315085671293 0
      vertex -31.4429635609195 45.46788058890381 0
    endloop
  endfacet
  facet normal 0 0 -1
    outer loop
      vertex -31.4429635609195 -45.46788058890381 0
      vertex -31.4429635609195 45.46788058890381 0
      vertex -31.095833333333335 45.23593558625467 0
    endloop
  endfacet
  facet normal -1 0 0
    outer loop
      vertex -32.29999999701977 -46.477036820940704 0
      vertex -32.29999999701977 48 0.47000000357628097
      vertex -32.29999999701977 47.63137300714765 0.44100669605782805
    endloop
  endfacet
  facet normal 0 0 -1
    outer loop
      vertex -31.095833333333335 -45.23593558625467 0
      vertex -31.095833333333335 45.23593558625467 0
      vertex -30.721397954965244 45.05128449206814 0
    endloop
  endfacet
  facet normal 0 0 -1
    outer loop
      vertex -30.721397954965244 -45.05128449206814 0
      vertex -30.721397954965244 45.05128449206814 0
      vertex -30.32606411895221 44.91708673776072 0
    endloop
  endfacet
  facet normal -1 0 0
    outer loop
      vertex -32.29999999701977 54.5 2.4
      vertex -32.29999999701977 48 0.47000000357628097
      vertex -32.29999999701977 -46.477036820940704 0
    endloop
  endfacet
  facet normal 0 0 -1
    outer loop
      vertex -29.5 -44.80833333333333 0
      vertex -29.5 44.80833333333333 0
      vertex -2.100000001490116 44 0
    endloop
  endfacet
  facet normal 0 0 -1
    outer loop
      vertex -32.29999999701977 54.5 0
      vertex -32.26406441374533 49.59583333333333 0
      vertex -32.29999999701977 49.522963179059296 0
    endloop
  endfacet
  facet normal 0 0 -1
    outer loop
      vertex -32.29999999701977 54.5 0
      vertex -32.03211941109619 49.942963560919495 0
      vertex -32.26406441374533 49.59583333333333 0
    endloop
  endfacet
  facet normal 0 0 -1
    outer loop
      vertex -32.29999999701977 54.5 0
      vertex -31.756849143287063 50.25684914328707 0
      vertex -32.03211941109619 49.942963560919495 0
    endloop
  endfacet
  facet normal 0 0 -1
    outer loop
      vertex -32.29999999701977 54.5 0
      vertex -31.4429635609195 50.53211941109619 0
      vertex -31.756849143287063 50.25684914328707 0
    endloop
  endfacet
  facet normal 0 0 -1
    outer loop
      vertex -32.29999999701977 54.5 0
      vertex -31.095833333333335 50.76406441374533 0
      vertex -31.4429635609195 50.53211941109619 0
    endloop
  endfacet
  facet normal 0 0 -1
    outer loop
      vertex -32.29999999701977 54.5 0
      vertex -30.721397954965244 50.94871550793186 0
      vertex -31.095833333333335 50.76406441374533 0
    endloop
  endfacet
  facet normal 0 0 -1
    outer loop
      vertex -32.29999999701977 54.5 0
      vertex -30.32606411895221 51.08291326223928 0
      vertex -30.721397954965244 50.94871550793186 0
    endloop
  endfacet
  facet normal 0 0 -1
    outer loop
      vertex -32.29999999701977 54.5 0
      vertex -29.916596096835665 51.16436151588475 0
      vertex -30.32606411895221 51.08291326223928 0
    endloop
  endfacet
  facet normal 0 0 -1
    outer loop
      vertex -32.29999999701977 54.5 0
      vertex -29.5 51.19166666666667 0
      vertex -29.916596096835665 51.16436151588475 0
    endloop
  endfacet
  facet normal 0 0 -1
    outer loop
      vertex -32.29999999701977 54.5 0
      vertex -29.083403903164335 51.16436151588475 0
      vertex -29.5 51.19166666666667 0
    endloop
  endfacet
  facet normal -1 0 0
    outer loop
      vertex -32.29999999701977 54.5 2.4
      vertex -32.29999999701977 49.522963179059296 0
      vertex -32.29999999701977 49.159797973410214 0.1931622108884929
    endloop
  endfacet
  facet normal -1 0 0
    outer loop
      vertex -32.29999999701977 54.5 2.4
      vertex -32.29999999701977 49.159797973410214 0.1931622108884929
      vertex -32.29999999701977 48.75025773800859 0.35147203752455936
    endloop
  endfacet
  facet normal -1 0 0
    outer loop
      vertex -32.29999999701977 54.5 2.4
      vertex -32.29999999701977 48.75025773800859 0.35147203752455936
      vertex -32.29999999701977 48.36862699285235 0.44100669605782805
    endloop
  endfacet
  facet normal 0 0 -1
    outer loop
      vertex -32.29999999701977 54.5 0
      vertex -28.67393588104779 51.08291326223928 0
      vertex -29.083403903164335 51.16436151588475 0
    endloop
  endfacet
  facet normal 0 0 -1
    outer loop
      vertex -32.29999999701977 54.5 0
      vertex -28.278602045034756 50.94871550793186 0
      vertex -28.67393588104779 51.08291326223928 0
    endloop
  endfacet
  facet normal -1 0 0
    outer loop
      vertex -32.29999999701977 54.5 2.4
      vertex -32.29999999701977 48.36862699285235 0.44100669605782805
      vertex -32.29999999701977 48 0.47000000357628097
    endloop
  endfacet
  facet normal -1 0 0
    outer loop
      vertex -32.29999999701977 54.5 0
      vertex -32.29999999701977 49.522963179059296 0
      vertex -32.29999999701977 54.5 2.4
    endloop
  endfacet
  facet normal -0.997858923770584 0.06540312111368918 0
    outer loop
      vertex -32.29999999701977 54.5 0
      vertex -32.25465776771307 55.19178882241249 2.4
      vertex -32.25465776771307 55.19178882241249 0
    endloop
  endfacet
  facet normal -0.9807852793265331 0.19509032742905125 0
    outer loop
      vertex -32.25465776771307 55.19178882241249 0
      vertex -32.11940687894821 55.87174093723297 2.4
      vertex -32.11940687894821 55.87174093723297 0
    endloop
  endfacet
  facet normal -0.9469301309750087 0.32143946094350767 0
    outer loop
      vertex -32.11940687894821 55.87174093723297 0
      vertex -31.89656152576208 56.52822218835354 2.4
      vertex -31.89656152576208 56.52822218835354 0
    endloop
  endfacet
  facet normal -0.8968727397915365 0.44228869374970786 0
    outer loop
      vertex -31.89656152576208 56.52822218835354 0
      vertex -31.589934639632702 57.149999998509884 2.4
      vertex -31.589934639632702 57.149999998509884 0
    endloop
  endfacet
  facet normal -0.831469612301817 0.5555702330206922 0
    outer loop
      vertex -31.589934639632702 57.149999998509884 0
      vertex -31.20477270334959 57.72643557190895 2.4
      vertex -31.20477270334959 57.72643557190895 0
    endloop
  endfacet
  facet normal -0.7518398106843703 0.6593458114450186 0
    outer loop
      vertex -31.20477270334959 57.72643557190895 0
      vertex -30.74766594171524 58.24766594171524 2.4
      vertex -30.74766594171524 58.24766594171524 0
    endloop
  endfacet
  facet normal -0.6593458114450186 0.7518398106843703 0
    outer loop
      vertex -30.74766594171524 58.24766594171524 0
      vertex -30.22643557190895 58.70477270334959 2.4
      vertex -30.22643557190895 58.70477270334959 0
    endloop
  endfacet
  facet normal -0.5555702330206922 0.831469612301817 0
    outer loop
      vertex -30.22643557190895 58.70477270334959 0
      vertex -29.649999998509884 59.0899346396327 2.4
      vertex -29.649999998509884 59.0899346396327 0
    endloop
  endfacet
  facet normal -0.44228869374970786 0.8968727397915365 0
    outer loop
      vertex -29.649999998509884 59.0899346396327 0
      vertex -29.02822218835354 59.39656152576208 2.4
      vertex -29.02822218835354 59.39656152576208 0
    endloop
  endfacet
  facet normal -0.32143946094350767 0.9469301309750087 0
    outer loop
      vertex -29.02822218835354 59.39656152576208 0
      vertex -28.37174093723297 59.61940687894821 2.4
      vertex -28.37174093723297 59.61940687894821 0
    endloop
  endfacet
  facet normal -0.997858923770584 0.06540312111368918 0
    outer loop
      vertex -32.29999999701977 54.5 0
      vertex -32.29999999701977 54.5 2.4
      vertex -32.25465776771307 55.19178882241249 2.4
    endloop
  endfacet
  facet normal -0.9807852793265331 0.19509032742905125 0
    outer loop
      vertex -32.25465776771307 55.19178882241249 0
      vertex -32.25465776771307 55.19178882241249 2.4
      vertex -32.11940687894821 55.87174093723297 2.4
    endloop
  endfacet
  facet normal -0.9469301309750087 0.32143946094350767 0
    outer loop
      vertex -32.11940687894821 55.87174093723297 0
      vertex -32.11940687894821 55.87174093723297 2.4
      vertex -31.89656152576208 56.52822218835354 2.4
    endloop
  endfacet
  facet normal -0.8968727397915365 0.44228869374970786 0
    outer loop
      vertex -31.89656152576208 56.52822218835354 0
      vertex -31.89656152576208 56.52822218835354 2.4
      vertex -31.589934639632702 57.149999998509884 2.4
    endloop
  endfacet
  facet normal -0.831469612301817 0.5555702330206922 0
    outer loop
      vertex -31.589934639632702 57.149999998509884 0
      vertex -31.589934639632702 57.149999998509884 2.4
      vertex -31.20477270334959 57.72643557190895 2.4
    endloop
  endfacet
  facet normal -0.7518398106843703 0.6593458114450186 0
    outer loop
      vertex -31.20477270334959 57.72643557190895 0
      vertex -31.20477270334959 57.72643557190895 2.4
      vertex -30.74766594171524 58.24766594171524 2.4
    endloop
  endfacet
  facet normal -0.6593458114450186 0.7518398106843703 0
    outer loop
      vertex -30.74766594171524 58.24766594171524 0
      vertex -30.74766594171524 58.24766594171524 2.4
      vertex -30.22643557190895 58.70477270334959 2.4
    endloop
  endfacet
  facet normal -0.5555702330206922 0.831469612301817 0
    outer loop
      vertex -30.22643557190895 58.70477270334959 0
      vertex -30.22643557190895 58.70477270334959 2.4
      vertex -29.649999998509884 59.0899346396327 2.4
    endloop
  endfacet
  facet normal -0.44228869374970786 0.8968727397915365 0
    outer loop
      vertex -29.649999998509884 59.0899346396327 0
      vertex -29.649999998509884 59.0899346396327 2.4
      vertex -29.02822218835354 59.39656152576208 2.4
    endloop
  endfacet
  facet normal -0.32143946094350767 0.9469301309750087 0
    outer loop
      vertex -29.02822218835354 59.39656152576208 0
      vertex -29.02822218835354 59.39656152576208 2.4
      vertex -28.37174093723297 59.61940687894821 2.4
    endloop
  endfacet
  facet normal 0 0 -1
    outer loop
      vertex -28.37174093723297 59.61940687894821 0
      vertex -27.69178882241249 59.75465776771307 0
      vertex -27 59.79999999701977 0
    endloop
  endfacet
  facet normal -0.19509032742905125 0.9807852793265331 0
    outer loop
      vertex -28.37174093723297 59.61940687894821 0
      vertex -27.69178882241249 59.75465776771307 2.4
      vertex -27.69178882241249 59.75465776771307 0
    endloop
  endfacet
  facet normal -0.06540312111368918 0.997858923770584 0
    outer loop
      vertex -27.69178882241249 59.75465776771307 0
      vertex -27 59.79999999701977 2.4
      vertex -27 59.79999999701977 0
    endloop
  endfacet
  facet normal -0.19509032742905125 0.9807852793265331 0
    outer loop
      vertex -28.37174093723297 59.61940687894821 0
      vertex -28.37174093723297 59.61940687894821 2.4
      vertex -27.69178882241249 59.75465776771307 2.4
    endloop
  endfacet
  facet normal -0.06540312111368918 0.997858923770584 0
    outer loop
      vertex -27.69178882241249 59.75465776771307 0
      vertex -27.69178882241249 59.75465776771307 2.4
      vertex -27 59.79999999701977 2.4
    endloop
  endfacet
  facet normal 0 0 -1
    outer loop
      vertex -29.5 44.80833333333333 0
      vertex -29.083403903164335 44.83563848411525 0
      vertex -2.100000001490116 44 0
    endloop
  endfacet
  facet normal 0 0 -1
    outer loop
      vertex -29.083403903164335 44.83563848411525 0
      vertex -28.67393588104779 44.91708673776072 0
      vertex -2.100000001490116 44 0
    endloop
  endfacet
  facet normal 0 0 -1
    outer loop
      vertex -28.67393588104779 44.91708673776072 0
      vertex -28.278602045034756 45.05128449206814 0
      vertex -2.100000001490116 44 0
    endloop
  endfacet
  facet normal 0 0 -1
    outer loop
      vertex -28.278602045034756 45.05128449206814 0
      vertex -27.904166666666665 45.23593558625467 0
      vertex -2.100000001490116 44 0
    endloop
  endfacet
  facet normal 0 0 -1
    outer loop
      vertex -32.29999999701977 54.5 0
      vertex -0.45922011882066727 50.10865543782711 0
      vertex -28.278602045034756 50.94871550793186 0
    endloop
  endfacet
  facet normal 0 0 -1
    outer loop
      vertex -27.904166666666665 45.23593558625467 0
      vertex -27.5570364390805 45.46788058890381 0
      vertex -2.100000001490116 44 0
    endloop
  endfacet
  facet normal 0 0 -1
    outer loop
      vertex -27.5570364390805 45.46788058890381 0
      vertex -27.243150856712937 45.74315085671293 0
      vertex -2.100000001490116 44 0
    endloop
  endfacet
  facet normal 0 0 -1
    outer loop
      vertex -27.243150856712937 45.74315085671293 0
      vertex -26.967880588903807 46.057036439080505 0
      vertex -2.100000001490116 44 0
    endloop
  endfacet
  facet normal 0 0 -1
    outer loop
      vertex -26.967880588903807 46.057036439080505 0
      vertex -26.73593558625467 46.40416666666667 0
      vertex -2.100000001490116 44 0
    endloop
  endfacet
  facet normal 0 0 -1
    outer loop
      vertex -26.73593558625467 46.40416666666667 0
      vertex -26.55128449206814 46.77860204503475 0
      vertex -2.100000001490116 44 0
    endloop
  endfacet
  facet normal 0 0 -1
    outer loop
      vertex -26.417086737760723 47.17393588104779 0
      vertex -2.100000001490116 44 0
      vertex -26.55128449206814 46.77860204503475 0
    endloop
  endfacet
  facet normal 0 0 -1
    outer loop
      vertex -26.335638484115254 47.58340390316434 0
      vertex -2.100000001490116 44 0
      vertex -26.417086737760723 47.17393588104779 0
    endloop
  endfacet
  facet normal 0 0 -1
    outer loop
      vertex -26.308333333333334 48 0
      vertex -2.0284442380070686 44.543519996106625 0
      vertex -26.335638484115254 47.58340390316434 0
    endloop
  endfacet
  facet normal 0 0 -1
    outer loop
      vertex -26.308333333333334 48 0
      vertex -26.335638484115254 48.41659609683566 0
      vertex -1.9401470199227333 44.80363520979881 0
    endloop
  endfacet
  facet normal 0 0 -1
    outer loop
      vertex -26.335638484115254 48.41659609683566 0
      vertex -26.417086737760723 48.82606411895221 0
      vertex -1.8186533451080322 45.04999999701977 0
    endloop
  endfacet
  facet normal 0 0 -1
    outer loop
      vertex -26.417086737760723 48.82606411895221 0
      vertex -26.55128449206814 49.22139795496525 0
      vertex -1.6660420149564743 45.278398998081684 0
    endloop
  endfacet
  facet normal 0 0 -1
    outer loop
      vertex -26.55128449206814 49.22139795496525 0
      vertex -26.73593558625467 49.59583333333333 0
      vertex -1.484924241900444 45.484924241900444 0
    endloop
  endfacet
  facet normal 0 0 -1
    outer loop
      vertex -27.904166666666665 50.76406441374533 0
      vertex -0.6000000014901161 50.03923048824072 0
      vertex -27.5570364390805 50.53211941109619 0
    endloop
  endfacet
  facet normal 0 0 -1
    outer loop
      vertex -27.5570364390805 50.53211941109619 0
      vertex -0.7305137142539024 49.95202400535345 0
      vertex -27.243150856712937 50.25684914328707 0
    endloop
  endfacet
  facet normal 0 0 -1
    outer loop
      vertex -26.967880588903807 49.942963560919495 0
      vertex -1.0392304882407188 49.600000001490116 0
      vertex -26.73593558625467 49.59583333333333 0
    endloop
  endfacet
  facet normal 0 0 -1
    outer loop
      vertex -27.243150856712937 50.25684914328707 0
      vertex -0.8485281392931938 49.848528139293194 0
      vertex -26.967880588903807 49.942963560919495 0
    endloop
  endfacet
  facet normal 0 0 -1
    outer loop
      vertex -28.278602045034756 50.94871550793186 0
      vertex -0.45922011882066727 50.10865543782711 0
      vertex -27.904166666666665 50.76406441374533 0
    endloop
  endfacet
  facet normal 0 0 -1
    outer loop
      vertex -29.5 -44.80833333333333 0
      vertex -2.0284442380070686 43.456480003893375 0
      vertex -1.9401470199227333 43.19636479020119 0
    endloop
  endfacet
  facet normal 0 0 -1
    outer loop
      vertex -29.5 -44.80833333333333 0
      vertex -2.082034207880497 43.72589499503374 0
      vertex -2.0284442380070686 43.456480003893375 0
    endloop
  endfacet
  facet normal 0 0 -1
    outer loop
      vertex -29.5 -44.80833333333333 0
      vertex -2.100000001490116 44 0
      vertex -2.082034207880497 43.72589499503374 0
    endloop
  endfacet
  facet normal 0 0 -1
    outer loop
      vertex -29.5 -44.80833333333333 0
      vertex -1.6660420149564743 42.721601001918316 0
      vertex -1.484924241900444 42.515075758099556 0
    endloop
  endfacet
  facet normal 0 0 -1
    outer loop
      vertex -29.5 -44.80833333333333 0
      vertex -1.9401470199227333 43.19636479020119 0
      vertex -1.8186533451080322 42.95000000298023 0
    endloop
  endfacet
  facet normal 0 0 -1
    outer loop
      vertex -29.5 -44.80833333333333 0
      vertex -1.8186533451080322 42.95000000298023 0
      vertex -1.6660420149564743 42.721601001918316 0
    endloop
  endfacet
  facet normal 0 0 -1
    outer loop
      vertex -29.5 -44.80833333333333 0
      vertex -1.484924241900444 42.515075758099556 0
      vertex -1.2783989980816841 42.333957985043526 0
    endloop
  endfacet
  facet normal 0 0 -1
    outer loop
      vertex -29.083403903164335 -44.83563848411525 0
      vertex -1.2783989980816841 42.333957985043526 0
      vertex -1.0499999970197678 42.18134665489197 0
    endloop
  endfacet
  facet normal 0 0 -1
    outer loop
      vertex -28.67393588104779 -44.91708673776072 0
      vertex -1.0499999970197678 42.18134665489197 0
      vertex -0.8036352097988129 42.05985298007727 0
    endloop
  endfacet
  facet normal 0 0 -1
    outer loop
      vertex -28.67393588104779 -44.91708673776072 0
      vertex -0.8036352097988129 42.05985298007727 0
      vertex -0.5435199961066246 41.97155576199293 0
    endloop
  endfacet
  facet normal 0 0 -1
    outer loop
      vertex -28.278602045034756 -45.05128449206814 0
      vertex -0.5435199961066246 41.97155576199293 0
      vertex -0.274105004966259 41.9179657921195 0
    endloop
  endfacet
  facet normal 0 0 -1
    outer loop
      vertex -27.904166666666665 -45.23593558625467 0
      vertex -0.274105004966259 41.9179657921195 0
      vertex 0 41.899999998509884 0
    endloop
  endfacet
  facet normal 0 0 -1
    outer loop
      vertex -27.5570364390805 -45.46788058890381 0
      vertex 0 41.899999998509884 0
      vertex 0.274105004966259 41.9179657921195 0
    endloop
  endfacet
  facet normal 0 0 -1
    outer loop
      vertex 26.73593558625467 46.40416666666667 0
      vertex -27.5570364390805 -45.46788058890381 0
      vertex 0.274105004966259 41.9179657921195 0
    endloop
  endfacet
  facet normal 0 0 -1
    outer loop
      vertex -26.335638484115254 47.58340390316434 0
      vertex -2.082034207880497 44.27410500496626 0
      vertex -2.100000001490116 44 0
    endloop
  endfacet
  facet normal 0 0 -1
    outer loop
      vertex -26.335638484115254 47.58340390316434 0
      vertex -2.0284442380070686 44.543519996106625 0
      vertex -2.082034207880497 44.27410500496626 0
    endloop
  endfacet
  facet normal 0 0 -1
    outer loop
      vertex -32.29999999701977 54.5 0
      vertex -0.31058285385370255 50.159110993146896 0
      vertex -0.45922011882066727 50.10865543782711 0
    endloop
  endfacet
  facet normal 0 0 -1
    outer loop
      vertex -32.29999999701977 54.5 0
      vertex -0.15663143247365952 50.18973383307457 0
      vertex -0.31058285385370255 50.159110993146896 0
    endloop
  endfacet
  facet normal 0 0 -1
    outer loop
      vertex -32.29999999701977 54.5 0
      vertex 0 50.20000000298023 0
      vertex -0.15663143247365952 50.18973383307457 0
    endloop
  endfacet
  facet normal 0 0 -1
    outer loop
      vertex -32.29999999701977 54.5 0
      vertex 0.15663143247365952 50.18973383307457 0
      vertex 0 50.20000000298023 0
    endloop
  endfacet
  facet normal 0 0 -1
    outer loop
      vertex -26.308333333333334 48 0
      vertex -1.9401470199227333 44.80363520979881 0
      vertex -2.0284442380070686 44.543519996106625 0
    endloop
  endfacet
  facet normal 0 0 -1
    outer loop
      vertex -26.335638484115254 48.41659609683566 0
      vertex -1.8186533451080322 45.04999999701977 0
      vertex -1.9401470199227333 44.80363520979881 0
    endloop
  endfacet
  facet normal 0 0 -1
    outer loop
      vertex -26.417086737760723 48.82606411895221 0
      vertex -1.6660420149564743 45.278398998081684 0
      vertex -1.8186533451080322 45.04999999701977 0
    endloop
  endfacet
  facet normal 0 0 -1
    outer loop
      vertex -26.55128449206814 49.22139795496525 0
      vertex -1.484924241900444 45.484924241900444 0
      vertex -1.6660420149564743 45.278398998081684 0
    endloop
  endfacet
  facet normal 0 0 -1
    outer loop
      vertex -26.73593558625467 49.59583333333333 0
      vertex -1.2783989980816841 45.666042014956474 0
      vertex -1.484924241900444 45.484924241900444 0
    endloop
  endfacet
  facet normal 0 0 -1
    outer loop
      vertex -26.73593558625467 49.59583333333333 0
      vertex -1.2000000029802322 45.718426540493965 0
      vertex -1.2783989980816841 45.666042014956474 0
    endloop
  endfacet
  facet normal 0 0 -1
    outer loop
      vertex -26.73593558625467 49.59583333333333 0
      vertex -1.2000000029802322 49 0
      vertex -1.2000000029802322 45.718426540493965 0
    endloop
  endfacet
  facet normal 0 0 -1
    outer loop
      vertex -26.73593558625467 49.59583333333333 0
      vertex -1.1897338330745697 49.15663143247366 0
      vertex -1.2000000029802322 49 0
    endloop
  endfacet
  facet normal 0 0 -1
    outer loop
      vertex -26.73593558625467 49.59583333333333 0
      vertex -1.1591109931468964 49.3105828538537 0
      vertex -1.1897338330745697 49.15663143247366 0
    endloop
  endfacet
  facet normal 0 0 -1
    outer loop
      vertex -26.73593558625467 49.59583333333333 0
      vertex -1.1086554378271103 49.45922011882067 0
      vertex -1.1591109931468964 49.3105828538537 0
    endloop
  endfacet
  facet normal 0 0 -1
    outer loop
      vertex -26.73593558625467 49.59583333333333 0
      vertex -1.0392304882407188 49.600000001490116 0
      vertex -1.1086554378271103 49.45922011882067 0
    endloop
  endfacet
  facet normal 0 0 -1
    outer loop
      vertex -26.967880588903807 49.942963560919495 0
      vertex -0.9520240053534508 49.7305137142539 0
      vertex -1.0392304882407188 49.600000001490116 0
    endloop
  endfacet
  facet normal 0 0 -1
    outer loop
      vertex -26.967880588903807 49.942963560919495 0
      vertex -0.8485281392931938 49.848528139293194 0
      vertex -0.9520240053534508 49.7305137142539 0
    endloop
  endfacet
  facet normal 0 0 -1
    outer loop
      vertex -27.243150856712937 50.25684914328707 0
      vertex -0.7305137142539024 49.95202400535345 0
      vertex -0.8485281392931938 49.848528139293194 0
    endloop
  endfacet
  facet normal 0 0 -1
    outer loop
      vertex -27.5570364390805 50.53211941109619 0
      vertex -0.6000000014901161 50.03923048824072 0
      vertex -0.7305137142539024 49.95202400535345 0
    endloop
  endfacet
  facet normal 0 0 -1
    outer loop
      vertex -27.904166666666665 50.76406441374533 0
      vertex -0.45922011882066727 50.10865543782711 0
      vertex -0.6000000014901161 50.03923048824072 0
    endloop
  endfacet
  facet normal 0 0 -1
    outer loop
      vertex -32.29999999701977 54.5 0
      vertex -32.25465776771307 55.19178882241249 0
      vertex 31.89656152576208 56.52822218835354 0
    endloop
  endfacet
  facet normal 0 0 -1
    outer loop
      vertex -32.25465776771307 55.19178882241249 0
      vertex -32.11940687894821 55.87174093723297 0
      vertex 31.589934639632702 57.149999998509884 0
    endloop
  endfacet
  facet normal 0 0 -1
    outer loop
      vertex -32.11940687894821 55.87174093723297 0
      vertex -31.89656152576208 56.52822218835354 0
      vertex 31.20477270334959 57.72643557190895 0
    endloop
  endfacet
  facet normal 0 0 -1
    outer loop
      vertex -31.89656152576208 56.52822218835354 0
      vertex -31.589934639632702 57.149999998509884 0
      vertex 30.74766594171524 58.24766594171524 0
    endloop
  endfacet
  facet normal 0 0 -1
    outer loop
      vertex -31.589934639632702 57.149999998509884 0
      vertex -31.20477270334959 57.72643557190895 0
      vertex 30.22643557190895 58.70477270334959 0
    endloop
  endfacet
  facet normal 0 0 -1
    outer loop
      vertex -31.20477270334959 57.72643557190895 0
      vertex -30.74766594171524 58.24766594171524 0
      vertex 29.649999998509884 59.0899346396327 0
    endloop
  endfacet
  facet normal 0 0 -1
    outer loop
      vertex -30.74766594171524 58.24766594171524 0
      vertex -30.22643557190895 58.70477270334959 0
      vertex 29.02822218835354 59.39656152576208 0
    endloop
  endfacet
  facet normal 0 0 -1
    outer loop
      vertex -30.22643557190895 58.70477270334959 0
      vertex -29.649999998509884 59.0899346396327 0
      vertex 28.37174093723297 59.61940687894821 0
    endloop
  endfacet
  facet normal 0 0 -1
    outer loop
      vertex -29.649999998509884 59.0899346396327 0
      vertex -29.02822218835354 59.39656152576208 0
      vertex 27.69178882241249 59.75465776771307 0
    endloop
  endfacet
  facet normal 0 0 -1
    outer loop
      vertex -29.02822218835354 59.39656152576208 0
      vertex -28.37174093723297 59.61940687894821 0
      vertex 27 59.79999999701977 0
    endloop
  endfacet
  facet normal 0 0 -1
    outer loop
      vertex -28.37174093723297 59.61940687894821 0
      vertex -27 59.79999999701977 0
      vertex 27 59.79999999701977 0
    endloop
  endfacet
  facet normal 0 1 0
    outer loop
      vertex -27 59.79999999701977 0
      vertex -27 59.79999999701977 2.4
      vertex 27 59.79999999701977 2.4
    endloop
  endfacet
  facet normal 0 0 -1
    outer loop
      vertex -32.29999999701977 54.5 0
      vertex 32.11940687894821 55.87174093723297 0
      vertex 0.15663143247365952 50.18973383307457 0
    endloop
  endfacet
  facet normal 0 0 -1
    outer loop
      vertex 1.2000000029802322 -44.281573459506035 0
      vertex 1.2000000029802322 -41 0
      vertex 1.2783989980816841 -44.333957985043526 0
    endloop
  endfacet
  facet normal 0 0 -1
    outer loop
      vertex 1.2783989980816841 -44.333957985043526 0
      vertex 1.2000000029802322 -41 0
      vertex 1.484924241900444 -44.515075758099556 0
    endloop
  endfacet
  facet normal 0 0 -1
    outer loop
      vertex -27 -59.79999999701977 0
      vertex 28.37174093723297 -59.61940687894821 0
      vertex 27 -59.79999999701977 0
    endloop
  endfacet
  facet normal 0 0 -1
    outer loop
      vertex -27 -59.79999999701977 0
      vertex 29.02822218835354 -59.39656152576208 0
      vertex 28.37174093723297 -59.61940687894821 0
    endloop
  endfacet
  facet normal 0 0 -1
    outer loop
      vertex -27.69178882241249 -59.75465776771307 0
      vertex 29.649999998509884 -59.0899346396327 0
      vertex 29.02822218835354 -59.39656152576208 0
    endloop
  endfacet
  facet normal 0 0 -1
    outer loop
      vertex -28.37174093723297 -59.61940687894821 0
      vertex 30.22643557190895 -58.70477270334959 0
      vertex 29.649999998509884 -59.0899346396327 0
    endloop
  endfacet
  facet normal 0 0 -1
    outer loop
      vertex -29.02822218835354 -59.39656152576208 0
      vertex 30.74766594171524 -58.24766594171524 0
      vertex 30.22643557190895 -58.70477270334959 0
    endloop
  endfacet
  facet normal 0 0 -1
    outer loop
      vertex -29.649999998509884 -59.0899346396327 0
      vertex 31.20477270334959 -57.72643557190895 0
      vertex 30.74766594171524 -58.24766594171524 0
    endloop
  endfacet
  facet normal 0 0 -1
    outer loop
      vertex -30.22643557190895 -58.70477270334959 0
      vertex 31.589934639632702 -57.149999998509884 0
      vertex 31.20477270334959 -57.72643557190895 0
    endloop
  endfacet
  facet normal 0 0 -1
    outer loop
      vertex -30.74766594171524 -58.24766594171524 0
      vertex 31.89656152576208 -56.52822218835354 0
      vertex 31.589934639632702 -57.149999998509884 0
    endloop
  endfacet
  facet normal 0 0 -1
    outer loop
      vertex -31.20477270334959 -57.72643557190895 0
      vertex 32.11940687894821 -55.87174093723297 0
      vertex 31.89656152576208 -56.52822218835354 0
    endloop
  endfacet
  facet normal 0 0 -1
    outer loop
      vertex -31.589934639632702 -57.149999998509884 0
      vertex 32.25465776771307 -55.19178882241249 0
      vertex 32.11940687894821 -55.87174093723297 0
    endloop
  endfacet
  facet normal 0 0 -1
    outer loop
      vertex -31.89656152576208 -56.52822218835354 0
      vertex 32.29999999701977 -54.5 0
      vertex 32.25465776771307 -55.19178882241249 0
    endloop
  endfacet
  facet normal 0 -1 0
    outer loop
      vertex -27 -59.79999999701977 2.4
      vertex 27 -59.79999999701977 0
      vertex 27 -59.79999999701977 2.4
    endloop
  endfacet
  facet normal 0 0 -1
    outer loop
      vertex -0.274105004966259 -48.0820342078805 0
      vertex 0 -48.100000001490116 0
      vertex 28.67393588104779 -51.08291326223928 0
    endloop
  endfacet
  facet normal 0 0 -1
    outer loop
      vertex 0 -48.100000001490116 0
      vertex 0.274105004966259 -48.0820342078805 0
      vertex 28.278602045034756 -50.94871550793186 0
    endloop
  endfacet
  facet normal 0 0 -1
    outer loop
      vertex 0.5435199961066246 -48.02844423800707 0
      vertex 28.278602045034756 -50.94871550793186 0
      vertex 0.274105004966259 -48.0820342078805 0
    endloop
  endfacet
  facet normal 0 0 -1
    outer loop
      vertex 0.8036352097988129 -47.94014701992273 0
      vertex 27.904166666666665 -50.76406441374533 0
      vertex 0.5435199961066246 -48.02844423800707 0
    endloop
  endfacet
  facet normal 0 0 -1
    outer loop
      vertex 1.0499999970197678 -47.81865334510803 0
      vertex 27.5570364390805 -50.53211941109619 0
      vertex 0.8036352097988129 -47.94014701992273 0
    endloop
  endfacet
  facet normal 0 0 -1
    outer loop
      vertex 1.2783989980816841 -47.666042014956474 0
      vertex 27.243150856712937 -50.25684914328707 0
      vertex 1.0499999970197678 -47.81865334510803 0
    endloop
  endfacet
  facet normal 0 0 -1
    outer loop
      vertex 1.484924241900444 -47.484924241900444 0
      vertex 26.967880588903807 -49.942963560919495 0
      vertex 1.2783989980816841 -47.666042014956474 0
    endloop
  endfacet
  facet normal 0 0 -1
    outer loop
      vertex 1.6660420149564743 -47.278398998081684 0
      vertex 26.73593558625467 -49.59583333333333 0
      vertex 1.484924241900444 -47.484924241900444 0
    endloop
  endfacet
  facet normal 0 0 -1
    outer loop
      vertex 1.8186533451080322 -47.04999999701977 0
      vertex 26.55128449206814 -49.22139795496525 0
      vertex 1.6660420149564743 -47.278398998081684 0
    endloop
  endfacet
  facet normal 0 0 -1
    outer loop
      vertex 1.9401470199227333 -46.80363520979881 0
      vertex 26.417086737760723 -48.82606411895221 0
      vertex 1.8186533451080322 -47.04999999701977 0
    endloop
  endfacet
  facet normal 0 0 -1
    outer loop
      vertex 1.6660420149564743 -44.721601001918316 0
      vertex 26.73593558625467 -46.40416666666667 0
      vertex 1.8186533451080322 -44.95000000298023 0
    endloop
  endfacet
  facet normal 0 0 -1
    outer loop
      vertex 1.484924241900444 -44.515075758099556 0
      vertex 26.967880588903807 -46.057036439080505 0
      vertex 1.6660420149564743 -44.721601001918316 0
    endloop
  endfacet
  facet normal 0 0 -1
    outer loop
      vertex 2.0284442380070686 -46.543519996106625 0
      vertex 26.335638484115254 -48.41659609683566 0
      vertex 1.9401470199227333 -46.80363520979881 0
    endloop
  endfacet
  facet normal 0 0 -1
    outer loop
      vertex 2.082034207880497 -46.27410500496626 0
      vertex 26.308333333333334 -48 0
      vertex 2.0284442380070686 -46.543519996106625 0
    endloop
  endfacet
  facet normal 0 0 -1
    outer loop
      vertex 2.100000001490116 -46 0
      vertex 26.308333333333334 -48 0
      vertex 2.082034207880497 -46.27410500496626 0
    endloop
  endfacet
  facet normal 0 0 -1
    outer loop
      vertex 2.082034207880497 -45.72589499503374 0
      vertex 26.335638484115254 -47.58340390316434 0
      vertex 2.100000001490116 -46 0
    endloop
  endfacet
  facet normal 0 0 -1
    outer loop
      vertex 2.0284442380070686 -45.456480003893375 0
      vertex 26.417086737760723 -47.17393588104779 0
      vertex 2.082034207880497 -45.72589499503374 0
    endloop
  endfacet
  facet normal 0 0 -1
    outer loop
      vertex 1.9401470199227333 -45.19636479020119 0
      vertex 26.55128449206814 -46.77860204503475 0
      vertex 2.0284442380070686 -45.456480003893375 0
    endloop
  endfacet
  facet normal 0 0 -1
    outer loop
      vertex 1.8186533451080322 -44.95000000298023 0
      vertex 26.73593558625467 -46.40416666666667 0
      vertex 1.9401470199227333 -45.19636479020119 0
    endloop
  endfacet
  facet normal 0 0 -1
    outer loop
      vertex 1.2000000029802322 -41 0
      vertex 26.967880588903807 -46.057036439080505 0
      vertex 1.484924241900444 -44.515075758099556 0
    endloop
  endfacet
  facet normal 0 0 -1
    outer loop
      vertex 0.7305137142539024 -40.04797599464655 0
      vertex 26.967880588903807 -46.057036439080505 0
      vertex 0.8485281392931938 -40.151471860706806 0
    endloop
  endfacet
  facet normal 0 0 -1
    outer loop
      vertex 0.6000000014901161 -39.96076951175928 0
      vertex 26.967880588903807 -46.057036439080505 0
      vertex 0.7305137142539024 -40.04797599464655 0
    endloop
  endfacet
  facet normal 0 0 -1
    outer loop
      vertex 1.1591109931468964 -40.6894171461463 0
      vertex 26.967880588903807 -46.057036439080505 0
      vertex 1.1897338330745697 -40.84336856752634 0
    endloop
  endfacet
  facet normal 0 0 -1
    outer loop
      vertex 1.1897338330745697 -40.84336856752634 0
      vertex 26.967880588903807 -46.057036439080505 0
      vertex 1.2000000029802322 -41 0
    endloop
  endfacet
  facet normal 0 0 -1
    outer loop
      vertex 1.0392304882407188 -40.399999998509884 0
      vertex 26.967880588903807 -46.057036439080505 0
      vertex 1.1086554378271103 -40.54077988117933 0
    endloop
  endfacet
  facet normal 0 0 -1
    outer loop
      vertex 0.8485281392931938 -40.151471860706806 0
      vertex 26.967880588903807 -46.057036439080505 0
      vertex 0.9520240053534508 -40.2694862857461 0
    endloop
  endfacet
  facet normal 0 0 -1
    outer loop
      vertex 0.9520240053534508 -40.2694862857461 0
      vertex 26.967880588903807 -46.057036439080505 0
      vertex 1.0392304882407188 -40.399999998509884 0
    endloop
  endfacet
  facet normal 0 0 -1
    outer loop
      vertex 1.1086554378271103 -40.54077988117933 0
      vertex 26.967880588903807 -46.057036439080505 0
      vertex 1.1591109931468964 -40.6894171461463 0
    endloop
  endfacet
  facet normal 0 0 -1
    outer loop
      vertex -26.73593558625467 -46.40416666666667 0
      vertex 27.904166666666665 45.23593558625467 0
      vertex -1.1591109931468964 -40.6894171461463 0
    endloop
  endfacet
  facet normal 0 0 -1
    outer loop
      vertex -1.1591109931468964 -40.6894171461463 0
      vertex 27.904166666666665 45.23593558625467 0
      vertex -1.1086554378271103 -40.54077988117933 0
    endloop
  endfacet
  facet normal 0 0 -1
    outer loop
      vertex -1.1086554378271103 -40.54077988117933 0
      vertex 27.904166666666665 45.23593558625467 0
      vertex -1.0392304882407188 -40.399999998509884 0
    endloop
  endfacet
  facet normal 0 0 -1
    outer loop
      vertex -1.0392304882407188 -40.399999998509884 0
      vertex 27.904166666666665 45.23593558625467 0
      vertex -0.9520240053534508 -40.2694862857461 0
    endloop
  endfacet
  facet normal 0 0 -1
    outer loop
      vertex -0.9520240053534508 -40.2694862857461 0
      vertex 27.904166666666665 45.23593558625467 0
      vertex -0.8485281392931938 -40.151471860706806 0
    endloop
  endfacet
  facet normal 0 0 -1
    outer loop
      vertex -0.8485281392931938 -40.151471860706806 0
      vertex 27.904166666666665 45.23593558625467 0
      vertex -0.7305137142539024 -40.04797599464655 0
    endloop
  endfacet
  facet normal 0 0 -1
    outer loop
      vertex -0.7305137142539024 -40.04797599464655 0
      vertex 27.904166666666665 45.23593558625467 0
      vertex -0.6000000014901161 -39.96076951175928 0
    endloop
  endfacet
  facet normal 0 0 -1
    outer loop
      vertex -0.6000000014901161 -39.96076951175928 0
      vertex 27.904166666666665 45.23593558625467 0
      vertex -0.45922011882066727 -39.89134456217289 0
    endloop
  endfacet
  facet normal 0 0 -1
    outer loop
      vertex -0.45922011882066727 -39.89134456217289 0
      vertex 27.904166666666665 45.23593558625467 0
      vertex -0.31058285385370255 -39.840889006853104 0
    endloop
  endfacet
  facet normal 0 0 -1
    outer loop
      vertex -0.31058285385370255 -39.840889006853104 0
      vertex 27.904166666666665 45.23593558625467 0
      vertex -0.15663143247365952 -39.81026616692543 0
    endloop
  endfacet
  facet normal 0 0 -1
    outer loop
      vertex -0.15663143247365952 -39.81026616692543 0
      vertex 27.904166666666665 45.23593558625467 0
      vertex 0 -39.79999999701977 0
    endloop
  endfacet
  facet normal 0 0 -1
    outer loop
      vertex 0 -39.79999999701977 0
      vertex 27.904166666666665 45.23593558625467 0
      vertex 0.15663143247365952 -39.81026616692543 0
    endloop
  endfacet
  facet normal 0 0 -1
    outer loop
      vertex 0.15663143247365952 -39.81026616692543 0
      vertex 27.904166666666665 45.23593558625467 0
      vertex 0.31058285385370255 -39.840889006853104 0
    endloop
  endfacet
  facet normal 0 0 -1
    outer loop
      vertex 0.31058285385370255 -39.840889006853104 0
      vertex 27.904166666666665 45.23593558625467 0
      vertex 0.45922011882066727 -39.89134456217289 0
    endloop
  endfacet
  facet normal 0 0 -1
    outer loop
      vertex 0.45922011882066727 -39.89134456217289 0
      vertex 27.904166666666665 45.23593558625467 0
      vertex 0.6000000014901161 -39.96076951175928 0
    endloop
  endfacet
  facet normal 0 0 -1
    outer loop
      vertex 27.5570364390805 -50.53211941109619 0
      vertex 1.0499999970197678 -47.81865334510803 0
      vertex 27.243150856712937 -50.25684914328707 0
    endloop
  endfacet
  facet normal 0 0 -1
    outer loop
      vertex 26.73593558625467 -49.59583333333333 0
      vertex 26.967880588903807 -49.942963560919495 0
      vertex 1.484924241900444 -47.484924241900444 0
    endloop
  endfacet
  facet normal 0 0 -1
    outer loop
      vertex 26.55128449206814 -49.22139795496525 0
      vertex 26.73593558625467 -49.59583333333333 0
      vertex 1.6660420149564743 -47.278398998081684 0
    endloop
  endfacet
  facet normal 0 0 -1
    outer loop
      vertex 27.243150856712937 -50.25684914328707 0
      vertex 1.2783989980816841 -47.666042014956474 0
      vertex 26.967880588903807 -49.942963560919495 0
    endloop
  endfacet
  facet normal 0 0 -1
    outer loop
      vertex 27.904166666666665 -50.76406441374533 0
      vertex 0.8036352097988129 -47.94014701992273 0
      vertex 27.5570364390805 -50.53211941109619 0
    endloop
  endfacet
  facet normal 0 0 -1
    outer loop
      vertex 0.5435199961066246 -48.02844423800707 0
      vertex 27.904166666666665 -50.76406441374533 0
      vertex 28.278602045034756 -50.94871550793186 0
    endloop
  endfacet
  facet normal 0 0 -1
    outer loop
      vertex 0 -48.100000001490116 0
      vertex 28.278602045034756 -50.94871550793186 0
      vertex 28.67393588104779 -51.08291326223928 0
    endloop
  endfacet
  facet normal 0 0 -1
    outer loop
      vertex 26.417086737760723 -48.82606411895221 0
      vertex 26.55128449206814 -49.22139795496525 0
      vertex 1.8186533451080322 -47.04999999701977 0
    endloop
  endfacet
  facet normal 0 0 -1
    outer loop
      vertex 26.335638484115254 -48.41659609683566 0
      vertex 26.417086737760723 -48.82606411895221 0
      vertex 1.9401470199227333 -46.80363520979881 0
    endloop
  endfacet
  facet normal 0 0 -1
    outer loop
      vertex 26.335638484115254 -48.41659609683566 0
      vertex 2.0284442380070686 -46.543519996106625 0
      vertex 26.308333333333334 -48 0
    endloop
  endfacet
  facet normal 0 0 -1
    outer loop
      vertex 2.100000001490116 -46 0
      vertex 26.335638484115254 -47.58340390316434 0
      vertex 26.308333333333334 -48 0
    endloop
  endfacet
  facet normal 0 0 -1
    outer loop
      vertex 26.335638484115254 -47.58340390316434 0
      vertex 2.082034207880497 -45.72589499503374 0
      vertex 26.417086737760723 -47.17393588104779 0
    endloop
  endfacet
  facet normal 0 0 -1
    outer loop
      vertex 26.417086737760723 -47.17393588104779 0
      vertex 2.0284442380070686 -45.456480003893375 0
      vertex 26.55128449206814 -46.77860204503475 0
    endloop
  endfacet
  facet normal 0 0 -1
    outer loop
      vertex 26.55128449206814 -46.77860204503475 0
      vertex 1.9401470199227333 -45.19636479020119 0
      vertex 26.73593558625467 -46.40416666666667 0
    endloop
  endfacet
  facet normal 0 0 -1
    outer loop
      vertex 26.967880588903807 -46.057036439080505 0
      vertex 26.73593558625467 -46.40416666666667 0
      vertex 1.6660420149564743 -44.721601001918316 0
    endloop
  endfacet
  facet normal 0 0 -1
    outer loop
      vertex 32.29999999701977 -54.5 0
      vertex -0.274105004966259 -48.0820342078805 0
      vertex 28.67393588104779 -51.08291326223928 0
    endloop
  endfacet
  facet normal 0 0 -1
    outer loop
      vertex 27 -59.79999999701977 0
      vertex 28.37174093723297 -59.61940687894821 0
      vertex 27.69178882241249 -59.75465776771307 0
    endloop
  endfacet
  facet normal 0.06540312111368918 -0.997858923770584 0
    outer loop
      vertex 27 -59.79999999701977 0
      vertex 27.69178882241249 -59.75465776771307 0
      vertex 27 -59.79999999701977 2.4
    endloop
  endfacet
  facet normal 0.19509032742905125 -0.9807852793265331 0
    outer loop
      vertex 27.69178882241249 -59.75465776771307 0
      vertex 28.37174093723297 -59.61940687894821 0
      vertex 27.69178882241249 -59.75465776771307 2.4
    endloop
  endfacet
  facet normal 0.06540312111368918 -0.997858923770584 0
    outer loop
      vertex 27.69178882241249 -59.75465776771307 0
      vertex 27.69178882241249 -59.75465776771307 2.4
      vertex 27 -59.79999999701977 2.4
    endloop
  endfacet
  facet normal 0.19509032742905125 -0.9807852793265331 0
    outer loop
      vertex 28.37174093723297 -59.61940687894821 0
      vertex 28.37174093723297 -59.61940687894821 2.4
      vertex 27.69178882241249 -59.75465776771307 2.4
    endloop
  endfacet
  facet normal 0.32143946094350767 -0.9469301309750087 0
    outer loop
      vertex 28.37174093723297 -59.61940687894821 0
      vertex 29.02822218835354 -59.39656152576208 0
      vertex 28.37174093723297 -59.61940687894821 2.4
    endloop
  endfacet
  facet normal 0.44228869374970786 -0.8968727397915365 0
    outer loop
      vertex 29.02822218835354 -59.39656152576208 0
      vertex 29.649999998509884 -59.0899346396327 0
      vertex 29.02822218835354 -59.39656152576208 2.4
    endloop
  endfacet
  facet normal 0.5555702330206922 -0.831469612301817 0
    outer loop
      vertex 29.649999998509884 -59.0899346396327 0
      vertex 30.22643557190895 -58.70477270334959 0
      vertex 29.649999998509884 -59.0899346396327 2.4
    endloop
  endfacet
  facet normal 0.6593458114450186 -0.7518398106843703 0
    outer loop
      vertex 30.22643557190895 -58.70477270334959 0
      vertex 30.74766594171524 -58.24766594171524 0
      vertex 30.22643557190895 -58.70477270334959 2.4
    endloop
  endfacet
  facet normal 0.7518398106843703 -0.6593458114450186 0
    outer loop
      vertex 30.74766594171524 -58.24766594171524 0
      vertex 31.20477270334959 -57.72643557190895 0
      vertex 30.74766594171524 -58.24766594171524 2.4
    endloop
  endfacet
  facet normal 0.831469612301817 -0.5555702330206922 0
    outer loop
      vertex 31.20477270334959 -57.72643557190895 0
      vertex 31.589934639632702 -57.149999998509884 0
      vertex 31.20477270334959 -57.72643557190895 2.4
    endloop
  endfacet
  facet normal 0.8968727397915365 -0.44228869374970786 0
    outer loop
      vertex 31.589934639632702 -57.149999998509884 0
      vertex 31.89656152576208 -56.52822218835354 0
      vertex 31.589934639632702 -57.149999998509884 2.4
    endloop
  endfacet
  facet normal 0.9469301309750087 -0.32143946094350767 0
    outer loop
      vertex 31.89656152576208 -56.52822218835354 0
      vertex 32.11940687894821 -55.87174093723297 0
      vertex 31.89656152576208 -56.52822218835354 2.4
    endloop
  endfacet
  facet normal 0.9807852793265331 -0.19509032742905125 0
    outer loop
      vertex 32.11940687894821 -55.87174093723297 0
      vertex 32.25465776771307 -55.19178882241249 0
      vertex 32.11940687894821 -55.87174093723297 2.4
    endloop
  endfacet
  facet normal 0.997858923770584 -0.06540312111368918 0
    outer loop
      vertex 32.25465776771307 -55.19178882241249 0
      vertex 32.29999999701977 -54.5 0
      vertex 32.25465776771307 -55.19178882241249 2.4
    endloop
  endfacet
  facet normal 1 0 0
    outer loop
      vertex 32.29999999701977 -54.5 0
      vertex 32.29999999701977 -49.522963179059296 0
      vertex 32.29999999701977 -54.5 2.4
    endloop
  endfacet
  facet normal 0.32143946094350767 -0.9469301309750087 0
    outer loop
      vertex 29.02822218835354 -59.39656152576208 0
      vertex 29.02822218835354 -59.39656152576208 2.4
      vertex 28.37174093723297 -59.61940687894821 2.4
    endloop
  endfacet
  facet normal 0.44228869374970786 -0.8968727397915365 0
    outer loop
      vertex 29.649999998509884 -59.0899346396327 0
      vertex 29.649999998509884 -59.0899346396327 2.4
      vertex 29.02822218835354 -59.39656152576208 2.4
    endloop
  endfacet
  facet normal 0.5555702330206922 -0.831469612301817 0
    outer loop
      vertex 30.22643557190895 -58.70477270334959 0
      vertex 30.22643557190895 -58.70477270334959 2.4
      vertex 29.649999998509884 -59.0899346396327 2.4
    endloop
  endfacet
  facet normal 0.6593458114450186 -0.7518398106843703 0
    outer loop
      vertex 30.74766594171524 -58.24766594171524 0
      vertex 30.74766594171524 -58.24766594171524 2.4
      vertex 30.22643557190895 -58.70477270334959 2.4
    endloop
  endfacet
  facet normal 0.7518398106843703 -0.6593458114450186 0
    outer loop
      vertex 31.20477270334959 -57.72643557190895 0
      vertex 31.20477270334959 -57.72643557190895 2.4
      vertex 30.74766594171524 -58.24766594171524 2.4
    endloop
  endfacet
  facet normal 0.831469612301817 -0.5555702330206922 0
    outer loop
      vertex 31.589934639632702 -57.149999998509884 0
      vertex 31.589934639632702 -57.149999998509884 2.4
      vertex 31.20477270334959 -57.72643557190895 2.4
    endloop
  endfacet
  facet normal 0.8968727397915365 -0.44228869374970786 0
    outer loop
      vertex 31.89656152576208 -56.52822218835354 0
      vertex 31.89656152576208 -56.52822218835354 2.4
      vertex 31.589934639632702 -57.149999998509884 2.4
    endloop
  endfacet
  facet normal 0.9469301309750087 -0.32143946094350767 0
    outer loop
      vertex 32.11940687894821 -55.87174093723297 0
      vertex 32.11940687894821 -55.87174093723297 2.4
      vertex 31.89656152576208 -56.52822218835354 2.4
    endloop
  endfacet
  facet normal 0.9807852793265331 -0.19509032742905125 0
    outer loop
      vertex 32.25465776771307 -55.19178882241249 0
      vertex 32.25465776771307 -55.19178882241249 2.4
      vertex 32.11940687894821 -55.87174093723297 2.4
    endloop
  endfacet
  facet normal 0.997858923770584 -0.06540312111368918 0
    outer loop
      vertex 32.29999999701977 -54.5 0
      vertex 32.29999999701977 -54.5 2.4
      vertex 32.25465776771307 -55.19178882241249 2.4
    endloop
  endfacet
  facet normal 0 0 -1
    outer loop
      vertex 32.29999999701977 -54.5 0
      vertex 28.67393588104779 -51.08291326223928 0
      vertex 29.083403903164335 -51.16436151588475 0
    endloop
  endfacet
  facet normal 0 0 -1
    outer loop
      vertex 32.29999999701977 -54.5 0
      vertex 29.083403903164335 -51.16436151588475 0
      vertex 29.5 -51.19166666666667 0
    endloop
  endfacet
  facet normal 0 0 -1
    outer loop
      vertex 32.29999999701977 -54.5 0
      vertex 29.5 -51.19166666666667 0
      vertex 29.916596096835665 -51.16436151588475 0
    endloop
  endfacet
  facet normal 0 0 -1
    outer loop
      vertex 32.29999999701977 -54.5 0
      vertex 29.916596096835665 -51.16436151588475 0
      vertex 30.32606411895221 -51.08291326223928 0
    endloop
  endfacet
  facet normal 0 0 -1
    outer loop
      vertex 32.29999999701977 -54.5 0
      vertex 30.32606411895221 -51.08291326223928 0
      vertex 30.721397954965244 -50.94871550793186 0
    endloop
  endfacet
  facet normal 0 0 -1
    outer loop
      vertex 32.29999999701977 -54.5 0
      vertex 30.721397954965244 -50.94871550793186 0
      vertex 31.095833333333335 -50.76406441374533 0
    endloop
  endfacet
  facet normal 0 0 -1
    outer loop
      vertex 32.29999999701977 -54.5 0
      vertex 31.095833333333335 -50.76406441374533 0
      vertex 31.4429635609195 -50.53211941109619 0
    endloop
  endfacet
  facet normal 0 0 -1
    outer loop
      vertex 32.29999999701977 -54.5 0
      vertex 31.4429635609195 -50.53211941109619 0
      vertex 31.756849143287063 -50.25684914328707 0
    endloop
  endfacet
  facet normal 0 0 -1
    outer loop
      vertex 32.29999999701977 -54.5 0
      vertex 31.756849143287063 -50.25684914328707 0
      vertex 32.03211941109619 -49.942963560919495 0
    endloop
  endfacet
  facet normal 0 0 -1
    outer loop
      vertex 32.29999999701977 -54.5 0
      vertex 32.03211941109619 -49.942963560919495 0
      vertex 32.26406441374533 -49.59583333333333 0
    endloop
  endfacet
  facet normal 0 0 -1
    outer loop
      vertex 32.29999999701977 -54.5 0
      vertex 32.26406441374533 -49.59583333333333 0
      vertex 32.29999999701977 -49.522963179059296 0
    endloop
  endfacet
  facet normal 1 0 0
    outer loop
      vertex 32.29999999701977 -54.5 2.4
      vertex 32.29999999701977 -49.522963179059296 0
      vertex 32.29999999701977 -49.159797973410214 0.1931622108884929
    endloop
  endfacet
  facet normal 1 0 0
    outer loop
      vertex 32.29999999701977 -54.5 2.4
      vertex 32.29999999701977 -49.159797973410214 0.1931622108884929
      vertex 32.29999999701977 -48.75025773800859 0.35147203752455936
    endloop
  endfacet
  facet normal 1 0 0
    outer loop
      vertex 32.29999999701977 -54.5 2.4
      vertex 32.29999999701977 -48.75025773800859 0.35147203752455936
      vertex 32.29999999701977 -48.36862699285235 0.44100669605782805
    endloop
  endfacet
  facet normal 1 0 0
    outer loop
      vertex 32.29999999701977 -54.5 2.4
      vertex 32.29999999701977 -48.36862699285235 0.44100669605782805
      vertex 32.29999999701977 -48 0.47000000357628097
    endloop
  endfacet
  facet normal 0 0 -1
    outer loop
      vertex 26.967880588903807 -46.057036439080505 0
      vertex 0.6000000014901161 -39.96076951175928 0
      vertex 27.904166666666665 45.23593558625467 0
    endloop
  endfacet
  facet normal 0 0 -1
    outer loop
      vertex 27.243150856712937 -45.74315085671293 0
      vertex 26.967880588903807 -46.057036439080505 0
      vertex 27.904166666666665 45.23593558625467 0
    endloop
  endfacet
  facet normal 0 0 -1
    outer loop
      vertex 27.5570364390805 -45.46788058890381 0
      vertex 27.243150856712937 -45.74315085671293 0
      vertex 27.904166666666665 45.23593558625467 0
    endloop
  endfacet
  facet normal 0 0 -1
    outer loop
      vertex 27.904166666666665 -45.23593558625467 0
      vertex 27.5570364390805 -45.46788058890381 0
      vertex 27.904166666666665 45.23593558625467 0
    endloop
  endfacet
  facet normal 0 0 -1
    outer loop
      vertex 28.278602045034756 -45.05128449206814 0
      vertex 27.904166666666665 -45.23593558625467 0
      vertex 28.278602045034756 45.05128449206814 0
    endloop
  endfacet
  facet normal 0 0 -1
    outer loop
      vertex 28.67393588104779 -44.91708673776072 0
      vertex 28.278602045034756 -45.05128449206814 0
      vertex 28.67393588104779 44.91708673776072 0
    endloop
  endfacet
  facet normal 0 0 -1
    outer loop
      vertex 29.083403903164335 -44.83563848411525 0
      vertex 28.67393588104779 -44.91708673776072 0
      vertex 29.083403903164335 44.83563848411525 0
    endloop
  endfacet
  facet normal 0 0 -1
    outer loop
      vertex 30.32606411895221 -44.91708673776072 0
      vertex 30.721397954965244 45.05128449206814 0
      vertex 30.721397954965244 -45.05128449206814 0
    endloop
  endfacet
  facet normal 0 0 -1
    outer loop
      vertex 30.721397954965244 -45.05128449206814 0
      vertex 31.095833333333335 45.23593558625467 0
      vertex 31.095833333333335 -45.23593558625467 0
    endloop
  endfacet
  facet normal 0 0 -1
    outer loop
      vertex 31.095833333333335 -45.23593558625467 0
      vertex 31.4429635609195 45.46788058890381 0
      vertex 31.4429635609195 -45.46788058890381 0
    endloop
  endfacet
  facet normal 0 0 -1
    outer loop
      vertex 31.4429635609195 -45.46788058890381 0
      vertex 31.756849143287063 45.74315085671293 0
      vertex 31.756849143287063 -45.74315085671293 0
    endloop
  endfacet
  facet normal 1 0 0
    outer loop
      vertex 32.29999999701977 46.477036820940704 0
      vertex 32.29999999701977 -47.63137300714765 0.44100669605782805
      vertex 32.29999999701977 -47.24974226199141 0.35147203752455936
    endloop
  endfacet
  facet normal 0 0 -1
    outer loop
      vertex 31.756849143287063 -45.74315085671293 0
      vertex 32.03211941109619 46.057036439080505 0
      vertex 32.03211941109619 -46.057036439080505 0
    endloop
  endfacet
  facet normal 0 0 -1
    outer loop
      vertex 32.29999999701977 -46.477036820940704 0
      vertex 32.26406441374533 -46.40416666666667 0
      vertex 32.26406441374533 46.40416666666667 0
    endloop
  endfacet
  facet normal 1 0 0
    outer loop
      vertex 32.29999999701977 46.477036820940704 0
      vertex 32.29999999701977 -46.840202026589786 0.1931622108884929
      vertex 32.29999999701977 -46.477036820940704 0
    endloop
  endfacet
  facet normal 0 0 -1
    outer loop
      vertex 32.03211941109619 -46.057036439080505 0
      vertex 32.26406441374533 46.40416666666667 0
      vertex 32.26406441374533 -46.40416666666667 0
    endloop
  endfacet
  facet normal 1 0 0
    outer loop
      vertex 32.29999999701977 46.477036820940704 0
      vertex 32.29999999701977 -47.24974226199141 0.35147203752455936
      vertex 32.29999999701977 -46.840202026589786 0.1931622108884929
    endloop
  endfacet
  facet normal 1 0 0
    outer loop
      vertex 32.29999999701977 46.477036820940704 0
      vertex 32.29999999701977 -48 0.47000000357628097
      vertex 32.29999999701977 -47.63137300714765 0.44100669605782805
    endloop
  endfacet
  facet normal 1 0 0
    outer loop
      vertex 32.29999999701977 -54.5 2.4
      vertex 32.29999999701977 -48 0.47000000357628097
      vertex 32.29999999701977 46.477036820940704 0
    endloop
  endfacet
  facet normal 0 0 -1
    outer loop
      vertex 29.083403903164335 -44.83563848411525 0
      vertex 29.5 44.80833333333333 0
      vertex 29.5 -44.80833333333333 0
    endloop
  endfacet
  facet normal 0 0 -1
    outer loop
      vertex 29.5 -44.80833333333333 0
      vertex 29.916596096835665 44.83563848411525 0
      vertex 29.916596096835665 -44.83563848411525 0
    endloop
  endfacet
  facet normal 0 0 -1
    outer loop
      vertex 29.916596096835665 -44.83563848411525 0
      vertex 30.32606411895221 44.91708673776072 0
      vertex 30.32606411895221 -44.91708673776072 0
    endloop
  endfacet
  facet normal 0 0 -1
    outer loop
      vertex -26.73593558625467 -46.40416666666667 0
      vertex 27.243150856712937 45.74315085671293 0
      vertex 27.5570364390805 45.46788058890381 0
    endloop
  endfacet
  facet normal 0 0 -1
    outer loop
      vertex -26.73593558625467 -46.40416666666667 0
      vertex 27.5570364390805 45.46788058890381 0
      vertex 27.904166666666665 45.23593558625467 0
    endloop
  endfacet
  facet normal 0 0 -1
    outer loop
      vertex 26.967880588903807 46.057036439080505 0
      vertex -27.243150856712937 -45.74315085671293 0
      vertex 26.73593558625467 46.40416666666667 0
    endloop
  endfacet
  facet normal 0 0 -1
    outer loop
      vertex 27.243150856712937 45.74315085671293 0
      vertex -26.967880588903807 -46.057036439080505 0
      vertex 26.967880588903807 46.057036439080505 0
    endloop
  endfacet
  facet normal 0 0 -1
    outer loop
      vertex 1.2000000029802322 45.718426540493965 0
      vertex 1.2000000029802322 49 0
      vertex 1.2783989980816841 45.666042014956474 0
    endloop
  endfacet
  facet normal 0 0 -1
    outer loop
      vertex 26.73593558625467 46.40416666666667 0
      vertex 0.274105004966259 41.9179657921195 0
      vertex 0.5435199961066246 41.97155576199293 0
    endloop
  endfacet
  facet normal 0 0 -1
    outer loop
      vertex 26.73593558625467 46.40416666666667 0
      vertex 0.5435199961066246 41.97155576199293 0
      vertex 0.8036352097988129 42.05985298007727 0
    endloop
  endfacet
  facet normal 0 0 -1
    outer loop
      vertex 26.73593558625467 46.40416666666667 0
      vertex 0.8036352097988129 42.05985298007727 0
      vertex 1.0499999970197678 42.18134665489197 0
    endloop
  endfacet
  facet normal 0 0 -1
    outer loop
      vertex 26.73593558625467 46.40416666666667 0
      vertex 1.0499999970197678 42.18134665489197 0
      vertex 1.2783989980816841 42.333957985043526 0
    endloop
  endfacet
  facet normal 0 0 -1
    outer loop
      vertex 26.73593558625467 46.40416666666667 0
      vertex 1.2783989980816841 42.333957985043526 0
      vertex 1.484924241900444 42.515075758099556 0
    endloop
  endfacet
  facet normal 0 0 -1
    outer loop
      vertex 26.73593558625467 46.40416666666667 0
      vertex 1.484924241900444 42.515075758099556 0
      vertex 1.6660420149564743 42.721601001918316 0
    endloop
  endfacet
  facet normal 0 0 -1
    outer loop
      vertex 26.73593558625467 46.40416666666667 0
      vertex 1.6660420149564743 42.721601001918316 0
      vertex 1.8186533451080322 42.95000000298023 0
    endloop
  endfacet
  facet normal 0 0 -1
    outer loop
      vertex 26.73593558625467 46.40416666666667 0
      vertex 1.8186533451080322 42.95000000298023 0
      vertex 1.9401470199227333 43.19636479020119 0
    endloop
  endfacet
  facet normal 0 0 -1
    outer loop
      vertex 26.73593558625467 46.40416666666667 0
      vertex 1.9401470199227333 43.19636479020119 0
      vertex 2.0284442380070686 43.456480003893375 0
    endloop
  endfacet
  facet normal 0 0 -1
    outer loop
      vertex 2.082034207880497 43.72589499503374 0
      vertex 26.73593558625467 46.40416666666667 0
      vertex 2.0284442380070686 43.456480003893375 0
    endloop
  endfacet
  facet normal 0 0 -1
    outer loop
      vertex 2.100000001490116 44 0
      vertex 26.55128449206814 46.77860204503475 0
      vertex 2.082034207880497 43.72589499503374 0
    endloop
  endfacet
  facet normal 0 0 -1
    outer loop
      vertex 1.9401470199227333 44.80363520979881 0
      vertex 26.308333333333334 48 0
      vertex 2.0284442380070686 44.543519996106625 0
    endloop
  endfacet
  facet normal 0 0 -1
    outer loop
      vertex 1.8186533451080322 45.04999999701977 0
      vertex 26.335638484115254 48.41659609683566 0
      vertex 1.9401470199227333 44.80363520979881 0
    endloop
  endfacet
  facet normal 0 0 -1
    outer loop
      vertex 1.6660420149564743 45.278398998081684 0
      vertex 26.417086737760723 48.82606411895221 0
      vertex 1.8186533451080322 45.04999999701977 0
    endloop
  endfacet
  facet normal 0 0 -1
    outer loop
      vertex 1.484924241900444 45.484924241900444 0
      vertex 26.55128449206814 49.22139795496525 0
      vertex 1.6660420149564743 45.278398998081684 0
    endloop
  endfacet
  facet normal 0 0 -1
    outer loop
      vertex 1.2783989980816841 45.666042014956474 0
      vertex 26.73593558625467 49.59583333333333 0
      vertex 1.484924241900444 45.484924241900444 0
    endloop
  endfacet
  facet normal 0 0 -1
    outer loop
      vertex 1.2000000029802322 49 0
      vertex 26.73593558625467 49.59583333333333 0
      vertex 1.2783989980816841 45.666042014956474 0
    endloop
  endfacet
  facet normal 0 0 -1
    outer loop
      vertex 0.9520240053534508 49.7305137142539 0
      vertex 26.73593558625467 49.59583333333333 0
      vertex 1.0392304882407188 49.600000001490116 0
    endloop
  endfacet
  facet normal 0 0 -1
    outer loop
      vertex 1.1897338330745697 49.15663143247366 0
      vertex 26.73593558625467 49.59583333333333 0
      vertex 1.2000000029802322 49 0
    endloop
  endfacet
  facet normal 0 0 -1
    outer loop
      vertex 1.1591109931468964 49.3105828538537 0
      vertex 26.73593558625467 49.59583333333333 0
      vertex 1.1897338330745697 49.15663143247366 0
    endloop
  endfacet
  facet normal 0 0 -1
    outer loop
      vertex 1.1086554378271103 49.45922011882067 0
      vertex 26.73593558625467 49.59583333333333 0
      vertex 1.1591109931468964 49.3105828538537 0
    endloop
  endfacet
  facet normal 0 0 -1
    outer loop
      vertex 1.0392304882407188 49.600000001490116 0
      vertex 26.73593558625467 49.59583333333333 0
      vertex 1.1086554378271103 49.45922011882067 0
    endloop
  endfacet
  facet normal 0 0 -1
    outer loop
      vertex 0.8485281392931938 49.848528139293194 0
      vertex 26.967880588903807 49.942963560919495 0
      vertex 0.9520240053534508 49.7305137142539 0
    endloop
  endfacet
  facet normal 0 0 -1
    outer loop
      vertex 0.7305137142539024 49.95202400535345 0
      vertex 27.243150856712937 50.25684914328707 0
      vertex 0.8485281392931938 49.848528139293194 0
    endloop
  endfacet
  facet normal 0 0 -1
    outer loop
      vertex 0.6000000014901161 50.03923048824072 0
      vertex 27.5570364390805 50.53211941109619 0
      vertex 0.7305137142539024 49.95202400535345 0
    endloop
  endfacet
  facet normal 0 0 -1
    outer loop
      vertex 0.45922011882066727 50.10865543782711 0
      vertex 27.904166666666665 50.76406441374533 0
      vertex 0.6000000014901161 50.03923048824072 0
    endloop
  endfacet
  facet normal 0 0 -1
    outer loop
      vertex 2.082034207880497 44.27410500496626 0
      vertex 26.417086737760723 47.17393588104779 0
      vertex 2.100000001490116 44 0
    endloop
  endfacet
  facet normal 0 0 -1
    outer loop
      vertex 2.0284442380070686 44.543519996106625 0
      vertex 26.335638484115254 47.58340390316434 0
      vertex 2.082034207880497 44.27410500496626 0
    endloop
  endfacet
  facet normal 0 0 -1
    outer loop
      vertex 32.11940687894821 55.87174093723297 0
      vertex 0.31058285385370255 50.159110993146896 0
      vertex 0.15663143247365952 50.18973383307457 0
    endloop
  endfacet
  facet normal 0 0 -1
    outer loop
      vertex 32.11940687894821 55.87174093723297 0
      vertex 0.45922011882066727 50.10865543782711 0
      vertex 0.31058285385370255 50.159110993146896 0
    endloop
  endfacet
  facet normal 0 0 -1
    outer loop
      vertex -29.02822218835354 59.39656152576208 0
      vertex 27 59.79999999701977 0
      vertex 27.69178882241249 59.75465776771307 0
    endloop
  endfacet
  facet normal 0 0 -1
    outer loop
      vertex -29.649999998509884 59.0899346396327 0
      vertex 27.69178882241249 59.75465776771307 0
      vertex 28.37174093723297 59.61940687894821 0
    endloop
  endfacet
  facet normal 0 0 -1
    outer loop
      vertex -30.22643557190895 58.70477270334959 0
      vertex 28.37174093723297 59.61940687894821 0
      vertex 29.02822218835354 59.39656152576208 0
    endloop
  endfacet
  facet normal 0 0 -1
    outer loop
      vertex -31.89656152576208 56.52822218835354 0
      vertex 30.74766594171524 58.24766594171524 0
      vertex 31.20477270334959 57.72643557190895 0
    endloop
  endfacet
  facet normal 0 0 -1
    outer loop
      vertex -31.20477270334959 57.72643557190895 0
      vertex 29.649999998509884 59.0899346396327 0
      vertex 30.22643557190895 58.70477270334959 0
    endloop
  endfacet
  facet normal 0 0 -1
    outer loop
      vertex -30.74766594171524 58.24766594171524 0
      vertex 29.02822218835354 59.39656152576208 0
      vertex 29.649999998509884 59.0899346396327 0
    endloop
  endfacet
  facet normal 0 0 -1
    outer loop
      vertex -31.589934639632702 57.149999998509884 0
      vertex 30.22643557190895 58.70477270334959 0
      vertex 30.74766594171524 58.24766594171524 0
    endloop
  endfacet
  facet normal 0 1 0
    outer loop
      vertex -27 59.79999999701977 0
      vertex 27 59.79999999701977 2.4
      vertex 27 59.79999999701977 0
    endloop
  endfacet
  facet normal 0 0 -1
    outer loop
      vertex -32.29999999701977 54.5 0
      vertex 31.89656152576208 56.52822218835354 0
      vertex 32.11940687894821 55.87174093723297 0
    endloop
  endfacet
  facet normal 0 0 -1
    outer loop
      vertex -32.11940687894821 55.87174093723297 0
      vertex 31.20477270334959 57.72643557190895 0
      vertex 31.589934639632702 57.149999998509884 0
    endloop
  endfacet
  facet normal 0 0 -1
    outer loop
      vertex -32.25465776771307 55.19178882241249 0
      vertex 31.589934639632702 57.149999998509884 0
      vertex 31.89656152576208 56.52822218835354 0
    endloop
  endfacet
  facet normal 0 0 -1
    outer loop
      vertex 28.67393588104779 -44.91708673776072 0
      vertex 28.67393588104779 44.91708673776072 0
      vertex 29.083403903164335 44.83563848411525 0
    endloop
  endfacet
  facet normal 0 0 -1
    outer loop
      vertex 29.083403903164335 -44.83563848411525 0
      vertex 29.083403903164335 44.83563848411525 0
      vertex 29.5 44.80833333333333 0
    endloop
  endfacet
  facet normal 0 0 -1
    outer loop
      vertex 29.5 -44.80833333333333 0
      vertex 29.5 44.80833333333333 0
      vertex 29.916596096835665 44.83563848411525 0
    endloop
  endfacet
  facet normal 1 0 0
    outer loop
      vertex 32.29999999701977 -54.5 2.4
      vertex 32.29999999701977 46.477036820940704 0
      vertex 32.29999999701977 46.840202026589786 0.1931622108884929
    endloop
  endfacet
  facet normal 1 0 0
    outer loop
      vertex 32.29999999701977 -54.5 2.4
      vertex 32.29999999701977 46.840202026589786 0.1931622108884929
      vertex 32.29999999701977 47.24974226199141 0.35147203752455936
    endloop
  endfacet
  facet normal 0 0 -1
    outer loop
      vertex 27.904166666666665 -45.23593558625467 0
      vertex 27.904166666666665 45.23593558625467 0
      vertex 28.278602045034756 45.05128449206814 0
    endloop
  endfacet
  facet normal 0 0 -1
    outer loop
      vertex 28.278602045034756 -45.05128449206814 0
      vertex 28.278602045034756 45.05128449206814 0
      vertex 28.67393588104779 44.91708673776072 0
    endloop
  endfacet
  facet normal 0 0 -1
    outer loop
      vertex 29.916596096835665 -44.83563848411525 0
      vertex 29.916596096835665 44.83563848411525 0
      vertex 30.32606411895221 44.91708673776072 0
    endloop
  endfacet
  facet normal 0 0 -1
    outer loop
      vertex 30.32606411895221 -44.91708673776072 0
      vertex 30.32606411895221 44.91708673776072 0
      vertex 30.721397954965244 45.05128449206814 0
    endloop
  endfacet
  facet normal 0 0 -1
    outer loop
      vertex 30.721397954965244 -45.05128449206814 0
      vertex 30.721397954965244 45.05128449206814 0
      vertex 31.095833333333335 45.23593558625467 0
    endloop
  endfacet
  facet normal 0 0 -1
    outer loop
      vertex 31.095833333333335 -45.23593558625467 0
      vertex 31.095833333333335 45.23593558625467 0
      vertex 31.4429635609195 45.46788058890381 0
    endloop
  endfacet
  facet normal 0 0 -1
    outer loop
      vertex 31.4429635609195 -45.46788058890381 0
      vertex 31.4429635609195 45.46788058890381 0
      vertex 31.756849143287063 45.74315085671293 0
    endloop
  endfacet
  facet normal 0 0 -1
    outer loop
      vertex 31.756849143287063 -45.74315085671293 0
      vertex 31.756849143287063 45.74315085671293 0
      vertex 32.03211941109619 46.057036439080505 0
    endloop
  endfacet
  facet normal 0 0 -1
    outer loop
      vertex 32.03211941109619 -46.057036439080505 0
      vertex 32.03211941109619 46.057036439080505 0
      vertex 32.26406441374533 46.40416666666667 0
    endloop
  endfacet
  facet normal 0 0 -1
    outer loop
      vertex 32.29999999701977 -46.477036820940704 0
      vertex 32.26406441374533 46.40416666666667 0
      vertex 32.29999999701977 46.477036820940704 0
    endloop
  endfacet
  facet normal 1 0 0
    outer loop
      vertex 32.29999999701977 -54.5 2.4
      vertex 32.29999999701977 47.24974226199141 0.35147203752455936
      vertex 32.29999999701977 54.5 2.4
    endloop
  endfacet
  facet normal 0 0 -1
    outer loop
      vertex 2.082034207880497 43.72589499503374 0
      vertex 26.55128449206814 46.77860204503475 0
      vertex 26.73593558625467 46.40416666666667 0
    endloop
  endfacet
  facet normal 0 0 -1
    outer loop
      vertex 26.417086737760723 47.17393588104779 0
      vertex 26.55128449206814 46.77860204503475 0
      vertex 2.100000001490116 44 0
    endloop
  endfacet
  facet normal 0 0 -1
    outer loop
      vertex 26.335638484115254 47.58340390316434 0
      vertex 26.417086737760723 47.17393588104779 0
      vertex 2.082034207880497 44.27410500496626 0
    endloop
  endfacet
  facet normal 0 0 -1
    outer loop
      vertex 26.335638484115254 47.58340390316434 0
      vertex 2.0284442380070686 44.543519996106625 0
      vertex 26.308333333333334 48 0
    endloop
  endfacet
  facet normal 0 0 -1
    outer loop
      vertex 26.308333333333334 48 0
      vertex 1.9401470199227333 44.80363520979881 0
      vertex 26.335638484115254 48.41659609683566 0
    endloop
  endfacet
  facet normal 0 0 -1
    outer loop
      vertex 26.335638484115254 48.41659609683566 0
      vertex 1.8186533451080322 45.04999999701977 0
      vertex 26.417086737760723 48.82606411895221 0
    endloop
  endfacet
  facet normal 0 0 -1
    outer loop
      vertex 26.417086737760723 48.82606411895221 0
      vertex 1.6660420149564743 45.278398998081684 0
      vertex 26.55128449206814 49.22139795496525 0
    endloop
  endfacet
  facet normal 0 0 -1
    outer loop
      vertex 26.55128449206814 49.22139795496525 0
      vertex 1.484924241900444 45.484924241900444 0
      vertex 26.73593558625467 49.59583333333333 0
    endloop
  endfacet
  facet normal 0 0 -1
    outer loop
      vertex 26.967880588903807 49.942963560919495 0
      vertex 26.73593558625467 49.59583333333333 0
      vertex 0.9520240053534508 49.7305137142539 0
    endloop
  endfacet
  facet normal 0 0 -1
    outer loop
      vertex 27.243150856712937 50.25684914328707 0
      vertex 26.967880588903807 49.942963560919495 0
      vertex 0.8485281392931938 49.848528139293194 0
    endloop
  endfacet
  facet normal 0 0 -1
    outer loop
      vertex 27.5570364390805 50.53211941109619 0
      vertex 27.243150856712937 50.25684914328707 0
      vertex 0.7305137142539024 49.95202400535345 0
    endloop
  endfacet
  facet normal 0 0 -1
    outer loop
      vertex 27.904166666666665 50.76406441374533 0
      vertex 27.5570364390805 50.53211941109619 0
      vertex 0.6000000014901161 50.03923048824072 0
    endloop
  endfacet
  facet normal 0 0 -1
    outer loop
      vertex 32.11940687894821 55.87174093723297 0
      vertex 27.904166666666665 50.76406441374533 0
      vertex 0.45922011882066727 50.10865543782711 0
    endloop
  endfacet
  facet normal 0.06540312111368918 0.997858923770584 0
    outer loop
      vertex 27 59.79999999701977 0
      vertex 27.69178882241249 59.75465776771307 2.4
      vertex 27.69178882241249 59.75465776771307 0
    endloop
  endfacet
  facet normal 0.19509032742905125 0.9807852793265331 0
    outer loop
      vertex 27.69178882241249 59.75465776771307 0
      vertex 28.37174093723297 59.61940687894821 2.4
      vertex 28.37174093723297 59.61940687894821 0
    endloop
  endfacet
  facet normal 0.06540312111368918 0.997858923770584 0
    outer loop
      vertex 27 59.79999999701977 0
      vertex 27 59.79999999701977 2.4
      vertex 27.69178882241249 59.75465776771307 2.4
    endloop
  endfacet
  facet normal 0.19509032742905125 0.9807852793265331 0
    outer loop
      vertex 27.69178882241249 59.75465776771307 0
      vertex 27.69178882241249 59.75465776771307 2.4
      vertex 28.37174093723297 59.61940687894821 2.4
    endloop
  endfacet
  facet normal 0 0 -1
    outer loop
      vertex 32.29999999701977 54.5 0
      vertex 29.916596096835665 51.16436151588475 0
      vertex 29.5 51.19166666666667 0
    endloop
  endfacet
  facet normal 0 0 -1
    outer loop
      vertex 32.29999999701977 54.5 0
      vertex 30.32606411895221 51.08291326223928 0
      vertex 29.916596096835665 51.16436151588475 0
    endloop
  endfacet
  facet normal 0 0 -1
    outer loop
      vertex 32.29999999701977 54.5 0
      vertex 30.721397954965244 50.94871550793186 0
      vertex 30.32606411895221 51.08291326223928 0
    endloop
  endfacet
  facet normal 0 0 -1
    outer loop
      vertex 32.29999999701977 54.5 0
      vertex 31.095833333333335 50.76406441374533 0
      vertex 30.721397954965244 50.94871550793186 0
    endloop
  endfacet
  facet normal 0 0 -1
    outer loop
      vertex 32.29999999701977 54.5 0
      vertex 31.4429635609195 50.53211941109619 0
      vertex 31.095833333333335 50.76406441374533 0
    endloop
  endfacet
  facet normal 0 0 -1
    outer loop
      vertex 32.29999999701977 54.5 0
      vertex 32.26406441374533 49.59583333333333 0
      vertex 32.03211941109619 49.942963560919495 0
    endloop
  endfacet
  facet normal 0 0 -1
    outer loop
      vertex 32.29999999701977 54.5 0
      vertex 32.29999999701977 49.522963179059296 0
      vertex 32.26406441374533 49.59583333333333 0
    endloop
  endfacet
  facet normal 0 0 -1
    outer loop
      vertex 32.29999999701977 54.5 0
      vertex 31.756849143287063 50.25684914328707 0
      vertex 31.4429635609195 50.53211941109619 0
    endloop
  endfacet
  facet normal 0 0 -1
    outer loop
      vertex 32.29999999701977 54.5 0
      vertex 32.03211941109619 49.942963560919495 0
      vertex 31.756849143287063 50.25684914328707 0
    endloop
  endfacet
  facet normal 1 0 0
    outer loop
      vertex 32.29999999701977 54.5 2.4
      vertex 32.29999999701977 47.24974226199141 0.35147203752455936
      vertex 32.29999999701977 47.63137300714765 0.44100669605782805
    endloop
  endfacet
  facet normal 1 0 0
    outer loop
      vertex 32.29999999701977 54.5 2.4
      vertex 32.29999999701977 49.159797973410214 0.1931622108884929
      vertex 32.29999999701977 49.522963179059296 0
    endloop
  endfacet
  facet normal 1 0 0
    outer loop
      vertex 32.29999999701977 54.5 2.4
      vertex 32.29999999701977 48.75025773800859 0.35147203752455936
      vertex 32.29999999701977 49.159797973410214 0.1931622108884929
    endloop
  endfacet
  facet normal 1 0 0
    outer loop
      vertex 32.29999999701977 54.5 2.4
      vertex 32.29999999701977 48.36862699285235 0.44100669605782805
      vertex 32.29999999701977 48.75025773800859 0.35147203752455936
    endloop
  endfacet
  facet normal 1 0 0
    outer loop
      vertex 32.29999999701977 54.5 2.4
      vertex 32.29999999701977 47.63137300714765 0.44100669605782805
      vertex 32.29999999701977 48 0.47000000357628097
    endloop
  endfacet
  facet normal 1 0 0
    outer loop
      vertex 32.29999999701977 54.5 2.4
      vertex 32.29999999701977 48 0.47000000357628097
      vertex 32.29999999701977 48.36862699285235 0.44100669605782805
    endloop
  endfacet
  facet normal 0 0 -1
    outer loop
      vertex 32.11940687894821 55.87174093723297 0
      vertex 28.278602045034756 50.94871550793186 0
      vertex 27.904166666666665 50.76406441374533 0
    endloop
  endfacet
  facet normal 0 0 -1
    outer loop
      vertex 32.11940687894821 55.87174093723297 0
      vertex 28.67393588104779 51.08291326223928 0
      vertex 28.278602045034756 50.94871550793186 0
    endloop
  endfacet
  facet normal 0 0 -1
    outer loop
      vertex 32.11940687894821 55.87174093723297 0
      vertex 29.083403903164335 51.16436151588475 0
      vertex 28.67393588104779 51.08291326223928 0
    endloop
  endfacet
  facet normal 0 0 -1
    outer loop
      vertex 32.25465776771307 55.19178882241249 0
      vertex 29.5 51.19166666666667 0
      vertex 29.083403903164335 51.16436151588475 0
    endloop
  endfacet
  facet normal 0.32143946094350767 0.9469301309750087 0
    outer loop
      vertex 28.37174093723297 59.61940687894821 0
      vertex 29.02822218835354 59.39656152576208 2.4
      vertex 29.02822218835354 59.39656152576208 0
    endloop
  endfacet
  facet normal 0.44228869374970786 0.8968727397915365 0
    outer loop
      vertex 29.02822218835354 59.39656152576208 0
      vertex 29.649999998509884 59.0899346396327 2.4
      vertex 29.649999998509884 59.0899346396327 0
    endloop
  endfacet
  facet normal 0.5555702330206922 0.831469612301817 0
    outer loop
      vertex 29.649999998509884 59.0899346396327 0
      vertex 30.22643557190895 58.70477270334959 2.4
      vertex 30.22643557190895 58.70477270334959 0
    endloop
  endfacet
  facet normal 0 0 -1
    outer loop
      vertex 32.25465776771307 55.19178882241249 0
      vertex 29.083403903164335 51.16436151588475 0
      vertex 32.11940687894821 55.87174093723297 0
    endloop
  endfacet
  facet normal 0 0 -1
    outer loop
      vertex 32.29999999701977 54.5 0
      vertex 29.5 51.19166666666667 0
      vertex 32.25465776771307 55.19178882241249 0
    endloop
  endfacet
  facet normal 1 0 0
    outer loop
      vertex 32.29999999701977 54.5 0
      vertex 32.29999999701977 54.5 2.4
      vertex 32.29999999701977 49.522963179059296 0
    endloop
  endfacet
  facet normal 0.997858923770584 0.06540312111368918 0
    outer loop
      vertex 32.29999999701977 54.5 0
      vertex 32.25465776771307 55.19178882241249 0
      vertex 32.29999999701977 54.5 2.4
    endloop
  endfacet
  facet normal 0.9807852793265331 0.19509032742905125 0
    outer loop
      vertex 32.25465776771307 55.19178882241249 0
      vertex 32.11940687894821 55.87174093723297 0
      vertex 32.25465776771307 55.19178882241249 2.4
    endloop
  endfacet
  facet normal 0.7518398106843703 0.6593458114450186 0
    outer loop
      vertex 31.20477270334959 57.72643557190895 0
      vertex 30.74766594171524 58.24766594171524 0
      vertex 31.20477270334959 57.72643557190895 2.4
    endloop
  endfacet
  facet normal 0.6593458114450186 0.7518398106843703 0
    outer loop
      vertex 30.22643557190895 58.70477270334959 0
      vertex 30.74766594171524 58.24766594171524 2.4
      vertex 30.74766594171524 58.24766594171524 0
    endloop
  endfacet
  facet normal 0.8968727397915365 0.44228869374970786 0
    outer loop
      vertex 31.589934639632702 57.149999998509884 0
      vertex 31.89656152576208 56.52822218835354 2.4
      vertex 31.89656152576208 56.52822218835354 0
    endloop
  endfacet
  facet normal 0.831469612301817 0.5555702330206922 0
    outer loop
      vertex 31.20477270334959 57.72643557190895 0
      vertex 31.589934639632702 57.149999998509884 2.4
      vertex 31.589934639632702 57.149999998509884 0
    endloop
  endfacet
  facet normal 0.9469301309750087 0.32143946094350767 0
    outer loop
      vertex 32.11940687894821 55.87174093723297 0
      vertex 31.89656152576208 56.52822218835354 0
      vertex 32.11940687894821 55.87174093723297 2.4
    endloop
  endfacet
  facet normal 0.32143946094350767 0.9469301309750087 0
    outer loop
      vertex 28.37174093723297 59.61940687894821 0
      vertex 28.37174093723297 59.61940687894821 2.4
      vertex 29.02822218835354 59.39656152576208 2.4
    endloop
  endfacet
  facet normal 0.44228869374970786 0.8968727397915365 0
    outer loop
      vertex 29.02822218835354 59.39656152576208 0
      vertex 29.02822218835354 59.39656152576208 2.4
      vertex 29.649999998509884 59.0899346396327 2.4
    endloop
  endfacet
  facet normal 0.5555702330206922 0.831469612301817 0
    outer loop
      vertex 29.649999998509884 59.0899346396327 0
      vertex 29.649999998509884 59.0899346396327 2.4
      vertex 30.22643557190895 58.70477270334959 2.4
    endloop
  endfacet
  facet normal 0.997858923770584 0.06540312111368918 0
    outer loop
      vertex 32.25465776771307 55.19178882241249 0
      vertex 32.25465776771307 55.19178882241249 2.4
      vertex 32.29999999701977 54.5 2.4
    endloop
  endfacet
  facet normal 0.9807852793265331 0.19509032742905125 0
    outer loop
      vertex 32.11940687894821 55.87174093723297 0
      vertex 32.11940687894821 55.87174093723297 2.4
      vertex 32.25465776771307 55.19178882241249 2.4
    endloop
  endfacet
  facet normal 0.6593458114450186 0.7518398106843703 0
    outer loop
      vertex 30.22643557190895 58.70477270334959 0
      vertex 30.22643557190895 58.70477270334959 2.4
      vertex 30.74766594171524 58.24766594171524 2.4
    endloop
  endfacet
  facet normal 0.7518398106843703 0.6593458114450186 0
    outer loop
      vertex 30.74766594171524 58.24766594171524 0
      vertex 30.74766594171524 58.24766594171524 2.4
      vertex 31.20477270334959 57.72643557190895 2.4
    endloop
  endfacet
  facet normal 0.8968727397915365 0.44228869374970786 0
    outer loop
      vertex 31.589934639632702 57.149999998509884 0
      vertex 31.589934639632702 57.149999998509884 2.4
      vertex 31.89656152576208 56.52822218835354 2.4
    endloop
  endfacet
  facet normal 0.831469612301817 0.5555702330206922 0
    outer loop
      vertex 31.20477270334959 57.72643557190895 0
      vertex 31.20477270334959 57.72643557190895 2.4
      vertex 31.589934639632702 57.149999998509884 2.4
    endloop
  endfacet
  facet normal 0.9469301309750087 0.32143946094350767 0
    outer loop
      vertex 31.89656152576208 56.52822218835354 0
      vertex 31.89656152576208 56.52822218835354 2.4
      vertex 32.11940687894821 55.87174093723297 2.4
    endloop
  endfacet
  facet normal 0.9469301294951058 0.32143946530316075 6.041492547398158e-18
    outer loop
      vertex 27.929404794730814 47.34943816497935 1.79
      vertex 27.857926095308585 47.56000762332572 1.79
      vertex 27.857926095308585 47.56000762332572 2.4
    endloop
  endfacet
  facet normal 0.8968727415326907 0.44228869021899636 6.966881537793375e-18
    outer loop
      vertex 28.027756813566455 47.15 1.79
      vertex 27.929404794730814 47.34943816497935 1.79
      vertex 27.929404794730814 47.34943816497935 2.4
    endloop
  endfacet
  facet normal 0.8314696123025439 0.5555702330196043 0
    outer loop
      vertex 28.027756813566455 47.15 1.79
      vertex 28.027756813566455 47.15 2.4
      vertex 28.1512993215049 46.965105570685175 1.79
    endloop
  endfacet
  facet normal 0.7518398074789837 0.6593458151000616 -7.792562458705223e-19
    outer loop
      vertex 28.297918471982868 46.79791847198287 1.79
      vertex 28.1512993215049 46.965105570685175 1.79
      vertex 28.1512993215049 46.965105570685175 2.4
    endloop
  endfacet
  facet normal 0.9807852804032289 0.19509032201613608 0
    outer loop
      vertex 27.857926095308585 47.56000762332572 1.79
      vertex 27.81454373566452 47.778105473225914 2.4
      vertex 27.857926095308585 47.56000762332572 2.4
    endloop
  endfacet
  facet normal 0.8968727415326907 0.44228869021899636 0
    outer loop
      vertex 28.027756813566455 47.15 1.79
      vertex 27.929404794730814 47.34943816497935 2.4
      vertex 28.027756813566455 47.15 2.4
    endloop
  endfacet
  facet normal 0.9469301294951058 0.32143946530316075 0
    outer loop
      vertex 27.929404794730814 47.34943816497935 1.79
      vertex 27.857926095308585 47.56000762332572 2.4
      vertex 27.929404794730814 47.34943816497935 2.4
    endloop
  endfacet
  facet normal 0.8314696123025439 0.5555702330196043 0
    outer loop
      vertex 28.1512993215049 46.965105570685175 1.79
      vertex 28.027756813566455 47.15 2.4
      vertex 28.1512993215049 46.965105570685175 2.4
    endloop
  endfacet
  facet normal 0.7518398074789837 0.6593458151000616 0
    outer loop
      vertex 28.297918471982868 46.79791847198287 1.79
      vertex 28.1512993215049 46.965105570685175 2.4
      vertex 28.297918471982868 46.79791847198287 2.4
    endloop
  endfacet
  facet normal 0.9807852804032289 0.19509032201613608 0
    outer loop
      vertex 27.81454373566452 47.778105473225914 1.79
      vertex 27.81454373566452 47.778105473225914 2.4
      vertex 27.857926095308585 47.56000762332572 1.79
    endloop
  endfacet
  facet normal 0.9978589232386039 0.06540312923013786 1.2170866897901727e-18
    outer loop
      vertex 27.81454373566452 47.778105473225914 1.79
      vertex 27.8 48 1.79
      vertex 27.8 48 2.4
    endloop
  endfacet
  facet normal 0.9978589232386039 -0.06540312923013786 -1.2170866897901727e-18
    outer loop
      vertex 27.8 48 1.79
      vertex 27.81454373566452 48.221894526774086 1.79
      vertex 27.81454373566452 48.221894526774086 2.4
    endloop
  endfacet
  facet normal 0.9807852804032289 -0.19509032201613608 -5.280351055108076e-19
    outer loop
      vertex 27.81454373566452 48.221894526774086 1.79
      vertex 27.857926095308585 48.43999237667428 1.79
      vertex 27.857926095308585 48.43999237667428 2.4
    endloop
  endfacet
  facet normal 0.9469301294951058 -0.32143946530316075 -6.041492547398158e-18
    outer loop
      vertex 27.857926095308585 48.43999237667428 1.79
      vertex 27.929404794730814 48.65056183502065 1.79
      vertex 27.929404794730814 48.65056183502065 2.4
    endloop
  endfacet
  facet normal 0.9978589232386039 0.06540312923013786 0
    outer loop
      vertex 27.81454373566452 47.778105473225914 1.79
      vertex 27.8 48 2.4
      vertex 27.81454373566452 47.778105473225914 2.4
    endloop
  endfacet
  facet normal 0.9978589232386039 -0.06540312923013786 0
    outer loop
      vertex 27.8 48 1.79
      vertex 27.81454373566452 48.221894526774086 2.4
      vertex 27.8 48 2.4
    endloop
  endfacet
  facet normal 0.9807852804032289 -0.19509032201613608 0
    outer loop
      vertex 27.81454373566452 48.221894526774086 1.79
      vertex 27.857926095308585 48.43999237667428 2.4
      vertex 27.81454373566452 48.221894526774086 2.4
    endloop
  endfacet
  facet normal 0.9469301294951058 -0.32143946530316075 0
    outer loop
      vertex 27.857926095308585 48.43999237667428 1.79
      vertex 27.929404794730814 48.65056183502065 2.4
      vertex 27.857926095308585 48.43999237667428 2.4
    endloop
  endfacet
  facet normal 0.8968727415326907 -0.44228869021899636 -6.966881537793375e-18
    outer loop
      vertex 27.929404794730814 48.65056183502065 1.79
      vertex 28.027756813566455 48.85 1.79
      vertex 28.027756813566455 48.85 2.4
    endloop
  endfacet
  facet normal 0.8314696123025439 -0.5555702330196043 7.55594596887671e-18
    outer loop
      vertex 28.027756813566455 48.85 1.79
      vertex 28.1512993215049 49.034894429314825 1.79
      vertex 28.1512993215049 49.034894429314825 2.4
    endloop
  endfacet
  facet normal 0.7518398074789837 -0.6593458151000616 7.792562458705223e-19
    outer loop
      vertex 28.1512993215049 49.034894429314825 1.79
      vertex 28.297918471982868 49.20208152801713 1.79
      vertex 28.297918471982868 49.20208152801713 2.4
    endloop
  endfacet
  facet normal 0.8968727415326907 -0.44228869021899636 0
    outer loop
      vertex 27.929404794730814 48.65056183502065 1.79
      vertex 28.027756813566455 48.85 2.4
      vertex 27.929404794730814 48.65056183502065 2.4
    endloop
  endfacet
  facet normal 0.8314696123025439 -0.5555702330196043 0
    outer loop
      vertex 28.027756813566455 48.85 1.79
      vertex 28.1512993215049 49.034894429314825 2.4
      vertex 28.027756813566455 48.85 2.4
    endloop
  endfacet
  facet normal 0.7518398074789837 -0.6593458151000616 0
    outer loop
      vertex 28.1512993215049 49.034894429314825 1.79
      vertex 28.297918471982868 49.20208152801713 2.4
      vertex 28.1512993215049 49.034894429314825 2.4
    endloop
  endfacet
  facet normal 0.5555702330196043 0.8314696123025439 0
    outer loop
      vertex 28.465105570685175 46.6512993215049 1.79
      vertex 28.465105570685175 46.6512993215049 2.4
      vertex 28.65 46.527756813566455 1.79
    endloop
  endfacet
  facet normal 0.44228869021899636 0.8968727415326907 0
    outer loop
      vertex 28.65 46.527756813566455 1.79
      vertex 28.65 46.527756813566455 2.4
      vertex 28.849438164979347 46.429404794730814 1.79
    endloop
  endfacet
  facet normal 0.6593458151000616 0.7518398074789837 0
    outer loop
      vertex 28.465105570685175 46.6512993215049 1.79
      vertex 28.297918471982868 46.79791847198287 2.4
      vertex 28.465105570685175 46.6512993215049 2.4
    endloop
  endfacet
  facet normal 0.5555702330196043 0.8314696123025439 0
    outer loop
      vertex 28.65 46.527756813566455 1.79
      vertex 28.465105570685175 46.6512993215049 2.4
      vertex 28.65 46.527756813566455 2.4
    endloop
  endfacet
  facet normal 0.3214394653031657 0.9469301294951044 -1.780316309638652e-18
    outer loop
      vertex 29.060007623325713 46.357926095308585 1.79
      vertex 28.849438164979347 46.429404794730814 1.79
      vertex 28.849438164979347 46.429404794730814 2.4
    endloop
  endfacet
  facet normal 0.19509032201613302 0.9807852804032294 0
    outer loop
      vertex 29.060007623325713 46.357926095308585 1.79
      vertex 29.060007623325713 46.357926095308585 2.4
      vertex 29.278105473225914 46.31454373566452 1.79
    endloop
  endfacet
  facet normal 0.44228869021899636 0.8968727415326907 0
    outer loop
      vertex 28.849438164979347 46.429404794730814 1.79
      vertex 28.65 46.527756813566455 2.4
      vertex 28.849438164979347 46.429404794730814 2.4
    endloop
  endfacet
  facet normal 0.3214394653031657 0.9469301294951044 0
    outer loop
      vertex 29.060007623325713 46.357926095308585 1.79
      vertex 28.849438164979347 46.429404794730814 2.4
      vertex 29.060007623325713 46.357926095308585 2.4
    endloop
  endfacet
  facet normal 0.19509032201613302 0.9807852804032294 0
    outer loop
      vertex 29.278105473225914 46.31454373566452 1.79
      vertex 29.060007623325713 46.357926095308585 2.4
      vertex 29.278105473225914 46.31454373566452 2.4
    endloop
  endfacet
  facet normal 0.6593458151000616 0.7518398074789837 0
    outer loop
      vertex 28.297918471982868 46.79791847198287 1.79
      vertex 28.297918471982868 46.79791847198287 2.4
      vertex 28.465105570685175 46.6512993215049 1.79
    endloop
  endfacet
  facet normal 0.06540312923015376 0.9978589232386028 0
    outer loop
      vertex 29.278105473225914 46.31454373566452 1.79
      vertex 29.278105473225914 46.31454373566452 2.4
      vertex 29.5 46.3 1.79
    endloop
  endfacet
  facet normal -0.06540312923015376 0.9978589232386028 0
    outer loop
      vertex 29.5 46.3 1.79
      vertex 29.5 46.3 2.4
      vertex 29.721894526774086 46.31454373566452 1.79
    endloop
  endfacet
  facet normal 0.06540312923015376 0.9978589232386028 0
    outer loop
      vertex 29.5 46.3 1.79
      vertex 29.278105473225914 46.31454373566452 2.4
      vertex 29.5 46.3 2.4
    endloop
  endfacet
  facet normal -0.06540312923015376 0.9978589232386028 0
    outer loop
      vertex 29.721894526774086 46.31454373566452 1.79
      vertex 29.5 46.3 2.4
      vertex 29.721894526774086 46.31454373566452 2.4
    endloop
  endfacet
  facet normal -0.19509032201613302 0.9807852804032294 0
    outer loop
      vertex 29.721894526774086 46.31454373566452 1.79
      vertex 29.721894526774086 46.31454373566452 2.4
      vertex 29.939992376674287 46.357926095308585 1.79
    endloop
  endfacet
  facet normal -0.3214394653031657 0.9469301294951044 0
    outer loop
      vertex 29.939992376674287 46.357926095308585 1.79
      vertex 29.939992376674287 46.357926095308585 2.4
      vertex 30.150561835020653 46.429404794730814 1.79
    endloop
  endfacet
  facet normal -0.44228869021899636 0.8968727415326907 0
    outer loop
      vertex 30.150561835020653 46.429404794730814 1.79
      vertex 30.150561835020653 46.429404794730814 2.4
      vertex 30.35 46.527756813566455 1.79
    endloop
  endfacet
  facet normal -0.19509032201613302 0.9807852804032294 0
    outer loop
      vertex 29.939992376674287 46.357926095308585 1.79
      vertex 29.721894526774086 46.31454373566452 2.4
      vertex 29.939992376674287 46.357926095308585 2.4
    endloop
  endfacet
  facet normal -0.3214394653031657 0.9469301294951044 0
    outer loop
      vertex 30.150561835020653 46.429404794730814 1.79
      vertex 29.939992376674287 46.357926095308585 2.4
      vertex 30.150561835020653 46.429404794730814 2.4
    endloop
  endfacet
  facet normal 0.6593458151000616 -0.7518398074789837 7.792562458705223e-19
    outer loop
      vertex 28.297918471982868 49.20208152801713 1.79
      vertex 28.465105570685175 49.3487006784951 1.79
      vertex 28.465105570685175 49.3487006784951 2.4
    endloop
  endfacet
  facet normal 0.5555702330196043 -0.8314696123025439 7.55594596887671e-18
    outer loop
      vertex 28.465105570685175 49.3487006784951 1.79
      vertex 28.65 49.472243186433545 1.79
      vertex 28.65 49.472243186433545 2.4
    endloop
  endfacet
  facet normal 0.6593458151000616 -0.7518398074789837 0
    outer loop
      vertex 28.297918471982868 49.20208152801713 1.79
      vertex 28.465105570685175 49.3487006784951 2.4
      vertex 28.297918471982868 49.20208152801713 2.4
    endloop
  endfacet
  facet normal 0.5555702330196043 -0.8314696123025439 0
    outer loop
      vertex 28.465105570685175 49.3487006784951 1.79
      vertex 28.65 49.472243186433545 2.4
      vertex 28.465105570685175 49.3487006784951 2.4
    endloop
  endfacet
  facet normal 0.44228869021899636 -0.8968727415326907 0
    outer loop
      vertex 28.65 49.472243186433545 1.79
      vertex 28.849438164979347 49.570595205269186 2.4
      vertex 28.65 49.472243186433545 2.4
    endloop
  endfacet
  facet normal 0.44228869021899636 -0.8968727415326907 -6.966881537793375e-18
    outer loop
      vertex 28.65 49.472243186433545 1.79
      vertex 28.849438164979347 49.570595205269186 1.79
      vertex 28.849438164979347 49.570595205269186 2.4
    endloop
  endfacet
  facet normal 0.3214394653031657 -0.9469301294951044 1.780316309638652e-18
    outer loop
      vertex 28.849438164979347 49.570595205269186 1.79
      vertex 29.060007623325713 49.642073904691415 1.79
      vertex 29.060007623325713 49.642073904691415 2.4
    endloop
  endfacet
  facet normal 0.19509032201613302 -0.9807852804032294 -2.483762954238055e-18
    outer loop
      vertex 29.060007623325713 49.642073904691415 1.79
      vertex 29.278105473225914 49.68545626433548 1.79
      vertex 29.278105473225914 49.68545626433548 2.4
    endloop
  endfacet
  facet normal 0.3214394653031657 -0.9469301294951044 0
    outer loop
      vertex 28.849438164979347 49.570595205269186 1.79
      vertex 29.060007623325713 49.642073904691415 2.4
      vertex 28.849438164979347 49.570595205269186 2.4
    endloop
  endfacet
  facet normal 0.19509032201613302 -0.9807852804032294 0
    outer loop
      vertex 29.060007623325713 49.642073904691415 1.79
      vertex 29.278105473225914 49.68545626433548 2.4
      vertex 29.060007623325713 49.642073904691415 2.4
    endloop
  endfacet
  facet normal 0.06540312923015376 -0.9978589232386028 1.2126299259959805e-18
    outer loop
      vertex 29.278105473225914 49.68545626433548 1.79
      vertex 29.5 49.7 1.79
      vertex 29.5 49.7 2.4
    endloop
  endfacet
  facet normal -0.06540312923015376 -0.9978589232386028 -1.2126299259959805e-18
    outer loop
      vertex 29.5 49.7 1.79
      vertex 29.721894526774086 49.68545626433548 1.79
      vertex 29.721894526774086 49.68545626433548 2.4
    endloop
  endfacet
  facet normal 0.06540312923015376 -0.9978589232386028 0
    outer loop
      vertex 29.278105473225914 49.68545626433548 1.79
      vertex 29.5 49.7 2.4
      vertex 29.278105473225914 49.68545626433548 2.4
    endloop
  endfacet
  facet normal -0.06540312923015376 -0.9978589232386028 0
    outer loop
      vertex 29.5 49.7 1.79
      vertex 29.721894526774086 49.68545626433548 2.4
      vertex 29.5 49.7 2.4
    endloop
  endfacet
  facet normal -0.19509032201613302 -0.9807852804032294 2.483762954238055e-18
    outer loop
      vertex 29.721894526774086 49.68545626433548 1.79
      vertex 29.939992376674287 49.642073904691415 1.79
      vertex 29.939992376674287 49.642073904691415 2.4
    endloop
  endfacet
  facet normal -0.3214394653031657 -0.9469301294951044 0
    outer loop
      vertex 30.150561835020653 49.570595205269186 1.79
      vertex 30.150561835020653 49.570595205269186 2.4
      vertex 29.939992376674287 49.642073904691415 1.79
    endloop
  endfacet
  facet normal -0.19509032201613302 -0.9807852804032294 0
    outer loop
      vertex 29.721894526774086 49.68545626433548 1.79
      vertex 29.939992376674287 49.642073904691415 2.4
      vertex 29.721894526774086 49.68545626433548 2.4
    endloop
  endfacet
  facet normal -0.3214394653031657 -0.9469301294951044 0
    outer loop
      vertex 29.939992376674287 49.642073904691415 1.79
      vertex 30.150561835020653 49.570595205269186 2.4
      vertex 29.939992376674287 49.642073904691415 2.4
    endloop
  endfacet
  facet normal -0.44228869021899636 -0.8968727415326907 0
    outer loop
      vertex 30.150561835020653 49.570595205269186 1.79
      vertex 30.35 49.472243186433545 2.4
      vertex 30.150561835020653 49.570595205269186 2.4
    endloop
  endfacet
  facet normal -0.5555702330196043 0.8314696123025439 0
    outer loop
      vertex 30.35 46.527756813566455 1.79
      vertex 30.35 46.527756813566455 2.4
      vertex 30.534894429314825 46.6512993215049 1.79
    endloop
  endfacet
  facet normal -0.6593458151000616 0.7518398074789837 0
    outer loop
      vertex 30.534894429314825 46.6512993215049 1.79
      vertex 30.534894429314825 46.6512993215049 2.4
      vertex 30.702081528017132 46.79791847198287 1.79
    endloop
  endfacet
  facet normal -0.44228869021899636 0.8968727415326907 0
    outer loop
      vertex 30.35 46.527756813566455 1.79
      vertex 30.150561835020653 46.429404794730814 2.4
      vertex 30.35 46.527756813566455 2.4
    endloop
  endfacet
  facet normal -0.5555702330196043 0.8314696123025439 0
    outer loop
      vertex 30.534894429314825 46.6512993215049 1.79
      vertex 30.35 46.527756813566455 2.4
      vertex 30.534894429314825 46.6512993215049 2.4
    endloop
  endfacet
  facet normal -0.7518398074789837 0.6593458151000616 0
    outer loop
      vertex 30.702081528017132 46.79791847198287 1.79
      vertex 30.702081528017132 46.79791847198287 2.4
      vertex 30.8487006784951 46.965105570685175 1.79
    endloop
  endfacet
  facet normal -0.6593458151000616 0.7518398074789837 0
    outer loop
      vertex 30.702081528017132 46.79791847198287 1.79
      vertex 30.534894429314825 46.6512993215049 2.4
      vertex 30.702081528017132 46.79791847198287 2.4
    endloop
  endfacet
  facet normal -0.8314696123025439 0.5555702330196043 0
    outer loop
      vertex 30.8487006784951 46.965105570685175 1.79
      vertex 30.8487006784951 46.965105570685175 2.4
      vertex 30.972243186433545 47.15 1.79
    endloop
  endfacet
  facet normal -0.8968727415326907 0.44228869021899636 0
    outer loop
      vertex 30.972243186433545 47.15 1.79
      vertex 30.972243186433545 47.15 2.4
      vertex 31.070595205269186 47.34943816497935 1.79
    endloop
  endfacet
  facet normal -0.9469301294951058 0.32143946530316075 0
    outer loop
      vertex 31.070595205269186 47.34943816497935 1.79
      vertex 31.070595205269186 47.34943816497935 2.4
      vertex 31.142073904691415 47.56000762332572 1.79
    endloop
  endfacet
  facet normal -0.9807852804032289 0.19509032201613608 0
    outer loop
      vertex 31.142073904691415 47.56000762332572 1.79
      vertex 31.142073904691415 47.56000762332572 2.4
      vertex 31.18545626433548 47.778105473225914 1.79
    endloop
  endfacet
  facet normal -0.7518398074789837 0.6593458151000616 0
    outer loop
      vertex 30.8487006784951 46.965105570685175 1.79
      vertex 30.702081528017132 46.79791847198287 2.4
      vertex 30.8487006784951 46.965105570685175 2.4
    endloop
  endfacet
  facet normal -0.8314696123025439 0.5555702330196043 0
    outer loop
      vertex 30.972243186433545 47.15 1.79
      vertex 30.8487006784951 46.965105570685175 2.4
      vertex 30.972243186433545 47.15 2.4
    endloop
  endfacet
  facet normal -0.8968727415326907 0.44228869021899636 0
    outer loop
      vertex 31.070595205269186 47.34943816497935 1.79
      vertex 30.972243186433545 47.15 2.4
      vertex 31.070595205269186 47.34943816497935 2.4
    endloop
  endfacet
  facet normal -0.9469301294951058 0.32143946530316075 0
    outer loop
      vertex 31.142073904691415 47.56000762332572 1.79
      vertex 31.070595205269186 47.34943816497935 2.4
      vertex 31.142073904691415 47.56000762332572 2.4
    endloop
  endfacet
  facet normal -0.9978589232386039 0.06540312923013786 0
    outer loop
      vertex 31.18545626433548 47.778105473225914 1.79
      vertex 31.18545626433548 47.778105473225914 2.4
      vertex 31.2 48 1.79
    endloop
  endfacet
  facet normal -0.9978589232386039 -0.06540312923013786 0
    outer loop
      vertex 31.2 48 1.79
      vertex 31.2 48 2.4
      vertex 31.18545626433548 48.221894526774086 1.79
    endloop
  endfacet
  facet normal -0.9469301294951058 -0.32143946530316075 0
    outer loop
      vertex 31.142073904691415 48.43999237667428 1.79
      vertex 31.142073904691415 48.43999237667428 2.4
      vertex 31.070595205269186 48.65056183502065 1.79
    endloop
  endfacet
  facet normal -0.9807852804032289 -0.19509032201613608 5.280351055108076e-19
    outer loop
      vertex 31.142073904691415 48.43999237667428 1.79
      vertex 31.18545626433548 48.221894526774086 1.79
      vertex 31.18545626433548 48.221894526774086 2.4
    endloop
  endfacet
  facet normal -0.9807852804032289 0.19509032201613608 0
    outer loop
      vertex 31.18545626433548 47.778105473225914 1.79
      vertex 31.142073904691415 47.56000762332572 2.4
      vertex 31.18545626433548 47.778105473225914 2.4
    endloop
  endfacet
  facet normal -0.9978589232386039 0.06540312923013786 0
    outer loop
      vertex 31.2 48 1.79
      vertex 31.18545626433548 47.778105473225914 2.4
      vertex 31.2 48 2.4
    endloop
  endfacet
  facet normal -0.9469301294951058 -0.32143946530316075 0
    outer loop
      vertex 31.070595205269186 48.65056183502065 1.79
      vertex 31.142073904691415 48.43999237667428 2.4
      vertex 31.070595205269186 48.65056183502065 2.4
    endloop
  endfacet
  facet normal -0.9807852804032289 -0.19509032201613608 0
    outer loop
      vertex 31.142073904691415 48.43999237667428 1.79
      vertex 31.18545626433548 48.221894526774086 2.4
      vertex 31.142073904691415 48.43999237667428 2.4
    endloop
  endfacet
  facet normal -0.9978589232386039 -0.06540312923013786 0
    outer loop
      vertex 31.18545626433548 48.221894526774086 1.79
      vertex 31.2 48 2.4
      vertex 31.18545626433548 48.221894526774086 2.4
    endloop
  endfacet
  facet normal -0.44228869021899636 -0.8968727415326907 6.966881537793375e-18
    outer loop
      vertex 30.150561835020653 49.570595205269186 1.79
      vertex 30.35 49.472243186433545 1.79
      vertex 30.35 49.472243186433545 2.4
    endloop
  endfacet
  facet normal -0.5555702330196043 -0.8314696123025439 -7.55594596887671e-18
    outer loop
      vertex 30.35 49.472243186433545 1.79
      vertex 30.534894429314825 49.3487006784951 1.79
      vertex 30.534894429314825 49.3487006784951 2.4
    endloop
  endfacet
  facet normal -0.6593458151000616 -0.7518398074789837 -7.792562458705223e-19
    outer loop
      vertex 30.534894429314825 49.3487006784951 1.79
      vertex 30.702081528017132 49.20208152801713 1.79
      vertex 30.702081528017132 49.20208152801713 2.4
    endloop
  endfacet
  facet normal -0.5555702330196043 -0.8314696123025439 0
    outer loop
      vertex 30.35 49.472243186433545 1.79
      vertex 30.534894429314825 49.3487006784951 2.4
      vertex 30.35 49.472243186433545 2.4
    endloop
  endfacet
  facet normal -0.6593458151000616 -0.7518398074789837 0
    outer loop
      vertex 30.534894429314825 49.3487006784951 1.79
      vertex 30.702081528017132 49.20208152801713 2.4
      vertex 30.534894429314825 49.3487006784951 2.4
    endloop
  endfacet
  facet normal -0.7518398074789837 -0.6593458151000616 0
    outer loop
      vertex 30.702081528017132 49.20208152801713 1.79
      vertex 30.8487006784951 49.034894429314825 2.4
      vertex 30.702081528017132 49.20208152801713 2.4
    endloop
  endfacet
  facet normal -0.8968727415326907 -0.44228869021899636 0
    outer loop
      vertex 31.070595205269186 48.65056183502065 1.79
      vertex 31.070595205269186 48.65056183502065 2.4
      vertex 30.972243186433545 48.85 1.79
    endloop
  endfacet
  facet normal -0.8314696123025439 -0.5555702330196043 -7.55594596887671e-18
    outer loop
      vertex 30.8487006784951 49.034894429314825 1.79
      vertex 30.972243186433545 48.85 1.79
      vertex 30.972243186433545 48.85 2.4
    endloop
  endfacet
  facet normal -0.7518398074789837 -0.6593458151000616 0
    outer loop
      vertex 30.8487006784951 49.034894429314825 1.79
      vertex 30.8487006784951 49.034894429314825 2.4
      vertex 30.702081528017132 49.20208152801713 1.79
    endloop
  endfacet
  facet normal -0.8314696123025439 -0.5555702330196043 0
    outer loop
      vertex 30.8487006784951 49.034894429314825 1.79
      vertex 30.972243186433545 48.85 2.4
      vertex 30.8487006784951 49.034894429314825 2.4
    endloop
  endfacet
  facet normal -0.8968727415326907 -0.44228869021899636 0
    outer loop
      vertex 30.972243186433545 48.85 1.79
      vertex 31.070595205269186 48.65056183502065 2.4
      vertex 30.972243186433545 48.85 2.4
    endloop
  endfacet
  facet normal 0.6393132860874546 0.4271754807016241 -0.6393744058995454
    outer loop
      vertex 28.027756813566455 47.15 1.79
      vertex 26.967880588903807 46.057036439080505 0
      vertex 26.73593558625467 46.40416666666667 0
    endloop
  endfacet
  facet normal 0.7280903641280084 0.24715337494063427 -0.6393744058995467
    outer loop
      vertex 27.857926095308585 47.56000762332572 1.79
      vertex 26.55128449206814 46.77860204503475 0
      vertex 26.417086737760723 47.17393588104779 0
    endloop
  endfacet
  facet normal 0.7541214390558356 0.15000408073435095 -0.6393744058995463
    outer loop
      vertex 27.81454373566452 47.778105473225914 1.79
      vertex 26.417086737760723 47.17393588104779 0
      vertex 26.335638484115254 47.58340390316434 0
    endloop
  endfacet
  facet normal 0.6896014612051581 0.34007380637783924 -0.639374405899547
    outer loop
      vertex 27.929404794730814 47.34943816497935 1.79
      vertex 26.73593558625467 46.40416666666667 0
      vertex 26.55128449206814 46.77860204503475 0
    endloop
  endfacet
  facet normal 0.7672492870794554 0.05028817511770818 -0.6393744058995464
    outer loop
      vertex 27.8 48 1.79
      vertex 26.335638484115254 47.58340390316434 0
      vertex 26.308333333333334 48 0
    endloop
  endfacet
  facet normal 0.7672492870794556 -0.050288175117708146 -0.6393744058995463
    outer loop
      vertex 27.81454373566452 48.221894526774086 1.79
      vertex 26.308333333333334 48 0
      vertex 26.335638484115254 48.41659609683566 0
    endloop
  endfacet
  facet normal 0.7541214390558354 -0.1500040807343508 -0.6393744058995467
    outer loop
      vertex 27.857926095308585 48.43999237667428 1.79
      vertex 26.335638484115254 48.41659609683566 0
      vertex 26.417086737760723 48.82606411895221 0
    endloop
  endfacet
  facet normal 0.5780862833936637 0.5069680641151898 -0.6393744058995461
    outer loop
      vertex 28.1512993215049 46.965105570685175 1.79
      vertex 27.243150856712937 45.74315085671293 0
      vertex 26.967880588903807 46.057036439080505 0
    endloop
  endfacet
  facet normal 0.5069680641151912 0.5780862833936621 -0.6393744058995465
    outer loop
      vertex 28.297918471982868 46.79791847198287 1.79
      vertex 27.5570364390805 45.46788058890381 0
      vertex 27.243150856712937 45.74315085671293 0
    endloop
  endfacet
  facet normal 0.42717548070162514 0.6393132860874532 -0.6393744058995462
    outer loop
      vertex 28.465105570685175 46.6512993215049 1.79
      vertex 27.904166666666665 45.23593558625467 0
      vertex 27.5570364390805 45.46788058890381 0
    endloop
  endfacet
  facet normal 0.7280903641280081 -0.24715337494063433 -0.6393744058995472
    outer loop
      vertex 27.929404794730814 48.65056183502065 1.79
      vertex 26.417086737760723 48.82606411895221 0
      vertex 26.55128449206814 49.22139795496525 0
    endloop
  endfacet
  facet normal 0.6896014612051589 -0.3400738063778397 -0.6393744058995459
    outer loop
      vertex 28.027756813566455 48.85 1.79
      vertex 26.55128449206814 49.22139795496525 0
      vertex 26.73593558625467 49.59583333333333 0
    endloop
  endfacet
  facet normal 0.6393132860874545 -0.4271754807016238 -0.6393744058995458
    outer loop
      vertex 28.1512993215049 49.034894429314825 1.79
      vertex 26.73593558625467 49.59583333333333 0
      vertex 26.967880588903807 49.942963560919495 0
    endloop
  endfacet
  facet normal 0.5780862833936639 -0.5069680641151895 -0.6393744058995462
    outer loop
      vertex 28.297918471982868 49.20208152801713 1.79
      vertex 26.967880588903807 49.942963560919495 0
      vertex 27.243150856712937 50.25684914328707 0
    endloop
  endfacet
  facet normal 0.5069680641151915 -0.578086283393662 -0.6393744058995464
    outer loop
      vertex 28.465105570685175 49.3487006784951 1.79
      vertex 27.243150856712937 50.25684914328707 0
      vertex 27.5570364390805 50.53211941109619 0
    endloop
  endfacet
  facet normal 0.42717548070162525 -0.6393132860874533 -0.639374405899546
    outer loop
      vertex 28.65 49.472243186433545 1.79
      vertex 27.5570364390805 50.53211941109619 0
      vertex 27.904166666666665 50.76406441374533 0
    endloop
  endfacet
  facet normal 0.5780862833936615 0.5069680641151919 -0.6393744058995463
    outer loop
      vertex 28.297918471982868 46.79791847198287 1.79
      vertex 27.243150856712937 45.74315085671293 0
      vertex 28.1512993215049 46.965105570685175 1.79
    endloop
  endfacet
  facet normal 0.5069680641151919 0.5780862833936615 -0.6393744058995464
    outer loop
      vertex 28.297918471982868 46.79791847198287 1.79
      vertex 28.465105570685175 46.6512993215049 1.79
      vertex 27.5570364390805 45.46788058890381 0
    endloop
  endfacet
  facet normal 0.7541214390558341 0.15000408073435667 -0.639374405899547
    outer loop
      vertex 27.81454373566452 47.778105473225914 1.79
      vertex 27.857926095308585 47.56000762332572 1.79
      vertex 26.417086737760723 47.17393588104779 0
    endloop
  endfacet
  facet normal 0.7280903641280069 0.2471533749406374 -0.6393744058995472
    outer loop
      vertex 27.929404794730814 47.34943816497935 1.79
      vertex 26.55128449206814 46.77860204503475 0
      vertex 27.857926095308585 47.56000762332572 1.79
    endloop
  endfacet
  facet normal 0.6896014612051659 0.34007380637782664 -0.6393744058995453
    outer loop
      vertex 28.027756813566455 47.15 1.79
      vertex 26.73593558625467 46.40416666666667 0
      vertex 27.929404794730814 47.34943816497935 1.79
    endloop
  endfacet
  facet normal 0.6393132860874522 0.42717548070162714 -0.639374405899546
    outer loop
      vertex 28.027756813566455 47.15 1.79
      vertex 28.1512993215049 46.965105570685175 1.79
      vertex 26.967880588903807 46.057036439080505 0
    endloop
  endfacet
  facet normal 0.7672492870794558 0.05028817511770633 -0.6393744058995462
    outer loop
      vertex 27.81454373566452 47.778105473225914 1.79
      vertex 26.335638484115254 47.58340390316434 0
      vertex 27.8 48 1.79
    endloop
  endfacet
  facet normal 0.7672492870794555 -0.05028817511770631 -0.6393744058995464
    outer loop
      vertex 27.8 48 1.79
      vertex 26.308333333333334 48 0
      vertex 27.81454373566452 48.221894526774086 1.79
    endloop
  endfacet
  facet normal 0.7541214390558346 -0.1500040807343568 -0.6393744058995461
    outer loop
      vertex 27.81454373566452 48.221894526774086 1.79
      vertex 26.335638484115254 48.41659609683566 0
      vertex 27.857926095308585 48.43999237667428 1.79
    endloop
  endfacet
  facet normal 0.7280903641280072 -0.24715337494063752 -0.6393744058995467
    outer loop
      vertex 27.857926095308585 48.43999237667428 1.79
      vertex 26.417086737760723 48.82606411895221 0
      vertex 27.929404794730814 48.65056183502065 1.79
    endloop
  endfacet
  facet normal 0.6896014612051643 -0.34007380637782586 -0.6393744058995473
    outer loop
      vertex 27.929404794730814 48.65056183502065 1.79
      vertex 26.55128449206814 49.22139795496525 0
      vertex 28.027756813566455 48.85 1.79
    endloop
  endfacet
  facet normal 0.6393132860874526 -0.4271754807016274 -0.6393744058995454
    outer loop
      vertex 28.027756813566455 48.85 1.79
      vertex 26.73593558625467 49.59583333333333 0
      vertex 28.1512993215049 49.034894429314825 1.79
    endloop
  endfacet
  facet normal 0.5780862833936619 -0.5069680641151922 -0.639374405899546
    outer loop
      vertex 28.1512993215049 49.034894429314825 1.79
      vertex 26.967880588903807 49.942963560919495 0
      vertex 28.297918471982868 49.20208152801713 1.79
    endloop
  endfacet
  facet normal 0.5069680641151918 -0.5780862833936614 -0.6393744058995465
    outer loop
      vertex 28.297918471982868 49.20208152801713 1.79
      vertex 27.243150856712937 50.25684914328707 0
      vertex 28.465105570685175 49.3487006784951 1.79
    endloop
  endfacet
  facet normal 0.4271754807016271 -0.6393132860874521 -0.6393744058995462
    outer loop
      vertex 28.465105570685175 49.3487006784951 1.79
      vertex 27.5570364390805 50.53211941109619 0
      vertex 28.65 49.472243186433545 1.79
    endloop
  endfacet
  facet normal 0.34007380637783463 0.6896014612051612 -0.6393744058995461
    outer loop
      vertex 28.65 46.527756813566455 1.79
      vertex 28.278602045034756 45.05128449206814 0
      vertex 27.904166666666665 45.23593558625467 0
    endloop
  endfacet
  facet normal 0.2471533749406419 0.7280903641280055 -0.6393744058995472
    outer loop
      vertex 28.849438164979347 46.429404794730814 1.79
      vertex 28.67393588104779 44.91708673776072 0
      vertex 28.278602045034756 45.05128449206814 0
    endloop
  endfacet
  facet normal 0.1500040807343522 0.7541214390558345 -0.6393744058995475
    outer loop
      vertex 29.060007623325713 46.357926095308585 1.79
      vertex 29.083403903164335 44.83563848411525 0
      vertex 28.67393588104779 44.91708673776072 0
    endloop
  endfacet
  facet normal 0.050288175117707966 0.7672492870794548 -0.6393744058995472
    outer loop
      vertex 29.278105473225914 46.31454373566452 1.79
      vertex 29.5 44.80833333333333 0
      vertex 29.083403903164335 44.83563848411525 0
    endloop
  endfacet
  facet normal -0.05028817511770782 0.7672492870794555 -0.6393744058995465
    outer loop
      vertex 29.5 46.3 1.79
      vertex 29.916596096835665 44.83563848411525 0
      vertex 29.5 44.80833333333333 0
    endloop
  endfacet
  facet normal -0.15000408073435187 0.7541214390558346 -0.6393744058995473
    outer loop
      vertex 29.721894526774086 46.31454373566452 1.79
      vertex 30.32606411895221 44.91708673776072 0
      vertex 29.916596096835665 44.83563848411525 0
    endloop
  endfacet
  facet normal 0.3400738063778344 -0.6896014612051607 -0.6393744058995467
    outer loop
      vertex 28.849438164979347 49.570595205269186 1.79
      vertex 27.904166666666665 50.76406441374533 0
      vertex 28.278602045034756 50.94871550793186 0
    endloop
  endfacet
  facet normal 0.24715337494064188 -0.7280903641280054 -0.6393744058995473
    outer loop
      vertex 29.060007623325713 49.642073904691415 1.79
      vertex 28.278602045034756 50.94871550793186 0
      vertex 28.67393588104779 51.08291326223928 0
    endloop
  endfacet
  facet normal 0.15000408073435187 -0.7541214390558346 -0.6393744058995473
    outer loop
      vertex 29.278105473225914 49.68545626433548 1.79
      vertex 28.67393588104779 51.08291326223928 0
      vertex 29.083403903164335 51.16436151588475 0
    endloop
  endfacet
  facet normal 0.05028817511770782 -0.7672492870794555 -0.6393744058995465
    outer loop
      vertex 29.5 49.7 1.79
      vertex 29.083403903164335 51.16436151588475 0
      vertex 29.5 51.19166666666667 0
    endloop
  endfacet
  facet normal -0.050288175117707966 -0.7672492870794548 -0.6393744058995472
    outer loop
      vertex 29.721894526774086 49.68545626433548 1.79
      vertex 29.5 51.19166666666667 0
      vertex 29.916596096835665 51.16436151588475 0
    endloop
  endfacet
  facet normal -0.1500040807343522 -0.7541214390558345 -0.6393744058995475
    outer loop
      vertex 29.939992376674287 49.642073904691415 1.79
      vertex 29.916596096835665 51.16436151588475 0
      vertex 30.32606411895221 51.08291326223928 0
    endloop
  endfacet
  facet normal -0.24715337494064188 0.7280903641280054 -0.6393744058995473
    outer loop
      vertex 29.939992376674287 46.357926095308585 1.79
      vertex 30.721397954965244 45.05128449206814 0
      vertex 30.32606411895221 44.91708673776072 0
    endloop
  endfacet
  facet normal -0.3400738063778344 0.6896014612051607 -0.6393744058995467
    outer loop
      vertex 30.150561835020653 46.429404794730814 1.79
      vertex 31.095833333333335 45.23593558625467 0
      vertex 30.721397954965244 45.05128449206814 0
    endloop
  endfacet
  facet normal -0.42717548070162525 0.6393132860874533 -0.639374405899546
    outer loop
      vertex 30.35 46.527756813566455 1.79
      vertex 31.4429635609195 45.46788058890381 0
      vertex 31.095833333333335 45.23593558625467 0
    endloop
  endfacet
  facet normal -0.5069680641151915 0.578086283393662 -0.6393744058995464
    outer loop
      vertex 30.534894429314825 46.6512993215049 1.79
      vertex 31.756849143287063 45.74315085671293 0
      vertex 31.4429635609195 45.46788058890381 0
    endloop
  endfacet
  facet normal -0.5780862833936672 0.506968064115186 -0.6393744058995461
    outer loop
      vertex 30.702081528017132 46.79791847198287 1.79
      vertex 32.03211941109619 46.057036439080505 0
      vertex 31.756849143287063 45.74315085671293 0
    endloop
  endfacet
  facet normal -0.6393132860874519 0.4271754807016286 -0.6393744058995452
    outer loop
      vertex 30.8487006784951 46.965105570685175 1.79
      vertex 32.26406441374533 46.40416666666667 0
      vertex 32.03211941109619 46.057036439080505 0
    endloop
  endfacet
  facet normal -0.6896014612051599 0.3400738063778379 -0.6393744058995459
    outer loop
      vertex 30.972243186433545 47.15 1.79
      vertex 32.29999999701977 46.477036820940704 0
      vertex 32.26406441374533 46.40416666666667 0
    endloop
  endfacet
  facet normal -0.6896014612051609 0.3400738063778359 -0.6393744058995459
    outer loop
      vertex 30.972243186433545 47.15 1.79
      vertex 32.29999999701977 46.840202026589786 0.1931622108884929
      vertex 32.29999999701977 46.477036820940704 0
    endloop
  endfacet
  facet normal -0.7280903641280062 0.2471533749406405 -0.6393744058995469
    outer loop
      vertex 31.070595205269186 47.34943816497935 1.79
      vertex 32.29999999701977 47.24974226199141 0.35147203752455936
      vertex 32.29999999701977 46.840202026589786 0.1931622108884929
    endloop
  endfacet
  facet normal -0.754121439055835 0.15000408073435045 -0.6393744058995472
    outer loop
      vertex 31.142073904691415 47.56000762332572 1.79
      vertex 32.29999999701977 47.63137300714765 0.44100669605782805
      vertex 32.29999999701977 47.24974226199141 0.35147203752455936
    endloop
  endfacet
  facet normal -0.7672492870794551 0.05028817511771009 -0.6393744058995469
    outer loop
      vertex 31.18545626433548 47.778105473225914 1.79
      vertex 32.29999999701977 48 0.47000000357628097
      vertex 32.29999999701977 47.63137300714765 0.44100669605782805
    endloop
  endfacet
  facet normal -0.7541214390558355 -0.15000408073435037 -0.6393744058995466
    outer loop
      vertex 31.18545626433548 48.221894526774086 1.79
      vertex 32.29999999701977 48.75025773800859 0.35147203752455936
      vertex 32.29999999701977 48.36862699285235 0.44100669605782805
    endloop
  endfacet
  facet normal -0.7672492870794548 -0.050288175117709964 -0.6393744058995472
    outer loop
      vertex 31.2 48 1.79
      vertex 32.29999999701977 48.36862699285235 0.44100669605782805
      vertex 32.29999999701977 48 0.47000000357628097
    endloop
  endfacet
  facet normal -0.34007380637783463 -0.6896014612051612 -0.6393744058995461
    outer loop
      vertex 30.35 49.472243186433545 1.79
      vertex 30.721397954965244 50.94871550793186 0
      vertex 31.095833333333335 50.76406441374533 0
    endloop
  endfacet
  facet normal -0.42717548070162514 -0.6393132860874532 -0.6393744058995462
    outer loop
      vertex 30.534894429314825 49.3487006784951 1.79
      vertex 31.095833333333335 50.76406441374533 0
      vertex 31.4429635609195 50.53211941109619 0
    endloop
  endfacet
  facet normal -0.2471533749406419 -0.7280903641280055 -0.6393744058995472
    outer loop
      vertex 30.150561835020653 49.570595205269186 1.79
      vertex 30.32606411895221 51.08291326223928 0
      vertex 30.721397954965244 50.94871550793186 0
    endloop
  endfacet
  facet normal -0.6393132860874519 -0.42717548070162864 -0.6393744058995453
    outer loop
      vertex 30.972243186433545 48.85 1.79
      vertex 32.03211941109619 49.942963560919495 0
      vertex 32.26406441374533 49.59583333333333 0
    endloop
  endfacet
  facet normal -0.5069680641151912 -0.5780862833936621 -0.6393744058995465
    outer loop
      vertex 30.702081528017132 49.20208152801713 1.79
      vertex 31.4429635609195 50.53211941109619 0
      vertex 31.756849143287063 50.25684914328707 0
    endloop
  endfacet
  facet normal -0.5780862833936674 -0.5069680641151864 -0.6393744058995454
    outer loop
      vertex 30.8487006784951 49.034894429314825 1.79
      vertex 31.756849143287063 50.25684914328707 0
      vertex 32.03211941109619 49.942963560919495 0
    endloop
  endfacet
  facet normal -0.6896014612051597 -0.3400738063778384 -0.6393744058995455
    outer loop
      vertex 30.972243186433545 48.85 1.79
      vertex 32.26406441374533 49.59583333333333 0
      vertex 32.29999999701977 49.522963179059296 0
    endloop
  endfacet
  facet normal -0.6896014612051599 -0.34007380637783635 -0.6393744058995465
    outer loop
      vertex 31.070595205269186 48.65056183502065 1.79
      vertex 32.29999999701977 49.522963179059296 0
      vertex 32.29999999701977 49.159797973410214 0.1931622108884929
    endloop
  endfacet
  facet normal -0.7280903641280059 -0.24715337494064082 -0.6393744058995472
    outer loop
      vertex 31.142073904691415 48.43999237667428 1.79
      vertex 32.29999999701977 49.159797973410214 0.1931622108884929
      vertex 32.29999999701977 48.75025773800859 0.35147203752455936
    endloop
  endfacet
  facet normal 0.42717548070162714 0.6393132860874522 -0.6393744058995459
    outer loop
      vertex 28.465105570685175 46.6512993215049 1.79
      vertex 28.65 46.527756813566455 1.79
      vertex 27.904166666666665 45.23593558625467 0
    endloop
  endfacet
  facet normal 0.34007380637782597 0.6896014612051645 -0.639374405899547
    outer loop
      vertex 28.65 46.527756813566455 1.79
      vertex 28.849438164979347 46.429404794730814 1.79
      vertex 28.278602045034756 45.05128449206814 0
    endloop
  endfacet
  facet normal 0.2471533749406411 0.7280903641280055 -0.6393744058995472
    outer loop
      vertex 29.060007623325713 46.357926095308585 1.79
      vertex 28.67393588104779 44.91708673776072 0
      vertex 28.849438164979347 46.429404794730814 1.79
    endloop
  endfacet
  facet normal 0.15000408073435426 0.7541214390558342 -0.6393744058995473
    outer loop
      vertex 29.060007623325713 46.357926095308585 1.79
      vertex 29.278105473225914 46.31454373566452 1.79
      vertex 29.083403903164335 44.83563848411525 0
    endloop
  endfacet
  facet normal 0.050288175117718575 0.7672492870794552 -0.6393744058995461
    outer loop
      vertex 29.278105473225914 46.31454373566452 1.79
      vertex 29.5 46.3 1.79
      vertex 29.5 44.80833333333333 0
    endloop
  endfacet
  facet normal -0.050288175117718485 0.7672492870794538 -0.6393744058995476
    outer loop
      vertex 29.5 46.3 1.79
      vertex 29.721894526774086 46.31454373566452 1.79
      vertex 29.916596096835665 44.83563848411525 0
    endloop
  endfacet
  facet normal -0.15000408073435423 0.7541214390558341 -0.6393744058995475
    outer loop
      vertex 29.721894526774086 46.31454373566452 1.79
      vertex 29.939992376674287 46.357926095308585 1.79
      vertex 30.32606411895221 44.91708673776072 0
    endloop
  endfacet
  facet normal -0.24715337494064116 0.7280903641280058 -0.639374405899547
    outer loop
      vertex 29.939992376674287 46.357926095308585 1.79
      vertex 30.150561835020653 46.429404794730814 1.79
      vertex 30.721397954965244 45.05128449206814 0
    endloop
  endfacet
  facet normal 0.3400738063778265 -0.6896014612051656 -0.6393744058995458
    outer loop
      vertex 28.65 49.472243186433545 1.79
      vertex 27.904166666666665 50.76406441374533 0
      vertex 28.849438164979347 49.570595205269186 1.79
    endloop
  endfacet
  facet normal 0.24715337494064116 -0.7280903641280058 -0.6393744058995471
    outer loop
      vertex 28.849438164979347 49.570595205269186 1.79
      vertex 28.278602045034756 50.94871550793186 0
      vertex 29.060007623325713 49.642073904691415 1.79
    endloop
  endfacet
  facet normal 0.15000408073435423 -0.7541214390558341 -0.6393744058995475
    outer loop
      vertex 29.060007623325713 49.642073904691415 1.79
      vertex 28.67393588104779 51.08291326223928 0
      vertex 29.278105473225914 49.68545626433548 1.79
    endloop
  endfacet
  facet normal 0.050288175117718485 -0.7672492870794538 -0.6393744058995476
    outer loop
      vertex 29.278105473225914 49.68545626433548 1.79
      vertex 29.083403903164335 51.16436151588475 0
      vertex 29.5 49.7 1.79
    endloop
  endfacet
  facet normal -0.050288175117718575 -0.7672492870794552 -0.6393744058995461
    outer loop
      vertex 29.5 49.7 1.79
      vertex 29.5 51.19166666666667 0
      vertex 29.721894526774086 49.68545626433548 1.79
    endloop
  endfacet
  facet normal -0.15000408073435426 -0.7541214390558342 -0.6393744058995472
    outer loop
      vertex 29.721894526774086 49.68545626433548 1.79
      vertex 29.916596096835665 51.16436151588475 0
      vertex 29.939992376674287 49.642073904691415 1.79
    endloop
  endfacet
  facet normal -0.24715337494064116 -0.7280903641280058 -0.6393744058995472
    outer loop
      vertex 30.150561835020653 49.570595205269186 1.79
      vertex 29.939992376674287 49.642073904691415 1.79
      vertex 30.32606411895221 51.08291326223928 0
    endloop
  endfacet
  facet normal -0.3400738063778265 0.6896014612051656 -0.6393744058995458
    outer loop
      vertex 30.150561835020653 46.429404794730814 1.79
      vertex 30.35 46.527756813566455 1.79
      vertex 31.095833333333335 45.23593558625467 0
    endloop
  endfacet
  facet normal -0.4271754807016271 0.6393132860874521 -0.6393744058995462
    outer loop
      vertex 30.35 46.527756813566455 1.79
      vertex 30.534894429314825 46.6512993215049 1.79
      vertex 31.4429635609195 45.46788058890381 0
    endloop
  endfacet
  facet normal -0.5069680641151918 0.5780862833936614 -0.6393744058995465
    outer loop
      vertex 30.534894429314825 46.6512993215049 1.79
      vertex 30.702081528017132 46.79791847198287 1.79
      vertex 31.756849143287063 45.74315085671293 0
    endloop
  endfacet
  facet normal -0.5780862833936622 0.5069680641151926 -0.6393744058995452
    outer loop
      vertex 30.702081528017132 46.79791847198287 1.79
      vertex 30.8487006784951 46.965105570685175 1.79
      vertex 32.03211941109619 46.057036439080505 0
    endloop
  endfacet
  facet normal -0.6393132860874526 0.4271754807016274 -0.6393744058995454
    outer loop
      vertex 30.8487006784951 46.965105570685175 1.79
      vertex 30.972243186433545 47.15 1.79
      vertex 32.26406441374533 46.40416666666667 0
    endloop
  endfacet
  facet normal -0.6896014612051646 0.3400738063778261 -0.6393744058995471
    outer loop
      vertex 30.972243186433545 47.15 1.79
      vertex 31.070595205269186 47.34943816497935 1.79
      vertex 32.29999999701977 46.840202026589786 0.1931622108884929
    endloop
  endfacet
  facet normal -0.7280903641280068 0.24715337494063738 -0.6393744058995473
    outer loop
      vertex 31.070595205269186 47.34943816497935 1.79
      vertex 31.142073904691415 47.56000762332572 1.79
      vertex 32.29999999701977 47.24974226199141 0.35147203752455936
    endloop
  endfacet
  facet normal -0.7541214390558344 0.15000408073435673 -0.6393744058995465
    outer loop
      vertex 31.142073904691415 47.56000762332572 1.79
      vertex 31.18545626433548 47.778105473225914 1.79
      vertex 32.29999999701977 47.63137300714765 0.44100669605782805
    endloop
  endfacet
  facet normal -0.7541214390558336 -0.1500040807343566 -0.6393744058995474
    outer loop
      vertex 31.142073904691415 48.43999237667428 1.79
      vertex 32.29999999701977 48.75025773800859 0.35147203752455936
      vertex 31.18545626433548 48.221894526774086 1.79
    endloop
  endfacet
  facet normal -0.767249287079455 0.05028817511770627 -0.6393744058995472
    outer loop
      vertex 31.18545626433548 47.778105473225914 1.79
      vertex 31.2 48 1.79
      vertex 32.29999999701977 48 0.47000000357628097
    endloop
  endfacet
  facet normal -0.7672492870794555 -0.05028817511770631 -0.6393744058995467
    outer loop
      vertex 31.2 48 1.79
      vertex 31.18545626433548 48.221894526774086 1.79
      vertex 32.29999999701977 48.36862699285235 0.44100669605782805
    endloop
  endfacet
  facet normal -0.34007380637782597 -0.6896014612051645 -0.639374405899547
    outer loop
      vertex 30.150561835020653 49.570595205269186 1.79
      vertex 30.721397954965244 50.94871550793186 0
      vertex 30.35 49.472243186433545 1.79
    endloop
  endfacet
  facet normal -0.42717548070162714 -0.6393132860874522 -0.6393744058995459
    outer loop
      vertex 30.35 49.472243186433545 1.79
      vertex 31.095833333333335 50.76406441374533 0
      vertex 30.534894429314825 49.3487006784951 1.79
    endloop
  endfacet
  facet normal -0.5780862833936615 -0.5069680641151919 -0.6393744058995463
    outer loop
      vertex 30.8487006784951 49.034894429314825 1.79
      vertex 30.702081528017132 49.20208152801713 1.79
      vertex 31.756849143287063 50.25684914328707 0
    endloop
  endfacet
  facet normal -0.6393132860874527 -0.42717548070162753 -0.6393744058995453
    outer loop
      vertex 30.8487006784951 49.034894429314825 1.79
      vertex 32.03211941109619 49.942963560919495 0
      vertex 30.972243186433545 48.85 1.79
    endloop
  endfacet
  facet normal -0.5069680641151919 -0.5780862833936615 -0.6393744058995465
    outer loop
      vertex 30.534894429314825 49.3487006784951 1.79
      vertex 31.4429635609195 50.53211941109619 0
      vertex 30.702081528017132 49.20208152801713 1.79
    endloop
  endfacet
  facet normal -0.6896014612051656 -0.3400738063778265 -0.6393744058995456
    outer loop
      vertex 31.070595205269186 48.65056183502065 1.79
      vertex 30.972243186433545 48.85 1.79
      vertex 32.29999999701977 49.522963179059296 0
    endloop
  endfacet
  facet normal -0.7280903641280073 -0.2471533749406375 -0.6393744058995469
    outer loop
      vertex 31.142073904691415 48.43999237667428 1.79
      vertex 31.070595205269186 48.65056183502065 1.79
      vertex 32.29999999701977 49.159797973410214 0.1931622108884929
    endloop
  endfacet
  facet normal 0.5555702330196043 0.8314696123025439 0
    outer loop
      vertex -30.534894429314825 46.6512993215049 1.79
      vertex -30.534894429314825 46.6512993215049 2.4
      vertex -30.35 46.527756813566455 1.79
    endloop
  endfacet
  facet normal 0.44228869021899636 0.8968727415326907 0
    outer loop
      vertex -30.35 46.527756813566455 1.79
      vertex -30.35 46.527756813566455 2.4
      vertex -30.150561835020653 46.429404794730814 1.79
    endloop
  endfacet
  facet normal 0.6593458151000616 0.7518398074789837 0
    outer loop
      vertex -30.534894429314825 46.6512993215049 1.79
      vertex -30.702081528017132 46.79791847198287 2.4
      vertex -30.534894429314825 46.6512993215049 2.4
    endloop
  endfacet
  facet normal 0.5555702330196043 0.8314696123025439 0
    outer loop
      vertex -30.35 46.527756813566455 1.79
      vertex -30.534894429314825 46.6512993215049 2.4
      vertex -30.35 46.527756813566455 2.4
    endloop
  endfacet
  facet normal 0.9469301294951058 0.32143946530316075 6.041492547398158e-18
    outer loop
      vertex -31.070595205269186 47.34943816497935 1.79
      vertex -31.142073904691415 47.56000762332572 1.79
      vertex -31.142073904691415 47.56000762332572 2.4
    endloop
  endfacet
  facet normal 0.8314696123025439 0.5555702330196043 0
    outer loop
      vertex -30.972243186433545 47.15 1.79
      vertex -30.972243186433545 47.15 2.4
      vertex -30.8487006784951 46.965105570685175 1.79
    endloop
  endfacet
  facet normal 0.7518398074789837 0.6593458151000616 -7.792562458705223e-19
    outer loop
      vertex -30.702081528017132 46.79791847198287 1.79
      vertex -30.8487006784951 46.965105570685175 1.79
      vertex -30.8487006784951 46.965105570685175 2.4
    endloop
  endfacet
  facet normal 0.8968727415326907 0.44228869021899636 6.966881537793375e-18
    outer loop
      vertex -30.972243186433545 47.15 1.79
      vertex -31.070595205269186 47.34943816497935 1.79
      vertex -31.070595205269186 47.34943816497935 2.4
    endloop
  endfacet
  facet normal 0.9807852804032289 0.19509032201613608 0
    outer loop
      vertex -31.142073904691415 47.56000762332572 1.79
      vertex -31.18545626433548 47.778105473225914 2.4
      vertex -31.142073904691415 47.56000762332572 2.4
    endloop
  endfacet
  facet normal 0.9469301294951058 0.32143946530316075 0
    outer loop
      vertex -31.070595205269186 47.34943816497935 1.79
      vertex -31.142073904691415 47.56000762332572 2.4
      vertex -31.070595205269186 47.34943816497935 2.4
    endloop
  endfacet
  facet normal 0.8314696123025439 0.5555702330196043 0
    outer loop
      vertex -30.8487006784951 46.965105570685175 1.79
      vertex -30.972243186433545 47.15 2.4
      vertex -30.8487006784951 46.965105570685175 2.4
    endloop
  endfacet
  facet normal 0.8968727415326907 0.44228869021899636 0
    outer loop
      vertex -30.972243186433545 47.15 1.79
      vertex -31.070595205269186 47.34943816497935 2.4
      vertex -30.972243186433545 47.15 2.4
    endloop
  endfacet
  facet normal 0.9807852804032289 0.19509032201613608 0
    outer loop
      vertex -31.18545626433548 47.778105473225914 1.79
      vertex -31.18545626433548 47.778105473225914 2.4
      vertex -31.142073904691415 47.56000762332572 1.79
    endloop
  endfacet
  facet normal 0.9978589232386039 0.06540312923013786 1.2170866897901727e-18
    outer loop
      vertex -31.18545626433548 47.778105473225914 1.79
      vertex -31.2 48 1.79
      vertex -31.2 48 2.4
    endloop
  endfacet
  facet normal 0.9978589232386039 -0.06540312923013786 -1.2170866897901727e-18
    outer loop
      vertex -31.2 48 1.79
      vertex -31.18545626433548 48.221894526774086 1.79
      vertex -31.18545626433548 48.221894526774086 2.4
    endloop
  endfacet
  facet normal 0.9807852804032289 -0.19509032201613608 -5.280351055108076e-19
    outer loop
      vertex -31.18545626433548 48.221894526774086 1.79
      vertex -31.142073904691415 48.43999237667428 1.79
      vertex -31.142073904691415 48.43999237667428 2.4
    endloop
  endfacet
  facet normal 0.9469301294951058 -0.32143946530316075 -6.041492547398158e-18
    outer loop
      vertex -31.142073904691415 48.43999237667428 1.79
      vertex -31.070595205269186 48.65056183502065 1.79
      vertex -31.070595205269186 48.65056183502065 2.4
    endloop
  endfacet
  facet normal 0.9978589232386039 0.06540312923013786 0
    outer loop
      vertex -31.18545626433548 47.778105473225914 1.79
      vertex -31.2 48 2.4
      vertex -31.18545626433548 47.778105473225914 2.4
    endloop
  endfacet
  facet normal 0.9978589232386039 -0.06540312923013786 0
    outer loop
      vertex -31.2 48 1.79
      vertex -31.18545626433548 48.221894526774086 2.4
      vertex -31.2 48 2.4
    endloop
  endfacet
  facet normal 0.9807852804032289 -0.19509032201613608 0
    outer loop
      vertex -31.18545626433548 48.221894526774086 1.79
      vertex -31.142073904691415 48.43999237667428 2.4
      vertex -31.18545626433548 48.221894526774086 2.4
    endloop
  endfacet
  facet normal 0.9469301294951058 -0.32143946530316075 0
    outer loop
      vertex -31.142073904691415 48.43999237667428 1.79
      vertex -31.070595205269186 48.65056183502065 2.4
      vertex -31.142073904691415 48.43999237667428 2.4
    endloop
  endfacet
  facet normal 0.6593458151000616 0.7518398074789837 0
    outer loop
      vertex -30.702081528017132 46.79791847198287 1.79
      vertex -30.702081528017132 46.79791847198287 2.4
      vertex -30.534894429314825 46.6512993215049 1.79
    endloop
  endfacet
  facet normal 0.7518398074789837 0.6593458151000616 0
    outer loop
      vertex -30.702081528017132 46.79791847198287 1.79
      vertex -30.8487006784951 46.965105570685175 2.4
      vertex -30.702081528017132 46.79791847198287 2.4
    endloop
  endfacet
  facet normal 0.8968727415326907 -0.44228869021899636 -6.966881537793375e-18
    outer loop
      vertex -31.070595205269186 48.65056183502065 1.79
      vertex -30.972243186433545 48.85 1.79
      vertex -30.972243186433545 48.85 2.4
    endloop
  endfacet
  facet normal 0.8314696123025439 -0.5555702330196043 7.55594596887671e-18
    outer loop
      vertex -30.972243186433545 48.85 1.79
      vertex -30.8487006784951 49.034894429314825 1.79
      vertex -30.8487006784951 49.034894429314825 2.4
    endloop
  endfacet
  facet normal 0.8968727415326907 -0.44228869021899636 0
    outer loop
      vertex -31.070595205269186 48.65056183502065 1.79
      vertex -30.972243186433545 48.85 2.4
      vertex -31.070595205269186 48.65056183502065 2.4
    endloop
  endfacet
  facet normal 0.8314696123025439 -0.5555702330196043 0
    outer loop
      vertex -30.972243186433545 48.85 1.79
      vertex -30.8487006784951 49.034894429314825 2.4
      vertex -30.972243186433545 48.85 2.4
    endloop
  endfacet
  facet normal 0.7518398074789837 -0.6593458151000616 0
    outer loop
      vertex -30.8487006784951 49.034894429314825 1.79
      vertex -30.702081528017132 49.20208152801713 2.4
      vertex -30.8487006784951 49.034894429314825 2.4
    endloop
  endfacet
  facet normal 0.7518398074789837 -0.6593458151000616 7.792562458705223e-19
    outer loop
      vertex -30.8487006784951 49.034894429314825 1.79
      vertex -30.702081528017132 49.20208152801713 1.79
      vertex -30.702081528017132 49.20208152801713 2.4
    endloop
  endfacet
  facet normal 0.6593458151000616 -0.7518398074789837 7.792562458705223e-19
    outer loop
      vertex -30.702081528017132 49.20208152801713 1.79
      vertex -30.534894429314825 49.3487006784951 1.79
      vertex -30.534894429314825 49.3487006784951 2.4
    endloop
  endfacet
  facet normal 0.5555702330196043 -0.8314696123025439 7.55594596887671e-18
    outer loop
      vertex -30.534894429314825 49.3487006784951 1.79
      vertex -30.35 49.472243186433545 1.79
      vertex -30.35 49.472243186433545 2.4
    endloop
  endfacet
  facet normal 0.6593458151000616 -0.7518398074789837 0
    outer loop
      vertex -30.702081528017132 49.20208152801713 1.79
      vertex -30.534894429314825 49.3487006784951 2.4
      vertex -30.702081528017132 49.20208152801713 2.4
    endloop
  endfacet
  facet normal 0.5555702330196043 -0.8314696123025439 0
    outer loop
      vertex -30.534894429314825 49.3487006784951 1.79
      vertex -30.35 49.472243186433545 2.4
      vertex -30.534894429314825 49.3487006784951 2.4
    endloop
  endfacet
  facet normal 0.44228869021899636 -0.8968727415326907 0
    outer loop
      vertex -30.35 49.472243186433545 1.79
      vertex -30.150561835020653 49.570595205269186 2.4
      vertex -30.35 49.472243186433545 2.4
    endloop
  endfacet
  facet normal 0.3214394653031657 0.9469301294951044 -1.780316309638652e-18
    outer loop
      vertex -29.939992376674287 46.357926095308585 1.79
      vertex -30.150561835020653 46.429404794730814 1.79
      vertex -30.150561835020653 46.429404794730814 2.4
    endloop
  endfacet
  facet normal 0.19509032201613302 0.9807852804032294 0
    outer loop
      vertex -29.939992376674287 46.357926095308585 1.79
      vertex -29.939992376674287 46.357926095308585 2.4
      vertex -29.721894526774086 46.31454373566452 1.79
    endloop
  endfacet
  facet normal 0.44228869021899636 0.8968727415326907 0
    outer loop
      vertex -30.150561835020653 46.429404794730814 1.79
      vertex -30.35 46.527756813566455 2.4
      vertex -30.150561835020653 46.429404794730814 2.4
    endloop
  endfacet
  facet normal 0.3214394653031657 0.9469301294951044 0
    outer loop
      vertex -29.939992376674287 46.357926095308585 1.79
      vertex -30.150561835020653 46.429404794730814 2.4
      vertex -29.939992376674287 46.357926095308585 2.4
    endloop
  endfacet
  facet normal 0.19509032201613302 0.9807852804032294 0
    outer loop
      vertex -29.721894526774086 46.31454373566452 1.79
      vertex -29.939992376674287 46.357926095308585 2.4
      vertex -29.721894526774086 46.31454373566452 2.4
    endloop
  endfacet
  facet normal 0.06540312923015376 0.9978589232386028 0
    outer loop
      vertex -29.721894526774086 46.31454373566452 1.79
      vertex -29.721894526774086 46.31454373566452 2.4
      vertex -29.5 46.3 1.79
    endloop
  endfacet
  facet normal -0.06540312923015376 0.9978589232386028 0
    outer loop
      vertex -29.5 46.3 1.79
      vertex -29.5 46.3 2.4
      vertex -29.278105473225914 46.31454373566452 1.79
    endloop
  endfacet
  facet normal 0.06540312923015376 0.9978589232386028 0
    outer loop
      vertex -29.5 46.3 1.79
      vertex -29.721894526774086 46.31454373566452 2.4
      vertex -29.5 46.3 2.4
    endloop
  endfacet
  facet normal -0.06540312923015376 0.9978589232386028 0
    outer loop
      vertex -29.278105473225914 46.31454373566452 1.79
      vertex -29.5 46.3 2.4
      vertex -29.278105473225914 46.31454373566452 2.4
    endloop
  endfacet
  facet normal -0.19509032201613302 0.9807852804032294 0
    outer loop
      vertex -29.278105473225914 46.31454373566452 1.79
      vertex -29.278105473225914 46.31454373566452 2.4
      vertex -29.060007623325713 46.357926095308585 1.79
    endloop
  endfacet
  facet normal -0.3214394653031657 0.9469301294951044 0
    outer loop
      vertex -29.060007623325713 46.357926095308585 1.79
      vertex -29.060007623325713 46.357926095308585 2.4
      vertex -28.849438164979347 46.429404794730814 1.79
    endloop
  endfacet
  facet normal -0.44228869021899636 0.8968727415326907 0
    outer loop
      vertex -28.849438164979347 46.429404794730814 1.79
      vertex -28.849438164979347 46.429404794730814 2.4
      vertex -28.65 46.527756813566455 1.79
    endloop
  endfacet
  facet normal -0.19509032201613302 0.9807852804032294 0
    outer loop
      vertex -29.060007623325713 46.357926095308585 1.79
      vertex -29.278105473225914 46.31454373566452 2.4
      vertex -29.060007623325713 46.357926095308585 2.4
    endloop
  endfacet
  facet normal -0.3214394653031657 0.9469301294951044 0
    outer loop
      vertex -28.849438164979347 46.429404794730814 1.79
      vertex -29.060007623325713 46.357926095308585 2.4
      vertex -28.849438164979347 46.429404794730814 2.4
    endloop
  endfacet
  facet normal -0.5555702330196043 0.8314696123025439 0
    outer loop
      vertex -28.65 46.527756813566455 1.79
      vertex -28.65 46.527756813566455 2.4
      vertex -28.465105570685175 46.6512993215049 1.79
    endloop
  endfacet
  facet normal -0.6593458151000616 0.7518398074789837 0
    outer loop
      vertex -28.465105570685175 46.6512993215049 1.79
      vertex -28.465105570685175 46.6512993215049 2.4
      vertex -28.297918471982868 46.79791847198287 1.79
    endloop
  endfacet
  facet normal -0.44228869021899636 0.8968727415326907 0
    outer loop
      vertex -28.65 46.527756813566455 1.79
      vertex -28.849438164979347 46.429404794730814 2.4
      vertex -28.65 46.527756813566455 2.4
    endloop
  endfacet
  facet normal -0.5555702330196043 0.8314696123025439 0
    outer loop
      vertex -28.465105570685175 46.6512993215049 1.79
      vertex -28.65 46.527756813566455 2.4
      vertex -28.465105570685175 46.6512993215049 2.4
    endloop
  endfacet
  facet normal -0.6593458151000616 0.7518398074789837 0
    outer loop
      vertex -28.297918471982868 46.79791847198287 1.79
      vertex -28.465105570685175 46.6512993215049 2.4
      vertex -28.297918471982868 46.79791847198287 2.4
    endloop
  endfacet
  facet normal 0.44228869021899636 -0.8968727415326907 -6.966881537793375e-18
    outer loop
      vertex -30.35 49.472243186433545 1.79
      vertex -30.150561835020653 49.570595205269186 1.79
      vertex -30.150561835020653 49.570595205269186 2.4
    endloop
  endfacet
  facet normal 0.3214394653031657 -0.9469301294951044 1.780316309638652e-18
    outer loop
      vertex -30.150561835020653 49.570595205269186 1.79
      vertex -29.939992376674287 49.642073904691415 1.79
      vertex -29.939992376674287 49.642073904691415 2.4
    endloop
  endfacet
  facet normal 0.19509032201613302 -0.9807852804032294 -2.483762954238055e-18
    outer loop
      vertex -29.939992376674287 49.642073904691415 1.79
      vertex -29.721894526774086 49.68545626433548 1.79
      vertex -29.721894526774086 49.68545626433548 2.4
    endloop
  endfacet
  facet normal 0.3214394653031657 -0.9469301294951044 0
    outer loop
      vertex -30.150561835020653 49.570595205269186 1.79
      vertex -29.939992376674287 49.642073904691415 2.4
      vertex -30.150561835020653 49.570595205269186 2.4
    endloop
  endfacet
  facet normal 0.19509032201613302 -0.9807852804032294 0
    outer loop
      vertex -29.939992376674287 49.642073904691415 1.79
      vertex -29.721894526774086 49.68545626433548 2.4
      vertex -29.939992376674287 49.642073904691415 2.4
    endloop
  endfacet
  facet normal 0.06540312923015376 -0.9978589232386028 1.2126299259959805e-18
    outer loop
      vertex -29.721894526774086 49.68545626433548 1.79
      vertex -29.5 49.7 1.79
      vertex -29.5 49.7 2.4
    endloop
  endfacet
  facet normal -0.06540312923015376 -0.9978589232386028 -1.2126299259959805e-18
    outer loop
      vertex -29.5 49.7 1.79
      vertex -29.278105473225914 49.68545626433548 1.79
      vertex -29.278105473225914 49.68545626433548 2.4
    endloop
  endfacet
  facet normal 0.06540312923015376 -0.9978589232386028 0
    outer loop
      vertex -29.721894526774086 49.68545626433548 1.79
      vertex -29.5 49.7 2.4
      vertex -29.721894526774086 49.68545626433548 2.4
    endloop
  endfacet
  facet normal -0.06540312923015376 -0.9978589232386028 0
    outer loop
      vertex -29.5 49.7 1.79
      vertex -29.278105473225914 49.68545626433548 2.4
      vertex -29.5 49.7 2.4
    endloop
  endfacet
  facet normal -0.19509032201613302 -0.9807852804032294 2.483762954238055e-18
    outer loop
      vertex -29.278105473225914 49.68545626433548 1.79
      vertex -29.060007623325713 49.642073904691415 1.79
      vertex -29.060007623325713 49.642073904691415 2.4
    endloop
  endfacet
  facet normal -0.3214394653031657 -0.9469301294951044 0
    outer loop
      vertex -28.849438164979347 49.570595205269186 1.79
      vertex -28.849438164979347 49.570595205269186 2.4
      vertex -29.060007623325713 49.642073904691415 1.79
    endloop
  endfacet
  facet normal -0.19509032201613302 -0.9807852804032294 0
    outer loop
      vertex -29.278105473225914 49.68545626433548 1.79
      vertex -29.060007623325713 49.642073904691415 2.4
      vertex -29.278105473225914 49.68545626433548 2.4
    endloop
  endfacet
  facet normal -0.3214394653031657 -0.9469301294951044 0
    outer loop
      vertex -29.060007623325713 49.642073904691415 1.79
      vertex -28.849438164979347 49.570595205269186 2.4
      vertex -29.060007623325713 49.642073904691415 2.4
    endloop
  endfacet
  facet normal -0.44228869021899636 -0.8968727415326907 0
    outer loop
      vertex -28.849438164979347 49.570595205269186 1.79
      vertex -28.65 49.472243186433545 2.4
      vertex -28.849438164979347 49.570595205269186 2.4
    endloop
  endfacet
  facet normal -0.44228869021899636 -0.8968727415326907 6.966881537793375e-18
    outer loop
      vertex -28.849438164979347 49.570595205269186 1.79
      vertex -28.65 49.472243186433545 1.79
      vertex -28.65 49.472243186433545 2.4
    endloop
  endfacet
  facet normal -0.5555702330196043 -0.8314696123025439 -7.55594596887671e-18
    outer loop
      vertex -28.65 49.472243186433545 1.79
      vertex -28.465105570685175 49.3487006784951 1.79
      vertex -28.465105570685175 49.3487006784951 2.4
    endloop
  endfacet
  facet normal -0.6593458151000616 -0.7518398074789837 -7.792562458705223e-19
    outer loop
      vertex -28.465105570685175 49.3487006784951 1.79
      vertex -28.297918471982868 49.20208152801713 1.79
      vertex -28.297918471982868 49.20208152801713 2.4
    endloop
  endfacet
  facet normal -0.5555702330196043 -0.8314696123025439 0
    outer loop
      vertex -28.65 49.472243186433545 1.79
      vertex -28.465105570685175 49.3487006784951 2.4
      vertex -28.65 49.472243186433545 2.4
    endloop
  endfacet
  facet normal -0.6593458151000616 -0.7518398074789837 0
    outer loop
      vertex -28.465105570685175 49.3487006784951 1.79
      vertex -28.297918471982868 49.20208152801713 2.4
      vertex -28.465105570685175 49.3487006784951 2.4
    endloop
  endfacet
  facet normal -0.7518398074789837 0.6593458151000616 0
    outer loop
      vertex -28.297918471982868 46.79791847198287 1.79
      vertex -28.297918471982868 46.79791847198287 2.4
      vertex -28.1512993215049 46.965105570685175 1.79
    endloop
  endfacet
  facet normal -0.8314696123025439 0.5555702330196043 0
    outer loop
      vertex -28.1512993215049 46.965105570685175 1.79
      vertex -28.1512993215049 46.965105570685175 2.4
      vertex -28.027756813566455 47.15 1.79
    endloop
  endfacet
  facet normal -0.8968727415326907 0.44228869021899636 0
    outer loop
      vertex -28.027756813566455 47.15 1.79
      vertex -28.027756813566455 47.15 2.4
      vertex -27.929404794730814 47.34943816497935 1.79
    endloop
  endfacet
  facet normal -0.9469301294951058 0.32143946530316075 0
    outer loop
      vertex -27.929404794730814 47.34943816497935 1.79
      vertex -27.929404794730814 47.34943816497935 2.4
      vertex -27.857926095308585 47.56000762332572 1.79
    endloop
  endfacet
  facet normal -0.9807852804032289 0.19509032201613608 0
    outer loop
      vertex -27.857926095308585 47.56000762332572 1.79
      vertex -27.857926095308585 47.56000762332572 2.4
      vertex -27.81454373566452 47.778105473225914 1.79
    endloop
  endfacet
  facet normal -0.7518398074789837 0.6593458151000616 0
    outer loop
      vertex -28.1512993215049 46.965105570685175 1.79
      vertex -28.297918471982868 46.79791847198287 2.4
      vertex -28.1512993215049 46.965105570685175 2.4
    endloop
  endfacet
  facet normal -0.8314696123025439 0.5555702330196043 0
    outer loop
      vertex -28.027756813566455 47.15 1.79
      vertex -28.1512993215049 46.965105570685175 2.4
      vertex -28.027756813566455 47.15 2.4
    endloop
  endfacet
  facet normal -0.8968727415326907 0.44228869021899636 0
    outer loop
      vertex -27.929404794730814 47.34943816497935 1.79
      vertex -28.027756813566455 47.15 2.4
      vertex -27.929404794730814 47.34943816497935 2.4
    endloop
  endfacet
  facet normal -0.9469301294951058 0.32143946530316075 0
    outer loop
      vertex -27.857926095308585 47.56000762332572 1.79
      vertex -27.929404794730814 47.34943816497935 2.4
      vertex -27.857926095308585 47.56000762332572 2.4
    endloop
  endfacet
  facet normal -0.9978589232386039 0.06540312923013786 0
    outer loop
      vertex -27.81454373566452 47.778105473225914 1.79
      vertex -27.81454373566452 47.778105473225914 2.4
      vertex -27.8 48 1.79
    endloop
  endfacet
  facet normal -0.9978589232386039 -0.06540312923013786 0
    outer loop
      vertex -27.8 48 1.79
      vertex -27.8 48 2.4
      vertex -27.81454373566452 48.221894526774086 1.79
    endloop
  endfacet
  facet normal -0.9807852804032289 -0.19509032201613608 5.280351055108076e-19
    outer loop
      vertex -27.857926095308585 48.43999237667428 1.79
      vertex -27.81454373566452 48.221894526774086 1.79
      vertex -27.81454373566452 48.221894526774086 2.4
    endloop
  endfacet
  facet normal -0.9469301294951058 -0.32143946530316075 0
    outer loop
      vertex -27.857926095308585 48.43999237667428 1.79
      vertex -27.857926095308585 48.43999237667428 2.4
      vertex -27.929404794730814 48.65056183502065 1.79
    endloop
  endfacet
  facet normal -0.9807852804032289 0.19509032201613608 0
    outer loop
      vertex -27.81454373566452 47.778105473225914 1.79
      vertex -27.857926095308585 47.56000762332572 2.4
      vertex -27.81454373566452 47.778105473225914 2.4
    endloop
  endfacet
  facet normal -0.9978589232386039 0.06540312923013786 0
    outer loop
      vertex -27.8 48 1.79
      vertex -27.81454373566452 47.778105473225914 2.4
      vertex -27.8 48 2.4
    endloop
  endfacet
  facet normal -0.9469301294951058 -0.32143946530316075 0
    outer loop
      vertex -27.929404794730814 48.65056183502065 1.79
      vertex -27.857926095308585 48.43999237667428 2.4
      vertex -27.929404794730814 48.65056183502065 2.4
    endloop
  endfacet
  facet normal -0.9978589232386039 -0.06540312923013786 0
    outer loop
      vertex -27.81454373566452 48.221894526774086 1.79
      vertex -27.8 48 2.4
      vertex -27.81454373566452 48.221894526774086 2.4
    endloop
  endfacet
  facet normal -0.9807852804032289 -0.19509032201613608 0
    outer loop
      vertex -27.857926095308585 48.43999237667428 1.79
      vertex -27.81454373566452 48.221894526774086 2.4
      vertex -27.857926095308585 48.43999237667428 2.4
    endloop
  endfacet
  facet normal -0.8314696123025439 -0.5555702330196043 -7.55594596887671e-18
    outer loop
      vertex -28.1512993215049 49.034894429314825 1.79
      vertex -28.027756813566455 48.85 1.79
      vertex -28.027756813566455 48.85 2.4
    endloop
  endfacet
  facet normal -0.7518398074789837 -0.6593458151000616 0
    outer loop
      vertex -28.1512993215049 49.034894429314825 1.79
      vertex -28.1512993215049 49.034894429314825 2.4
      vertex -28.297918471982868 49.20208152801713 1.79
    endloop
  endfacet
  facet normal -0.8968727415326907 -0.44228869021899636 0
    outer loop
      vertex -27.929404794730814 48.65056183502065 1.79
      vertex -27.929404794730814 48.65056183502065 2.4
      vertex -28.027756813566455 48.85 1.79
    endloop
  endfacet
  facet normal -0.8314696123025439 -0.5555702330196043 0
    outer loop
      vertex -28.1512993215049 49.034894429314825 1.79
      vertex -28.027756813566455 48.85 2.4
      vertex -28.1512993215049 49.034894429314825 2.4
    endloop
  endfacet
  facet normal -0.7518398074789837 -0.6593458151000616 0
    outer loop
      vertex -28.297918471982868 49.20208152801713 1.79
      vertex -28.1512993215049 49.034894429314825 2.4
      vertex -28.297918471982868 49.20208152801713 2.4
    endloop
  endfacet
  facet normal -0.8968727415326907 -0.44228869021899636 0
    outer loop
      vertex -28.027756813566455 48.85 1.79
      vertex -27.929404794730814 48.65056183502065 2.4
      vertex -28.027756813566455 48.85 2.4
    endloop
  endfacet
  facet normal 0.6896014612051597 0.3400738063778384 -0.6393744058995455
    outer loop
      vertex -30.972243186433545 47.15 1.79
      vertex -32.26406441374533 46.40416666666667 0
      vertex -32.29999999701977 46.477036820940704 0
    endloop
  endfacet
  facet normal 0.6393132860874519 0.42717548070162864 -0.6393744058995453
    outer loop
      vertex -30.972243186433545 47.15 1.79
      vertex -32.03211941109619 46.057036439080505 0
      vertex -32.26406441374533 46.40416666666667 0
    endloop
  endfacet
  facet normal 0.5780862833936674 0.5069680641151864 -0.6393744058995454
    outer loop
      vertex -30.8487006784951 46.965105570685175 1.79
      vertex -31.756849143287063 45.74315085671293 0
      vertex -32.03211941109619 46.057036439080505 0
    endloop
  endfacet
  facet normal 0.5069680641151912 0.5780862833936621 -0.6393744058995465
    outer loop
      vertex -30.702081528017132 46.79791847198287 1.79
      vertex -31.4429635609195 45.46788058890381 0
      vertex -31.756849143287063 45.74315085671293 0
    endloop
  endfacet
  facet normal 0.6896014612051599 0.34007380637783635 -0.6393744058995465
    outer loop
      vertex -31.070595205269186 47.34943816497935 1.79
      vertex -32.29999999701977 46.477036820940704 0
      vertex -32.29999999701977 46.840202026589786 0.1931622108884929
    endloop
  endfacet
  facet normal 0.7280903641280059 0.24715337494064082 -0.6393744058995472
    outer loop
      vertex -31.142073904691415 47.56000762332572 1.79
      vertex -32.29999999701977 46.840202026589786 0.1931622108884929
      vertex -32.29999999701977 47.24974226199141 0.35147203752455936
    endloop
  endfacet
  facet normal 0.7541214390558355 0.15000408073435037 -0.6393744058995466
    outer loop
      vertex -31.18545626433548 47.778105473225914 1.79
      vertex -32.29999999701977 47.24974226199141 0.35147203752455936
      vertex -32.29999999701977 47.63137300714765 0.44100669605782805
    endloop
  endfacet
  facet normal 0.7672492870794548 0.050288175117709964 -0.6393744058995472
    outer loop
      vertex -31.2 48 1.79
      vertex -32.29999999701977 47.63137300714765 0.44100669605782805
      vertex -32.29999999701977 48 0.47000000357628097
    endloop
  endfacet
  facet normal 0.754121439055835 -0.15000408073435045 -0.6393744058995472
    outer loop
      vertex -31.142073904691415 48.43999237667428 1.79
      vertex -32.29999999701977 48.36862699285235 0.44100669605782805
      vertex -32.29999999701977 48.75025773800859 0.35147203752455936
    endloop
  endfacet
  facet normal 0.7672492870794551 -0.05028817511771009 -0.6393744058995469
    outer loop
      vertex -31.18545626433548 48.221894526774086 1.79
      vertex -32.29999999701977 48 0.47000000357628097
      vertex -32.29999999701977 48.36862699285235 0.44100669605782805
    endloop
  endfacet
  facet normal 0.42717548070162514 0.6393132860874532 -0.6393744058995462
    outer loop
      vertex -30.534894429314825 46.6512993215049 1.79
      vertex -31.095833333333335 45.23593558625467 0
      vertex -31.4429635609195 45.46788058890381 0
    endloop
  endfacet
  facet normal 0.34007380637783463 0.6896014612051612 -0.6393744058995461
    outer loop
      vertex -30.35 46.527756813566455 1.79
      vertex -30.721397954965244 45.05128449206814 0
      vertex -31.095833333333335 45.23593558625467 0
    endloop
  endfacet
  facet normal 0.2471533749406419 0.7280903641280055 -0.6393744058995472
    outer loop
      vertex -30.150561835020653 46.429404794730814 1.79
      vertex -30.32606411895221 44.91708673776072 0
      vertex -30.721397954965244 45.05128449206814 0
    endloop
  endfacet
  facet normal 0.6896014612051581 -0.3400738063778372 -0.6393744058995482
    outer loop
      vertex -32.29999999701977 49.522963179059296 0
      vertex -32.26406441374533 49.59583333333333 0
      vertex -32.29999999701977 49.159797973410214 0.1931622108884929
    endloop
  endfacet
  facet normal 0.6896014612051607 -0.34007380637783635 -0.6393744058995459
    outer loop
      vertex -30.972243186433545 48.85 1.79
      vertex -32.29999999701977 49.159797973410214 0.1931622108884929
      vertex -32.26406441374533 49.59583333333333 0
    endloop
  endfacet
  facet normal 0.7280903641280062 -0.2471533749406405 -0.6393744058995469
    outer loop
      vertex -31.070595205269186 48.65056183502065 1.79
      vertex -32.29999999701977 48.75025773800859 0.35147203752455936
      vertex -32.29999999701977 49.159797973410214 0.1931622108884929
    endloop
  endfacet
  facet normal 0.6393132860874519 -0.4271754807016286 -0.6393744058995452
    outer loop
      vertex -30.8487006784951 49.034894429314825 1.79
      vertex -32.26406441374533 49.59583333333333 0
      vertex -32.03211941109619 49.942963560919495 0
    endloop
  endfacet
  facet normal 0.5780862833936672 -0.506968064115186 -0.6393744058995461
    outer loop
      vertex -30.702081528017132 49.20208152801713 1.79
      vertex -32.03211941109619 49.942963560919495 0
      vertex -31.756849143287063 50.25684914328707 0
    endloop
  endfacet
  facet normal 0.5069680641151915 -0.578086283393662 -0.6393744058995464
    outer loop
      vertex -30.534894429314825 49.3487006784951 1.79
      vertex -31.756849143287063 50.25684914328707 0
      vertex -31.4429635609195 50.53211941109619 0
    endloop
  endfacet
  facet normal 0.42717548070162525 -0.6393132860874533 -0.639374405899546
    outer loop
      vertex -30.35 49.472243186433545 1.79
      vertex -31.4429635609195 50.53211941109619 0
      vertex -31.095833333333335 50.76406441374533 0
    endloop
  endfacet
  facet normal 0.3400738063778344 -0.6896014612051607 -0.6393744058995467
    outer loop
      vertex -30.150561835020653 49.570595205269186 1.79
      vertex -31.095833333333335 50.76406441374533 0
      vertex -30.721397954965244 50.94871550793186 0
    endloop
  endfacet
  facet normal 0.24715337494064188 -0.7280903641280054 -0.6393744058995473
    outer loop
      vertex -29.939992376674287 49.642073904691415 1.79
      vertex -30.721397954965244 50.94871550793186 0
      vertex -30.32606411895221 51.08291326223928 0
    endloop
  endfacet
  facet normal 0.1500040807343522 0.7541214390558345 -0.6393744058995475
    outer loop
      vertex -29.939992376674287 46.357926095308585 1.79
      vertex -29.916596096835665 44.83563848411525 0
      vertex -30.32606411895221 44.91708673776072 0
    endloop
  endfacet
  facet normal 0.050288175117707966 0.7672492870794548 -0.6393744058995472
    outer loop
      vertex -29.721894526774086 46.31454373566452 1.79
      vertex -29.5 44.80833333333333 0
      vertex -29.916596096835665 44.83563848411525 0
    endloop
  endfacet
  facet normal -0.05028817511770782 0.7672492870794555 -0.6393744058995465
    outer loop
      vertex -29.5 46.3 1.79
      vertex -29.083403903164335 44.83563848411525 0
      vertex -29.5 44.80833333333333 0
    endloop
  endfacet
  facet normal -0.15000408073435187 0.7541214390558346 -0.6393744058995473
    outer loop
      vertex -29.278105473225914 46.31454373566452 1.79
      vertex -28.67393588104779 44.91708673776072 0
      vertex -29.083403903164335 44.83563848411525 0
    endloop
  endfacet
  facet normal -0.24715337494064188 0.7280903641280054 -0.6393744058995473
    outer loop
      vertex -29.060007623325713 46.357926095308585 1.79
      vertex -28.278602045034756 45.05128449206814 0
      vertex -28.67393588104779 44.91708673776072 0
    endloop
  endfacet
  facet normal -0.3400738063778344 0.6896014612051607 -0.6393744058995467
    outer loop
      vertex -28.849438164979347 46.429404794730814 1.79
      vertex -27.904166666666665 45.23593558625467 0
      vertex -28.278602045034756 45.05128449206814 0
    endloop
  endfacet
  facet normal 0.15000408073435187 -0.7541214390558346 -0.6393744058995473
    outer loop
      vertex -29.721894526774086 49.68545626433548 1.79
      vertex -30.32606411895221 51.08291326223928 0
      vertex -29.916596096835665 51.16436151588475 0
    endloop
  endfacet
  facet normal 0.05028817511770782 -0.7672492870794555 -0.6393744058995465
    outer loop
      vertex -29.5 49.7 1.79
      vertex -29.916596096835665 51.16436151588475 0
      vertex -29.5 51.19166666666667 0
    endloop
  endfacet
  facet normal -0.050288175117707966 -0.7672492870794548 -0.6393744058995472
    outer loop
      vertex -29.278105473225914 49.68545626433548 1.79
      vertex -29.5 51.19166666666667 0
      vertex -29.083403903164335 51.16436151588475 0
    endloop
  endfacet
  facet normal -0.34007380637783463 -0.6896014612051612 -0.6393744058995461
    outer loop
      vertex -28.65 49.472243186433545 1.79
      vertex -28.278602045034756 50.94871550793186 0
      vertex -27.904166666666665 50.76406441374533 0
    endloop
  endfacet
  facet normal -0.1500040807343522 -0.7541214390558345 -0.6393744058995475
    outer loop
      vertex -29.060007623325713 49.642073904691415 1.79
      vertex -29.083403903164335 51.16436151588475 0
      vertex -28.67393588104779 51.08291326223928 0
    endloop
  endfacet
  facet normal -0.2471533749406419 -0.7280903641280055 -0.6393744058995472
    outer loop
      vertex -28.849438164979347 49.570595205269186 1.79
      vertex -28.67393588104779 51.08291326223928 0
      vertex -28.278602045034756 50.94871550793186 0
    endloop
  endfacet
  facet normal 0.6896014612051656 0.3400738063778265 -0.6393744058995456
    outer loop
      vertex -30.972243186433545 47.15 1.79
      vertex -32.29999999701977 46.477036820940704 0
      vertex -31.070595205269186 47.34943816497935 1.79
    endloop
  endfacet
  facet normal 0.7280903641280073 0.2471533749406375 -0.6393744058995469
    outer loop
      vertex -31.070595205269186 47.34943816497935 1.79
      vertex -32.29999999701977 46.840202026589786 0.1931622108884929
      vertex -31.142073904691415 47.56000762332572 1.79
    endloop
  endfacet
  facet normal 0.7541214390558336 0.1500040807343566 -0.6393744058995474
    outer loop
      vertex -31.18545626433548 47.778105473225914 1.79
      vertex -31.142073904691415 47.56000762332572 1.79
      vertex -32.29999999701977 47.24974226199141 0.35147203752455936
    endloop
  endfacet
  facet normal 0.7672492870794555 0.05028817511770631 -0.6393744058995467
    outer loop
      vertex -31.18545626433548 47.778105473225914 1.79
      vertex -32.29999999701977 47.63137300714765 0.44100669605782805
      vertex -31.2 48 1.79
    endloop
  endfacet
  facet normal 0.767249287079455 -0.05028817511770627 -0.6393744058995473
    outer loop
      vertex -31.2 48 1.79
      vertex -32.29999999701977 48 0.47000000357628097
      vertex -31.18545626433548 48.221894526774086 1.79
    endloop
  endfacet
  facet normal 0.7541214390558344 -0.15000408073435673 -0.6393744058995465
    outer loop
      vertex -31.18545626433548 48.221894526774086 1.79
      vertex -32.29999999701977 48.36862699285235 0.44100669605782805
      vertex -31.142073904691415 48.43999237667428 1.79
    endloop
  endfacet
  facet normal 0.5780862833936615 0.5069680641151919 -0.6393744058995463
    outer loop
      vertex -30.702081528017132 46.79791847198287 1.79
      vertex -31.756849143287063 45.74315085671293 0
      vertex -30.8487006784951 46.965105570685175 1.79
    endloop
  endfacet
  facet normal 0.5069680641151919 0.5780862833936615 -0.6393744058995464
    outer loop
      vertex -30.702081528017132 46.79791847198287 1.79
      vertex -30.534894429314825 46.6512993215049 1.79
      vertex -31.4429635609195 45.46788058890381 0
    endloop
  endfacet
  facet normal 0.42717548070162714 0.6393132860874522 -0.6393744058995459
    outer loop
      vertex -30.534894429314825 46.6512993215049 1.79
      vertex -30.35 46.527756813566455 1.79
      vertex -31.095833333333335 45.23593558625467 0
    endloop
  endfacet
  facet normal 0.34007380637782597 0.6896014612051645 -0.639374405899547
    outer loop
      vertex -30.35 46.527756813566455 1.79
      vertex -30.150561835020653 46.429404794730814 1.79
      vertex -30.721397954965244 45.05128449206814 0
    endloop
  endfacet
  facet normal 0.6393132860874527 0.42717548070162753 -0.6393744058995453
    outer loop
      vertex -30.972243186433545 47.15 1.79
      vertex -30.8487006784951 46.965105570685175 1.79
      vertex -32.03211941109619 46.057036439080505 0
    endloop
  endfacet
  facet normal 0.6393132860874526 -0.4271754807016274 -0.6393744058995454
    outer loop
      vertex -30.972243186433545 48.85 1.79
      vertex -32.26406441374533 49.59583333333333 0
      vertex -30.8487006784951 49.034894429314825 1.79
    endloop
  endfacet
  facet normal 0.6896014612051646 -0.3400738063778261 -0.6393744058995471
    outer loop
      vertex -31.070595205269186 48.65056183502065 1.79
      vertex -32.29999999701977 49.159797973410214 0.1931622108884929
      vertex -30.972243186433545 48.85 1.79
    endloop
  endfacet
  facet normal 0.7280903641280068 -0.24715337494063738 -0.6393744058995473
    outer loop
      vertex -31.142073904691415 48.43999237667428 1.79
      vertex -32.29999999701977 48.75025773800859 0.35147203752455936
      vertex -31.070595205269186 48.65056183502065 1.79
    endloop
  endfacet
  facet normal 0.5780862833936622 -0.5069680641151926 -0.6393744058995453
    outer loop
      vertex -30.8487006784951 49.034894429314825 1.79
      vertex -32.03211941109619 49.942963560919495 0
      vertex -30.702081528017132 49.20208152801713 1.79
    endloop
  endfacet
  facet normal 0.5069680641151918 -0.5780862833936614 -0.6393744058995465
    outer loop
      vertex -30.702081528017132 49.20208152801713 1.79
      vertex -31.756849143287063 50.25684914328707 0
      vertex -30.534894429314825 49.3487006784951 1.79
    endloop
  endfacet
  facet normal 0.4271754807016271 -0.6393132860874521 -0.6393744058995462
    outer loop
      vertex -30.534894429314825 49.3487006784951 1.79
      vertex -31.4429635609195 50.53211941109619 0
      vertex -30.35 49.472243186433545 1.79
    endloop
  endfacet
  facet normal 0.3400738063778265 -0.6896014612051656 -0.6393744058995458
    outer loop
      vertex -30.35 49.472243186433545 1.79
      vertex -31.095833333333335 50.76406441374533 0
      vertex -30.150561835020653 49.570595205269186 1.79
    endloop
  endfacet
  facet normal 0.2471533749406411 0.7280903641280055 -0.6393744058995472
    outer loop
      vertex -29.939992376674287 46.357926095308585 1.79
      vertex -30.32606411895221 44.91708673776072 0
      vertex -30.150561835020653 46.429404794730814 1.79
    endloop
  endfacet
  facet normal 0.15000408073435426 0.7541214390558342 -0.6393744058995473
    outer loop
      vertex -29.939992376674287 46.357926095308585 1.79
      vertex -29.721894526774086 46.31454373566452 1.79
      vertex -29.916596096835665 44.83563848411525 0
    endloop
  endfacet
  facet normal 0.050288175117718575 0.7672492870794552 -0.6393744058995461
    outer loop
      vertex -29.721894526774086 46.31454373566452 1.79
      vertex -29.5 46.3 1.79
      vertex -29.5 44.80833333333333 0
    endloop
  endfacet
  facet normal -0.050288175117718485 0.7672492870794538 -0.6393744058995476
    outer loop
      vertex -29.5 46.3 1.79
      vertex -29.278105473225914 46.31454373566452 1.79
      vertex -29.083403903164335 44.83563848411525 0
    endloop
  endfacet
  facet normal -0.15000408073435423 0.7541214390558341 -0.6393744058995475
    outer loop
      vertex -29.278105473225914 46.31454373566452 1.79
      vertex -29.060007623325713 46.357926095308585 1.79
      vertex -28.67393588104779 44.91708673776072 0
    endloop
  endfacet
  facet normal -0.24715337494064116 0.7280903641280058 -0.639374405899547
    outer loop
      vertex -29.060007623325713 46.357926095308585 1.79
      vertex -28.849438164979347 46.429404794730814 1.79
      vertex -28.278602045034756 45.05128449206814 0
    endloop
  endfacet
  facet normal -0.3400738063778265 0.6896014612051656 -0.6393744058995458
    outer loop
      vertex -28.849438164979347 46.429404794730814 1.79
      vertex -28.65 46.527756813566455 1.79
      vertex -27.904166666666665 45.23593558625467 0
    endloop
  endfacet
  facet normal 0.24715337494064116 -0.7280903641280058 -0.6393744058995471
    outer loop
      vertex -30.150561835020653 49.570595205269186 1.79
      vertex -30.721397954965244 50.94871550793186 0
      vertex -29.939992376674287 49.642073904691415 1.79
    endloop
  endfacet
  facet normal 0.15000408073435423 -0.7541214390558341 -0.6393744058995475
    outer loop
      vertex -29.939992376674287 49.642073904691415 1.79
      vertex -30.32606411895221 51.08291326223928 0
      vertex -29.721894526774086 49.68545626433548 1.79
    endloop
  endfacet
  facet normal 0.050288175117718485 -0.7672492870794538 -0.6393744058995476
    outer loop
      vertex -29.721894526774086 49.68545626433548 1.79
      vertex -29.916596096835665 51.16436151588475 0
      vertex -29.5 49.7 1.79
    endloop
  endfacet
  facet normal -0.050288175117718575 -0.7672492870794552 -0.6393744058995461
    outer loop
      vertex -29.5 49.7 1.79
      vertex -29.5 51.19166666666667 0
      vertex -29.278105473225914 49.68545626433548 1.79
    endloop
  endfacet
  facet normal -0.15000408073435426 -0.7541214390558342 -0.6393744058995472
    outer loop
      vertex -29.278105473225914 49.68545626433548 1.79
      vertex -29.083403903164335 51.16436151588475 0
      vertex -29.060007623325713 49.642073904691415 1.79
    endloop
  endfacet
  facet normal -0.24715337494064116 -0.7280903641280058 -0.6393744058995472
    outer loop
      vertex -28.849438164979347 49.570595205269186 1.79
      vertex -29.060007623325713 49.642073904691415 1.79
      vertex -28.67393588104779 51.08291326223928 0
    endloop
  endfacet
  facet normal -0.34007380637782597 -0.6896014612051645 -0.639374405899547
    outer loop
      vertex -28.849438164979347 49.570595205269186 1.79
      vertex -28.278602045034756 50.94871550793186 0
      vertex -28.65 49.472243186433545 1.79
    endloop
  endfacet
  facet normal -0.42717548070162714 -0.6393132860874522 -0.6393744058995459
    outer loop
      vertex -28.65 49.472243186433545 1.79
      vertex -27.904166666666665 50.76406441374533 0
      vertex -28.465105570685175 49.3487006784951 1.79
    endloop
  endfacet
  facet normal -0.42717548070162525 0.6393132860874533 -0.639374405899546
    outer loop
      vertex -28.65 46.527756813566455 1.79
      vertex -27.5570364390805 45.46788058890381 0
      vertex -27.904166666666665 45.23593558625467 0
    endloop
  endfacet
  facet normal -0.5069680641151915 0.578086283393662 -0.6393744058995464
    outer loop
      vertex -28.465105570685175 46.6512993215049 1.79
      vertex -27.243150856712937 45.74315085671293 0
      vertex -27.5570364390805 45.46788058890381 0
    endloop
  endfacet
  facet normal -0.5780862833936639 0.5069680641151895 -0.6393744058995462
    outer loop
      vertex -28.297918471982868 46.79791847198287 1.79
      vertex -26.967880588903807 46.057036439080505 0
      vertex -27.243150856712937 45.74315085671293 0
    endloop
  endfacet
  facet normal -0.6393132860874545 0.4271754807016238 -0.6393744058995458
    outer loop
      vertex -28.1512993215049 46.965105570685175 1.79
      vertex -26.73593558625467 46.40416666666667 0
      vertex -26.967880588903807 46.057036439080505 0
    endloop
  endfacet
  facet normal -0.6896014612051589 0.3400738063778397 -0.6393744058995459
    outer loop
      vertex -28.027756813566455 47.15 1.79
      vertex -26.55128449206814 46.77860204503475 0
      vertex -26.73593558625467 46.40416666666667 0
    endloop
  endfacet
  facet normal -0.7280903641280081 0.24715337494063433 -0.6393744058995472
    outer loop
      vertex -27.929404794730814 47.34943816497935 1.79
      vertex -26.417086737760723 47.17393588104779 0
      vertex -26.55128449206814 46.77860204503475 0
    endloop
  endfacet
  facet normal -0.7541214390558354 0.1500040807343508 -0.6393744058995467
    outer loop
      vertex -27.857926095308585 47.56000762332572 1.79
      vertex -26.335638484115254 47.58340390316434 0
      vertex -26.417086737760723 47.17393588104779 0
    endloop
  endfacet
  facet normal -0.7672492870794556 0.050288175117708146 -0.6393744058995463
    outer loop
      vertex -27.81454373566452 47.778105473225914 1.79
      vertex -26.308333333333334 48 0
      vertex -26.335638484115254 47.58340390316434 0
    endloop
  endfacet
  facet normal -0.7672492870794554 -0.05028817511770818 -0.6393744058995464
    outer loop
      vertex -27.8 48 1.79
      vertex -26.335638484115254 48.41659609683566 0
      vertex -26.308333333333334 48 0
    endloop
  endfacet
  facet normal -0.7541214390558356 -0.15000408073435095 -0.6393744058995463
    outer loop
      vertex -27.81454373566452 48.221894526774086 1.79
      vertex -26.417086737760723 48.82606411895221 0
      vertex -26.335638484115254 48.41659609683566 0
    endloop
  endfacet
  facet normal -0.42717548070162514 -0.6393132860874532 -0.6393744058995462
    outer loop
      vertex -28.465105570685175 49.3487006784951 1.79
      vertex -27.904166666666665 50.76406441374533 0
      vertex -27.5570364390805 50.53211941109619 0
    endloop
  endfacet
  facet normal -0.5069680641151912 -0.5780862833936621 -0.6393744058995465
    outer loop
      vertex -28.297918471982868 49.20208152801713 1.79
      vertex -27.5570364390805 50.53211941109619 0
      vertex -27.243150856712937 50.25684914328707 0
    endloop
  endfacet
  facet normal -0.5780862833936637 -0.5069680641151898 -0.6393744058995461
    outer loop
      vertex -28.1512993215049 49.034894429314825 1.79
      vertex -27.243150856712937 50.25684914328707 0
      vertex -26.967880588903807 49.942963560919495 0
    endloop
  endfacet
  facet normal -0.6393132860874546 -0.4271754807016241 -0.6393744058995454
    outer loop
      vertex -28.027756813566455 48.85 1.79
      vertex -26.967880588903807 49.942963560919495 0
      vertex -26.73593558625467 49.59583333333333 0
    endloop
  endfacet
  facet normal -0.6896014612051581 -0.34007380637783924 -0.639374405899547
    outer loop
      vertex -27.929404794730814 48.65056183502065 1.79
      vertex -26.73593558625467 49.59583333333333 0
      vertex -26.55128449206814 49.22139795496525 0
    endloop
  endfacet
  facet normal -0.7280903641280084 -0.24715337494063427 -0.6393744058995467
    outer loop
      vertex -27.857926095308585 48.43999237667428 1.79
      vertex -26.55128449206814 49.22139795496525 0
      vertex -26.417086737760723 48.82606411895221 0
    endloop
  endfacet
  facet normal -0.4271754807016271 0.6393132860874521 -0.6393744058995462
    outer loop
      vertex -28.65 46.527756813566455 1.79
      vertex -28.465105570685175 46.6512993215049 1.79
      vertex -27.5570364390805 45.46788058890381 0
    endloop
  endfacet
  facet normal -0.5069680641151918 0.5780862833936614 -0.6393744058995465
    outer loop
      vertex -28.465105570685175 46.6512993215049 1.79
      vertex -28.297918471982868 46.79791847198287 1.79
      vertex -27.243150856712937 45.74315085671293 0
    endloop
  endfacet
  facet normal -0.5780862833936619 0.5069680641151922 -0.639374405899546
    outer loop
      vertex -28.297918471982868 46.79791847198287 1.79
      vertex -28.1512993215049 46.965105570685175 1.79
      vertex -26.967880588903807 46.057036439080505 0
    endloop
  endfacet
  facet normal -0.6393132860874526 0.4271754807016274 -0.6393744058995454
    outer loop
      vertex -28.1512993215049 46.965105570685175 1.79
      vertex -28.027756813566455 47.15 1.79
      vertex -26.73593558625467 46.40416666666667 0
    endloop
  endfacet
  facet normal -0.6896014612051643 0.34007380637782586 -0.6393744058995473
    outer loop
      vertex -28.027756813566455 47.15 1.79
      vertex -27.929404794730814 47.34943816497935 1.79
      vertex -26.55128449206814 46.77860204503475 0
    endloop
  endfacet
  facet normal -0.7280903641280072 0.24715337494063752 -0.6393744058995467
    outer loop
      vertex -27.929404794730814 47.34943816497935 1.79
      vertex -27.857926095308585 47.56000762332572 1.79
      vertex -26.417086737760723 47.17393588104779 0
    endloop
  endfacet
  facet normal -0.7541214390558346 0.1500040807343568 -0.6393744058995461
    outer loop
      vertex -27.857926095308585 47.56000762332572 1.79
      vertex -27.81454373566452 47.778105473225914 1.79
      vertex -26.335638484115254 47.58340390316434 0
    endloop
  endfacet
  facet normal -0.7672492870794555 0.05028817511770631 -0.6393744058995464
    outer loop
      vertex -27.81454373566452 47.778105473225914 1.79
      vertex -27.8 48 1.79
      vertex -26.308333333333334 48 0
    endloop
  endfacet
  facet normal -0.7672492870794558 -0.05028817511770633 -0.6393744058995462
    outer loop
      vertex -27.8 48 1.79
      vertex -27.81454373566452 48.221894526774086 1.79
      vertex -26.335638484115254 48.41659609683566 0
    endloop
  endfacet
  facet normal -0.7541214390558341 -0.15000408073435667 -0.639374405899547
    outer loop
      vertex -27.857926095308585 48.43999237667428 1.79
      vertex -26.417086737760723 48.82606411895221 0
      vertex -27.81454373566452 48.221894526774086 1.79
    endloop
  endfacet
  facet normal -0.5780862833936615 -0.5069680641151919 -0.6393744058995463
    outer loop
      vertex -28.1512993215049 49.034894429314825 1.79
      vertex -28.297918471982868 49.20208152801713 1.79
      vertex -27.243150856712937 50.25684914328707 0
    endloop
  endfacet
  facet normal -0.5069680641151919 -0.5780862833936615 -0.6393744058995465
    outer loop
      vertex -28.465105570685175 49.3487006784951 1.79
      vertex -27.5570364390805 50.53211941109619 0
      vertex -28.297918471982868 49.20208152801713 1.79
    endloop
  endfacet
  facet normal -0.6896014612051659 -0.34007380637782664 -0.6393744058995453
    outer loop
      vertex -27.929404794730814 48.65056183502065 1.79
      vertex -28.027756813566455 48.85 1.79
      vertex -26.73593558625467 49.59583333333333 0
    endloop
  endfacet
  facet normal -0.6393132860874522 -0.42717548070162714 -0.639374405899546
    outer loop
      vertex -28.1512993215049 49.034894429314825 1.79
      vertex -26.967880588903807 49.942963560919495 0
      vertex -28.027756813566455 48.85 1.79
    endloop
  endfacet
  facet normal -0.7280903641280069 -0.2471533749406374 -0.6393744058995472
    outer loop
      vertex -27.857926095308585 48.43999237667428 1.79
      vertex -27.929404794730814 48.65056183502065 1.79
      vertex -26.55128449206814 49.22139795496525 0
    endloop
  endfacet
  facet normal 0.8968727415326907 0.44228869021899636 6.966881537793375e-18
    outer loop
      vertex 28.027756813566455 -48.85 1.79
      vertex 27.929404794730814 -48.65056183502065 1.79
      vertex 27.929404794730814 -48.65056183502065 2.4
    endloop
  endfacet
  facet normal 0.7518398074789837 0.6593458151000616 -7.792562458705223e-19
    outer loop
      vertex 28.297918471982868 -49.20208152801713 1.79
      vertex 28.1512993215049 -49.034894429314825 1.79
      vertex 28.1512993215049 -49.034894429314825 2.4
    endloop
  endfacet
  facet normal 0.8314696123025439 0.5555702330196043 0
    outer loop
      vertex 28.027756813566455 -48.85 1.79
      vertex 28.027756813566455 -48.85 2.4
      vertex 28.1512993215049 -49.034894429314825 1.79
    endloop
  endfacet
  facet normal 0.8968727415326907 0.44228869021899636 0
    outer loop
      vertex 28.027756813566455 -48.85 1.79
      vertex 27.929404794730814 -48.65056183502065 2.4
      vertex 28.027756813566455 -48.85 2.4
    endloop
  endfacet
  facet normal 0.7518398074789837 0.6593458151000616 0
    outer loop
      vertex 28.297918471982868 -49.20208152801713 1.79
      vertex 28.1512993215049 -49.034894429314825 2.4
      vertex 28.297918471982868 -49.20208152801713 2.4
    endloop
  endfacet
  facet normal 0.8314696123025439 0.5555702330196043 0
    outer loop
      vertex 28.1512993215049 -49.034894429314825 1.79
      vertex 28.027756813566455 -48.85 2.4
      vertex 28.1512993215049 -49.034894429314825 2.4
    endloop
  endfacet
  facet normal 0.9469301294951058 0.32143946530316075 6.041492547398158e-18
    outer loop
      vertex 27.929404794730814 -48.65056183502065 1.79
      vertex 27.857926095308585 -48.43999237667428 1.79
      vertex 27.857926095308585 -48.43999237667428 2.4
    endloop
  endfacet
  facet normal 0.9807852804032289 0.19509032201613608 0
    outer loop
      vertex 27.81454373566452 -48.221894526774086 1.79
      vertex 27.81454373566452 -48.221894526774086 2.4
      vertex 27.857926095308585 -48.43999237667428 1.79
    endloop
  endfacet
  facet normal 0.9978589232386039 0.06540312923013786 1.2170866897901727e-18
    outer loop
      vertex 27.81454373566452 -48.221894526774086 1.79
      vertex 27.8 -48 1.79
      vertex 27.8 -48 2.4
    endloop
  endfacet
  facet normal 0.9978589232386039 -0.06540312923013786 -1.2170866897901727e-18
    outer loop
      vertex 27.8 -48 1.79
      vertex 27.81454373566452 -47.778105473225914 1.79
      vertex 27.81454373566452 -47.778105473225914 2.4
    endloop
  endfacet
  facet normal 0.9807852804032289 0.19509032201613608 0
    outer loop
      vertex 27.857926095308585 -48.43999237667428 1.79
      vertex 27.81454373566452 -48.221894526774086 2.4
      vertex 27.857926095308585 -48.43999237667428 2.4
    endloop
  endfacet
  facet normal 0.9978589232386039 0.06540312923013786 0
    outer loop
      vertex 27.81454373566452 -48.221894526774086 1.79
      vertex 27.8 -48 2.4
      vertex 27.81454373566452 -48.221894526774086 2.4
    endloop
  endfacet
  facet normal 0.9469301294951058 0.32143946530316075 0
    outer loop
      vertex 27.929404794730814 -48.65056183502065 1.79
      vertex 27.857926095308585 -48.43999237667428 2.4
      vertex 27.929404794730814 -48.65056183502065 2.4
    endloop
  endfacet
  facet normal 0.9978589232386039 -0.06540312923013786 0
    outer loop
      vertex 27.8 -48 1.79
      vertex 27.81454373566452 -47.778105473225914 2.4
      vertex 27.8 -48 2.4
    endloop
  endfacet
  facet normal 0.9807852804032289 -0.19509032201613608 0
    outer loop
      vertex 27.81454373566452 -47.778105473225914 1.79
      vertex 27.857926095308585 -47.56000762332572 2.4
      vertex 27.81454373566452 -47.778105473225914 2.4
    endloop
  endfacet
  facet normal 0.9807852804032289 -0.19509032201613608 -5.280351055108076e-19
    outer loop
      vertex 27.81454373566452 -47.778105473225914 1.79
      vertex 27.857926095308585 -47.56000762332572 1.79
      vertex 27.857926095308585 -47.56000762332572 2.4
    endloop
  endfacet
  facet normal 0.9469301294951058 -0.32143946530316075 -6.041492547398158e-18
    outer loop
      vertex 27.857926095308585 -47.56000762332572 1.79
      vertex 27.929404794730814 -47.34943816497935 1.79
      vertex 27.929404794730814 -47.34943816497935 2.4
    endloop
  endfacet
  facet normal 0.8968727415326907 -0.44228869021899636 -6.966881537793375e-18
    outer loop
      vertex 27.929404794730814 -47.34943816497935 1.79
      vertex 28.027756813566455 -47.15 1.79
      vertex 28.027756813566455 -47.15 2.4
    endloop
  endfacet
  facet normal 0.8314696123025439 -0.5555702330196043 7.55594596887671e-18
    outer loop
      vertex 28.027756813566455 -47.15 1.79
      vertex 28.1512993215049 -46.965105570685175 1.79
      vertex 28.1512993215049 -46.965105570685175 2.4
    endloop
  endfacet
  facet normal 0.7518398074789837 -0.6593458151000616 7.792562458705223e-19
    outer loop
      vertex 28.1512993215049 -46.965105570685175 1.79
      vertex 28.297918471982868 -46.79791847198287 1.79
      vertex 28.297918471982868 -46.79791847198287 2.4
    endloop
  endfacet
  facet normal 0.9469301294951058 -0.32143946530316075 0
    outer loop
      vertex 27.857926095308585 -47.56000762332572 1.79
      vertex 27.929404794730814 -47.34943816497935 2.4
      vertex 27.857926095308585 -47.56000762332572 2.4
    endloop
  endfacet
  facet normal 0.8968727415326907 -0.44228869021899636 0
    outer loop
      vertex 27.929404794730814 -47.34943816497935 1.79
      vertex 28.027756813566455 -47.15 2.4
      vertex 27.929404794730814 -47.34943816497935 2.4
    endloop
  endfacet
  facet normal 0.8314696123025439 -0.5555702330196043 0
    outer loop
      vertex 28.027756813566455 -47.15 1.79
      vertex 28.1512993215049 -46.965105570685175 2.4
      vertex 28.027756813566455 -47.15 2.4
    endloop
  endfacet
  facet normal 0.7518398074789837 -0.6593458151000616 0
    outer loop
      vertex 28.1512993215049 -46.965105570685175 1.79
      vertex 28.297918471982868 -46.79791847198287 2.4
      vertex 28.1512993215049 -46.965105570685175 2.4
    endloop
  endfacet
  facet normal 0.6593458151000616 0.7518398074789837 0
    outer loop
      vertex 28.297918471982868 -49.20208152801713 1.79
      vertex 28.297918471982868 -49.20208152801713 2.4
      vertex 28.465105570685175 -49.3487006784951 1.79
    endloop
  endfacet
  facet normal 0.5555702330196043 0.8314696123025439 0
    outer loop
      vertex 28.465105570685175 -49.3487006784951 1.79
      vertex 28.465105570685175 -49.3487006784951 2.4
      vertex 28.65 -49.472243186433545 1.79
    endloop
  endfacet
  facet normal 0.44228869021899636 0.8968727415326907 0
    outer loop
      vertex 28.65 -49.472243186433545 1.79
      vertex 28.65 -49.472243186433545 2.4
      vertex 28.849438164979347 -49.570595205269186 1.79
    endloop
  endfacet
  facet normal 0.6593458151000616 0.7518398074789837 0
    outer loop
      vertex 28.465105570685175 -49.3487006784951 1.79
      vertex 28.297918471982868 -49.20208152801713 2.4
      vertex 28.465105570685175 -49.3487006784951 2.4
    endloop
  endfacet
  facet normal 0.5555702330196043 0.8314696123025439 0
    outer loop
      vertex 28.65 -49.472243186433545 1.79
      vertex 28.465105570685175 -49.3487006784951 2.4
      vertex 28.65 -49.472243186433545 2.4
    endloop
  endfacet
  facet normal 0.3214394653031657 0.9469301294951044 -1.780316309638652e-18
    outer loop
      vertex 29.060007623325713 -49.642073904691415 1.79
      vertex 28.849438164979347 -49.570595205269186 1.79
      vertex 28.849438164979347 -49.570595205269186 2.4
    endloop
  endfacet
  facet normal 0.19509032201613302 0.9807852804032294 0
    outer loop
      vertex 29.060007623325713 -49.642073904691415 1.79
      vertex 29.060007623325713 -49.642073904691415 2.4
      vertex 29.278105473225914 -49.68545626433548 1.79
    endloop
  endfacet
  facet normal 0.44228869021899636 0.8968727415326907 0
    outer loop
      vertex 28.849438164979347 -49.570595205269186 1.79
      vertex 28.65 -49.472243186433545 2.4
      vertex 28.849438164979347 -49.570595205269186 2.4
    endloop
  endfacet
  facet normal 0.3214394653031657 0.9469301294951044 0
    outer loop
      vertex 29.060007623325713 -49.642073904691415 1.79
      vertex 28.849438164979347 -49.570595205269186 2.4
      vertex 29.060007623325713 -49.642073904691415 2.4
    endloop
  endfacet
  facet normal 0.19509032201613302 0.9807852804032294 0
    outer loop
      vertex 29.278105473225914 -49.68545626433548 1.79
      vertex 29.060007623325713 -49.642073904691415 2.4
      vertex 29.278105473225914 -49.68545626433548 2.4
    endloop
  endfacet
  facet normal 0.06540312923015376 0.9978589232386028 0
    outer loop
      vertex 29.278105473225914 -49.68545626433548 1.79
      vertex 29.278105473225914 -49.68545626433548 2.4
      vertex 29.5 -49.7 1.79
    endloop
  endfacet
  facet normal -0.06540312923015376 0.9978589232386028 0
    outer loop
      vertex 29.5 -49.7 1.79
      vertex 29.5 -49.7 2.4
      vertex 29.721894526774086 -49.68545626433548 1.79
    endloop
  endfacet
  facet normal 0.06540312923015376 0.9978589232386028 0
    outer loop
      vertex 29.5 -49.7 1.79
      vertex 29.278105473225914 -49.68545626433548 2.4
      vertex 29.5 -49.7 2.4
    endloop
  endfacet
  facet normal -0.06540312923015376 0.9978589232386028 0
    outer loop
      vertex 29.721894526774086 -49.68545626433548 1.79
      vertex 29.5 -49.7 2.4
      vertex 29.721894526774086 -49.68545626433548 2.4
    endloop
  endfacet
  facet normal -0.19509032201613302 0.9807852804032294 0
    outer loop
      vertex 29.721894526774086 -49.68545626433548 1.79
      vertex 29.721894526774086 -49.68545626433548 2.4
      vertex 29.939992376674287 -49.642073904691415 1.79
    endloop
  endfacet
  facet normal -0.3214394653031657 0.9469301294951044 0
    outer loop
      vertex 29.939992376674287 -49.642073904691415 1.79
      vertex 29.939992376674287 -49.642073904691415 2.4
      vertex 30.150561835020653 -49.570595205269186 1.79
    endloop
  endfacet
  facet normal -0.44228869021899636 0.8968727415326907 0
    outer loop
      vertex 30.150561835020653 -49.570595205269186 1.79
      vertex 30.150561835020653 -49.570595205269186 2.4
      vertex 30.35 -49.472243186433545 1.79
    endloop
  endfacet
  facet normal -0.19509032201613302 0.9807852804032294 0
    outer loop
      vertex 29.939992376674287 -49.642073904691415 1.79
      vertex 29.721894526774086 -49.68545626433548 2.4
      vertex 29.939992376674287 -49.642073904691415 2.4
    endloop
  endfacet
  facet normal -0.3214394653031657 0.9469301294951044 0
    outer loop
      vertex 30.150561835020653 -49.570595205269186 1.79
      vertex 29.939992376674287 -49.642073904691415 2.4
      vertex 30.150561835020653 -49.570595205269186 2.4
    endloop
  endfacet
  facet normal 0.6593458151000616 -0.7518398074789837 0
    outer loop
      vertex 28.297918471982868 -46.79791847198287 1.79
      vertex 28.465105570685175 -46.6512993215049 2.4
      vertex 28.297918471982868 -46.79791847198287 2.4
    endloop
  endfacet
  facet normal 0.6593458151000616 -0.7518398074789837 7.792562458705223e-19
    outer loop
      vertex 28.297918471982868 -46.79791847198287 1.79
      vertex 28.465105570685175 -46.6512993215049 1.79
      vertex 28.465105570685175 -46.6512993215049 2.4
    endloop
  endfacet
  facet normal 0.5555702330196043 -0.8314696123025439 7.55594596887671e-18
    outer loop
      vertex 28.465105570685175 -46.6512993215049 1.79
      vertex 28.65 -46.527756813566455 1.79
      vertex 28.65 -46.527756813566455 2.4
    endloop
  endfacet
  facet normal 0.5555702330196043 -0.8314696123025439 0
    outer loop
      vertex 28.465105570685175 -46.6512993215049 1.79
      vertex 28.65 -46.527756813566455 2.4
      vertex 28.465105570685175 -46.6512993215049 2.4
    endloop
  endfacet
  facet normal 0.44228869021899636 -0.8968727415326907 0
    outer loop
      vertex 28.65 -46.527756813566455 1.79
      vertex 28.849438164979347 -46.429404794730814 2.4
      vertex 28.65 -46.527756813566455 2.4
    endloop
  endfacet
  facet normal 0.44228869021899636 -0.8968727415326907 -6.966881537793375e-18
    outer loop
      vertex 28.65 -46.527756813566455 1.79
      vertex 28.849438164979347 -46.429404794730814 1.79
      vertex 28.849438164979347 -46.429404794730814 2.4
    endloop
  endfacet
  facet normal 0.3214394653031657 -0.9469301294951044 1.780316309638652e-18
    outer loop
      vertex 28.849438164979347 -46.429404794730814 1.79
      vertex 29.060007623325713 -46.357926095308585 1.79
      vertex 29.060007623325713 -46.357926095308585 2.4
    endloop
  endfacet
  facet normal 0.19509032201613302 -0.9807852804032294 -2.483762954238055e-18
    outer loop
      vertex 29.060007623325713 -46.357926095308585 1.79
      vertex 29.278105473225914 -46.31454373566452 1.79
      vertex 29.278105473225914 -46.31454373566452 2.4
    endloop
  endfacet
  facet normal 0.3214394653031657 -0.9469301294951044 0
    outer loop
      vertex 28.849438164979347 -46.429404794730814 1.79
      vertex 29.060007623325713 -46.357926095308585 2.4
      vertex 28.849438164979347 -46.429404794730814 2.4
    endloop
  endfacet
  facet normal 0.19509032201613302 -0.9807852804032294 0
    outer loop
      vertex 29.060007623325713 -46.357926095308585 1.79
      vertex 29.278105473225914 -46.31454373566452 2.4
      vertex 29.060007623325713 -46.357926095308585 2.4
    endloop
  endfacet
  facet normal 0.06540312923015376 -0.9978589232386028 1.2126299259959805e-18
    outer loop
      vertex 29.278105473225914 -46.31454373566452 1.79
      vertex 29.5 -46.3 1.79
      vertex 29.5 -46.3 2.4
    endloop
  endfacet
  facet normal -0.06540312923015376 -0.9978589232386028 -1.2126299259959805e-18
    outer loop
      vertex 29.5 -46.3 1.79
      vertex 29.721894526774086 -46.31454373566452 1.79
      vertex 29.721894526774086 -46.31454373566452 2.4
    endloop
  endfacet
  facet normal 0.06540312923015376 -0.9978589232386028 0
    outer loop
      vertex 29.278105473225914 -46.31454373566452 1.79
      vertex 29.5 -46.3 2.4
      vertex 29.278105473225914 -46.31454373566452 2.4
    endloop
  endfacet
  facet normal -0.06540312923015376 -0.9978589232386028 0
    outer loop
      vertex 29.5 -46.3 1.79
      vertex 29.721894526774086 -46.31454373566452 2.4
      vertex 29.5 -46.3 2.4
    endloop
  endfacet
  facet normal -0.19509032201613302 -0.9807852804032294 2.483762954238055e-18
    outer loop
      vertex 29.721894526774086 -46.31454373566452 1.79
      vertex 29.939992376674287 -46.357926095308585 1.79
      vertex 29.939992376674287 -46.357926095308585 2.4
    endloop
  endfacet
  facet normal -0.3214394653031657 -0.9469301294951044 0
    outer loop
      vertex 30.150561835020653 -46.429404794730814 1.79
      vertex 30.150561835020653 -46.429404794730814 2.4
      vertex 29.939992376674287 -46.357926095308585 1.79
    endloop
  endfacet
  facet normal -0.19509032201613302 -0.9807852804032294 0
    outer loop
      vertex 29.721894526774086 -46.31454373566452 1.79
      vertex 29.939992376674287 -46.357926095308585 2.4
      vertex 29.721894526774086 -46.31454373566452 2.4
    endloop
  endfacet
  facet normal -0.3214394653031657 -0.9469301294951044 0
    outer loop
      vertex 29.939992376674287 -46.357926095308585 1.79
      vertex 30.150561835020653 -46.429404794730814 2.4
      vertex 29.939992376674287 -46.357926095308585 2.4
    endloop
  endfacet
  facet normal -0.44228869021899636 -0.8968727415326907 0
    outer loop
      vertex 30.150561835020653 -46.429404794730814 1.79
      vertex 30.35 -46.527756813566455 2.4
      vertex 30.150561835020653 -46.429404794730814 2.4
    endloop
  endfacet
  facet normal -0.5555702330196043 0.8314696123025439 0
    outer loop
      vertex 30.35 -49.472243186433545 1.79
      vertex 30.35 -49.472243186433545 2.4
      vertex 30.534894429314825 -49.3487006784951 1.79
    endloop
  endfacet
  facet normal -0.6593458151000616 0.7518398074789837 0
    outer loop
      vertex 30.534894429314825 -49.3487006784951 1.79
      vertex 30.534894429314825 -49.3487006784951 2.4
      vertex 30.702081528017132 -49.20208152801713 1.79
    endloop
  endfacet
  facet normal -0.7518398074789837 0.6593458151000616 0
    outer loop
      vertex 30.702081528017132 -49.20208152801713 1.79
      vertex 30.702081528017132 -49.20208152801713 2.4
      vertex 30.8487006784951 -49.034894429314825 1.79
    endloop
  endfacet
  facet normal -0.44228869021899636 0.8968727415326907 0
    outer loop
      vertex 30.35 -49.472243186433545 1.79
      vertex 30.150561835020653 -49.570595205269186 2.4
      vertex 30.35 -49.472243186433545 2.4
    endloop
  endfacet
  facet normal -0.5555702330196043 0.8314696123025439 0
    outer loop
      vertex 30.534894429314825 -49.3487006784951 1.79
      vertex 30.35 -49.472243186433545 2.4
      vertex 30.534894429314825 -49.3487006784951 2.4
    endloop
  endfacet
  facet normal -0.6593458151000616 0.7518398074789837 0
    outer loop
      vertex 30.702081528017132 -49.20208152801713 1.79
      vertex 30.534894429314825 -49.3487006784951 2.4
      vertex 30.702081528017132 -49.20208152801713 2.4
    endloop
  endfacet
  facet normal -0.8314696123025439 0.5555702330196043 0
    outer loop
      vertex 30.8487006784951 -49.034894429314825 1.79
      vertex 30.8487006784951 -49.034894429314825 2.4
      vertex 30.972243186433545 -48.85 1.79
    endloop
  endfacet
  facet normal -0.8968727415326907 0.44228869021899636 0
    outer loop
      vertex 30.972243186433545 -48.85 1.79
      vertex 30.972243186433545 -48.85 2.4
      vertex 31.070595205269186 -48.65056183502065 1.79
    endloop
  endfacet
  facet normal -0.7518398074789837 0.6593458151000616 0
    outer loop
      vertex 30.8487006784951 -49.034894429314825 1.79
      vertex 30.702081528017132 -49.20208152801713 2.4
      vertex 30.8487006784951 -49.034894429314825 2.4
    endloop
  endfacet
  facet normal -0.8314696123025439 0.5555702330196043 0
    outer loop
      vertex 30.972243186433545 -48.85 1.79
      vertex 30.8487006784951 -49.034894429314825 2.4
      vertex 30.972243186433545 -48.85 2.4
    endloop
  endfacet
  facet normal -0.8968727415326907 0.44228869021899636 0
    outer loop
      vertex 31.070595205269186 -48.65056183502065 1.79
      vertex 30.972243186433545 -48.85 2.4
      vertex 31.070595205269186 -48.65056183502065 2.4
    endloop
  endfacet
  facet normal -0.6593458151000616 -0.7518398074789837 -7.792562458705223e-19
    outer loop
      vertex 30.534894429314825 -46.6512993215049 1.79
      vertex 30.702081528017132 -46.79791847198287 1.79
      vertex 30.702081528017132 -46.79791847198287 2.4
    endloop
  endfacet
  facet normal -0.7518398074789837 -0.6593458151000616 0
    outer loop
      vertex 30.702081528017132 -46.79791847198287 1.79
      vertex 30.8487006784951 -46.965105570685175 2.4
      vertex 30.702081528017132 -46.79791847198287 2.4
    endloop
  endfacet
  facet normal -0.9469301294951058 0.32143946530316075 0
    outer loop
      vertex 31.070595205269186 -48.65056183502065 1.79
      vertex 31.070595205269186 -48.65056183502065 2.4
      vertex 31.142073904691415 -48.43999237667428 1.79
    endloop
  endfacet
  facet normal -0.9807852804032289 0.19509032201613608 0
    outer loop
      vertex 31.142073904691415 -48.43999237667428 1.79
      vertex 31.142073904691415 -48.43999237667428 2.4
      vertex 31.18545626433548 -48.221894526774086 1.79
    endloop
  endfacet
  facet normal -0.9978589232386039 0.06540312923013786 0
    outer loop
      vertex 31.18545626433548 -48.221894526774086 1.79
      vertex 31.18545626433548 -48.221894526774086 2.4
      vertex 31.2 -48 1.79
    endloop
  endfacet
  facet normal -0.9978589232386039 -0.06540312923013786 0
    outer loop
      vertex 31.2 -48 1.79
      vertex 31.2 -48 2.4
      vertex 31.18545626433548 -47.778105473225914 1.79
    endloop
  endfacet
  facet normal -0.9807852804032289 -0.19509032201613608 5.280351055108076e-19
    outer loop
      vertex 31.142073904691415 -47.56000762332572 1.79
      vertex 31.18545626433548 -47.778105473225914 1.79
      vertex 31.18545626433548 -47.778105473225914 2.4
    endloop
  endfacet
  facet normal -0.9469301294951058 0.32143946530316075 0
    outer loop
      vertex 31.142073904691415 -48.43999237667428 1.79
      vertex 31.070595205269186 -48.65056183502065 2.4
      vertex 31.142073904691415 -48.43999237667428 2.4
    endloop
  endfacet
  facet normal -0.9807852804032289 0.19509032201613608 0
    outer loop
      vertex 31.18545626433548 -48.221894526774086 1.79
      vertex 31.142073904691415 -48.43999237667428 2.4
      vertex 31.18545626433548 -48.221894526774086 2.4
    endloop
  endfacet
  facet normal -0.9978589232386039 0.06540312923013786 0
    outer loop
      vertex 31.2 -48 1.79
      vertex 31.18545626433548 -48.221894526774086 2.4
      vertex 31.2 -48 2.4
    endloop
  endfacet
  facet normal -0.9978589232386039 -0.06540312923013786 0
    outer loop
      vertex 31.18545626433548 -47.778105473225914 1.79
      vertex 31.2 -48 2.4
      vertex 31.18545626433548 -47.778105473225914 2.4
    endloop
  endfacet
  facet normal -0.8968727415326907 -0.44228869021899636 0
    outer loop
      vertex 31.070595205269186 -47.34943816497935 1.79
      vertex 31.070595205269186 -47.34943816497935 2.4
      vertex 30.972243186433545 -47.15 1.79
    endloop
  endfacet
  facet normal -0.7518398074789837 -0.6593458151000616 0
    outer loop
      vertex 30.8487006784951 -46.965105570685175 1.79
      vertex 30.8487006784951 -46.965105570685175 2.4
      vertex 30.702081528017132 -46.79791847198287 1.79
    endloop
  endfacet
  facet normal -0.8314696123025439 -0.5555702330196043 -7.55594596887671e-18
    outer loop
      vertex 30.8487006784951 -46.965105570685175 1.79
      vertex 30.972243186433545 -47.15 1.79
      vertex 30.972243186433545 -47.15 2.4
    endloop
  endfacet
  facet normal -0.9469301294951058 -0.32143946530316075 0
    outer loop
      vertex 31.142073904691415 -47.56000762332572 1.79
      vertex 31.142073904691415 -47.56000762332572 2.4
      vertex 31.070595205269186 -47.34943816497935 1.79
    endloop
  endfacet
  facet normal -0.8968727415326907 -0.44228869021899636 0
    outer loop
      vertex 30.972243186433545 -47.15 1.79
      vertex 31.070595205269186 -47.34943816497935 2.4
      vertex 30.972243186433545 -47.15 2.4
    endloop
  endfacet
  facet normal -0.8314696123025439 -0.5555702330196043 0
    outer loop
      vertex 30.8487006784951 -46.965105570685175 1.79
      vertex 30.972243186433545 -47.15 2.4
      vertex 30.8487006784951 -46.965105570685175 2.4
    endloop
  endfacet
  facet normal -0.9469301294951058 -0.32143946530316075 0
    outer loop
      vertex 31.070595205269186 -47.34943816497935 1.79
      vertex 31.142073904691415 -47.56000762332572 2.4
      vertex 31.070595205269186 -47.34943816497935 2.4
    endloop
  endfacet
  facet normal -0.9807852804032289 -0.19509032201613608 0
    outer loop
      vertex 31.142073904691415 -47.56000762332572 1.79
      vertex 31.18545626433548 -47.778105473225914 2.4
      vertex 31.142073904691415 -47.56000762332572 2.4
    endloop
  endfacet
  facet normal -0.44228869021899636 -0.8968727415326907 6.966881537793375e-18
    outer loop
      vertex 30.150561835020653 -46.429404794730814 1.79
      vertex 30.35 -46.527756813566455 1.79
      vertex 30.35 -46.527756813566455 2.4
    endloop
  endfacet
  facet normal -0.5555702330196043 -0.8314696123025439 -7.55594596887671e-18
    outer loop
      vertex 30.35 -46.527756813566455 1.79
      vertex 30.534894429314825 -46.6512993215049 1.79
      vertex 30.534894429314825 -46.6512993215049 2.4
    endloop
  endfacet
  facet normal -0.5555702330196043 -0.8314696123025439 0
    outer loop
      vertex 30.35 -46.527756813566455 1.79
      vertex 30.534894429314825 -46.6512993215049 2.4
      vertex 30.35 -46.527756813566455 2.4
    endloop
  endfacet
  facet normal -0.6593458151000616 -0.7518398074789837 0
    outer loop
      vertex 30.534894429314825 -46.6512993215049 1.79
      vertex 30.702081528017132 -46.79791847198287 2.4
      vertex 30.534894429314825 -46.6512993215049 2.4
    endloop
  endfacet
  facet normal 0.7280903641280084 0.24715337494063427 -0.6393744058995467
    outer loop
      vertex 27.857926095308585 -48.43999237667428 1.79
      vertex 26.55128449206814 -49.22139795496525 0
      vertex 26.417086737760723 -48.82606411895221 0
    endloop
  endfacet
  facet normal 0.6896014612051581 0.34007380637783924 -0.639374405899547
    outer loop
      vertex 27.929404794730814 -48.65056183502065 1.79
      vertex 26.73593558625467 -49.59583333333333 0
      vertex 26.55128449206814 -49.22139795496525 0
    endloop
  endfacet
  facet normal 0.6393132860874546 0.4271754807016241 -0.6393744058995454
    outer loop
      vertex 28.027756813566455 -48.85 1.79
      vertex 26.967880588903807 -49.942963560919495 0
      vertex 26.73593558625467 -49.59583333333333 0
    endloop
  endfacet
  facet normal 0.5780862833936637 0.5069680641151898 -0.6393744058995461
    outer loop
      vertex 28.1512993215049 -49.034894429314825 1.79
      vertex 27.243150856712937 -50.25684914328707 0
      vertex 26.967880588903807 -49.942963560919495 0
    endloop
  endfacet
  facet normal 0.5069680641151912 0.5780862833936621 -0.6393744058995465
    outer loop
      vertex 28.297918471982868 -49.20208152801713 1.79
      vertex 27.5570364390805 -50.53211941109619 0
      vertex 27.243150856712937 -50.25684914328707 0
    endloop
  endfacet
  facet normal 0.42717548070162514 0.6393132860874532 -0.6393744058995462
    outer loop
      vertex 28.465105570685175 -49.3487006784951 1.79
      vertex 27.904166666666665 -50.76406441374533 0
      vertex 27.5570364390805 -50.53211941109619 0
    endloop
  endfacet
  facet normal 0.7541214390558356 0.15000408073435095 -0.6393744058995463
    outer loop
      vertex 27.81454373566452 -48.221894526774086 1.79
      vertex 26.417086737760723 -48.82606411895221 0
      vertex 26.335638484115254 -48.41659609683566 0
    endloop
  endfacet
  facet normal 0.7672492870794554 0.05028817511770818 -0.6393744058995464
    outer loop
      vertex 27.8 -48 1.79
      vertex 26.335638484115254 -48.41659609683566 0
      vertex 26.308333333333334 -48 0
    endloop
  endfacet
  facet normal 0.7672492870794556 -0.050288175117708146 -0.6393744058995463
    outer loop
      vertex 27.81454373566452 -47.778105473225914 1.79
      vertex 26.308333333333334 -48 0
      vertex 26.335638484115254 -47.58340390316434 0
    endloop
  endfacet
  facet normal 0.7541214390558354 -0.1500040807343508 -0.6393744058995467
    outer loop
      vertex 27.857926095308585 -47.56000762332572 1.79
      vertex 26.335638484115254 -47.58340390316434 0
      vertex 26.417086737760723 -47.17393588104779 0
    endloop
  endfacet
  facet normal 0.7280903641280081 -0.24715337494063433 -0.6393744058995472
    outer loop
      vertex 27.929404794730814 -47.34943816497935 1.79
      vertex 26.417086737760723 -47.17393588104779 0
      vertex 26.55128449206814 -46.77860204503475 0
    endloop
  endfacet
  facet normal 0.6896014612051589 -0.3400738063778397 -0.6393744058995459
    outer loop
      vertex 28.027756813566455 -47.15 1.79
      vertex 26.55128449206814 -46.77860204503475 0
      vertex 26.73593558625467 -46.40416666666667 0
    endloop
  endfacet
  facet normal 0.6393132860874545 -0.4271754807016238 -0.6393744058995458
    outer loop
      vertex 28.1512993215049 -46.965105570685175 1.79
      vertex 26.73593558625467 -46.40416666666667 0
      vertex 26.967880588903807 -46.057036439080505 0
    endloop
  endfacet
  facet normal 0.5780862833936639 -0.5069680641151895 -0.6393744058995462
    outer loop
      vertex 28.297918471982868 -46.79791847198287 1.79
      vertex 26.967880588903807 -46.057036439080505 0
      vertex 27.243150856712937 -45.74315085671293 0
    endloop
  endfacet
  facet normal 0.5069680641151915 -0.578086283393662 -0.6393744058995464
    outer loop
      vertex 28.465105570685175 -46.6512993215049 1.79
      vertex 27.243150856712937 -45.74315085671293 0
      vertex 27.5570364390805 -45.46788058890381 0
    endloop
  endfacet
  facet normal 0.42717548070162525 -0.6393132860874533 -0.639374405899546
    outer loop
      vertex 28.65 -46.527756813566455 1.79
      vertex 27.5570364390805 -45.46788058890381 0
      vertex 27.904166666666665 -45.23593558625467 0
    endloop
  endfacet
  facet normal 0.7280903641280069 0.2471533749406374 -0.6393744058995472
    outer loop
      vertex 27.929404794730814 -48.65056183502065 1.79
      vertex 26.55128449206814 -49.22139795496525 0
      vertex 27.857926095308585 -48.43999237667428 1.79
    endloop
  endfacet
  facet normal 0.6393132860874522 0.42717548070162714 -0.639374405899546
    outer loop
      vertex 28.027756813566455 -48.85 1.79
      vertex 28.1512993215049 -49.034894429314825 1.79
      vertex 26.967880588903807 -49.942963560919495 0
    endloop
  endfacet
  facet normal 0.6896014612051659 0.34007380637782664 -0.6393744058995453
    outer loop
      vertex 28.027756813566455 -48.85 1.79
      vertex 26.73593558625467 -49.59583333333333 0
      vertex 27.929404794730814 -48.65056183502065 1.79
    endloop
  endfacet
  facet normal 0.5069680641151919 0.5780862833936615 -0.6393744058995464
    outer loop
      vertex 28.297918471982868 -49.20208152801713 1.79
      vertex 28.465105570685175 -49.3487006784951 1.79
      vertex 27.5570364390805 -50.53211941109619 0
    endloop
  endfacet
  facet normal 0.5780862833936615 0.5069680641151919 -0.6393744058995463
    outer loop
      vertex 28.297918471982868 -49.20208152801713 1.79
      vertex 27.243150856712937 -50.25684914328707 0
      vertex 28.1512993215049 -49.034894429314825 1.79
    endloop
  endfacet
  facet normal 0.7541214390558341 0.15000408073435667 -0.639374405899547
    outer loop
      vertex 27.81454373566452 -48.221894526774086 1.79
      vertex 27.857926095308585 -48.43999237667428 1.79
      vertex 26.417086737760723 -48.82606411895221 0
    endloop
  endfacet
  facet normal 0.7672492870794558 0.05028817511770633 -0.6393744058995462
    outer loop
      vertex 27.81454373566452 -48.221894526774086 1.79
      vertex 26.335638484115254 -48.41659609683566 0
      vertex 27.8 -48 1.79
    endloop
  endfacet
  facet normal 0.7672492870794555 -0.05028817511770631 -0.6393744058995464
    outer loop
      vertex 27.8 -48 1.79
      vertex 26.308333333333334 -48 0
      vertex 27.81454373566452 -47.778105473225914 1.79
    endloop
  endfacet
  facet normal 0.7541214390558346 -0.1500040807343568 -0.6393744058995461
    outer loop
      vertex 27.81454373566452 -47.778105473225914 1.79
      vertex 26.335638484115254 -47.58340390316434 0
      vertex 27.857926095308585 -47.56000762332572 1.79
    endloop
  endfacet
  facet normal 0.7280903641280072 -0.24715337494063752 -0.6393744058995467
    outer loop
      vertex 27.857926095308585 -47.56000762332572 1.79
      vertex 26.417086737760723 -47.17393588104779 0
      vertex 27.929404794730814 -47.34943816497935 1.79
    endloop
  endfacet
  facet normal 0.6896014612051643 -0.34007380637782586 -0.6393744058995473
    outer loop
      vertex 27.929404794730814 -47.34943816497935 1.79
      vertex 26.55128449206814 -46.77860204503475 0
      vertex 28.027756813566455 -47.15 1.79
    endloop
  endfacet
  facet normal 0.6393132860874526 -0.4271754807016274 -0.6393744058995454
    outer loop
      vertex 28.027756813566455 -47.15 1.79
      vertex 26.73593558625467 -46.40416666666667 0
      vertex 28.1512993215049 -46.965105570685175 1.79
    endloop
  endfacet
  facet normal 0.5780862833936619 -0.5069680641151922 -0.639374405899546
    outer loop
      vertex 28.1512993215049 -46.965105570685175 1.79
      vertex 26.967880588903807 -46.057036439080505 0
      vertex 28.297918471982868 -46.79791847198287 1.79
    endloop
  endfacet
  facet normal 0.5069680641151918 -0.5780862833936614 -0.6393744058995465
    outer loop
      vertex 28.297918471982868 -46.79791847198287 1.79
      vertex 27.243150856712937 -45.74315085671293 0
      vertex 28.465105570685175 -46.6512993215049 1.79
    endloop
  endfacet
  facet normal 0.4271754807016271 -0.6393132860874521 -0.6393744058995462
    outer loop
      vertex 28.465105570685175 -46.6512993215049 1.79
      vertex 27.5570364390805 -45.46788058890381 0
      vertex 28.65 -46.527756813566455 1.79
    endloop
  endfacet
  facet normal 0.2471533749406419 0.7280903641280055 -0.6393744058995472
    outer loop
      vertex 28.849438164979347 -49.570595205269186 1.79
      vertex 28.67393588104779 -51.08291326223928 0
      vertex 28.278602045034756 -50.94871550793186 0
    endloop
  endfacet
  facet normal 0.1500040807343522 0.7541214390558345 -0.6393744058995475
    outer loop
      vertex 29.060007623325713 -49.642073904691415 1.79
      vertex 29.083403903164335 -51.16436151588475 0
      vertex 28.67393588104779 -51.08291326223928 0
    endloop
  endfacet
  facet normal 0.34007380637783463 0.6896014612051612 -0.6393744058995461
    outer loop
      vertex 28.65 -49.472243186433545 1.79
      vertex 28.278602045034756 -50.94871550793186 0
      vertex 27.904166666666665 -50.76406441374533 0
    endloop
  endfacet
  facet normal 0.050288175117707966 0.7672492870794548 -0.6393744058995472
    outer loop
      vertex 29.278105473225914 -49.68545626433548 1.79
      vertex 29.5 -51.19166666666667 0
      vertex 29.083403903164335 -51.16436151588475 0
    endloop
  endfacet
  facet normal -0.05028817511770782 0.7672492870794555 -0.6393744058995465
    outer loop
      vertex 29.5 -49.7 1.79
      vertex 29.916596096835665 -51.16436151588475 0
      vertex 29.5 -51.19166666666667 0
    endloop
  endfacet
  facet normal -0.15000408073435187 0.7541214390558346 -0.6393744058995473
    outer loop
      vertex 29.721894526774086 -49.68545626433548 1.79
      vertex 30.32606411895221 -51.08291326223928 0
      vertex 29.916596096835665 -51.16436151588475 0
    endloop
  endfacet
  facet normal 0.3400738063778344 -0.6896014612051607 -0.6393744058995467
    outer loop
      vertex 28.849438164979347 -46.429404794730814 1.79
      vertex 27.904166666666665 -45.23593558625467 0
      vertex 28.278602045034756 -45.05128449206814 0
    endloop
  endfacet
  facet normal 0.24715337494064188 -0.7280903641280054 -0.6393744058995473
    outer loop
      vertex 29.060007623325713 -46.357926095308585 1.79
      vertex 28.278602045034756 -45.05128449206814 0
      vertex 28.67393588104779 -44.91708673776072 0
    endloop
  endfacet
  facet normal 0.15000408073435187 -0.7541214390558346 -0.6393744058995473
    outer loop
      vertex 29.278105473225914 -46.31454373566452 1.79
      vertex 28.67393588104779 -44.91708673776072 0
      vertex 29.083403903164335 -44.83563848411525 0
    endloop
  endfacet
  facet normal 0.05028817511770782 -0.7672492870794555 -0.6393744058995465
    outer loop
      vertex 29.5 -46.3 1.79
      vertex 29.083403903164335 -44.83563848411525 0
      vertex 29.5 -44.80833333333333 0
    endloop
  endfacet
  facet normal -0.050288175117707966 -0.7672492870794548 -0.6393744058995472
    outer loop
      vertex 29.721894526774086 -46.31454373566452 1.79
      vertex 29.5 -44.80833333333333 0
      vertex 29.916596096835665 -44.83563848411525 0
    endloop
  endfacet
  facet normal -0.1500040807343522 -0.7541214390558345 -0.6393744058995475
    outer loop
      vertex 29.939992376674287 -46.357926095308585 1.79
      vertex 29.916596096835665 -44.83563848411525 0
      vertex 30.32606411895221 -44.91708673776072 0
    endloop
  endfacet
  facet normal -0.6896014612051581 0.3400738063778372 -0.6393744058995482
    outer loop
      vertex 32.29999999701977 -49.522963179059296 0
      vertex 32.26406441374533 -49.59583333333333 0
      vertex 32.29999999701977 -49.159797973410214 0.1931622108884929
    endloop
  endfacet
  facet normal -0.24715337494064188 0.7280903641280054 -0.6393744058995473
    outer loop
      vertex 29.939992376674287 -49.642073904691415 1.79
      vertex 30.721397954965244 -50.94871550793186 0
      vertex 30.32606411895221 -51.08291326223928 0
    endloop
  endfacet
  facet normal -0.3400738063778344 0.6896014612051607 -0.6393744058995467
    outer loop
      vertex 30.150561835020653 -49.570595205269186 1.79
      vertex 31.095833333333335 -50.76406441374533 0
      vertex 30.721397954965244 -50.94871550793186 0
    endloop
  endfacet
  facet normal -0.42717548070162525 0.6393132860874533 -0.639374405899546
    outer loop
      vertex 30.35 -49.472243186433545 1.79
      vertex 31.4429635609195 -50.53211941109619 0
      vertex 31.095833333333335 -50.76406441374533 0
    endloop
  endfacet
  facet normal -0.5069680641151915 0.578086283393662 -0.6393744058995464
    outer loop
      vertex 30.534894429314825 -49.3487006784951 1.79
      vertex 31.756849143287063 -50.25684914328707 0
      vertex 31.4429635609195 -50.53211941109619 0
    endloop
  endfacet
  facet normal -0.5780862833936672 0.506968064115186 -0.6393744058995461
    outer loop
      vertex 30.702081528017132 -49.20208152801713 1.79
      vertex 32.03211941109619 -49.942963560919495 0
      vertex 31.756849143287063 -50.25684914328707 0
    endloop
  endfacet
  facet normal -0.6393132860874519 0.4271754807016286 -0.6393744058995452
    outer loop
      vertex 30.8487006784951 -49.034894429314825 1.79
      vertex 32.26406441374533 -49.59583333333333 0
      vertex 32.03211941109619 -49.942963560919495 0
    endloop
  endfacet
  facet normal -0.6896014612051607 0.34007380637783635 -0.6393744058995459
    outer loop
      vertex 30.972243186433545 -48.85 1.79
      vertex 32.29999999701977 -49.159797973410214 0.1931622108884929
      vertex 32.26406441374533 -49.59583333333333 0
    endloop
  endfacet
  facet normal -0.7280903641280062 0.2471533749406405 -0.6393744058995469
    outer loop
      vertex 31.070595205269186 -48.65056183502065 1.79
      vertex 32.29999999701977 -48.75025773800859 0.35147203752455936
      vertex 32.29999999701977 -49.159797973410214 0.1931622108884929
    endloop
  endfacet
  facet normal -0.2471533749406419 -0.7280903641280055 -0.6393744058995472
    outer loop
      vertex 30.150561835020653 -46.429404794730814 1.79
      vertex 30.32606411895221 -44.91708673776072 0
      vertex 30.721397954965244 -45.05128449206814 0
    endloop
  endfacet
  facet normal -0.34007380637783463 -0.6896014612051612 -0.6393744058995461
    outer loop
      vertex 30.35 -46.527756813566455 1.79
      vertex 30.721397954965244 -45.05128449206814 0
      vertex 31.095833333333335 -45.23593558625467 0
    endloop
  endfacet
  facet normal -0.42717548070162514 -0.6393132860874532 -0.6393744058995462
    outer loop
      vertex 30.534894429314825 -46.6512993215049 1.79
      vertex 31.095833333333335 -45.23593558625467 0
      vertex 31.4429635609195 -45.46788058890381 0
    endloop
  endfacet
  facet normal -0.6896014612051599 -0.34007380637783635 -0.6393744058995465
    outer loop
      vertex 31.070595205269186 -47.34943816497935 1.79
      vertex 32.29999999701977 -46.477036820940704 0
      vertex 32.29999999701977 -46.840202026589786 0.1931622108884929
    endloop
  endfacet
  facet normal -0.7280903641280059 -0.24715337494064082 -0.6393744058995472
    outer loop
      vertex 31.142073904691415 -47.56000762332572 1.79
      vertex 32.29999999701977 -46.840202026589786 0.1931622108884929
      vertex 32.29999999701977 -47.24974226199141 0.35147203752455936
    endloop
  endfacet
  facet normal -0.754121439055835 0.15000408073435045 -0.6393744058995472
    outer loop
      vertex 31.142073904691415 -48.43999237667428 1.79
      vertex 32.29999999701977 -48.36862699285235 0.44100669605782805
      vertex 32.29999999701977 -48.75025773800859 0.35147203752455936
    endloop
  endfacet
  facet normal -0.7672492870794551 0.05028817511771009 -0.6393744058995469
    outer loop
      vertex 31.18545626433548 -48.221894526774086 1.79
      vertex 32.29999999701977 -48 0.47000000357628097
      vertex 32.29999999701977 -48.36862699285235 0.44100669605782805
    endloop
  endfacet
  facet normal -0.7672492870794548 -0.050288175117709964 -0.6393744058995472
    outer loop
      vertex 31.2 -48 1.79
      vertex 32.29999999701977 -47.63137300714765 0.44100669605782805
      vertex 32.29999999701977 -48 0.47000000357628097
    endloop
  endfacet
  facet normal -0.7541214390558355 -0.15000408073435037 -0.6393744058995466
    outer loop
      vertex 31.18545626433548 -47.778105473225914 1.79
      vertex 32.29999999701977 -47.24974226199141 0.35147203752455936
      vertex 32.29999999701977 -47.63137300714765 0.44100669605782805
    endloop
  endfacet
  facet normal -0.5069680641151912 -0.5780862833936621 -0.6393744058995465
    outer loop
      vertex 30.702081528017132 -46.79791847198287 1.79
      vertex 31.4429635609195 -45.46788058890381 0
      vertex 31.756849143287063 -45.74315085671293 0
    endloop
  endfacet
  facet normal -0.5780862833936674 -0.5069680641151864 -0.6393744058995454
    outer loop
      vertex 30.8487006784951 -46.965105570685175 1.79
      vertex 31.756849143287063 -45.74315085671293 0
      vertex 32.03211941109619 -46.057036439080505 0
    endloop
  endfacet
  facet normal -0.6393132860874519 -0.42717548070162864 -0.6393744058995453
    outer loop
      vertex 30.972243186433545 -47.15 1.79
      vertex 32.03211941109619 -46.057036439080505 0
      vertex 32.26406441374533 -46.40416666666667 0
    endloop
  endfacet
  facet normal -0.6896014612051597 -0.3400738063778384 -0.6393744058995455
    outer loop
      vertex 30.972243186433545 -47.15 1.79
      vertex 32.26406441374533 -46.40416666666667 0
      vertex 32.29999999701977 -46.477036820940704 0
    endloop
  endfacet
  facet normal 0.42717548070162714 0.6393132860874522 -0.6393744058995459
    outer loop
      vertex 28.465105570685175 -49.3487006784951 1.79
      vertex 28.65 -49.472243186433545 1.79
      vertex 27.904166666666665 -50.76406441374533 0
    endloop
  endfacet
  facet normal 0.34007380637782597 0.6896014612051645 -0.639374405899547
    outer loop
      vertex 28.65 -49.472243186433545 1.79
      vertex 28.849438164979347 -49.570595205269186 1.79
      vertex 28.278602045034756 -50.94871550793186 0
    endloop
  endfacet
  facet normal 0.2471533749406411 0.7280903641280055 -0.6393744058995472
    outer loop
      vertex 29.060007623325713 -49.642073904691415 1.79
      vertex 28.67393588104779 -51.08291326223928 0
      vertex 28.849438164979347 -49.570595205269186 1.79
    endloop
  endfacet
  facet normal 0.15000408073435426 0.7541214390558342 -0.6393744058995473
    outer loop
      vertex 29.060007623325713 -49.642073904691415 1.79
      vertex 29.278105473225914 -49.68545626433548 1.79
      vertex 29.083403903164335 -51.16436151588475 0
    endloop
  endfacet
  facet normal 0.050288175117718575 0.7672492870794552 -0.6393744058995461
    outer loop
      vertex 29.278105473225914 -49.68545626433548 1.79
      vertex 29.5 -49.7 1.79
      vertex 29.5 -51.19166666666667 0
    endloop
  endfacet
  facet normal -0.050288175117718485 0.7672492870794538 -0.6393744058995476
    outer loop
      vertex 29.5 -49.7 1.79
      vertex 29.721894526774086 -49.68545626433548 1.79
      vertex 29.916596096835665 -51.16436151588475 0
    endloop
  endfacet
  facet normal -0.15000408073435423 0.7541214390558341 -0.6393744058995475
    outer loop
      vertex 29.721894526774086 -49.68545626433548 1.79
      vertex 29.939992376674287 -49.642073904691415 1.79
      vertex 30.32606411895221 -51.08291326223928 0
    endloop
  endfacet
  facet normal -0.24715337494064116 0.7280903641280058 -0.639374405899547
    outer loop
      vertex 29.939992376674287 -49.642073904691415 1.79
      vertex 30.150561835020653 -49.570595205269186 1.79
      vertex 30.721397954965244 -50.94871550793186 0
    endloop
  endfacet
  facet normal 0.3400738063778265 -0.6896014612051656 -0.6393744058995458
    outer loop
      vertex 28.65 -46.527756813566455 1.79
      vertex 27.904166666666665 -45.23593558625467 0
      vertex 28.849438164979347 -46.429404794730814 1.79
    endloop
  endfacet
  facet normal 0.24715337494064116 -0.7280903641280058 -0.6393744058995471
    outer loop
      vertex 28.849438164979347 -46.429404794730814 1.79
      vertex 28.278602045034756 -45.05128449206814 0
      vertex 29.060007623325713 -46.357926095308585 1.79
    endloop
  endfacet
  facet normal 0.15000408073435423 -0.7541214390558341 -0.6393744058995475
    outer loop
      vertex 29.060007623325713 -46.357926095308585 1.79
      vertex 28.67393588104779 -44.91708673776072 0
      vertex 29.278105473225914 -46.31454373566452 1.79
    endloop
  endfacet
  facet normal 0.050288175117718485 -0.7672492870794538 -0.6393744058995476
    outer loop
      vertex 29.278105473225914 -46.31454373566452 1.79
      vertex 29.083403903164335 -44.83563848411525 0
      vertex 29.5 -46.3 1.79
    endloop
  endfacet
  facet normal -0.050288175117718575 -0.7672492870794552 -0.6393744058995461
    outer loop
      vertex 29.5 -46.3 1.79
      vertex 29.5 -44.80833333333333 0
      vertex 29.721894526774086 -46.31454373566452 1.79
    endloop
  endfacet
  facet normal -0.15000408073435426 -0.7541214390558342 -0.6393744058995472
    outer loop
      vertex 29.721894526774086 -46.31454373566452 1.79
      vertex 29.916596096835665 -44.83563848411525 0
      vertex 29.939992376674287 -46.357926095308585 1.79
    endloop
  endfacet
  facet normal -0.24715337494064116 -0.7280903641280058 -0.6393744058995472
    outer loop
      vertex 30.150561835020653 -46.429404794730814 1.79
      vertex 29.939992376674287 -46.357926095308585 1.79
      vertex 30.32606411895221 -44.91708673776072 0
    endloop
  endfacet
  facet normal -0.3400738063778265 0.6896014612051656 -0.6393744058995458
    outer loop
      vertex 30.150561835020653 -49.570595205269186 1.79
      vertex 30.35 -49.472243186433545 1.79
      vertex 31.095833333333335 -50.76406441374533 0
    endloop
  endfacet
  facet normal -0.4271754807016271 0.6393132860874521 -0.6393744058995462
    outer loop
      vertex 30.35 -49.472243186433545 1.79
      vertex 30.534894429314825 -49.3487006784951 1.79
      vertex 31.4429635609195 -50.53211941109619 0
    endloop
  endfacet
  facet normal -0.5069680641151918 0.5780862833936614 -0.6393744058995465
    outer loop
      vertex 30.534894429314825 -49.3487006784951 1.79
      vertex 30.702081528017132 -49.20208152801713 1.79
      vertex 31.756849143287063 -50.25684914328707 0
    endloop
  endfacet
  facet normal -0.5780862833936622 0.5069680641151926 -0.6393744058995452
    outer loop
      vertex 30.702081528017132 -49.20208152801713 1.79
      vertex 30.8487006784951 -49.034894429314825 1.79
      vertex 32.03211941109619 -49.942963560919495 0
    endloop
  endfacet
  facet normal -0.6393132860874526 0.4271754807016274 -0.6393744058995454
    outer loop
      vertex 30.8487006784951 -49.034894429314825 1.79
      vertex 30.972243186433545 -48.85 1.79
      vertex 32.26406441374533 -49.59583333333333 0
    endloop
  endfacet
  facet normal -0.6896014612051646 0.3400738063778261 -0.6393744058995471
    outer loop
      vertex 30.972243186433545 -48.85 1.79
      vertex 31.070595205269186 -48.65056183502065 1.79
      vertex 32.29999999701977 -49.159797973410214 0.1931622108884929
    endloop
  endfacet
  facet normal -0.7280903641280068 0.24715337494063738 -0.6393744058995473
    outer loop
      vertex 31.070595205269186 -48.65056183502065 1.79
      vertex 31.142073904691415 -48.43999237667428 1.79
      vertex 32.29999999701977 -48.75025773800859 0.35147203752455936
    endloop
  endfacet
  facet normal -0.6393132860874527 -0.42717548070162753 -0.6393744058995453
    outer loop
      vertex 30.8487006784951 -46.965105570685175 1.79
      vertex 32.03211941109619 -46.057036439080505 0
      vertex 30.972243186433545 -47.15 1.79
    endloop
  endfacet
  facet normal -0.34007380637782597 -0.6896014612051645 -0.639374405899547
    outer loop
      vertex 30.150561835020653 -46.429404794730814 1.79
      vertex 30.721397954965244 -45.05128449206814 0
      vertex 30.35 -46.527756813566455 1.79
    endloop
  endfacet
  facet normal -0.42717548070162714 -0.6393132860874522 -0.6393744058995459
    outer loop
      vertex 30.35 -46.527756813566455 1.79
      vertex 31.095833333333335 -45.23593558625467 0
      vertex 30.534894429314825 -46.6512993215049 1.79
    endloop
  endfacet
  facet normal -0.5069680641151919 -0.5780862833936615 -0.6393744058995465
    outer loop
      vertex 30.534894429314825 -46.6512993215049 1.79
      vertex 31.4429635609195 -45.46788058890381 0
      vertex 30.702081528017132 -46.79791847198287 1.79
    endloop
  endfacet
  facet normal -0.5780862833936615 -0.5069680641151919 -0.6393744058995463
    outer loop
      vertex 30.8487006784951 -46.965105570685175 1.79
      vertex 30.702081528017132 -46.79791847198287 1.79
      vertex 31.756849143287063 -45.74315085671293 0
    endloop
  endfacet
  facet normal -0.7541214390558344 0.15000408073435673 -0.6393744058995465
    outer loop
      vertex 31.142073904691415 -48.43999237667428 1.79
      vertex 31.18545626433548 -48.221894526774086 1.79
      vertex 32.29999999701977 -48.36862699285235 0.44100669605782805
    endloop
  endfacet
  facet normal -0.767249287079455 0.05028817511770627 -0.6393744058995472
    outer loop
      vertex 31.18545626433548 -48.221894526774086 1.79
      vertex 31.2 -48 1.79
      vertex 32.29999999701977 -48 0.47000000357628097
    endloop
  endfacet
  facet normal -0.7672492870794555 -0.05028817511770631 -0.6393744058995467
    outer loop
      vertex 31.2 -48 1.79
      vertex 31.18545626433548 -47.778105473225914 1.79
      vertex 32.29999999701977 -47.63137300714765 0.44100669605782805
    endloop
  endfacet
  facet normal -0.6896014612051656 -0.3400738063778265 -0.6393744058995456
    outer loop
      vertex 31.070595205269186 -47.34943816497935 1.79
      vertex 30.972243186433545 -47.15 1.79
      vertex 32.29999999701977 -46.477036820940704 0
    endloop
  endfacet
  facet normal -0.7280903641280073 -0.2471533749406375 -0.6393744058995469
    outer loop
      vertex 31.142073904691415 -47.56000762332572 1.79
      vertex 31.070595205269186 -47.34943816497935 1.79
      vertex 32.29999999701977 -46.840202026589786 0.1931622108884929
    endloop
  endfacet
  facet normal -0.7541214390558336 -0.1500040807343566 -0.6393744058995474
    outer loop
      vertex 31.142073904691415 -47.56000762332572 1.79
      vertex 32.29999999701977 -47.24974226199141 0.35147203752455936
      vertex 31.18545626433548 -47.778105473225914 1.79
    endloop
  endfacet
  facet normal 0.7518398074789837 0.6593458151000616 -7.792562458705223e-19
    outer loop
      vertex -30.702081528017132 -49.20208152801713 1.79
      vertex -30.8487006784951 -49.034894429314825 1.79
      vertex -30.8487006784951 -49.034894429314825 2.4
    endloop
  endfacet
  facet normal 0.8314696123025439 0.5555702330196043 0
    outer loop
      vertex -30.972243186433545 -48.85 1.79
      vertex -30.972243186433545 -48.85 2.4
      vertex -30.8487006784951 -49.034894429314825 1.79
    endloop
  endfacet
  facet normal 0.8968727415326907 0.44228869021899636 6.966881537793375e-18
    outer loop
      vertex -30.972243186433545 -48.85 1.79
      vertex -31.070595205269186 -48.65056183502065 1.79
      vertex -31.070595205269186 -48.65056183502065 2.4
    endloop
  endfacet
  facet normal 0.8968727415326907 0.44228869021899636 0
    outer loop
      vertex -30.972243186433545 -48.85 1.79
      vertex -31.070595205269186 -48.65056183502065 2.4
      vertex -30.972243186433545 -48.85 2.4
    endloop
  endfacet
  facet normal 0.8314696123025439 0.5555702330196043 0
    outer loop
      vertex -30.8487006784951 -49.034894429314825 1.79
      vertex -30.972243186433545 -48.85 2.4
      vertex -30.8487006784951 -49.034894429314825 2.4
    endloop
  endfacet
  facet normal 0.6593458151000616 0.7518398074789837 0
    outer loop
      vertex -30.702081528017132 -49.20208152801713 1.79
      vertex -30.702081528017132 -49.20208152801713 2.4
      vertex -30.534894429314825 -49.3487006784951 1.79
    endloop
  endfacet
  facet normal 0.5555702330196043 0.8314696123025439 0
    outer loop
      vertex -30.534894429314825 -49.3487006784951 1.79
      vertex -30.534894429314825 -49.3487006784951 2.4
      vertex -30.35 -49.472243186433545 1.79
    endloop
  endfacet
  facet normal 0.44228869021899636 0.8968727415326907 0
    outer loop
      vertex -30.35 -49.472243186433545 1.79
      vertex -30.35 -49.472243186433545 2.4
      vertex -30.150561835020653 -49.570595205269186 1.79
    endloop
  endfacet
  facet normal 0.7518398074789837 0.6593458151000616 0
    outer loop
      vertex -30.702081528017132 -49.20208152801713 1.79
      vertex -30.8487006784951 -49.034894429314825 2.4
      vertex -30.702081528017132 -49.20208152801713 2.4
    endloop
  endfacet
  facet normal 0.6593458151000616 0.7518398074789837 0
    outer loop
      vertex -30.534894429314825 -49.3487006784951 1.79
      vertex -30.702081528017132 -49.20208152801713 2.4
      vertex -30.534894429314825 -49.3487006784951 2.4
    endloop
  endfacet
  facet normal 0.5555702330196043 0.8314696123025439 0
    outer loop
      vertex -30.35 -49.472243186433545 1.79
      vertex -30.534894429314825 -49.3487006784951 2.4
      vertex -30.35 -49.472243186433545 2.4
    endloop
  endfacet
  facet normal 0.9807852804032289 0.19509032201613608 0
    outer loop
      vertex -31.18545626433548 -48.221894526774086 1.79
      vertex -31.18545626433548 -48.221894526774086 2.4
      vertex -31.142073904691415 -48.43999237667428 1.79
    endloop
  endfacet
  facet normal 0.9469301294951058 0.32143946530316075 6.041492547398158e-18
    outer loop
      vertex -31.070595205269186 -48.65056183502065 1.79
      vertex -31.142073904691415 -48.43999237667428 1.79
      vertex -31.142073904691415 -48.43999237667428 2.4
    endloop
  endfacet
  facet normal 0.9978589232386039 0.06540312923013786 1.2170866897901727e-18
    outer loop
      vertex -31.18545626433548 -48.221894526774086 1.79
      vertex -31.2 -48 1.79
      vertex -31.2 -48 2.4
    endloop
  endfacet
  facet normal 0.9978589232386039 -0.06540312923013786 -1.2170866897901727e-18
    outer loop
      vertex -31.2 -48 1.79
      vertex -31.18545626433548 -47.778105473225914 1.79
      vertex -31.18545626433548 -47.778105473225914 2.4
    endloop
  endfacet
  facet normal 0.9978589232386039 0.06540312923013786 0
    outer loop
      vertex -31.18545626433548 -48.221894526774086 1.79
      vertex -31.2 -48 2.4
      vertex -31.18545626433548 -48.221894526774086 2.4
    endloop
  endfacet
  facet normal 0.9807852804032289 0.19509032201613608 0
    outer loop
      vertex -31.142073904691415 -48.43999237667428 1.79
      vertex -31.18545626433548 -48.221894526774086 2.4
      vertex -31.142073904691415 -48.43999237667428 2.4
    endloop
  endfacet
  facet normal 0.9469301294951058 0.32143946530316075 0
    outer loop
      vertex -31.070595205269186 -48.65056183502065 1.79
      vertex -31.142073904691415 -48.43999237667428 2.4
      vertex -31.070595205269186 -48.65056183502065 2.4
    endloop
  endfacet
  facet normal 0.9978589232386039 -0.06540312923013786 0
    outer loop
      vertex -31.2 -48 1.79
      vertex -31.18545626433548 -47.778105473225914 2.4
      vertex -31.2 -48 2.4
    endloop
  endfacet
  facet normal 0.9807852804032289 -0.19509032201613608 0
    outer loop
      vertex -31.18545626433548 -47.778105473225914 1.79
      vertex -31.142073904691415 -47.56000762332572 2.4
      vertex -31.18545626433548 -47.778105473225914 2.4
    endloop
  endfacet
  facet normal 0.9807852804032289 -0.19509032201613608 -5.280351055108076e-19
    outer loop
      vertex -31.18545626433548 -47.778105473225914 1.79
      vertex -31.142073904691415 -47.56000762332572 1.79
      vertex -31.142073904691415 -47.56000762332572 2.4
    endloop
  endfacet
  facet normal 0.9469301294951058 -0.32143946530316075 -6.041492547398158e-18
    outer loop
      vertex -31.142073904691415 -47.56000762332572 1.79
      vertex -31.070595205269186 -47.34943816497935 1.79
      vertex -31.070595205269186 -47.34943816497935 2.4
    endloop
  endfacet
  facet normal 0.8968727415326907 -0.44228869021899636 -6.966881537793375e-18
    outer loop
      vertex -31.070595205269186 -47.34943816497935 1.79
      vertex -30.972243186433545 -47.15 1.79
      vertex -30.972243186433545 -47.15 2.4
    endloop
  endfacet
  facet normal 0.8314696123025439 -0.5555702330196043 7.55594596887671e-18
    outer loop
      vertex -30.972243186433545 -47.15 1.79
      vertex -30.8487006784951 -46.965105570685175 1.79
      vertex -30.8487006784951 -46.965105570685175 2.4
    endloop
  endfacet
  facet normal 0.9469301294951058 -0.32143946530316075 0
    outer loop
      vertex -31.142073904691415 -47.56000762332572 1.79
      vertex -31.070595205269186 -47.34943816497935 2.4
      vertex -31.142073904691415 -47.56000762332572 2.4
    endloop
  endfacet
  facet normal 0.8968727415326907 -0.44228869021899636 0
    outer loop
      vertex -31.070595205269186 -47.34943816497935 1.79
      vertex -30.972243186433545 -47.15 2.4
      vertex -31.070595205269186 -47.34943816497935 2.4
    endloop
  endfacet
  facet normal 0.8314696123025439 -0.5555702330196043 0
    outer loop
      vertex -30.972243186433545 -47.15 1.79
      vertex -30.8487006784951 -46.965105570685175 2.4
      vertex -30.972243186433545 -47.15 2.4
    endloop
  endfacet
  facet normal 0.7518398074789837 -0.6593458151000616 0
    outer loop
      vertex -30.8487006784951 -46.965105570685175 1.79
      vertex -30.702081528017132 -46.79791847198287 2.4
      vertex -30.8487006784951 -46.965105570685175 2.4
    endloop
  endfacet
  facet normal 0.7518398074789837 -0.6593458151000616 7.792562458705223e-19
    outer loop
      vertex -30.8487006784951 -46.965105570685175 1.79
      vertex -30.702081528017132 -46.79791847198287 1.79
      vertex -30.702081528017132 -46.79791847198287 2.4
    endloop
  endfacet
  facet normal 0.6593458151000616 -0.7518398074789837 0
    outer loop
      vertex -30.702081528017132 -46.79791847198287 1.79
      vertex -30.534894429314825 -46.6512993215049 2.4
      vertex -30.702081528017132 -46.79791847198287 2.4
    endloop
  endfacet
  facet normal 0.6593458151000616 -0.7518398074789837 7.792562458705223e-19
    outer loop
      vertex -30.702081528017132 -46.79791847198287 1.79
      vertex -30.534894429314825 -46.6512993215049 1.79
      vertex -30.534894429314825 -46.6512993215049 2.4
    endloop
  endfacet
  facet normal 0.5555702330196043 -0.8314696123025439 7.55594596887671e-18
    outer loop
      vertex -30.534894429314825 -46.6512993215049 1.79
      vertex -30.35 -46.527756813566455 1.79
      vertex -30.35 -46.527756813566455 2.4
    endloop
  endfacet
  facet normal 0.5555702330196043 -0.8314696123025439 0
    outer loop
      vertex -30.534894429314825 -46.6512993215049 1.79
      vertex -30.35 -46.527756813566455 2.4
      vertex -30.534894429314825 -46.6512993215049 2.4
    endloop
  endfacet
  facet normal 0.44228869021899636 -0.8968727415326907 0
    outer loop
      vertex -30.35 -46.527756813566455 1.79
      vertex -30.150561835020653 -46.429404794730814 2.4
      vertex -30.35 -46.527756813566455 2.4
    endloop
  endfacet
  facet normal 0.3214394653031657 0.9469301294951044 -1.780316309638652e-18
    outer loop
      vertex -29.939992376674287 -49.642073904691415 1.79
      vertex -30.150561835020653 -49.570595205269186 1.79
      vertex -30.150561835020653 -49.570595205269186 2.4
    endloop
  endfacet
  facet normal 0.19509032201613302 0.9807852804032294 0
    outer loop
      vertex -29.939992376674287 -49.642073904691415 1.79
      vertex -29.939992376674287 -49.642073904691415 2.4
      vertex -29.721894526774086 -49.68545626433548 1.79
    endloop
  endfacet
  facet normal 0.44228869021899636 0.8968727415326907 0
    outer loop
      vertex -30.150561835020653 -49.570595205269186 1.79
      vertex -30.35 -49.472243186433545 2.4
      vertex -30.150561835020653 -49.570595205269186 2.4
    endloop
  endfacet
  facet normal 0.3214394653031657 0.9469301294951044 0
    outer loop
      vertex -29.939992376674287 -49.642073904691415 1.79
      vertex -30.150561835020653 -49.570595205269186 2.4
      vertex -29.939992376674287 -49.642073904691415 2.4
    endloop
  endfacet
  facet normal 0.19509032201613302 0.9807852804032294 0
    outer loop
      vertex -29.721894526774086 -49.68545626433548 1.79
      vertex -29.939992376674287 -49.642073904691415 2.4
      vertex -29.721894526774086 -49.68545626433548 2.4
    endloop
  endfacet
  facet normal 0.06540312923015376 0.9978589232386028 0
    outer loop
      vertex -29.721894526774086 -49.68545626433548 1.79
      vertex -29.721894526774086 -49.68545626433548 2.4
      vertex -29.5 -49.7 1.79
    endloop
  endfacet
  facet normal -0.06540312923015376 0.9978589232386028 0
    outer loop
      vertex -29.5 -49.7 1.79
      vertex -29.5 -49.7 2.4
      vertex -29.278105473225914 -49.68545626433548 1.79
    endloop
  endfacet
  facet normal 0.06540312923015376 0.9978589232386028 0
    outer loop
      vertex -29.5 -49.7 1.79
      vertex -29.721894526774086 -49.68545626433548 2.4
      vertex -29.5 -49.7 2.4
    endloop
  endfacet
  facet normal -0.06540312923015376 0.9978589232386028 0
    outer loop
      vertex -29.278105473225914 -49.68545626433548 1.79
      vertex -29.5 -49.7 2.4
      vertex -29.278105473225914 -49.68545626433548 2.4
    endloop
  endfacet
  facet normal -0.19509032201613302 0.9807852804032294 0
    outer loop
      vertex -29.278105473225914 -49.68545626433548 1.79
      vertex -29.278105473225914 -49.68545626433548 2.4
      vertex -29.060007623325713 -49.642073904691415 1.79
    endloop
  endfacet
  facet normal -0.3214394653031657 0.9469301294951044 0
    outer loop
      vertex -29.060007623325713 -49.642073904691415 1.79
      vertex -29.060007623325713 -49.642073904691415 2.4
      vertex -28.849438164979347 -49.570595205269186 1.79
    endloop
  endfacet
  facet normal -0.44228869021899636 0.8968727415326907 0
    outer loop
      vertex -28.849438164979347 -49.570595205269186 1.79
      vertex -28.849438164979347 -49.570595205269186 2.4
      vertex -28.65 -49.472243186433545 1.79
    endloop
  endfacet
  facet normal -0.19509032201613302 0.9807852804032294 0
    outer loop
      vertex -29.060007623325713 -49.642073904691415 1.79
      vertex -29.278105473225914 -49.68545626433548 2.4
      vertex -29.060007623325713 -49.642073904691415 2.4
    endloop
  endfacet
  facet normal -0.3214394653031657 0.9469301294951044 0
    outer loop
      vertex -28.849438164979347 -49.570595205269186 1.79
      vertex -29.060007623325713 -49.642073904691415 2.4
      vertex -28.849438164979347 -49.570595205269186 2.4
    endloop
  endfacet
  facet normal -0.5555702330196043 0.8314696123025439 0
    outer loop
      vertex -28.65 -49.472243186433545 1.79
      vertex -28.65 -49.472243186433545 2.4
      vertex -28.465105570685175 -49.3487006784951 1.79
    endloop
  endfacet
  facet normal -0.6593458151000616 0.7518398074789837 0
    outer loop
      vertex -28.465105570685175 -49.3487006784951 1.79
      vertex -28.465105570685175 -49.3487006784951 2.4
      vertex -28.297918471982868 -49.20208152801713 1.79
    endloop
  endfacet
  facet normal -0.44228869021899636 0.8968727415326907 0
    outer loop
      vertex -28.65 -49.472243186433545 1.79
      vertex -28.849438164979347 -49.570595205269186 2.4
      vertex -28.65 -49.472243186433545 2.4
    endloop
  endfacet
  facet normal -0.5555702330196043 0.8314696123025439 0
    outer loop
      vertex -28.465105570685175 -49.3487006784951 1.79
      vertex -28.65 -49.472243186433545 2.4
      vertex -28.465105570685175 -49.3487006784951 2.4
    endloop
  endfacet
  facet normal -0.6593458151000616 0.7518398074789837 0
    outer loop
      vertex -28.297918471982868 -49.20208152801713 1.79
      vertex -28.465105570685175 -49.3487006784951 2.4
      vertex -28.297918471982868 -49.20208152801713 2.4
    endloop
  endfacet
  facet normal 0.44228869021899636 -0.8968727415326907 -6.966881537793375e-18
    outer loop
      vertex -30.35 -46.527756813566455 1.79
      vertex -30.150561835020653 -46.429404794730814 1.79
      vertex -30.150561835020653 -46.429404794730814 2.4
    endloop
  endfacet
  facet normal 0.3214394653031657 -0.9469301294951044 1.780316309638652e-18
    outer loop
      vertex -30.150561835020653 -46.429404794730814 1.79
      vertex -29.939992376674287 -46.357926095308585 1.79
      vertex -29.939992376674287 -46.357926095308585 2.4
    endloop
  endfacet
  facet normal 0.19509032201613302 -0.9807852804032294 -2.483762954238055e-18
    outer loop
      vertex -29.939992376674287 -46.357926095308585 1.79
      vertex -29.721894526774086 -46.31454373566452 1.79
      vertex -29.721894526774086 -46.31454373566452 2.4
    endloop
  endfacet
  facet normal 0.3214394653031657 -0.9469301294951044 0
    outer loop
      vertex -30.150561835020653 -46.429404794730814 1.79
      vertex -29.939992376674287 -46.357926095308585 2.4
      vertex -30.150561835020653 -46.429404794730814 2.4
    endloop
  endfacet
  facet normal 0.19509032201613302 -0.9807852804032294 0
    outer loop
      vertex -29.939992376674287 -46.357926095308585 1.79
      vertex -29.721894526774086 -46.31454373566452 2.4
      vertex -29.939992376674287 -46.357926095308585 2.4
    endloop
  endfacet
  facet normal 0.06540312923015376 -0.9978589232386028 1.2126299259959805e-18
    outer loop
      vertex -29.721894526774086 -46.31454373566452 1.79
      vertex -29.5 -46.3 1.79
      vertex -29.5 -46.3 2.4
    endloop
  endfacet
  facet normal -0.06540312923015376 -0.9978589232386028 -1.2126299259959805e-18
    outer loop
      vertex -29.5 -46.3 1.79
      vertex -29.278105473225914 -46.31454373566452 1.79
      vertex -29.278105473225914 -46.31454373566452 2.4
    endloop
  endfacet
  facet normal 0.06540312923015376 -0.9978589232386028 0
    outer loop
      vertex -29.721894526774086 -46.31454373566452 1.79
      vertex -29.5 -46.3 2.4
      vertex -29.721894526774086 -46.31454373566452 2.4
    endloop
  endfacet
  facet normal -0.06540312923015376 -0.9978589232386028 0
    outer loop
      vertex -29.5 -46.3 1.79
      vertex -29.278105473225914 -46.31454373566452 2.4
      vertex -29.5 -46.3 2.4
    endloop
  endfacet
  facet normal -0.6593458151000616 -0.7518398074789837 -7.792562458705223e-19
    outer loop
      vertex -28.465105570685175 -46.6512993215049 1.79
      vertex -28.297918471982868 -46.79791847198287 1.79
      vertex -28.297918471982868 -46.79791847198287 2.4
    endloop
  endfacet
  facet normal -0.19509032201613302 -0.9807852804032294 2.483762954238055e-18
    outer loop
      vertex -29.278105473225914 -46.31454373566452 1.79
      vertex -29.060007623325713 -46.357926095308585 1.79
      vertex -29.060007623325713 -46.357926095308585 2.4
    endloop
  endfacet
  facet normal -0.3214394653031657 -0.9469301294951044 0
    outer loop
      vertex -28.849438164979347 -46.429404794730814 1.79
      vertex -28.849438164979347 -46.429404794730814 2.4
      vertex -29.060007623325713 -46.357926095308585 1.79
    endloop
  endfacet
  facet normal -0.19509032201613302 -0.9807852804032294 0
    outer loop
      vertex -29.278105473225914 -46.31454373566452 1.79
      vertex -29.060007623325713 -46.357926095308585 2.4
      vertex -29.278105473225914 -46.31454373566452 2.4
    endloop
  endfacet
  facet normal -0.3214394653031657 -0.9469301294951044 0
    outer loop
      vertex -29.060007623325713 -46.357926095308585 1.79
      vertex -28.849438164979347 -46.429404794730814 2.4
      vertex -29.060007623325713 -46.357926095308585 2.4
    endloop
  endfacet
  facet normal -0.44228869021899636 -0.8968727415326907 0
    outer loop
      vertex -28.849438164979347 -46.429404794730814 1.79
      vertex -28.65 -46.527756813566455 2.4
      vertex -28.849438164979347 -46.429404794730814 2.4
    endloop
  endfacet
  facet normal -0.44228869021899636 -0.8968727415326907 6.966881537793375e-18
    outer loop
      vertex -28.849438164979347 -46.429404794730814 1.79
      vertex -28.65 -46.527756813566455 1.79
      vertex -28.65 -46.527756813566455 2.4
    endloop
  endfacet
  facet normal -0.5555702330196043 -0.8314696123025439 -7.55594596887671e-18
    outer loop
      vertex -28.65 -46.527756813566455 1.79
      vertex -28.465105570685175 -46.6512993215049 1.79
      vertex -28.465105570685175 -46.6512993215049 2.4
    endloop
  endfacet
  facet normal -0.5555702330196043 -0.8314696123025439 0
    outer loop
      vertex -28.65 -46.527756813566455 1.79
      vertex -28.465105570685175 -46.6512993215049 2.4
      vertex -28.65 -46.527756813566455 2.4
    endloop
  endfacet
  facet normal -0.6593458151000616 -0.7518398074789837 0
    outer loop
      vertex -28.465105570685175 -46.6512993215049 1.79
      vertex -28.297918471982868 -46.79791847198287 2.4
      vertex -28.465105570685175 -46.6512993215049 2.4
    endloop
  endfacet
  facet normal -0.7518398074789837 0.6593458151000616 0
    outer loop
      vertex -28.297918471982868 -49.20208152801713 1.79
      vertex -28.297918471982868 -49.20208152801713 2.4
      vertex -28.1512993215049 -49.034894429314825 1.79
    endloop
  endfacet
  facet normal -0.8314696123025439 0.5555702330196043 0
    outer loop
      vertex -28.1512993215049 -49.034894429314825 1.79
      vertex -28.1512993215049 -49.034894429314825 2.4
      vertex -28.027756813566455 -48.85 1.79
    endloop
  endfacet
  facet normal -0.8968727415326907 0.44228869021899636 0
    outer loop
      vertex -28.027756813566455 -48.85 1.79
      vertex -28.027756813566455 -48.85 2.4
      vertex -27.929404794730814 -48.65056183502065 1.79
    endloop
  endfacet
  facet normal -0.7518398074789837 0.6593458151000616 0
    outer loop
      vertex -28.1512993215049 -49.034894429314825 1.79
      vertex -28.297918471982868 -49.20208152801713 2.4
      vertex -28.1512993215049 -49.034894429314825 2.4
    endloop
  endfacet
  facet normal -0.8314696123025439 0.5555702330196043 0
    outer loop
      vertex -28.027756813566455 -48.85 1.79
      vertex -28.1512993215049 -49.034894429314825 2.4
      vertex -28.027756813566455 -48.85 2.4
    endloop
  endfacet
  facet normal -0.8968727415326907 0.44228869021899636 0
    outer loop
      vertex -27.929404794730814 -48.65056183502065 1.79
      vertex -28.027756813566455 -48.85 2.4
      vertex -27.929404794730814 -48.65056183502065 2.4
    endloop
  endfacet
  facet normal -0.9469301294951058 0.32143946530316075 0
    outer loop
      vertex -27.929404794730814 -48.65056183502065 1.79
      vertex -27.929404794730814 -48.65056183502065 2.4
      vertex -27.857926095308585 -48.43999237667428 1.79
    endloop
  endfacet
  facet normal -0.9807852804032289 0.19509032201613608 0
    outer loop
      vertex -27.857926095308585 -48.43999237667428 1.79
      vertex -27.857926095308585 -48.43999237667428 2.4
      vertex -27.81454373566452 -48.221894526774086 1.79
    endloop
  endfacet
  facet normal -0.9978589232386039 0.06540312923013786 0
    outer loop
      vertex -27.81454373566452 -48.221894526774086 1.79
      vertex -27.81454373566452 -48.221894526774086 2.4
      vertex -27.8 -48 1.79
    endloop
  endfacet
  facet normal -0.9978589232386039 -0.06540312923013786 0
    outer loop
      vertex -27.8 -48 1.79
      vertex -27.8 -48 2.4
      vertex -27.81454373566452 -47.778105473225914 1.79
    endloop
  endfacet
  facet normal -0.9807852804032289 -0.19509032201613608 5.280351055108076e-19
    outer loop
      vertex -27.857926095308585 -47.56000762332572 1.79
      vertex -27.81454373566452 -47.778105473225914 1.79
      vertex -27.81454373566452 -47.778105473225914 2.4
    endloop
  endfacet
  facet normal -0.9469301294951058 0.32143946530316075 0
    outer loop
      vertex -27.857926095308585 -48.43999237667428 1.79
      vertex -27.929404794730814 -48.65056183502065 2.4
      vertex -27.857926095308585 -48.43999237667428 2.4
    endloop
  endfacet
  facet normal -0.9807852804032289 0.19509032201613608 0
    outer loop
      vertex -27.81454373566452 -48.221894526774086 1.79
      vertex -27.857926095308585 -48.43999237667428 2.4
      vertex -27.81454373566452 -48.221894526774086 2.4
    endloop
  endfacet
  facet normal -0.9978589232386039 0.06540312923013786 0
    outer loop
      vertex -27.8 -48 1.79
      vertex -27.81454373566452 -48.221894526774086 2.4
      vertex -27.8 -48 2.4
    endloop
  endfacet
  facet normal -0.9978589232386039 -0.06540312923013786 0
    outer loop
      vertex -27.81454373566452 -47.778105473225914 1.79
      vertex -27.8 -48 2.4
      vertex -27.81454373566452 -47.778105473225914 2.4
    endloop
  endfacet
  facet normal -0.7518398074789837 -0.6593458151000616 0
    outer loop
      vertex -28.1512993215049 -46.965105570685175 1.79
      vertex -28.1512993215049 -46.965105570685175 2.4
      vertex -28.297918471982868 -46.79791847198287 1.79
    endloop
  endfacet
  facet normal -0.8314696123025439 -0.5555702330196043 -7.55594596887671e-18
    outer loop
      vertex -28.1512993215049 -46.965105570685175 1.79
      vertex -28.027756813566455 -47.15 1.79
      vertex -28.027756813566455 -47.15 2.4
    endloop
  endfacet
  facet normal -0.8968727415326907 -0.44228869021899636 0
    outer loop
      vertex -27.929404794730814 -47.34943816497935 1.79
      vertex -27.929404794730814 -47.34943816497935 2.4
      vertex -28.027756813566455 -47.15 1.79
    endloop
  endfacet
  facet normal -0.9469301294951058 -0.32143946530316075 0
    outer loop
      vertex -27.857926095308585 -47.56000762332572 1.79
      vertex -27.857926095308585 -47.56000762332572 2.4
      vertex -27.929404794730814 -47.34943816497935 1.79
    endloop
  endfacet
  facet normal -0.7518398074789837 -0.6593458151000616 0
    outer loop
      vertex -28.297918471982868 -46.79791847198287 1.79
      vertex -28.1512993215049 -46.965105570685175 2.4
      vertex -28.297918471982868 -46.79791847198287 2.4
    endloop
  endfacet
  facet normal -0.8314696123025439 -0.5555702330196043 0
    outer loop
      vertex -28.1512993215049 -46.965105570685175 1.79
      vertex -28.027756813566455 -47.15 2.4
      vertex -28.1512993215049 -46.965105570685175 2.4
    endloop
  endfacet
  facet normal -0.9469301294951058 -0.32143946530316075 0
    outer loop
      vertex -27.929404794730814 -47.34943816497935 1.79
      vertex -27.857926095308585 -47.56000762332572 2.4
      vertex -27.929404794730814 -47.34943816497935 2.4
    endloop
  endfacet
  facet normal -0.8968727415326907 -0.44228869021899636 0
    outer loop
      vertex -28.027756813566455 -47.15 1.79
      vertex -27.929404794730814 -47.34943816497935 2.4
      vertex -28.027756813566455 -47.15 2.4
    endloop
  endfacet
  facet normal -0.9807852804032289 -0.19509032201613608 0
    outer loop
      vertex -27.857926095308585 -47.56000762332572 1.79
      vertex -27.81454373566452 -47.778105473225914 2.4
      vertex -27.857926095308585 -47.56000762332572 2.4
    endloop
  endfacet
  facet normal 0.6896014612051597 0.3400738063778384 -0.6393744058995455
    outer loop
      vertex -30.972243186433545 -48.85 1.79
      vertex -32.26406441374533 -49.59583333333333 0
      vertex -32.29999999701977 -49.522963179059296 0
    endloop
  endfacet
  facet normal 0.6896014612051599 0.34007380637783635 -0.6393744058995465
    outer loop
      vertex -31.070595205269186 -48.65056183502065 1.79
      vertex -32.29999999701977 -49.522963179059296 0
      vertex -32.29999999701977 -49.159797973410214 0.1931622108884929
    endloop
  endfacet
  facet normal 0.7280903641280059 0.24715337494064082 -0.6393744058995472
    outer loop
      vertex -31.142073904691415 -48.43999237667428 1.79
      vertex -32.29999999701977 -49.159797973410214 0.1931622108884929
      vertex -32.29999999701977 -48.75025773800859 0.35147203752455936
    endloop
  endfacet
  facet normal 0.5780862833936674 0.5069680641151864 -0.6393744058995454
    outer loop
      vertex -30.8487006784951 -49.034894429314825 1.79
      vertex -31.756849143287063 -50.25684914328707 0
      vertex -32.03211941109619 -49.942963560919495 0
    endloop
  endfacet
  facet normal 0.5069680641151912 0.5780862833936621 -0.6393744058995465
    outer loop
      vertex -30.702081528017132 -49.20208152801713 1.79
      vertex -31.4429635609195 -50.53211941109619 0
      vertex -31.756849143287063 -50.25684914328707 0
    endloop
  endfacet
  facet normal 0.6393132860874519 0.42717548070162864 -0.6393744058995453
    outer loop
      vertex -30.972243186433545 -48.85 1.79
      vertex -32.03211941109619 -49.942963560919495 0
      vertex -32.26406441374533 -49.59583333333333 0
    endloop
  endfacet
  facet normal 0.2471533749406419 0.7280903641280055 -0.6393744058995472
    outer loop
      vertex -30.150561835020653 -49.570595205269186 1.79
      vertex -30.32606411895221 -51.08291326223928 0
      vertex -30.721397954965244 -50.94871550793186 0
    endloop
  endfacet
  facet normal 0.42717548070162514 0.6393132860874532 -0.6393744058995462
    outer loop
      vertex -30.534894429314825 -49.3487006784951 1.79
      vertex -31.095833333333335 -50.76406441374533 0
      vertex -31.4429635609195 -50.53211941109619 0
    endloop
  endfacet
  facet normal 0.34007380637783463 0.6896014612051612 -0.6393744058995461
    outer loop
      vertex -30.35 -49.472243186433545 1.79
      vertex -30.721397954965244 -50.94871550793186 0
      vertex -31.095833333333335 -50.76406441374533 0
    endloop
  endfacet
  facet normal 0.6896014612051609 -0.3400738063778359 -0.6393744058995459
    outer loop
      vertex -30.972243186433545 -47.15 1.79
      vertex -32.29999999701977 -46.840202026589786 0.1931622108884929
      vertex -32.29999999701977 -46.477036820940704 0
    endloop
  endfacet
  facet normal 0.7280903641280062 -0.2471533749406405 -0.6393744058995469
    outer loop
      vertex -31.070595205269186 -47.34943816497935 1.79
      vertex -32.29999999701977 -47.24974226199141 0.35147203752455936
      vertex -32.29999999701977 -46.840202026589786 0.1931622108884929
    endloop
  endfacet
  facet normal 0.7541214390558355 0.15000408073435037 -0.6393744058995466
    outer loop
      vertex -31.18545626433548 -48.221894526774086 1.79
      vertex -32.29999999701977 -48.75025773800859 0.35147203752455936
      vertex -32.29999999701977 -48.36862699285235 0.44100669605782805
    endloop
  endfacet
  facet normal 0.7672492870794548 0.050288175117709964 -0.6393744058995472
    outer loop
      vertex -31.2 -48 1.79
      vertex -32.29999999701977 -48.36862699285235 0.44100669605782805
      vertex -32.29999999701977 -48 0.47000000357628097
    endloop
  endfacet
  facet normal 0.7672492870794551 -0.05028817511771009 -0.6393744058995469
    outer loop
      vertex -31.18545626433548 -47.778105473225914 1.79
      vertex -32.29999999701977 -48 0.47000000357628097
      vertex -32.29999999701977 -47.63137300714765 0.44100669605782805
    endloop
  endfacet
  facet normal 0.754121439055835 -0.15000408073435045 -0.6393744058995472
    outer loop
      vertex -31.142073904691415 -47.56000762332572 1.79
      vertex -32.29999999701977 -47.63137300714765 0.44100669605782805
      vertex -32.29999999701977 -47.24974226199141 0.35147203752455936
    endloop
  endfacet
  facet normal 0.6896014612051599 -0.3400738063778379 -0.6393744058995459
    outer loop
      vertex -30.972243186433545 -47.15 1.79
      vertex -32.29999999701977 -46.477036820940704 0
      vertex -32.26406441374533 -46.40416666666667 0
    endloop
  endfacet
  facet normal 0.6393132860874519 -0.4271754807016286 -0.6393744058995452
    outer loop
      vertex -30.8487006784951 -46.965105570685175 1.79
      vertex -32.26406441374533 -46.40416666666667 0
      vertex -32.03211941109619 -46.057036439080505 0
    endloop
  endfacet
  facet normal 0.5780862833936672 -0.506968064115186 -0.6393744058995461
    outer loop
      vertex -30.702081528017132 -46.79791847198287 1.79
      vertex -32.03211941109619 -46.057036439080505 0
      vertex -31.756849143287063 -45.74315085671293 0
    endloop
  endfacet
  facet normal 0.5069680641151915 -0.578086283393662 -0.6393744058995464
    outer loop
      vertex -30.534894429314825 -46.6512993215049 1.79
      vertex -31.756849143287063 -45.74315085671293 0
      vertex -31.4429635609195 -45.46788058890381 0
    endloop
  endfacet
  facet normal 0.42717548070162525 -0.6393132860874533 -0.639374405899546
    outer loop
      vertex -30.35 -46.527756813566455 1.79
      vertex -31.4429635609195 -45.46788058890381 0
      vertex -31.095833333333335 -45.23593558625467 0
    endloop
  endfacet
  facet normal 0.3400738063778344 -0.6896014612051607 -0.6393744058995467
    outer loop
      vertex -30.150561835020653 -46.429404794730814 1.79
      vertex -31.095833333333335 -45.23593558625467 0
      vertex -30.721397954965244 -45.05128449206814 0
    endloop
  endfacet
  facet normal 0.24715337494064188 -0.7280903641280054 -0.6393744058995473
    outer loop
      vertex -29.939992376674287 -46.357926095308585 1.79
      vertex -30.721397954965244 -45.05128449206814 0
      vertex -30.32606411895221 -44.91708673776072 0
    endloop
  endfacet
  facet normal 0.1500040807343522 0.7541214390558345 -0.6393744058995475
    outer loop
      vertex -29.939992376674287 -49.642073904691415 1.79
      vertex -29.916596096835665 -51.16436151588475 0
      vertex -30.32606411895221 -51.08291326223928 0
    endloop
  endfacet
  facet normal 0.050288175117707966 0.7672492870794548 -0.6393744058995472
    outer loop
      vertex -29.721894526774086 -49.68545626433548 1.79
      vertex -29.5 -51.19166666666667 0
      vertex -29.916596096835665 -51.16436151588475 0
    endloop
  endfacet
  facet normal -0.05028817511770782 0.7672492870794555 -0.6393744058995465
    outer loop
      vertex -29.5 -49.7 1.79
      vertex -29.083403903164335 -51.16436151588475 0
      vertex -29.5 -51.19166666666667 0
    endloop
  endfacet
  facet normal -0.15000408073435187 0.7541214390558346 -0.6393744058995473
    outer loop
      vertex -29.278105473225914 -49.68545626433548 1.79
      vertex -28.67393588104779 -51.08291326223928 0
      vertex -29.083403903164335 -51.16436151588475 0
    endloop
  endfacet
  facet normal -0.24715337494064188 0.7280903641280054 -0.6393744058995473
    outer loop
      vertex -29.060007623325713 -49.642073904691415 1.79
      vertex -28.278602045034756 -50.94871550793186 0
      vertex -28.67393588104779 -51.08291326223928 0
    endloop
  endfacet
  facet normal -0.3400738063778344 0.6896014612051607 -0.6393744058995467
    outer loop
      vertex -28.849438164979347 -49.570595205269186 1.79
      vertex -27.904166666666665 -50.76406441374533 0
      vertex -28.278602045034756 -50.94871550793186 0
    endloop
  endfacet
  facet normal 0.15000408073435187 -0.7541214390558346 -0.6393744058995473
    outer loop
      vertex -29.721894526774086 -46.31454373566452 1.79
      vertex -30.32606411895221 -44.91708673776072 0
      vertex -29.916596096835665 -44.83563848411525 0
    endloop
  endfacet
  facet normal 0.05028817511770782 -0.7672492870794555 -0.6393744058995465
    outer loop
      vertex -29.5 -46.3 1.79
      vertex -29.916596096835665 -44.83563848411525 0
      vertex -29.5 -44.80833333333333 0
    endloop
  endfacet
  facet normal -0.050288175117707966 -0.7672492870794548 -0.6393744058995472
    outer loop
      vertex -29.278105473225914 -46.31454373566452 1.79
      vertex -29.5 -44.80833333333333 0
      vertex -29.083403903164335 -44.83563848411525 0
    endloop
  endfacet
  facet normal -0.1500040807343522 -0.7541214390558345 -0.6393744058995475
    outer loop
      vertex -29.060007623325713 -46.357926095308585 1.79
      vertex -29.083403903164335 -44.83563848411525 0
      vertex -28.67393588104779 -44.91708673776072 0
    endloop
  endfacet
  facet normal -0.2471533749406419 -0.7280903641280055 -0.6393744058995472
    outer loop
      vertex -28.849438164979347 -46.429404794730814 1.79
      vertex -28.67393588104779 -44.91708673776072 0
      vertex -28.278602045034756 -45.05128449206814 0
    endloop
  endfacet
  facet normal -0.34007380637783463 -0.6896014612051612 -0.6393744058995461
    outer loop
      vertex -28.65 -46.527756813566455 1.79
      vertex -28.278602045034756 -45.05128449206814 0
      vertex -27.904166666666665 -45.23593558625467 0
    endloop
  endfacet
  facet normal 0.6896014612051656 0.3400738063778265 -0.6393744058995456
    outer loop
      vertex -30.972243186433545 -48.85 1.79
      vertex -32.29999999701977 -49.522963179059296 0
      vertex -31.070595205269186 -48.65056183502065 1.79
    endloop
  endfacet
  facet normal 0.7280903641280073 0.2471533749406375 -0.6393744058995469
    outer loop
      vertex -31.070595205269186 -48.65056183502065 1.79
      vertex -32.29999999701977 -49.159797973410214 0.1931622108884929
      vertex -31.142073904691415 -48.43999237667428 1.79
    endloop
  endfacet
  facet normal 0.5069680641151919 0.5780862833936615 -0.6393744058995464
    outer loop
      vertex -30.702081528017132 -49.20208152801713 1.79
      vertex -30.534894429314825 -49.3487006784951 1.79
      vertex -31.4429635609195 -50.53211941109619 0
    endloop
  endfacet
  facet normal 0.6393132860874527 0.42717548070162753 -0.6393744058995453
    outer loop
      vertex -30.972243186433545 -48.85 1.79
      vertex -30.8487006784951 -49.034894429314825 1.79
      vertex -32.03211941109619 -49.942963560919495 0
    endloop
  endfacet
  facet normal 0.5780862833936615 0.5069680641151919 -0.6393744058995463
    outer loop
      vertex -30.702081528017132 -49.20208152801713 1.79
      vertex -31.756849143287063 -50.25684914328707 0
      vertex -30.8487006784951 -49.034894429314825 1.79
    endloop
  endfacet
  facet normal 0.42717548070162714 0.6393132860874522 -0.6393744058995459
    outer loop
      vertex -30.534894429314825 -49.3487006784951 1.79
      vertex -30.35 -49.472243186433545 1.79
      vertex -31.095833333333335 -50.76406441374533 0
    endloop
  endfacet
  facet normal 0.34007380637782597 0.6896014612051645 -0.639374405899547
    outer loop
      vertex -30.35 -49.472243186433545 1.79
      vertex -30.150561835020653 -49.570595205269186 1.79
      vertex -30.721397954965244 -50.94871550793186 0
    endloop
  endfacet
  facet normal 0.7672492870794555 0.05028817511770631 -0.6393744058995467
    outer loop
      vertex -31.18545626433548 -48.221894526774086 1.79
      vertex -32.29999999701977 -48.36862699285235 0.44100669605782805
      vertex -31.2 -48 1.79
    endloop
  endfacet
  facet normal 0.767249287079455 -0.05028817511770627 -0.6393744058995473
    outer loop
      vertex -31.2 -48 1.79
      vertex -32.29999999701977 -48 0.47000000357628097
      vertex -31.18545626433548 -47.778105473225914 1.79
    endloop
  endfacet
  facet normal 0.7541214390558336 0.1500040807343566 -0.6393744058995474
    outer loop
      vertex -31.18545626433548 -48.221894526774086 1.79
      vertex -31.142073904691415 -48.43999237667428 1.79
      vertex -32.29999999701977 -48.75025773800859 0.35147203752455936
    endloop
  endfacet
  facet normal 0.7541214390558344 -0.15000408073435673 -0.6393744058995465
    outer loop
      vertex -31.18545626433548 -47.778105473225914 1.79
      vertex -32.29999999701977 -47.63137300714765 0.44100669605782805
      vertex -31.142073904691415 -47.56000762332572 1.79
    endloop
  endfacet
  facet normal 0.6393132860874526 -0.4271754807016274 -0.6393744058995454
    outer loop
      vertex -30.972243186433545 -47.15 1.79
      vertex -32.26406441374533 -46.40416666666667 0
      vertex -30.8487006784951 -46.965105570685175 1.79
    endloop
  endfacet
  facet normal 0.7280903641280068 -0.24715337494063738 -0.6393744058995473
    outer loop
      vertex -31.142073904691415 -47.56000762332572 1.79
      vertex -32.29999999701977 -47.24974226199141 0.35147203752455936
      vertex -31.070595205269186 -47.34943816497935 1.79
    endloop
  endfacet
  facet normal 0.6896014612051646 -0.3400738063778261 -0.6393744058995471
    outer loop
      vertex -31.070595205269186 -47.34943816497935 1.79
      vertex -32.29999999701977 -46.840202026589786 0.1931622108884929
      vertex -30.972243186433545 -47.15 1.79
    endloop
  endfacet
  facet normal 0.5780862833936622 -0.5069680641151926 -0.6393744058995453
    outer loop
      vertex -30.8487006784951 -46.965105570685175 1.79
      vertex -32.03211941109619 -46.057036439080505 0
      vertex -30.702081528017132 -46.79791847198287 1.79
    endloop
  endfacet
  facet normal 0.5069680641151918 -0.5780862833936614 -0.6393744058995465
    outer loop
      vertex -30.702081528017132 -46.79791847198287 1.79
      vertex -31.756849143287063 -45.74315085671293 0
      vertex -30.534894429314825 -46.6512993215049 1.79
    endloop
  endfacet
  facet normal 0.4271754807016271 -0.6393132860874521 -0.6393744058995462
    outer loop
      vertex -30.534894429314825 -46.6512993215049 1.79
      vertex -31.4429635609195 -45.46788058890381 0
      vertex -30.35 -46.527756813566455 1.79
    endloop
  endfacet
  facet normal 0.3400738063778265 -0.6896014612051656 -0.6393744058995458
    outer loop
      vertex -30.35 -46.527756813566455 1.79
      vertex -31.095833333333335 -45.23593558625467 0
      vertex -30.150561835020653 -46.429404794730814 1.79
    endloop
  endfacet
  facet normal 0.2471533749406411 0.7280903641280055 -0.6393744058995472
    outer loop
      vertex -29.939992376674287 -49.642073904691415 1.79
      vertex -30.32606411895221 -51.08291326223928 0
      vertex -30.150561835020653 -49.570595205269186 1.79
    endloop
  endfacet
  facet normal 0.15000408073435426 0.7541214390558342 -0.6393744058995473
    outer loop
      vertex -29.939992376674287 -49.642073904691415 1.79
      vertex -29.721894526774086 -49.68545626433548 1.79
      vertex -29.916596096835665 -51.16436151588475 0
    endloop
  endfacet
  facet normal 0.050288175117718575 0.7672492870794552 -0.6393744058995461
    outer loop
      vertex -29.721894526774086 -49.68545626433548 1.79
      vertex -29.5 -49.7 1.79
      vertex -29.5 -51.19166666666667 0
    endloop
  endfacet
  facet normal -0.050288175117718485 0.7672492870794538 -0.6393744058995476
    outer loop
      vertex -29.5 -49.7 1.79
      vertex -29.278105473225914 -49.68545626433548 1.79
      vertex -29.083403903164335 -51.16436151588475 0
    endloop
  endfacet
  facet normal -0.15000408073435423 0.7541214390558341 -0.6393744058995475
    outer loop
      vertex -29.278105473225914 -49.68545626433548 1.79
      vertex -29.060007623325713 -49.642073904691415 1.79
      vertex -28.67393588104779 -51.08291326223928 0
    endloop
  endfacet
  facet normal -0.24715337494064116 0.7280903641280058 -0.639374405899547
    outer loop
      vertex -29.060007623325713 -49.642073904691415 1.79
      vertex -28.849438164979347 -49.570595205269186 1.79
      vertex -28.278602045034756 -50.94871550793186 0
    endloop
  endfacet
  facet normal -0.3400738063778265 0.6896014612051656 -0.6393744058995458
    outer loop
      vertex -28.849438164979347 -49.570595205269186 1.79
      vertex -28.65 -49.472243186433545 1.79
      vertex -27.904166666666665 -50.76406441374533 0
    endloop
  endfacet
  facet normal 0.24715337494064116 -0.7280903641280058 -0.6393744058995471
    outer loop
      vertex -30.150561835020653 -46.429404794730814 1.79
      vertex -30.721397954965244 -45.05128449206814 0
      vertex -29.939992376674287 -46.357926095308585 1.79
    endloop
  endfacet
  facet normal 0.15000408073435423 -0.7541214390558341 -0.6393744058995475
    outer loop
      vertex -29.939992376674287 -46.357926095308585 1.79
      vertex -30.32606411895221 -44.91708673776072 0
      vertex -29.721894526774086 -46.31454373566452 1.79
    endloop
  endfacet
  facet normal 0.050288175117718485 -0.7672492870794538 -0.6393744058995476
    outer loop
      vertex -29.721894526774086 -46.31454373566452 1.79
      vertex -29.916596096835665 -44.83563848411525 0
      vertex -29.5 -46.3 1.79
    endloop
  endfacet
  facet normal -0.050288175117718575 -0.7672492870794552 -0.6393744058995461
    outer loop
      vertex -29.5 -46.3 1.79
      vertex -29.5 -44.80833333333333 0
      vertex -29.278105473225914 -46.31454373566452 1.79
    endloop
  endfacet
  facet normal -0.15000408073435426 -0.7541214390558342 -0.6393744058995472
    outer loop
      vertex -29.278105473225914 -46.31454373566452 1.79
      vertex -29.083403903164335 -44.83563848411525 0
      vertex -29.060007623325713 -46.357926095308585 1.79
    endloop
  endfacet
  facet normal -0.24715337494064116 -0.7280903641280058 -0.6393744058995472
    outer loop
      vertex -28.849438164979347 -46.429404794730814 1.79
      vertex -29.060007623325713 -46.357926095308585 1.79
      vertex -28.67393588104779 -44.91708673776072 0
    endloop
  endfacet
  facet normal -0.34007380637782597 -0.6896014612051645 -0.639374405899547
    outer loop
      vertex -28.849438164979347 -46.429404794730814 1.79
      vertex -28.278602045034756 -45.05128449206814 0
      vertex -28.65 -46.527756813566455 1.79
    endloop
  endfacet
  facet normal -0.42717548070162714 -0.6393132860874522 -0.6393744058995459
    outer loop
      vertex -28.65 -46.527756813566455 1.79
      vertex -27.904166666666665 -45.23593558625467 0
      vertex -28.465105570685175 -46.6512993215049 1.79
    endloop
  endfacet
  facet normal -0.42717548070162525 0.6393132860874533 -0.639374405899546
    outer loop
      vertex -28.65 -49.472243186433545 1.79
      vertex -27.5570364390805 -50.53211941109619 0
      vertex -27.904166666666665 -50.76406441374533 0
    endloop
  endfacet
  facet normal -0.5069680641151915 0.578086283393662 -0.6393744058995464
    outer loop
      vertex -28.465105570685175 -49.3487006784951 1.79
      vertex -27.243150856712937 -50.25684914328707 0
      vertex -27.5570364390805 -50.53211941109619 0
    endloop
  endfacet
  facet normal -0.5780862833936639 0.5069680641151895 -0.6393744058995462
    outer loop
      vertex -28.297918471982868 -49.20208152801713 1.79
      vertex -26.967880588903807 -49.942963560919495 0
      vertex -27.243150856712937 -50.25684914328707 0
    endloop
  endfacet
  facet normal -0.6393132860874545 0.4271754807016238 -0.6393744058995458
    outer loop
      vertex -28.1512993215049 -49.034894429314825 1.79
      vertex -26.73593558625467 -49.59583333333333 0
      vertex -26.967880588903807 -49.942963560919495 0
    endloop
  endfacet
  facet normal -0.6896014612051589 0.3400738063778397 -0.6393744058995459
    outer loop
      vertex -28.027756813566455 -48.85 1.79
      vertex -26.55128449206814 -49.22139795496525 0
      vertex -26.73593558625467 -49.59583333333333 0
    endloop
  endfacet
  facet normal -0.7280903641280081 0.24715337494063433 -0.6393744058995472
    outer loop
      vertex -27.929404794730814 -48.65056183502065 1.79
      vertex -26.417086737760723 -48.82606411895221 0
      vertex -26.55128449206814 -49.22139795496525 0
    endloop
  endfacet
  facet normal -0.42717548070162514 -0.6393132860874532 -0.6393744058995462
    outer loop
      vertex -28.465105570685175 -46.6512993215049 1.79
      vertex -27.904166666666665 -45.23593558625467 0
      vertex -27.5570364390805 -45.46788058890381 0
    endloop
  endfacet
  facet normal -0.5069680641151912 -0.5780862833936621 -0.6393744058995465
    outer loop
      vertex -28.297918471982868 -46.79791847198287 1.79
      vertex -27.5570364390805 -45.46788058890381 0
      vertex -27.243150856712937 -45.74315085671293 0
    endloop
  endfacet
  facet normal -0.5780862833936637 -0.5069680641151898 -0.6393744058995461
    outer loop
      vertex -28.1512993215049 -46.965105570685175 1.79
      vertex -27.243150856712937 -45.74315085671293 0
      vertex -26.967880588903807 -46.057036439080505 0
    endloop
  endfacet
  facet normal -0.7541214390558354 0.1500040807343508 -0.6393744058995467
    outer loop
      vertex -27.857926095308585 -48.43999237667428 1.79
      vertex -26.335638484115254 -48.41659609683566 0
      vertex -26.417086737760723 -48.82606411895221 0
    endloop
  endfacet
  facet normal -0.7672492870794556 0.050288175117708146 -0.6393744058995463
    outer loop
      vertex -27.81454373566452 -48.221894526774086 1.79
      vertex -26.308333333333334 -48 0
      vertex -26.335638484115254 -48.41659609683566 0
    endloop
  endfacet
  facet normal -0.7672492870794554 -0.05028817511770818 -0.6393744058995464
    outer loop
      vertex -27.8 -48 1.79
      vertex -26.335638484115254 -47.58340390316434 0
      vertex -26.308333333333334 -48 0
    endloop
  endfacet
  facet normal -0.6896014612051581 -0.34007380637783924 -0.639374405899547
    outer loop
      vertex -27.929404794730814 -47.34943816497935 1.79
      vertex -26.73593558625467 -46.40416666666667 0
      vertex -26.55128449206814 -46.77860204503475 0
    endloop
  endfacet
  facet normal -0.7541214390558356 -0.15000408073435095 -0.6393744058995463
    outer loop
      vertex -27.81454373566452 -47.778105473225914 1.79
      vertex -26.417086737760723 -47.17393588104779 0
      vertex -26.335638484115254 -47.58340390316434 0
    endloop
  endfacet
  facet normal -0.7280903641280084 -0.24715337494063427 -0.6393744058995467
    outer loop
      vertex -27.857926095308585 -47.56000762332572 1.79
      vertex -26.55128449206814 -46.77860204503475 0
      vertex -26.417086737760723 -47.17393588104779 0
    endloop
  endfacet
  facet normal -0.6393132860874546 -0.4271754807016241 -0.6393744058995454
    outer loop
      vertex -28.027756813566455 -47.15 1.79
      vertex -26.967880588903807 -46.057036439080505 0
      vertex -26.73593558625467 -46.40416666666667 0
    endloop
  endfacet
  facet normal -0.4271754807016271 0.6393132860874521 -0.6393744058995462
    outer loop
      vertex -28.65 -49.472243186433545 1.79
      vertex -28.465105570685175 -49.3487006784951 1.79
      vertex -27.5570364390805 -50.53211941109619 0
    endloop
  endfacet
  facet normal -0.5069680641151918 0.5780862833936614 -0.6393744058995465
    outer loop
      vertex -28.465105570685175 -49.3487006784951 1.79
      vertex -28.297918471982868 -49.20208152801713 1.79
      vertex -27.243150856712937 -50.25684914328707 0
    endloop
  endfacet
  facet normal -0.5780862833936619 0.5069680641151922 -0.639374405899546
    outer loop
      vertex -28.297918471982868 -49.20208152801713 1.79
      vertex -28.1512993215049 -49.034894429314825 1.79
      vertex -26.967880588903807 -49.942963560919495 0
    endloop
  endfacet
  facet normal -0.6393132860874526 0.4271754807016274 -0.6393744058995454
    outer loop
      vertex -28.1512993215049 -49.034894429314825 1.79
      vertex -28.027756813566455 -48.85 1.79
      vertex -26.73593558625467 -49.59583333333333 0
    endloop
  endfacet
  facet normal -0.6896014612051643 0.34007380637782586 -0.6393744058995473
    outer loop
      vertex -28.027756813566455 -48.85 1.79
      vertex -27.929404794730814 -48.65056183502065 1.79
      vertex -26.55128449206814 -49.22139795496525 0
    endloop
  endfacet
  facet normal -0.7280903641280072 0.24715337494063752 -0.6393744058995467
    outer loop
      vertex -27.929404794730814 -48.65056183502065 1.79
      vertex -27.857926095308585 -48.43999237667428 1.79
      vertex -26.417086737760723 -48.82606411895221 0
    endloop
  endfacet
  facet normal -0.7541214390558346 0.1500040807343568 -0.6393744058995461
    outer loop
      vertex -27.857926095308585 -48.43999237667428 1.79
      vertex -27.81454373566452 -48.221894526774086 1.79
      vertex -26.335638484115254 -48.41659609683566 0
    endloop
  endfacet
  facet normal -0.7672492870794555 0.05028817511770631 -0.6393744058995464
    outer loop
      vertex -27.81454373566452 -48.221894526774086 1.79
      vertex -27.8 -48 1.79
      vertex -26.308333333333334 -48 0
    endloop
  endfacet
  facet normal -0.7672492870794558 -0.05028817511770633 -0.6393744058995462
    outer loop
      vertex -27.8 -48 1.79
      vertex -27.81454373566452 -47.778105473225914 1.79
      vertex -26.335638484115254 -47.58340390316434 0
    endloop
  endfacet
  facet normal -0.6393132860874522 -0.42717548070162714 -0.639374405899546
    outer loop
      vertex -28.1512993215049 -46.965105570685175 1.79
      vertex -26.967880588903807 -46.057036439080505 0
      vertex -28.027756813566455 -47.15 1.79
    endloop
  endfacet
  facet normal -0.6896014612051659 -0.34007380637782664 -0.6393744058995453
    outer loop
      vertex -27.929404794730814 -47.34943816497935 1.79
      vertex -28.027756813566455 -47.15 1.79
      vertex -26.73593558625467 -46.40416666666667 0
    endloop
  endfacet
  facet normal -0.7280903641280069 -0.2471533749406374 -0.6393744058995472
    outer loop
      vertex -27.857926095308585 -47.56000762332572 1.79
      vertex -27.929404794730814 -47.34943816497935 1.79
      vertex -26.55128449206814 -46.77860204503475 0
    endloop
  endfacet
  facet normal -0.7541214390558341 -0.15000408073435667 -0.639374405899547
    outer loop
      vertex -27.857926095308585 -47.56000762332572 1.79
      vertex -26.417086737760723 -47.17393588104779 0
      vertex -27.81454373566452 -47.778105473225914 1.79
    endloop
  endfacet
  facet normal -0.5069680641151919 -0.5780862833936615 -0.6393744058995465
    outer loop
      vertex -28.465105570685175 -46.6512993215049 1.79
      vertex -27.5570364390805 -45.46788058890381 0
      vertex -28.297918471982868 -46.79791847198287 1.79
    endloop
  endfacet
  facet normal -0.5780862833936615 -0.5069680641151919 -0.6393744058995463
    outer loop
      vertex -28.1512993215049 -46.965105570685175 1.79
      vertex -28.297918471982868 -46.79791847198287 1.79
      vertex -27.243150856712937 -45.74315085671293 0
    endloop
  endfacet
  facet normal 0.9807852830654133 0.19509030863243024 0
    outer loop
      vertex -2.0284442380070686 43.456480003893375 0
      vertex -2.082034207880497 43.72589499503374 0
      vertex -2.082034207880497 43.72589499503374 2.4
    endloop
  endfacet
  facet normal 0.9978589226662262 0.06540313796293175 0
    outer loop
      vertex -2.082034207880497 43.72589499503374 0
      vertex -2.100000001490116 44 0
      vertex -2.100000001490116 44 2.4
    endloop
  endfacet
  facet normal 0.9978589226662262 -0.06540313796293175 0
    outer loop
      vertex -2.100000001490116 44 0
      vertex -2.082034207880497 44.27410500496626 0
      vertex -2.082034207880497 44.27410500496626 2.4
    endloop
  endfacet
  facet normal 0.9807852830654133 -0.19509030863243024 0
    outer loop
      vertex -2.082034207880497 44.27410500496626 0
      vertex -2.0284442380070686 44.543519996106625 0
      vertex -2.0284442380070686 44.543519996106625 2.4
    endloop
  endfacet
  facet normal 0.8314696178185865 0.5555702247642629 0
    outer loop
      vertex -1.6660420149564743 42.721601001918316 0
      vertex -1.8186533451080322 42.95000000298023 0
      vertex -1.8186533451080322 42.95000000298023 2.4
    endloop
  endfacet
  facet normal 0.7518398161175442 0.6593458052496711 0
    outer loop
      vertex -1.484924241900444 42.515075758099556 0
      vertex -1.6660420149564743 42.721601001918316 0
      vertex -1.6660420149564743 42.721601001918316 2.4
    endloop
  endfacet
  facet normal 0.6593458052496711 0.7518398161175442 0
    outer loop
      vertex -1.2783989980816841 42.333957985043526 0
      vertex -1.484924241900444 42.515075758099556 0
      vertex -1.484924241900444 42.515075758099556 2.4
    endloop
  endfacet
  facet normal 0.5555702247642629 0.8314696178185865 0
    outer loop
      vertex -1.0499999970197678 42.18134665489197 0
      vertex -1.2783989980816841 42.333957985043526 0
      vertex -1.2783989980816841 42.333957985043526 2.4
    endloop
  endfacet
  facet normal 0.8968727316241712 0.4422887103114857 0
    outer loop
      vertex -1.8186533451080322 42.95000000298023 0
      vertex -1.9401470199227333 43.19636479020119 0
      vertex -1.9401470199227333 43.19636479020119 2.4
    endloop
  endfacet
  facet normal 0.9469301283855178 0.321439468571902 0
    outer loop
      vertex -1.9401470199227333 43.19636479020119 0
      vertex -2.0284442380070686 43.456480003893375 0
      vertex -2.0284442380070686 43.456480003893375 2.4
    endloop
  endfacet
  facet normal 0.9469301283855178 -0.321439468571902 0
    outer loop
      vertex -2.0284442380070686 44.543519996106625 0
      vertex -1.9401470199227333 44.80363520979881 0
      vertex -1.9401470199227333 44.80363520979881 2.4
    endloop
  endfacet
  facet normal 0.321439468571902 0.9469301283855178 0
    outer loop
      vertex -0.5435199961066246 41.97155576199293 0
      vertex -0.8036352097988129 42.05985298007727 0
      vertex -0.8036352097988129 42.05985298007727 2.4
    endloop
  endfacet
  facet normal 0.4422887103114857 0.8968727316241712 0
    outer loop
      vertex -0.8036352097988129 42.05985298007727 0
      vertex -1.0499999970197678 42.18134665489197 0
      vertex -1.0499999970197678 42.18134665489197 2.4
    endloop
  endfacet
  facet normal 0.19509030863243024 0.9807852830654133 0
    outer loop
      vertex -0.274105004966259 41.9179657921195 0
      vertex -0.5435199961066246 41.97155576199293 0
      vertex -0.5435199961066246 41.97155576199293 2.4
    endloop
  endfacet
  facet normal 0.06540313796293175 0.9978589226662262 0
    outer loop
      vertex -0.274105004966259 41.9179657921195 0
      vertex -0.274105004966259 41.9179657921195 2.4
      vertex 0 41.899999998509884 0
    endloop
  endfacet
  facet normal 0.9807852830654133 0.19509030863243024 0
    outer loop
      vertex -2.0284442380070686 43.456480003893375 0
      vertex -2.082034207880497 43.72589499503374 2.4
      vertex -2.0284442380070686 43.456480003893375 2.4
    endloop
  endfacet
  facet normal 0.9978589226662262 0.06540313796293175 0
    outer loop
      vertex -2.082034207880497 43.72589499503374 0
      vertex -2.100000001490116 44 2.4
      vertex -2.082034207880497 43.72589499503374 2.4
    endloop
  endfacet
  facet normal 0.9978589226662262 -0.06540313796293175 0
    outer loop
      vertex -2.100000001490116 44 0
      vertex -2.082034207880497 44.27410500496626 2.4
      vertex -2.100000001490116 44 2.4
    endloop
  endfacet
  facet normal 0.9807852830654133 -0.19509030863243024 0
    outer loop
      vertex -2.082034207880497 44.27410500496626 0
      vertex -2.0284442380070686 44.543519996106625 2.4
      vertex -2.082034207880497 44.27410500496626 2.4
    endloop
  endfacet
  facet normal 0.8314696178185865 0.5555702247642629 0
    outer loop
      vertex -1.6660420149564743 42.721601001918316 0
      vertex -1.8186533451080322 42.95000000298023 2.4
      vertex -1.6660420149564743 42.721601001918316 2.4
    endloop
  endfacet
  facet normal 0.7518398161175442 0.6593458052496711 0
    outer loop
      vertex -1.484924241900444 42.515075758099556 0
      vertex -1.6660420149564743 42.721601001918316 2.4
      vertex -1.484924241900444 42.515075758099556 2.4
    endloop
  endfacet
  facet normal 0.6593458052496711 0.7518398161175442 0
    outer loop
      vertex -1.484924241900444 42.515075758099556 2.4
      vertex -1.2783989980816841 42.333957985043526 2.4
      vertex -1.2783989980816841 42.333957985043526 0
    endloop
  endfacet
  facet normal 0.5555702247642629 0.8314696178185865 0
    outer loop
      vertex -1.0499999970197678 42.18134665489197 0
      vertex -1.2783989980816841 42.333957985043526 2.4
      vertex -1.0499999970197678 42.18134665489197 2.4
    endloop
  endfacet
  facet normal 0.9469301283855178 0.321439468571902 0
    outer loop
      vertex -1.9401470199227333 43.19636479020119 0
      vertex -2.0284442380070686 43.456480003893375 2.4
      vertex -1.9401470199227333 43.19636479020119 2.4
    endloop
  endfacet
  facet normal 0.8968727316241712 0.4422887103114857 0
    outer loop
      vertex -1.8186533451080322 42.95000000298023 0
      vertex -1.9401470199227333 43.19636479020119 2.4
      vertex -1.8186533451080322 42.95000000298023 2.4
    endloop
  endfacet
  facet normal 0.9469301283855178 -0.321439468571902 0
    outer loop
      vertex -2.0284442380070686 44.543519996106625 0
      vertex -1.9401470199227333 44.80363520979881 2.4
      vertex -2.0284442380070686 44.543519996106625 2.4
    endloop
  endfacet
  facet normal 0.321439468571902 0.9469301283855178 0
    outer loop
      vertex -0.5435199961066246 41.97155576199293 0
      vertex -0.8036352097988129 42.05985298007727 2.4
      vertex -0.5435199961066246 41.97155576199293 2.4
    endloop
  endfacet
  facet normal 0.4422887103114857 0.8968727316241712 0
    outer loop
      vertex -0.8036352097988129 42.05985298007727 0
      vertex -1.0499999970197678 42.18134665489197 2.4
      vertex -0.8036352097988129 42.05985298007727 2.4
    endloop
  endfacet
  facet normal 0.19509030863243024 0.9807852830654133 0
    outer loop
      vertex -0.274105004966259 41.9179657921195 0
      vertex -0.5435199961066246 41.97155576199293 2.4
      vertex -0.274105004966259 41.9179657921195 2.4
    endloop
  endfacet
  facet normal 0.06540313796293175 0.9978589226662262 0
    outer loop
      vertex 0 41.899999998509884 0
      vertex -0.274105004966259 41.9179657921195 2.4
      vertex 0 41.899999998509884 2.4
    endloop
  endfacet
  facet normal 0.8968727316241712 -0.4422887103114857 0
    outer loop
      vertex -1.9401470199227333 44.80363520979881 0
      vertex -1.8186533451080322 45.04999999701977 0
      vertex -1.8186533451080322 45.04999999701977 2.4
    endloop
  endfacet
  facet normal 0.8314696178185865 -0.5555702247642629 0
    outer loop
      vertex -1.8186533451080322 45.04999999701977 0
      vertex -1.6660420149564743 45.278398998081684 0
      vertex -1.6660420149564743 45.278398998081684 2.4
    endloop
  endfacet
  facet normal 0.7518398161175442 -0.6593458052496711 0
    outer loop
      vertex -1.6660420149564743 45.278398998081684 0
      vertex -1.484924241900444 45.484924241900444 0
      vertex -1.484924241900444 45.484924241900444 2.4
    endloop
  endfacet
  facet normal 0.6593458052496711 -0.7518398161175442 0
    outer loop
      vertex -1.484924241900444 45.484924241900444 0
      vertex -1.2783989980816841 45.666042014956474 0
      vertex -1.2783989980816841 45.666042014956474 2.4
    endloop
  endfacet
  facet normal 0.5555701727230166 -0.8314696525914327 0
    outer loop
      vertex -1.2783989980816841 45.666042014956474 0
      vertex -1.2000000029802322 45.718426540493965 0
      vertex -1.2000000029802322 45.718426540493965 2.4
    endloop
  endfacet
  facet normal 1 0 0
    outer loop
      vertex -1.2000000029802322 45.718426540493965 0
      vertex -1.2000000029802322 49 0
      vertex -1.2000000029802322 49 2.4
    endloop
  endfacet
  facet normal 0.9978589218101567 -0.06540315102402608 0
    outer loop
      vertex -1.2000000029802322 49 0
      vertex -1.1897338330745697 49.15663143247366 0
      vertex -1.1897338330745697 49.15663143247366 2.4
    endloop
  endfacet
  facet normal 0.9807852825492541 -0.19509031122733816 0
    outer loop
      vertex -1.1897338330745697 49.15663143247366 0
      vertex -1.1591109931468964 49.3105828538537 0
      vertex -1.1591109931468964 49.3105828538537 2.4
    endloop
  endfacet
  facet normal 0.9469301242576151 -0.3214394807323106 0
    outer loop
      vertex -1.1591109931468964 49.3105828538537 0
      vertex -1.1086554378271103 49.45922011882067 0
      vertex -1.1086554378271103 49.45922011882067 2.4
    endloop
  endfacet
  facet normal 0.8968727557585647 -0.4422886613717767 0
    outer loop
      vertex -1.1086554378271103 49.45922011882067 0
      vertex -1.0392304882407188 49.600000001490116 0
      vertex -1.0392304882407188 49.600000001490116 2.4
    endloop
  endfacet
  facet normal 0.8314695885740242 -0.555570268531842 0
    outer loop
      vertex -1.0392304882407188 49.600000001490116 0
      vertex -0.9520240053534508 49.7305137142539 0
      vertex -0.9520240053534508 49.7305137142539 2.4
    endloop
  endfacet
  facet normal 0.7518398295631653 -0.6593457899178781 0
    outer loop
      vertex -0.9520240053534508 49.7305137142539 0
      vertex -0.8485281392931938 49.848528139293194 0
      vertex -0.8485281392931938 49.848528139293194 2.4
    endloop
  endfacet
  facet normal 0.6593457899178781 -0.7518398295631653 0
    outer loop
      vertex -0.8485281392931938 49.848528139293194 0
      vertex -0.7305137142539024 49.95202400535345 0
      vertex -0.7305137142539024 49.95202400535345 2.4
    endloop
  endfacet
  facet normal 0.555570268531842 -0.8314695885740242 0
    outer loop
      vertex -0.7305137142539024 49.95202400535345 0
      vertex -0.6000000014901161 50.03923048824072 0
      vertex -0.6000000014901161 50.03923048824072 2.4
    endloop
  endfacet
  facet normal 0.4422886613717767 -0.8968727557585647 0
    outer loop
      vertex -0.6000000014901161 50.03923048824072 0
      vertex -0.45922011882066727 50.10865543782711 0
      vertex -0.45922011882066727 50.10865543782711 2.4
    endloop
  endfacet
  facet normal 0.3214394807323106 -0.9469301242576151 0
    outer loop
      vertex -0.45922011882066727 50.10865543782711 0
      vertex -0.31058285385370255 50.159110993146896 0
      vertex -0.31058285385370255 50.159110993146896 2.4
    endloop
  endfacet
  facet normal 0.19509031122733816 -0.9807852825492541 0
    outer loop
      vertex -0.31058285385370255 50.159110993146896 0
      vertex -0.15663143247365952 50.18973383307457 0
      vertex -0.15663143247365952 50.18973383307457 2.4
    endloop
  endfacet
  facet normal 0.06540315102402608 -0.9978589218101567 0
    outer loop
      vertex -0.15663143247365952 50.18973383307457 0
      vertex 0 50.20000000298023 0
      vertex 0 50.20000000298023 2.4
    endloop
  endfacet
  facet normal 0.8968727316241712 -0.4422887103114857 0
    outer loop
      vertex -1.9401470199227333 44.80363520979881 0
      vertex -1.8186533451080322 45.04999999701977 2.4
      vertex -1.9401470199227333 44.80363520979881 2.4
    endloop
  endfacet
  facet normal 0.8314696178185865 -0.5555702247642629 0
    outer loop
      vertex -1.8186533451080322 45.04999999701977 0
      vertex -1.6660420149564743 45.278398998081684 2.4
      vertex -1.8186533451080322 45.04999999701977 2.4
    endloop
  endfacet
  facet normal 0.7518398161175442 -0.6593458052496711 0
    outer loop
      vertex -1.6660420149564743 45.278398998081684 0
      vertex -1.484924241900444 45.484924241900444 2.4
      vertex -1.6660420149564743 45.278398998081684 2.4
    endloop
  endfacet
  facet normal 0.6593458052496711 -0.7518398161175442 0
    outer loop
      vertex -1.484924241900444 45.484924241900444 0
      vertex -1.2783989980816841 45.666042014956474 2.4
      vertex -1.484924241900444 45.484924241900444 2.4
    endloop
  endfacet
  facet normal 0.5555701727230166 -0.8314696525914327 0
    outer loop
      vertex -1.2783989980816841 45.666042014956474 0
      vertex -1.2000000029802322 45.718426540493965 2.4
      vertex -1.2783989980816841 45.666042014956474 2.4
    endloop
  endfacet
  facet normal 1 0 0
    outer loop
      vertex -1.2000000029802322 45.718426540493965 0
      vertex -1.2000000029802322 49 2.4
      vertex -1.2000000029802322 45.718426540493965 2.4
    endloop
  endfacet
  facet normal 0.9978589218101567 -0.06540315102402608 0
    outer loop
      vertex -1.2000000029802322 49 0
      vertex -1.1897338330745697 49.15663143247366 2.4
      vertex -1.2000000029802322 49 2.4
    endloop
  endfacet
  facet normal 0.9807852825492541 -0.19509031122733816 0
    outer loop
      vertex -1.1897338330745697 49.15663143247366 0
      vertex -1.1591109931468964 49.3105828538537 2.4
      vertex -1.1897338330745697 49.15663143247366 2.4
    endloop
  endfacet
  facet normal 0.9469301242576151 -0.3214394807323106 0
    outer loop
      vertex -1.1591109931468964 49.3105828538537 0
      vertex -1.1086554378271103 49.45922011882067 2.4
      vertex -1.1591109931468964 49.3105828538537 2.4
    endloop
  endfacet
  facet normal 0.8968727557585647 -0.4422886613717767 0
    outer loop
      vertex -1.1086554378271103 49.45922011882067 0
      vertex -1.0392304882407188 49.600000001490116 2.4
      vertex -1.1086554378271103 49.45922011882067 2.4
    endloop
  endfacet
  facet normal 0.8314695885740242 -0.555570268531842 0
    outer loop
      vertex -1.0392304882407188 49.600000001490116 0
      vertex -0.9520240053534508 49.7305137142539 2.4
      vertex -1.0392304882407188 49.600000001490116 2.4
    endloop
  endfacet
  facet normal 0.7518398295631653 -0.6593457899178781 0
    outer loop
      vertex -0.9520240053534508 49.7305137142539 0
      vertex -0.8485281392931938 49.848528139293194 2.4
      vertex -0.9520240053534508 49.7305137142539 2.4
    endloop
  endfacet
  facet normal 0.6593457899178781 -0.7518398295631653 0
    outer loop
      vertex -0.8485281392931938 49.848528139293194 0
      vertex -0.7305137142539024 49.95202400535345 2.4
      vertex -0.8485281392931938 49.848528139293194 2.4
    endloop
  endfacet
  facet normal 0.555570268531842 -0.8314695885740242 0
    outer loop
      vertex -0.7305137142539024 49.95202400535345 0
      vertex -0.6000000014901161 50.03923048824072 2.4
      vertex -0.7305137142539024 49.95202400535345 2.4
    endloop
  endfacet
  facet normal 0.4422886613717767 -0.8968727557585647 0
    outer loop
      vertex -0.6000000014901161 50.03923048824072 0
      vertex -0.45922011882066727 50.10865543782711 2.4
      vertex -0.6000000014901161 50.03923048824072 2.4
    endloop
  endfacet
  facet normal 0.3214394807323106 -0.9469301242576151 0
    outer loop
      vertex -0.45922011882066727 50.10865543782711 0
      vertex -0.31058285385370255 50.159110993146896 2.4
      vertex -0.45922011882066727 50.10865543782711 2.4
    endloop
  endfacet
  facet normal 0.19509031122733816 -0.9807852825492541 0
    outer loop
      vertex -0.31058285385370255 50.159110993146896 0
      vertex -0.15663143247365952 50.18973383307457 2.4
      vertex -0.31058285385370255 50.159110993146896 2.4
    endloop
  endfacet
  facet normal 0.06540315102402608 -0.9978589218101567 0
    outer loop
      vertex -0.15663143247365952 50.18973383307457 0
      vertex 0 50.20000000298023 2.4
      vertex -0.15663143247365952 50.18973383307457 2.4
    endloop
  endfacet
  facet normal -0.06540313796293175 0.9978589226662262 0
    outer loop
      vertex 0 41.899999998509884 0
      vertex 0 41.899999998509884 2.4
      vertex 0.274105004966259 41.9179657921195 0
    endloop
  endfacet
  facet normal -0.19509030863243024 0.9807852830654133 0
    outer loop
      vertex 0.5435199961066246 41.97155576199293 0
      vertex 0.274105004966259 41.9179657921195 0
      vertex 0.274105004966259 41.9179657921195 2.4
    endloop
  endfacet
  facet normal -0.321439468571902 0.9469301283855178 0
    outer loop
      vertex 0.8036352097988129 42.05985298007727 0
      vertex 0.5435199961066246 41.97155576199293 0
      vertex 0.5435199961066246 41.97155576199293 2.4
    endloop
  endfacet
  facet normal -0.4422887103114857 0.8968727316241712 0
    outer loop
      vertex 1.0499999970197678 42.18134665489197 0
      vertex 0.8036352097988129 42.05985298007727 0
      vertex 0.8036352097988129 42.05985298007727 2.4
    endloop
  endfacet
  facet normal -0.5555702247642629 0.8314696178185865 0
    outer loop
      vertex 1.2783989980816841 42.333957985043526 0
      vertex 1.0499999970197678 42.18134665489197 0
      vertex 1.0499999970197678 42.18134665489197 2.4
    endloop
  endfacet
  facet normal -0.6593458052496711 0.7518398161175442 0
    outer loop
      vertex 1.484924241900444 42.515075758099556 0
      vertex 1.2783989980816841 42.333957985043526 0
      vertex 1.2783989980816841 42.333957985043526 2.4
    endloop
  endfacet
  facet normal -0.7518398161175442 0.6593458052496711 0
    outer loop
      vertex 1.6660420149564743 42.721601001918316 0
      vertex 1.484924241900444 42.515075758099556 0
      vertex 1.484924241900444 42.515075758099556 2.4
    endloop
  endfacet
  facet normal -0.8314696178185865 0.5555702247642629 0
    outer loop
      vertex 1.8186533451080322 42.95000000298023 0
      vertex 1.6660420149564743 42.721601001918316 0
      vertex 1.6660420149564743 42.721601001918316 2.4
    endloop
  endfacet
  facet normal -0.8968727316241712 0.4422887103114857 0
    outer loop
      vertex 1.9401470199227333 43.19636479020119 0
      vertex 1.8186533451080322 42.95000000298023 0
      vertex 1.8186533451080322 42.95000000298023 2.4
    endloop
  endfacet
  facet normal -0.9469301283855178 0.321439468571902 0
    outer loop
      vertex 2.0284442380070686 43.456480003893375 0
      vertex 1.9401470199227333 43.19636479020119 0
      vertex 1.9401470199227333 43.19636479020119 2.4
    endloop
  endfacet
  facet normal -0.9469301283855178 -0.321439468571902 0
    outer loop
      vertex 1.9401470199227333 44.80363520979881 0
      vertex 2.0284442380070686 44.543519996106625 0
      vertex 2.0284442380070686 44.543519996106625 2.4
    endloop
  endfacet
  facet normal -0.9807852830654133 0.19509030863243024 0
    outer loop
      vertex 2.082034207880497 43.72589499503374 0
      vertex 2.0284442380070686 43.456480003893375 0
      vertex 2.0284442380070686 43.456480003893375 2.4
    endloop
  endfacet
  facet normal -0.9978589226662262 0.06540313796293175 0
    outer loop
      vertex 2.100000001490116 44 0
      vertex 2.082034207880497 43.72589499503374 0
      vertex 2.082034207880497 43.72589499503374 2.4
    endloop
  endfacet
  facet normal -0.9978589226662262 -0.06540313796293175 0
    outer loop
      vertex 2.082034207880497 44.27410500496626 0
      vertex 2.100000001490116 44 0
      vertex 2.100000001490116 44 2.4
    endloop
  endfacet
  facet normal -0.9807852830654133 -0.19509030863243024 0
    outer loop
      vertex 2.0284442380070686 44.543519996106625 0
      vertex 2.082034207880497 44.27410500496626 0
      vertex 2.082034207880497 44.27410500496626 2.4
    endloop
  endfacet
  facet normal -0.06540313796293175 0.9978589226662262 0
    outer loop
      vertex 0.274105004966259 41.9179657921195 0
      vertex 0 41.899999998509884 2.4
      vertex 0.274105004966259 41.9179657921195 2.4
    endloop
  endfacet
  facet normal -0.19509030863243024 0.9807852830654133 0
    outer loop
      vertex 0.5435199961066246 41.97155576199293 0
      vertex 0.274105004966259 41.9179657921195 2.4
      vertex 0.5435199961066246 41.97155576199293 2.4
    endloop
  endfacet
  facet normal -0.321439468571902 0.9469301283855178 0
    outer loop
      vertex 0.8036352097988129 42.05985298007727 0
      vertex 0.5435199961066246 41.97155576199293 2.4
      vertex 0.8036352097988129 42.05985298007727 2.4
    endloop
  endfacet
  facet normal -0.4422887103114857 0.8968727316241712 0
    outer loop
      vertex 1.0499999970197678 42.18134665489197 0
      vertex 0.8036352097988129 42.05985298007727 2.4
      vertex 1.0499999970197678 42.18134665489197 2.4
    endloop
  endfacet
  facet normal -0.5555702247642629 0.8314696178185865 0
    outer loop
      vertex 1.2783989980816841 42.333957985043526 0
      vertex 1.0499999970197678 42.18134665489197 2.4
      vertex 1.2783989980816841 42.333957985043526 2.4
    endloop
  endfacet
  facet normal -0.6593458052496711 0.7518398161175442 0
    outer loop
      vertex 1.484924241900444 42.515075758099556 0
      vertex 1.2783989980816841 42.333957985043526 2.4
      vertex 1.484924241900444 42.515075758099556 2.4
    endloop
  endfacet
  facet normal -0.7518398161175442 0.6593458052496711 0
    outer loop
      vertex 1.6660420149564743 42.721601001918316 0
      vertex 1.484924241900444 42.515075758099556 2.4
      vertex 1.6660420149564743 42.721601001918316 2.4
    endloop
  endfacet
  facet normal -0.8314696178185865 0.5555702247642629 0
    outer loop
      vertex 1.8186533451080322 42.95000000298023 0
      vertex 1.6660420149564743 42.721601001918316 2.4
      vertex 1.8186533451080322 42.95000000298023 2.4
    endloop
  endfacet
  facet normal -0.8968727316241712 0.4422887103114857 0
    outer loop
      vertex 1.9401470199227333 43.19636479020119 0
      vertex 1.8186533451080322 42.95000000298023 2.4
      vertex 1.9401470199227333 43.19636479020119 2.4
    endloop
  endfacet
  facet normal -0.9469301283855178 0.321439468571902 0
    outer loop
      vertex 2.0284442380070686 43.456480003893375 0
      vertex 1.9401470199227333 43.19636479020119 2.4
      vertex 2.0284442380070686 43.456480003893375 2.4
    endloop
  endfacet
  facet normal -0.9469301283855178 -0.321439468571902 0
    outer loop
      vertex 1.9401470199227333 44.80363520979881 0
      vertex 2.0284442380070686 44.543519996106625 2.4
      vertex 1.9401470199227333 44.80363520979881 2.4
    endloop
  endfacet
  facet normal -0.9807852830654133 0.19509030863243024 0
    outer loop
      vertex 2.082034207880497 43.72589499503374 0
      vertex 2.0284442380070686 43.456480003893375 2.4
      vertex 2.082034207880497 43.72589499503374 2.4
    endloop
  endfacet
  facet normal -0.9978589226662262 0.06540313796293175 0
    outer loop
      vertex 2.100000001490116 44 0
      vertex 2.082034207880497 43.72589499503374 2.4
      vertex 2.100000001490116 44 2.4
    endloop
  endfacet
  facet normal -0.9978589226662262 -0.06540313796293175 0
    outer loop
      vertex 2.082034207880497 44.27410500496626 0
      vertex 2.100000001490116 44 2.4
      vertex 2.082034207880497 44.27410500496626 2.4
    endloop
  endfacet
  facet normal -0.9807852830654133 -0.19509030863243024 0
    outer loop
      vertex 2.0284442380070686 44.543519996106625 0
      vertex 2.082034207880497 44.27410500496626 2.4
      vertex 2.0284442380070686 44.543519996106625 2.4
    endloop
  endfacet
  facet normal -0.5555701727230166 -0.8314696525914327 0
    outer loop
      vertex 1.2000000029802322 45.718426540493965 0
      vertex 1.2783989980816841 45.666042014956474 0
      vertex 1.2783989980816841 45.666042014956474 2.4
    endloop
  endfacet
  facet normal -0.6593458052496711 -0.7518398161175442 0
    outer loop
      vertex 1.2783989980816841 45.666042014956474 0
      vertex 1.484924241900444 45.484924241900444 0
      vertex 1.484924241900444 45.484924241900444 2.4
    endloop
  endfacet
  facet normal -0.7518398161175442 -0.6593458052496711 0
    outer loop
      vertex 1.484924241900444 45.484924241900444 0
      vertex 1.6660420149564743 45.278398998081684 0
      vertex 1.6660420149564743 45.278398998081684 2.4
    endloop
  endfacet
  facet normal -0.8314696178185865 -0.5555702247642629 0
    outer loop
      vertex 1.6660420149564743 45.278398998081684 0
      vertex 1.8186533451080322 45.04999999701977 0
      vertex 1.8186533451080322 45.04999999701977 2.4
    endloop
  endfacet
  facet normal -0.8968727316241712 -0.4422887103114857 0
    outer loop
      vertex 1.8186533451080322 45.04999999701977 0
      vertex 1.9401470199227333 44.80363520979881 0
      vertex 1.9401470199227333 44.80363520979881 2.4
    endloop
  endfacet
  facet normal -1 0 0
    outer loop
      vertex 1.2000000029802322 49 0
      vertex 1.2000000029802322 45.718426540493965 0
      vertex 1.2000000029802322 45.718426540493965 2.4
    endloop
  endfacet
  facet normal -0.06540315102402608 -0.9978589218101567 0
    outer loop
      vertex 0 50.20000000298023 0
      vertex 0.15663143247365952 50.18973383307457 0
      vertex 0.15663143247365952 50.18973383307457 2.4
    endloop
  endfacet
  facet normal -0.19509031122733816 -0.9807852825492541 0
    outer loop
      vertex 0.15663143247365952 50.18973383307457 0
      vertex 0.31058285385370255 50.159110993146896 0
      vertex 0.31058285385370255 50.159110993146896 2.4
    endloop
  endfacet
  facet normal -0.3214394807323106 -0.9469301242576151 0
    outer loop
      vertex 0.31058285385370255 50.159110993146896 0
      vertex 0.45922011882066727 50.10865543782711 0
      vertex 0.45922011882066727 50.10865543782711 2.4
    endloop
  endfacet
  facet normal -0.555570268531842 -0.8314695885740242 0
    outer loop
      vertex 0.6000000014901161 50.03923048824072 0
      vertex 0.7305137142539024 49.95202400535345 0
      vertex 0.7305137142539024 49.95202400535345 2.4
    endloop
  endfacet
  facet normal -0.4422886613717767 -0.8968727557585647 0
    outer loop
      vertex 0.45922011882066727 50.10865543782711 0
      vertex 0.6000000014901161 50.03923048824072 0
      vertex 0.6000000014901161 50.03923048824072 2.4
    endloop
  endfacet
  facet normal -0.6593457899178781 -0.7518398295631653 0
    outer loop
      vertex 0.7305137142539024 49.95202400535345 0
      vertex 0.8485281392931938 49.848528139293194 0
      vertex 0.8485281392931938 49.848528139293194 2.4
    endloop
  endfacet
  facet normal -0.7518398295631653 -0.6593457899178781 0
    outer loop
      vertex 0.8485281392931938 49.848528139293194 0
      vertex 0.9520240053534508 49.7305137142539 0
      vertex 0.9520240053534508 49.7305137142539 2.4
    endloop
  endfacet
  facet normal -0.9978589218101567 -0.06540315102402608 0
    outer loop
      vertex 1.1897338330745697 49.15663143247366 0
      vertex 1.2000000029802322 49 0
      vertex 1.2000000029802322 49 2.4
    endloop
  endfacet
  facet normal -0.8968727557585647 -0.4422886613717767 0
    outer loop
      vertex 1.0392304882407188 49.600000001490116 0
      vertex 1.1086554378271103 49.45922011882067 0
      vertex 1.1086554378271103 49.45922011882067 2.4
    endloop
  endfacet
  facet normal -0.9807852825492541 -0.19509031122733816 0
    outer loop
      vertex 1.1591109931468964 49.3105828538537 0
      vertex 1.1897338330745697 49.15663143247366 0
      vertex 1.1897338330745697 49.15663143247366 2.4
    endloop
  endfacet
  facet normal -0.9469301242576151 -0.3214394807323106 0
    outer loop
      vertex 1.1086554378271103 49.45922011882067 0
      vertex 1.1591109931468964 49.3105828538537 0
      vertex 1.1591109931468964 49.3105828538537 2.4
    endloop
  endfacet
  facet normal -0.8314695885740242 -0.555570268531842 0
    outer loop
      vertex 0.9520240053534508 49.7305137142539 0
      vertex 1.0392304882407188 49.600000001490116 0
      vertex 1.0392304882407188 49.600000001490116 2.4
    endloop
  endfacet
  facet normal -0.5555701727230166 -0.8314696525914327 0
    outer loop
      vertex 1.2000000029802322 45.718426540493965 0
      vertex 1.2783989980816841 45.666042014956474 2.4
      vertex 1.2000000029802322 45.718426540493965 2.4
    endloop
  endfacet
  facet normal -0.6593458052496711 -0.7518398161175442 0
    outer loop
      vertex 1.2783989980816841 45.666042014956474 0
      vertex 1.484924241900444 45.484924241900444 2.4
      vertex 1.2783989980816841 45.666042014956474 2.4
    endloop
  endfacet
  facet normal -0.8314696178185865 -0.5555702247642629 0
    outer loop
      vertex 1.6660420149564743 45.278398998081684 0
      vertex 1.8186533451080322 45.04999999701977 2.4
      vertex 1.6660420149564743 45.278398998081684 2.4
    endloop
  endfacet
  facet normal -0.7518398161175442 -0.6593458052496711 0
    outer loop
      vertex 1.484924241900444 45.484924241900444 0
      vertex 1.6660420149564743 45.278398998081684 2.4
      vertex 1.484924241900444 45.484924241900444 2.4
    endloop
  endfacet
  facet normal -0.8968727316241712 -0.4422887103114857 0
    outer loop
      vertex 1.8186533451080322 45.04999999701977 0
      vertex 1.9401470199227333 44.80363520979881 2.4
      vertex 1.8186533451080322 45.04999999701977 2.4
    endloop
  endfacet
  facet normal -1 0 0
    outer loop
      vertex 1.2000000029802322 49 0
      vertex 1.2000000029802322 45.718426540493965 2.4
      vertex 1.2000000029802322 49 2.4
    endloop
  endfacet
  facet normal -0.06540315102402608 -0.9978589218101567 0
    outer loop
      vertex 0 50.20000000298023 0
      vertex 0.15663143247365952 50.18973383307457 2.4
      vertex 0 50.20000000298023 2.4
    endloop
  endfacet
  facet normal -0.19509031122733816 -0.9807852825492541 0
    outer loop
      vertex 0.15663143247365952 50.18973383307457 0
      vertex 0.31058285385370255 50.159110993146896 2.4
      vertex 0.15663143247365952 50.18973383307457 2.4
    endloop
  endfacet
  facet normal -0.3214394807323106 -0.9469301242576151 0
    outer loop
      vertex 0.31058285385370255 50.159110993146896 0
      vertex 0.45922011882066727 50.10865543782711 2.4
      vertex 0.31058285385370255 50.159110993146896 2.4
    endloop
  endfacet
  facet normal -0.4422886613717767 -0.8968727557585647 0
    outer loop
      vertex 0.45922011882066727 50.10865543782711 0
      vertex 0.6000000014901161 50.03923048824072 2.4
      vertex 0.45922011882066727 50.10865543782711 2.4
    endloop
  endfacet
  facet normal -0.555570268531842 -0.8314695885740242 0
    outer loop
      vertex 0.6000000014901161 50.03923048824072 0
      vertex 0.7305137142539024 49.95202400535345 2.4
      vertex 0.6000000014901161 50.03923048824072 2.4
    endloop
  endfacet
  facet normal -0.6593457899178781 -0.7518398295631653 0
    outer loop
      vertex 0.7305137142539024 49.95202400535345 0
      vertex 0.8485281392931938 49.848528139293194 2.4
      vertex 0.7305137142539024 49.95202400535345 2.4
    endloop
  endfacet
  facet normal -0.7518398295631653 -0.6593457899178781 0
    outer loop
      vertex 0.8485281392931938 49.848528139293194 0
      vertex 0.9520240053534508 49.7305137142539 2.4
      vertex 0.8485281392931938 49.848528139293194 2.4
    endloop
  endfacet
  facet normal -0.8314695885740242 -0.555570268531842 0
    outer loop
      vertex 0.9520240053534508 49.7305137142539 0
      vertex 1.0392304882407188 49.600000001490116 2.4
      vertex 0.9520240053534508 49.7305137142539 2.4
    endloop
  endfacet
  facet normal -0.9469301242576151 -0.3214394807323106 0
    outer loop
      vertex 1.1086554378271103 49.45922011882067 0
      vertex 1.1591109931468964 49.3105828538537 2.4
      vertex 1.1086554378271103 49.45922011882067 2.4
    endloop
  endfacet
  facet normal -0.9978589218101567 -0.06540315102402608 0
    outer loop
      vertex 1.1897338330745697 49.15663143247366 0
      vertex 1.2000000029802322 49 2.4
      vertex 1.1897338330745697 49.15663143247366 2.4
    endloop
  endfacet
  facet normal -0.9807852825492541 -0.19509031122733816 0
    outer loop
      vertex 1.1591109931468964 49.3105828538537 0
      vertex 1.1897338330745697 49.15663143247366 2.4
      vertex 1.1591109931468964 49.3105828538537 2.4
    endloop
  endfacet
  facet normal -0.8968727557585647 -0.4422886613717767 0
    outer loop
      vertex 1.0392304882407188 49.600000001490116 0
      vertex 1.1086554378271103 49.45922011882067 2.4
      vertex 1.0392304882407188 49.600000001490116 2.4
    endloop
  endfacet
  facet normal 0.9807852830654133 0.19509030863243024 0
    outer loop
      vertex -2.082034207880497 -46.27410500496626 2.4
      vertex -2.0284442380070686 -46.543519996106625 0
      vertex -2.082034207880497 -46.27410500496626 0
    endloop
  endfacet
  facet normal 0.9978589226662262 0.06540313796293175 0
    outer loop
      vertex -2.100000001490116 -46 2.4
      vertex -2.082034207880497 -46.27410500496626 0
      vertex -2.100000001490116 -46 0
    endloop
  endfacet
  facet normal 0.9978589226662262 -0.06540313796293175 0
    outer loop
      vertex -2.082034207880497 -45.72589499503374 2.4
      vertex -2.100000001490116 -46 0
      vertex -2.082034207880497 -45.72589499503374 0
    endloop
  endfacet
  facet normal 0.9807852830654133 -0.19509030863243024 0
    outer loop
      vertex -2.0284442380070686 -45.456480003893375 2.4
      vertex -2.082034207880497 -45.72589499503374 0
      vertex -2.0284442380070686 -45.456480003893375 0
    endloop
  endfacet
  facet normal 0.8968727316241712 0.4422887103114857 0
    outer loop
      vertex -1.9401470199227333 -46.80363520979881 2.4
      vertex -1.8186533451080322 -47.04999999701977 0
      vertex -1.9401470199227333 -46.80363520979881 0
    endloop
  endfacet
  facet normal 0.8314696178185865 0.5555702247642629 0
    outer loop
      vertex -1.8186533451080322 -47.04999999701977 2.4
      vertex -1.6660420149564743 -47.278398998081684 0
      vertex -1.8186533451080322 -47.04999999701977 0
    endloop
  endfacet
  facet normal 0.7518398161175442 0.6593458052496711 0
    outer loop
      vertex -1.6660420149564743 -47.278398998081684 2.4
      vertex -1.484924241900444 -47.484924241900444 0
      vertex -1.6660420149564743 -47.278398998081684 0
    endloop
  endfacet
  facet normal 0.5555702247642629 0.8314696178185865 0
    outer loop
      vertex -1.2783989980816841 -47.666042014956474 2.4
      vertex -1.0499999970197678 -47.81865334510803 0
      vertex -1.2783989980816841 -47.666042014956474 0
    endloop
  endfacet
  facet normal 0.6593458052496711 0.7518398161175442 0
    outer loop
      vertex -1.484924241900444 -47.484924241900444 2.4
      vertex -1.2783989980816841 -47.666042014956474 0
      vertex -1.484924241900444 -47.484924241900444 0
    endloop
  endfacet
  facet normal 0.9469301283855178 0.321439468571902 0
    outer loop
      vertex -2.0284442380070686 -46.543519996106625 2.4
      vertex -1.9401470199227333 -46.80363520979881 0
      vertex -2.0284442380070686 -46.543519996106625 0
    endloop
  endfacet
  facet normal 0.9469301283855178 -0.321439468571902 0
    outer loop
      vertex -1.9401470199227333 -45.19636479020119 2.4
      vertex -2.0284442380070686 -45.456480003893375 0
      vertex -1.9401470199227333 -45.19636479020119 0
    endloop
  endfacet
  facet normal 0.8968727316241712 -0.4422887103114857 0
    outer loop
      vertex -1.8186533451080322 -44.95000000298023 2.4
      vertex -1.9401470199227333 -45.19636479020119 0
      vertex -1.8186533451080322 -44.95000000298023 0
    endloop
  endfacet
  facet normal 0.4422887103114857 0.8968727316241712 0
    outer loop
      vertex -1.0499999970197678 -47.81865334510803 2.4
      vertex -0.8036352097988129 -47.94014701992273 0
      vertex -1.0499999970197678 -47.81865334510803 0
    endloop
  endfacet
  facet normal 0.321439468571902 0.9469301283855178 0
    outer loop
      vertex -0.8036352097988129 -47.94014701992273 2.4
      vertex -0.5435199961066246 -48.02844423800707 0
      vertex -0.8036352097988129 -47.94014701992273 0
    endloop
  endfacet
  facet normal 0.19509030863243024 0.9807852830654133 0
    outer loop
      vertex -0.5435199961066246 -48.02844423800707 2.4
      vertex -0.274105004966259 -48.0820342078805 0
      vertex -0.5435199961066246 -48.02844423800707 0
    endloop
  endfacet
  facet normal 0.06540313796293175 0.9978589226662262 0
    outer loop
      vertex -0.274105004966259 -48.0820342078805 0
      vertex -0.274105004966259 -48.0820342078805 2.4
      vertex 0 -48.100000001490116 0
    endloop
  endfacet
  facet normal 0.9807852830654133 0.19509030863243024 0
    outer loop
      vertex -2.082034207880497 -46.27410500496626 2.4
      vertex -2.0284442380070686 -46.543519996106625 2.4
      vertex -2.0284442380070686 -46.543519996106625 0
    endloop
  endfacet
  facet normal 0.9978589226662262 0.06540313796293175 0
    outer loop
      vertex -2.100000001490116 -46 2.4
      vertex -2.082034207880497 -46.27410500496626 2.4
      vertex -2.082034207880497 -46.27410500496626 0
    endloop
  endfacet
  facet normal 0.9978589226662262 -0.06540313796293175 0
    outer loop
      vertex -2.082034207880497 -45.72589499503374 2.4
      vertex -2.100000001490116 -46 2.4
      vertex -2.100000001490116 -46 0
    endloop
  endfacet
  facet normal 0.9807852830654133 -0.19509030863243024 0
    outer loop
      vertex -2.0284442380070686 -45.456480003893375 2.4
      vertex -2.082034207880497 -45.72589499503374 2.4
      vertex -2.082034207880497 -45.72589499503374 0
    endloop
  endfacet
  facet normal 0.8968727316241712 0.4422887103114857 0
    outer loop
      vertex -1.9401470199227333 -46.80363520979881 2.4
      vertex -1.8186533451080322 -47.04999999701977 2.4
      vertex -1.8186533451080322 -47.04999999701977 0
    endloop
  endfacet
  facet normal 0.8314696178185865 0.5555702247642629 0
    outer loop
      vertex -1.8186533451080322 -47.04999999701977 2.4
      vertex -1.6660420149564743 -47.278398998081684 2.4
      vertex -1.6660420149564743 -47.278398998081684 0
    endloop
  endfacet
  facet normal 0.7518398161175442 0.6593458052496711 0
    outer loop
      vertex -1.6660420149564743 -47.278398998081684 2.4
      vertex -1.484924241900444 -47.484924241900444 2.4
      vertex -1.484924241900444 -47.484924241900444 0
    endloop
  endfacet
  facet normal 0.5555702247642629 0.8314696178185865 0
    outer loop
      vertex -1.2783989980816841 -47.666042014956474 2.4
      vertex -1.0499999970197678 -47.81865334510803 2.4
      vertex -1.0499999970197678 -47.81865334510803 0
    endloop
  endfacet
  facet normal 0.6593458052496711 0.7518398161175442 0
    outer loop
      vertex -1.484924241900444 -47.484924241900444 2.4
      vertex -1.2783989980816841 -47.666042014956474 2.4
      vertex -1.2783989980816841 -47.666042014956474 0
    endloop
  endfacet
  facet normal 0.9469301283855178 0.321439468571902 0
    outer loop
      vertex -2.0284442380070686 -46.543519996106625 2.4
      vertex -1.9401470199227333 -46.80363520979881 2.4
      vertex -1.9401470199227333 -46.80363520979881 0
    endloop
  endfacet
  facet normal 0.9469301283855178 -0.321439468571902 0
    outer loop
      vertex -1.9401470199227333 -45.19636479020119 2.4
      vertex -2.0284442380070686 -45.456480003893375 2.4
      vertex -2.0284442380070686 -45.456480003893375 0
    endloop
  endfacet
  facet normal 0.8968727316241712 -0.4422887103114857 0
    outer loop
      vertex -1.8186533451080322 -44.95000000298023 2.4
      vertex -1.9401470199227333 -45.19636479020119 2.4
      vertex -1.9401470199227333 -45.19636479020119 0
    endloop
  endfacet
  facet normal 0.8314696178185865 -0.5555702247642629 0
    outer loop
      vertex -1.6660420149564743 -44.721601001918316 2.4
      vertex -1.8186533451080322 -44.95000000298023 2.4
      vertex -1.8186533451080322 -44.95000000298023 0
    endloop
  endfacet
  facet normal 0.4422887103114857 0.8968727316241712 0
    outer loop
      vertex -1.0499999970197678 -47.81865334510803 2.4
      vertex -0.8036352097988129 -47.94014701992273 2.4
      vertex -0.8036352097988129 -47.94014701992273 0
    endloop
  endfacet
  facet normal 0.321439468571902 0.9469301283855178 0
    outer loop
      vertex -0.8036352097988129 -47.94014701992273 2.4
      vertex -0.5435199961066246 -48.02844423800707 2.4
      vertex -0.5435199961066246 -48.02844423800707 0
    endloop
  endfacet
  facet normal 0.19509030863243024 0.9807852830654133 0
    outer loop
      vertex -0.5435199961066246 -48.02844423800707 2.4
      vertex -0.274105004966259 -48.0820342078805 2.4
      vertex -0.274105004966259 -48.0820342078805 0
    endloop
  endfacet
  facet normal 0.06540313796293175 0.9978589226662262 0
    outer loop
      vertex -0.274105004966259 -48.0820342078805 2.4
      vertex 0 -48.100000001490116 2.4
      vertex 0 -48.100000001490116 0
    endloop
  endfacet
  facet normal 0.8314696178185865 -0.5555702247642629 0
    outer loop
      vertex -1.6660420149564743 -44.721601001918316 2.4
      vertex -1.8186533451080322 -44.95000000298023 0
      vertex -1.6660420149564743 -44.721601001918316 0
    endloop
  endfacet
  facet normal 0.7518398161175442 -0.6593458052496711 0
    outer loop
      vertex -1.484924241900444 -44.515075758099556 2.4
      vertex -1.6660420149564743 -44.721601001918316 0
      vertex -1.484924241900444 -44.515075758099556 0
    endloop
  endfacet
  facet normal 0.6593458052496711 -0.7518398161175442 0
    outer loop
      vertex -1.2783989980816841 -44.333957985043526 2.4
      vertex -1.484924241900444 -44.515075758099556 0
      vertex -1.2783989980816841 -44.333957985043526 0
    endloop
  endfacet
  facet normal 0.5555701727230166 -0.8314696525914327 0
    outer loop
      vertex -1.2000000029802322 -44.281573459506035 2.4
      vertex -1.2783989980816841 -44.333957985043526 0
      vertex -1.2000000029802322 -44.281573459506035 0
    endloop
  endfacet
  facet normal 1 0 0
    outer loop
      vertex -1.2000000029802322 -41 0
      vertex -1.2000000029802322 -44.281573459506035 2.4
      vertex -1.2000000029802322 -44.281573459506035 0
    endloop
  endfacet
  facet normal 0.9978589218101567 -0.06540315102402608 0
    outer loop
      vertex -1.1897338330745697 -40.84336856752634 2.4
      vertex -1.2000000029802322 -41 0
      vertex -1.1897338330745697 -40.84336856752634 0
    endloop
  endfacet
  facet normal 0.9807852825492541 -0.19509031122733816 0
    outer loop
      vertex -1.1591109931468964 -40.6894171461463 2.4
      vertex -1.1897338330745697 -40.84336856752634 0
      vertex -1.1591109931468964 -40.6894171461463 0
    endloop
  endfacet
  facet normal 0.9469301242576151 -0.3214394807323106 0
    outer loop
      vertex -1.1086554378271103 -40.54077988117933 2.4
      vertex -1.1591109931468964 -40.6894171461463 0
      vertex -1.1086554378271103 -40.54077988117933 0
    endloop
  endfacet
  facet normal 0.8968727557585647 -0.4422886613717767 0
    outer loop
      vertex -1.0392304882407188 -40.399999998509884 2.4
      vertex -1.1086554378271103 -40.54077988117933 0
      vertex -1.0392304882407188 -40.399999998509884 0
    endloop
  endfacet
  facet normal 0.8314695885740242 -0.555570268531842 0
    outer loop
      vertex -0.9520240053534508 -40.2694862857461 2.4
      vertex -1.0392304882407188 -40.399999998509884 0
      vertex -0.9520240053534508 -40.2694862857461 0
    endloop
  endfacet
  facet normal 0.7518398295631653 -0.6593457899178781 0
    outer loop
      vertex -0.8485281392931938 -40.151471860706806 2.4
      vertex -0.9520240053534508 -40.2694862857461 0
      vertex -0.8485281392931938 -40.151471860706806 0
    endloop
  endfacet
  facet normal 0.6593457899178781 -0.7518398295631653 0
    outer loop
      vertex -0.7305137142539024 -40.04797599464655 2.4
      vertex -0.8485281392931938 -40.151471860706806 0
      vertex -0.7305137142539024 -40.04797599464655 0
    endloop
  endfacet
  facet normal 0.555570268531842 -0.8314695885740242 0
    outer loop
      vertex -0.6000000014901161 -39.96076951175928 2.4
      vertex -0.7305137142539024 -40.04797599464655 0
      vertex -0.6000000014901161 -39.96076951175928 0
    endloop
  endfacet
  facet normal 0.4422886613717767 -0.8968727557585647 0
    outer loop
      vertex -0.45922011882066727 -39.89134456217289 2.4
      vertex -0.6000000014901161 -39.96076951175928 0
      vertex -0.45922011882066727 -39.89134456217289 0
    endloop
  endfacet
  facet normal 0.3214394807323106 -0.9469301242576151 0
    outer loop
      vertex -0.31058285385370255 -39.840889006853104 2.4
      vertex -0.45922011882066727 -39.89134456217289 0
      vertex -0.31058285385370255 -39.840889006853104 0
    endloop
  endfacet
  facet normal 0.19509031122733816 -0.9807852825492541 0
    outer loop
      vertex -0.15663143247365952 -39.81026616692543 2.4
      vertex -0.31058285385370255 -39.840889006853104 0
      vertex -0.15663143247365952 -39.81026616692543 0
    endloop
  endfacet
  facet normal 0.06540315102402608 -0.9978589218101567 0
    outer loop
      vertex 0 -39.79999999701977 2.4
      vertex -0.15663143247365952 -39.81026616692543 0
      vertex 0 -39.79999999701977 0
    endloop
  endfacet
  facet normal 0.7518398161175442 -0.6593458052496711 0
    outer loop
      vertex -1.484924241900444 -44.515075758099556 2.4
      vertex -1.6660420149564743 -44.721601001918316 2.4
      vertex -1.6660420149564743 -44.721601001918316 0
    endloop
  endfacet
  facet normal 0.6593458052496711 -0.7518398161175442 0
    outer loop
      vertex -1.2783989980816841 -44.333957985043526 2.4
      vertex -1.484924241900444 -44.515075758099556 2.4
      vertex -1.484924241900444 -44.515075758099556 0
    endloop
  endfacet
  facet normal 0.5555701727230166 -0.8314696525914327 0
    outer loop
      vertex -1.2000000029802322 -44.281573459506035 2.4
      vertex -1.2783989980816841 -44.333957985043526 2.4
      vertex -1.2783989980816841 -44.333957985043526 0
    endloop
  endfacet
  facet normal 1 0 0
    outer loop
      vertex -1.2000000029802322 -41 2.4
      vertex -1.2000000029802322 -44.281573459506035 2.4
      vertex -1.2000000029802322 -41 0
    endloop
  endfacet
  facet normal 0.9978589218101567 -0.06540315102402608 0
    outer loop
      vertex -1.1897338330745697 -40.84336856752634 2.4
      vertex -1.2000000029802322 -41 2.4
      vertex -1.2000000029802322 -41 0
    endloop
  endfacet
  facet normal 0.9807852825492541 -0.19509031122733816 0
    outer loop
      vertex -1.1591109931468964 -40.6894171461463 2.4
      vertex -1.1897338330745697 -40.84336856752634 2.4
      vertex -1.1897338330745697 -40.84336856752634 0
    endloop
  endfacet
  facet normal 0.9469301242576151 -0.3214394807323106 0
    outer loop
      vertex -1.1086554378271103 -40.54077988117933 2.4
      vertex -1.1591109931468964 -40.6894171461463 2.4
      vertex -1.1591109931468964 -40.6894171461463 0
    endloop
  endfacet
  facet normal 0.8968727557585647 -0.4422886613717767 0
    outer loop
      vertex -1.0392304882407188 -40.399999998509884 2.4
      vertex -1.1086554378271103 -40.54077988117933 2.4
      vertex -1.1086554378271103 -40.54077988117933 0
    endloop
  endfacet
  facet normal 0.8314695885740242 -0.555570268531842 0
    outer loop
      vertex -0.9520240053534508 -40.2694862857461 2.4
      vertex -1.0392304882407188 -40.399999998509884 2.4
      vertex -1.0392304882407188 -40.399999998509884 0
    endloop
  endfacet
  facet normal 0.7518398295631653 -0.6593457899178781 0
    outer loop
      vertex -0.8485281392931938 -40.151471860706806 2.4
      vertex -0.9520240053534508 -40.2694862857461 2.4
      vertex -0.9520240053534508 -40.2694862857461 0
    endloop
  endfacet
  facet normal 0.6593457899178781 -0.7518398295631653 0
    outer loop
      vertex -0.7305137142539024 -40.04797599464655 2.4
      vertex -0.8485281392931938 -40.151471860706806 2.4
      vertex -0.8485281392931938 -40.151471860706806 0
    endloop
  endfacet
  facet normal 0.555570268531842 -0.8314695885740242 0
    outer loop
      vertex -0.6000000014901161 -39.96076951175928 2.4
      vertex -0.7305137142539024 -40.04797599464655 2.4
      vertex -0.7305137142539024 -40.04797599464655 0
    endloop
  endfacet
  facet normal 0.4422886613717767 -0.8968727557585647 0
    outer loop
      vertex -0.45922011882066727 -39.89134456217289 2.4
      vertex -0.6000000014901161 -39.96076951175928 2.4
      vertex -0.6000000014901161 -39.96076951175928 0
    endloop
  endfacet
  facet normal 0.3214394807323106 -0.9469301242576151 0
    outer loop
      vertex -0.31058285385370255 -39.840889006853104 2.4
      vertex -0.45922011882066727 -39.89134456217289 2.4
      vertex -0.45922011882066727 -39.89134456217289 0
    endloop
  endfacet
  facet normal 0.19509031122733816 -0.9807852825492541 0
    outer loop
      vertex -0.15663143247365952 -39.81026616692543 2.4
      vertex -0.31058285385370255 -39.840889006853104 2.4
      vertex -0.31058285385370255 -39.840889006853104 0
    endloop
  endfacet
  facet normal 0.06540315102402608 -0.9978589218101567 0
    outer loop
      vertex 0 -39.79999999701977 2.4
      vertex -0.15663143247365952 -39.81026616692543 2.4
      vertex -0.15663143247365952 -39.81026616692543 0
    endloop
  endfacet
  facet normal -0.06540313796293175 0.9978589226662262 0
    outer loop
      vertex 0 -48.100000001490116 0
      vertex 0 -48.100000001490116 2.4
      vertex 0.274105004966259 -48.0820342078805 0
    endloop
  endfacet
  facet normal -0.19509030863243024 0.9807852830654133 0
    outer loop
      vertex 0.274105004966259 -48.0820342078805 2.4
      vertex 0.5435199961066246 -48.02844423800707 0
      vertex 0.274105004966259 -48.0820342078805 0
    endloop
  endfacet
  facet normal -0.321439468571902 0.9469301283855178 0
    outer loop
      vertex 0.5435199961066246 -48.02844423800707 2.4
      vertex 0.8036352097988129 -47.94014701992273 0
      vertex 0.5435199961066246 -48.02844423800707 0
    endloop
  endfacet
  facet normal -0.4422887103114857 0.8968727316241712 0
    outer loop
      vertex 0.8036352097988129 -47.94014701992273 2.4
      vertex 1.0499999970197678 -47.81865334510803 0
      vertex 0.8036352097988129 -47.94014701992273 0
    endloop
  endfacet
  facet normal -0.5555702247642629 0.8314696178185865 0
    outer loop
      vertex 1.0499999970197678 -47.81865334510803 2.4
      vertex 1.2783989980816841 -47.666042014956474 0
      vertex 1.0499999970197678 -47.81865334510803 0
    endloop
  endfacet
  facet normal -0.6593458052496711 0.7518398161175442 0
    outer loop
      vertex 1.2783989980816841 -47.666042014956474 2.4
      vertex 1.484924241900444 -47.484924241900444 0
      vertex 1.2783989980816841 -47.666042014956474 0
    endloop
  endfacet
  facet normal -0.7518398161175442 0.6593458052496711 0
    outer loop
      vertex 1.484924241900444 -47.484924241900444 2.4
      vertex 1.6660420149564743 -47.278398998081684 0
      vertex 1.484924241900444 -47.484924241900444 0
    endloop
  endfacet
  facet normal -0.8314696178185865 0.5555702247642629 0
    outer loop
      vertex 1.6660420149564743 -47.278398998081684 2.4
      vertex 1.8186533451080322 -47.04999999701977 0
      vertex 1.6660420149564743 -47.278398998081684 0
    endloop
  endfacet
  facet normal -0.8968727316241712 0.4422887103114857 0
    outer loop
      vertex 1.8186533451080322 -47.04999999701977 2.4
      vertex 1.9401470199227333 -46.80363520979881 0
      vertex 1.8186533451080322 -47.04999999701977 0
    endloop
  endfacet
  facet normal -0.9469301283855178 0.321439468571902 0
    outer loop
      vertex 1.9401470199227333 -46.80363520979881 2.4
      vertex 2.0284442380070686 -46.543519996106625 0
      vertex 1.9401470199227333 -46.80363520979881 0
    endloop
  endfacet
  facet normal -0.9469301283855178 -0.321439468571902 0
    outer loop
      vertex 2.0284442380070686 -45.456480003893375 2.4
      vertex 1.9401470199227333 -45.19636479020119 0
      vertex 2.0284442380070686 -45.456480003893375 0
    endloop
  endfacet
  facet normal -0.8314696178185865 -0.5555702247642629 0
    outer loop
      vertex 1.8186533451080322 -44.95000000298023 2.4
      vertex 1.6660420149564743 -44.721601001918316 0
      vertex 1.8186533451080322 -44.95000000298023 0
    endloop
  endfacet
  facet normal -0.8968727316241712 -0.4422887103114857 0
    outer loop
      vertex 1.9401470199227333 -45.19636479020119 2.4
      vertex 1.8186533451080322 -44.95000000298023 0
      vertex 1.9401470199227333 -45.19636479020119 0
    endloop
  endfacet
  facet normal -0.9807852830654133 0.19509030863243024 0
    outer loop
      vertex 2.0284442380070686 -46.543519996106625 2.4
      vertex 2.082034207880497 -46.27410500496626 0
      vertex 2.0284442380070686 -46.543519996106625 0
    endloop
  endfacet
  facet normal -0.9978589226662262 0.06540313796293175 0
    outer loop
      vertex 2.082034207880497 -46.27410500496626 2.4
      vertex 2.100000001490116 -46 0
      vertex 2.082034207880497 -46.27410500496626 0
    endloop
  endfacet
  facet normal -0.9978589226662262 -0.06540313796293175 0
    outer loop
      vertex 2.100000001490116 -46 2.4
      vertex 2.082034207880497 -45.72589499503374 0
      vertex 2.100000001490116 -46 0
    endloop
  endfacet
  facet normal -0.9807852830654133 -0.19509030863243024 0
    outer loop
      vertex 2.082034207880497 -45.72589499503374 2.4
      vertex 2.0284442380070686 -45.456480003893375 0
      vertex 2.082034207880497 -45.72589499503374 0
    endloop
  endfacet
  facet normal -0.06540313796293175 0.9978589226662262 0
    outer loop
      vertex 0 -48.100000001490116 2.4
      vertex 0.274105004966259 -48.0820342078805 2.4
      vertex 0.274105004966259 -48.0820342078805 0
    endloop
  endfacet
  facet normal -0.19509030863243024 0.9807852830654133 0
    outer loop
      vertex 0.274105004966259 -48.0820342078805 2.4
      vertex 0.5435199961066246 -48.02844423800707 2.4
      vertex 0.5435199961066246 -48.02844423800707 0
    endloop
  endfacet
  facet normal -0.321439468571902 0.9469301283855178 0
    outer loop
      vertex 0.5435199961066246 -48.02844423800707 2.4
      vertex 0.8036352097988129 -47.94014701992273 2.4
      vertex 0.8036352097988129 -47.94014701992273 0
    endloop
  endfacet
  facet normal -0.4422887103114857 0.8968727316241712 0
    outer loop
      vertex 0.8036352097988129 -47.94014701992273 2.4
      vertex 1.0499999970197678 -47.81865334510803 2.4
      vertex 1.0499999970197678 -47.81865334510803 0
    endloop
  endfacet
  facet normal -0.5555702247642629 0.8314696178185865 0
    outer loop
      vertex 1.0499999970197678 -47.81865334510803 2.4
      vertex 1.2783989980816841 -47.666042014956474 2.4
      vertex 1.2783989980816841 -47.666042014956474 0
    endloop
  endfacet
  facet normal -0.6593458052496711 0.7518398161175442 0
    outer loop
      vertex 1.2783989980816841 -47.666042014956474 2.4
      vertex 1.484924241900444 -47.484924241900444 2.4
      vertex 1.484924241900444 -47.484924241900444 0
    endloop
  endfacet
  facet normal -0.7518398161175442 0.6593458052496711 0
    outer loop
      vertex 1.484924241900444 -47.484924241900444 2.4
      vertex 1.6660420149564743 -47.278398998081684 2.4
      vertex 1.6660420149564743 -47.278398998081684 0
    endloop
  endfacet
  facet normal -0.8314696178185865 0.5555702247642629 0
    outer loop
      vertex 1.6660420149564743 -47.278398998081684 2.4
      vertex 1.8186533451080322 -47.04999999701977 2.4
      vertex 1.8186533451080322 -47.04999999701977 0
    endloop
  endfacet
  facet normal -0.8968727316241712 0.4422887103114857 0
    outer loop
      vertex 1.8186533451080322 -47.04999999701977 2.4
      vertex 1.9401470199227333 -46.80363520979881 2.4
      vertex 1.9401470199227333 -46.80363520979881 0
    endloop
  endfacet
  facet normal -0.9469301283855178 0.321439468571902 0
    outer loop
      vertex 1.9401470199227333 -46.80363520979881 2.4
      vertex 2.0284442380070686 -46.543519996106625 2.4
      vertex 2.0284442380070686 -46.543519996106625 0
    endloop
  endfacet
  facet normal -0.8968727316241712 -0.4422887103114857 0
    outer loop
      vertex 1.9401470199227333 -45.19636479020119 2.4
      vertex 1.8186533451080322 -44.95000000298023 2.4
      vertex 1.8186533451080322 -44.95000000298023 0
    endloop
  endfacet
  facet normal -0.9469301283855178 -0.321439468571902 0
    outer loop
      vertex 2.0284442380070686 -45.456480003893375 2.4
      vertex 1.9401470199227333 -45.19636479020119 2.4
      vertex 1.9401470199227333 -45.19636479020119 0
    endloop
  endfacet
  facet normal -0.9807852830654133 0.19509030863243024 0
    outer loop
      vertex 2.0284442380070686 -46.543519996106625 2.4
      vertex 2.082034207880497 -46.27410500496626 2.4
      vertex 2.082034207880497 -46.27410500496626 0
    endloop
  endfacet
  facet normal -0.9978589226662262 0.06540313796293175 0
    outer loop
      vertex 2.082034207880497 -46.27410500496626 2.4
      vertex 2.100000001490116 -46 2.4
      vertex 2.100000001490116 -46 0
    endloop
  endfacet
  facet normal -0.9978589226662262 -0.06540313796293175 0
    outer loop
      vertex 2.100000001490116 -46 2.4
      vertex 2.082034207880497 -45.72589499503374 2.4
      vertex 2.082034207880497 -45.72589499503374 0
    endloop
  endfacet
  facet normal -0.9807852830654133 -0.19509030863243024 0
    outer loop
      vertex 2.082034207880497 -45.72589499503374 2.4
      vertex 2.0284442380070686 -45.456480003893375 2.4
      vertex 2.0284442380070686 -45.456480003893375 0
    endloop
  endfacet
  facet normal -0.5555701727230166 -0.8314696525914327 0
    outer loop
      vertex 1.2783989980816841 -44.333957985043526 2.4
      vertex 1.2000000029802322 -44.281573459506035 0
      vertex 1.2783989980816841 -44.333957985043526 0
    endloop
  endfacet
  facet normal -0.6593458052496711 -0.7518398161175442 0
    outer loop
      vertex 1.484924241900444 -44.515075758099556 2.4
      vertex 1.2783989980816841 -44.333957985043526 0
      vertex 1.484924241900444 -44.515075758099556 0
    endloop
  endfacet
  facet normal -1 0 0
    outer loop
      vertex 1.2000000029802322 -44.281573459506035 2.4
      vertex 1.2000000029802322 -41 0
      vertex 1.2000000029802322 -44.281573459506035 0
    endloop
  endfacet
  facet normal -0.7518398161175442 -0.6593458052496711 0
    outer loop
      vertex 1.6660420149564743 -44.721601001918316 2.4
      vertex 1.484924241900444 -44.515075758099556 0
      vertex 1.6660420149564743 -44.721601001918316 0
    endloop
  endfacet
  facet normal -0.06540315102402608 -0.9978589218101567 0
    outer loop
      vertex 0.15663143247365952 -39.81026616692543 2.4
      vertex 0 -39.79999999701977 0
      vertex 0.15663143247365952 -39.81026616692543 0
    endloop
  endfacet
  facet normal -0.19509031122733816 -0.9807852825492541 0
    outer loop
      vertex 0.31058285385370255 -39.840889006853104 2.4
      vertex 0.15663143247365952 -39.81026616692543 0
      vertex 0.31058285385370255 -39.840889006853104 0
    endloop
  endfacet
  facet normal -0.3214394807323106 -0.9469301242576151 0
    outer loop
      vertex 0.45922011882066727 -39.89134456217289 2.4
      vertex 0.31058285385370255 -39.840889006853104 0
      vertex 0.45922011882066727 -39.89134456217289 0
    endloop
  endfacet
  facet normal -0.7518398295631653 -0.6593457899178781 0
    outer loop
      vertex 0.9520240053534508 -40.2694862857461 2.4
      vertex 0.8485281392931938 -40.151471860706806 0
      vertex 0.9520240053534508 -40.2694862857461 0
    endloop
  endfacet
  facet normal -0.4422886613717767 -0.8968727557585647 0
    outer loop
      vertex 0.6000000014901161 -39.96076951175928 2.4
      vertex 0.45922011882066727 -39.89134456217289 0
      vertex 0.6000000014901161 -39.96076951175928 0
    endloop
  endfacet
  facet normal -0.555570268531842 -0.8314695885740242 0
    outer loop
      vertex 0.7305137142539024 -40.04797599464655 2.4
      vertex 0.6000000014901161 -39.96076951175928 0
      vertex 0.7305137142539024 -40.04797599464655 0
    endloop
  endfacet
  facet normal -0.6593457899178781 -0.7518398295631653 0
    outer loop
      vertex 0.8485281392931938 -40.151471860706806 2.4
      vertex 0.7305137142539024 -40.04797599464655 0
      vertex 0.8485281392931938 -40.151471860706806 0
    endloop
  endfacet
  facet normal -0.9978589218101567 -0.06540315102402608 0
    outer loop
      vertex 1.2000000029802322 -41 2.4
      vertex 1.1897338330745697 -40.84336856752634 0
      vertex 1.2000000029802322 -41 0
    endloop
  endfacet
  facet normal -0.9807852825492541 -0.19509031122733816 0
    outer loop
      vertex 1.1897338330745697 -40.84336856752634 2.4
      vertex 1.1591109931468964 -40.6894171461463 0
      vertex 1.1897338330745697 -40.84336856752634 0
    endloop
  endfacet
  facet normal -0.8968727557585647 -0.4422886613717767 0
    outer loop
      vertex 1.1086554378271103 -40.54077988117933 2.4
      vertex 1.0392304882407188 -40.399999998509884 0
      vertex 1.1086554378271103 -40.54077988117933 0
    endloop
  endfacet
  facet normal -0.8314695885740242 -0.555570268531842 0
    outer loop
      vertex 1.0392304882407188 -40.399999998509884 2.4
      vertex 0.9520240053534508 -40.2694862857461 0
      vertex 1.0392304882407188 -40.399999998509884 0
    endloop
  endfacet
  facet normal -0.9469301242576151 -0.3214394807323106 0
    outer loop
      vertex 1.1591109931468964 -40.6894171461463 2.4
      vertex 1.1086554378271103 -40.54077988117933 0
      vertex 1.1591109931468964 -40.6894171461463 0
    endloop
  endfacet
  facet normal -0.5555701727230166 -0.8314696525914327 0
    outer loop
      vertex 1.2783989980816841 -44.333957985043526 2.4
      vertex 1.2000000029802322 -44.281573459506035 2.4
      vertex 1.2000000029802322 -44.281573459506035 0
    endloop
  endfacet
  facet normal -0.6593458052496711 -0.7518398161175442 0
    outer loop
      vertex 1.484924241900444 -44.515075758099556 2.4
      vertex 1.2783989980816841 -44.333957985043526 2.4
      vertex 1.2783989980816841 -44.333957985043526 0
    endloop
  endfacet
  facet normal -0.7518398161175442 -0.6593458052496711 0
    outer loop
      vertex 1.6660420149564743 -44.721601001918316 2.4
      vertex 1.484924241900444 -44.515075758099556 2.4
      vertex 1.484924241900444 -44.515075758099556 0
    endloop
  endfacet
  facet normal -0.8314696178185865 -0.5555702247642629 0
    outer loop
      vertex 1.8186533451080322 -44.95000000298023 2.4
      vertex 1.6660420149564743 -44.721601001918316 2.4
      vertex 1.6660420149564743 -44.721601001918316 0
    endloop
  endfacet
  facet normal -1 0 0
    outer loop
      vertex 1.2000000029802322 -44.281573459506035 2.4
      vertex 1.2000000029802322 -41 2.4
      vertex 1.2000000029802322 -41 0
    endloop
  endfacet
  facet normal -0.06540315102402608 -0.9978589218101567 0
    outer loop
      vertex 0.15663143247365952 -39.81026616692543 2.4
      vertex 0 -39.79999999701977 2.4
      vertex 0 -39.79999999701977 0
    endloop
  endfacet
  facet normal -0.19509031122733816 -0.9807852825492541 0
    outer loop
      vertex 0.31058285385370255 -39.840889006853104 2.4
      vertex 0.15663143247365952 -39.81026616692543 2.4
      vertex 0.15663143247365952 -39.81026616692543 0
    endloop
  endfacet
  facet normal -0.3214394807323106 -0.9469301242576151 0
    outer loop
      vertex 0.45922011882066727 -39.89134456217289 2.4
      vertex 0.31058285385370255 -39.840889006853104 2.4
      vertex 0.31058285385370255 -39.840889006853104 0
    endloop
  endfacet
  facet normal -0.7518398295631653 -0.6593457899178781 0
    outer loop
      vertex 0.9520240053534508 -40.2694862857461 2.4
      vertex 0.8485281392931938 -40.151471860706806 2.4
      vertex 0.8485281392931938 -40.151471860706806 0
    endloop
  endfacet
  facet normal -0.8314695885740242 -0.555570268531842 0
    outer loop
      vertex 1.0392304882407188 -40.399999998509884 2.4
      vertex 0.9520240053534508 -40.2694862857461 2.4
      vertex 0.9520240053534508 -40.2694862857461 0
    endloop
  endfacet
  facet normal -0.4422886613717767 -0.8968727557585647 0
    outer loop
      vertex 0.6000000014901161 -39.96076951175928 2.4
      vertex 0.45922011882066727 -39.89134456217289 2.4
      vertex 0.45922011882066727 -39.89134456217289 0
    endloop
  endfacet
  facet normal -0.555570268531842 -0.8314695885740242 0
    outer loop
      vertex 0.7305137142539024 -40.04797599464655 2.4
      vertex 0.6000000014901161 -39.96076951175928 2.4
      vertex 0.6000000014901161 -39.96076951175928 0
    endloop
  endfacet
  facet normal -0.6593457899178781 -0.7518398295631653 0
    outer loop
      vertex 0.8485281392931938 -40.151471860706806 2.4
      vertex 0.7305137142539024 -40.04797599464655 2.4
      vertex 0.7305137142539024 -40.04797599464655 0
    endloop
  endfacet
  facet normal -0.9978589218101567 -0.06540315102402608 0
    outer loop
      vertex 1.2000000029802322 -41 2.4
      vertex 1.1897338330745697 -40.84336856752634 2.4
      vertex 1.1897338330745697 -40.84336856752634 0
    endloop
  endfacet
  facet normal -0.9807852825492541 -0.19509031122733816 0
    outer loop
      vertex 1.1897338330745697 -40.84336856752634 2.4
      vertex 1.1591109931468964 -40.6894171461463 2.4
      vertex 1.1591109931468964 -40.6894171461463 0
    endloop
  endfacet
  facet normal -0.8968727557585647 -0.4422886613717767 0
    outer loop
      vertex 1.1086554378271103 -40.54077988117933 2.4
      vertex 1.0392304882407188 -40.399999998509884 2.4
      vertex 1.0392304882407188 -40.399999998509884 0
    endloop
  endfacet
  facet normal -0.9469301242576151 -0.3214394807323106 0
    outer loop
      vertex 1.1591109931468964 -40.6894171461463 2.4
      vertex 1.1086554378271103 -40.54077988117933 2.4
      vertex 1.1086554378271103 -40.54077988117933 0
    endloop
  endfacet
endsolid OpenSCAD_Model
