solid OpenSCAD_Model
  facet normal -0.6593458107222282 -0.7518398113182407 0
    outer loop
      vertex -21.152568571269512 -22.260120041668415 1.5
      vertex -21.152568571269512 -22.260120041668415 2.6
      vertex -21.74264068901539 -21.74264068901539 2.6
    endloop
  endfacet
  facet normal -0.9469301300366788 -0.32143946370773846 0
    outer loop
      vertex -23.043277196586132 -19.796100594103336 1.5
      vertex -23.043277196586132 -19.796100594103336 2.6
      vertex -23.2955549582839 -19.052914269268513 1.5
    endloop
  endfacet
  facet normal -0.9469301300366788 -0.32143946370773846 0
    outer loop
      vertex -23.2955549582839 -19.052914269268513 1.5
      vertex -23.043277196586132 -19.796100594103336 2.6
      vertex -23.2955549582839 -19.052914269268513 2.6
    endloop
  endfacet
  facet normal -0.19509031854274123 -0.9807852810941301 0
    outer loop
      vertex -18.283157154917717 -23.44866916537285 1.5
      vertex -18.283157154917717 -23.44866916537285 2.6
      vertex -19.052914269268513 -23.2955549582839 2.6
    endloop
  endfacet
  facet normal -0.06540313273849394 -0.997858923008654 0
    outer loop
      vertex -18.283157154917717 -23.44866916537285 1.5
      vertex -17.5 -23.5 1.5
      vertex -17.5 -23.5 2.6
    endloop
  endfacet
  facet normal -1 0 0
    outer loop
      vertex -23.5 -17.5 1.5
      vertex -23.5 -17.5 2.6
      vertex -23.5 17.5 1.5
    endloop
  endfacet
  facet normal -1 0 0
    outer loop
      vertex -23.5 -17.5 2.6
      vertex -23.5 -11 2.6
      vertex -23.5 17.5 1.5
    endloop
  endfacet
  facet normal -0.8968727426043899 0.4422886880458055 -3.3383476621496274e-15
    outer loop
      vertex -23.043277196586132 19.796100594103336 2.6
      vertex -22.97881116781916 19.926824769484146 2.6
      vertex -22.983507368590264 19.917301816310708 2.410596026490066
    endloop
  endfacet
  facet normal -0.831469609045217 0.5555702378945384 0
    outer loop
      vertex -22.260120041668415 21.152568571269512 1.5
      vertex -22.621074002458165 20.612362800351043 2.410596026490066
      vertex -22.260120041668415 21.152568571269512 2.6
    endloop
  endfacet
  facet normal -0.8314696090452178 0.5555702378945371 5.2624393325546516e-15
    outer loop
      vertex -22.621074002458165 20.612362800351043 2.410596026490066
      vertex -22.61517498344183 20.62119130609291 2.6
      vertex -22.260120041668415 21.152568571269512 2.6
    endloop
  endfacet
  facet normal -0.555570237894537 0.8314696090452179 0
    outer loop
      vertex -20.5 22.696152426302433 1.5
      vertex -21.152568571269512 22.260120041668415 2.6
      vertex -20.5 22.696152426302433 2.6
    endloop
  endfacet
  facet normal -0.32143946370773846 0.9469301300366788 0
    outer loop
      vertex -19.796100594103336 23.043277196586132 1.5
      vertex -19.052914269268513 23.2955549582839 2.6
      vertex -19.052914269268513 23.2955549582839 1.5
    endloop
  endfacet
  facet normal -0.32143946370773846 0.9469301300366788 0
    outer loop
      vertex -19.796100594103336 23.043277196586132 1.5
      vertex -19.796100594103336 23.043277196586132 2.6
      vertex -19.052914269268513 23.2955549582839 2.6
    endloop
  endfacet
  facet normal -0.06540313273849394 0.997858923008654 0
    outer loop
      vertex -18.283157154917717 23.44866916537285 1.5
      vertex -17.5 23.5 2.6
      vertex -17.5 23.5 1.5
    endloop
  endfacet
  facet normal -0.06540313273849394 0.997858923008654 0
    outer loop
      vertex -18.283157154917717 23.44866916537285 1.5
      vertex -18.283157154917717 23.44866916537285 2.6
      vertex -17.5 23.5 2.6
    endloop
  endfacet
  facet normal 0.06540313273849395 -0.9978589230086541 1.0898088697652987e-14
    outer loop
      vertex 17.5 -23.5 1.5
      vertex 18.283157154917717 -23.44866916537285 1.5
      vertex 18.19209236946217 -23.45463786707368 1.627906976744186
    endloop
  endfacet
  facet normal 0.06540313273847873 -0.9978589230086551 0
    outer loop
      vertex 18.283157154917717 -23.44866916537285 1.5
      vertex 18.283157154917717 -23.44866916537285 1.627906976744186
      vertex 18.19209236946217 -23.45463786707368 1.627906976744186
    endloop
  endfacet
  facet normal 0.06540313273849595 -0.9978589230086539 0
    outer loop
      vertex 17.5 -23.5 1.5
      vertex 18.19209236946217 -23.45463786707368 1.627906976744186
      vertex 17.5 -23.5 2.6
    endloop
  endfacet
  facet normal 0.32143946370773846 -0.9469301300366788 0
    outer loop
      vertex 19.052914269268513 -23.2955549582839 1.5
      vertex 19.796100594103336 -23.043277196586132 2.6
      vertex 19.052914269268513 -23.2955549582839 2.6
    endloop
  endfacet
  facet normal 0.555570237894537 -0.8314696090452179 0
    outer loop
      vertex 20.5 -22.696152426302433 1.5
      vertex 21.152568571269512 -22.260120041668415 1.5
      vertex 20.5 -22.696152426302433 2.6
    endloop
  endfacet
  facet normal 0.555570237894537 -0.8314696090452179 0
    outer loop
      vertex 21.152568571269512 -22.260120041668415 1.5
      vertex 21.152568571269512 -22.260120041668415 2.6
      vertex 20.5 -22.696152426302433 2.6
    endloop
  endfacet
  facet normal 0.8314696090452179 -0.555570237894537 0
    outer loop
      vertex 22.260120041668415 -21.152568571269512 1.5
      vertex 22.696152426302433 -20.5 1.5
      vertex 22.260120041668415 -21.152568571269512 2.6
    endloop
  endfacet
  facet normal 0.8314696090452179 -0.555570237894537 0
    outer loop
      vertex 22.696152426302433 -20.5 1.5
      vertex 22.696152426302433 -20.5 2.6
      vertex 22.260120041668415 -21.152568571269512 2.6
    endloop
  endfacet
  facet normal 1 0 0
    outer loop
      vertex 23.5 -17.5 1.5
      vertex 23.5 17.5 2.6
      vertex 23.5 -17.5 2.6
    endloop
  endfacet
  facet normal 1 0 0
    outer loop
      vertex 23.5 -17.5 1.5
      vertex 23.5 17.5 1.5
      vertex 23.5 17.5 2.6
    endloop
  endfacet
  facet normal 0.44228868804580884 0.8968727426043882 4.47315981969163e-16
    outer loop
      vertex 20.5 22.696152426302433 1.5
      vertex 19.871518387592264 23.00608525691288 1.5
      vertex 19.917301816310708 22.983507368590264 2.410596026490066
    endloop
  endfacet
  facet normal 0.19509031854274123 0.9807852810941301 0
    outer loop
      vertex 18.283157154917717 23.44866916537285 1.5
      vertex 18.283157154917717 23.44866916537285 2.6
      vertex 19.052914269268513 23.2955549582839 2.6
    endloop
  endfacet
  facet normal 0.8968727426043882 0.44228868804580884 -4.276816724174268e-16
    outer loop
      vertex 22.733344365975686 20.424582206511072 1.5
      vertex 22.7559222542983 20.37879877779263 2.410596026490066
      vertex 23.043277196586132 19.796100594103336 1.5
    endloop
  endfacet
  facet normal 0.8968727426043885 0.44228868804580834 0
    outer loop
      vertex 23.043277196586132 19.796100594103336 1.5
      vertex 22.7559222542983 20.37879877779263 2.410596026490066
      vertex 23.043277196586132 19.796100594103336 2.410596026490066
    endloop
  endfacet
  facet normal 0.6593458107222282 0.7518398113182407 0
    outer loop
      vertex 21.74264068901539 21.74264068901539 1.5
      vertex 21.152568571269512 22.260120041668415 2.6
      vertex 21.74264068901539 21.74264068901539 2.6
    endloop
  endfacet
  facet normal 0.6593458107222282 0.7518398113182407 0
    outer loop
      vertex 21.74264068901539 21.74264068901539 1.5
      vertex 21.152568571269512 22.260120041668415 1.5
      vertex 21.152568571269512 22.260120041668415 2.6
    endloop
  endfacet
  facet normal -0.6593458107222281 -0.7518398113182407 0
    outer loop
      vertex -21.152568571269512 -22.260120041668415 0
      vertex -21.152568571269512 -22.260120041668415 1.5
      vertex -21.74264068901539 -21.74264068901539 0
    endloop
  endfacet
  facet normal -0.555570237894537 -0.8314696090452178 0
    outer loop
      vertex -21.152568571269512 -22.260120041668415 0
      vertex -20.5 -22.696152426302433 0
      vertex -21.152568571269512 -22.260120041668415 1.5
    endloop
  endfacet
  facet normal -0.8968727426043884 -0.44228868804580856 0
    outer loop
      vertex -23.043277196586132 -19.796100594103336 0
      vertex -22.696152426302433 -20.5 0
      vertex -23.043277196586132 -19.796100594103336 1.5
    endloop
  endfacet
  facet normal -0.9469301300366789 -0.3214394637077385 0
    outer loop
      vertex -23.043277196586132 -19.796100594103336 0
      vertex -23.043277196586132 -19.796100594103336 1.5
      vertex -23.2955549582839 -19.052914269268513 0
    endloop
  endfacet
  facet normal -0.9978589230086541 -0.06540313273849395 0
    outer loop
      vertex -23.44866916537285 -18.283157154917717 0
      vertex -23.5 -17.5 1.5
      vertex -23.5 -17.5 0
    endloop
  endfacet
  facet normal -0.1950903185427412 -0.98078528109413 0
    outer loop
      vertex -19.052914269268513 -23.2955549582839 0
      vertex -18.283157154917717 -23.44866916537285 0
      vertex -18.283157154917717 -23.44866916537285 1.5
    endloop
  endfacet
  facet normal -0.06540313273849395 -0.9978589230086541 0
    outer loop
      vertex -18.283157154917717 -23.44866916537285 0
      vertex -17.5 -23.5 0
      vertex -17.5 -23.5 1.5
    endloop
  endfacet
  facet normal -0.555570237894537 -0.8314696090452179 0
    outer loop
      vertex -21.152568571269512 -22.260120041668415 1.5
      vertex -20.5 -22.696152426302433 0
      vertex -21.152568571269512 -22.260120041668415 2.6
    endloop
  endfacet
  facet normal -0.6593458107222281 -0.7518398113182407 0
    outer loop
      vertex -21.74264068901539 -21.74264068901539 0
      vertex -21.152568571269512 -22.260120041668415 1.5
      vertex -21.74264068901539 -21.74264068901539 2.6
    endloop
  endfacet
  facet normal -0.9469301300366789 -0.3214394637077385 0
    outer loop
      vertex -23.2955549582839 -19.052914269268513 0
      vertex -23.043277196586132 -19.796100594103336 1.5
      vertex -23.2955549582839 -19.052914269268513 1.5
    endloop
  endfacet
  facet normal -0.8968727426043883 -0.44228868804580856 0
    outer loop
      vertex -22.696152426302433 -20.5 0
      vertex -23.043277196586132 -19.796100594103336 2.6
      vertex -23.043277196586132 -19.796100594103336 1.5
    endloop
  endfacet
  facet normal -0.9978589230086541 -0.06540313273849394 0
    outer loop
      vertex -23.44866916537285 -18.283157154917717 0
      vertex -23.5 -17.5 2.6
      vertex -23.5 -17.5 1.5
    endloop
  endfacet
  facet normal -0.06540313273849395 -0.9978589230086541 0
    outer loop
      vertex -18.283157154917717 -23.44866916537285 0
      vertex -17.5 -23.5 1.5
      vertex -18.283157154917717 -23.44866916537285 1.5
    endloop
  endfacet
  facet normal -0.1950903185427412 -0.98078528109413 0
    outer loop
      vertex -19.052914269268513 -23.2955549582839 0
      vertex -18.283157154917717 -23.44866916537285 1.5
      vertex -19.052914269268513 -23.2955549582839 2.6
    endloop
  endfacet
  facet normal -0.06540313273849394 -0.997858923008654 0
    outer loop
      vertex -18.283157154917717 -23.44866916537285 1.5
      vertex -17.5 -23.5 2.6
      vertex -18.283157154917717 -23.44866916537285 2.6
    endloop
  endfacet
  facet normal 0 0 -1
    outer loop
      vertex -23.2955549582839 -19.052914269268513 0
      vertex -23.44866916537285 -18.283157154917717 0
      vertex -11.647109776735306 -10.184553116559982 0
    endloop
  endfacet
  facet normal 0 0 -1
    outer loop
      vertex -23.44866916537285 -18.283157154917717 0
      vertex -23.5 -17.5 0
      vertex -11.647109776735306 -10.184553116559982 0
    endloop
  endfacet
  facet normal 0 0 -1
    outer loop
      vertex -23.2955549582839 -19.052914269268513 0
      vertex -11.647109776735306 -10.184553116559982 0
      vertex -11.109312139451504 -11.020653180778027 0
    endloop
  endfacet
  facet normal 0 0 -1
    outer loop
      vertex -23.2955549582839 -19.052914269268513 0
      vertex -11.109312139451504 -11.020653180778027 0
      vertex -10.46698248386383 -11.779403612017632 0
    endloop
  endfacet
  facet normal 0 0 -1
    outer loop
      vertex -23.5 -17.5 0
      vertex -12.071173518896103 -9.285409323871136 0
      vertex -11.647109776735306 -10.184553116559982 0
    endloop
  endfacet
  facet normal 0 0 -1
    outer loop
      vertex -23.2955549582839 -19.052914269268513 0
      vertex -9.731111235916615 -12.447821989655495 0
      vertex -8.914289370179176 -13.014471486210823 0
    endloop
  endfacet
  facet normal 0 0 -1
    outer loop
      vertex -23.2955549582839 -19.052914269268513 0
      vertex -8.914289370179176 -13.014471486210823 0
      vertex -8.030492924153805 -13.469656564295292 0
    endloop
  endfacet
  facet normal 0 0 -1
    outer loop
      vertex -23.2955549582839 -19.052914269268513 0
      vertex -8.030492924153805 -13.469656564295292 0
      vertex -7.094843901693821 -13.805588886141777 0
    endloop
  endfacet
  facet normal 0 0 -1
    outer loop
      vertex -23.2955549582839 -19.052914269268513 0
      vertex -7.094843901693821 -13.805588886141777 0
      vertex -6.123351521790028 -14.01652055978775 0
    endloop
  endfacet
  facet normal 0 0 -1
    outer loop
      vertex -23.2955549582839 -19.052914269268513 0
      vertex -10.46698248386383 -11.779403612017632 0
      vertex -9.731111235916615 -12.447821989655495 0
    endloop
  endfacet
  facet normal -0.7518398113182407 -0.6593458107222281 0
    outer loop
      vertex -22.260120041668415 -21.152568571269512 0
      vertex -21.74264068901539 -21.74264068901539 0
      vertex -22.260120041668415 -21.152568571269512 14
    endloop
  endfacet
  facet normal -0.8314696090452179 -0.5555702378945371 0
    outer loop
      vertex -22.260120041668415 -21.152568571269512 0
      vertex -22.696152426302433 -20.5 14
      vertex -22.696152426302433 -20.5 0
    endloop
  endfacet
  facet normal -0.555570237894537 -0.8314696090452179 0
    outer loop
      vertex -20.5 -22.696152426302433 0
      vertex -21.152568571269512 -22.260120041668415 14
      vertex -21.152568571269512 -22.260120041668415 2.6
    endloop
  endfacet
  facet normal -0.7518398113182407 -0.6593458107222281 0
    outer loop
      vertex -21.74264068901539 -21.74264068901539 0
      vertex -21.74264068901539 -21.74264068901539 2.6
      vertex -22.260120041668415 -21.152568571269512 14
    endloop
  endfacet
  facet normal -0.6593458107222281 -0.7518398113182406 0
    outer loop
      vertex -21.152568571269512 -22.260120041668415 2.6
      vertex -21.152568571269512 -22.260120041668415 14
      vertex -21.74264068901539 -21.74264068901539 2.6
    endloop
  endfacet
  facet normal -0.8968727426043883 -0.44228868804580856 0
    outer loop
      vertex -22.696152426302433 -20.5 0
      vertex -23.043277196586132 -19.796100594103336 14
      vertex -23.043277196586132 -19.796100594103336 2.6
    endloop
  endfacet
  facet normal -0.9807852810941301 -0.19509031854274123 0
    outer loop
      vertex -23.2955549582839 -19.052914269268513 0
      vertex -23.44866916537285 -18.283157154917717 14
      vertex -23.44866916537285 -18.283157154917717 0
    endloop
  endfacet
  facet normal -0.98078528109413 -0.1950903185427412 0
    outer loop
      vertex -23.2955549582839 -19.052914269268513 0
      vertex -23.2955549582839 -19.052914269268513 1.5
      vertex -23.44866916537285 -18.283157154917717 14
    endloop
  endfacet
  facet normal -0.997858923008654 -0.06540313273849395 0
    outer loop
      vertex -23.44866916537285 -18.283157154917717 0
      vertex -23.5 -17.5 14
      vertex -23.5 -17.5 2.6
    endloop
  endfacet
  facet normal -0.9469301300366789 -0.3214394637077385 0
    outer loop
      vertex -23.043277196586132 -19.796100594103336 2.6
      vertex -23.043277196586132 -19.796100594103336 14
      vertex -23.2955549582839 -19.052914269268513 2.6
    endloop
  endfacet
  facet normal -0.9807852810941301 -0.19509031854274123 0
    outer loop
      vertex -23.2955549582839 -19.052914269268513 1.5
      vertex -23.2955549582839 -19.052914269268513 2.6
      vertex -23.44866916537285 -18.283157154917717 14
    endloop
  endfacet
  facet normal -0.4422886880458085 -0.8968727426043883 0
    outer loop
      vertex -20.5 -22.696152426302433 0
      vertex -19.796100594103336 -23.043277196586132 0
      vertex -20.5 -22.696152426302433 14
    endloop
  endfacet
  facet normal -0.32143946370773846 -0.9469301300366788 0
    outer loop
      vertex -19.796100594103336 -23.043277196586132 0
      vertex -19.052914269268513 -23.2955549582839 0
      vertex -19.796100594103336 -23.043277196586132 14
    endloop
  endfacet
  facet normal -0.3214394637077385 -0.9469301300366789 0
    outer loop
      vertex -19.052914269268513 -23.2955549582839 0
      vertex -19.052914269268513 -23.2955549582839 2.6
      vertex -19.796100594103336 -23.043277196586132 14
    endloop
  endfacet
  facet normal -0.19509031854274123 -0.9807852810941302 0
    outer loop
      vertex -19.052914269268513 -23.2955549582839 2.6
      vertex -18.283157154917717 -23.44866916537285 2.6
      vertex -18.283157154917717 -23.44866916537285 14
    endloop
  endfacet
  facet normal -0.06540313273849394 -0.997858923008654 0
    outer loop
      vertex -18.283157154917717 -23.44866916537285 2.6
      vertex -17.5 -23.5 2.6
      vertex -18.283157154917717 -23.44866916537285 14
    endloop
  endfacet
  facet normal -1 0 0
    outer loop
      vertex -23.5 -17.5 2.6
      vertex -23.5 -17.5 14
      vertex -23.5 -11 2.6
    endloop
  endfacet
  facet normal -1 0 0
    outer loop
      vertex -23.5 -17.5 0
      vertex -23.5 -17.5 1.5
      vertex -23.5 17.5 0
    endloop
  endfacet
  facet normal 0 0 -1
    outer loop
      vertex -23.5 -17.5 0
      vertex -23.5 17.5 0
      vertex -12.551146104931831 -7.360344424843788 0
    endloop
  endfacet
  facet normal 0 0 -1
    outer loop
      vertex -23.5 -17.5 0
      vertex -12.374247521162033 -8.338606409728527 0
      vertex -12.071173518896103 -9.285409323871136 0
    endloop
  endfacet
  facet normal 0 0 -1
    outer loop
      vertex -23.5 -17.5 0
      vertex -12.551146104931831 -7.360344424843788 0
      vertex -12.374247521162033 -8.338606409728527 0
    endloop
  endfacet
  facet normal 0 0 -1
    outer loop
      vertex -19.796100594103336 -23.043277196586132 0
      vertex 21.152568571269512 -22.260120041668415 0
      vertex -19.052914269268513 -23.2955549582839 0
    endloop
  endfacet
  facet normal 0 0 -1
    outer loop
      vertex -21.152568571269512 -22.260120041668415 0
      vertex 22.260120041668415 -21.152568571269512 0
      vertex -20.5 -22.696152426302433 0
    endloop
  endfacet
  facet normal 0 0 -1
    outer loop
      vertex -20.5 -22.696152426302433 0
      vertex 21.74264068901539 -21.74264068901539 0
      vertex -19.796100594103336 -23.043277196586132 0
    endloop
  endfacet
  facet normal 0 0 -1
    outer loop
      vertex -21.152568571269512 -22.260120041668415 0
      vertex -21.74264068901539 -21.74264068901539 0
      vertex 22.696152426302433 -20.5 0
    endloop
  endfacet
  facet normal 0 0 -1
    outer loop
      vertex -22.260120041668415 -21.152568571269512 0
      vertex 23.043277196586132 -19.796100594103336 0
      vertex -21.74264068901539 -21.74264068901539 0
    endloop
  endfacet
  facet normal 0 0 -1
    outer loop
      vertex -23.043277196586132 -19.796100594103336 0
      vertex 23.44866916537285 -18.283157154917717 0
      vertex -22.696152426302433 -20.5 0
    endloop
  endfacet
  facet normal 0 0 -1
    outer loop
      vertex -23.043277196586132 -19.796100594103336 0
      vertex -23.2955549582839 -19.052914269268513 0
      vertex 23.5 -17.5 0
    endloop
  endfacet
  facet normal 0 0 -1
    outer loop
      vertex -22.260120041668415 -21.152568571269512 0
      vertex -22.696152426302433 -20.5 0
      vertex 23.2955549582839 -19.052914269268513 0
    endloop
  endfacet
  facet normal 0 0 -1
    outer loop
      vertex -23.2955549582839 -19.052914269268513 0
      vertex -6.123351521790028 -14.01652055978775 0
      vertex -5.132638290524483 -14.098842486739159 0
    endloop
  endfacet
  facet normal 0 0 -1
    outer loop
      vertex -19.052914269268513 -23.2955549582839 0
      vertex 20.5 -22.696152426302433 0
      vertex -18.283157154917717 -23.44866916537285 0
    endloop
  endfacet
  facet normal 0 0 -1
    outer loop
      vertex -18.283157154917717 -23.44866916537285 0
      vertex 19.796100594103336 -23.043277196586132 0
      vertex -17.5 -23.5 0
    endloop
  endfacet
  facet normal 0 -1 0
    outer loop
      vertex -17.5 -23.5 0
      vertex 17.5 -23.5 1.5
      vertex -17.5 -23.5 1.5
    endloop
  endfacet
  facet normal 0 0 -1
    outer loop
      vertex -23.2955549582839 -19.052914269268513 0
      vertex -5.132638290524483 -14.098842486739159 0
      vertex 23.5 -17.5 0
    endloop
  endfacet
  facet normal 0 -1 0
    outer loop
      vertex -17.5 -23.5 1.5
      vertex 17.5 -23.5 14
      vertex -17.5 -23.5 2.6
    endloop
  endfacet
  facet normal -0.8314696090452179 -0.5555702378945371 0
    outer loop
      vertex -22.260120041668415 -21.152568571269512 0
      vertex -22.260120041668415 -21.152568571269512 14
      vertex -22.696152426302433 -20.5 14
    endloop
  endfacet
  facet normal -0.5555702378945371 -0.8314696090452179 0
    outer loop
      vertex -20.5 -22.696152426302433 0
      vertex -20.5 -22.696152426302433 14
      vertex -21.152568571269512 -22.260120041668415 14
    endloop
  endfacet
  facet normal -0.7518398113182406 -0.6593458107222281 0
    outer loop
      vertex -21.74264068901539 -21.74264068901539 2.6
      vertex -21.74264068901539 -21.74264068901539 14
      vertex -22.260120041668415 -21.152568571269512 14
    endloop
  endfacet
  facet normal -0.6593458107222281 -0.7518398113182406 0
    outer loop
      vertex -21.74264068901539 -21.74264068901539 2.6
      vertex -21.152568571269512 -22.260120041668415 14
      vertex -21.74264068901539 -21.74264068901539 14
    endloop
  endfacet
  facet normal -0.8968727426043883 -0.4422886880458085 0
    outer loop
      vertex -22.696152426302433 -20.5 0
      vertex -22.696152426302433 -20.5 14
      vertex -23.043277196586132 -19.796100594103336 14
    endloop
  endfacet
  facet normal -0.9469301300366789 -0.3214394637077385 0
    outer loop
      vertex -23.2955549582839 -19.052914269268513 2.6
      vertex -23.043277196586132 -19.796100594103336 14
      vertex -23.2955549582839 -19.052914269268513 14
    endloop
  endfacet
  facet normal -0.997858923008654 -0.06540313273849395 0
    outer loop
      vertex -23.44866916537285 -18.283157154917717 0
      vertex -23.44866916537285 -18.283157154917717 14
      vertex -23.5 -17.5 14
    endloop
  endfacet
  facet normal -0.9807852810941302 -0.19509031854274123 0
    outer loop
      vertex -23.2955549582839 -19.052914269268513 2.6
      vertex -23.2955549582839 -19.052914269268513 14
      vertex -23.44866916537285 -18.283157154917717 14
    endloop
  endfacet
  facet normal -0.4422886880458085 -0.8968727426043883 0
    outer loop
      vertex -19.796100594103336 -23.043277196586132 0
      vertex -19.796100594103336 -23.043277196586132 14
      vertex -20.5 -22.696152426302433 14
    endloop
  endfacet
  facet normal -0.3214394637077385 -0.9469301300366789 0
    outer loop
      vertex -19.052914269268513 -23.2955549582839 2.6
      vertex -19.052914269268513 -23.2955549582839 14
      vertex -19.796100594103336 -23.043277196586132 14
    endloop
  endfacet
  facet normal -0.19509031854274123 -0.9807852810941302 0
    outer loop
      vertex -19.052914269268513 -23.2955549582839 2.6
      vertex -18.283157154917717 -23.44866916537285 14
      vertex -19.052914269268513 -23.2955549582839 14
    endloop
  endfacet
  facet normal -0.06540313273849394 -0.997858923008654 0
    outer loop
      vertex -17.5 -23.5 2.6
      vertex -17.5 -23.5 14
      vertex -18.283157154917717 -23.44866916537285 14
    endloop
  endfacet
  facet normal 0 0 1
    outer loop
      vertex -22.260120041668415 -21.152568571269512 14
      vertex -20.990754693746567 -20.17855028808117 14
      vertex -22.696152426302433 -20.5 14
    endloop
  endfacet
  facet normal 0 0 1
    outer loop
      vertex -22.260120041668415 -21.152568571269512 14
      vertex -21.74264068901539 -21.74264068901539 14
      vertex -20.17855028808117 -20.990754693746567 14
    endloop
  endfacet
  facet normal 0 0 1
    outer loop
      vertex -21.152568571269512 -22.260120041668415 14
      vertex -19.183807104825974 -21.565069943666458 14
      vertex -21.74264068901539 -21.74264068901539 14
    endloop
  endfacet
  facet normal 0 0 1
    outer loop
      vertex -22.260120041668415 -21.152568571269512 14
      vertex -20.61126983910799 -20.61126983910799 14
      vertex -20.990754693746567 -20.17855028808117 14
    endloop
  endfacet
  facet normal 0 0 1
    outer loop
      vertex -22.260120041668415 -21.152568571269512 14
      vertex -20.17855028808117 -20.990754693746567 14
      vertex -20.61126983910799 -20.61126983910799 14
    endloop
  endfacet
  facet normal 0 0 1
    outer loop
      vertex -23.043277196586132 -19.796100594103336 14
      vertex -22.696152426302433 -20.5 14
      vertex -21.310511775314808 -19.700000002980232 14
    endloop
  endfacet
  facet normal 0 0 1
    outer loop
      vertex -23.043277196586132 -19.796100594103336 14
      vertex -21.75007363408804 -18.63880379498005 14
      vertex -23.2955549582839 -19.052914269268513 14
    endloop
  endfacet
  facet normal 0 0 1
    outer loop
      vertex -23.043277196586132 -19.796100594103336 14
      vertex -21.565069943666458 -19.183807104825974 14
      vertex -21.75007363408804 -18.63880379498005 14
    endloop
  endfacet
  facet normal 0 0 1
    outer loop
      vertex -23.2955549582839 -19.052914269268513 14
      vertex -21.899999998509884 -17.5 14
      vertex -23.44866916537285 -18.283157154917717 14
    endloop
  endfacet
  facet normal 0 0 1
    outer loop
      vertex -23.2955549582839 -19.052914269268513 14
      vertex -21.75007363408804 -18.63880379498005 14
      vertex -21.862357392907143 -18.07431524246931 14
    endloop
  endfacet
  facet normal 0 0 1
    outer loop
      vertex -23.2955549582839 -19.052914269268513 14
      vertex -21.862357392907143 -18.07431524246931 14
      vertex -21.899999998509884 -17.5 14
    endloop
  endfacet
  facet normal 0 0 1
    outer loop
      vertex -22.696152426302433 -20.5 14
      vertex -20.990754693746567 -20.17855028808117 14
      vertex -21.310511775314808 -19.700000002980232 14
    endloop
  endfacet
  facet normal 0 0 1
    outer loop
      vertex -23.043277196586132 -19.796100594103336 14
      vertex -21.310511775314808 -19.700000002980232 14
      vertex -21.565069943666458 -19.183807104825974 14
    endloop
  endfacet
  facet normal 0 0 1
    outer loop
      vertex -21.152568571269512 -22.260120041668415 14
      vertex -20.5 -22.696152426302433 14
      vertex -17.5 -21.899999998509884 14
    endloop
  endfacet
  facet normal 0 0 1
    outer loop
      vertex -20.5 -22.696152426302433 14
      vertex -19.796100594103336 -23.043277196586132 14
      vertex -17.5 -21.899999998509884 14
    endloop
  endfacet
  facet normal 0 0 1
    outer loop
      vertex -21.74264068901539 -21.74264068901539 14
      vertex -19.700000002980232 -21.310511775314808 14
      vertex -20.17855028808117 -20.990754693746567 14
    endloop
  endfacet
  facet normal 0 0 1
    outer loop
      vertex -21.74264068901539 -21.74264068901539 14
      vertex -19.183807104825974 -21.565069943666458 14
      vertex -19.700000002980232 -21.310511775314808 14
    endloop
  endfacet
  facet normal 0 0 1
    outer loop
      vertex -21.152568571269512 -22.260120041668415 14
      vertex -18.63880379498005 -21.75007363408804 14
      vertex -19.183807104825974 -21.565069943666458 14
    endloop
  endfacet
  facet normal 0 0 1
    outer loop
      vertex -21.152568571269512 -22.260120041668415 14
      vertex -18.07431524246931 -21.862357392907143 14
      vertex -18.63880379498005 -21.75007363408804 14
    endloop
  endfacet
  facet normal 0 0 1
    outer loop
      vertex -21.152568571269512 -22.260120041668415 14
      vertex -17.5 -21.899999998509884 14
      vertex -18.07431524246931 -21.862357392907143 14
    endloop
  endfacet
  facet normal -1 0 0
    outer loop
      vertex -23.5 -11 2.6
      vertex -23.5 -17.5 14
      vertex -23.5 17.5 14
    endloop
  endfacet
  facet normal 0 0 1
    outer loop
      vertex -23.44866916537285 -18.283157154917717 14
      vertex -21.899999998509884 17.5 14
      vertex -23.5 -17.5 14
    endloop
  endfacet
  facet normal 0 0 1
    outer loop
      vertex -23.44866916537285 -18.283157154917717 14
      vertex -21.899999998509884 -17.5 14
      vertex -21.899999998509884 17.5 14
    endloop
  endfacet
  facet normal 0 -1 0
    outer loop
      vertex -17.5 -23.5 2.6
      vertex 17.5 -23.5 14
      vertex -17.5 -23.5 14
    endloop
  endfacet
  facet normal 0 0 1
    outer loop
      vertex -19.796100594103336 -23.043277196586132 14
      vertex -19.052914269268513 -23.2955549582839 14
      vertex 21.152568571269512 -22.260120041668415 14
    endloop
  endfacet
  facet normal 0 0 1
    outer loop
      vertex -19.052914269268513 -23.2955549582839 14
      vertex -18.283157154917717 -23.44866916537285 14
      vertex 20.5 -22.696152426302433 14
    endloop
  endfacet
  facet normal 0 0 1
    outer loop
      vertex -18.283157154917717 -23.44866916537285 14
      vertex -17.5 -23.5 14
      vertex 19.796100594103336 -23.043277196586132 14
    endloop
  endfacet
  facet normal 0 0 1
    outer loop
      vertex -19.796100594103336 -23.043277196586132 14
      vertex 21.152568571269512 -22.260120041668415 14
      vertex -17.5 -21.899999998509884 14
    endloop
  endfacet
  facet normal -1 0 0
    outer loop
      vertex -23.5 -17.5 1.5
      vertex -23.5 17.5 1.5
      vertex -23.5 17.5 0
    endloop
  endfacet
  facet normal 0 0 -1
    outer loop
      vertex -23.5 17.5 0
      vertex -12.598842486739159 -6.367361709475517 0
      vertex -12.551146104931831 -7.360344424843788 0
    endloop
  endfacet
  facet normal 0 0 -1
    outer loop
      vertex -23.5 17.5 0
      vertex -12.51652055978775 -5.376648478209972 0
      vertex -12.598842486739159 -6.367361709475517 0
    endloop
  endfacet
  facet normal 0 0 -1
    outer loop
      vertex -23.5 17.5 0
      vertex -12.305588886141777 -4.405156098306179 0
      vertex -12.51652055978775 -5.376648478209972 0
    endloop
  endfacet
  facet normal 0 0 -1
    outer loop
      vertex -23.5 17.5 0
      vertex -9.570316076278687 7.477532938122749 0
      vertex -12.305588886141777 -4.405156098306179 0
    endloop
  endfacet
  facet normal 0 0 -1
    outer loop
      vertex -23.5 17.5 0
      vertex -9.516566902399063 7.6272367760539055 0
      vertex -9.570316076278687 7.477532938122749 0
    endloop
  endfacet
  facet normal 0 0 -1
    outer loop
      vertex -23.5 17.5 0
      vertex -9.443737290799618 7.768644213676453 0
      vertex -9.516566902399063 7.6272367760539055 0
    endloop
  endfacet
  facet normal 0 0 -1
    outer loop
      vertex -23.5 17.5 0
      vertex -9.353073373436928 7.899335712194443 0
      vertex -9.443737290799618 7.768644213676453 0
    endloop
  endfacet
  facet normal 0 0 -1
    outer loop
      vertex -23.5 17.5 0
      vertex -9.246126428246498 8.01707510650158 0
      vertex -9.353073373436928 7.899335712194443 0
    endloop
  endfacet
  facet normal 0 0 -1
    outer loop
      vertex -23.5 17.5 0
      vertex -9.124726362526417 8.119847856462002 0
      vertex -9.246126428246498 8.01707510650158 0
    endloop
  endfacet
  facet normal 0 0 -1
    outer loop
      vertex -23.5 17.5 0
      vertex -8.990950353443623 8.205895476043224 0
      vertex -9.124726362526417 8.119847856462002 0
    endloop
  endfacet
  facet normal 0 0 -1
    outer loop
      vertex -23.5 17.5 0
      vertex -8.84708734601736 8.27374567091465 0
      vertex -8.990950353443623 8.205895476043224 0
    endloop
  endfacet
  facet normal 0 0 -1
    outer loop
      vertex -23.5 17.5 0
      vertex -8.695598877966404 8.322237513959408 0
      vertex -8.84708734601736 8.27374567091465 0
    endloop
  endfacet
  facet normal 0 0 -1
    outer loop
      vertex -23.5 17.5 0
      vertex -8.539076961576939 8.350541286170483 0
      vertex -8.695598877966404 8.322237513959408 0
    endloop
  endfacet
  facet normal 0 0 -1
    outer loop
      vertex -23.5 17.5 0
      vertex -8.38019972294569 8.358172707259655 0
      vertex -8.539076961576939 8.350541286170483 0
    endloop
  endfacet
  facet normal 0 0 -1
    outer loop
      vertex -23.5 17.5 0
      vertex -8.221685610711575 8.345001198351383 0
      vertex -8.38019972294569 8.358172707259655 0
    endloop
  endfacet
  facet normal -1 0 0
    outer loop
      vertex -23.5 -11 2.6
      vertex -23.5 17.5 14
      vertex -23.5 17.5 1.5
    endloop
  endfacet
  facet normal -0.9469301300366789 0.3214394637077385 0
    outer loop
      vertex -23.2955549582839 19.052914269268513 0
      vertex -23.043277196586132 19.796100594103336 2.6
      vertex -23.043277196586132 19.796100594103336 0
    endloop
  endfacet
  facet normal -0.8968727426043884 0.4422886880458085 7.236732185076335e-17
    outer loop
      vertex -23.043277196586132 19.796100594103336 0
      vertex -22.983507368590264 19.917301816310708 2.410596026490066
      vertex -22.696152426302433 20.5 0
    endloop
  endfacet
  facet normal -0.8314696090452178 0.555570237894537 0
    outer loop
      vertex -22.696152426302433 20.5 0
      vertex -22.260120041668415 21.152568571269512 1.5
      vertex -22.260120041668415 21.152568571269512 0
    endloop
  endfacet
  facet normal -0.6593458107222281 0.7518398113182407 0
    outer loop
      vertex -21.74264068901539 21.74264068901539 0
      vertex -21.152568571269512 22.260120041668415 2.6
      vertex -21.152568571269512 22.260120041668415 0
    endloop
  endfacet
  facet normal -0.555570237894537 0.8314696090452178 0
    outer loop
      vertex -21.152568571269512 22.260120041668415 0
      vertex -20.5 22.696152426302433 1.5
      vertex -20.5 22.696152426302433 0
    endloop
  endfacet
  facet normal -0.44228868804580856 0.8968727426043884 0
    outer loop
      vertex -20.5 22.696152426302433 0
      vertex -19.796100594103336 23.043277196586132 1.5
      vertex -19.796100594103336 23.043277196586132 0
    endloop
  endfacet
  facet normal -0.3214394637077385 0.9469301300366789 0
    outer loop
      vertex -19.796100594103336 23.043277196586132 0
      vertex -19.796100594103336 23.043277196586132 1.5
      vertex -19.052914269268513 23.2955549582839 0
    endloop
  endfacet
  facet normal 0 0 -1
    outer loop
      vertex -19.052914269268513 23.2955549582839 0
      vertex -18.283157154917717 23.44866916537285 0
      vertex -17.5 23.5 0
    endloop
  endfacet
  facet normal -0.1950903185427412 0.98078528109413 0
    outer loop
      vertex -19.052914269268513 23.2955549582839 0
      vertex -18.283157154917717 23.44866916537285 1.5
      vertex -18.283157154917717 23.44866916537285 0
    endloop
  endfacet
  facet normal -0.06540313273849395 0.9978589230086541 0
    outer loop
      vertex -18.283157154917717 23.44866916537285 0
      vertex -18.283157154917717 23.44866916537285 1.5
      vertex -17.5 23.5 0
    endloop
  endfacet
  facet normal -0.8968727426043878 0.44228868804580973 0
    outer loop
      vertex -23.043277196586132 19.796100594103336 0
      vertex -23.043277196586132 19.796100594103336 2.6
      vertex -22.983507368590264 19.917301816310708 2.410596026490066
    endloop
  endfacet
  facet normal -0.8968727426043932 0.4422886880457986 -2.8850548835365874e-15
    outer loop
      vertex -22.696152426302433 20.5 0
      vertex -22.983507368590264 19.917301816310708 2.410596026490066
      vertex -22.97881116781916 19.926824769484146 2.6
    endloop
  endfacet
  facet normal -0.8314696090452175 0.5555702378945377 -5.054603756238281e-16
    outer loop
      vertex -22.696152426302433 20.5 0
      vertex -22.621074002458165 20.612362800351043 2.410596026490066
      vertex -22.260120041668415 21.152568571269512 1.5
    endloop
  endfacet
  facet normal -0.555570237894537 0.8314696090452179 0
    outer loop
      vertex -21.152568571269512 22.260120041668415 0
      vertex -21.152568571269512 22.260120041668415 2.6
      vertex -20.5 22.696152426302433 1.5
    endloop
  endfacet
  facet normal -0.3214394637077385 0.9469301300366789 0
    outer loop
      vertex -19.052914269268513 23.2955549582839 0
      vertex -19.796100594103336 23.043277196586132 1.5
      vertex -19.052914269268513 23.2955549582839 1.5
    endloop
  endfacet
  facet normal -0.4422886880458085 0.8968727426043884 0
    outer loop
      vertex -20.5 22.696152426302433 0
      vertex -19.796100594103336 23.043277196586132 2.6
      vertex -19.796100594103336 23.043277196586132 1.5
    endloop
  endfacet
  facet normal -0.06540313273849395 0.9978589230086541 0
    outer loop
      vertex -18.283157154917717 23.44866916537285 1.5
      vertex -17.5 23.5 1.5
      vertex -17.5 23.5 0
    endloop
  endfacet
  facet normal -0.19509031854274123 0.9807852810941301 0
    outer loop
      vertex -19.052914269268513 23.2955549582839 0
      vertex -18.283157154917717 23.44866916537285 2.6
      vertex -18.283157154917717 23.44866916537285 1.5
    endloop
  endfacet
  facet normal -0.997858923008654 0.06540313273849395 0
    outer loop
      vertex -23.5 17.5 0
      vertex -23.44866916537285 18.283157154917717 14
      vertex -23.44866916537285 18.283157154917717 0
    endloop
  endfacet
  facet normal -0.9807852810941301 0.19509031854274123 0
    outer loop
      vertex -23.44866916537285 18.283157154917717 0
      vertex -23.2955549582839 19.052914269268513 14
      vertex -23.2955549582839 19.052914269268513 0
    endloop
  endfacet
  facet normal -0.9978589230086541 0.06540313273849395 0
    outer loop
      vertex -23.5 17.5 0
      vertex -23.5 17.5 1.5
      vertex -23.44866916537285 18.283157154917717 14
    endloop
  endfacet
  facet normal -0.9469301300366789 0.3214394637077385 0
    outer loop
      vertex -23.2955549582839 19.052914269268513 0
      vertex -23.043277196586132 19.796100594103336 14
      vertex -23.043277196586132 19.796100594103336 2.6
    endloop
  endfacet
  facet normal -0.896872742604388 0.44228868804580923 0
    outer loop
      vertex -22.696152426302433 20.5 0
      vertex -22.97881116781916 19.926824769484146 2.6
      vertex -22.696152426302433 20.5 14
    endloop
  endfacet
  facet normal -0.8314696090452224 0.5555702378945303 0
    outer loop
      vertex -22.696152426302433 20.5 0
      vertex -22.696152426302433 20.5 14
      vertex -22.621074002458165 20.612362800351043 2.410596026490066
    endloop
  endfacet
  facet normal -0.8968727426043899 0.4422886880458055 0
    outer loop
      vertex -23.043277196586132 19.796100594103336 2.6
      vertex -23.043277196586132 19.796100594103336 14
      vertex -22.97881116781916 19.926824769484146 2.6
    endloop
  endfacet
  facet normal -0.7518398113182407 0.6593458107222281 0
    outer loop
      vertex -22.260120041668415 21.152568571269512 0
      vertex -22.260120041668415 21.152568571269512 1.5
      vertex -21.74264068901539 21.74264068901539 14
    endloop
  endfacet
  facet normal -0.7518398113182407 0.6593458107222281 0
    outer loop
      vertex -22.260120041668415 21.152568571269512 0
      vertex -21.74264068901539 21.74264068901539 14
      vertex -21.74264068901539 21.74264068901539 0
    endloop
  endfacet
  facet normal -0.6593458107222281 0.7518398113182406 0
    outer loop
      vertex -21.74264068901539 21.74264068901539 0
      vertex -21.152568571269512 22.260120041668415 14
      vertex -21.152568571269512 22.260120041668415 2.6
    endloop
  endfacet
  facet normal -0.8314696090451754 0.5555702378946005 9.854274304042488e-16
    outer loop
      vertex -22.621074002458165 20.612362800351043 2.410596026490066
      vertex -22.696152426302433 20.5 14
      vertex -22.61517498344183 20.62119130609291 2.6
    endloop
  endfacet
  facet normal -0.8314696090452178 0.5555702378945371 1.711263703755563e-18
    outer loop
      vertex -22.61517498344183 20.62119130609291 2.6
      vertex -22.260120041668415 21.152568571269512 14
      vertex -22.260120041668415 21.152568571269512 2.6
    endloop
  endfacet
  facet normal -0.7518398113182407 0.6593458107222282 0
    outer loop
      vertex -22.260120041668415 21.152568571269512 1.5
      vertex -22.260120041668415 21.152568571269512 2.6
      vertex -21.74264068901539 21.74264068901539 14
    endloop
  endfacet
  facet normal -0.555570237894537 0.8314696090452179 0
    outer loop
      vertex -21.152568571269512 22.260120041668415 2.6
      vertex -21.152568571269512 22.260120041668415 14
      vertex -20.5 22.696152426302433 2.6
    endloop
  endfacet
  facet normal -0.44228868804580856 0.8968727426043884 0
    outer loop
      vertex -20.5 22.696152426302433 0
      vertex -20.5 22.696152426302433 1.5
      vertex -19.796100594103336 23.043277196586132 14
    endloop
  endfacet
  facet normal -0.44228868804580856 0.8968727426043883 0
    outer loop
      vertex -20.5 22.696152426302433 0
      vertex -19.796100594103336 23.043277196586132 14
      vertex -19.796100594103336 23.043277196586132 2.6
    endloop
  endfacet
  facet normal -0.1950903185427412 0.98078528109413 0
    outer loop
      vertex -19.052914269268513 23.2955549582839 0
      vertex -19.052914269268513 23.2955549582839 1.5
      vertex -18.283157154917717 23.44866916537285 14
    endloop
  endfacet
  facet normal -0.19509031854274123 0.9807852810941302 0
    outer loop
      vertex -19.052914269268513 23.2955549582839 0
      vertex -18.283157154917717 23.44866916537285 14
      vertex -18.283157154917717 23.44866916537285 2.6
    endloop
  endfacet
  facet normal -0.44228868804580856 0.8968727426043883 0
    outer loop
      vertex -20.5 22.696152426302433 1.5
      vertex -20.5 22.696152426302433 2.6
      vertex -19.796100594103336 23.043277196586132 14
    endloop
  endfacet
  facet normal -0.3214394637077385 0.9469301300366789 0
    outer loop
      vertex -19.796100594103336 23.043277196586132 2.6
      vertex -19.796100594103336 23.043277196586132 14
      vertex -19.052914269268513 23.2955549582839 2.6
    endloop
  endfacet
  facet normal -0.19509031854274123 0.9807852810941301 0
    outer loop
      vertex -19.052914269268513 23.2955549582839 1.5
      vertex -19.052914269268513 23.2955549582839 2.6
      vertex -18.283157154917717 23.44866916537285 14
    endloop
  endfacet
  facet normal -0.06540313273849394 0.997858923008654 0
    outer loop
      vertex -18.283157154917717 23.44866916537285 2.6
      vertex -18.283157154917717 23.44866916537285 14
      vertex -17.5 23.5 2.6
    endloop
  endfacet
  facet normal 0 0 -1
    outer loop
      vertex -7.526704654097557 7.987062491476536 0
      vertex 4.480715699493885 2.0258860662579536 0
      vertex 0.46698248386383057 -1.2205963879823685 0
    endloop
  endfacet
  facet normal 0 0 -1
    outer loop
      vertex -7.526704654097557 7.987062491476536 0
      vertex 3.6485213711857796 3.790390521287918 0
      vertex 3.847912162542343 3.1674938648939133 0
    endloop
  endfacet
  facet normal 0 0 -1
    outer loop
      vertex -7.526704654097557 7.987062491476536 0
      vertex 3.532140724360943 4.43398392945528 0
      vertex 3.6485213711857796 3.790390521287918 0
    endloop
  endfacet
  facet normal 0 0 -1
    outer loop
      vertex -7.526704654097557 7.987062491476536 0
      vertex 3.5007615238428116 5.087262034416199 0
      vertex 3.532140724360943 4.43398392945528 0
    endloop
  endfacet
  facet normal 0 0 -1
    outer loop
      vertex -8.221685610711575 8.345001198351383 0
      vertex 5.026708148419857 8.596698999404907 0
      vertex -8.066246829926968 8.311252132058144 0
    endloop
  endfacet
  facet normal 0 0 -1
    outer loop
      vertex -7.644444055855274 8.094009429216385 0
      vertex 4.586959213018417 8.112573184072971 0
      vertex -7.526704654097557 7.987062491476536 0
    endloop
  endfacet
  facet normal 0 0 -1
    outer loop
      vertex -8.066246829926968 8.311252132058144 0
      vertex 5.026708148419857 8.596698999404907 0
      vertex -7.916542984545231 8.25750295817852 0
    endloop
  endfacet
  facet normal 0 0 -1
    outer loop
      vertex -7.916542984545231 8.25750295817852 0
      vertex 5.026708148419857 8.596698999404907 0
      vertex -7.775135554373264 8.184673346579075 0
    endloop
  endfacet
  facet normal 0 0 -1
    outer loop
      vertex -7.775135554373264 8.184673346579075 0
      vertex 5.026708148419857 8.596698999404907 0
      vertex -7.644444055855274 8.094009429216385 0
    endloop
  endfacet
  facet normal 0 0 -1
    outer loop
      vertex -7.526704654097557 7.987062491476536 0
      vertex 3.554920680820942 5.739047057926655 0
      vertex 3.5007615238428116 5.087262034416199 0
    endloop
  endfacet
  facet normal 0 0 -1
    outer loop
      vertex -7.526704654097557 7.987062491476536 0
      vertex 3.693691521883011 6.3781867772340775 0
      vertex 3.554920680820942 5.739047057926655 0
    endloop
  endfacet
  facet normal 0 0 -1
    outer loop
      vertex -23.5 17.5 0
      vertex 10.493918843567371 14.467142529785633 0
      vertex -8.221685610711575 8.345001198351383 0
    endloop
  endfacet
  facet normal 0 0 -1
    outer loop
      vertex -23.5 17.5 0
      vertex -23.44866916537285 18.283157154917717 0
      vertex 23.043277196586132 19.796100594103336 0
    endloop
  endfacet
  facet normal 0 0 -1
    outer loop
      vertex -23.44866916537285 18.283157154917717 0
      vertex -23.2955549582839 19.052914269268513 0
      vertex 22.696152426302433 20.5 0
    endloop
  endfacet
  facet normal 0 0 -1
    outer loop
      vertex -23.2955549582839 19.052914269268513 0
      vertex -23.043277196586132 19.796100594103336 0
      vertex 22.260120041668415 21.152568571269512 0
    endloop
  endfacet
  facet normal 0 0 -1
    outer loop
      vertex -23.043277196586132 19.796100594103336 0
      vertex -22.696152426302433 20.5 0
      vertex 21.74264068901539 21.74264068901539 0
    endloop
  endfacet
  facet normal 0 0 -1
    outer loop
      vertex -22.696152426302433 20.5 0
      vertex -22.260120041668415 21.152568571269512 0
      vertex 21.152568571269512 22.260120041668415 0
    endloop
  endfacet
  facet normal 0 0 -1
    outer loop
      vertex -22.260120041668415 21.152568571269512 0
      vertex -21.74264068901539 21.74264068901539 0
      vertex 20.5 22.696152426302433 0
    endloop
  endfacet
  facet normal 0 0 -1
    outer loop
      vertex -21.74264068901539 21.74264068901539 0
      vertex -21.152568571269512 22.260120041668415 0
      vertex 19.796100594103336 23.043277196586132 0
    endloop
  endfacet
  facet normal 0 0 -1
    outer loop
      vertex -21.152568571269512 22.260120041668415 0
      vertex -20.5 22.696152426302433 0
      vertex 19.052914269268513 23.2955549582839 0
    endloop
  endfacet
  facet normal 0 0 -1
    outer loop
      vertex -20.5 22.696152426302433 0
      vertex -19.796100594103336 23.043277196586132 0
      vertex 18.283157154917717 23.44866916537285 0
    endloop
  endfacet
  facet normal 0 0 -1
    outer loop
      vertex -19.796100594103336 23.043277196586132 0
      vertex -19.052914269268513 23.2955549582839 0
      vertex 17.5 23.5 0
    endloop
  endfacet
  facet normal 0 0 -1
    outer loop
      vertex -19.052914269268513 23.2955549582839 0
      vertex -17.5 23.5 0
      vertex 17.5 23.5 0
    endloop
  endfacet
  facet normal 0 0 -1
    outer loop
      vertex -23.5 17.5 0
      vertex 10.573787309229374 14.534756176173687 0
      vertex 10.493918843567371 14.467142529785633 0
    endloop
  endfacet
  facet normal 0 0 -1
    outer loop
      vertex -23.5 17.5 0
      vertex 10.6617978438735 14.591366454958916 0
      vertex 10.573787309229374 14.534756176173687 0
    endloop
  endfacet
  facet normal 0 0 -1
    outer loop
      vertex -23.5 17.5 0
      vertex 10.756444558501244 14.636004738509655 0
      vertex 10.6617978438735 14.591366454958916 0
    endloop
  endfacet
  facet normal 0 1 0
    outer loop
      vertex -17.5 23.5 0
      vertex -17.5 23.5 1.5
      vertex 17.5 23.5 0
    endloop
  endfacet
  facet normal 0 1 0
    outer loop
      vertex -17.5 23.5 1.5
      vertex -17.5 23.5 2.6
      vertex 17.5 23.5 14
    endloop
  endfacet
  facet normal 0 0 1
    outer loop
      vertex -23.5 -17.5 14
      vertex -21.899999998509884 17.5 14
      vertex -23.5 17.5 14
    endloop
  endfacet
  facet normal -0.9807852810941301 0.19509031854274123 0
    outer loop
      vertex -23.44866916537285 18.283157154917717 0
      vertex -23.44866916537285 18.283157154917717 14
      vertex -23.2955549582839 19.052914269268513 14
    endloop
  endfacet
  facet normal -0.997858923008654 0.06540313273849394 0
    outer loop
      vertex -23.5 17.5 1.5
      vertex -23.5 17.5 14
      vertex -23.44866916537285 18.283157154917717 14
    endloop
  endfacet
  facet normal -0.9469301300366788 0.32143946370773846 0
    outer loop
      vertex -23.2955549582839 19.052914269268513 0
      vertex -23.2955549582839 19.052914269268513 14
      vertex -23.043277196586132 19.796100594103336 14
    endloop
  endfacet
  facet normal -0.8968727426043883 0.4422886880458086 4.370381250550545e-17
    outer loop
      vertex -22.97881116781916 19.926824769484146 2.6
      vertex -23.043277196586132 19.796100594103336 14
      vertex -22.696152426302433 20.5 14
    endloop
  endfacet
  facet normal -0.8314696090452179 0.555570237894537 7.397995317383907e-18
    outer loop
      vertex -22.61517498344183 20.62119130609291 2.6
      vertex -22.696152426302433 20.5 14
      vertex -22.260120041668415 21.152568571269512 14
    endloop
  endfacet
  facet normal -0.7518398113182406 0.6593458107222281 0
    outer loop
      vertex -22.260120041668415 21.152568571269512 2.6
      vertex -22.260120041668415 21.152568571269512 14
      vertex -21.74264068901539 21.74264068901539 14
    endloop
  endfacet
  facet normal -0.6593458107222281 0.7518398113182407 0
    outer loop
      vertex -21.74264068901539 21.74264068901539 0
      vertex -21.74264068901539 21.74264068901539 14
      vertex -21.152568571269512 22.260120041668415 14
    endloop
  endfacet
  facet normal -0.555570237894537 0.8314696090452179 0
    outer loop
      vertex -20.5 22.696152426302433 2.6
      vertex -21.152568571269512 22.260120041668415 14
      vertex -20.5 22.696152426302433 14
    endloop
  endfacet
  facet normal -0.4422886880458085 0.8968727426043884 0
    outer loop
      vertex -20.5 22.696152426302433 2.6
      vertex -20.5 22.696152426302433 14
      vertex -19.796100594103336 23.043277196586132 14
    endloop
  endfacet
  facet normal -0.3214394637077385 0.9469301300366789 0
    outer loop
      vertex -19.052914269268513 23.2955549582839 2.6
      vertex -19.796100594103336 23.043277196586132 14
      vertex -19.052914269268513 23.2955549582839 14
    endloop
  endfacet
  facet normal -0.19509031854274123 0.9807852810941302 0
    outer loop
      vertex -19.052914269268513 23.2955549582839 2.6
      vertex -19.052914269268513 23.2955549582839 14
      vertex -18.283157154917717 23.44866916537285 14
    endloop
  endfacet
  facet normal -0.06540313273849394 0.997858923008654 0
    outer loop
      vertex -17.5 23.5 2.6
      vertex -18.283157154917717 23.44866916537285 14
      vertex -17.5 23.5 14
    endloop
  endfacet
  facet normal 0 0 1
    outer loop
      vertex -23.5 17.5 14
      vertex -21.862357392907143 18.07431524246931 14
      vertex -23.44866916537285 18.283157154917717 14
    endloop
  endfacet
  facet normal 0 0 1
    outer loop
      vertex -23.44866916537285 18.283157154917717 14
      vertex -21.75007363408804 18.63880379498005 14
      vertex -23.2955549582839 19.052914269268513 14
    endloop
  endfacet
  facet normal 0 0 1
    outer loop
      vertex -23.5 17.5 14
      vertex -21.899999998509884 17.5 14
      vertex -21.862357392907143 18.07431524246931 14
    endloop
  endfacet
  facet normal 0 0 1
    outer loop
      vertex -23.44866916537285 18.283157154917717 14
      vertex -21.862357392907143 18.07431524246931 14
      vertex -21.75007363408804 18.63880379498005 14
    endloop
  endfacet
  facet normal 0 0 1
    outer loop
      vertex -23.2955549582839 19.052914269268513 14
      vertex -21.75007363408804 18.63880379498005 14
      vertex -21.565069943666458 19.183807104825974 14
    endloop
  endfacet
  facet normal 0 0 1
    outer loop
      vertex -23.2955549582839 19.052914269268513 14
      vertex -21.565069943666458 19.183807104825974 14
      vertex -23.043277196586132 19.796100594103336 14
    endloop
  endfacet
  facet normal 0 0 1
    outer loop
      vertex -23.043277196586132 19.796100594103336 14
      vertex -20.990754693746567 20.17855028808117 14
      vertex -22.696152426302433 20.5 14
    endloop
  endfacet
  facet normal 0 0 1
    outer loop
      vertex -23.043277196586132 19.796100594103336 14
      vertex -21.565069943666458 19.183807104825974 14
      vertex -21.310511775314808 19.700000002980232 14
    endloop
  endfacet
  facet normal 0 0 1
    outer loop
      vertex -23.043277196586132 19.796100594103336 14
      vertex -21.310511775314808 19.700000002980232 14
      vertex -20.990754693746567 20.17855028808117 14
    endloop
  endfacet
  facet normal 0 0 1
    outer loop
      vertex -22.696152426302433 20.5 14
      vertex -20.990754693746567 20.17855028808117 14
      vertex -20.61126983910799 20.61126983910799 14
    endloop
  endfacet
  facet normal 0 0 1
    outer loop
      vertex -22.696152426302433 20.5 14
      vertex -20.61126983910799 20.61126983910799 14
      vertex -22.260120041668415 21.152568571269512 14
    endloop
  endfacet
  facet normal 0 0 1
    outer loop
      vertex -22.260120041668415 21.152568571269512 14
      vertex -20.61126983910799 20.61126983910799 14
      vertex -20.17855028808117 20.990754693746567 14
    endloop
  endfacet
  facet normal 0 0 1
    outer loop
      vertex -22.260120041668415 21.152568571269512 14
      vertex -20.17855028808117 20.990754693746567 14
      vertex -19.700000002980232 21.310511775314808 14
    endloop
  endfacet
  facet normal 0 0 1
    outer loop
      vertex -22.260120041668415 21.152568571269512 14
      vertex -19.700000002980232 21.310511775314808 14
      vertex -21.74264068901539 21.74264068901539 14
    endloop
  endfacet
  facet normal 0 0 1
    outer loop
      vertex -21.74264068901539 21.74264068901539 14
      vertex -19.700000002980232 21.310511775314808 14
      vertex -19.183807104825974 21.565069943666458 14
    endloop
  endfacet
  facet normal 0 0 1
    outer loop
      vertex -21.74264068901539 21.74264068901539 14
      vertex -18.07431524246931 21.862357392907143 14
      vertex -21.152568571269512 22.260120041668415 14
    endloop
  endfacet
  facet normal 0 0 1
    outer loop
      vertex -21.74264068901539 21.74264068901539 14
      vertex -19.183807104825974 21.565069943666458 14
      vertex -18.63880379498005 21.75007363408804 14
    endloop
  endfacet
  facet normal 0 0 1
    outer loop
      vertex -21.74264068901539 21.74264068901539 14
      vertex -18.63880379498005 21.75007363408804 14
      vertex -18.07431524246931 21.862357392907143 14
    endloop
  endfacet
  facet normal 0 0 1
    outer loop
      vertex -21.152568571269512 22.260120041668415 14
      vertex -18.07431524246931 21.862357392907143 14
      vertex -17.5 21.899999998509884 14
    endloop
  endfacet
  facet normal 0 0 1
    outer loop
      vertex -19.052914269268513 23.2955549582839 14
      vertex -17.5 23.5 14
      vertex -18.283157154917717 23.44866916537285 14
    endloop
  endfacet
  facet normal 0 1 0
    outer loop
      vertex -17.5 23.5 2.6
      vertex -17.5 23.5 14
      vertex 17.5 23.5 14
    endloop
  endfacet
  facet normal 0 0 1
    outer loop
      vertex -21.152568571269512 22.260120041668415 14
      vertex 19.052914269268513 23.2955549582839 14
      vertex -20.5 22.696152426302433 14
    endloop
  endfacet
  facet normal 0 0 1
    outer loop
      vertex -21.152568571269512 22.260120041668415 14
      vertex -17.5 21.899999998509884 14
      vertex 17.5 21.899999998509884 14
    endloop
  endfacet
  facet normal 0 0 1
    outer loop
      vertex -20.5 22.696152426302433 14
      vertex 18.283157154917717 23.44866916537285 14
      vertex -19.796100594103336 23.043277196586132 14
    endloop
  endfacet
  facet normal 0 0 1
    outer loop
      vertex -19.796100594103336 23.043277196586132 14
      vertex 17.5 23.5 14
      vertex -19.052914269268513 23.2955549582839 14
    endloop
  endfacet
  facet normal 0 0 1
    outer loop
      vertex -19.052914269268513 23.2955549582839 14
      vertex 17.5 23.5 14
      vertex -17.5 23.5 14
    endloop
  endfacet
  facet normal 0 -1 0
    outer loop
      vertex -17.5 -23.5 0
      vertex 17.5 -23.5 0
      vertex 17.5 -23.5 1.5
    endloop
  endfacet
  facet normal 0 -1 0
    outer loop
      vertex -17.5 -23.5 1.5
      vertex 17.5 -23.5 1.5
      vertex 17.5 -23.5 2.6
    endloop
  endfacet
  facet normal 0 0 -1
    outer loop
      vertex -3.161393590271473 -13.874247521162033 0
      vertex 8.972075089812279 -12.69987815618515 0
      vertex -4.139655575156212 -14.051146104931831 0
    endloop
  endfacet
  facet normal 0 0 -1
    outer loop
      vertex -2.2145906761288643 -13.571173518896103 0
      vertex 8.972075089812279 -12.69987815618515 0
      vertex -3.161393590271473 -13.874247521162033 0
    endloop
  endfacet
  facet normal 0 0 -1
    outer loop
      vertex -1.3154468834400177 -13.147109776735306 0
      vertex 8.144837193191051 -12.583617448806763 0
      vertex -2.2145906761288643 -13.571173518896103 0
    endloop
  endfacet
  facet normal 0 0 -1
    outer loop
      vertex -0.4793468192219734 -12.609312139451504 0
      vertex 7.749660387635231 -12.445615530014038 0
      vertex -1.3154468834400177 -13.147109776735306 0
    endloop
  endfacet
  facet normal 0 0 -1
    outer loop
      vertex 0.27940361201763153 -11.96698248386383 0
      vertex 7.375877238810062 -12.257213316857815 0
      vertex -0.4793468192219734 -12.609312139451504 0
    endloop
  endfacet
  facet normal 0 0 -1
    outer loop
      vertex 23.5 -17.5 0
      vertex -5.132638290524483 -14.098842486739159 0
      vertex -4.139655575156212 -14.051146104931831 0
    endloop
  endfacet
  facet normal 0 0 -1
    outer loop
      vertex -2.2145906761288643 -13.571173518896103 0
      vertex 8.144837193191051 -12.583617448806763 0
      vertex 8.554646074771881 -12.66885782033205 0
    endloop
  endfacet
  facet normal 0 0 -1
    outer loop
      vertex -2.2145906761288643 -13.571173518896103 0
      vertex 8.554646074771881 -12.66885782033205 0
      vertex 8.972075089812279 -12.69987815618515 0
    endloop
  endfacet
  facet normal 0 0 -1
    outer loop
      vertex -1.3154468834400177 -13.147109776735306 0
      vertex 7.749660387635231 -12.445615530014038 0
      vertex 8.144837193191051 -12.583617448806763 0
    endloop
  endfacet
  facet normal 0 0 -1
    outer loop
      vertex 0.27940361201763153 -11.96698248386383 0
      vertex 6.71759856492281 -11.742909647524357 0
      vertex 7.0298832803964615 -12.02163441479206 0
    endloop
  endfacet
  facet normal 0 0 -1
    outer loop
      vertex -0.4793468192219734 -12.609312139451504 0
      vertex 7.375877238810062 -12.257213316857815 0
      vertex 7.749660387635231 -12.445615530014038 0
    endloop
  endfacet
  facet normal 0 0 -1
    outer loop
      vertex 0.27940361201763153 -11.96698248386383 0
      vertex 7.0298832803964615 -12.02163441479206 0
      vertex 7.375877238810062 -12.257213316857815 0
    endloop
  endfacet
  facet normal 0 0 -1
    outer loop
      vertex -17.5 -23.5 0
      vertex 19.052914269268513 -23.2955549582839 0
      vertex 17.5 -23.5 0
    endloop
  endfacet
  facet normal 0 0 -1
    outer loop
      vertex -17.5 -23.5 0
      vertex 19.796100594103336 -23.043277196586132 0
      vertex 19.052914269268513 -23.2955549582839 0
    endloop
  endfacet
  facet normal 0 0 -1
    outer loop
      vertex -18.283157154917717 -23.44866916537285 0
      vertex 20.5 -22.696152426302433 0
      vertex 19.796100594103336 -23.043277196586132 0
    endloop
  endfacet
  facet normal 0 0 -1
    outer loop
      vertex -19.052914269268513 -23.2955549582839 0
      vertex 21.152568571269512 -22.260120041668415 0
      vertex 20.5 -22.696152426302433 0
    endloop
  endfacet
  facet normal 0 0 -1
    outer loop
      vertex -19.796100594103336 -23.043277196586132 0
      vertex 21.74264068901539 -21.74264068901539 0
      vertex 21.152568571269512 -22.260120041668415 0
    endloop
  endfacet
  facet normal 0 0 -1
    outer loop
      vertex -20.5 -22.696152426302433 0
      vertex 22.260120041668415 -21.152568571269512 0
      vertex 21.74264068901539 -21.74264068901539 0
    endloop
  endfacet
  facet normal 0 0 -1
    outer loop
      vertex -21.152568571269512 -22.260120041668415 0
      vertex 22.696152426302433 -20.5 0
      vertex 22.260120041668415 -21.152568571269512 0
    endloop
  endfacet
  facet normal 0 0 -1
    outer loop
      vertex -21.74264068901539 -21.74264068901539 0
      vertex 23.043277196586132 -19.796100594103336 0
      vertex 22.696152426302433 -20.5 0
    endloop
  endfacet
  facet normal 0 0 -1
    outer loop
      vertex -22.260120041668415 -21.152568571269512 0
      vertex 23.2955549582839 -19.052914269268513 0
      vertex 23.043277196586132 -19.796100594103336 0
    endloop
  endfacet
  facet normal 0 0 -1
    outer loop
      vertex -22.696152426302433 -20.5 0
      vertex 23.44866916537285 -18.283157154917717 0
      vertex 23.2955549582839 -19.052914269268513 0
    endloop
  endfacet
  facet normal 0 0 -1
    outer loop
      vertex -23.043277196586132 -19.796100594103336 0
      vertex 23.5 -17.5 0
      vertex 23.44866916537285 -18.283157154917717 0
    endloop
  endfacet
  facet normal 0 0 -1
    outer loop
      vertex 23.5 -17.5 0
      vertex -4.139655575156212 -14.051146104931831 0
      vertex 8.972075089812279 -12.69987815618515 0
    endloop
  endfacet
  facet normal 0 -1 0
    outer loop
      vertex -17.5 -23.5 1.5
      vertex 17.5 -23.5 2.6
      vertex 17.5 -23.5 14
    endloop
  endfacet
  facet normal 0 0 -1
    outer loop
      vertex 0.27940361201763153 -11.96698248386383 0
      vertex 0.9478219896554947 -11.231111235916615 0
      vertex 6.71759856492281 -11.742909647524357 0
    endloop
  endfacet
  facet normal 0 0 -1
    outer loop
      vertex 6.71759856492281 -11.742909647524357 0
      vertex 0.9478219896554947 -11.231111235916615 0
      vertex 1.514471486210823 -10.414289370179176 0
    endloop
  endfacet
  facet normal 0 0 -1
    outer loop
      vertex 6.71759856492281 -11.742909647524357 0
      vertex 1.514471486210823 -10.414289370179176 0
      vertex 1.969656564295292 -9.530492924153805 0
    endloop
  endfacet
  facet normal 0 0 -1
    outer loop
      vertex 6.214861772954464 -11.075755394995213 0
      vertex 1.969656564295292 -9.530492924153805 0
      vertex 2.305588886141777 -8.594843901693821 0
    endloop
  endfacet
  facet normal 0 0 -1
    outer loop
      vertex 1.969656564295292 -9.530492924153805 0
      vertex 6.214861772954464 -11.075755394995213 0
      vertex 6.444366365671158 -11.425808072090149 0
    endloop
  endfacet
  facet normal 0 0 -1
    outer loop
      vertex 1.969656564295292 -9.530492924153805 0
      vertex 6.444366365671158 -11.425808072090149 0
      vertex 6.71759856492281 -11.742909647524357 0
    endloop
  endfacet
  facet normal 0 0 -1
    outer loop
      vertex 2.305588886141777 -8.594843901693821 0
      vertex 5.901927553117275 -10.301216013729572 0
      vertex 6.033011667430401 -10.698741100728512 0
    endloop
  endfacet
  facet normal 0 0 -1
    outer loop
      vertex 2.305588886141777 -8.594843901693821 0
      vertex 5.823852315545082 -9.889981895685196 0
      vertex 5.901927553117275 -10.301216013729572 0
    endloop
  endfacet
  facet normal 0 0 -1
    outer loop
      vertex 2.305588886141777 -8.594843901693821 0
      vertex 6.033011667430401 -10.698741100728512 0
      vertex 6.214861772954464 -11.075755394995213 0
    endloop
  endfacet
  facet normal 0 0 -1
    outer loop
      vertex 5.823852315545082 -9.889981895685196 0
      vertex 2.305588886141777 -8.594843901693821 0
      vertex 5.80012184381485 -9.472075089812279 0
    endloop
  endfacet
  facet normal 0 0 -1
    outer loop
      vertex 2.5165205597877502 -7.623351521790028 0
      vertex 5.80012184381485 -9.472075089812279 0
      vertex 2.305588886141777 -8.594843901693821 0
    endloop
  endfacet
  facet normal 0 0 -1
    outer loop
      vertex 2.5988424867391586 -6.632638290524483 0
      vertex 5.916382551193237 -8.644837193191051 0
      vertex 2.5165205597877502 -7.623351521790028 0
    endloop
  endfacet
  facet normal 0 0 -1
    outer loop
      vertex 6.242786683142185 -7.875877238810062 0
      vertex 2.5988424867391586 -6.632638290524483 0
      vertex 2.5511461049318314 -5.639655575156212 0
    endloop
  endfacet
  facet normal 0 0 -1
    outer loop
      vertex 2.374247521162033 -4.661393590271473 0
      vertex 6.478365585207939 -7.5298832803964615 0
      vertex 2.5511461049318314 -5.639655575156212 0
    endloop
  endfacet
  facet normal 0 0 -1
    outer loop
      vertex 2.5165205597877502 -7.623351521790028 0
      vertex 5.83114217966795 -9.054646074771881 0
      vertex 5.80012184381485 -9.472075089812279 0
    endloop
  endfacet
  facet normal 0 0 -1
    outer loop
      vertex 5.83114217966795 -9.054646074771881 0
      vertex 2.5165205597877502 -7.623351521790028 0
      vertex 5.916382551193237 -8.644837193191051 0
    endloop
  endfacet
  facet normal 0 0 -1
    outer loop
      vertex 5.916382551193237 -8.644837193191051 0
      vertex 2.5988424867391586 -6.632638290524483 0
      vertex 6.054384469985962 -8.249660387635231 0
    endloop
  endfacet
  facet normal 0 0 -1
    outer loop
      vertex 6.054384469985962 -8.249660387635231 0
      vertex 2.5988424867391586 -6.632638290524483 0
      vertex 6.242786683142185 -7.875877238810062 0
    endloop
  endfacet
  facet normal 0 0 -1
    outer loop
      vertex 6.242786683142185 -7.875877238810062 0
      vertex 2.5511461049318314 -5.639655575156212 0
      vertex 6.478365585207939 -7.5298832803964615 0
    endloop
  endfacet
  facet normal 0 0 -1
    outer loop
      vertex 0.46698248386383057 -1.2205963879823685 0
      vertex 4.903301000595093 1.526708148419857 0
      vertex 1.1093121394515038 -1.9793468192219734 0
    endloop
  endfacet
  facet normal 0 0 -1
    outer loop
      vertex 5.924809627234936 0.7141634970903397 0
      vertex 1.6471097767353058 -2.8154468834400177 0
      vertex 1.1093121394515038 -1.9793468192219734 0
    endloop
  endfacet
  facet normal 0 0 -1
    outer loop
      vertex 2.071173518896103 -3.7145906761288643 0
      vertex 6.478365585207939 -7.5298832803964615 0
      vertex 2.374247521162033 -4.661393590271473 0
    endloop
  endfacet
  facet normal 0 0 -1
    outer loop
      vertex 2.071173518896103 -3.7145906761288643 0
      vertex 7.1218132227659225 0.19369152188301086 0
      vertex 6.478365585207939 -7.5298832803964615 0
    endloop
  endfacet
  facet normal 0 0 -1
    outer loop
      vertex 6.506254658102989 0.41469962894916534 0
      vertex 2.071173518896103 -3.7145906761288643 0
      vertex 1.6471097767353058 -2.8154468834400177 0
    endloop
  endfacet
  facet normal 0 0 -1
    outer loop
      vertex 1.1093121394515038 -1.9793468192219734 0
      vertex 5.387426815927029 1.0869592130184174 0
      vertex 5.924809627234936 0.7141634970903397 0
    endloop
  endfacet
  facet normal 0 0 -1
    outer loop
      vertex 1.6471097767353058 -2.8154468834400177 0
      vertex 5.924809627234936 0.7141634970903397 0
      vertex 6.506254658102989 0.41469962894916534 0
    endloop
  endfacet
  facet normal 0 0 -1
    outer loop
      vertex 2.071173518896103 -3.7145906761288643 0
      vertex 6.506254658102989 0.41469962894916534 0
      vertex 7.1218132227659225 0.19369152188301086 0
    endloop
  endfacet
  facet normal 0 0 -1
    outer loop
      vertex 6.478365585207939 -7.5298832803964615 0
      vertex 8.412737965583801 0.0007615238428115845 0
      vertex 9.420443251729012 -3.3223943561315536 0
    endloop
  endfacet
  facet normal 0 0 -1
    outer loop
      vertex 6.478365585207939 -7.5298832803964615 0
      vertex 7.1218132227659225 0.19369152188301086 0
      vertex 7.760952942073345 0.054920680820941925 0
    endloop
  endfacet
  facet normal 0 0 -1
    outer loop
      vertex 6.478365585207939 -7.5298832803964615 0
      vertex 7.760952942073345 0.054920680820941925 0
      vertex 8.412737965583801 0.0007615238428115845 0
    endloop
  endfacet
  facet normal 0 0 -1
    outer loop
      vertex 9.420443251729012 -3.3223943561315536 0
      vertex 9.06601607054472 0.03214072436094284 0
      vertex 9.46503921598196 -3.2724288031458855 0
    endloop
  endfacet
  facet normal 0 0 -1
    outer loop
      vertex 9.46503921598196 -3.2724288031458855 0
      vertex 9.06601607054472 0.03214072436094284 0
      vertex 9.515775464475155 -3.228711649775505 0
    endloop
  endfacet
  facet normal 0 0 -1
    outer loop
      vertex 9.515775464475155 -3.228711649775505 0
      vertex 9.06601607054472 0.03214072436094284 0
      vertex 9.571783892810345 -3.1919909194111824 0
    endloop
  endfacet
  facet normal 0 0 -1
    outer loop
      vertex 9.571783892810345 -3.1919909194111824 0
      vertex 9.06601607054472 0.03214072436094284 0
      vertex 9.632106184959412 -3.1628948971629143 0
    endloop
  endfacet
  facet normal 0 0 -1
    outer loop
      vertex 9.632106184959412 -3.1628948971629143 0
      vertex 9.709609478712082 0.14852137118577957 0
      vertex 9.695710197091103 -3.1419214382767677 0
    endloop
  endfacet
  facet normal 0 0 -1
    outer loop
      vertex 9.695710197091103 -3.1419214382767677 0
      vertex 9.709609478712082 0.14852137118577957 0
      vertex 9.761507652699947 -3.1294293999671936 0
    endloop
  endfacet
  facet normal 0 0 -1
    outer loop
      vertex 9.761507652699947 -3.1294293999671936 0
      vertex 9.709609478712082 0.14852137118577957 0
      vertex 9.828372746706009 -3.125632531940937 0
    endloop
  endfacet
  facet normal 0 0 -1
    outer loop
      vertex 9.828372746706009 -3.125632531940937 0
      vertex 9.709609478712082 0.14852137118577957 0
      vertex 9.895161382853985 -3.1305957809090614 0
    endloop
  endfacet
  facet normal 0 0 -1
    outer loop
      vertex 9.895161382853985 -3.1305957809090614 0
      vertex 10.332506135106087 0.34791216254234314 0
      vertex 9.96073080599308 -3.1442342400550842 0
    endloop
  endfacet
  facet normal 0 0 -1
    outer loop
      vertex 9.96073080599308 -3.1442342400550842 0
      vertex 10.332506135106087 0.34791216254234314 0
      vertex 10.023959092795849 -3.166314549744129 0
    endloop
  endfacet
  facet normal 0 0 -1
    outer loop
      vertex 10.023959092795849 -3.166314549744129 0
      vertex 10.332506135106087 0.34791216254234314 0
      vertex 10.083764396607876 -3.1964589059352875 0
    endloop
  endfacet
  facet normal 0 0 -1
    outer loop
      vertex 9.420443251729012 -3.3223943561315536 0
      vertex 8.412737965583801 0.0007615238428115845 0
      vertex 9.06601607054472 0.03214072436094284 0
    endloop
  endfacet
  facet normal 0 0 -1
    outer loop
      vertex 9.632106184959412 -3.1628948971629143 0
      vertex 9.06601607054472 0.03214072436094284 0
      vertex 9.709609478712082 0.14852137118577957 0
    endloop
  endfacet
  facet normal 0 0 -1
    outer loop
      vertex 9.895161382853985 -3.1305957809090614 0
      vertex 9.709609478712082 0.14852137118577957 0
      vertex 10.332506135106087 0.34791216254234314 0
    endloop
  endfacet
  facet normal 0 0 -1
    outer loop
      vertex 10.083764396607876 -3.1964589059352875 0
      vertex 10.924048103392124 0.6269014626741409 0
      vertex 10.139123432338238 -3.234151527285576 0
    endloop
  endfacet
  facet normal 0 0 -1
    outer loop
      vertex 10.139123432338238 -3.234151527285576 0
      vertex 10.924048103392124 0.6269014626741409 0
      vertex 10.189088985323906 -3.2787474915385246 0
    endloop
  endfacet
  facet normal 0 0 -1
    outer loop
      vertex 10.189088985323906 -3.2787474915385246 0
      vertex 10.924048103392124 0.6269014626741409 0
      vertex 10.232806138694286 -3.329483740031719 0
    endloop
  endfacet
  facet normal 0 0 -1
    outer loop
      vertex 10.26952687650919 -3.385492168366909 0
      vertex 11.474113933742046 0.980715699493885 0
      vertex 10.298622891306877 -3.445814460515976 0
    endloop
  endfacet
  facet normal 0 0 -1
    outer loop
      vertex 10.232806138694286 -3.329483740031719 0
      vertex 11.474113933742046 0.980715699493885 0
      vertex 10.26952687650919 -3.385492168366909 0
    endloop
  endfacet
  facet normal 0 0 -1
    outer loop
      vertex 10.083764396607876 -3.1964589059352875 0
      vertex 10.332506135106087 0.34791216254234314 0
      vertex 10.924048103392124 0.6269014626741409 0
    endloop
  endfacet
  facet normal 0 0 -1
    outer loop
      vertex 10.232806138694286 -3.329483740031719 0
      vertex 10.924048103392124 0.6269014626741409 0
      vertex 11.474113933742046 0.980715699493885 0
    endloop
  endfacet
  facet normal 0 0 -1
    outer loop
      vertex 23.5 -17.5 0
      vertex 8.972075089812279 -12.69987815618515 0
      vertex 9.389981895685196 -12.676147684454918 0
    endloop
  endfacet
  facet normal 0 0 -1
    outer loop
      vertex 23.5 -17.5 0
      vertex 9.389981895685196 -12.676147684454918 0
      vertex 9.801216013729572 -12.598072446882725 0
    endloop
  endfacet
  facet normal 0 0 -1
    outer loop
      vertex 23.5 -17.5 0
      vertex 9.801216013729572 -12.598072446882725 0
      vertex 10.198741100728512 -12.4669883325696 0
    endloop
  endfacet
  facet normal 0 0 -1
    outer loop
      vertex 23.5 -17.5 0
      vertex 10.198741100728512 -12.4669883325696 0
      vertex 10.575755394995213 -12.285138227045536 0
    endloop
  endfacet
  facet normal 0 0 -1
    outer loop
      vertex 23.5 -17.5 0
      vertex 10.575755394995213 -12.285138227045536 0
      vertex 10.925808072090149 -12.055633634328842 0
    endloop
  endfacet
  facet normal 0 0 -1
    outer loop
      vertex 23.5 -17.5 0
      vertex 10.925808072090149 -12.055633634328842 0
      vertex 11.242909647524357 -11.78240143507719 0
    endloop
  endfacet
  facet normal 0 0 -1
    outer loop
      vertex 23.5 -17.5 0
      vertex 11.242909647524357 -11.78240143507719 0
      vertex 11.52163441479206 -11.470116719603539 0
    endloop
  endfacet
  facet normal 0 0 -1
    outer loop
      vertex 23.5 -17.5 0
      vertex 11.52163441479206 -11.470116719603539 0
      vertex 11.757213316857815 -11.124122761189938 0
    endloop
  endfacet
  facet normal 0 0 -1
    outer loop
      vertex 23.5 -17.5 0
      vertex 11.757213316857815 -11.124122761189938 0
      vertex 11.945615530014038 -10.750339612364769 0
    endloop
  endfacet
  facet normal 0 0 -1
    outer loop
      vertex 23.5 -17.5 0
      vertex 11.945615530014038 -10.750339612364769 0
      vertex 12.083617448806763 -10.355162806808949 0
    endloop
  endfacet
  facet normal 0 0 -1
    outer loop
      vertex 23.5 -17.5 0
      vertex 12.083617448806763 -10.355162806808949 0
      vertex 12.16885782033205 -9.945353925228119 0
    endloop
  endfacet
  facet normal 0 0 -1
    outer loop
      vertex 23.5 -17.5 0
      vertex 12.16885782033205 -9.945353925228119 0
      vertex 12.19987815618515 -9.527924910187721 0
    endloop
  endfacet
  facet normal 0 0 -1
    outer loop
      vertex 23.5 -17.5 0
      vertex 12.19987815618515 -9.527924910187721 0
      vertex 12.176147684454918 -9.110018104314804 0
    endloop
  endfacet
  facet normal 0 0 -1
    outer loop
      vertex 23.5 -17.5 0
      vertex 12.176147684454918 -9.110018104314804 0
      vertex 12.098072446882725 -8.698783986270428 0
    endloop
  endfacet
  facet normal 0 0 -1
    outer loop
      vertex 17.5 -23.5 0
      vertex 19.052914269268513 -23.2955549582839 0
      vertex 18.283157154917717 -23.44866916537285 0
    endloop
  endfacet
  facet normal 0.06540313273849395 -0.9978589230086541 0
    outer loop
      vertex 17.5 -23.5 0
      vertex 18.283157154917717 -23.44866916537285 0
      vertex 18.283157154917717 -23.44866916537285 1.5
    endloop
  endfacet
  facet normal 0.1950903185427412 -0.98078528109413 0
    outer loop
      vertex 18.283157154917717 -23.44866916537285 0
      vertex 19.052914269268513 -23.2955549582839 0
      vertex 18.283157154917717 -23.44866916537285 1.5
    endloop
  endfacet
  facet normal 0.3214394637077385 -0.9469301300366789 0
    outer loop
      vertex 19.052914269268513 -23.2955549582839 0
      vertex 19.796100594103336 -23.043277196586132 0
      vertex 19.052914269268513 -23.2955549582839 1.5
    endloop
  endfacet
  facet normal 0.44228868804580856 -0.8968727426043884 0
    outer loop
      vertex 19.796100594103336 -23.043277196586132 0
      vertex 20.5 -22.696152426302433 0
      vertex 19.796100594103336 -23.043277196586132 2.6
    endloop
  endfacet
  facet normal 0.555570237894537 -0.8314696090452178 0
    outer loop
      vertex 20.5 -22.696152426302433 0
      vertex 21.152568571269512 -22.260120041668415 0
      vertex 21.152568571269512 -22.260120041668415 1.5
    endloop
  endfacet
  facet normal 0.6593458107222281 -0.7518398113182407 0
    outer loop
      vertex 21.152568571269512 -22.260120041668415 0
      vertex 21.74264068901539 -21.74264068901539 0
      vertex 21.152568571269512 -22.260120041668415 1.5
    endloop
  endfacet
  facet normal 0.8314696090452178 -0.555570237894537 0
    outer loop
      vertex 22.260120041668415 -21.152568571269512 0
      vertex 22.696152426302433 -20.5 0
      vertex 22.696152426302433 -20.5 1.5
    endloop
  endfacet
  facet normal 0.8968727426043884 -0.44228868804580856 0
    outer loop
      vertex 22.696152426302433 -20.5 0
      vertex 23.043277196586132 -19.796100594103336 0
      vertex 22.696152426302433 -20.5 1.5
    endloop
  endfacet
  facet normal 0.06540313273849395 -0.9978589230086541 0
    outer loop
      vertex 17.5 -23.5 0
      vertex 18.283157154917717 -23.44866916537285 1.5
      vertex 17.5 -23.5 1.5
    endloop
  endfacet
  facet normal 0.19509031854274125 -0.9807852810941301 0
    outer loop
      vertex 19.052914269268513 -23.2955549582839 0
      vertex 18.283157154917717 -23.44866916537285 1.627906976744186
      vertex 18.283157154917717 -23.44866916537285 1.5
    endloop
  endfacet
  facet normal 0.3214394637077385 -0.9469301300366789 0
    outer loop
      vertex 19.796100594103336 -23.043277196586132 0
      vertex 19.796100594103336 -23.043277196586132 2.6
      vertex 19.052914269268513 -23.2955549582839 1.5
    endloop
  endfacet
  facet normal 0.555570237894537 -0.8314696090452178 0
    outer loop
      vertex 20.5 -22.696152426302433 0
      vertex 21.152568571269512 -22.260120041668415 1.5
      vertex 20.5 -22.696152426302433 1.5
    endloop
  endfacet
  facet normal 0.6593458107222282 -0.7518398113182407 0
    outer loop
      vertex 21.74264068901539 -21.74264068901539 0
      vertex 21.152568571269512 -22.260120041668415 2.6
      vertex 21.152568571269512 -22.260120041668415 1.5
    endloop
  endfacet
  facet normal 0.8314696090452178 -0.555570237894537 0
    outer loop
      vertex 22.260120041668415 -21.152568571269512 0
      vertex 22.696152426302433 -20.5 1.5
      vertex 22.260120041668415 -21.152568571269512 1.5
    endloop
  endfacet
  facet normal 0.8968727426043883 -0.44228868804580856 0
    outer loop
      vertex 23.043277196586132 -19.796100594103336 0
      vertex 22.696152426302433 -20.5 2.6
      vertex 22.696152426302433 -20.5 1.5
    endloop
  endfacet
  facet normal 0.1950903185427412 -0.98078528109413 0
    outer loop
      vertex 19.052914269268513 -23.2955549582839 0
      vertex 18.283157154917717 -23.44866916537285 14
      vertex 18.283157154917717 -23.44866916537285 1.627906976744186
    endloop
  endfacet
  facet normal 0.1950903185427412 -0.98078528109413 0
    outer loop
      vertex 19.052914269268513 -23.2955549582839 0
      vertex 19.052914269268513 -23.2955549582839 1.5
      vertex 18.283157154917717 -23.44866916537285 14
    endloop
  endfacet
  facet normal 0.44228868804580856 -0.8968727426043884 0
    outer loop
      vertex 20.5 -22.696152426302433 0
      vertex 20.5 -22.696152426302433 1.5
      vertex 19.796100594103336 -23.043277196586132 14
    endloop
  endfacet
  facet normal 0.44228868804580856 -0.8968727426043883 0
    outer loop
      vertex 20.5 -22.696152426302433 0
      vertex 19.796100594103336 -23.043277196586132 14
      vertex 19.796100594103336 -23.043277196586132 2.6
    endloop
  endfacet
  facet normal 0.06540313273847873 -0.9978589230086551 5.4439044779884755e-21
    outer loop
      vertex 18.19209236946217 -23.45463786707368 1.627906976744186
      vertex 18.283157154917717 -23.44866916537285 1.627906976744186
      vertex 18.283157154917717 -23.44866916537285 14
    endloop
  endfacet
  facet normal 0.06540313273849595 -0.9978589230086539 0
    outer loop
      vertex 17.5 -23.5 2.6
      vertex 18.19209236946217 -23.45463786707368 1.627906976744186
      vertex 17.5 -23.5 14
    endloop
  endfacet
  facet normal 0.19509031854274123 -0.9807852810941301 0
    outer loop
      vertex 19.052914269268513 -23.2955549582839 1.5
      vertex 19.052914269268513 -23.2955549582839 2.6
      vertex 18.283157154917717 -23.44866916537285 14
    endloop
  endfacet
  facet normal 0.3214394637077385 -0.9469301300366789 0
    outer loop
      vertex 19.052914269268513 -23.2955549582839 2.6
      vertex 19.796100594103336 -23.043277196586132 2.6
      vertex 19.796100594103336 -23.043277196586132 14
    endloop
  endfacet
  facet normal 0.44228868804580856 -0.8968727426043883 0
    outer loop
      vertex 20.5 -22.696152426302433 1.5
      vertex 20.5 -22.696152426302433 2.6
      vertex 19.796100594103336 -23.043277196586132 14
    endloop
  endfacet
  facet normal 0.6593458107222281 -0.7518398113182406 0
    outer loop
      vertex 21.74264068901539 -21.74264068901539 0
      vertex 21.152568571269512 -22.260120041668415 14
      vertex 21.152568571269512 -22.260120041668415 2.6
    endloop
  endfacet
  facet normal 0.7518398113182407 -0.6593458107222281 0
    outer loop
      vertex 21.74264068901539 -21.74264068901539 0
      vertex 22.260120041668415 -21.152568571269512 0
      vertex 21.74264068901539 -21.74264068901539 14
    endloop
  endfacet
  facet normal 0.7518398113182407 -0.6593458107222281 0
    outer loop
      vertex 22.260120041668415 -21.152568571269512 0
      vertex 22.260120041668415 -21.152568571269512 1.5
      vertex 21.74264068901539 -21.74264068901539 14
    endloop
  endfacet
  facet normal 0.555570237894537 -0.8314696090452179 0
    outer loop
      vertex 20.5 -22.696152426302433 2.6
      vertex 21.152568571269512 -22.260120041668415 2.6
      vertex 21.152568571269512 -22.260120041668415 14
    endloop
  endfacet
  facet normal 0.7518398113182407 -0.6593458107222282 0
    outer loop
      vertex 22.260120041668415 -21.152568571269512 1.5
      vertex 22.260120041668415 -21.152568571269512 2.6
      vertex 21.74264068901539 -21.74264068901539 14
    endloop
  endfacet
  facet normal 0.8314696090452179 -0.555570237894537 0
    outer loop
      vertex 22.260120041668415 -21.152568571269512 2.6
      vertex 22.696152426302433 -20.5 2.6
      vertex 22.696152426302433 -20.5 14
    endloop
  endfacet
  facet normal 0.9469301300366788 -0.32143946370773846 0
    outer loop
      vertex 23.043277196586132 -19.796100594103336 0
      vertex 23.2955549582839 -19.052914269268513 0
      vertex 23.043277196586132 -19.796100594103336 14
    endloop
  endfacet
  facet normal 0.8968727426043883 -0.44228868804580856 0
    outer loop
      vertex 23.043277196586132 -19.796100594103336 0
      vertex 22.696152426302433 -20.5 14
      vertex 22.696152426302433 -20.5 2.6
    endloop
  endfacet
  facet normal 0.9807852810941301 -0.19509031854274123 0
    outer loop
      vertex 23.2955549582839 -19.052914269268513 0
      vertex 23.44866916537285 -18.283157154917717 0
      vertex 23.2955549582839 -19.052914269268513 14
    endloop
  endfacet
  facet normal 0.997858923008654 -0.06540313273849395 0
    outer loop
      vertex 23.44866916537285 -18.283157154917717 0
      vertex 23.5 -17.5 0
      vertex 23.44866916537285 -18.283157154917717 14
    endloop
  endfacet
  facet normal 0.9978589230086541 -0.06540313273849395 0
    outer loop
      vertex 23.5 -17.5 0
      vertex 23.5 -17.5 1.5
      vertex 23.44866916537285 -18.283157154917717 14
    endloop
  endfacet
  facet normal 0.997858923008654 -0.06540313273849394 0
    outer loop
      vertex 23.5 -17.5 1.5
      vertex 23.5 -17.5 2.6
      vertex 23.44866916537285 -18.283157154917717 14
    endloop
  endfacet
  facet normal 0 0 -1
    outer loop
      vertex 23.5 -17.5 0
      vertex 12.098072446882725 -8.698783986270428 0
      vertex 11.9669883325696 -8.301258899271488 0
    endloop
  endfacet
  facet normal 0 0 -1
    outer loop
      vertex 23.5 -17.5 0
      vertex 11.9669883325696 -8.301258899271488 0
      vertex 10.298622891306877 -3.445814460515976 0
    endloop
  endfacet
  facet normal 0 0 -1
    outer loop
      vertex 23.5 -17.5 0
      vertex 10.298622891306877 -3.445814460515976 0
      vertex 11.474113933742046 0.980715699493885 0
    endloop
  endfacet
  facet normal 0 0 -1
    outer loop
      vertex 23.5 -17.5 0
      vertex 11.474113933742046 0.980715699493885 0
      vertex 11.973291851580143 1.4033010005950928 0
    endloop
  endfacet
  facet normal 0 0 -1
    outer loop
      vertex 23.5 -17.5 0
      vertex 11.973291851580143 1.4033010005950928 0
      vertex 12.413040786981583 1.8874268159270287 0
    endloop
  endfacet
  facet normal 0 0 -1
    outer loop
      vertex 23.5 -17.5 0
      vertex 12.413040786981583 1.8874268159270287 0
      vertex 12.78583650290966 2.4248096272349358 0
    endloop
  endfacet
  facet normal 0 0 -1
    outer loop
      vertex 23.5 -17.5 0
      vertex 12.78583650290966 2.4248096272349358 0
      vertex 13.085300371050835 3.006254658102989 0
    endloop
  endfacet
  facet normal 0 0 -1
    outer loop
      vertex 23.5 -17.5 0
      vertex 13.085300371050835 3.006254658102989 0
      vertex 13.30630847811699 3.6218132227659225 0
    endloop
  endfacet
  facet normal 0 0 -1
    outer loop
      vertex 23.5 -17.5 0
      vertex 13.30630847811699 3.6218132227659225 0
      vertex 13.445079319179058 4.260952942073345 0
    endloop
  endfacet
  facet normal 0 0 -1
    outer loop
      vertex 23.5 -17.5 0
      vertex 13.445079319179058 4.260952942073345 0
      vertex 13.499238476157188 4.912737965583801 0
    endloop
  endfacet
  facet normal 0 0 -1
    outer loop
      vertex 23.5 -17.5 0
      vertex 13.499238476157188 4.912737965583801 0
      vertex 13.467859275639057 5.56601607054472 0
    endloop
  endfacet
  facet normal 1 0 0
    outer loop
      vertex 23.5 -17.5 0
      vertex 23.5 17.5 1.5
      vertex 23.5 -17.5 1.5
    endloop
  endfacet
  facet normal 0 0 1
    outer loop
      vertex -17.5 -23.5 14
      vertex 17.5 -23.5 14
      vertex 19.052914269268513 -23.2955549582839 14
    endloop
  endfacet
  facet normal 0 0 1
    outer loop
      vertex -17.5 -23.5 14
      vertex 19.052914269268513 -23.2955549582839 14
      vertex 19.796100594103336 -23.043277196586132 14
    endloop
  endfacet
  facet normal 0 0 1
    outer loop
      vertex -18.283157154917717 -23.44866916537285 14
      vertex 19.796100594103336 -23.043277196586132 14
      vertex 20.5 -22.696152426302433 14
    endloop
  endfacet
  facet normal 0 0 1
    outer loop
      vertex -17.5 -21.899999998509884 14
      vertex 21.152568571269512 -22.260120041668415 14
      vertex 17.5 -21.899999998509884 14
    endloop
  endfacet
  facet normal 0 0 1
    outer loop
      vertex -19.052914269268513 -23.2955549582839 14
      vertex 20.5 -22.696152426302433 14
      vertex 21.152568571269512 -22.260120041668415 14
    endloop
  endfacet
  facet normal 0.06540313273849396 -0.9978589230086541 -1.1253799361775986e-16
    outer loop
      vertex 18.19209236946217 -23.45463786707368 1.627906976744186
      vertex 18.283157154917717 -23.44866916537285 14
      vertex 17.5 -23.5 14
    endloop
  endfacet
  facet normal 0.19509031854274123 -0.9807852810941302 0
    outer loop
      vertex 19.052914269268513 -23.2955549582839 2.6
      vertex 19.052914269268513 -23.2955549582839 14
      vertex 18.283157154917717 -23.44866916537285 14
    endloop
  endfacet
  facet normal 0.3214394637077385 -0.9469301300366789 0
    outer loop
      vertex 19.052914269268513 -23.2955549582839 2.6
      vertex 19.796100594103336 -23.043277196586132 14
      vertex 19.052914269268513 -23.2955549582839 14
    endloop
  endfacet
  facet normal 0.4422886880458085 -0.8968727426043884 0
    outer loop
      vertex 20.5 -22.696152426302433 2.6
      vertex 20.5 -22.696152426302433 14
      vertex 19.796100594103336 -23.043277196586132 14
    endloop
  endfacet
  facet normal 0.555570237894537 -0.8314696090452179 0
    outer loop
      vertex 20.5 -22.696152426302433 2.6
      vertex 21.152568571269512 -22.260120041668415 14
      vertex 20.5 -22.696152426302433 14
    endloop
  endfacet
  facet normal 0.6593458107222281 -0.7518398113182407 0
    outer loop
      vertex 21.74264068901539 -21.74264068901539 0
      vertex 21.74264068901539 -21.74264068901539 14
      vertex 21.152568571269512 -22.260120041668415 14
    endloop
  endfacet
  facet normal 0.7518398113182406 -0.6593458107222281 0
    outer loop
      vertex 22.260120041668415 -21.152568571269512 2.6
      vertex 22.260120041668415 -21.152568571269512 14
      vertex 21.74264068901539 -21.74264068901539 14
    endloop
  endfacet
  facet normal 0.8314696090452179 -0.555570237894537 0
    outer loop
      vertex 22.260120041668415 -21.152568571269512 2.6
      vertex 22.696152426302433 -20.5 14
      vertex 22.260120041668415 -21.152568571269512 14
    endloop
  endfacet
  facet normal 0.8968727426043883 -0.4422886880458085 0
    outer loop
      vertex 23.043277196586132 -19.796100594103336 0
      vertex 23.043277196586132 -19.796100594103336 14
      vertex 22.696152426302433 -20.5 14
    endloop
  endfacet
  facet normal 0.9469301300366788 -0.32143946370773846 0
    outer loop
      vertex 23.2955549582839 -19.052914269268513 0
      vertex 23.2955549582839 -19.052914269268513 14
      vertex 23.043277196586132 -19.796100594103336 14
    endloop
  endfacet
  facet normal 0.9807852810941301 -0.19509031854274123 0
    outer loop
      vertex 23.44866916537285 -18.283157154917717 0
      vertex 23.44866916537285 -18.283157154917717 14
      vertex 23.2955549582839 -19.052914269268513 14
    endloop
  endfacet
  facet normal 0.997858923008654 -0.06540313273849394 0
    outer loop
      vertex 23.5 -17.5 2.6
      vertex 23.5 -17.5 14
      vertex 23.44866916537285 -18.283157154917717 14
    endloop
  endfacet
  facet normal 0 0 1
    outer loop
      vertex 17.5 -23.5 14
      vertex 18.283157154917717 -23.44866916537285 14
      vertex 19.052914269268513 -23.2955549582839 14
    endloop
  endfacet
  facet normal 0 0 1
    outer loop
      vertex 17.5 -21.899999998509884 14
      vertex 21.152568571269512 -22.260120041668415 14
      vertex 18.07431524246931 -21.862357392907143 14
    endloop
  endfacet
  facet normal 0 0 1
    outer loop
      vertex 18.07431524246931 -21.862357392907143 14
      vertex 21.74264068901539 -21.74264068901539 14
      vertex 18.63880379498005 -21.75007363408804 14
    endloop
  endfacet
  facet normal 0 0 1
    outer loop
      vertex 18.63880379498005 -21.75007363408804 14
      vertex 21.74264068901539 -21.74264068901539 14
      vertex 19.183807104825974 -21.565069943666458 14
    endloop
  endfacet
  facet normal 0 0 1
    outer loop
      vertex 18.07431524246931 -21.862357392907143 14
      vertex 21.152568571269512 -22.260120041668415 14
      vertex 21.74264068901539 -21.74264068901539 14
    endloop
  endfacet
  facet normal 0 0 1
    outer loop
      vertex 19.183807104825974 -21.565069943666458 14
      vertex 21.74264068901539 -21.74264068901539 14
      vertex 19.700000002980232 -21.310511775314808 14
    endloop
  endfacet
  facet normal 0 0 1
    outer loop
      vertex 19.700000002980232 -21.310511775314808 14
      vertex 21.74264068901539 -21.74264068901539 14
      vertex 22.260120041668415 -21.152568571269512 14
    endloop
  endfacet
  facet normal 0 0 1
    outer loop
      vertex 19.700000002980232 -21.310511775314808 14
      vertex 22.260120041668415 -21.152568571269512 14
      vertex 20.17855028808117 -20.990754693746567 14
    endloop
  endfacet
  facet normal 0 0 1
    outer loop
      vertex 20.17855028808117 -20.990754693746567 14
      vertex 22.260120041668415 -21.152568571269512 14
      vertex 20.61126983910799 -20.61126983910799 14
    endloop
  endfacet
  facet normal 0 0 1
    outer loop
      vertex 20.61126983910799 -20.61126983910799 14
      vertex 22.260120041668415 -21.152568571269512 14
      vertex 22.696152426302433 -20.5 14
    endloop
  endfacet
  facet normal 0 0 1
    outer loop
      vertex 20.61126983910799 -20.61126983910799 14
      vertex 22.696152426302433 -20.5 14
      vertex 20.990754693746567 -20.17855028808117 14
    endloop
  endfacet
  facet normal 0 0 1
    outer loop
      vertex 20.990754693746567 -20.17855028808117 14
      vertex 23.043277196586132 -19.796100594103336 14
      vertex 21.310511775314808 -19.700000002980232 14
    endloop
  endfacet
  facet normal 0 0 1
    outer loop
      vertex 21.310511775314808 -19.700000002980232 14
      vertex 23.043277196586132 -19.796100594103336 14
      vertex 21.565069943666458 -19.183807104825974 14
    endloop
  endfacet
  facet normal 0 0 1
    outer loop
      vertex 20.990754693746567 -20.17855028808117 14
      vertex 22.696152426302433 -20.5 14
      vertex 23.043277196586132 -19.796100594103336 14
    endloop
  endfacet
  facet normal 0 0 1
    outer loop
      vertex 21.565069943666458 -19.183807104825974 14
      vertex 23.043277196586132 -19.796100594103336 14
      vertex 23.2955549582839 -19.052914269268513 14
    endloop
  endfacet
  facet normal 0 0 1
    outer loop
      vertex 21.565069943666458 -19.183807104825974 14
      vertex 23.2955549582839 -19.052914269268513 14
      vertex 21.75007363408804 -18.63880379498005 14
    endloop
  endfacet
  facet normal 0 0 1
    outer loop
      vertex 21.75007363408804 -18.63880379498005 14
      vertex 23.44866916537285 -18.283157154917717 14
      vertex 21.862357392907143 -18.07431524246931 14
    endloop
  endfacet
  facet normal 0 0 1
    outer loop
      vertex 21.862357392907143 -18.07431524246931 14
      vertex 23.5 -17.5 14
      vertex 21.899999998509884 -17.5 14
    endloop
  endfacet
  facet normal 0 0 1
    outer loop
      vertex 21.75007363408804 -18.63880379498005 14
      vertex 23.2955549582839 -19.052914269268513 14
      vertex 23.44866916537285 -18.283157154917717 14
    endloop
  endfacet
  facet normal 0 0 1
    outer loop
      vertex 21.862357392907143 -18.07431524246931 14
      vertex 23.44866916537285 -18.283157154917717 14
      vertex 23.5 -17.5 14
    endloop
  endfacet
  facet normal 1 0 0
    outer loop
      vertex 23.5 -17.5 2.6
      vertex 23.5 17.5 14
      vertex 23.5 -17.5 14
    endloop
  endfacet
  facet normal 0 0 1
    outer loop
      vertex 21.899999998509884 -17.5 14
      vertex 23.5 -17.5 14
      vertex 23.5 17.5 14
    endloop
  endfacet
  facet normal 0 0 -1
    outer loop
      vertex -7.526704654097557 7.987062491476536 0
      vertex 4.126901462674141 2.575951896607876 0
      vertex 4.480715699493885 2.0258860662579536 0
    endloop
  endfacet
  facet normal 0 0 -1
    outer loop
      vertex -7.526704654097557 7.987062491476536 0
      vertex 3.847912162542343 3.1674938648939133 0
      vertex 4.126901462674141 2.575951896607876 0
    endloop
  endfacet
  facet normal 0 0 -1
    outer loop
      vertex 0.46698248386383057 -1.2205963879823685 0
      vertex 4.480715699493885 2.0258860662579536 0
      vertex 4.903301000595093 1.526708148419857 0
    endloop
  endfacet
  facet normal 0 0 -1
    outer loop
      vertex 1.1093121394515038 -1.9793468192219734 0
      vertex 4.903301000595093 1.526708148419857 0
      vertex 5.387426815927029 1.0869592130184174 0
    endloop
  endfacet
  facet normal 0 0 -1
    outer loop
      vertex -7.526704654097557 7.987062491476536 0
      vertex 3.9146996289491653 6.993745341897011 0
      vertex 3.693691521883011 6.3781867772340775 0
    endloop
  endfacet
  facet normal 0 0 -1
    outer loop
      vertex -7.526704654097557 7.987062491476536 0
      vertex 4.21416349709034 7.575190372765064 0
      vertex 3.9146996289491653 6.993745341897011 0
    endloop
  endfacet
  facet normal 0 0 -1
    outer loop
      vertex -7.526704654097557 7.987062491476536 0
      vertex 4.586959213018417 8.112573184072971 0
      vertex 4.21416349709034 7.575190372765064 0
    endloop
  endfacet
  facet normal 0 0 -1
    outer loop
      vertex -7.644444055855274 8.094009429216385 0
      vertex 5.026708148419857 8.596698999404907 0
      vertex 4.586959213018417 8.112573184072971 0
    endloop
  endfacet
  facet normal 0 0 -1
    outer loop
      vertex -8.221685610711575 8.345001198351383 0
      vertex 10.493918843567371 14.467142529785633 0
      vertex 5.026708148419857 8.596698999404907 0
    endloop
  endfacet
  facet normal 0 0 -1
    outer loop
      vertex -23.5 17.5 0
      vertex 23.2955549582839 19.052914269268513 0
      vertex 10.756444558501244 14.636004738509655 0
    endloop
  endfacet
  facet normal 0 0 -1
    outer loop
      vertex -19.796100594103336 23.043277196586132 0
      vertex 17.5 23.5 0
      vertex 18.283157154917717 23.44866916537285 0
    endloop
  endfacet
  facet normal 0 0 -1
    outer loop
      vertex -20.5 22.696152426302433 0
      vertex 18.283157154917717 23.44866916537285 0
      vertex 19.052914269268513 23.2955549582839 0
    endloop
  endfacet
  facet normal 0 0 -1
    outer loop
      vertex -23.2955549582839 19.052914269268513 0
      vertex 22.260120041668415 21.152568571269512 0
      vertex 22.696152426302433 20.5 0
    endloop
  endfacet
  facet normal 0 0 -1
    outer loop
      vertex -23.5 17.5 0
      vertex 23.043277196586132 19.796100594103336 0
      vertex 23.2955549582839 19.052914269268513 0
    endloop
  endfacet
  facet normal 0 0 -1
    outer loop
      vertex -23.44866916537285 18.283157154917717 0
      vertex 22.696152426302433 20.5 0
      vertex 23.043277196586132 19.796100594103336 0
    endloop
  endfacet
  facet normal 0 0 -1
    outer loop
      vertex -23.043277196586132 19.796100594103336 0
      vertex 21.74264068901539 21.74264068901539 0
      vertex 22.260120041668415 21.152568571269512 0
    endloop
  endfacet
  facet normal 0 0 -1
    outer loop
      vertex -22.696152426302433 20.5 0
      vertex 21.152568571269512 22.260120041668415 0
      vertex 21.74264068901539 21.74264068901539 0
    endloop
  endfacet
  facet normal 0 0 -1
    outer loop
      vertex -21.74264068901539 21.74264068901539 0
      vertex 19.796100594103336 23.043277196586132 0
      vertex 20.5 22.696152426302433 0
    endloop
  endfacet
  facet normal 0 0 -1
    outer loop
      vertex -22.260120041668415 21.152568571269512 0
      vertex 20.5 22.696152426302433 0
      vertex 21.152568571269512 22.260120041668415 0
    endloop
  endfacet
  facet normal 0 0 -1
    outer loop
      vertex -21.152568571269512 22.260120041668415 0
      vertex 19.052914269268513 23.2955549582839 0
      vertex 19.796100594103336 23.043277196586132 0
    endloop
  endfacet
  facet normal 0 1 0
    outer loop
      vertex -17.5 23.5 1.5
      vertex 17.5 23.5 14
      vertex 17.5 23.5 0
    endloop
  endfacet
  facet normal 0 0 -1
    outer loop
      vertex 23.5 17.5 0
      vertex 13.467859275639057 5.56601607054472 0
      vertex 13.35147862881422 6.209609478712082 0
    endloop
  endfacet
  facet normal 0 0 -1
    outer loop
      vertex 23.5 -17.5 0
      vertex 13.467859275639057 5.56601607054472 0
      vertex 23.5 17.5 0
    endloop
  endfacet
  facet normal 1 0 0
    outer loop
      vertex 23.5 -17.5 0
      vertex 23.5 17.5 0
      vertex 23.5 17.5 1.5
    endloop
  endfacet
  facet normal 1 0 0
    outer loop
      vertex 23.5 -17.5 2.6
      vertex 23.5 17.5 2.6
      vertex 23.5 17.5 14
    endloop
  endfacet
  facet normal 0 0 -1
    outer loop
      vertex 23.5 17.5 0
      vertex 13.35147862881422 6.209609478712082 0
      vertex 11.825882121920586 14.08520820736885 0
    endloop
  endfacet
  facet normal 0 0 -1
    outer loop
      vertex 23.2955549582839 19.052914269268513 0
      vertex 10.856108024716377 14.667907267808914 0
      vertex 10.756444558501244 14.636004738509655 0
    endloop
  endfacet
  facet normal 0 0 -1
    outer loop
      vertex 23.2955549582839 19.052914269268513 0
      vertex 10.959082968533039 14.686528168618679 0
      vertex 10.856108024716377 14.667907267808914 0
    endloop
  endfacet
  facet normal 0 0 -1
    outer loop
      vertex 23.2955549582839 19.052914269268513 0
      vertex 11.063607469201088 14.691548846662045 0
      vertex 10.959082968533039 14.686528168618679 0
    endloop
  endfacet
  facet normal 0 0 -1
    outer loop
      vertex 23.2955549582839 19.052914269268513 0
      vertex 11.167893067002296 14.682883381843567 0
      vertex 11.063607469201088 14.691548846662045 0
    endloop
  endfacet
  facet normal 0 0 -1
    outer loop
      vertex 23.2955549582839 19.052914269268513 0
      vertex 11.270155422389507 14.660680040717125 0
      vertex 11.167893067002296 14.682883381843567 0
    endloop
  endfacet
  facet normal 0 0 -1
    outer loop
      vertex 23.2955549582839 19.052914269268513 0
      vertex 11.368644796311855 14.625318743288517 0
      vertex 11.270155422389507 14.660680040717125 0
    endloop
  endfacet
  facet normal 0 0 -1
    outer loop
      vertex 23.2955549582839 19.052914269268513 0
      vertex 11.461676001548767 14.577404528856277 0
      vertex 11.368644796311855 14.625318743288517 0
    endloop
  endfacet
  facet normal 0 0 -1
    outer loop
      vertex 23.2955549582839 19.052914269268513 0
      vertex 11.825882121920586 14.08520820736885 0
      vertex 11.793979592621326 14.184871666133404 0
    endloop
  endfacet
  facet normal 0 0 -1
    outer loop
      vertex 23.2955549582839 19.052914269268513 0
      vertex 11.692731030285358 14.367528915405273 0
      vertex 11.625117383897305 14.447397381067276 0
    endloop
  endfacet
  facet normal 0 0 -1
    outer loop
      vertex 23.2955549582839 19.052914269268513 0
      vertex 11.749341309070587 14.279518380761147 0
      vertex 11.692731030285358 14.367528915405273 0
    endloop
  endfacet
  facet normal 0 0 -1
    outer loop
      vertex 23.2955549582839 19.052914269268513 0
      vertex 11.547657251358032 14.517757214605808 0
      vertex 11.461676001548767 14.577404528856277 0
    endloop
  endfacet
  facet normal 0 0 -1
    outer loop
      vertex 23.2955549582839 19.052914269268513 0
      vertex 11.625117383897305 14.447397381067276 0
      vertex 11.547657251358032 14.517757214605808 0
    endloop
  endfacet
  facet normal 0 0 -1
    outer loop
      vertex 23.2955549582839 19.052914269268513 0
      vertex 11.793979592621326 14.184871666133404 0
      vertex 11.749341309070587 14.279518380761147 0
    endloop
  endfacet
  facet normal 0 0 -1
    outer loop
      vertex 23.5 17.5 0
      vertex 11.825882121920586 14.08520820736885 0
      vertex 23.44866916537285 18.283157154917717 0
    endloop
  endfacet
  facet normal 0 0 -1
    outer loop
      vertex 23.44866916537285 18.283157154917717 0
      vertex 11.825882121920586 14.08520820736885 0
      vertex 23.2955549582839 19.052914269268513 0
    endloop
  endfacet
  facet normal 0.06540313273849395 0.9978589230086541 0
    outer loop
      vertex 17.5 23.5 0
      vertex 18.283157154917717 23.44866916537285 1.5
      vertex 18.283157154917717 23.44866916537285 0
    endloop
  endfacet
  facet normal 0.1950903185427412 0.98078528109413 0
    outer loop
      vertex 18.283157154917717 23.44866916537285 0
      vertex 18.283157154917717 23.44866916537285 1.5
      vertex 19.052914269268513 23.2955549582839 0
    endloop
  endfacet
  facet normal 0.44228868804580856 0.8968727426043884 -1.5305532414155983e-16
    outer loop
      vertex 19.796100594103336 23.043277196586132 0
      vertex 19.871518387592264 23.00608525691288 1.5
      vertex 20.5 22.696152426302433 0
    endloop
  endfacet
  facet normal 0.9978589230086541 0.06540313273849395 0
    outer loop
      vertex 23.5 17.5 0
      vertex 23.44866916537285 18.283157154917717 0
      vertex 23.5 17.5 1.5
    endloop
  endfacet
  facet normal 0.8968727426043884 0.44228868804580856 1.5400207039055592e-16
    outer loop
      vertex 22.696152426302433 20.5 0
      vertex 22.733344365975686 20.424582206511072 1.5
      vertex 23.043277196586132 19.796100594103336 0
    endloop
  endfacet
  facet normal 0.555570237894537 0.8314696090452178 0
    outer loop
      vertex 20.5 22.696152426302433 0
      vertex 21.152568571269512 22.260120041668415 1.5
      vertex 21.152568571269512 22.260120041668415 0
    endloop
  endfacet
  facet normal 0.6593458107222281 0.7518398113182407 0
    outer loop
      vertex 21.74264068901539 21.74264068901539 0
      vertex 21.152568571269512 22.260120041668415 0
      vertex 21.152568571269512 22.260120041668415 1.5
    endloop
  endfacet
  facet normal 0.06540313273849394 0.997858923008654 0
    outer loop
      vertex 17.5 23.5 0
      vertex 18.283157154917717 23.44866916537285 2.6
      vertex 18.283157154917717 23.44866916537285 1.5
    endloop
  endfacet
  facet normal 0.1950903185427412 0.98078528109413 0
    outer loop
      vertex 19.052914269268513 23.2955549582839 0
      vertex 18.283157154917717 23.44866916537285 1.5
      vertex 19.052914269268513 23.2955549582839 2.6
    endloop
  endfacet
  facet normal 0.44228868804580884 0.8968727426043882 0
    outer loop
      vertex 20.5 22.696152426302433 0
      vertex 19.871518387592264 23.00608525691288 1.5
      vertex 20.5 22.696152426302433 1.5
    endloop
  endfacet
  facet normal 0.997858923008654 0.06540313273849394 0
    outer loop
      vertex 23.5 17.5 1.5
      vertex 23.44866916537285 18.283157154917717 0
      vertex 23.5 17.5 2.6
    endloop
  endfacet
  facet normal 0.8968727426043882 0.44228868804580884 0
    outer loop
      vertex 23.043277196586132 19.796100594103336 0
      vertex 22.733344365975686 20.424582206511072 1.5
      vertex 23.043277196586132 19.796100594103336 1.5
    endloop
  endfacet
  facet normal 0.6593458107222281 0.7518398113182407 0
    outer loop
      vertex 21.74264068901539 21.74264068901539 0
      vertex 21.152568571269512 22.260120041668415 1.5
      vertex 21.74264068901539 21.74264068901539 1.5
    endloop
  endfacet
  facet normal 0.5555702378945369 0.8314696090452179 0
    outer loop
      vertex 20.5 22.696152426302433 0
      vertex 21.152568571269512 22.260120041668415 2.6
      vertex 21.152568571269512 22.260120041668415 1.5
    endloop
  endfacet
  facet normal 0.06540313273849395 0.997858923008654 0
    outer loop
      vertex 17.5 23.5 0
      vertex 18.283157154917717 23.44866916537285 14
      vertex 18.283157154917717 23.44866916537285 2.6
    endloop
  endfacet
  facet normal 0.32143946370773846 0.9469301300366788 0
    outer loop
      vertex 19.052914269268513 23.2955549582839 0
      vertex 19.796100594103336 23.043277196586132 14
      vertex 19.796100594103336 23.043277196586132 0
    endloop
  endfacet
  facet normal 0.4422886880458061 0.8968727426043897 0
    outer loop
      vertex 19.796100594103336 23.043277196586132 0
      vertex 19.796100594103336 23.043277196586132 14
      vertex 19.871518387592264 23.00608525691288 1.5
    endloop
  endfacet
  facet normal 0.3214394637077385 0.9469301300366789 0
    outer loop
      vertex 19.052914269268513 23.2955549582839 0
      vertex 19.052914269268513 23.2955549582839 2.6
      vertex 19.796100594103336 23.043277196586132 14
    endloop
  endfacet
  facet normal 0.19509031854274123 0.9807852810941302 0
    outer loop
      vertex 18.283157154917717 23.44866916537285 2.6
      vertex 18.283157154917717 23.44866916537285 14
      vertex 19.052914269268513 23.2955549582839 2.6
    endloop
  endfacet
  facet normal 0.4422886880458147 0.8968727426043854 6.40076386747269e-17
    outer loop
      vertex 19.871518387592264 23.00608525691288 1.5
      vertex 19.796100594103336 23.043277196586132 14
      vertex 19.917301816310708 22.983507368590264 2.410596026490066
    endloop
  endfacet
  facet normal 0.4422886880458083 0.8968727426043884 0
    outer loop
      vertex 20.5 22.696152426302433 1.5
      vertex 19.917301816310708 22.983507368590264 2.410596026490066
      vertex 20.5 22.696152426302433 14
    endloop
  endfacet
  facet normal 0.9807852810941301 0.19509031854274123 0
    outer loop
      vertex 23.44866916537285 18.283157154917717 0
      vertex 23.2955549582839 19.052914269268513 0
      vertex 23.44866916537285 18.283157154917717 14
    endloop
  endfacet
  facet normal 0.997858923008654 0.06540313273849394 0
    outer loop
      vertex 23.5 17.5 2.6
      vertex 23.44866916537285 18.283157154917717 0
      vertex 23.5 17.5 14
    endloop
  endfacet
  facet normal 0.9469301300366788 0.32143946370773846 0
    outer loop
      vertex 23.2955549582839 19.052914269268513 0
      vertex 23.043277196586132 19.796100594103336 0
      vertex 23.2955549582839 19.052914269268513 14
    endloop
  endfacet
  facet normal 0.8968727426043897 0.4422886880458061 0
    outer loop
      vertex 22.696152426302433 20.5 0
      vertex 22.696152426302433 20.5 14
      vertex 22.733344365975686 20.424582206511072 1.5
    endloop
  endfacet
  facet normal 0.9469301300366789 0.3214394637077385 0
    outer loop
      vertex 23.043277196586132 19.796100594103336 0
      vertex 23.043277196586132 19.796100594103336 1.5
      vertex 23.2955549582839 19.052914269268513 14
    endloop
  endfacet
  facet normal 0.8968727426043854 0.4422886880458147 -6.41473644797807e-17
    outer loop
      vertex 22.733344365975686 20.424582206511072 1.5
      vertex 22.696152426302433 20.5 14
      vertex 22.7559222542983 20.37879877779263 2.410596026490066
    endloop
  endfacet
  facet normal 0.9469301300366789 0.3214394637077385 0
    outer loop
      vertex 23.043277196586132 19.796100594103336 1.5
      vertex 23.043277196586132 19.796100594103336 2.410596026490066
      vertex 23.2955549582839 19.052914269268513 14
    endloop
  endfacet
  facet normal 0.8968727426043885 0.44228868804580834 -5.369597456282522e-19
    outer loop
      vertex 22.7559222542983 20.37879877779263 2.410596026490066
      vertex 23.043277196586132 19.796100594103336 14
      vertex 23.043277196586132 19.796100594103336 2.410596026490066
    endloop
  endfacet
  facet normal 0.7518398113182407 0.6593458107222281 0
    outer loop
      vertex 21.74264068901539 21.74264068901539 0
      vertex 21.74264068901539 21.74264068901539 1.5
      vertex 22.260120041668415 21.152568571269512 14
    endloop
  endfacet
  facet normal 0.555570237894537 0.8314696090452178 0
    outer loop
      vertex 20.5 22.696152426302433 0
      vertex 20.5 22.696152426302433 1.5
      vertex 21.152568571269512 22.260120041668415 14
    endloop
  endfacet
  facet normal 0.555570237894537 0.8314696090452179 0
    outer loop
      vertex 20.5 22.696152426302433 0
      vertex 21.152568571269512 22.260120041668415 14
      vertex 21.152568571269512 22.260120041668415 2.6
    endloop
  endfacet
  facet normal 0.8314696090452179 0.5555702378945371 0
    outer loop
      vertex 22.696152426302433 20.5 0
      vertex 22.260120041668415 21.152568571269512 0
      vertex 22.696152426302433 20.5 14
    endloop
  endfacet
  facet normal 0.7518398113182407 0.6593458107222281 0
    outer loop
      vertex 21.74264068901539 21.74264068901539 0
      vertex 22.260120041668415 21.152568571269512 14
      vertex 22.260120041668415 21.152568571269512 0
    endloop
  endfacet
  facet normal 0.7518398113182407 0.6593458107222282 0
    outer loop
      vertex 21.74264068901539 21.74264068901539 1.5
      vertex 21.74264068901539 21.74264068901539 2.6
      vertex 22.260120041668415 21.152568571269512 14
    endloop
  endfacet
  facet normal 0.6593458107222281 0.7518398113182406 0
    outer loop
      vertex 21.74264068901539 21.74264068901539 2.6
      vertex 21.152568571269512 22.260120041668415 2.6
      vertex 21.152568571269512 22.260120041668415 14
    endloop
  endfacet
  facet normal 0 0 1
    outer loop
      vertex -21.152568571269512 22.260120041668415 14
      vertex 17.5 21.899999998509884 14
      vertex 19.796100594103336 23.043277196586132 14
    endloop
  endfacet
  facet normal 0 0 1
    outer loop
      vertex -19.796100594103336 23.043277196586132 14
      vertex 18.283157154917717 23.44866916537285 14
      vertex 17.5 23.5 14
    endloop
  endfacet
  facet normal 0 0 1
    outer loop
      vertex -20.5 22.696152426302433 14
      vertex 19.052914269268513 23.2955549582839 14
      vertex 18.283157154917717 23.44866916537285 14
    endloop
  endfacet
  facet normal 0 0 1
    outer loop
      vertex -21.152568571269512 22.260120041668415 14
      vertex 19.796100594103336 23.043277196586132 14
      vertex 19.052914269268513 23.2955549582839 14
    endloop
  endfacet
  facet normal 0 0 1
    outer loop
      vertex 21.899999998509884 -17.5 14
      vertex 23.44866916537285 18.283157154917717 14
      vertex 21.899999998509884 17.5 14
    endloop
  endfacet
  facet normal 0 0 1
    outer loop
      vertex 21.899999998509884 -17.5 14
      vertex 23.5 17.5 14
      vertex 23.44866916537285 18.283157154917717 14
    endloop
  endfacet
  facet normal 0.06540313273849395 0.997858923008654 0
    outer loop
      vertex 17.5 23.5 0
      vertex 17.5 23.5 14
      vertex 18.283157154917717 23.44866916537285 14
    endloop
  endfacet
  facet normal 0.19509031854274123 0.9807852810941302 0
    outer loop
      vertex 19.052914269268513 23.2955549582839 2.6
      vertex 18.283157154917717 23.44866916537285 14
      vertex 19.052914269268513 23.2955549582839 14
    endloop
  endfacet
  facet normal 0.3214394637077385 0.9469301300366789 0
    outer loop
      vertex 19.052914269268513 23.2955549582839 2.6
      vertex 19.052914269268513 23.2955549582839 14
      vertex 19.796100594103336 23.043277196586132 14
    endloop
  endfacet
  facet normal 0.44228868804580856 0.8968727426043884 -1.4734038090471273e-17
    outer loop
      vertex 19.917301816310708 22.983507368590264 2.410596026490066
      vertex 19.796100594103336 23.043277196586132 14
      vertex 20.5 22.696152426302433 14
    endloop
  endfacet
  facet normal 0.997858923008654 0.06540313273849395 0
    outer loop
      vertex 23.44866916537285 18.283157154917717 0
      vertex 23.44866916537285 18.283157154917717 14
      vertex 23.5 17.5 14
    endloop
  endfacet
  facet normal 0.9807852810941301 0.19509031854274123 0
    outer loop
      vertex 23.2955549582839 19.052914269268513 0
      vertex 23.2955549582839 19.052914269268513 14
      vertex 23.44866916537285 18.283157154917717 14
    endloop
  endfacet
  facet normal 0.9469301300366789 0.3214394637077385 0
    outer loop
      vertex 23.043277196586132 19.796100594103336 2.410596026490066
      vertex 23.043277196586132 19.796100594103336 14
      vertex 23.2955549582839 19.052914269268513 14
    endloop
  endfacet
  facet normal 0.8968727426043884 0.44228868804580856 1.4800103899431066e-17
    outer loop
      vertex 22.7559222542983 20.37879877779263 2.410596026490066
      vertex 22.696152426302433 20.5 14
      vertex 23.043277196586132 19.796100594103336 14
    endloop
  endfacet
  facet normal 0.6593458107222281 0.7518398113182406 0
    outer loop
      vertex 21.74264068901539 21.74264068901539 2.6
      vertex 21.152568571269512 22.260120041668415 14
      vertex 21.74264068901539 21.74264068901539 14
    endloop
  endfacet
  facet normal 0.7518398113182406 0.6593458107222281 0
    outer loop
      vertex 21.74264068901539 21.74264068901539 2.6
      vertex 21.74264068901539 21.74264068901539 14
      vertex 22.260120041668415 21.152568571269512 14
    endloop
  endfacet
  facet normal 0.555570237894537 0.8314696090452179 0
    outer loop
      vertex 20.5 22.696152426302433 1.5
      vertex 20.5 22.696152426302433 14
      vertex 21.152568571269512 22.260120041668415 14
    endloop
  endfacet
  facet normal 0.8314696090452179 0.5555702378945371 0
    outer loop
      vertex 22.260120041668415 21.152568571269512 0
      vertex 22.260120041668415 21.152568571269512 14
      vertex 22.696152426302433 20.5 14
    endloop
  endfacet
  facet normal 0 0 1
    outer loop
      vertex 17.5 21.899999998509884 14
      vertex 18.07431524246931 21.862357392907143 14
      vertex 21.152568571269512 22.260120041668415 14
    endloop
  endfacet
  facet normal 0 0 1
    outer loop
      vertex 18.07431524246931 21.862357392907143 14
      vertex 18.63880379498005 21.75007363408804 14
      vertex 21.152568571269512 22.260120041668415 14
    endloop
  endfacet
  facet normal 0 0 1
    outer loop
      vertex 18.63880379498005 21.75007363408804 14
      vertex 19.183807104825974 21.565069943666458 14
      vertex 21.152568571269512 22.260120041668415 14
    endloop
  endfacet
  facet normal 0 0 1
    outer loop
      vertex 19.183807104825974 21.565069943666458 14
      vertex 19.700000002980232 21.310511775314808 14
      vertex 21.74264068901539 21.74264068901539 14
    endloop
  endfacet
  facet normal 0 0 1
    outer loop
      vertex 19.700000002980232 21.310511775314808 14
      vertex 20.17855028808117 20.990754693746567 14
      vertex 21.74264068901539 21.74264068901539 14
    endloop
  endfacet
  facet normal 0 0 1
    outer loop
      vertex 17.5 21.899999998509884 14
      vertex 20.5 22.696152426302433 14
      vertex 19.796100594103336 23.043277196586132 14
    endloop
  endfacet
  facet normal 0 0 1
    outer loop
      vertex 17.5 21.899999998509884 14
      vertex 21.152568571269512 22.260120041668415 14
      vertex 20.5 22.696152426302433 14
    endloop
  endfacet
  facet normal 0 0 1
    outer loop
      vertex 21.565069943666458 19.183807104825974 14
      vertex 23.043277196586132 19.796100594103336 14
      vertex 21.310511775314808 19.700000002980232 14
    endloop
  endfacet
  facet normal 0 0 1
    outer loop
      vertex 20.990754693746567 20.17855028808117 14
      vertex 21.310511775314808 19.700000002980232 14
      vertex 22.696152426302433 20.5 14
    endloop
  endfacet
  facet normal 0 0 1
    outer loop
      vertex 21.899999998509884 17.5 14
      vertex 23.2955549582839 19.052914269268513 14
      vertex 21.862357392907143 18.07431524246931 14
    endloop
  endfacet
  facet normal 0 0 1
    outer loop
      vertex 21.862357392907143 18.07431524246931 14
      vertex 23.2955549582839 19.052914269268513 14
      vertex 21.75007363408804 18.63880379498005 14
    endloop
  endfacet
  facet normal 0 0 1
    outer loop
      vertex 21.899999998509884 17.5 14
      vertex 23.44866916537285 18.283157154917717 14
      vertex 23.2955549582839 19.052914269268513 14
    endloop
  endfacet
  facet normal 0 0 1
    outer loop
      vertex 21.75007363408804 18.63880379498005 14
      vertex 23.043277196586132 19.796100594103336 14
      vertex 21.565069943666458 19.183807104825974 14
    endloop
  endfacet
  facet normal 0 0 1
    outer loop
      vertex 21.75007363408804 18.63880379498005 14
      vertex 23.2955549582839 19.052914269268513 14
      vertex 23.043277196586132 19.796100594103336 14
    endloop
  endfacet
  facet normal 0 0 1
    outer loop
      vertex 21.310511775314808 19.700000002980232 14
      vertex 23.043277196586132 19.796100594103336 14
      vertex 22.696152426302433 20.5 14
    endloop
  endfacet
  facet normal 0 0 1
    outer loop
      vertex 20.17855028808117 20.990754693746567 14
      vertex 20.61126983910799 20.61126983910799 14
      vertex 22.260120041668415 21.152568571269512 14
    endloop
  endfacet
  facet normal 0 0 1
    outer loop
      vertex 20.990754693746567 20.17855028808117 14
      vertex 22.260120041668415 21.152568571269512 14
      vertex 20.61126983910799 20.61126983910799 14
    endloop
  endfacet
  facet normal 0 0 1
    outer loop
      vertex 19.183807104825974 21.565069943666458 14
      vertex 21.74264068901539 21.74264068901539 14
      vertex 21.152568571269512 22.260120041668415 14
    endloop
  endfacet
  facet normal 0 0 1
    outer loop
      vertex 20.17855028808117 20.990754693746567 14
      vertex 22.260120041668415 21.152568571269512 14
      vertex 21.74264068901539 21.74264068901539 14
    endloop
  endfacet
  facet normal 0 0 1
    outer loop
      vertex 20.990754693746567 20.17855028808117 14
      vertex 22.696152426302433 20.5 14
      vertex 22.260120041668415 21.152568571269512 14
    endloop
  endfacet
  facet normal 0.8968727403768488 0.44228869256281184 0
    outer loop
      vertex -21.310511775314808 -19.700000002980232 2.6
      vertex -21.565069943666458 -19.183807104825974 2.6
      vertex -21.565069943666458 -19.183807104825974 14
    endloop
  endfacet
  facet normal 0.8314696091775019 0.5555702376965599 0
    outer loop
      vertex -21.310511775314808 -19.700000002980232 2.6
      vertex -21.310511775314808 -19.700000002980232 14
      vertex -20.990754693746567 -20.17855028808117 2.6
    endloop
  endfacet
  facet normal 0.751839813240027 0.6593458085308508 0
    outer loop
      vertex -20.61126983910799 -20.61126983910799 2.6
      vertex -20.990754693746567 -20.17855028808117 2.6
      vertex -20.990754693746567 -20.17855028808117 14
    endloop
  endfacet
  facet normal 0.9469301317164274 0.3214394587593589 0
    outer loop
      vertex -21.565069943666458 -19.183807104825974 2.6
      vertex -21.75007363408804 -18.63880379498005 2.6
      vertex -21.75007363408804 -18.63880379498005 14
    endloop
  endfacet
  facet normal 0.9807852789136889 0.1950903295045591 0
    outer loop
      vertex -21.75007363408804 -18.63880379498005 2.6
      vertex -21.862357392907143 -18.07431524246931 2.6
      vertex -21.862357392907143 -18.07431524246931 14
    endloop
  endfacet
  facet normal 0.9978589237076277 0.0654031220742139 0
    outer loop
      vertex -21.862357392907143 -18.07431524246931 2.6
      vertex -21.899999998509884 -17.5 2.6
      vertex -21.899999998509884 -17.5 14
    endloop
  endfacet
  facet normal 0.6593458085308508 0.751839813240027 0
    outer loop
      vertex -20.61126983910799 -20.61126983910799 2.6
      vertex -20.61126983910799 -20.61126983910799 14
      vertex -20.17855028808117 -20.990754693746567 2.6
    endloop
  endfacet
  facet normal 0.5555702376965599 0.8314696091775019 0
    outer loop
      vertex -20.17855028808117 -20.990754693746567 2.6
      vertex -20.17855028808117 -20.990754693746567 14
      vertex -19.700000002980232 -21.310511775314808 2.6
    endloop
  endfacet
  facet normal 0.44228869256281184 0.8968727403768488 0
    outer loop
      vertex -19.700000002980232 -21.310511775314808 2.6
      vertex -19.700000002980232 -21.310511775314808 14
      vertex -19.183807104825974 -21.565069943666458 2.6
    endloop
  endfacet
  facet normal 0.3214394587593589 0.9469301317164274 0
    outer loop
      vertex -19.183807104825974 -21.565069943666458 2.6
      vertex -19.183807104825974 -21.565069943666458 14
      vertex -18.63880379498005 -21.75007363408804 2.6
    endloop
  endfacet
  facet normal 0.1950903295045591 0.9807852789136889 0
    outer loop
      vertex -18.63880379498005 -21.75007363408804 2.6
      vertex -18.63880379498005 -21.75007363408804 14
      vertex -18.07431524246931 -21.862357392907143 2.6
    endloop
  endfacet
  facet normal 0.0654031220742139 0.9978589237076277 0
    outer loop
      vertex -18.07431524246931 -21.862357392907143 2.6
      vertex -18.07431524246931 -21.862357392907143 14
      vertex -17.5 -21.899999998509884 2.6
    endloop
  endfacet
  facet normal 0 0 1
    outer loop
      vertex -19.183807104825974 -21.565069943666458 2.6
      vertex -18.63880379498005 -21.75007363408804 2.6
      vertex 20.17855028808117 -20.990754693746567 2.6
    endloop
  endfacet
  facet normal 0 0 1
    outer loop
      vertex -20.17855028808117 -20.990754693746567 2.6
      vertex -19.700000002980232 -21.310511775314808 2.6
      vertex 20.990754693746567 -20.17855028808117 2.6
    endloop
  endfacet
  facet normal 0 0 1
    outer loop
      vertex -19.700000002980232 -21.310511775314808 2.6
      vertex -19.183807104825974 -21.565069943666458 2.6
      vertex 20.61126983910799 -20.61126983910799 2.6
    endloop
  endfacet
  facet normal 0 0 1
    outer loop
      vertex -20.61126983910799 -20.61126983910799 2.6
      vertex 21.565069943666458 -19.183807104825974 2.6
      vertex -20.990754693746567 -20.17855028808117 2.6
    endloop
  endfacet
  facet normal 0 0 1
    outer loop
      vertex -21.310511775314808 -19.700000002980232 2.6
      vertex -20.990754693746567 -20.17855028808117 2.6
      vertex 21.75007363408804 -18.63880379498005 2.6
    endloop
  endfacet
  facet normal 0 0 1
    outer loop
      vertex -20.61126983910799 -20.61126983910799 2.6
      vertex -20.17855028808117 -20.990754693746567 2.6
      vertex 21.310511775314808 -19.700000002980232 2.6
    endloop
  endfacet
  facet normal 0 0 1
    outer loop
      vertex -21.310511775314808 -19.700000002980232 2.6
      vertex 21.862357392907143 -18.07431524246931 2.6
      vertex -21.565069943666458 -19.183807104825974 2.6
    endloop
  endfacet
  facet normal 0 0 1
    outer loop
      vertex -21.565069943666458 -19.183807104825974 2.6
      vertex 21.899999998509884 -17.5 2.6
      vertex -21.75007363408804 -18.63880379498005 2.6
    endloop
  endfacet
  facet normal 0 0 1
    outer loop
      vertex -18.63880379498005 -21.75007363408804 2.6
      vertex -18.07431524246931 -21.862357392907143 2.6
      vertex 19.700000002980232 -21.310511775314808 2.6
    endloop
  endfacet
  facet normal 0 0 1
    outer loop
      vertex -18.07431524246931 -21.862357392907143 2.6
      vertex -17.5 -21.899999998509884 2.6
      vertex 19.183807104825974 -21.565069943666458 2.6
    endloop
  endfacet
  facet normal 0 1 0
    outer loop
      vertex -17.5 -21.899999998509884 2.6
      vertex -17.5 -21.899999998509884 14
      vertex 17.5 -21.899999998509884 2.6
    endloop
  endfacet
  facet normal 0 0 1
    outer loop
      vertex -21.75007363408804 -18.63880379498005 2.6
      vertex 21.899999998509884 17.5 2.6
      vertex -21.862357392907143 -18.07431524246931 2.6
    endloop
  endfacet
  facet normal 0 0 1
    outer loop
      vertex -21.862357392907143 -18.07431524246931 2.6
      vertex 21.862357392907143 18.07431524246931 2.6
      vertex -21.899999998509884 -17.5 2.6
    endloop
  endfacet
  facet normal 0.8968727403768488 0.44228869256281184 0
    outer loop
      vertex -21.310511775314808 -19.700000002980232 2.6
      vertex -21.565069943666458 -19.183807104825974 14
      vertex -21.310511775314808 -19.700000002980232 14
    endloop
  endfacet
  facet normal 0.8314696091775019 0.5555702376965599 0
    outer loop
      vertex -20.990754693746567 -20.17855028808117 2.6
      vertex -21.310511775314808 -19.700000002980232 14
      vertex -20.990754693746567 -20.17855028808117 14
    endloop
  endfacet
  facet normal 0.751839813240027 0.6593458085308508 0
    outer loop
      vertex -20.61126983910799 -20.61126983910799 2.6
      vertex -20.990754693746567 -20.17855028808117 14
      vertex -20.61126983910799 -20.61126983910799 14
    endloop
  endfacet
  facet normal 0.9807852789136889 0.1950903295045591 0
    outer loop
      vertex -21.75007363408804 -18.63880379498005 2.6
      vertex -21.862357392907143 -18.07431524246931 14
      vertex -21.75007363408804 -18.63880379498005 14
    endloop
  endfacet
  facet normal 0.9469301317164274 0.3214394587593589 0
    outer loop
      vertex -21.565069943666458 -19.183807104825974 2.6
      vertex -21.75007363408804 -18.63880379498005 14
      vertex -21.565069943666458 -19.183807104825974 14
    endloop
  endfacet
  facet normal 0.9978589237076277 0.0654031220742139 0
    outer loop
      vertex -21.862357392907143 -18.07431524246931 2.6
      vertex -21.899999998509884 -17.5 14
      vertex -21.862357392907143 -18.07431524246931 14
    endloop
  endfacet
  facet normal 0.6593458085308508 0.751839813240027 0
    outer loop
      vertex -20.17855028808117 -20.990754693746567 2.6
      vertex -20.61126983910799 -20.61126983910799 14
      vertex -20.17855028808117 -20.990754693746567 14
    endloop
  endfacet
  facet normal 0.5555702376965599 0.8314696091775019 0
    outer loop
      vertex -19.700000002980232 -21.310511775314808 2.6
      vertex -20.17855028808117 -20.990754693746567 14
      vertex -19.700000002980232 -21.310511775314808 14
    endloop
  endfacet
  facet normal 0.44228869256281184 0.8968727403768488 0
    outer loop
      vertex -19.183807104825974 -21.565069943666458 2.6
      vertex -19.700000002980232 -21.310511775314808 14
      vertex -19.183807104825974 -21.565069943666458 14
    endloop
  endfacet
  facet normal 0.3214394587593589 0.9469301317164274 0
    outer loop
      vertex -18.63880379498005 -21.75007363408804 2.6
      vertex -19.183807104825974 -21.565069943666458 14
      vertex -18.63880379498005 -21.75007363408804 14
    endloop
  endfacet
  facet normal 0.1950903295045591 0.9807852789136889 0
    outer loop
      vertex -18.07431524246931 -21.862357392907143 2.6
      vertex -18.63880379498005 -21.75007363408804 14
      vertex -18.07431524246931 -21.862357392907143 14
    endloop
  endfacet
  facet normal 0.0654031220742139 0.9978589237076277 0
    outer loop
      vertex -17.5 -21.899999998509884 2.6
      vertex -18.07431524246931 -21.862357392907143 14
      vertex -17.5 -21.899999998509884 14
    endloop
  endfacet
  facet normal 1 0 0
    outer loop
      vertex -21.899999998509884 -17.5 2.6
      vertex -21.899999998509884 17.5 14
      vertex -21.899999998509884 -17.5 14
    endloop
  endfacet
  facet normal 1 0 0
    outer loop
      vertex -21.899999998509884 -17.5 2.6
      vertex -21.899999998509884 17.5 2.6
      vertex -21.899999998509884 17.5 14
    endloop
  endfacet
  facet normal 0 0 1
    outer loop
      vertex -18.63880379498005 21.75007363408804 2.6
      vertex -17.5 21.899999998509884 2.6
      vertex -18.07431524246931 21.862357392907143 2.6
    endloop
  endfacet
  facet normal 0.9978589237076277 -0.0654031220742139 0
    outer loop
      vertex -21.899999998509884 17.5 2.6
      vertex -21.862357392907143 18.07431524246931 2.6
      vertex -21.862357392907143 18.07431524246931 14
    endloop
  endfacet
  facet normal 0.9807852789136889 -0.1950903295045591 0
    outer loop
      vertex -21.862357392907143 18.07431524246931 2.6
      vertex -21.75007363408804 18.63880379498005 2.6
      vertex -21.75007363408804 18.63880379498005 14
    endloop
  endfacet
  facet normal 0.9469301317164274 -0.3214394587593589 0
    outer loop
      vertex -21.75007363408804 18.63880379498005 2.6
      vertex -21.565069943666458 19.183807104825974 2.6
      vertex -21.565069943666458 19.183807104825974 14
    endloop
  endfacet
  facet normal 0.8968727403768488 -0.44228869256281184 0
    outer loop
      vertex -21.565069943666458 19.183807104825974 2.6
      vertex -21.310511775314808 19.700000002980232 2.6
      vertex -21.310511775314808 19.700000002980232 14
    endloop
  endfacet
  facet normal 0.8314696091775019 -0.5555702376965599 0
    outer loop
      vertex -21.310511775314808 19.700000002980232 2.6
      vertex -20.990754693746567 20.17855028808117 2.6
      vertex -20.990754693746567 20.17855028808117 14
    endloop
  endfacet
  facet normal 0.751839813240027 -0.6593458085308508 0
    outer loop
      vertex -20.990754693746567 20.17855028808117 2.6
      vertex -20.61126983910799 20.61126983910799 2.6
      vertex -20.61126983910799 20.61126983910799 14
    endloop
  endfacet
  facet normal 0.6593458085308508 -0.751839813240027 0
    outer loop
      vertex -20.61126983910799 20.61126983910799 2.6
      vertex -20.17855028808117 20.990754693746567 2.6
      vertex -20.17855028808117 20.990754693746567 14
    endloop
  endfacet
  facet normal 0.5555702376965599 -0.8314696091775019 0
    outer loop
      vertex -20.17855028808117 20.990754693746567 2.6
      vertex -19.700000002980232 21.310511775314808 2.6
      vertex -19.700000002980232 21.310511775314808 14
    endloop
  endfacet
  facet normal 0.44228869256281184 -0.8968727403768488 0
    outer loop
      vertex -19.700000002980232 21.310511775314808 2.6
      vertex -19.183807104825974 21.565069943666458 2.6
      vertex -19.183807104825974 21.565069943666458 14
    endloop
  endfacet
  facet normal 0.3214394587593589 -0.9469301317164274 0
    outer loop
      vertex -19.183807104825974 21.565069943666458 2.6
      vertex -18.63880379498005 21.75007363408804 2.6
      vertex -18.63880379498005 21.75007363408804 14
    endloop
  endfacet
  facet normal 0.1950903295045591 -0.9807852789136889 0
    outer loop
      vertex -18.63880379498005 21.75007363408804 2.6
      vertex -18.07431524246931 21.862357392907143 2.6
      vertex -18.07431524246931 21.862357392907143 14
    endloop
  endfacet
  facet normal 0.0654031220742139 -0.9978589237076277 0
    outer loop
      vertex -18.07431524246931 21.862357392907143 2.6
      vertex -17.5 21.899999998509884 2.6
      vertex -17.5 21.899999998509884 14
    endloop
  endfacet
  facet normal 0 0 1
    outer loop
      vertex -21.899999998509884 -17.5 2.6
      vertex 21.75007363408804 18.63880379498005 2.6
      vertex -21.899999998509884 17.5 2.6
    endloop
  endfacet
  facet normal 0 0 1
    outer loop
      vertex -21.899999998509884 17.5 2.6
      vertex 21.565069943666458 19.183807104825974 2.6
      vertex -21.862357392907143 18.07431524246931 2.6
    endloop
  endfacet
  facet normal 0 0 1
    outer loop
      vertex -21.862357392907143 18.07431524246931 2.6
      vertex 21.310511775314808 19.700000002980232 2.6
      vertex -21.75007363408804 18.63880379498005 2.6
    endloop
  endfacet
  facet normal 0 0 1
    outer loop
      vertex -21.75007363408804 18.63880379498005 2.6
      vertex 20.990754693746567 20.17855028808117 2.6
      vertex -21.565069943666458 19.183807104825974 2.6
    endloop
  endfacet
  facet normal 0 0 1
    outer loop
      vertex -21.565069943666458 19.183807104825974 2.6
      vertex 20.61126983910799 20.61126983910799 2.6
      vertex -21.310511775314808 19.700000002980232 2.6
    endloop
  endfacet
  facet normal 0 0 1
    outer loop
      vertex -21.310511775314808 19.700000002980232 2.6
      vertex 20.17855028808117 20.990754693746567 2.6
      vertex -20.990754693746567 20.17855028808117 2.6
    endloop
  endfacet
  facet normal 0 0 1
    outer loop
      vertex -20.990754693746567 20.17855028808117 2.6
      vertex 19.700000002980232 21.310511775314808 2.6
      vertex -20.61126983910799 20.61126983910799 2.6
    endloop
  endfacet
  facet normal 0 0 1
    outer loop
      vertex -20.61126983910799 20.61126983910799 2.6
      vertex 19.183807104825974 21.565069943666458 2.6
      vertex -20.17855028808117 20.990754693746567 2.6
    endloop
  endfacet
  facet normal 0 0 1
    outer loop
      vertex -20.17855028808117 20.990754693746567 2.6
      vertex 18.63880379498005 21.75007363408804 2.6
      vertex -19.700000002980232 21.310511775314808 2.6
    endloop
  endfacet
  facet normal 0 0 1
    outer loop
      vertex -19.700000002980232 21.310511775314808 2.6
      vertex 18.07431524246931 21.862357392907143 2.6
      vertex -19.183807104825974 21.565069943666458 2.6
    endloop
  endfacet
  facet normal 0 0 1
    outer loop
      vertex -19.183807104825974 21.565069943666458 2.6
      vertex 17.5 21.899999998509884 2.6
      vertex -18.63880379498005 21.75007363408804 2.6
    endloop
  endfacet
  facet normal 0 0 1
    outer loop
      vertex -18.63880379498005 21.75007363408804 2.6
      vertex 17.5 21.899999998509884 2.6
      vertex -17.5 21.899999998509884 2.6
    endloop
  endfacet
  facet normal 0.9978589237076277 -0.0654031220742139 0
    outer loop
      vertex -21.899999998509884 17.5 2.6
      vertex -21.862357392907143 18.07431524246931 14
      vertex -21.899999998509884 17.5 14
    endloop
  endfacet
  facet normal 0.9807852789136889 -0.1950903295045591 0
    outer loop
      vertex -21.862357392907143 18.07431524246931 2.6
      vertex -21.75007363408804 18.63880379498005 14
      vertex -21.862357392907143 18.07431524246931 14
    endloop
  endfacet
  facet normal 0.9469301317164274 -0.3214394587593589 0
    outer loop
      vertex -21.75007363408804 18.63880379498005 2.6
      vertex -21.565069943666458 19.183807104825974 14
      vertex -21.75007363408804 18.63880379498005 14
    endloop
  endfacet
  facet normal 0.8968727403768488 -0.44228869256281184 0
    outer loop
      vertex -21.565069943666458 19.183807104825974 2.6
      vertex -21.310511775314808 19.700000002980232 14
      vertex -21.565069943666458 19.183807104825974 14
    endloop
  endfacet
  facet normal 0.8314696091775019 -0.5555702376965599 0
    outer loop
      vertex -21.310511775314808 19.700000002980232 2.6
      vertex -20.990754693746567 20.17855028808117 14
      vertex -21.310511775314808 19.700000002980232 14
    endloop
  endfacet
  facet normal 0.751839813240027 -0.6593458085308508 0
    outer loop
      vertex -20.990754693746567 20.17855028808117 2.6
      vertex -20.61126983910799 20.61126983910799 14
      vertex -20.990754693746567 20.17855028808117 14
    endloop
  endfacet
  facet normal 0.6593458085308508 -0.751839813240027 0
    outer loop
      vertex -20.61126983910799 20.61126983910799 2.6
      vertex -20.17855028808117 20.990754693746567 14
      vertex -20.61126983910799 20.61126983910799 14
    endloop
  endfacet
  facet normal 0.5555702376965599 -0.8314696091775019 0
    outer loop
      vertex -20.17855028808117 20.990754693746567 2.6
      vertex -19.700000002980232 21.310511775314808 14
      vertex -20.17855028808117 20.990754693746567 14
    endloop
  endfacet
  facet normal 0.44228869256281184 -0.8968727403768488 0
    outer loop
      vertex -19.700000002980232 21.310511775314808 2.6
      vertex -19.183807104825974 21.565069943666458 14
      vertex -19.700000002980232 21.310511775314808 14
    endloop
  endfacet
  facet normal 0.3214394587593589 -0.9469301317164274 0
    outer loop
      vertex -19.183807104825974 21.565069943666458 2.6
      vertex -18.63880379498005 21.75007363408804 14
      vertex -19.183807104825974 21.565069943666458 14
    endloop
  endfacet
  facet normal 0.1950903295045591 -0.9807852789136889 0
    outer loop
      vertex -18.63880379498005 21.75007363408804 2.6
      vertex -18.07431524246931 21.862357392907143 14
      vertex -18.63880379498005 21.75007363408804 14
    endloop
  endfacet
  facet normal 0.0654031220742139 -0.9978589237076277 0
    outer loop
      vertex -18.07431524246931 21.862357392907143 2.6
      vertex -17.5 21.899999998509884 14
      vertex -18.07431524246931 21.862357392907143 14
    endloop
  endfacet
  facet normal 0 -1 0
    outer loop
      vertex -17.5 21.899999998509884 2.6
      vertex 17.5 21.899999998509884 14
      vertex -17.5 21.899999998509884 14
    endloop
  endfacet
  facet normal 0 0 1
    outer loop
      vertex -17.5 -21.899999998509884 2.6
      vertex 17.5 -21.899999998509884 2.6
      vertex 18.63880379498005 -21.75007363408804 2.6
    endloop
  endfacet
  facet normal 0 0 1
    outer loop
      vertex -17.5 -21.899999998509884 2.6
      vertex 18.63880379498005 -21.75007363408804 2.6
      vertex 19.183807104825974 -21.565069943666458 2.6
    endloop
  endfacet
  facet normal 0 0 1
    outer loop
      vertex -18.07431524246931 -21.862357392907143 2.6
      vertex 19.183807104825974 -21.565069943666458 2.6
      vertex 19.700000002980232 -21.310511775314808 2.6
    endloop
  endfacet
  facet normal 0 0 1
    outer loop
      vertex -18.63880379498005 -21.75007363408804 2.6
      vertex 19.700000002980232 -21.310511775314808 2.6
      vertex 20.17855028808117 -20.990754693746567 2.6
    endloop
  endfacet
  facet normal 0 0 1
    outer loop
      vertex -19.183807104825974 -21.565069943666458 2.6
      vertex 20.17855028808117 -20.990754693746567 2.6
      vertex 20.61126983910799 -20.61126983910799 2.6
    endloop
  endfacet
  facet normal 0 0 1
    outer loop
      vertex -19.700000002980232 -21.310511775314808 2.6
      vertex 20.61126983910799 -20.61126983910799 2.6
      vertex 20.990754693746567 -20.17855028808117 2.6
    endloop
  endfacet
  facet normal 0 0 1
    outer loop
      vertex -20.17855028808117 -20.990754693746567 2.6
      vertex 20.990754693746567 -20.17855028808117 2.6
      vertex 21.310511775314808 -19.700000002980232 2.6
    endloop
  endfacet
  facet normal 0 0 1
    outer loop
      vertex -20.61126983910799 -20.61126983910799 2.6
      vertex 21.310511775314808 -19.700000002980232 2.6
      vertex 21.565069943666458 -19.183807104825974 2.6
    endloop
  endfacet
  facet normal 0 0 1
    outer loop
      vertex -20.990754693746567 -20.17855028808117 2.6
      vertex 21.565069943666458 -19.183807104825974 2.6
      vertex 21.75007363408804 -18.63880379498005 2.6
    endloop
  endfacet
  facet normal 0 0 1
    outer loop
      vertex -21.310511775314808 -19.700000002980232 2.6
      vertex 21.75007363408804 -18.63880379498005 2.6
      vertex 21.862357392907143 -18.07431524246931 2.6
    endloop
  endfacet
  facet normal 0 0 1
    outer loop
      vertex -21.565069943666458 -19.183807104825974 2.6
      vertex 21.862357392907143 -18.07431524246931 2.6
      vertex 21.899999998509884 -17.5 2.6
    endloop
  endfacet
  facet normal 0 0 1
    outer loop
      vertex -21.75007363408804 -18.63880379498005 2.6
      vertex 21.899999998509884 -17.5 2.6
      vertex 21.899999998509884 17.5 2.6
    endloop
  endfacet
  facet normal 0 0 1
    outer loop
      vertex 17.5 -21.899999998509884 2.6
      vertex 18.07431524246931 -21.862357392907143 2.6
      vertex 18.63880379498005 -21.75007363408804 2.6
    endloop
  endfacet
  facet normal -0.0654031220742139 0.9978589237076277 0
    outer loop
      vertex 17.5 -21.899999998509884 2.6
      vertex 17.5 -21.899999998509884 14
      vertex 18.07431524246931 -21.862357392907143 2.6
    endloop
  endfacet
  facet normal -0.1950903295045591 0.9807852789136889 0
    outer loop
      vertex 18.07431524246931 -21.862357392907143 2.6
      vertex 18.07431524246931 -21.862357392907143 14
      vertex 18.63880379498005 -21.75007363408804 2.6
    endloop
  endfacet
  facet normal -0.3214394587593589 0.9469301317164274 0
    outer loop
      vertex 18.63880379498005 -21.75007363408804 2.6
      vertex 18.63880379498005 -21.75007363408804 14
      vertex 19.183807104825974 -21.565069943666458 2.6
    endloop
  endfacet
  facet normal -0.44228869256281184 0.8968727403768488 0
    outer loop
      vertex 19.183807104825974 -21.565069943666458 2.6
      vertex 19.183807104825974 -21.565069943666458 14
      vertex 19.700000002980232 -21.310511775314808 2.6
    endloop
  endfacet
  facet normal -0.5555702376965599 0.8314696091775019 0
    outer loop
      vertex 19.700000002980232 -21.310511775314808 2.6
      vertex 19.700000002980232 -21.310511775314808 14
      vertex 20.17855028808117 -20.990754693746567 2.6
    endloop
  endfacet
  facet normal -0.6593458085308508 0.751839813240027 0
    outer loop
      vertex 20.17855028808117 -20.990754693746567 2.6
      vertex 20.17855028808117 -20.990754693746567 14
      vertex 20.61126983910799 -20.61126983910799 2.6
    endloop
  endfacet
  facet normal -0.751839813240027 0.6593458085308508 0
    outer loop
      vertex 20.61126983910799 -20.61126983910799 2.6
      vertex 20.61126983910799 -20.61126983910799 14
      vertex 20.990754693746567 -20.17855028808117 2.6
    endloop
  endfacet
  facet normal -0.8314696091775019 0.5555702376965599 0
    outer loop
      vertex 20.990754693746567 -20.17855028808117 2.6
      vertex 20.990754693746567 -20.17855028808117 14
      vertex 21.310511775314808 -19.700000002980232 2.6
    endloop
  endfacet
  facet normal -0.8968727403768488 0.44228869256281184 0
    outer loop
      vertex 21.310511775314808 -19.700000002980232 2.6
      vertex 21.310511775314808 -19.700000002980232 14
      vertex 21.565069943666458 -19.183807104825974 2.6
    endloop
  endfacet
  facet normal -0.9469301317164274 0.3214394587593589 0
    outer loop
      vertex 21.565069943666458 -19.183807104825974 2.6
      vertex 21.565069943666458 -19.183807104825974 14
      vertex 21.75007363408804 -18.63880379498005 2.6
    endloop
  endfacet
  facet normal -0.9807852789136889 0.1950903295045591 0
    outer loop
      vertex 21.75007363408804 -18.63880379498005 2.6
      vertex 21.75007363408804 -18.63880379498005 14
      vertex 21.862357392907143 -18.07431524246931 2.6
    endloop
  endfacet
  facet normal -0.9978589237076277 0.0654031220742139 0
    outer loop
      vertex 21.862357392907143 -18.07431524246931 2.6
      vertex 21.862357392907143 -18.07431524246931 14
      vertex 21.899999998509884 -17.5 2.6
    endloop
  endfacet
  facet normal -1 0 0
    outer loop
      vertex 21.899999998509884 -17.5 2.6
      vertex 21.899999998509884 -17.5 14
      vertex 21.899999998509884 17.5 2.6
    endloop
  endfacet
  facet normal 0 1 0
    outer loop
      vertex -17.5 -21.899999998509884 14
      vertex 17.5 -21.899999998509884 14
      vertex 17.5 -21.899999998509884 2.6
    endloop
  endfacet
  facet normal -0.0654031220742139 0.9978589237076277 0
    outer loop
      vertex 18.07431524246931 -21.862357392907143 2.6
      vertex 17.5 -21.899999998509884 14
      vertex 18.07431524246931 -21.862357392907143 14
    endloop
  endfacet
  facet normal -0.1950903295045591 0.9807852789136889 0
    outer loop
      vertex 18.63880379498005 -21.75007363408804 2.6
      vertex 18.07431524246931 -21.862357392907143 14
      vertex 18.63880379498005 -21.75007363408804 14
    endloop
  endfacet
  facet normal -0.3214394587593589 0.9469301317164274 0
    outer loop
      vertex 19.183807104825974 -21.565069943666458 2.6
      vertex 18.63880379498005 -21.75007363408804 14
      vertex 19.183807104825974 -21.565069943666458 14
    endloop
  endfacet
  facet normal -0.44228869256281184 0.8968727403768488 0
    outer loop
      vertex 19.700000002980232 -21.310511775314808 2.6
      vertex 19.183807104825974 -21.565069943666458 14
      vertex 19.700000002980232 -21.310511775314808 14
    endloop
  endfacet
  facet normal -0.5555702376965599 0.8314696091775019 0
    outer loop
      vertex 20.17855028808117 -20.990754693746567 2.6
      vertex 19.700000002980232 -21.310511775314808 14
      vertex 20.17855028808117 -20.990754693746567 14
    endloop
  endfacet
  facet normal -0.6593458085308508 0.751839813240027 0
    outer loop
      vertex 20.61126983910799 -20.61126983910799 2.6
      vertex 20.17855028808117 -20.990754693746567 14
      vertex 20.61126983910799 -20.61126983910799 14
    endloop
  endfacet
  facet normal -0.751839813240027 0.6593458085308508 0
    outer loop
      vertex 20.990754693746567 -20.17855028808117 2.6
      vertex 20.61126983910799 -20.61126983910799 14
      vertex 20.990754693746567 -20.17855028808117 14
    endloop
  endfacet
  facet normal -0.8314696091775019 0.5555702376965599 0
    outer loop
      vertex 21.310511775314808 -19.700000002980232 2.6
      vertex 20.990754693746567 -20.17855028808117 14
      vertex 21.310511775314808 -19.700000002980232 14
    endloop
  endfacet
  facet normal -0.8968727403768488 0.44228869256281184 0
    outer loop
      vertex 21.565069943666458 -19.183807104825974 2.6
      vertex 21.310511775314808 -19.700000002980232 14
      vertex 21.565069943666458 -19.183807104825974 14
    endloop
  endfacet
  facet normal -0.9469301317164274 0.3214394587593589 0
    outer loop
      vertex 21.75007363408804 -18.63880379498005 2.6
      vertex 21.565069943666458 -19.183807104825974 14
      vertex 21.75007363408804 -18.63880379498005 14
    endloop
  endfacet
  facet normal -0.9807852789136889 0.1950903295045591 0
    outer loop
      vertex 21.862357392907143 -18.07431524246931 2.6
      vertex 21.75007363408804 -18.63880379498005 14
      vertex 21.862357392907143 -18.07431524246931 14
    endloop
  endfacet
  facet normal -0.9978589237076277 0.0654031220742139 0
    outer loop
      vertex 21.899999998509884 -17.5 2.6
      vertex 21.862357392907143 -18.07431524246931 14
      vertex 21.899999998509884 -17.5 14
    endloop
  endfacet
  facet normal 0 0 1
    outer loop
      vertex -21.862357392907143 -18.07431524246931 2.6
      vertex 21.899999998509884 17.5 2.6
      vertex 21.862357392907143 18.07431524246931 2.6
    endloop
  endfacet
  facet normal 0 0 1
    outer loop
      vertex -21.899999998509884 -17.5 2.6
      vertex 21.862357392907143 18.07431524246931 2.6
      vertex 21.75007363408804 18.63880379498005 2.6
    endloop
  endfacet
  facet normal 0 0 1
    outer loop
      vertex -19.183807104825974 21.565069943666458 2.6
      vertex 18.07431524246931 21.862357392907143 2.6
      vertex 17.5 21.899999998509884 2.6
    endloop
  endfacet
  facet normal 0 0 1
    outer loop
      vertex -19.700000002980232 21.310511775314808 2.6
      vertex 18.63880379498005 21.75007363408804 2.6
      vertex 18.07431524246931 21.862357392907143 2.6
    endloop
  endfacet
  facet normal 0 0 1
    outer loop
      vertex -21.899999998509884 17.5 2.6
      vertex 21.75007363408804 18.63880379498005 2.6
      vertex 21.565069943666458 19.183807104825974 2.6
    endloop
  endfacet
  facet normal 0 0 1
    outer loop
      vertex -21.862357392907143 18.07431524246931 2.6
      vertex 21.565069943666458 19.183807104825974 2.6
      vertex 21.310511775314808 19.700000002980232 2.6
    endloop
  endfacet
  facet normal 0 0 1
    outer loop
      vertex -21.310511775314808 19.700000002980232 2.6
      vertex 20.61126983910799 20.61126983910799 2.6
      vertex 20.17855028808117 20.990754693746567 2.6
    endloop
  endfacet
  facet normal 0 0 1
    outer loop
      vertex -21.75007363408804 18.63880379498005 2.6
      vertex 21.310511775314808 19.700000002980232 2.6
      vertex 20.990754693746567 20.17855028808117 2.6
    endloop
  endfacet
  facet normal 0 0 1
    outer loop
      vertex -21.565069943666458 19.183807104825974 2.6
      vertex 20.990754693746567 20.17855028808117 2.6
      vertex 20.61126983910799 20.61126983910799 2.6
    endloop
  endfacet
  facet normal 0 0 1
    outer loop
      vertex -20.61126983910799 20.61126983910799 2.6
      vertex 19.700000002980232 21.310511775314808 2.6
      vertex 19.183807104825974 21.565069943666458 2.6
    endloop
  endfacet
  facet normal 0 0 1
    outer loop
      vertex -20.990754693746567 20.17855028808117 2.6
      vertex 20.17855028808117 20.990754693746567 2.6
      vertex 19.700000002980232 21.310511775314808 2.6
    endloop
  endfacet
  facet normal 0 0 1
    outer loop
      vertex -20.17855028808117 20.990754693746567 2.6
      vertex 19.183807104825974 21.565069943666458 2.6
      vertex 18.63880379498005 21.75007363408804 2.6
    endloop
  endfacet
  facet normal 0 -1 0
    outer loop
      vertex -17.5 21.899999998509884 2.6
      vertex 17.5 21.899999998509884 2.6
      vertex 17.5 21.899999998509884 14
    endloop
  endfacet
  facet normal -0.0654031220742139 -0.9978589237076277 0
    outer loop
      vertex 17.5 21.899999998509884 2.6
      vertex 18.07431524246931 21.862357392907143 2.6
      vertex 18.07431524246931 21.862357392907143 14
    endloop
  endfacet
  facet normal -0.1950903295045591 -0.9807852789136889 0
    outer loop
      vertex 18.07431524246931 21.862357392907143 2.6
      vertex 18.63880379498005 21.75007363408804 2.6
      vertex 18.63880379498005 21.75007363408804 14
    endloop
  endfacet
  facet normal -0.3214394587593589 -0.9469301317164274 0
    outer loop
      vertex 18.63880379498005 21.75007363408804 2.6
      vertex 19.183807104825974 21.565069943666458 2.6
      vertex 19.183807104825974 21.565069943666458 14
    endloop
  endfacet
  facet normal -0.44228869256281184 -0.8968727403768488 0
    outer loop
      vertex 19.183807104825974 21.565069943666458 2.6
      vertex 19.700000002980232 21.310511775314808 2.6
      vertex 19.700000002980232 21.310511775314808 14
    endloop
  endfacet
  facet normal -0.5555702376965599 -0.8314696091775019 0
    outer loop
      vertex 19.700000002980232 21.310511775314808 2.6
      vertex 20.17855028808117 20.990754693746567 2.6
      vertex 20.17855028808117 20.990754693746567 14
    endloop
  endfacet
  facet normal -0.6593458085308508 -0.751839813240027 0
    outer loop
      vertex 20.17855028808117 20.990754693746567 2.6
      vertex 20.61126983910799 20.61126983910799 2.6
      vertex 20.61126983910799 20.61126983910799 14
    endloop
  endfacet
  facet normal -0.9978589237076277 -0.0654031220742139 0
    outer loop
      vertex 21.899999998509884 17.5 2.6
      vertex 21.899999998509884 17.5 14
      vertex 21.862357392907143 18.07431524246931 2.6
    endloop
  endfacet
  facet normal -0.9807852789136889 -0.1950903295045591 0
    outer loop
      vertex 21.862357392907143 18.07431524246931 2.6
      vertex 21.862357392907143 18.07431524246931 14
      vertex 21.75007363408804 18.63880379498005 2.6
    endloop
  endfacet
  facet normal -0.9469301317164274 -0.3214394587593589 0
    outer loop
      vertex 21.75007363408804 18.63880379498005 2.6
      vertex 21.75007363408804 18.63880379498005 14
      vertex 21.565069943666458 19.183807104825974 2.6
    endloop
  endfacet
  facet normal -0.751839813240027 -0.6593458085308508 0
    outer loop
      vertex 20.990754693746567 20.17855028808117 2.6
      vertex 20.990754693746567 20.17855028808117 14
      vertex 20.61126983910799 20.61126983910799 2.6
    endloop
  endfacet
  facet normal -0.8314696091775019 -0.5555702376965599 0
    outer loop
      vertex 20.990754693746567 20.17855028808117 2.6
      vertex 21.310511775314808 19.700000002980232 2.6
      vertex 21.310511775314808 19.700000002980232 14
    endloop
  endfacet
  facet normal -0.8968727403768488 -0.44228869256281184 0
    outer loop
      vertex 21.565069943666458 19.183807104825974 2.6
      vertex 21.565069943666458 19.183807104825974 14
      vertex 21.310511775314808 19.700000002980232 2.6
    endloop
  endfacet
  facet normal -1 0 0
    outer loop
      vertex 21.899999998509884 -17.5 14
      vertex 21.899999998509884 17.5 14
      vertex 21.899999998509884 17.5 2.6
    endloop
  endfacet
  facet normal -0.0654031220742139 -0.9978589237076277 0
    outer loop
      vertex 17.5 21.899999998509884 2.6
      vertex 18.07431524246931 21.862357392907143 14
      vertex 17.5 21.899999998509884 14
    endloop
  endfacet
  facet normal -0.1950903295045591 -0.9807852789136889 0
    outer loop
      vertex 18.07431524246931 21.862357392907143 2.6
      vertex 18.63880379498005 21.75007363408804 14
      vertex 18.07431524246931 21.862357392907143 14
    endloop
  endfacet
  facet normal -0.3214394587593589 -0.9469301317164274 0
    outer loop
      vertex 18.63880379498005 21.75007363408804 2.6
      vertex 19.183807104825974 21.565069943666458 14
      vertex 18.63880379498005 21.75007363408804 14
    endloop
  endfacet
  facet normal -0.44228869256281184 -0.8968727403768488 0
    outer loop
      vertex 19.183807104825974 21.565069943666458 2.6
      vertex 19.700000002980232 21.310511775314808 14
      vertex 19.183807104825974 21.565069943666458 14
    endloop
  endfacet
  facet normal -0.5555702376965599 -0.8314696091775019 0
    outer loop
      vertex 19.700000002980232 21.310511775314808 2.6
      vertex 20.17855028808117 20.990754693746567 14
      vertex 19.700000002980232 21.310511775314808 14
    endloop
  endfacet
  facet normal -0.6593458085308508 -0.751839813240027 0
    outer loop
      vertex 20.17855028808117 20.990754693746567 2.6
      vertex 20.61126983910799 20.61126983910799 14
      vertex 20.17855028808117 20.990754693746567 14
    endloop
  endfacet
  facet normal -0.9978589237076277 -0.0654031220742139 0
    outer loop
      vertex 21.862357392907143 18.07431524246931 2.6
      vertex 21.899999998509884 17.5 14
      vertex 21.862357392907143 18.07431524246931 14
    endloop
  endfacet
  facet normal -0.9469301317164274 -0.3214394587593589 0
    outer loop
      vertex 21.565069943666458 19.183807104825974 2.6
      vertex 21.75007363408804 18.63880379498005 14
      vertex 21.565069943666458 19.183807104825974 14
    endloop
  endfacet
  facet normal -0.9807852789136889 -0.1950903295045591 0
    outer loop
      vertex 21.75007363408804 18.63880379498005 2.6
      vertex 21.862357392907143 18.07431524246931 14
      vertex 21.75007363408804 18.63880379498005 14
    endloop
  endfacet
  facet normal -0.751839813240027 -0.6593458085308508 0
    outer loop
      vertex 20.61126983910799 20.61126983910799 2.6
      vertex 20.990754693746567 20.17855028808117 14
      vertex 20.61126983910799 20.61126983910799 14
    endloop
  endfacet
  facet normal -0.8314696091775019 -0.5555702376965599 0
    outer loop
      vertex 20.990754693746567 20.17855028808117 2.6
      vertex 21.310511775314808 19.700000002980232 14
      vertex 20.990754693746567 20.17855028808117 14
    endloop
  endfacet
  facet normal -0.8968727403768488 -0.44228869256281184 0
    outer loop
      vertex 21.310511775314808 19.700000002980232 2.6
      vertex 21.565069943666458 19.183807104825974 14
      vertex 21.310511775314808 19.700000002980232 14
    endloop
  endfacet
  facet normal 0.8097670457656841 0.5867515075327175 0
    outer loop
      vertex -2.89933267980814 -8.102946601808071 0
      vertex -3.0209362357854843 -7.935123339295387 0
      vertex -3.0209362357854843 -7.935123339295387 0.010000000000000009
    endloop
  endfacet
  facet normal 0.9675621370755447 0.2526331547873419 0
    outer loop
      vertex -3.288158856332302 -7.371670916676521 0
      vertex -3.339620515704155 -7.174577414989471 0
      vertex -3.339620515704155 -7.174577414989471 0.010000000000000009
    endloop
  endfacet
  facet normal 0.6929371111985148 -0.7209980304576825 0
    outer loop
      vertex -3.012346252799034 -5.8974186554551125 0.010000000000000009
      vertex -3.013412591696966 -5.8984434929224525 0
      vertex -3.012346252799034 -5.8974186554551125 0
    endloop
  endfacet
  facet normal 0.5068602843579745 0.862028220037229 0
    outer loop
      vertex -2.3066528365015984 -8.600160762667656 0
      vertex -2.4658147245645523 -8.506575845181942 0
      vertex -2.4658147245645523 -8.506575845181942 0.010000000000000009
    endloop
  endfacet
  facet normal 0 0 -1
    outer loop
      vertex -2.89933267980814 -8.102946601808071 0.010000000000000009
      vertex -3.0209362357854843 -7.935123339295387 0.010000000000000009
      vertex -0.9081351980566978 -7.856555745005608 0.010000000000000009
    endloop
  endfacet
  facet normal 0 0 -1
    outer loop
      vertex -3.0209362357854843 -7.935123339295387 0.010000000000000009
      vertex -3.1274417638778687 -7.755225241184235 0.010000000000000009
      vertex -0.8967184200882912 -7.67227254062891 0.010000000000000009
    endloop
  endfacet
  facet normal 0 0 -1
    outer loop
      vertex -3.1274417638778687 -7.755225241184235 0.010000000000000009
      vertex -3.21702691167593 -7.5663304179906845 0.010000000000000009
      vertex -0.9065495580434799 -7.480411946773529 0.010000000000000009
    endloop
  endfacet
  facet normal 0 0 -1
    outer loop
      vertex -3.288158856332302 -7.371670916676521 0.010000000000000009
      vertex -0.9374604001641273 -7.284256763756275 0.010000000000000009
      vertex -3.21702691167593 -7.5663304179906845 0.010000000000000009
    endloop
  endfacet
  facet normal 0.12471753825514775 0.9921922876396368 0
    outer loop
      vertex -1.9824722334742546 -8.715769238770008 0.010000000000000009
      vertex -1.8230003342032433 -8.735814690589905 0
      vertex -1.9824722334742546 -8.715769238770008 0
    endloop
  endfacet
  facet normal 0 0 -1
    outer loop
      vertex -1.9824722334742546 -8.715769238770008 0.010000000000000009
      vertex -2.1446144953370094 -8.670291885733604 0.010000000000000009
      vertex -1.3873859569430351 -8.642133235931396 0.010000000000000009
    endloop
  endfacet
  facet normal 0 0 -1
    outer loop
      vertex -2.3066528365015984 -8.600160762667656 0.010000000000000009
      vertex -2.4658147245645523 -8.506575845181942 0.010000000000000009
      vertex -1.1570344343781471 -8.457906939089298 0.010000000000000009
    endloop
  endfacet
  facet normal 0 0 -1
    outer loop
      vertex -2.1446144953370094 -8.670291885733604 0.010000000000000009
      vertex -2.3066528365015984 -8.600160762667656 0.010000000000000009
      vertex -1.2647346630692482 -8.561415515840054 0.010000000000000009
    endloop
  endfacet
  facet normal 0 0 -1
    outer loop
      vertex -2.6193768605589867 -8.39113837480545 0.010000000000000009
      vertex -2.7647117525339127 -8.255823537707329 0.010000000000000009
      vertex -0.9935709238052368 -8.189961083233356 0.010000000000000009
    endloop
  endfacet
  facet normal 0 0 -1
    outer loop
      vertex -2.4658147245645523 -8.506575845181942 0.010000000000000009
      vertex -2.6193768605589867 -8.39113837480545 0.010000000000000009
      vertex -1.0661280453205109 -8.333378553390503 0.010000000000000009
    endloop
  endfacet
  facet normal 0 0 -1
    outer loop
      vertex -2.7647117525339127 -8.255823537707329 0.010000000000000009
      vertex -2.89933267980814 -8.102946601808071 0.010000000000000009
      vertex -0.9406045526266098 -8.030108444392681 0.010000000000000009
    endloop
  endfacet
  facet normal 0 0 -1
    outer loop
      vertex -1.8230003342032433 -8.735814690589905 0.010000000000000009
      vertex -1.9824722334742546 -8.715769238770008 0.010000000000000009
      vertex -1.5228897109627724 -8.698678992688656 0.010000000000000009
    endloop
  endfacet
  facet normal 0 0 -1
    outer loop
      vertex -1.8230003342032433 -8.735814690589905 0.010000000000000009
      vertex -1.5228897109627724 -8.698678992688656 0.010000000000000009
      vertex -1.6689274162054062 -8.730085261166096 0.010000000000000009
    endloop
  endfacet
  facet normal -0.21024893452928994 0.9776478842248361 0
    outer loop
      vertex -1.5228897109627724 -8.698678992688656 0
      vertex -1.6689274162054062 -8.730085261166096 0
      vertex -1.6689274162054062 -8.730085261166096 0.010000000000000009
    endloop
  endfacet
  facet normal 0 0 -1
    outer loop
      vertex -1.5228897109627724 -8.698678992688656 0.010000000000000009
      vertex -1.9824722334742546 -8.715769238770008 0.010000000000000009
      vertex -1.3873859569430351 -8.642133235931396 0.010000000000000009
    endloop
  endfacet
  facet normal -0.21024893452928994 0.9776478842248361 0
    outer loop
      vertex -1.5228897109627724 -8.698678992688656 0
      vertex -1.6689274162054062 -8.730085261166096 0.010000000000000009
      vertex -1.5228897109627724 -8.698678992688656 0.010000000000000009
    endloop
  endfacet
  facet normal 0 0 -1
    outer loop
      vertex -1.3873859569430351 -8.642133235931396 0.010000000000000009
      vertex -2.1446144953370094 -8.670291885733604 0.010000000000000009
      vertex -1.2647346630692482 -8.561415515840054 0.010000000000000009
    endloop
  endfacet
  facet normal 0 0 -1
    outer loop
      vertex -1.2647346630692482 -8.561415515840054 0.010000000000000009
      vertex -2.3066528365015984 -8.600160762667656 0.010000000000000009
      vertex -1.1570344343781471 -8.457906939089298 0.010000000000000009
    endloop
  endfacet
  facet normal 0 0 -1
    outer loop
      vertex -1.1570344343781471 -8.457906939089298 0.010000000000000009
      vertex -2.4658147245645523 -8.506575845181942 0.010000000000000009
      vertex -1.0661280453205109 -8.333378553390503 0.010000000000000009
    endloop
  endfacet
  facet normal 0 0 -1
    outer loop
      vertex -1.0661280453205109 -8.333378553390503 0.010000000000000009
      vertex -2.6193768605589867 -8.39113837480545 0.010000000000000009
      vertex -0.9935709238052368 -8.189961083233356 0.010000000000000009
    endloop
  endfacet
  facet normal 0 0 -1
    outer loop
      vertex -0.9935709238052368 -8.189961083233356 0.010000000000000009
      vertex -2.7647117525339127 -8.255823537707329 0.010000000000000009
      vertex -0.9406045526266098 -8.030108444392681 0.010000000000000009
    endloop
  endfacet
  facet normal 0 0 -1
    outer loop
      vertex -0.9406045526266098 -8.030108444392681 0.010000000000000009
      vertex -2.89933267980814 -8.102946601808071 0.010000000000000009
      vertex -0.9081351980566978 -7.856555745005608 0.010000000000000009
    endloop
  endfacet
  facet normal 0 0 -1
    outer loop
      vertex -0.9081351980566978 -7.856555745005608 0.010000000000000009
      vertex -3.0209362357854843 -7.935123339295387 0.010000000000000009
      vertex -0.8967184200882912 -7.67227254062891 0.010000000000000009
    endloop
  endfacet
  facet normal 0 0 -1
    outer loop
      vertex -0.9065495580434799 -7.480411946773529 0.010000000000000009
      vertex -3.21702691167593 -7.5663304179906845 0.010000000000000009
      vertex -0.9374604001641273 -7.284256763756275 0.010000000000000009
    endloop
  endfacet
  facet normal 0 0 -1
    outer loop
      vertex -0.8967184200882912 -7.67227254062891 0.010000000000000009
      vertex -3.1274417638778687 -7.755225241184235 0.010000000000000009
      vertex -0.9065495580434799 -7.480411946773529 0.010000000000000009
    endloop
  endfacet
  facet normal 0 0 -1
    outer loop
      vertex -3.339620515704155 -7.174577414989471 0.010000000000000009
      vertex -3.3705313578248024 -6.978422231972218 0.010000000000000009
      vertex -1.0600540041923523 -6.892503760755062 0.010000000000000009
    endloop
  endfacet
  facet normal 0 0 -1
    outer loop
      vertex -3.3705313578248024 -6.978422231972218 0.010000000000000009
      vertex -3.380362495779991 -6.7865616381168365 0.010000000000000009
      vertex -1.1496391519904137 -6.703608937561512 0.010000000000000009
    endloop
  endfacet
  facet normal 0 0 -1
    outer loop
      vertex -3.3689457178115845 -6.602278426289558 0.010000000000000009
      vertex -1.256144680082798 -6.523710839450359 0.010000000000000009
      vertex -3.380362495779991 -6.7865616381168365 0.010000000000000009
    endloop
  endfacet
  facet normal 0 0 -1
    outer loop
      vertex -3.288158856332302 -7.371670916676521 0.010000000000000009
      vertex -3.339620515704155 -7.174577414989471 0.010000000000000009
      vertex -0.9889220595359802 -7.087163262069225 0.010000000000000009
    endloop
  endfacet
  facet normal 0 0 -1
    outer loop
      vertex -3.3364763632416725 -6.4287257343530655 0.010000000000000009
      vertex -1.3777482360601425 -6.355887569487095 0.010000000000000009
      vertex -3.3689457178115845 -6.602278426289558 0.010000000000000009
    endloop
  endfacet
  facet normal 0 0 -1
    outer loop
      vertex -3.2835099920630455 -6.2688730880618095 0.010000000000000009
      vertex -1.5123691633343697 -6.203010633587837 0.010000000000000009
      vertex -3.3364763632416725 -6.4287257343530655 0.010000000000000009
    endloop
  endfacet
  facet normal 0 0 -1
    outer loop
      vertex -3.2109528705477715 -6.125455617904663 0.010000000000000009
      vertex -1.6577040553092957 -6.067695796489716 0.010000000000000009
      vertex -3.2835099920630455 -6.2688730880618095 0.010000000000000009
    endloop
  endfacet
  facet normal 0 0 -1
    outer loop
      vertex -3.120046481490135 -6.000927239656448 0.010000000000000009
      vertex -1.81126619130373 -5.952258333563805 0.010000000000000009
      vertex -3.2109528705477715 -6.125455617904663 0.010000000000000009
    endloop
  endfacet
  facet normal 0 0 -1
    outer loop
      vertex -3.012346252799034 -5.8974186554551125 0.010000000000000009
      vertex -1.970428079366684 -5.85867340862751 0.010000000000000009
      vertex -3.120046481490135 -6.000927239656448 0.010000000000000009
    endloop
  endfacet
  facet normal 0 0 -1
    outer loop
      vertex -1.81126619130373 -5.952258333563805 0.010000000000000009
      vertex -3.120046481490135 -6.000927239656448 0.010000000000000009
      vertex -1.970428079366684 -5.85867340862751 0.010000000000000009
    endloop
  endfacet
  facet normal 0 0 -1
    outer loop
      vertex -1.6577040553092957 -6.067695796489716 0.010000000000000009
      vertex -3.2109528705477715 -6.125455617904663 0.010000000000000009
      vertex -1.81126619130373 -5.952258333563805 0.010000000000000009
    endloop
  endfacet
  facet normal 0 0 -1
    outer loop
      vertex -1.0600540041923523 -6.892503760755062 0.010000000000000009
      vertex -3.3705313578248024 -6.978422231972218 0.010000000000000009
      vertex -1.1496391519904137 -6.703608937561512 0.010000000000000009
    endloop
  endfacet
  facet normal 0 0 -1
    outer loop
      vertex -1.1496391519904137 -6.703608937561512 0.010000000000000009
      vertex -3.380362495779991 -6.7865616381168365 0.010000000000000009
      vertex -1.256144680082798 -6.523710839450359 0.010000000000000009
    endloop
  endfacet
  facet normal 0 0 -1
    outer loop
      vertex -0.9374604001641273 -7.284256763756275 0.010000000000000009
      vertex -3.288158856332302 -7.371670916676521 0.010000000000000009
      vertex -0.9889220595359802 -7.087163262069225 0.010000000000000009
    endloop
  endfacet
  facet normal 0 0 -1
    outer loop
      vertex -0.9889220595359802 -7.087163262069225 0.010000000000000009
      vertex -3.339620515704155 -7.174577414989471 0.010000000000000009
      vertex -1.0600540041923523 -6.892503760755062 0.010000000000000009
    endloop
  endfacet
  facet normal 0 0 -1
    outer loop
      vertex -1.3777482360601425 -6.355887569487095 0.010000000000000009
      vertex -3.3364763632416725 -6.4287257343530655 0.010000000000000009
      vertex -1.5123691633343697 -6.203010633587837 0.010000000000000009
    endloop
  endfacet
  facet normal 0 0 -1
    outer loop
      vertex -1.256144680082798 -6.523710839450359 0.010000000000000009
      vertex -3.3689457178115845 -6.602278426289558 0.010000000000000009
      vertex -1.3777482360601425 -6.355887569487095 0.010000000000000009
    endloop
  endfacet
  facet normal 0 0 -1
    outer loop
      vertex -1.5123691633343697 -6.203010633587837 0.010000000000000009
      vertex -3.2835099920630455 -6.2688730880618095 0.010000000000000009
      vertex -1.6577040553092957 -6.067695796489716 0.010000000000000009
    endloop
  endfacet
  facet normal -0.6929370852700907 0.7209980553769829 0
    outer loop
      vertex -1.1570344343781471 -8.457906939089298 0
      vertex -1.2647346630692482 -8.561415515840054 0.010000000000000009
      vertex -1.1570344343781471 -8.457906939089298 0.010000000000000009
    endloop
  endfacet
  facet normal -0.8076849290979778 0.5896143275972815 0
    outer loop
      vertex -1.0661280453205109 -8.333378553390503 0
      vertex -1.1570344343781471 -8.457906939089298 0.010000000000000009
      vertex -1.0661280453205109 -8.333378553390503 0.010000000000000009
    endloop
  endfacet
  facet normal -0.9829457421083885 0.18389580764930258 0
    outer loop
      vertex -0.9081351980566978 -7.856555745005608 0
      vertex -0.9406045526266098 -8.030108444392681 0
      vertex -0.9406045526266098 -8.030108444392681 0.010000000000000009
    endloop
  endfacet
  facet normal -0.9829457421083885 0.18389580764930258 0
    outer loop
      vertex -0.9081351980566978 -7.856555745005608 0
      vertex -0.9406045526266098 -8.030108444392681 0.010000000000000009
      vertex -0.9081351980566978 -7.856555745005608 0.010000000000000009
    endloop
  endfacet
  facet normal -0.7504962473169928 -0.6608747103370737 0
    outer loop
      vertex -1.5123691633343697 -6.203010633587837 0
      vertex -1.3777482360601425 -6.355887569487095 0
      vertex -1.3777482360601425 -6.355887569487095 0.010000000000000009
    endloop
  endfacet
  facet normal 0 0 -1
    outer loop
      vertex -2.889694958925247 -5.81670094281435 0.010000000000000009
      vertex -2.132466420531273 -5.788542293012142 0.010000000000000009
      vertex -3.012346252799034 -5.8974186554551125 0.010000000000000009
    endloop
  endfacet
  facet normal 0 0 -1
    outer loop
      vertex -2.75419120490551 -5.760155186057091 0.010000000000000009
      vertex -2.2946086823940277 -5.7430649399757385 0.010000000000000009
      vertex -2.889694958925247 -5.81670094281435 0.010000000000000009
    endloop
  endfacet
  facet normal 0 0 -1
    outer loop
      vertex -2.608153499662876 -5.72874891012907 0.010000000000000009
      vertex -2.454080581665039 -5.723019488155842 0.010000000000000009
      vertex -2.75419120490551 -5.760155186057091 0.010000000000000009
    endloop
  endfacet
  facet normal 0 0 -1
    outer loop
      vertex -2.2946086823940277 -5.7430649399757385 0.010000000000000009
      vertex -2.75419120490551 -5.760155186057091 0.010000000000000009
      vertex -2.454080581665039 -5.723019488155842 0.010000000000000009
    endloop
  endfacet
  facet normal 0 0 -1
    outer loop
      vertex -2.132466420531273 -5.788542293012142 0.010000000000000009
      vertex -2.889694958925247 -5.81670094281435 0.010000000000000009
      vertex -2.2946086823940277 -5.7430649399757385 0.010000000000000009
    endloop
  endfacet
  facet normal 0 0 -1
    outer loop
      vertex -1.970428079366684 -5.85867340862751 0.010000000000000009
      vertex -3.012346252799034 -5.8974186554551125 0.010000000000000009
      vertex -2.132466420531273 -5.788542293012142 0.010000000000000009
    endloop
  endfacet
  facet normal -0.12471753825514775 -0.9921922876396368 0
    outer loop
      vertex -2.454080581665039 -5.723019488155842 0
      vertex -2.2946086823940277 -5.7430649399757385 0
      vertex -2.2946086823940277 -5.7430649399757385 0.010000000000000009
    endloop
  endfacet
  facet normal -0.39719971458451686 -0.917732197721088 0
    outer loop
      vertex -1.970428079366684 -5.85867340862751 0.010000000000000009
      vertex -2.132466420531273 -5.788542293012142 0
      vertex -1.970428079366684 -5.85867340862751 0
    endloop
  endfacet
  facet normal -0.9044551459004193 -0.42656873895569436 0
    outer loop
      vertex -12.071173518896103 -9.285409323871136 -1
      vertex -11.647109776735306 -10.184553116559982 -1
      vertex -11.647109776735306 -10.184553116559982 0
    endloop
  endfacet
  facet normal -0.9523957996428536 -0.3048642990293377 0
    outer loop
      vertex -12.071173518896103 -9.285409323871136 -1
      vertex -12.071173518896103 -9.285409323871136 0
      vertex -12.374247521162033 -8.338606409728527 -1
    endloop
  endfacet
  facet normal -0.9044551459004193 -0.42656873895569436 0
    outer loop
      vertex -12.071173518896103 -9.285409323871136 -1
      vertex -11.647109776735306 -10.184553116559982 0
      vertex -12.071173518896103 -9.285409323871136 0
    endloop
  endfacet
  facet normal -0.9840406976833777 -0.17794354526874895 0
    outer loop
      vertex -12.374247521162033 -8.338606409728527 -1
      vertex -12.374247521162033 -8.338606409728527 0
      vertex -12.551146104931831 -7.360344424843788 -1
    endloop
  endfacet
  facet normal -0.9840406976833777 -0.17794354526874895 0
    outer loop
      vertex -12.551146104931831 -7.360344424843788 -1
      vertex -12.374247521162033 -8.338606409728527 0
      vertex -12.551146104931831 -7.360344424843788 0
    endloop
  endfacet
  facet normal -0.9523957996428536 -0.3048642990293377 0
    outer loop
      vertex -12.374247521162033 -8.338606409728527 -1
      vertex -12.071173518896103 -9.285409323871136 0
      vertex -12.374247521162033 -8.338606409728527 0
    endloop
  endfacet
  facet normal -0.998848386404257 -0.04797813020129082 0
    outer loop
      vertex -12.551146104931831 -7.360344424843788 -1
      vertex -12.551146104931831 -7.360344424843788 0
      vertex -12.598842486739159 -6.367361709475517 -1
    endloop
  endfacet
  facet normal -0.9965655020263658 0.0828082131852732 0
    outer loop
      vertex -12.598842486739159 -6.367361709475517 -1
      vertex -12.598842486739159 -6.367361709475517 0
      vertex -12.51652055978775 -5.376648478209972 -1
    endloop
  endfacet
  facet normal -0.998848386404257 -0.04797813020129082 0
    outer loop
      vertex -12.598842486739159 -6.367361709475517 -1
      vertex -12.551146104931831 -7.360344424843788 0
      vertex -12.598842486739159 -6.367361709475517 0
    endloop
  endfacet
  facet normal -0.9772311062195027 0.21217767327644757 0
    outer loop
      vertex -12.51652055978775 -5.376648478209972 -1
      vertex -12.51652055978775 -5.376648478209972 0
      vertex -12.305588886141777 -4.405156098306179 -1
    endloop
  endfacet
  facet normal -0.9965655020263658 0.0828082131852732 0
    outer loop
      vertex -12.51652055978775 -5.376648478209972 -1
      vertex -12.598842486739159 -6.367361709475517 0
      vertex -12.51652055978775 -5.376648478209972 0
    endloop
  endfacet
  facet normal -0.9772311062195027 0.21217767327644757 0
    outer loop
      vertex -12.305588886141777 -4.405156098306179 -1
      vertex -12.51652055978775 -5.376648478209972 0
      vertex -12.305588886141777 -4.405156098306179 0
    endloop
  endfacet
  facet normal -0.6723668061001014 -0.7402181286990671 0
    outer loop
      vertex -9.731111235916615 -12.447821989655495 -1
      vertex -9.731111235916615 -12.447821989655495 0
      vertex -10.46698248386383 -11.779403612017632 -1
    endloop
  endfacet
  facet normal -0.5699967664336972 -0.8216469352800686 0
    outer loop
      vertex -9.731111235916615 -12.447821989655495 -1
      vertex -8.914289370179176 -13.014471486210823 -1
      vertex -8.914289370179176 -13.014471486210823 0
    endloop
  endfacet
  facet normal -0.6723668061001014 -0.7402181286990671 0
    outer loop
      vertex -10.46698248386383 -11.779403612017632 -1
      vertex -9.731111235916615 -12.447821989655495 0
      vertex -10.46698248386383 -11.779403612017632 0
    endloop
  endfacet
  facet normal -0.5699967664336972 -0.8216469352800686 0
    outer loop
      vertex -9.731111235916615 -12.447821989655495 -1
      vertex -8.914289370179176 -13.014471486210823 0
      vertex -9.731111235916615 -12.447821989655495 0
    endloop
  endfacet
  facet normal -0.45787391337986416 -0.8890171423803979 0
    outer loop
      vertex -8.914289370179176 -13.014471486210823 -1
      vertex -8.030492924153805 -13.469656564295292 -1
      vertex -8.030492924153805 -13.469656564295292 0
    endloop
  endfacet
  facet normal -0.3379167153511385 -0.9411760162086036 0
    outer loop
      vertex -8.030492924153805 -13.469656564295292 -1
      vertex -7.094843901693821 -13.805588886141777 -1
      vertex -7.094843901693821 -13.805588886141777 0
    endloop
  endfacet
  facet normal -0.3379167153511385 -0.9411760162086036 0
    outer loop
      vertex -8.030492924153805 -13.469656564295292 -1
      vertex -7.094843901693821 -13.805588886141777 0
      vertex -8.030492924153805 -13.469656564295292 0
    endloop
  endfacet
  facet normal -0.45787391337986416 -0.8890171423803979 0
    outer loop
      vertex -8.914289370179176 -13.014471486210823 -1
      vertex -8.030492924153805 -13.469656564295292 0
      vertex -8.914289370179176 -13.014471486210823 0
    endloop
  endfacet
  facet normal -0.21217767327644757 -0.9772311062195027 0
    outer loop
      vertex -7.094843901693821 -13.805588886141777 -1
      vertex -6.123351521790028 -14.01652055978775 -1
      vertex -6.123351521790028 -14.01652055978775 0
    endloop
  endfacet
  facet normal -0.21217767327644757 -0.9772311062195027 0
    outer loop
      vertex -7.094843901693821 -13.805588886141777 -1
      vertex -6.123351521790028 -14.01652055978775 0
      vertex -7.094843901693821 -13.805588886141777 0
    endloop
  endfacet
  facet normal 0 0 -1
    outer loop
      vertex -8.030492924153805 -13.469656564295292 -1
      vertex -2.89933267980814 -8.102946601808071 -1
      vertex -7.094843901693821 -13.805588886141777 -1
    endloop
  endfacet
  facet normal -0.0828082131852732 -0.9965655020263658 0
    outer loop
      vertex -6.123351521790028 -14.01652055978775 -1
      vertex -5.132638290524483 -14.098842486739159 -1
      vertex -5.132638290524483 -14.098842486739159 0
    endloop
  endfacet
  facet normal 0.04797813020129082 -0.998848386404257 0
    outer loop
      vertex -5.132638290524483 -14.098842486739159 -1
      vertex -4.139655575156212 -14.051146104931831 -1
      vertex -4.139655575156212 -14.051146104931831 0
    endloop
  endfacet
  facet normal -0.0828082131852732 -0.9965655020263658 0
    outer loop
      vertex -6.123351521790028 -14.01652055978775 -1
      vertex -5.132638290524483 -14.098842486739159 0
      vertex -6.123351521790028 -14.01652055978775 0
    endloop
  endfacet
  facet normal 0.04797813020129082 -0.998848386404257 0
    outer loop
      vertex -5.132638290524483 -14.098842486739159 -1
      vertex -4.139655575156212 -14.051146104931831 0
      vertex -5.132638290524483 -14.098842486739159 0
    endloop
  endfacet
  facet normal 0 0 -1
    outer loop
      vertex -7.094843901693821 -13.805588886141777 -1
      vertex -2.7647117525339127 -8.255823537707329 -1
      vertex -6.123351521790028 -14.01652055978775 -1
    endloop
  endfacet
  facet normal 0 0 -1
    outer loop
      vertex -6.123351521790028 -14.01652055978775 -1
      vertex -2.6193768605589867 -8.39113837480545 -1
      vertex -5.132638290524483 -14.098842486739159 -1
    endloop
  endfacet
  facet normal 0.17794354526874895 -0.9840406976833777 0
    outer loop
      vertex -4.139655575156212 -14.051146104931831 -1
      vertex -3.161393590271473 -13.874247521162033 -1
      vertex -3.161393590271473 -13.874247521162033 0
    endloop
  endfacet
  facet normal 0.17794354526874895 -0.9840406976833777 0
    outer loop
      vertex -4.139655575156212 -14.051146104931831 -1
      vertex -3.161393590271473 -13.874247521162033 0
      vertex -4.139655575156212 -14.051146104931831 0
    endloop
  endfacet
  facet normal 0 0 -1
    outer loop
      vertex -5.132638290524483 -14.098842486739159 -1
      vertex -2.4658147245645523 -8.506575845181942 -1
      vertex -4.139655575156212 -14.051146104931831 -1
    endloop
  endfacet
  facet normal 0 0 -1
    outer loop
      vertex -4.139655575156212 -14.051146104931831 -1
      vertex -2.3066528365015984 -8.600160762667656 -1
      vertex -3.161393590271473 -13.874247521162033 -1
    endloop
  endfacet
  facet normal 0.3048642990293377 -0.9523957996428536 0
    outer loop
      vertex -3.161393590271473 -13.874247521162033 -1
      vertex -2.2145906761288643 -13.571173518896103 -1
      vertex -2.2145906761288643 -13.571173518896103 0
    endloop
  endfacet
  facet normal 0.42656873895569436 -0.9044551459004193 0
    outer loop
      vertex -2.2145906761288643 -13.571173518896103 -1
      vertex -1.3154468834400177 -13.147109776735306 -1
      vertex -1.3154468834400177 -13.147109776735306 0
    endloop
  endfacet
  facet normal 0.3048642990293377 -0.9523957996428536 0
    outer loop
      vertex -3.161393590271473 -13.874247521162033 -1
      vertex -2.2145906761288643 -13.571173518896103 0
      vertex -3.161393590271473 -13.874247521162033 0
    endloop
  endfacet
  facet normal 0.42656873895569436 -0.9044551459004193 0
    outer loop
      vertex -2.2145906761288643 -13.571173518896103 -1
      vertex -1.3154468834400177 -13.147109776735306 0
      vertex -2.2145906761288643 -13.571173518896103 0
    endloop
  endfacet
  facet normal 0 0 -1
    outer loop
      vertex -3.161393590271473 -13.874247521162033 -1
      vertex -2.1446144953370094 -8.670291885733604 -1
      vertex -2.2145906761288643 -13.571173518896103 -1
    endloop
  endfacet
  facet normal 0 0 -1
    outer loop
      vertex -2.2145906761288643 -13.571173518896103 -1
      vertex -1.9824722334742546 -8.715769238770008 -1
      vertex -1.3154468834400177 -13.147109776735306 -1
    endloop
  endfacet
  facet normal 0.5409744745698339 -0.8410390109048999 0
    outer loop
      vertex -1.3154468834400177 -13.147109776735306 -1
      vertex -0.4793468192219734 -12.609312139451504 -1
      vertex -0.4793468192219734 -12.609312139451504 0
    endloop
  endfacet
  facet normal 0.5409744745698339 -0.8410390109048999 0
    outer loop
      vertex -1.3154468834400177 -13.147109776735306 -1
      vertex -0.4793468192219734 -12.609312139451504 0
      vertex -1.3154468834400177 -13.147109776735306 0
    endloop
  endfacet
  facet normal 0.6461239806106188 -0.7632324689633486 0
    outer loop
      vertex -0.4793468192219734 -12.609312139451504 -1
      vertex 0.27940361201763153 -11.96698248386383 0
      vertex -0.4793468192219734 -12.609312139451504 0
    endloop
  endfacet
  facet normal -0.8410390109048999 -0.5409744745698339 0
    outer loop
      vertex -11.109312139451504 -11.020653180778027 -1
      vertex -11.109312139451504 -11.020653180778027 0
      vertex -11.647109776735306 -10.184553116559982 -1
    endloop
  endfacet
  facet normal -0.7632324689633486 -0.6461239806106188 0
    outer loop
      vertex -11.109312139451504 -11.020653180778027 -1
      vertex -10.46698248386383 -11.779403612017632 -1
      vertex -10.46698248386383 -11.779403612017632 0
    endloop
  endfacet
  facet normal -0.8410390109048999 -0.5409744745698339 0
    outer loop
      vertex -11.647109776735306 -10.184553116559982 -1
      vertex -11.109312139451504 -11.020653180778027 0
      vertex -11.647109776735306 -10.184553116559982 0
    endloop
  endfacet
  facet normal -0.7632324689633486 -0.6461239806106188 0
    outer loop
      vertex -11.109312139451504 -11.020653180778027 -1
      vertex -10.46698248386383 -11.779403612017632 0
      vertex -11.109312139451504 -11.020653180778027 0
    endloop
  endfacet
  facet normal 0 0 -1
    outer loop
      vertex -12.071173518896103 -9.285409323871136 -1
      vertex -3.339620515704155 -7.174577414989471 -1
      vertex -11.647109776735306 -10.184553116559982 -1
    endloop
  endfacet
  facet normal 0 0 -1
    outer loop
      vertex -12.071173518896103 -9.285409323871136 -1
      vertex -12.374247521162033 -8.338606409728527 -1
      vertex -3.339620515704155 -7.174577414989471 -1
    endloop
  endfacet
  facet normal 0 0 -1
    outer loop
      vertex -12.374247521162033 -8.338606409728527 -1
      vertex -12.551146104931831 -7.360344424843788 -1
      vertex -3.3705313578248024 -6.978422231972218 -1
    endloop
  endfacet
  facet normal 0 0 -1
    outer loop
      vertex -12.551146104931831 -7.360344424843788 -1
      vertex -12.598842486739159 -6.367361709475517 -1
      vertex -3.380362495779991 -6.7865616381168365 -1
    endloop
  endfacet
  facet normal 0 0 -1
    outer loop
      vertex -12.598842486739159 -6.367361709475517 -1
      vertex -12.51652055978775 -5.376648478209972 -1
      vertex -3.380362495779991 -6.7865616381168365 -1
    endloop
  endfacet
  facet normal 0 0 -1
    outer loop
      vertex -9.731111235916615 -12.447821989655495 -1
      vertex -10.46698248386383 -11.779403612017632 -1
      vertex -3.21702691167593 -7.5663304179906845 -1
    endloop
  endfacet
  facet normal 0 0 -1
    outer loop
      vertex -11.109312139451504 -11.020653180778027 -1
      vertex -3.21702691167593 -7.5663304179906845 -1
      vertex -10.46698248386383 -11.779403612017632 -1
    endloop
  endfacet
  facet normal 0 0 -1
    outer loop
      vertex -11.109312139451504 -11.020653180778027 -1
      vertex -11.647109776735306 -10.184553116559982 -1
      vertex -3.288158856332302 -7.371670916676521 -1
    endloop
  endfacet
  facet normal 0 0 -1
    outer loop
      vertex -9.731111235916615 -12.447821989655495 -1
      vertex -3.1274417638778687 -7.755225241184235 -1
      vertex -8.914289370179176 -13.014471486210823 -1
    endloop
  endfacet
  facet normal 0 0 -1
    outer loop
      vertex -8.914289370179176 -13.014471486210823 -1
      vertex -3.0209362357854843 -7.935123339295387 -1
      vertex -8.030492924153805 -13.469656564295292 -1
    endloop
  endfacet
  facet normal 0 0 -1
    outer loop
      vertex -11.647109776735306 -10.184553116559982 -1
      vertex -3.339620515704155 -7.174577414989471 -1
      vertex -3.288158856332302 -7.371670916676521 -1
    endloop
  endfacet
  facet normal 0 0 -1
    outer loop
      vertex -12.374247521162033 -8.338606409728527 -1
      vertex -3.3705313578248024 -6.978422231972218 -1
      vertex -3.339620515704155 -7.174577414989471 -1
    endloop
  endfacet
  facet normal 0 0 -1
    outer loop
      vertex -12.551146104931831 -7.360344424843788 -1
      vertex -3.380362495779991 -6.7865616381168365 -1
      vertex -3.3705313578248024 -6.978422231972218 -1
    endloop
  endfacet
  facet normal 0 0 -1
    outer loop
      vertex -12.51652055978775 -5.376648478209972 -1
      vertex -3.3689457178115845 -6.602278426289558 -1
      vertex -3.380362495779991 -6.7865616381168365 -1
    endloop
  endfacet
  facet normal 0 0 -1
    outer loop
      vertex -12.51652055978775 -5.376648478209972 -1
      vertex -12.305588886141777 -4.405156098306179 -1
      vertex -3.3689457178115845 -6.602278426289558 -1
    endloop
  endfacet
  facet normal -0.9745147846709582 0.22432328113175393 0
    outer loop
      vertex -12.305588886141777 -4.405156098306179 -1
      vertex -12.305588886141777 -4.405156098306179 0
      vertex -9.570316076278687 7.477532938122749 -1
    endloop
  endfacet
  facet normal 0 0 -1
    outer loop
      vertex -12.305588886141777 -4.405156098306179 -1
      vertex -3.3364763632416725 -6.4287257343530655 -1
      vertex -3.3689457178115845 -6.602278426289558 -1
    endloop
  endfacet
  facet normal 0 0 -1
    outer loop
      vertex -12.305588886141777 -4.405156098306179 -1
      vertex -9.570316076278687 7.477532938122749 -1
      vertex -3.3364763632416725 -6.4287257343530655 -1
    endloop
  endfacet
  facet normal 0 0 -1
    outer loop
      vertex -9.731111235916615 -12.447821989655495 -1
      vertex -3.21702691167593 -7.5663304179906845 -1
      vertex -3.1274417638778687 -7.755225241184235 -1
    endloop
  endfacet
  facet normal 0 0 -1
    outer loop
      vertex -8.914289370179176 -13.014471486210823 -1
      vertex -3.1274417638778687 -7.755225241184235 -1
      vertex -3.0209362357854843 -7.935123339295387 -1
    endloop
  endfacet
  facet normal 0 0 -1
    outer loop
      vertex -8.030492924153805 -13.469656564295292 -1
      vertex -3.0209362357854843 -7.935123339295387 -1
      vertex -2.89933267980814 -8.102946601808071 -1
    endloop
  endfacet
  facet normal 0 0 -1
    outer loop
      vertex -5.132638290524483 -14.098842486739159 -1
      vertex -2.6193768605589867 -8.39113837480545 -1
      vertex -2.4658147245645523 -8.506575845181942 -1
    endloop
  endfacet
  facet normal 0 0 -1
    outer loop
      vertex -4.139655575156212 -14.051146104931831 -1
      vertex -2.4658147245645523 -8.506575845181942 -1
      vertex -2.3066528365015984 -8.600160762667656 -1
    endloop
  endfacet
  facet normal 0 0 -1
    outer loop
      vertex -7.094843901693821 -13.805588886141777 -1
      vertex -2.89933267980814 -8.102946601808071 -1
      vertex -2.7647117525339127 -8.255823537707329 -1
    endloop
  endfacet
  facet normal 0 0 -1
    outer loop
      vertex -6.123351521790028 -14.01652055978775 -1
      vertex -2.7647117525339127 -8.255823537707329 -1
      vertex -2.6193768605589867 -8.39113837480545 -1
    endloop
  endfacet
  facet normal 0 0 -1
    outer loop
      vertex -11.109312139451504 -11.020653180778027 -1
      vertex -3.288158856332302 -7.371670916676521 -1
      vertex -3.21702691167593 -7.5663304179906845 -1
    endloop
  endfacet
  facet normal 0.809767045765684 0.5867515075327174 0
    outer loop
      vertex -3.0209362357854843 -7.935123339295387 -1
      vertex -3.0209362357854843 -7.935123339295387 0
      vertex -2.89933267980814 -8.102946601808071 -1
    endloop
  endfacet
  facet normal 0.8605028222667184 0.5094456721486724 0
    outer loop
      vertex -3.0209362357854843 -7.935123339295387 -1
      vertex -3.1274417638778687 -7.755225241184235 -1
      vertex -3.1274417638778687 -7.755225241184235 0.010000000000000009
    endloop
  endfacet
  facet normal 0.9035366727183931 0.42851077122165254 0
    outer loop
      vertex -3.1274417638778687 -7.755225241184235 -1
      vertex -3.21702691167593 -7.5663304179906845 -1
      vertex -3.21702691167593 -7.5663304179906845 0.010000000000000009
    endloop
  endfacet
  facet normal 0.9392550349065192 0.34322001602871793 0
    outer loop
      vertex -3.288158856332302 -7.371670916676521 -1
      vertex -3.288158856332302 -7.371670916676521 0
      vertex -3.21702691167593 -7.5663304179906845 -1
    endloop
  endfacet
  facet normal 0.809767045765684 0.5867515075327174 0
    outer loop
      vertex -2.89933267980814 -8.102946601808071 -1
      vertex -3.0209362357854843 -7.935123339295387 0
      vertex -2.89933267980814 -8.102946601808071 0
    endloop
  endfacet
  facet normal 0.8605028222667184 0.5094456721486724 0
    outer loop
      vertex -3.0209362357854843 -7.935123339295387 -1
      vertex -3.1274417638778687 -7.755225241184235 0.010000000000000009
      vertex -3.0209362357854843 -7.935123339295387 0
    endloop
  endfacet
  facet normal 0.9035366727183931 0.42851077122165254 0
    outer loop
      vertex -3.1274417638778687 -7.755225241184235 -1
      vertex -3.21702691167593 -7.5663304179906845 0.010000000000000009
      vertex -3.1274417638778687 -7.755225241184235 0.010000000000000009
    endloop
  endfacet
  facet normal 0.9392550349065197 0.34322001602871677 0
    outer loop
      vertex -3.21702691167593 -7.5663304179906845 -1
      vertex -3.288158856332302 -7.371670916676521 0
      vertex -3.288158856332302 -7.371670916676521 0.010000000000000009
    endloop
  endfacet
  facet normal 0.9392550349065192 0.343220016028718 0
    outer loop
      vertex -3.21702691167593 -7.5663304179906845 -1
      vertex -3.288158856332302 -7.371670916676521 0.010000000000000009
      vertex -3.21702691167593 -7.5663304179906845 0.010000000000000009
    endloop
  endfacet
  facet normal 0.9675621370755446 0.2526331547873419 0
    outer loop
      vertex -3.288158856332302 -7.371670916676521 -1
      vertex -3.339620515704155 -7.174577414989471 -1
      vertex -3.339620515704155 -7.174577414989471 0
    endloop
  endfacet
  facet normal 0.9878102657058555 0.1556627089772219 0
    outer loop
      vertex -3.339620515704155 -7.174577414989471 -1
      vertex -3.3705313578248024 -6.978422231972218 -1
      vertex -3.3705313578248024 -6.978422231972218 0.010000000000000009
    endloop
  endfacet
  facet normal 0.9986897570957037 0.051173910072656856 0
    outer loop
      vertex -3.3705313578248024 -6.978422231972218 -1
      vertex -3.380362495779991 -6.7865616381168365 -1
      vertex -3.380362495779991 -6.7865616381168365 0.010000000000000009
    endloop
  endfacet
  facet normal 0.9980864596899693 -0.06183380130271179 0
    outer loop
      vertex -3.380362495779991 -6.7865616381168365 -1
      vertex -3.3689457178115845 -6.602278426289558 -1
      vertex -3.3689457178115845 -6.602278426289558 0.010000000000000009
    endloop
  endfacet
  facet normal 0.9829457406813623 -0.18389581527693372 0
    outer loop
      vertex -3.3689457178115845 -6.602278426289558 -1
      vertex -3.3364763632416725 -6.4287257343530655 -1
      vertex -3.3364763632416725 -6.4287257343530655 0.010000000000000009
    endloop
  endfacet
  facet normal 0.9492480106119892 -0.314528558876902 0
    outer loop
      vertex -3.3364763632416725 -6.4287257343530655 -1
      vertex -3.2835099920630455 -6.2688730880618095 -1
      vertex -3.2835099920630455 -6.2688730880618095 0.010000000000000009
    endloop
  endfacet
  facet normal 0.8923058476940832 -0.4514313615279112 0
    outer loop
      vertex -3.2835099920630455 -6.2688730880618095 -1
      vertex -3.2109528705477715 -6.125455617904663 -1
      vertex -3.2109528705477715 -6.125455617904663 0.010000000000000009
    endloop
  endfacet
  facet normal 0.8076849122983438 -0.5896143506103091 0
    outer loop
      vertex -3.2109528705477715 -6.125455617904663 -1
      vertex -3.120046481490135 -6.000927239656448 -1
      vertex -3.120046481490135 -6.000927239656448 0.010000000000000009
    endloop
  endfacet
  facet normal 0.6929371111984926 -0.7209980304577038 -4.594271914961566e-17
    outer loop
      vertex -3.120046481490135 -6.000927239656448 -1
      vertex -3.012346252799034 -5.8974186554551125 -1
      vertex -3.013412591696966 -5.8984434929224525 0
    endloop
  endfacet
  facet normal 0.9675621370755446 0.2526331547873419 0
    outer loop
      vertex -3.288158856332302 -7.371670916676521 -1
      vertex -3.339620515704155 -7.174577414989471 0
      vertex -3.288158856332302 -7.371670916676521 0
    endloop
  endfacet
  facet normal 0.9878102657058555 0.1556627089772219 0
    outer loop
      vertex -3.339620515704155 -7.174577414989471 -1
      vertex -3.3705313578248024 -6.978422231972218 0.010000000000000009
      vertex -3.339620515704155 -7.174577414989471 0
    endloop
  endfacet
  facet normal 0.9986897570957037 0.051173910072656856 0
    outer loop
      vertex -3.3705313578248024 -6.978422231972218 -1
      vertex -3.380362495779991 -6.7865616381168365 0.010000000000000009
      vertex -3.3705313578248024 -6.978422231972218 0.010000000000000009
    endloop
  endfacet
  facet normal 0.9980864596899693 -0.06183380130271179 0
    outer loop
      vertex -3.380362495779991 -6.7865616381168365 -1
      vertex -3.3689457178115845 -6.602278426289558 0.010000000000000009
      vertex -3.380362495779991 -6.7865616381168365 0.010000000000000009
    endloop
  endfacet
  facet normal 0.9829457406813623 -0.18389581527693372 0
    outer loop
      vertex -3.3689457178115845 -6.602278426289558 -1
      vertex -3.3364763632416725 -6.4287257343530655 0.010000000000000009
      vertex -3.3689457178115845 -6.602278426289558 0.010000000000000009
    endloop
  endfacet
  facet normal 0.9492480106119892 -0.314528558876902 0
    outer loop
      vertex -3.3364763632416725 -6.4287257343530655 -1
      vertex -3.2835099920630455 -6.2688730880618095 0.010000000000000009
      vertex -3.3364763632416725 -6.4287257343530655 0.010000000000000009
    endloop
  endfacet
  facet normal 0.8923058476940832 -0.4514313615279112 0
    outer loop
      vertex -3.2835099920630455 -6.2688730880618095 -1
      vertex -3.2109528705477715 -6.125455617904663 0.010000000000000009
      vertex -3.2835099920630455 -6.2688730880618095 0.010000000000000009
    endloop
  endfacet
  facet normal 0.8076849122983438 -0.5896143506103091 0
    outer loop
      vertex -3.2109528705477715 -6.125455617904663 -1
      vertex -3.120046481490135 -6.000927239656448 0.010000000000000009
      vertex -3.2109528705477715 -6.125455617904663 0.010000000000000009
    endloop
  endfacet
  facet normal 0.6929371111984923 -0.720998030457704 0
    outer loop
      vertex -3.120046481490135 -6.000927239656448 -1
      vertex -3.013412591696966 -5.8984434929224525 0
      vertex -3.120046481490135 -6.000927239656448 0.010000000000000009
    endloop
  endfacet
  facet normal 0.6929371111985146 -0.7209980304576825 0
    outer loop
      vertex -3.012346252799034 -5.8974186554551125 -1
      vertex -3.012346252799034 -5.8974186554551125 0
      vertex -3.013412591696966 -5.8984434929224525 0
    endloop
  endfacet
  facet normal 0.8097670457656841 0.5867515075327175 0
    outer loop
      vertex -2.89933267980814 -8.102946601808071 0.010000000000000009
      vertex -2.89933267980814 -8.102946601808071 0
      vertex -3.0209362357854843 -7.935123339295387 0.010000000000000009
    endloop
  endfacet
  facet normal 0.8605028222667184 0.5094456721486724 0
    outer loop
      vertex -3.0209362357854843 -7.935123339295387 0.010000000000000009
      vertex -3.0209362357854843 -7.935123339295387 0
      vertex -3.1274417638778687 -7.755225241184235 0.010000000000000009
    endloop
  endfacet
  facet normal 0.9675621370755447 0.2526331547873419 0
    outer loop
      vertex -3.288158856332302 -7.371670916676521 0
      vertex -3.339620515704155 -7.174577414989471 0.010000000000000009
      vertex -3.288158856332302 -7.371670916676521 0.010000000000000009
    endloop
  endfacet
  facet normal 0.9878102657058554 0.15566270897722187 0
    outer loop
      vertex -3.339620515704155 -7.174577414989471 0.010000000000000009
      vertex -3.339620515704155 -7.174577414989471 0
      vertex -3.3705313578248024 -6.978422231972218 0.010000000000000009
    endloop
  endfacet
  facet normal 0.6929371111984926 -0.7209980304577038 4.587910375483218e-15
    outer loop
      vertex -3.120046481490135 -6.000927239656448 0.010000000000000009
      vertex -3.013412591696966 -5.8984434929224525 0
      vertex -3.012346252799034 -5.8974186554551125 0.010000000000000009
    endloop
  endfacet
  facet normal 0 0 -1
    outer loop
      vertex -3.161393590271473 -13.874247521162033 -1
      vertex -2.3066528365015984 -8.600160762667656 -1
      vertex -2.1446144953370094 -8.670291885733604 -1
    endloop
  endfacet
  facet normal 0 0 -1
    outer loop
      vertex -2.2145906761288643 -13.571173518896103 -1
      vertex -2.1446144953370094 -8.670291885733604 -1
      vertex -1.9824722334742546 -8.715769238770008 -1
    endloop
  endfacet
  facet normal 0 0 -1
    outer loop
      vertex -1.3154468834400177 -13.147109776735306 -1
      vertex -1.9824722334742546 -8.715769238770008 -1
      vertex -1.8230003342032433 -8.735814690589905 -1
    endloop
  endfacet
  facet normal 0 0 -1
    outer loop
      vertex -1.3154468834400177 -13.147109776735306 -1
      vertex -1.8230003342032433 -8.735814690589905 -1
      vertex -0.4793468192219734 -12.609312139451504 -1
    endloop
  endfacet
  facet normal 0 0 -1
    outer loop
      vertex -0.4793468192219734 -12.609312139451504 -1
      vertex -1.5228897109627724 -8.698678992688656 -1
      vertex 0.27940361201763153 -11.96698248386383 -1
    endloop
  endfacet
  facet normal 0 0 -1
    outer loop
      vertex 0.27940361201763153 -11.96698248386383 -1
      vertex -1.3873859569430351 -8.642133235931396 -1
      vertex 0.9478219896554947 -11.231111235916615 -1
    endloop
  endfacet
  facet normal 0 0 -1
    outer loop
      vertex -0.4793468192219734 -12.609312139451504 -1
      vertex -1.8230003342032433 -8.735814690589905 -1
      vertex -1.6689274162054062 -8.730085261166096 -1
    endloop
  endfacet
  facet normal 0 0 -1
    outer loop
      vertex -0.4793468192219734 -12.609312139451504 -1
      vertex -1.6689274162054062 -8.730085261166096 -1
      vertex -1.5228897109627724 -8.698678992688656 -1
    endloop
  endfacet
  facet normal 0 0 -1
    outer loop
      vertex 0.27940361201763153 -11.96698248386383 -1
      vertex -1.5228897109627724 -8.698678992688656 -1
      vertex -1.3873859569430351 -8.642133235931396 -1
    endloop
  endfacet
  facet normal 0 0 -1
    outer loop
      vertex -1.3873859569430351 -8.642133235931396 -1
      vertex -1.2647346630692482 -8.561415515840054 -1
      vertex 0.9478219896554947 -11.231111235916615 -1
    endloop
  endfacet
  facet normal 0 0 -1
    outer loop
      vertex -1.2647346630692482 -8.561415515840054 -1
      vertex -1.1570344343781471 -8.457906939089298 -1
      vertex 0.9478219896554947 -11.231111235916615 -1
    endloop
  endfacet
  facet normal 0 0 -1
    outer loop
      vertex -1.1570344343781471 -8.457906939089298 -1
      vertex -1.0661280453205109 -8.333378553390503 -1
      vertex 1.514471486210823 -10.414289370179176 -1
    endloop
  endfacet
  facet normal 0 0 -1
    outer loop
      vertex -1.0661280453205109 -8.333378553390503 -1
      vertex -0.9935709238052368 -8.189961083233356 -1
      vertex 1.514471486210823 -10.414289370179176 -1
    endloop
  endfacet
  facet normal 0.7504962473169929 0.6608747103370737 0
    outer loop
      vertex -2.89933267980814 -8.102946601808071 -1
      vertex -2.89933267980814 -8.102946601808071 0
      vertex -2.7647117525339127 -8.255823537707329 -1
    endloop
  endfacet
  facet normal 0.6814267314643467 0.7318863365617759 0
    outer loop
      vertex -2.7647117525339127 -8.255823537707329 -1
      vertex -2.7647117525339127 -8.255823537707329 0.010000000000000009
      vertex -2.6193768605589867 -8.39113837480545 -1
    endloop
  endfacet
  facet normal 0.5068602843579745 0.8620282200372289 0
    outer loop
      vertex -2.4658147245645523 -8.506575845181942 -1
      vertex -2.4658147245645523 -8.506575845181942 0
      vertex -2.3066528365015984 -8.600160762667656 -1
    endloop
  endfacet
  facet normal 0.39719975012474606 0.917732182339074 0
    outer loop
      vertex -2.3066528365015984 -8.600160762667656 -1
      vertex -2.3066528365015984 -8.600160762667656 0
      vertex -2.1446144953370094 -8.670291885733604 -1
    endloop
  endfacet
  facet normal 0.600885342121112 0.7993352273132932 0
    outer loop
      vertex -2.6193768605589867 -8.39113837480545 -1
      vertex -2.6193768605589867 -8.39113837480545 0.010000000000000009
      vertex -2.4658147245645523 -8.506575845181942 -1
    endloop
  endfacet
  facet normal 0.27005676562398817 0.9628444024559266 0
    outer loop
      vertex -1.9824722334742546 -8.715769238770008 -1
      vertex -2.1446144953370094 -8.670291885733604 -1
      vertex -2.1446144953370094 -8.670291885733604 0.010000000000000009
    endloop
  endfacet
  facet normal 0.12471753825514774 0.9921922876396367 0
    outer loop
      vertex -1.9824722334742546 -8.715769238770008 -1
      vertex -1.9824722334742546 -8.715769238770008 0
      vertex -1.8230003342032433 -8.735814690589905 -1
    endloop
  endfacet
  facet normal -0.03716079487760076 0.9993092991281853 0
    outer loop
      vertex -1.8230003342032433 -8.735814690589905 -1
      vertex -1.8230003342032433 -8.735814690589905 0
      vertex -1.6689274162054062 -8.730085261166096 -1
    endloop
  endfacet
  facet normal -0.21024893452928994 0.9776478842248361 0
    outer loop
      vertex -1.6689274162054062 -8.730085261166096 -1
      vertex -1.6689274162054062 -8.730085261166096 0
      vertex -1.5228897109627724 -8.698678992688656 -1
    endloop
  endfacet
  facet normal -0.3851135836125666 0.9228691823422681 0
    outer loop
      vertex -1.5228897109627724 -8.698678992688656 -1
      vertex -1.5228897109627724 -8.698678992688656 0
      vertex -1.3873859569430351 -8.642133235931396 -1
    endloop
  endfacet
  facet normal 0.7504962473169959 0.6608747103370702 0
    outer loop
      vertex -2.7647117525339127 -8.255823537707329 -1
      vertex -2.89933267980814 -8.102946601808071 0
      vertex -2.89933267980814 -8.102946601808071 0.010000000000000009
    endloop
  endfacet
  facet normal 0.7504962473169929 0.6608747103370737 0
    outer loop
      vertex -2.7647117525339127 -8.255823537707329 -1
      vertex -2.89933267980814 -8.102946601808071 0.010000000000000009
      vertex -2.7647117525339127 -8.255823537707329 0.010000000000000009
    endloop
  endfacet
  facet normal 0.6814267314643467 0.7318863365617759 0
    outer loop
      vertex -2.6193768605589867 -8.39113837480545 -1
      vertex -2.7647117525339127 -8.255823537707329 0.010000000000000009
      vertex -2.6193768605589867 -8.39113837480545 0.010000000000000009
    endloop
  endfacet
  facet normal 0.6008853421211121 0.7993352273132932 0
    outer loop
      vertex -2.4658147245645523 -8.506575845181942 -1
      vertex -2.6193768605589867 -8.39113837480545 0.010000000000000009
      vertex -2.4658147245645523 -8.506575845181942 0
    endloop
  endfacet
  facet normal 0.5068602843579745 0.8620282200372289 0
    outer loop
      vertex -2.3066528365015984 -8.600160762667656 -1
      vertex -2.4658147245645523 -8.506575845181942 0
      vertex -2.3066528365015984 -8.600160762667656 0
    endloop
  endfacet
  facet normal 0.3971997501247468 0.9177321823390736 0
    outer loop
      vertex -2.1446144953370094 -8.670291885733604 -1
      vertex -2.3066528365015984 -8.600160762667656 0
      vertex -2.3066528365015984 -8.600160762667656 0.010000000000000009
    endloop
  endfacet
  facet normal 0.39719975012474606 0.9177321823390739 0
    outer loop
      vertex -2.1446144953370094 -8.670291885733604 -1
      vertex -2.3066528365015984 -8.600160762667656 0.010000000000000009
      vertex -2.1446144953370094 -8.670291885733604 0.010000000000000009
    endloop
  endfacet
  facet normal 0.27005676562398817 0.9628444024559266 0
    outer loop
      vertex -1.9824722334742546 -8.715769238770008 -1
      vertex -2.1446144953370094 -8.670291885733604 0.010000000000000009
      vertex -1.9824722334742546 -8.715769238770008 0
    endloop
  endfacet
  facet normal 0.12471753825514774 0.9921922876396367 0
    outer loop
      vertex -1.8230003342032433 -8.735814690589905 -1
      vertex -1.9824722334742546 -8.715769238770008 0
      vertex -1.8230003342032433 -8.735814690589905 0
    endloop
  endfacet
  facet normal -0.037160794877600475 0.9993092991281852 0
    outer loop
      vertex -1.6689274162054062 -8.730085261166096 -1
      vertex -1.8230003342032433 -8.735814690589905 0
      vertex -1.8230003342032433 -8.735814690589905 0.010000000000000009
    endloop
  endfacet
  facet normal -0.03716079487760076 0.9993092991281853 0
    outer loop
      vertex -1.6689274162054062 -8.730085261166096 -1
      vertex -1.8230003342032433 -8.735814690589905 0.010000000000000009
      vertex -1.6689274162054062 -8.730085261166096 0
    endloop
  endfacet
  facet normal -0.21024893452928994 0.9776478842248361 0
    outer loop
      vertex -1.5228897109627724 -8.698678992688656 -1
      vertex -1.6689274162054062 -8.730085261166096 0
      vertex -1.5228897109627724 -8.698678992688656 0
    endloop
  endfacet
  facet normal -0.3851135836125693 0.922869182342267 0
    outer loop
      vertex -1.3873859569430351 -8.642133235931396 -1
      vertex -1.5228897109627724 -8.698678992688656 0
      vertex -1.5228897109627724 -8.698678992688656 0.010000000000000009
    endloop
  endfacet
  facet normal -0.506860314343763 -0.8620282024060129 0
    outer loop
      vertex -1.970428079366684 -5.85867340862751 -1
      vertex -1.81126619130373 -5.952258333563805 -1
      vertex -1.81126619130373 -5.952258333563805 0.010000000000000009
    endloop
  endfacet
  facet normal -0.6008853173415944 -0.7993352459408326 0
    outer loop
      vertex -1.6577040553092957 -6.067695796489716 -1
      vertex -1.6577040553092957 -6.067695796489716 0.010000000000000009
      vertex -1.81126619130373 -5.952258333563805 -1
    endloop
  endfacet
  facet normal -0.6814267314643467 -0.7318863365617758 0
    outer loop
      vertex -1.6577040553092957 -6.067695796489716 -1
      vertex -1.5123691633343697 -6.203010633587837 -1
      vertex -1.5123691633343697 -6.203010633587837 0
    endloop
  endfacet
  facet normal -0.5068603143437629 -0.8620282024060129 0
    outer loop
      vertex -1.970428079366684 -5.85867340862751 -1
      vertex -1.81126619130373 -5.952258333563805 0.010000000000000009
      vertex -1.970428079366684 -5.85867340862751 0
    endloop
  endfacet
  facet normal -0.6008853173415944 -0.7993352459408326 0
    outer loop
      vertex -1.81126619130373 -5.952258333563805 -1
      vertex -1.6577040553092957 -6.067695796489716 0.010000000000000009
      vertex -1.81126619130373 -5.952258333563805 0.010000000000000009
    endloop
  endfacet
  facet normal -0.6814267314643445 -0.7318863365617778 0
    outer loop
      vertex -1.6577040553092957 -6.067695796489716 -1
      vertex -1.5123691633343697 -6.203010633587837 0
      vertex -1.5123691633343697 -6.203010633587837 0.010000000000000009
    endloop
  endfacet
  facet normal -0.6814267314643467 -0.7318863365617759 0
    outer loop
      vertex -1.6577040553092957 -6.067695796489716 -1
      vertex -1.5123691633343697 -6.203010633587837 0.010000000000000009
      vertex -1.6577040553092957 -6.067695796489716 0.010000000000000009
    endloop
  endfacet
  facet normal -0.5497404586489183 0.8353355182945814 0
    outer loop
      vertex -1.3873859569430351 -8.642133235931396 -1
      vertex -1.3873859569430351 -8.642133235931396 0.010000000000000009
      vertex -1.2647346630692482 -8.561415515840054 -1
    endloop
  endfacet
  facet normal -0.6929370852700906 0.720998055376983 0
    outer loop
      vertex -1.2647346630692482 -8.561415515840054 -1
      vertex -1.2647346630692482 -8.561415515840054 0.010000000000000009
      vertex -1.1570344343781471 -8.457906939089298 -1
    endloop
  endfacet
  facet normal -0.8076849290979778 0.5896143275972815 0
    outer loop
      vertex -1.1570344343781471 -8.457906939089298 -1
      vertex -1.1570344343781471 -8.457906939089298 0
      vertex -1.0661280453205109 -8.333378553390503 -1
    endloop
  endfacet
  facet normal -0.892305847694083 0.45143136152791125 0
    outer loop
      vertex -1.0661280453205109 -8.333378553390503 -1
      vertex -1.0661280453205109 -8.333378553390503 0
      vertex -0.9935709238052368 -8.189961083233356 -1
    endloop
  endfacet
  facet normal -0.9492480062350535 0.3145285720865055 0
    outer loop
      vertex -0.9935709238052368 -8.189961083233356 -1
      vertex -0.9935709238052368 -8.189961083233356 0.010000000000000009
      vertex -0.9406045526266098 -8.030108444392681 -1
    endloop
  endfacet
  facet normal -0.9829457421083886 0.1838958076493026 0
    outer loop
      vertex -0.9406045526266098 -8.030108444392681 -1
      vertex -0.9406045526266098 -8.030108444392681 0
      vertex -0.9081351980566978 -7.856555745005608 -1
    endloop
  endfacet
  facet normal -0.9980864595356841 0.0618338037930976 0
    outer loop
      vertex -0.9081351980566978 -7.856555745005608 -1
      vertex -0.9081351980566978 -7.856555745005608 0
      vertex -0.8967184200882912 -7.67227254062891 -1
    endloop
  endfacet
  facet normal -0.9986897570957037 -0.051173910072656856 0
    outer loop
      vertex -0.8967184200882912 -7.67227254062891 -1
      vertex -0.8967184200882912 -7.67227254062891 0.010000000000000009
      vertex -0.9065495580434799 -7.480411946773529 -1
    endloop
  endfacet
  facet normal -0.9878102657058555 -0.1556627089772219 0
    outer loop
      vertex -0.9065495580434799 -7.480411946773529 -1
      vertex -0.9065495580434799 -7.480411946773529 0.010000000000000009
      vertex -0.9374604001641273 -7.284256763756275 -1
    endloop
  endfacet
  facet normal -0.38511358361256665 0.9228691823422682 0
    outer loop
      vertex -1.3873859569430351 -8.642133235931396 -1
      vertex -1.5228897109627724 -8.698678992688656 0.010000000000000009
      vertex -1.3873859569430351 -8.642133235931396 0.010000000000000009
    endloop
  endfacet
  facet normal -0.5497404586489183 0.8353355182945814 0
    outer loop
      vertex -1.2647346630692482 -8.561415515840054 -1
      vertex -1.3873859569430351 -8.642133235931396 0.010000000000000009
      vertex -1.2647346630692482 -8.561415515840054 0.010000000000000009
    endloop
  endfacet
  facet normal -0.6929370852700907 0.720998055376983 0
    outer loop
      vertex -1.1570344343781471 -8.457906939089298 -1
      vertex -1.2647346630692482 -8.561415515840054 0.010000000000000009
      vertex -1.1570344343781471 -8.457906939089298 0
    endloop
  endfacet
  facet normal -0.8076849290979776 0.5896143275972819 0
    outer loop
      vertex -1.0661280453205109 -8.333378553390503 -1
      vertex -1.1570344343781471 -8.457906939089298 0
      vertex -1.1570344343781471 -8.457906939089298 0.010000000000000009
    endloop
  endfacet
  facet normal -0.8076849290979778 0.5896143275972815 0
    outer loop
      vertex -1.0661280453205109 -8.333378553390503 -1
      vertex -1.1570344343781471 -8.457906939089298 0.010000000000000009
      vertex -1.0661280453205109 -8.333378553390503 0
    endloop
  endfacet
  facet normal -0.8923058476940842 0.45143136152790936 0
    outer loop
      vertex -0.9935709238052368 -8.189961083233356 -1
      vertex -1.0661280453205109 -8.333378553390503 0
      vertex -1.0661280453205109 -8.333378553390503 0.010000000000000009
    endloop
  endfacet
  facet normal -0.8923058476940832 0.4514313615279112 0
    outer loop
      vertex -0.9935709238052368 -8.189961083233356 -1
      vertex -1.0661280453205109 -8.333378553390503 0.010000000000000009
      vertex -0.9935709238052368 -8.189961083233356 0.010000000000000009
    endloop
  endfacet
  facet normal -0.9492480062350533 0.3145285720865055 0
    outer loop
      vertex -0.9406045526266098 -8.030108444392681 -1
      vertex -0.9935709238052368 -8.189961083233356 0.010000000000000009
      vertex -0.9406045526266098 -8.030108444392681 0
    endloop
  endfacet
  facet normal -0.9829457421083886 0.1838958076493026 0
    outer loop
      vertex -0.9081351980566978 -7.856555745005608 -1
      vertex -0.9406045526266098 -8.030108444392681 0
      vertex -0.9081351980566978 -7.856555745005608 0
    endloop
  endfacet
  facet normal -0.9980864595356841 0.061833803793097886 0
    outer loop
      vertex -0.8967184200882912 -7.67227254062891 -1
      vertex -0.9081351980566978 -7.856555745005608 0
      vertex -0.9081351980566978 -7.856555745005608 0.010000000000000009
    endloop
  endfacet
  facet normal -0.9980864595356841 0.0618338037930976 0
    outer loop
      vertex -0.8967184200882912 -7.67227254062891 -1
      vertex -0.9081351980566978 -7.856555745005608 0.010000000000000009
      vertex -0.8967184200882912 -7.67227254062891 0.010000000000000009
    endloop
  endfacet
  facet normal -0.9878102657058555 -0.1556627089772219 0
    outer loop
      vertex -0.9374604001641273 -7.284256763756275 -1
      vertex -0.9065495580434799 -7.480411946773529 0.010000000000000009
      vertex -0.9374604001641273 -7.284256763756275 0.010000000000000009
    endloop
  endfacet
  facet normal -0.9986897570957037 -0.051173910072656856 0
    outer loop
      vertex -0.9065495580434799 -7.480411946773529 -1
      vertex -0.8967184200882912 -7.67227254062891 0.010000000000000009
      vertex -0.9065495580434799 -7.480411946773529 0.010000000000000009
    endloop
  endfacet
  facet normal -0.8605028222667184 -0.5094456721486724 0
    outer loop
      vertex -1.256144680082798 -6.523710839450359 -1
      vertex -1.1496391519904137 -6.703608937561512 -1
      vertex -1.1496391519904137 -6.703608937561512 0.010000000000000009
    endloop
  endfacet
  facet normal -0.9675621370755446 -0.2526331547873419 0
    outer loop
      vertex -0.9889220595359802 -7.087163262069225 -1
      vertex -0.9374604001641273 -7.284256763756275 -1
      vertex -0.9374604001641273 -7.284256763756275 0.010000000000000009
    endloop
  endfacet
  facet normal -0.9392550349065192 -0.343220016028718 0
    outer loop
      vertex -0.9889220595359802 -7.087163262069225 -1
      vertex -0.9889220595359802 -7.087163262069225 0.010000000000000009
      vertex -1.0600540041923523 -6.892503760755062 -1
    endloop
  endfacet
  facet normal -0.9035366727183931 -0.42851077122165254 0
    outer loop
      vertex -1.1496391519904137 -6.703608937561512 -1
      vertex -1.0600540041923523 -6.892503760755062 -1
      vertex -1.0600540041923523 -6.892503760755062 0.010000000000000009
    endloop
  endfacet
  facet normal -0.8097670581424297 -0.5867514904517541 0
    outer loop
      vertex -1.256144680082798 -6.523710839450359 -1
      vertex -1.256144680082798 -6.523710839450359 0.010000000000000009
      vertex -1.3777482360601425 -6.355887569487095 -1
    endloop
  endfacet
  facet normal -0.7504962473169929 -0.6608747103370737 0
    outer loop
      vertex -1.5123691633343697 -6.203010633587837 -1
      vertex -1.3777482360601425 -6.355887569487095 -1
      vertex -1.3777482360601425 -6.355887569487095 0
    endloop
  endfacet
  facet normal 0 0 -1
    outer loop
      vertex -1.256144680082798 -6.523710839450359 -1
      vertex 2.374247521162033 -4.661393590271473 -1
      vertex -1.1496391519904137 -6.703608937561512 -1
    endloop
  endfacet
  facet normal -0.9035366727183931 -0.42851077122165254 0
    outer loop
      vertex -1.1496391519904137 -6.703608937561512 -1
      vertex -1.0600540041923523 -6.892503760755062 0.010000000000000009
      vertex -1.1496391519904137 -6.703608937561512 0.010000000000000009
    endloop
  endfacet
  facet normal -0.9675621370755446 -0.2526331547873419 0
    outer loop
      vertex -0.9889220595359802 -7.087163262069225 -1
      vertex -0.9374604001641273 -7.284256763756275 0.010000000000000009
      vertex -0.9889220595359802 -7.087163262069225 0.010000000000000009
    endloop
  endfacet
  facet normal -0.9392550349065192 -0.343220016028718 0
    outer loop
      vertex -1.0600540041923523 -6.892503760755062 -1
      vertex -0.9889220595359802 -7.087163262069225 0.010000000000000009
      vertex -1.0600540041923523 -6.892503760755062 0.010000000000000009
    endloop
  endfacet
  facet normal -0.7504962473169929 -0.6608747103370737 0
    outer loop
      vertex -1.5123691633343697 -6.203010633587837 -1
      vertex -1.3777482360601425 -6.355887569487095 0
      vertex -1.5123691633343697 -6.203010633587837 0
    endloop
  endfacet
  facet normal -0.8097670581424297 -0.5867514904517541 0
    outer loop
      vertex -1.3777482360601425 -6.355887569487095 -1
      vertex -1.256144680082798 -6.523710839450359 0.010000000000000009
      vertex -1.3777482360601425 -6.355887569487095 0
    endloop
  endfacet
  facet normal -0.8605028222667184 -0.5094456721486724 0
    outer loop
      vertex -1.256144680082798 -6.523710839450359 -1
      vertex -1.1496391519904137 -6.703608937561512 0.010000000000000009
      vertex -1.256144680082798 -6.523710839450359 0.010000000000000009
    endloop
  endfacet
  facet normal 0.600885342121112 0.7993352273132932 0
    outer loop
      vertex -2.4658147245645523 -8.506575845181942 0.010000000000000009
      vertex -2.4658147245645523 -8.506575845181942 0
      vertex -2.6193768605589867 -8.39113837480545 0.010000000000000009
    endloop
  endfacet
  facet normal 0.5068602843579745 0.862028220037229 0
    outer loop
      vertex -2.3066528365015984 -8.600160762667656 0
      vertex -2.4658147245645523 -8.506575845181942 0.010000000000000009
      vertex -2.3066528365015984 -8.600160762667656 0.010000000000000009
    endloop
  endfacet
  facet normal 0.27005676562398817 0.9628444024559265 0
    outer loop
      vertex -1.9824722334742546 -8.715769238770008 0.010000000000000009
      vertex -1.9824722334742546 -8.715769238770008 0
      vertex -2.1446144953370094 -8.670291885733604 0.010000000000000009
    endloop
  endfacet
  facet normal 0.12471753825514775 0.9921922876396368 0
    outer loop
      vertex -1.8230003342032433 -8.735814690589905 0
      vertex -1.9824722334742546 -8.715769238770008 0.010000000000000009
      vertex -1.8230003342032433 -8.735814690589905 0.010000000000000009
    endloop
  endfacet
  facet normal -0.03716079487760076 0.9993092991281852 0
    outer loop
      vertex -1.6689274162054062 -8.730085261166096 0.010000000000000009
      vertex -1.6689274162054062 -8.730085261166096 0
      vertex -1.8230003342032433 -8.735814690589905 0.010000000000000009
    endloop
  endfacet
  facet normal -0.5068603143437629 -0.8620282024060129 0
    outer loop
      vertex -1.970428079366684 -5.85867340862751 0.010000000000000009
      vertex -1.970428079366684 -5.85867340862751 0
      vertex -1.81126619130373 -5.952258333563805 0.010000000000000009
    endloop
  endfacet
  facet normal -0.9492480062350535 0.31452857208650553 0
    outer loop
      vertex -0.9406045526266098 -8.030108444392681 0.010000000000000009
      vertex -0.9406045526266098 -8.030108444392681 0
      vertex -0.9935709238052368 -8.189961083233356 0.010000000000000009
    endloop
  endfacet
  facet normal -0.7504962473169928 -0.6608747103370737 0
    outer loop
      vertex -1.5123691633343697 -6.203010633587837 0.010000000000000009
      vertex -1.5123691633343697 -6.203010633587837 0
      vertex -1.3777482360601425 -6.355887569487095 0.010000000000000009
    endloop
  endfacet
  facet normal -0.8097670581424297 -0.5867514904517542 0
    outer loop
      vertex -1.3777482360601425 -6.355887569487095 0.010000000000000009
      vertex -1.3777482360601425 -6.355887569487095 0
      vertex -1.256144680082798 -6.523710839450359 0.010000000000000009
    endloop
  endfacet
  facet normal 0.5497404232409633 -0.8353355415968164 0
    outer loop
      vertex -3.012346252799034 -5.8974186554551125 -1
      vertex -2.889694958925247 -5.81670094281435 0.010000000000000009
      vertex -3.012346252799034 -5.8974186554551125 0
    endloop
  endfacet
  facet normal 0.5497404232409633 -0.8353355415968164 0
    outer loop
      vertex -3.012346252799034 -5.8974186554551125 0.010000000000000009
      vertex -3.012346252799034 -5.8974186554551125 0
      vertex -2.889694958925247 -5.81670094281435 0.010000000000000009
    endloop
  endfacet
  facet normal 0 0 -1
    outer loop
      vertex -3.3364763632416725 -6.4287257343530655 -1
      vertex -9.570316076278687 7.477532938122749 -1
      vertex -3.2835099920630455 -6.2688730880618095 -1
    endloop
  endfacet
  facet normal 0 0 -1
    outer loop
      vertex -3.2835099920630455 -6.2688730880618095 -1
      vertex -9.570316076278687 7.477532938122749 -1
      vertex -3.2109528705477715 -6.125455617904663 -1
    endloop
  endfacet
  facet normal 0 0 -1
    outer loop
      vertex -3.2109528705477715 -6.125455617904663 -1
      vertex -9.570316076278687 7.477532938122749 -1
      vertex -3.120046481490135 -6.000927239656448 -1
    endloop
  endfacet
  facet normal 0 0 -1
    outer loop
      vertex -3.120046481490135 -6.000927239656448 -1
      vertex -9.570316076278687 7.477532938122749 -1
      vertex -3.012346252799034 -5.8974186554551125 -1
    endloop
  endfacet
  facet normal 0 0 -1
    outer loop
      vertex -3.012346252799034 -5.8974186554551125 -1
      vertex -7.526704654097557 7.987062491476536 -1
      vertex -2.889694958925247 -5.81670094281435 -1
    endloop
  endfacet
  facet normal 0 0 -1
    outer loop
      vertex -2.889694958925247 -5.81670094281435 -1
      vertex -7.526704654097557 7.987062491476536 -1
      vertex -2.75419120490551 -5.760155186057091 -1
    endloop
  endfacet
  facet normal 0 0 -1
    outer loop
      vertex -2.75419120490551 -5.760155186057091 -1
      vertex -7.526704654097557 7.987062491476536 -1
      vertex -2.608153499662876 -5.72874891012907 -1
    endloop
  endfacet
  facet normal 0 0 -1
    outer loop
      vertex -2.608153499662876 -5.72874891012907 -1
      vertex -7.526704654097557 7.987062491476536 -1
      vertex -2.454080581665039 -5.723019488155842 -1
    endloop
  endfacet
  facet normal 0 0 -1
    outer loop
      vertex -2.454080581665039 -5.723019488155842 -1
      vertex -7.526704654097557 7.987062491476536 -1
      vertex -2.2946086823940277 -5.7430649399757385 -1
    endloop
  endfacet
  facet normal 0.5497404232409633 -0.8353355415968163 0
    outer loop
      vertex -3.012346252799034 -5.8974186554551125 -1
      vertex -2.889694958925247 -5.81670094281435 -1
      vertex -2.889694958925247 -5.81670094281435 0.010000000000000009
    endloop
  endfacet
  facet normal 0.38511358361256665 -0.9228691823422682 0
    outer loop
      vertex -2.889694958925247 -5.81670094281435 -1
      vertex -2.75419120490551 -5.760155186057091 -1
      vertex -2.75419120490551 -5.760155186057091 0.010000000000000009
    endloop
  endfacet
  facet normal 0.21024898220229238 -0.9776478739724749 0
    outer loop
      vertex -2.75419120490551 -5.760155186057091 -1
      vertex -2.608153499662876 -5.72874891012907 -1
      vertex -2.608153499662876 -5.72874891012907 0.010000000000000009
    endloop
  endfacet
  facet normal 0.03716074662023661 -0.9993093009227055 0
    outer loop
      vertex -2.608153499662876 -5.72874891012907 -1
      vertex -2.454080581665039 -5.723019488155842 -1
      vertex -2.454080581665039 -5.723019488155842 0
    endloop
  endfacet
  facet normal -0.12471753825514774 -0.9921922876396367 0
    outer loop
      vertex -2.454080581665039 -5.723019488155842 -1
      vertex -2.2946086823940277 -5.7430649399757385 -1
      vertex -2.2946086823940277 -5.7430649399757385 0
    endloop
  endfacet
  facet normal -0.27005676562398817 -0.9628444024559266 0
    outer loop
      vertex -2.2946086823940277 -5.7430649399757385 -1
      vertex -2.132466420531273 -5.788542293012142 -1
      vertex -2.132466420531273 -5.788542293012142 0
    endloop
  endfacet
  facet normal -0.39719971458451686 -0.9177321977210882 0
    outer loop
      vertex -2.132466420531273 -5.788542293012142 -1
      vertex -1.970428079366684 -5.85867340862751 -1
      vertex -1.970428079366684 -5.85867340862751 0
    endloop
  endfacet
  facet normal 0.38511358361256665 -0.9228691823422682 0
    outer loop
      vertex -2.889694958925247 -5.81670094281435 -1
      vertex -2.75419120490551 -5.760155186057091 0.010000000000000009
      vertex -2.889694958925247 -5.81670094281435 0.010000000000000009
    endloop
  endfacet
  facet normal 0.21024898220229238 -0.9776478739724749 0
    outer loop
      vertex -2.75419120490551 -5.760155186057091 -1
      vertex -2.608153499662876 -5.72874891012907 0.010000000000000009
      vertex -2.75419120490551 -5.760155186057091 0.010000000000000009
    endloop
  endfacet
  facet normal 0.03716074662023661 -0.9993093009227056 0
    outer loop
      vertex -2.608153499662876 -5.72874891012907 -1
      vertex -2.454080581665039 -5.723019488155842 0.010000000000000009
      vertex -2.608153499662876 -5.72874891012907 0.010000000000000009
    endloop
  endfacet
  facet normal 0.037160746620236315 -0.9993093009227054 0
    outer loop
      vertex -2.608153499662876 -5.72874891012907 -1
      vertex -2.454080581665039 -5.723019488155842 0
      vertex -2.454080581665039 -5.723019488155842 0.010000000000000009
    endloop
  endfacet
  facet normal -0.12471753825514774 -0.9921922876396367 0
    outer loop
      vertex -2.454080581665039 -5.723019488155842 -1
      vertex -2.2946086823940277 -5.7430649399757385 0
      vertex -2.454080581665039 -5.723019488155842 0
    endloop
  endfacet
  facet normal -0.27005676562398817 -0.9628444024559266 0
    outer loop
      vertex -2.2946086823940277 -5.7430649399757385 -1
      vertex -2.132466420531273 -5.788542293012142 0.010000000000000009
      vertex -2.2946086823940277 -5.7430649399757385 0
    endloop
  endfacet
  facet normal -0.2700567656239883 -0.9628444024559266 0
    outer loop
      vertex -2.2946086823940277 -5.7430649399757385 -1
      vertex -2.132466420531273 -5.788542293012142 0
      vertex -2.132466420531273 -5.788542293012142 0.010000000000000009
    endloop
  endfacet
  facet normal -0.39719971458451686 -0.9177321977210882 0
    outer loop
      vertex -2.132466420531273 -5.788542293012142 -1
      vertex -1.970428079366684 -5.85867340862751 0
      vertex -2.132466420531273 -5.788542293012142 0
    endloop
  endfacet
  facet normal 0 0 -1
    outer loop
      vertex -1.970428079366684 -5.85867340862751 -1
      vertex 1.1093121394515038 -1.9793468192219734 -1
      vertex -1.81126619130373 -5.952258333563805 -1
    endloop
  endfacet
  facet normal 0 0 -1
    outer loop
      vertex -1.256144680082798 -6.523710839450359 -1
      vertex -1.3777482360601425 -6.355887569487095 -1
      vertex 2.374247521162033 -4.661393590271473 -1
    endloop
  endfacet
  facet normal 0 0 -1
    outer loop
      vertex -1.5123691633343697 -6.203010633587837 -1
      vertex 2.071173518896103 -3.7145906761288643 -1
      vertex -1.3777482360601425 -6.355887569487095 -1
    endloop
  endfacet
  facet normal 0 0 -1
    outer loop
      vertex -1.6577040553092957 -6.067695796489716 -1
      vertex -1.81126619130373 -5.952258333563805 -1
      vertex 1.6471097767353058 -2.8154468834400177 -1
    endloop
  endfacet
  facet normal 0 0 -1
    outer loop
      vertex -1.6577040553092957 -6.067695796489716 -1
      vertex 1.6471097767353058 -2.8154468834400177 -1
      vertex -1.5123691633343697 -6.203010633587837 -1
    endloop
  endfacet
  facet normal 0 0 -1
    outer loop
      vertex -2.2946086823940277 -5.7430649399757385 -1
      vertex 0.46698248386383057 -1.2205963879823685 -1
      vertex -2.132466420531273 -5.788542293012142 -1
    endloop
  endfacet
  facet normal 0 0 -1
    outer loop
      vertex -2.132466420531273 -5.788542293012142 -1
      vertex 0.46698248386383057 -1.2205963879823685 -1
      vertex -1.970428079366684 -5.85867340862751 -1
    endloop
  endfacet
  facet normal 0 0 -1
    outer loop
      vertex -1.970428079366684 -5.85867340862751 -1
      vertex 0.46698248386383057 -1.2205963879823685 -1
      vertex 1.1093121394515038 -1.9793468192219734 -1
    endloop
  endfacet
  facet normal -0.12471753825514775 -0.9921922876396368 0
    outer loop
      vertex -2.454080581665039 -5.723019488155842 0.010000000000000009
      vertex -2.454080581665039 -5.723019488155842 0
      vertex -2.2946086823940277 -5.7430649399757385 0.010000000000000009
    endloop
  endfacet
  facet normal -0.27005676562398817 -0.9628444024559265 0
    outer loop
      vertex -2.2946086823940277 -5.7430649399757385 0.010000000000000009
      vertex -2.2946086823940277 -5.7430649399757385 0
      vertex -2.132466420531273 -5.788542293012142 0.010000000000000009
    endloop
  endfacet
  facet normal -0.39719971458451686 -0.917732197721088 0
    outer loop
      vertex -2.132466420531273 -5.788542293012142 0.010000000000000009
      vertex -2.132466420531273 -5.788542293012142 0
      vertex -1.970428079366684 -5.85867340862751 0.010000000000000009
    endloop
  endfacet
  facet normal -0.9745147846709582 0.22432328113175393 0
    outer loop
      vertex -9.570316076278687 7.477532938122749 -1
      vertex -12.305588886141777 -4.405156098306179 0
      vertex -9.570316076278687 7.477532938122749 0
    endloop
  endfacet
  facet normal 0 0 -1
    outer loop
      vertex -3.012346252799034 -5.8974186554551125 -1
      vertex -9.570316076278687 7.477532938122749 -1
      vertex -7.526704654097557 7.987062491476536 -1
    endloop
  endfacet
  facet normal -0.9411760073764525 0.33791673995071625 0
    outer loop
      vertex -9.570316076278687 7.477532938122749 -1
      vertex -9.570316076278687 7.477532938122749 0
      vertex -9.516566902399063 7.6272367760539055 -1
    endloop
  endfacet
  facet normal 0 0 -1
    outer loop
      vertex -9.570316076278687 7.477532938122749 -1
      vertex -9.516566902399063 7.6272367760539055 -1
      vertex -7.526704654097557 7.987062491476536 -1
    endloop
  endfacet
  facet normal 0 0 -1
    outer loop
      vertex -9.516566902399063 7.6272367760539055 -1
      vertex -9.443737290799618 7.768644213676453 -1
      vertex -8.539076961576939 8.350541286170483 -1
    endloop
  endfacet
  facet normal 0 0 -1
    outer loop
      vertex -9.443737290799618 7.768644213676453 -1
      vertex -9.353073373436928 7.899335712194443 -1
      vertex -8.695598877966404 8.322237513959408 -1
    endloop
  endfacet
  facet normal -0.8890171529174046 0.457873892921001 0
    outer loop
      vertex -9.516566902399063 7.6272367760539055 -1
      vertex -9.516566902399063 7.6272367760539055 0
      vertex -9.443737290799618 7.768644213676453 -1
    endloop
  endfacet
  facet normal -0.8216469414225477 0.5699967575793503 0
    outer loop
      vertex -9.443737290799618 7.768644213676453 -1
      vertex -9.443737290799618 7.768644213676453 0
      vertex -9.353073373436928 7.899335712194443 -1
    endloop
  endfacet
  facet normal -0.740218098532288 0.6723668393111337 0
    outer loop
      vertex -9.353073373436928 7.899335712194443 -1
      vertex -9.353073373436928 7.899335712194443 0
      vertex -9.246126428246498 8.01707510650158 -1
    endloop
  endfacet
  facet normal -0.6461240093289125 0.7632324446515174 0
    outer loop
      vertex -9.246126428246498 8.01707510650158 -1
      vertex -9.246126428246498 8.01707510650158 0
      vertex -9.124726362526417 8.119847856462002 -1
    endloop
  endfacet
  facet normal 0 0 -1
    outer loop
      vertex -9.353073373436928 7.899335712194443 -1
      vertex -9.246126428246498 8.01707510650158 -1
      vertex -8.695598877966404 8.322237513959408 -1
    endloop
  endfacet
  facet normal 0 0 -1
    outer loop
      vertex -9.246126428246498 8.01707510650158 -1
      vertex -9.124726362526417 8.119847856462002 -1
      vertex -8.990950353443623 8.205895476043224 -1
    endloop
  endfacet
  facet normal 0 0 -1
    outer loop
      vertex -9.246126428246498 8.01707510650158 -1
      vertex -8.990950353443623 8.205895476043224 -1
      vertex -8.84708734601736 8.27374567091465 -1
    endloop
  endfacet
  facet normal 0 0 -1
    outer loop
      vertex -9.246126428246498 8.01707510650158 -1
      vertex -8.84708734601736 8.27374567091465 -1
      vertex -8.695598877966404 8.322237513959408 -1
    endloop
  endfacet
  facet normal 0 0 -1
    outer loop
      vertex -9.443737290799618 7.768644213676453 -1
      vertex -8.695598877966404 8.322237513959408 -1
      vertex -8.539076961576939 8.350541286170483 -1
    endloop
  endfacet
  facet normal -0.5409744673771794 0.8410390155313707 0
    outer loop
      vertex -9.124726362526417 8.119847856462002 -1
      vertex -9.124726362526417 8.119847856462002 0
      vertex -8.990950353443623 8.205895476043224 -1
    endloop
  endfacet
  facet normal -0.4265687175846155 0.9044551559796742 0
    outer loop
      vertex -8.990950353443623 8.205895476043224 -1
      vertex -8.990950353443623 8.205895476043224 0
      vertex -8.84708734601736 8.27374567091465 -1
    endloop
  endfacet
  facet normal -0.9411760073764525 0.33791673995071625 0
    outer loop
      vertex -9.516566902399063 7.6272367760539055 -1
      vertex -9.570316076278687 7.477532938122749 0
      vertex -9.516566902399063 7.6272367760539055 0
    endloop
  endfacet
  facet normal -0.8890171529174046 0.457873892921001 0
    outer loop
      vertex -9.443737290799618 7.768644213676453 -1
      vertex -9.516566902399063 7.6272367760539055 0
      vertex -9.443737290799618 7.768644213676453 0
    endloop
  endfacet
  facet normal -0.8216469414225477 0.5699967575793503 0
    outer loop
      vertex -9.353073373436928 7.899335712194443 -1
      vertex -9.443737290799618 7.768644213676453 0
      vertex -9.353073373436928 7.899335712194443 0
    endloop
  endfacet
  facet normal -0.740218098532288 0.6723668393111337 0
    outer loop
      vertex -9.246126428246498 8.01707510650158 -1
      vertex -9.353073373436928 7.899335712194443 0
      vertex -9.246126428246498 8.01707510650158 0
    endloop
  endfacet
  facet normal -0.6461240093289125 0.7632324446515174 0
    outer loop
      vertex -9.124726362526417 8.119847856462002 -1
      vertex -9.246126428246498 8.01707510650158 0
      vertex -9.124726362526417 8.119847856462002 0
    endloop
  endfacet
  facet normal -0.5409744673771794 0.8410390155313707 0
    outer loop
      vertex -8.990950353443623 8.205895476043224 -1
      vertex -9.124726362526417 8.119847856462002 0
      vertex -8.990950353443623 8.205895476043224 0
    endloop
  endfacet
  facet normal -0.4265687175846155 0.9044551559796742 0
    outer loop
      vertex -8.84708734601736 8.27374567091465 -1
      vertex -8.990950353443623 8.205895476043224 0
      vertex -8.84708734601736 8.27374567091465 0
    endloop
  endfacet
  facet normal 0 0 -1
    outer loop
      vertex -9.516566902399063 7.6272367760539055 -1
      vertex -8.066246829926968 8.311252132058144 -1
      vertex -7.916542984545231 8.25750295817852 -1
    endloop
  endfacet
  facet normal 0 0 -1
    outer loop
      vertex -9.516566902399063 7.6272367760539055 -1
      vertex -7.916542984545231 8.25750295817852 -1
      vertex -7.775135554373264 8.184673346579075 -1
    endloop
  endfacet
  facet normal 0 0 -1
    outer loop
      vertex -9.516566902399063 7.6272367760539055 -1
      vertex -7.775135554373264 8.184673346579075 -1
      vertex -7.644444055855274 8.094009429216385 -1
    endloop
  endfacet
  facet normal 0 0 -1
    outer loop
      vertex -9.516566902399063 7.6272367760539055 -1
      vertex -7.644444055855274 8.094009429216385 -1
      vertex -7.526704654097557 7.987062491476536 -1
    endloop
  endfacet
  facet normal 0 0 -1
    outer loop
      vertex -9.516566902399063 7.6272367760539055 -1
      vertex -8.539076961576939 8.350541286170483 -1
      vertex -8.38019972294569 8.358172707259655 -1
    endloop
  endfacet
  facet normal 0 0 -1
    outer loop
      vertex -9.516566902399063 7.6272367760539055 -1
      vertex -8.38019972294569 8.358172707259655 -1
      vertex -8.221685610711575 8.345001198351383 -1
    endloop
  endfacet
  facet normal 0 0 -1
    outer loop
      vertex -9.516566902399063 7.6272367760539055 -1
      vertex -8.221685610711575 8.345001198351383 -1
      vertex -8.066246829926968 8.311252132058144 -1
    endloop
  endfacet
  facet normal -0.30486431106080153 0.9523957957915516 0
    outer loop
      vertex -8.84708734601736 8.27374567091465 -1
      vertex -8.84708734601736 8.27374567091465 0
      vertex -8.695598877966404 8.322237513959408 -1
    endloop
  endfacet
  facet normal -0.17794353932379559 0.9840406987584003 0
    outer loop
      vertex -8.695598877966404 8.322237513959408 -1
      vertex -8.695598877966404 8.322237513959408 0
      vertex -8.539076961576939 8.350541286170483 -1
    endloop
  endfacet
  facet normal -0.04797812894422238 0.9988483864646384 0
    outer loop
      vertex -8.539076961576939 8.350541286170483 -1
      vertex -8.539076961576939 8.350541286170483 0
      vertex -8.38019972294569 8.358172707259655 -1
    endloop
  endfacet
  facet normal 0.08280821938080263 0.9965655015115569 0
    outer loop
      vertex -8.38019972294569 8.358172707259655 -1
      vertex -8.38019972294569 8.358172707259655 0
      vertex -8.221685610711575 8.345001198351383 -1
    endloop
  endfacet
  facet normal 0.21217766432995963 0.9772311081619757 0
    outer loop
      vertex -8.221685610711575 8.345001198351383 -1
      vertex -8.221685610711575 8.345001198351383 0
      vertex -8.066246829926968 8.311252132058144 -1
    endloop
  endfacet
  facet normal 0.6723667903329923 0.7402181430209004 0
    outer loop
      vertex -7.644444055855274 8.094009429216385 -1
      vertex -7.644444055855274 8.094009429216385 0
      vertex -7.526704654097557 7.987062491476536 -1
    endloop
  endfacet
  facet normal 0.3379167250533819 0.9411760127251423 0
    outer loop
      vertex -8.066246829926968 8.311252132058144 -1
      vertex -8.066246829926968 8.311252132058144 0
      vertex -7.916542984545231 8.25750295817852 -1
    endloop
  endfacet
  facet normal 0.45787391198807453 0.8890171430972166 0
    outer loop
      vertex -7.916542984545231 8.25750295817852 -1
      vertex -7.916542984545231 8.25750295817852 0
      vertex -7.775135554373264 8.184673346579075 -1
    endloop
  endfacet
  facet normal 0.5699967575793503 0.8216469414225477 0
    outer loop
      vertex -7.775135554373264 8.184673346579075 -1
      vertex -7.775135554373264 8.184673346579075 0
      vertex -7.644444055855274 8.094009429216385 -1
    endloop
  endfacet
  facet normal -0.30486431106080153 0.9523957957915516 0
    outer loop
      vertex -8.695598877966404 8.322237513959408 -1
      vertex -8.84708734601736 8.27374567091465 0
      vertex -8.695598877966404 8.322237513959408 0
    endloop
  endfacet
  facet normal -0.17794353932379559 0.9840406987584003 0
    outer loop
      vertex -8.539076961576939 8.350541286170483 -1
      vertex -8.695598877966404 8.322237513959408 0
      vertex -8.539076961576939 8.350541286170483 0
    endloop
  endfacet
  facet normal -0.04797812894422238 0.9988483864646384 0
    outer loop
      vertex -8.38019972294569 8.358172707259655 -1
      vertex -8.539076961576939 8.350541286170483 0
      vertex -8.38019972294569 8.358172707259655 0
    endloop
  endfacet
  facet normal 0.08280821938080263 0.9965655015115569 0
    outer loop
      vertex -8.221685610711575 8.345001198351383 -1
      vertex -8.38019972294569 8.358172707259655 0
      vertex -8.221685610711575 8.345001198351383 0
    endloop
  endfacet
  facet normal 0.21217766432995963 0.9772311081619757 0
    outer loop
      vertex -8.066246829926968 8.311252132058144 -1
      vertex -8.221685610711575 8.345001198351383 0
      vertex -8.066246829926968 8.311252132058144 0
    endloop
  endfacet
  facet normal 0.6723667903329923 0.7402181430209004 0
    outer loop
      vertex -7.526704654097557 7.987062491476536 -1
      vertex -7.644444055855274 8.094009429216385 0
      vertex -7.526704654097557 7.987062491476536 0
    endloop
  endfacet
  facet normal 0.3379167250533819 0.9411760127251423 0
    outer loop
      vertex -7.916542984545231 8.25750295817852 -1
      vertex -8.066246829926968 8.311252132058144 0
      vertex -7.916542984545231 8.25750295817852 0
    endloop
  endfacet
  facet normal 0.45787391198807453 0.8890171430972166 0
    outer loop
      vertex -7.775135554373264 8.184673346579075 -1
      vertex -7.916542984545231 8.25750295817852 0
      vertex -7.775135554373264 8.184673346579075 0
    endloop
  endfacet
  facet normal 0.5699967575793503 0.8216469414225477 0
    outer loop
      vertex -7.644444055855274 8.094009429216385 -1
      vertex -7.775135554373264 8.184673346579075 0
      vertex -7.644444055855274 8.094009429216385 0
    endloop
  endfacet
  facet normal 0 0 -1
    outer loop
      vertex -2.2946086823940277 -5.7430649399757385 -1
      vertex -7.526704654097557 7.987062491476536 -1
      vertex 0.46698248386383057 -1.2205963879823685 -1
    endloop
  endfacet
  facet normal 0.7551320818166836 0.6555726801897723 0
    outer loop
      vertex -7.526704654097557 7.987062491476536 -1
      vertex -7.526704654097557 7.987062491476536 0
      vertex 0.46698248386383057 -1.2205963879823685 -1
    endloop
  endfacet
  facet normal 0.7551320818166836 0.6555726801897723 0
    outer loop
      vertex 0.46698248386383057 -1.2205963879823685 -1
      vertex -7.526704654097557 7.987062491476536 0
      vertex 0.46698248386383057 -1.2205963879823685 0
    endloop
  endfacet
  facet normal 0.6461239806106188 -0.7632324689633486 0
    outer loop
      vertex -0.4793468192219734 -12.609312139451504 -1
      vertex 0.27940361201763153 -11.96698248386383 -1
      vertex 0.27940361201763153 -11.96698248386383 0
    endloop
  endfacet
  facet normal -0.6658816688993583 -0.746057372474668 0
    outer loop
      vertex 6.71759856492281 -11.742909647524357 -1
      vertex 7.0298832803964615 -12.02163441479206 -1
      vertex 7.0298832803964615 -12.02163441479206 0
    endloop
  endfacet
  facet normal -0.5628049292951921 -0.8265897480377032 0
    outer loop
      vertex 7.0298832803964615 -12.02163441479206 -1
      vertex 7.375877238810062 -12.257213316857815 -1
      vertex 7.375877238810062 -12.257213316857815 0
    endloop
  endfacet
  facet normal -0.6658816688993583 -0.746057372474668 0
    outer loop
      vertex 6.71759856492281 -11.742909647524357 -1
      vertex 7.0298832803964615 -12.02163441479206 0
      vertex 6.71759856492281 -11.742909647524357 0
    endloop
  endfacet
  facet normal -0.5628049292951921 -0.8265897480377032 0
    outer loop
      vertex 7.0298832803964615 -12.02163441479206 -1
      vertex 7.375877238810062 -12.257213316857815 0
      vertex 7.0298832803964615 -12.02163441479206 0
    endloop
  endfacet
  facet normal -0.32969064595918757 -0.9440890201495904 0
    outer loop
      vertex 7.749660387635231 -12.445615530014038 -1
      vertex 8.144837193191051 -12.583617448806763 -1
      vertex 8.144837193191051 -12.583617448806763 0
    endloop
  endfacet
  facet normal -0.4500984339297261 -0.8929789469937172 0
    outer loop
      vertex 7.749660387635231 -12.445615530014038 -1
      vertex 7.749660387635231 -12.445615530014038 0
      vertex 7.375877238810062 -12.257213316857815 -1
    endloop
  endfacet
  facet normal 0 0 -1
    outer loop
      vertex 7.749660387635231 -12.445615530014038 -1
      vertex 9.801216013729572 -12.598072446882725 -1
      vertex 8.144837193191051 -12.583617448806763 -1
    endloop
  endfacet
  facet normal 0 0 -1
    outer loop
      vertex 8.144837193191051 -12.583617448806763 -1
      vertex 9.389981895685196 -12.676147684454918 -1
      vertex 8.554646074771881 -12.66885782033205 -1
    endloop
  endfacet
  facet normal -0.20364175473474844 -0.979045471736912 0
    outer loop
      vertex 8.144837193191051 -12.583617448806763 -1
      vertex 8.554646074771881 -12.66885782033205 -1
      vertex 8.554646074771881 -12.66885782033205 0
    endloop
  endfacet
  facet normal 0 0 -1
    outer loop
      vertex 7.0298832803964615 -12.02163441479206 -1
      vertex 10.198741100728512 -12.4669883325696 -1
      vertex 7.375877238810062 -12.257213316857815 -1
    endloop
  endfacet
  facet normal 0 0 -1
    outer loop
      vertex 7.749660387635231 -12.445615530014038 -1
      vertex 7.375877238810062 -12.257213316857815 -1
      vertex 10.198741100728512 -12.4669883325696 -1
    endloop
  endfacet
  facet normal 0 0 -1
    outer loop
      vertex 6.71759856492281 -11.742909647524357 -1
      vertex 10.925808072090149 -12.055633634328842 -1
      vertex 7.0298832803964615 -12.02163441479206 -1
    endloop
  endfacet
  facet normal -0.32969064595918757 -0.9440890201495904 0
    outer loop
      vertex 7.749660387635231 -12.445615530014038 -1
      vertex 8.144837193191051 -12.583617448806763 0
      vertex 7.749660387635231 -12.445615530014038 0
    endloop
  endfacet
  facet normal -0.4500984339297261 -0.8929789469937172 0
    outer loop
      vertex 7.375877238810062 -12.257213316857815 -1
      vertex 7.749660387635231 -12.445615530014038 0
      vertex 7.375877238810062 -12.257213316857815 0
    endloop
  endfacet
  facet normal -0.20364175473474844 -0.979045471736912 0
    outer loop
      vertex 8.144837193191051 -12.583617448806763 -1
      vertex 8.554646074771881 -12.66885782033205 0
      vertex 8.144837193191051 -12.583617448806763 0
    endloop
  endfacet
  facet normal -0.07410849401437669 -0.9972501848156866 0
    outer loop
      vertex 8.554646074771881 -12.66885782033205 -1
      vertex 8.972075089812279 -12.69987815618515 0
      vertex 8.554646074771881 -12.66885782033205 0
    endloop
  endfacet
  facet normal 0 0 -1
    outer loop
      vertex 8.554646074771881 -12.66885782033205 -1
      vertex 9.389981895685196 -12.676147684454918 -1
      vertex 8.972075089812279 -12.69987815618515 -1
    endloop
  endfacet
  facet normal 0 0 -1
    outer loop
      vertex 8.144837193191051 -12.583617448806763 -1
      vertex 9.801216013729572 -12.598072446882725 -1
      vertex 9.389981895685196 -12.676147684454918 -1
    endloop
  endfacet
  facet normal 0 0 -1
    outer loop
      vertex 7.749660387635231 -12.445615530014038 -1
      vertex 10.198741100728512 -12.4669883325696 -1
      vertex 9.801216013729572 -12.598072446882725 -1
    endloop
  endfacet
  facet normal -0.07410849401437669 -0.9972501848156866 0
    outer loop
      vertex 8.554646074771881 -12.66885782033205 -1
      vertex 8.972075089812279 -12.69987815618515 -1
      vertex 8.972075089812279 -12.69987815618515 0
    endloop
  endfacet
  facet normal 0.056692796024155126 -0.998391670076911 0
    outer loop
      vertex 8.972075089812279 -12.69987815618515 -1
      vertex 9.389981895685196 -12.676147684454918 -1
      vertex 9.389981895685196 -12.676147684454918 0
    endloop
  endfacet
  facet normal 0 0 -1
    outer loop
      vertex 7.0298832803964615 -12.02163441479206 -1
      vertex 10.575755394995213 -12.285138227045536 -1
      vertex 10.198741100728512 -12.4669883325696 -1
    endloop
  endfacet
  facet normal 0 0 -1
    outer loop
      vertex 7.0298832803964615 -12.02163441479206 -1
      vertex 10.925808072090149 -12.055633634328842 -1
      vertex 10.575755394995213 -12.285138227045536 -1
    endloop
  endfacet
  facet normal 0.18652403780000912 -0.9824503973854256 0
    outer loop
      vertex 9.389981895685196 -12.676147684454918 -1
      vertex 9.801216013729572 -12.598072446882725 -1
      vertex 9.801216013729572 -12.598072446882725 0
    endloop
  endfacet
  facet normal 0.31316380513321285 -0.9496991266472172 0
    outer loop
      vertex 9.801216013729572 -12.598072446882725 -1
      vertex 10.198741100728512 -12.4669883325696 -1
      vertex 10.198741100728512 -12.4669883325696 0
    endloop
  endfacet
  facet normal 0 0 -1
    outer loop
      vertex 6.71759856492281 -11.742909647524357 -1
      vertex 11.242909647524357 -11.78240143507719 -1
      vertex 10.925808072090149 -12.055633634328842 -1
    endloop
  endfacet
  facet normal 0.056692796024155126 -0.998391670076911 0
    outer loop
      vertex 8.972075089812279 -12.69987815618515 -1
      vertex 9.389981895685196 -12.676147684454918 0
      vertex 8.972075089812279 -12.69987815618515 0
    endloop
  endfacet
  facet normal 0.18652403780000912 -0.9824503973854256 0
    outer loop
      vertex 9.389981895685196 -12.676147684454918 -1
      vertex 9.801216013729572 -12.598072446882725 0
      vertex 9.389981895685196 -12.676147684454918 0
    endloop
  endfacet
  facet normal 0.31316380513321285 -0.9496991266472172 0
    outer loop
      vertex 9.801216013729572 -12.598072446882725 -1
      vertex 10.198741100728512 -12.4669883325696 0
      vertex 9.801216013729572 -12.598072446882725 0
    endloop
  endfacet
  facet normal 0.43444525255924055 -0.9006982416596236 0
    outer loop
      vertex 10.198741100728512 -12.4669883325696 -1
      vertex 10.575755394995213 -12.285138227045536 -1
      vertex 10.575755394995213 -12.285138227045536 0
    endloop
  endfacet
  facet normal 0.5482932310502654 -0.8362861548444169 0
    outer loop
      vertex 10.575755394995213 -12.285138227045536 -1
      vertex 10.925808072090149 -12.055633634328842 -1
      vertex 10.925808072090149 -12.055633634328842 0
    endloop
  endfacet
  facet normal 0.652759754043304 -0.7575649830221335 0
    outer loop
      vertex 10.925808072090149 -12.055633634328842 -1
      vertex 11.242909647524357 -11.78240143507719 -1
      vertex 11.242909647524357 -11.78240143507719 0
    endloop
  endfacet
  facet normal 0.43444525255924055 -0.9006982416596236 0
    outer loop
      vertex 10.198741100728512 -12.4669883325696 -1
      vertex 10.575755394995213 -12.285138227045536 0
      vertex 10.198741100728512 -12.4669883325696 0
    endloop
  endfacet
  facet normal 0.5482932310502654 -0.8362861548444169 0
    outer loop
      vertex 10.575755394995213 -12.285138227045536 -1
      vertex 10.925808072090149 -12.055633634328842 0
      vertex 10.575755394995213 -12.285138227045536 0
    endloop
  endfacet
  facet normal 0.652759754043304 -0.7575649830221335 0
    outer loop
      vertex 10.925808072090149 -12.055633634328842 -1
      vertex 11.242909647524357 -11.78240143507719 0
      vertex 10.925808072090149 -12.055633634328842 0
    endloop
  endfacet
  facet normal 0.7402181286990671 -0.6723668061001014 0
    outer loop
      vertex 0.27940361201763153 -11.96698248386383 -1
      vertex 0.9478219896554947 -11.231111235916615 -1
      vertex 0.9478219896554947 -11.231111235916615 0
    endloop
  endfacet
  facet normal 0.8216469352800686 -0.5699967664336972 0
    outer loop
      vertex 0.9478219896554947 -11.231111235916615 -1
      vertex 1.514471486210823 -10.414289370179176 -1
      vertex 1.514471486210823 -10.414289370179176 0
    endloop
  endfacet
  facet normal 0.7402181286990671 -0.6723668061001014 0
    outer loop
      vertex 0.27940361201763153 -11.96698248386383 -1
      vertex 0.9478219896554947 -11.231111235916615 0
      vertex 0.27940361201763153 -11.96698248386383 0
    endloop
  endfacet
  facet normal 0.8216469352800686 -0.5699967664336972 0
    outer loop
      vertex 0.9478219896554947 -11.231111235916615 -1
      vertex 1.514471486210823 -10.414289370179176 0
      vertex 0.9478219896554947 -11.231111235916615 0
    endloop
  endfacet
  facet normal 0 0 -1
    outer loop
      vertex -1.1570344343781471 -8.457906939089298 -1
      vertex 1.514471486210823 -10.414289370179176 -1
      vertex 0.9478219896554947 -11.231111235916615 -1
    endloop
  endfacet
  facet normal 0 0 -1
    outer loop
      vertex -0.9935709238052368 -8.189961083233356 -1
      vertex 1.969656564295292 -9.530492924153805 -1
      vertex 1.514471486210823 -10.414289370179176 -1
    endloop
  endfacet
  facet normal 0.8890171423803979 -0.45787391337986416 0
    outer loop
      vertex 1.514471486210823 -10.414289370179176 -1
      vertex 1.969656564295292 -9.530492924153805 -1
      vertex 1.969656564295292 -9.530492924153805 0
    endloop
  endfacet
  facet normal 0.9411760162086036 -0.3379167153511385 0
    outer loop
      vertex 1.969656564295292 -9.530492924153805 -1
      vertex 2.305588886141777 -8.594843901693821 -1
      vertex 2.305588886141777 -8.594843901693821 0
    endloop
  endfacet
  facet normal 0.8890171423803979 -0.45787391337986416 0
    outer loop
      vertex 1.514471486210823 -10.414289370179176 -1
      vertex 1.969656564295292 -9.530492924153805 0
      vertex 1.514471486210823 -10.414289370179176 0
    endloop
  endfacet
  facet normal 0.9411760162086036 -0.3379167153511385 0
    outer loop
      vertex 1.969656564295292 -9.530492924153805 -1
      vertex 2.305588886141777 -8.594843901693821 0
      vertex 1.969656564295292 -9.530492924153805 0
    endloop
  endfacet
  facet normal 0 0 -1
    outer loop
      vertex -0.9935709238052368 -8.189961083233356 -1
      vertex -0.9406045526266098 -8.030108444392681 -1
      vertex 1.969656564295292 -9.530492924153805 -1
    endloop
  endfacet
  facet normal 0 0 -1
    outer loop
      vertex -0.9406045526266098 -8.030108444392681 -1
      vertex -0.9081351980566978 -7.856555745005608 -1
      vertex 2.305588886141777 -8.594843901693821 -1
    endloop
  endfacet
  facet normal 0 0 -1
    outer loop
      vertex -0.9081351980566978 -7.856555745005608 -1
      vertex -0.8967184200882912 -7.67227254062891 -1
      vertex 2.305588886141777 -8.594843901693821 -1
    endloop
  endfacet
  facet normal 0 0 -1
    outer loop
      vertex -0.8967184200882912 -7.67227254062891 -1
      vertex -0.9065495580434799 -7.480411946773529 -1
      vertex 2.5165205597877502 -7.623351521790028 -1
    endloop
  endfacet
  facet normal 0 0 -1
    outer loop
      vertex -0.9406045526266098 -8.030108444392681 -1
      vertex 2.305588886141777 -8.594843901693821 -1
      vertex 1.969656564295292 -9.530492924153805 -1
    endloop
  endfacet
  facet normal 0 0 -1
    outer loop
      vertex -0.8967184200882912 -7.67227254062891 -1
      vertex 2.5165205597877502 -7.623351521790028 -1
      vertex 2.305588886141777 -8.594843901693821 -1
    endloop
  endfacet
  facet normal 0 0 -1
    outer loop
      vertex -0.9065495580434799 -7.480411946773529 -1
      vertex -0.9374604001641273 -7.284256763756275 -1
      vertex 2.5988424867391586 -6.632638290524483 -1
    endloop
  endfacet
  facet normal 0 0 -1
    outer loop
      vertex -0.9889220595359802 -7.087163262069225 -1
      vertex 2.5988424867391586 -6.632638290524483 -1
      vertex -0.9374604001641273 -7.284256763756275 -1
    endloop
  endfacet
  facet normal 0 0 -1
    outer loop
      vertex -0.9889220595359802 -7.087163262069225 -1
      vertex -1.0600540041923523 -6.892503760755062 -1
      vertex 2.5511461049318314 -5.639655575156212 -1
    endloop
  endfacet
  facet normal 0 0 -1
    outer loop
      vertex -1.1496391519904137 -6.703608937561512 -1
      vertex 2.5511461049318314 -5.639655575156212 -1
      vertex -1.0600540041923523 -6.892503760755062 -1
    endloop
  endfacet
  facet normal 0 0 -1
    outer loop
      vertex -0.9065495580434799 -7.480411946773529 -1
      vertex 2.5988424867391586 -6.632638290524483 -1
      vertex 2.5165205597877502 -7.623351521790028 -1
    endloop
  endfacet
  facet normal 0 0 -1
    outer loop
      vertex -0.9889220595359802 -7.087163262069225 -1
      vertex 2.5511461049318314 -5.639655575156212 -1
      vertex 2.5988424867391586 -6.632638290524483 -1
    endloop
  endfacet
  facet normal 0.9772311062195027 -0.21217767327644757 0
    outer loop
      vertex 2.305588886141777 -8.594843901693821 -1
      vertex 2.5165205597877502 -7.623351521790028 -1
      vertex 2.5165205597877502 -7.623351521790028 0
    endloop
  endfacet
  facet normal 0.9772311062195027 -0.21217767327644757 0
    outer loop
      vertex 2.305588886141777 -8.594843901693821 -1
      vertex 2.5165205597877502 -7.623351521790028 0
      vertex 2.305588886141777 -8.594843901693821 0
    endloop
  endfacet
  facet normal 0.9965655020263658 -0.0828082131852732 0
    outer loop
      vertex 2.5165205597877502 -7.623351521790028 -1
      vertex 2.5988424867391586 -6.632638290524483 -1
      vertex 2.5988424867391586 -6.632638290524483 0
    endloop
  endfacet
  facet normal 0.998848386404257 0.04797813020129082 0
    outer loop
      vertex 2.5988424867391586 -6.632638290524483 -1
      vertex 2.5511461049318314 -5.639655575156212 -1
      vertex 2.5511461049318314 -5.639655575156212 0
    endloop
  endfacet
  facet normal 0.9965655020263658 -0.0828082131852732 0
    outer loop
      vertex 2.5165205597877502 -7.623351521790028 -1
      vertex 2.5988424867391586 -6.632638290524483 0
      vertex 2.5165205597877502 -7.623351521790028 0
    endloop
  endfacet
  facet normal 0.998848386404257 0.04797813020129082 0
    outer loop
      vertex 2.5988424867391586 -6.632638290524483 -1
      vertex 2.5511461049318314 -5.639655575156212 0
      vertex 2.5988424867391586 -6.632638290524483 0
    endloop
  endfacet
  facet normal -0.998391670076911 -0.056692796024155126 0
    outer loop
      vertex 5.823852315545082 -9.889981895685196 -1
      vertex 5.823852315545082 -9.889981895685196 0
      vertex 5.80012184381485 -9.472075089812279 -1
    endloop
  endfacet
  facet normal -0.9972501848156866 0.07410849401437669 0
    outer loop
      vertex 5.80012184381485 -9.472075089812279 -1
      vertex 5.80012184381485 -9.472075089812279 0
      vertex 5.83114217966795 -9.054646074771881 -1
    endloop
  endfacet
  facet normal -0.979045471736912 0.20364175473474844 0
    outer loop
      vertex 5.83114217966795 -9.054646074771881 -1
      vertex 5.83114217966795 -9.054646074771881 0
      vertex 5.916382551193237 -8.644837193191051 -1
    endloop
  endfacet
  facet normal -0.9824503973854256 -0.18652403780000912 0
    outer loop
      vertex 5.823852315545082 -9.889981895685196 -1
      vertex 5.901927553117275 -10.301216013729572 0
      vertex 5.823852315545082 -9.889981895685196 0
    endloop
  endfacet
  facet normal -0.998391670076911 -0.056692796024155126 0
    outer loop
      vertex 5.80012184381485 -9.472075089812279 -1
      vertex 5.823852315545082 -9.889981895685196 0
      vertex 5.80012184381485 -9.472075089812279 0
    endloop
  endfacet
  facet normal -0.9972501848156866 0.07410849401437669 0
    outer loop
      vertex 5.83114217966795 -9.054646074771881 -1
      vertex 5.80012184381485 -9.472075089812279 0
      vertex 5.83114217966795 -9.054646074771881 0
    endloop
  endfacet
  facet normal 0 0 -1
    outer loop
      vertex -1.1496391519904137 -6.703608937561512 -1
      vertex 2.374247521162033 -4.661393590271473 -1
      vertex 2.5511461049318314 -5.639655575156212 -1
    endloop
  endfacet
  facet normal 0 0 -1
    outer loop
      vertex -1.3777482360601425 -6.355887569487095 -1
      vertex 2.071173518896103 -3.7145906761288643 -1
      vertex 2.374247521162033 -4.661393590271473 -1
    endloop
  endfacet
  facet normal 0 0 -1
    outer loop
      vertex -1.81126619130373 -5.952258333563805 -1
      vertex 1.1093121394515038 -1.9793468192219734 -1
      vertex 1.6471097767353058 -2.8154468834400177 -1
    endloop
  endfacet
  facet normal 0 0 -1
    outer loop
      vertex -1.5123691633343697 -6.203010633587837 -1
      vertex 1.6471097767353058 -2.8154468834400177 -1
      vertex 2.071173518896103 -3.7145906761288643 -1
    endloop
  endfacet
  facet normal 0.9840406976833777 0.17794354526874895 0
    outer loop
      vertex 2.5511461049318314 -5.639655575156212 -1
      vertex 2.374247521162033 -4.661393590271473 -1
      vertex 2.374247521162033 -4.661393590271473 0
    endloop
  endfacet
  facet normal 0.9840406976833777 0.17794354526874895 0
    outer loop
      vertex 2.5511461049318314 -5.639655575156212 -1
      vertex 2.374247521162033 -4.661393590271473 0
      vertex 2.5511461049318314 -5.639655575156212 0
    endloop
  endfacet
  facet normal 0.9523957996428536 0.3048642990293377 0
    outer loop
      vertex 2.071173518896103 -3.7145906761288643 -1
      vertex 2.071173518896103 -3.7145906761288643 0
      vertex 2.374247521162033 -4.661393590271473 -1
    endloop
  endfacet
  facet normal 0.9044551459004193 0.42656873895569436 0
    outer loop
      vertex 2.071173518896103 -3.7145906761288643 -1
      vertex 1.6471097767353058 -2.8154468834400177 -1
      vertex 1.6471097767353058 -2.8154468834400177 0
    endloop
  endfacet
  facet normal 0.9044551459004193 0.42656873895569436 0
    outer loop
      vertex 2.071173518896103 -3.7145906761288643 -1
      vertex 1.6471097767353058 -2.8154468834400177 0
      vertex 2.071173518896103 -3.7145906761288643 0
    endloop
  endfacet
  facet normal 0.9523957996428536 0.3048642990293377 0
    outer loop
      vertex 2.374247521162033 -4.661393590271473 -1
      vertex 2.071173518896103 -3.7145906761288643 0
      vertex 2.374247521162033 -4.661393590271473 0
    endloop
  endfacet
  facet normal 0.7632324689633486 0.6461239806106188 0
    outer loop
      vertex 1.1093121394515038 -1.9793468192219734 -1
      vertex 0.46698248386383057 -1.2205963879823685 -1
      vertex 0.46698248386383057 -1.2205963879823685 0
    endloop
  endfacet
  facet normal 0.8410390109048999 0.5409744745698339 0
    outer loop
      vertex 1.1093121394515038 -1.9793468192219734 -1
      vertex 1.1093121394515038 -1.9793468192219734 0
      vertex 1.6471097767353058 -2.8154468834400177 -1
    endloop
  endfacet
  facet normal 0.8410390109048999 0.5409744745698339 0
    outer loop
      vertex 1.6471097767353058 -2.8154468834400177 -1
      vertex 1.1093121394515038 -1.9793468192219734 0
      vertex 1.6471097767353058 -2.8154468834400177 0
    endloop
  endfacet
  facet normal 0.7632324689633486 0.6461239806106188 0
    outer loop
      vertex 1.1093121394515038 -1.9793468192219734 -1
      vertex 0.46698248386383057 -1.2205963879823685 0
      vertex 1.1093121394515038 -1.9793468192219734 0
    endloop
  endfacet
  facet normal -0.8362861548444169 -0.5482932310502654 0
    outer loop
      vertex 6.444366365671158 -11.425808072090149 -1
      vertex 6.444366365671158 -11.425808072090149 0
      vertex 6.214861772954464 -11.075755394995213 -1
    endloop
  endfacet
  facet normal -0.9006982416596236 -0.43444525255924055 0
    outer loop
      vertex 6.033011667430401 -10.698741100728512 -1
      vertex 6.214861772954464 -11.075755394995213 -1
      vertex 6.214861772954464 -11.075755394995213 0
    endloop
  endfacet
  facet normal -0.9496991266472172 -0.31316380513321285 0
    outer loop
      vertex 6.033011667430401 -10.698741100728512 -1
      vertex 6.033011667430401 -10.698741100728512 0
      vertex 5.901927553117275 -10.301216013729572 -1
    endloop
  endfacet
  facet normal -0.7575649830221335 -0.652759754043304 0
    outer loop
      vertex 6.444366365671158 -11.425808072090149 -1
      vertex 6.71759856492281 -11.742909647524357 -1
      vertex 6.71759856492281 -11.742909647524357 0
    endloop
  endfacet
  facet normal -0.7575649830221335 -0.652759754043304 0
    outer loop
      vertex 6.444366365671158 -11.425808072090149 -1
      vertex 6.71759856492281 -11.742909647524357 0
      vertex 6.444366365671158 -11.425808072090149 0
    endloop
  endfacet
  facet normal -0.8362861548444169 -0.5482932310502654 0
    outer loop
      vertex 6.214861772954464 -11.075755394995213 -1
      vertex 6.444366365671158 -11.425808072090149 0
      vertex 6.214861772954464 -11.075755394995213 0
    endloop
  endfacet
  facet normal -0.9006982416596236 -0.43444525255924055 0
    outer loop
      vertex 6.033011667430401 -10.698741100728512 -1
      vertex 6.214861772954464 -11.075755394995213 0
      vertex 6.033011667430401 -10.698741100728512 0
    endloop
  endfacet
  facet normal -0.9496991266472172 -0.31316380513321285 0
    outer loop
      vertex 5.901927553117275 -10.301216013729572 -1
      vertex 6.033011667430401 -10.698741100728512 0
      vertex 5.901927553117275 -10.301216013729572 0
    endloop
  endfacet
  facet normal -0.9824503973854256 -0.18652403780000912 0
    outer loop
      vertex 5.901927553117275 -10.301216013729572 -1
      vertex 5.901927553117275 -10.301216013729572 0
      vertex 5.823852315545082 -9.889981895685196 -1
    endloop
  endfacet
  facet normal 0 0 -1
    outer loop
      vertex 6.444366365671158 -11.425808072090149 -1
      vertex 6.214861772954464 -11.075755394995213 -1
      vertex 11.242909647524357 -11.78240143507719 -1
    endloop
  endfacet
  facet normal 0 0 -1
    outer loop
      vertex 6.033011667430401 -10.698741100728512 -1
      vertex 11.242909647524357 -11.78240143507719 -1
      vertex 6.214861772954464 -11.075755394995213 -1
    endloop
  endfacet
  facet normal 0 0 -1
    outer loop
      vertex 5.901927553117275 -10.301216013729572 -1
      vertex 5.823852315545082 -9.889981895685196 -1
      vertex 11.945615530014038 -10.750339612364769 -1
    endloop
  endfacet
  facet normal 0 0 -1
    outer loop
      vertex 6.033011667430401 -10.698741100728512 -1
      vertex 5.901927553117275 -10.301216013729572 -1
      vertex 11.945615530014038 -10.750339612364769 -1
    endloop
  endfacet
  facet normal 0 0 -1
    outer loop
      vertex 6.444366365671158 -11.425808072090149 -1
      vertex 11.242909647524357 -11.78240143507719 -1
      vertex 6.71759856492281 -11.742909647524357 -1
    endloop
  endfacet
  facet normal 0 0 -1
    outer loop
      vertex 5.823852315545082 -9.889981895685196 -1
      vertex 5.80012184381485 -9.472075089812279 -1
      vertex 12.176147684454918 -9.110018104314804 -1
    endloop
  endfacet
  facet normal 0 0 -1
    outer loop
      vertex 5.80012184381485 -9.472075089812279 -1
      vertex 5.83114217966795 -9.054646074771881 -1
      vertex 12.176147684454918 -9.110018104314804 -1
    endloop
  endfacet
  facet normal 0 0 -1
    outer loop
      vertex 5.83114217966795 -9.054646074771881 -1
      vertex 5.916382551193237 -8.644837193191051 -1
      vertex 12.176147684454918 -9.110018104314804 -1
    endloop
  endfacet
  facet normal -0.9440890201495904 0.32969064595918757 0
    outer loop
      vertex 5.916382551193237 -8.644837193191051 -1
      vertex 5.916382551193237 -8.644837193191051 0
      vertex 6.054384469985962 -8.249660387635231 -1
    endloop
  endfacet
  facet normal -0.8929789469937172 0.4500984339297261 0
    outer loop
      vertex 6.054384469985962 -8.249660387635231 -1
      vertex 6.054384469985962 -8.249660387635231 0
      vertex 6.242786683142185 -7.875877238810062 -1
    endloop
  endfacet
  facet normal -0.8265897480377032 0.5628049292951921 0
    outer loop
      vertex 6.242786683142185 -7.875877238810062 -1
      vertex 6.242786683142185 -7.875877238810062 0
      vertex 6.478365585207939 -7.5298832803964615 -1
    endloop
  endfacet
  facet normal -0.979045471736912 0.20364175473474844 0
    outer loop
      vertex 5.916382551193237 -8.644837193191051 -1
      vertex 5.83114217966795 -9.054646074771881 0
      vertex 5.916382551193237 -8.644837193191051 0
    endloop
  endfacet
  facet normal -0.9440890201495904 0.32969064595918757 0
    outer loop
      vertex 6.054384469985962 -8.249660387635231 -1
      vertex 5.916382551193237 -8.644837193191051 0
      vertex 6.054384469985962 -8.249660387635231 0
    endloop
  endfacet
  facet normal -0.8929789469937172 0.4500984339297261 0
    outer loop
      vertex 6.242786683142185 -7.875877238810062 -1
      vertex 6.054384469985962 -8.249660387635231 0
      vertex 6.242786683142185 -7.875877238810062 0
    endloop
  endfacet
  facet normal -0.8265897480377032 0.5628049292951921 0
    outer loop
      vertex 6.478365585207939 -7.5298832803964615 -1
      vertex 6.242786683142185 -7.875877238810062 0
      vertex 6.478365585207939 -7.5298832803964615 0
    endloop
  endfacet
  facet normal 0 0 -1
    outer loop
      vertex 5.916382551193237 -8.644837193191051 -1
      vertex 6.054384469985962 -8.249660387635231 -1
      vertex 12.176147684454918 -9.110018104314804 -1
    endloop
  endfacet
  facet normal 0 0 -1
    outer loop
      vertex 6.054384469985962 -8.249660387635231 -1
      vertex 6.242786683142185 -7.875877238810062 -1
      vertex 12.176147684454918 -9.110018104314804 -1
    endloop
  endfacet
  facet normal 0 0 -1
    outer loop
      vertex 6.242786683142185 -7.875877238810062 -1
      vertex 6.478365585207939 -7.5298832803964615 -1
      vertex 12.176147684454918 -9.110018104314804 -1
    endloop
  endfacet
  facet normal -0.8195213938476895 0.5730485887129817 0
    outer loop
      vertex 6.478365585207939 -7.5298832803964615 -1
      vertex 6.478365585207939 -7.5298832803964615 0
      vertex 9.420443251729012 -3.3223943561315536 -1
    endloop
  endfacet
  facet normal 0 0 -1
    outer loop
      vertex 6.033011667430401 -10.698741100728512 -1
      vertex 11.52163441479206 -11.470116719603539 -1
      vertex 11.242909647524357 -11.78240143507719 -1
    endloop
  endfacet
  facet normal 0 0 -1
    outer loop
      vertex 6.033011667430401 -10.698741100728512 -1
      vertex 11.757213316857815 -11.124122761189938 -1
      vertex 11.52163441479206 -11.470116719603539 -1
    endloop
  endfacet
  facet normal 0 0 -1
    outer loop
      vertex 6.033011667430401 -10.698741100728512 -1
      vertex 11.945615530014038 -10.750339612364769 -1
      vertex 11.757213316857815 -11.124122761189938 -1
    endloop
  endfacet
  facet normal 0 0 -1
    outer loop
      vertex 5.823852315545082 -9.889981895685196 -1
      vertex 12.083617448806763 -10.355162806808949 -1
      vertex 11.945615530014038 -10.750339612364769 -1
    endloop
  endfacet
  facet normal 0 0 -1
    outer loop
      vertex 5.823852315545082 -9.889981895685196 -1
      vertex 12.16885782033205 -9.945353925228119 -1
      vertex 12.083617448806763 -10.355162806808949 -1
    endloop
  endfacet
  facet normal 0 0 -1
    outer loop
      vertex 5.823852315545082 -9.889981895685196 -1
      vertex 12.19987815618515 -9.527924910187721 -1
      vertex 12.16885782033205 -9.945353925228119 -1
    endloop
  endfacet
  facet normal 0 0 -1
    outer loop
      vertex 5.823852315545082 -9.889981895685196 -1
      vertex 12.176147684454918 -9.110018104314804 -1
      vertex 12.19987815618515 -9.527924910187721 -1
    endloop
  endfacet
  facet normal 0.746057372474668 -0.6658816688993583 0
    outer loop
      vertex 11.242909647524357 -11.78240143507719 -1
      vertex 11.52163441479206 -11.470116719603539 -1
      vertex 11.52163441479206 -11.470116719603539 0
    endloop
  endfacet
  facet normal 0.8265897480377032 -0.5628049292951921 0
    outer loop
      vertex 11.52163441479206 -11.470116719603539 -1
      vertex 11.757213316857815 -11.124122761189938 -1
      vertex 11.757213316857815 -11.124122761189938 0
    endloop
  endfacet
  facet normal 0.746057372474668 -0.6658816688993583 0
    outer loop
      vertex 11.242909647524357 -11.78240143507719 -1
      vertex 11.52163441479206 -11.470116719603539 0
      vertex 11.242909647524357 -11.78240143507719 0
    endloop
  endfacet
  facet normal 0.8265897480377032 -0.5628049292951921 0
    outer loop
      vertex 11.52163441479206 -11.470116719603539 -1
      vertex 11.757213316857815 -11.124122761189938 0
      vertex 11.52163441479206 -11.470116719603539 0
    endloop
  endfacet
  facet normal 0 0 -1
    outer loop
      vertex 6.478365585207939 -7.5298832803964615 -1
      vertex 12.098072446882725 -8.698783986270428 -1
      vertex 12.176147684454918 -9.110018104314804 -1
    endloop
  endfacet
  facet normal 0 0 -1
    outer loop
      vertex 6.478365585207939 -7.5298832803964615 -1
      vertex 11.9669883325696 -8.301258899271488 -1
      vertex 12.098072446882725 -8.698783986270428 -1
    endloop
  endfacet
  facet normal 0 0 -1
    outer loop
      vertex 6.478365585207939 -7.5298832803964615 -1
      vertex 10.298622891306877 -3.445814460515976 -1
      vertex 11.9669883325696 -8.301258899271488 -1
    endloop
  endfacet
  facet normal 0.9457281227325375 0.32495894798080377 0
    outer loop
      vertex 11.9669883325696 -8.301258899271488 -1
      vertex 10.298622891306877 -3.445814460515976 0
      vertex 11.9669883325696 -8.301258899271488 0
    endloop
  endfacet
  facet normal 0 0 -1
    outer loop
      vertex 6.478365585207939 -7.5298832803964615 -1
      vertex 9.420443251729012 -3.3223943561315536 -1
      vertex 10.298622891306877 -3.445814460515976 -1
    endloop
  endfacet
  facet normal -0.8195213938476895 0.5730485887129817 0
    outer loop
      vertex 9.420443251729012 -3.3223943561315536 -1
      vertex 6.478365585207939 -7.5298832803964615 0
      vertex 9.420443251729012 -3.3223943561315536 0
    endloop
  endfacet
  facet normal -0.7460573515559702 0.6658816923367779 0
    outer loop
      vertex 9.420443251729012 -3.3223943561315536 -1
      vertex 9.420443251729012 -3.3223943561315536 0
      vertex 9.46503921598196 -3.2724288031458855 -1
    endloop
  endfacet
  facet normal -0.6527597932186502 0.7575649492664935 0
    outer loop
      vertex 9.46503921598196 -3.2724288031458855 -1
      vertex 9.46503921598196 -3.2724288031458855 0
      vertex 9.515775464475155 -3.228711649775505 -1
    endloop
  endfacet
  facet normal -0.5482931843679139 0.8362861854507062 0
    outer loop
      vertex 9.515775464475155 -3.228711649775505 -1
      vertex 9.515775464475155 -3.228711649775505 0
      vertex 9.571783892810345 -3.1919909194111824 -1
    endloop
  endfacet
  facet normal 0 0 -1
    outer loop
      vertex 9.420443251729012 -3.3223943561315536 -1
      vertex 9.46503921598196 -3.2724288031458855 -1
      vertex 9.828372746706009 -3.125632531940937 -1
    endloop
  endfacet
  facet normal 0 0 -1
    outer loop
      vertex 9.46503921598196 -3.2724288031458855 -1
      vertex 9.515775464475155 -3.228711649775505 -1
      vertex 9.828372746706009 -3.125632531940937 -1
    endloop
  endfacet
  facet normal 0 0 -1
    outer loop
      vertex 9.515775464475155 -3.228711649775505 -1
      vertex 9.571783892810345 -3.1919909194111824 -1
      vertex 9.828372746706009 -3.125632531940937 -1
    endloop
  endfacet
  facet normal 0 0 -1
    outer loop
      vertex 9.571783892810345 -3.1919909194111824 -1
      vertex 9.632106184959412 -3.1628948971629143 -1
      vertex 9.828372746706009 -3.125632531940937 -1
    endloop
  endfacet
  facet normal 0 0 -1
    outer loop
      vertex 9.420443251729012 -3.3223943561315536 -1
      vertex 9.828372746706009 -3.125632531940937 -1
      vertex 9.895161382853985 -3.1305957809090614 -1
    endloop
  endfacet
  facet normal 0 0 -1
    outer loop
      vertex 9.632106184959412 -3.1628948971629143 -1
      vertex 9.695710197091103 -3.1419214382767677 -1
      vertex 9.828372746706009 -3.125632531940937 -1
    endloop
  endfacet
  facet normal 0 0 -1
    outer loop
      vertex 9.420443251729012 -3.3223943561315536 -1
      vertex 9.895161382853985 -3.1305957809090614 -1
      vertex 9.96073080599308 -3.1442342400550842 -1
    endloop
  endfacet
  facet normal 0 0 -1
    outer loop
      vertex 9.695710197091103 -3.1419214382767677 -1
      vertex 9.761507652699947 -3.1294293999671936 -1
      vertex 9.828372746706009 -3.125632531940937 -1
    endloop
  endfacet
  facet normal 0 0 -1
    outer loop
      vertex 9.420443251729012 -3.3223943561315536 -1
      vertex 9.96073080599308 -3.1442342400550842 -1
      vertex 10.023959092795849 -3.166314549744129 -1
    endloop
  endfacet
  facet normal 0 0 -1
    outer loop
      vertex 9.420443251729012 -3.3223943561315536 -1
      vertex 10.023959092795849 -3.166314549744129 -1
      vertex 10.083764396607876 -3.1964589059352875 -1
    endloop
  endfacet
  facet normal 0 0 -1
    outer loop
      vertex 9.420443251729012 -3.3223943561315536 -1
      vertex 10.083764396607876 -3.1964589059352875 -1
      vertex 10.139123432338238 -3.234151527285576 -1
    endloop
  endfacet
  facet normal 0 0 -1
    outer loop
      vertex 9.420443251729012 -3.3223943561315536 -1
      vertex 10.189088985323906 -3.2787474915385246 -1
      vertex 10.232806138694286 -3.329483740031719 -1
    endloop
  endfacet
  facet normal 0 0 -1
    outer loop
      vertex 9.420443251729012 -3.3223943561315536 -1
      vertex 10.26952687650919 -3.385492168366909 -1
      vertex 10.298622891306877 -3.445814460515976 -1
    endloop
  endfacet
  facet normal 0 0 -1
    outer loop
      vertex 9.420443251729012 -3.3223943561315536 -1
      vertex 10.232806138694286 -3.329483740031719 -1
      vertex 10.26952687650919 -3.385492168366909 -1
    endloop
  endfacet
  facet normal 0 0 -1
    outer loop
      vertex 9.420443251729012 -3.3223943561315536 -1
      vertex 10.139123432338238 -3.234151527285576 -1
      vertex 10.189088985323906 -3.2787474915385246 -1
    endloop
  endfacet
  facet normal -0.43444528793811166 0.9006982245948814 0
    outer loop
      vertex 9.571783892810345 -3.1919909194111824 -1
      vertex 9.571783892810345 -3.1919909194111824 0
      vertex 9.632106184959412 -3.1628948971629143 -1
    endloop
  endfacet
  facet normal -0.313163821100952 0.9496991213818464 0
    outer loop
      vertex 9.632106184959412 -3.1628948971629143 -1
      vertex 9.632106184959412 -3.1628948971629143 0
      vertex 9.695710197091103 -3.1419214382767677 -1
    endloop
  endfacet
  facet normal -0.18652405106505013 0.9824503948669788 0
    outer loop
      vertex 9.695710197091103 -3.1419214382767677 -1
      vertex 9.695710197091103 -3.1419214382767677 0
      vertex 9.761507652699947 -3.1294293999671936 -1
    endloop
  endfacet
  facet normal -0.05669268085203859 0.998391676616852 0
    outer loop
      vertex 9.761507652699947 -3.1294293999671936 -1
      vertex 9.761507652699947 -3.1294293999671936 0
      vertex 9.828372746706009 -3.125632531940937 -1
    endloop
  endfacet
  facet normal 0.07410843011303557 0.9972501895643747 0
    outer loop
      vertex 9.828372746706009 -3.125632531940937 -1
      vertex 9.828372746706009 -3.125632531940937 0
      vertex 9.895161382853985 -3.1305957809090614 -1
    endloop
  endfacet
  facet normal 0.9006982681266148 0.4344451976874835 0
    outer loop
      vertex 10.298622891306877 -3.445814460515976 -1
      vertex 10.26952687650919 -3.385492168366909 -1
      vertex 10.26952687650919 -3.385492168366909 0
    endloop
  endfacet
  facet normal 0.836286134440224 0.5482932621718304 0
    outer loop
      vertex 10.232806138694286 -3.329483740031719 -1
      vertex 10.232806138694286 -3.329483740031719 0
      vertex 10.26952687650919 -3.385492168366909 -1
    endloop
  endfacet
  facet normal 0.20364174425897558 0.9790454739158759 0
    outer loop
      vertex 9.895161382853985 -3.1305957809090614 -1
      vertex 9.895161382853985 -3.1305957809090614 0
      vertex 9.96073080599308 -3.1442342400550842 -1
    endloop
  endfacet
  facet normal 0.3296906913507054 0.9440890042981616 0
    outer loop
      vertex 9.96073080599308 -3.1442342400550842 -1
      vertex 9.96073080599308 -3.1442342400550842 0
      vertex 10.023959092795849 -3.166314549744129 -1
    endloop
  endfacet
  facet normal 0.4500984587686112 0.8929789344738883 0
    outer loop
      vertex 10.023959092795849 -3.166314549744129 -1
      vertex 10.023959092795849 -3.166314549744129 0
      vertex 10.083764396607876 -3.1964589059352875 -1
    endloop
  endfacet
  facet normal 0.6658816923367779 0.7460573515559702 0
    outer loop
      vertex 10.139123432338238 -3.234151527285576 -1
      vertex 10.139123432338238 -3.234151527285576 0
      vertex 10.189088985323906 -3.2787474915385246 -1
    endloop
  endfacet
  facet normal 0.5628048823300134 0.8265897800151535 0
    outer loop
      vertex 10.083764396607876 -3.1964589059352875 -1
      vertex 10.083764396607876 -3.1964589059352875 0
      vertex 10.139123432338238 -3.234151527285576 -1
    endloop
  endfacet
  facet normal 0.7575649492664935 0.6527597932186502 0
    outer loop
      vertex 10.232806138694286 -3.329483740031719 -1
      vertex 10.189088985323906 -3.2787474915385246 -1
      vertex 10.189088985323906 -3.2787474915385246 0
    endloop
  endfacet
  facet normal -0.7460573515559702 0.6658816923367779 0
    outer loop
      vertex 9.46503921598196 -3.2724288031458855 -1
      vertex 9.420443251729012 -3.3223943561315536 0
      vertex 9.46503921598196 -3.2724288031458855 0
    endloop
  endfacet
  facet normal -0.6527597932186502 0.7575649492664935 0
    outer loop
      vertex 9.515775464475155 -3.228711649775505 -1
      vertex 9.46503921598196 -3.2724288031458855 0
      vertex 9.515775464475155 -3.228711649775505 0
    endloop
  endfacet
  facet normal -0.5482931843679139 0.8362861854507062 0
    outer loop
      vertex 9.571783892810345 -3.1919909194111824 -1
      vertex 9.515775464475155 -3.228711649775505 0
      vertex 9.571783892810345 -3.1919909194111824 0
    endloop
  endfacet
  facet normal -0.43444528793811166 0.9006982245948814 0
    outer loop
      vertex 9.632106184959412 -3.1628948971629143 -1
      vertex 9.571783892810345 -3.1919909194111824 0
      vertex 9.632106184959412 -3.1628948971629143 0
    endloop
  endfacet
  facet normal -0.313163821100952 0.9496991213818464 0
    outer loop
      vertex 9.695710197091103 -3.1419214382767677 -1
      vertex 9.632106184959412 -3.1628948971629143 0
      vertex 9.695710197091103 -3.1419214382767677 0
    endloop
  endfacet
  facet normal -0.18652405106505013 0.9824503948669788 0
    outer loop
      vertex 9.761507652699947 -3.1294293999671936 -1
      vertex 9.695710197091103 -3.1419214382767677 0
      vertex 9.761507652699947 -3.1294293999671936 0
    endloop
  endfacet
  facet normal -0.05669268085203859 0.998391676616852 0
    outer loop
      vertex 9.828372746706009 -3.125632531940937 -1
      vertex 9.761507652699947 -3.1294293999671936 0
      vertex 9.828372746706009 -3.125632531940937 0
    endloop
  endfacet
  facet normal 0.07410843011303557 0.9972501895643747 0
    outer loop
      vertex 9.895161382853985 -3.1305957809090614 -1
      vertex 9.828372746706009 -3.125632531940937 0
      vertex 9.895161382853985 -3.1305957809090614 0
    endloop
  endfacet
  facet normal 0.7575649492664935 0.6527597932186502 0
    outer loop
      vertex 10.232806138694286 -3.329483740031719 -1
      vertex 10.189088985323906 -3.2787474915385246 0
      vertex 10.232806138694286 -3.329483740031719 0
    endloop
  endfacet
  facet normal 0.836286134440224 0.5482932621718304 0
    outer loop
      vertex 10.26952687650919 -3.385492168366909 -1
      vertex 10.232806138694286 -3.329483740031719 0
      vertex 10.26952687650919 -3.385492168366909 0
    endloop
  endfacet
  facet normal 0.20364174425897558 0.9790454739158759 0
    outer loop
      vertex 9.96073080599308 -3.1442342400550842 -1
      vertex 9.895161382853985 -3.1305957809090614 0
      vertex 9.96073080599308 -3.1442342400550842 0
    endloop
  endfacet
  facet normal 0.3296906913507054 0.9440890042981616 0
    outer loop
      vertex 10.023959092795849 -3.166314549744129 -1
      vertex 9.96073080599308 -3.1442342400550842 0
      vertex 10.023959092795849 -3.166314549744129 0
    endloop
  endfacet
  facet normal 0.4500984587686112 0.8929789344738883 0
    outer loop
      vertex 10.083764396607876 -3.1964589059352875 -1
      vertex 10.023959092795849 -3.166314549744129 0
      vertex 10.083764396607876 -3.1964589059352875 0
    endloop
  endfacet
  facet normal 0.5628048823300134 0.8265897800151535 0
    outer loop
      vertex 10.139123432338238 -3.234151527285576 -1
      vertex 10.083764396607876 -3.1964589059352875 0
      vertex 10.139123432338238 -3.234151527285576 0
    endloop
  endfacet
  facet normal 0.6658816923367779 0.7460573515559702 0
    outer loop
      vertex 10.189088985323906 -3.2787474915385246 -1
      vertex 10.139123432338238 -3.234151527285576 0
      vertex 10.189088985323906 -3.2787474915385246 0
    endloop
  endfacet
  facet normal 0.9457281227325375 0.32495894798080377 5.40614330025319e-17
    outer loop
      vertex 11.9669883325696 -8.301258899271488 -1
      vertex 10.298622891306877 -3.445814460515976 -1
      vertex 10.298622891306877 -3.445814460515976 0
    endloop
  endfacet
  facet normal 0.9006982681266148 0.4344451976874835 0
    outer loop
      vertex 10.298622891306877 -3.445814460515976 -1
      vertex 10.26952687650919 -3.385492168366909 0
      vertex 10.298622891306877 -3.445814460515976 0
    endloop
  endfacet
  facet normal 0.8929789469937172 -0.4500984339297261 0
    outer loop
      vertex 11.757213316857815 -11.124122761189938 -1
      vertex 11.945615530014038 -10.750339612364769 -1
      vertex 11.945615530014038 -10.750339612364769 0
    endloop
  endfacet
  facet normal 0.9440890201495904 -0.32969064595918757 0
    outer loop
      vertex 11.945615530014038 -10.750339612364769 -1
      vertex 12.083617448806763 -10.355162806808949 -1
      vertex 12.083617448806763 -10.355162806808949 0
    endloop
  endfacet
  facet normal 0.8929789469937172 -0.4500984339297261 0
    outer loop
      vertex 11.757213316857815 -11.124122761189938 -1
      vertex 11.945615530014038 -10.750339612364769 0
      vertex 11.757213316857815 -11.124122761189938 0
    endloop
  endfacet
  facet normal 0.9440890201495904 -0.32969064595918757 0
    outer loop
      vertex 11.945615530014038 -10.750339612364769 -1
      vertex 12.083617448806763 -10.355162806808949 0
      vertex 11.945615530014038 -10.750339612364769 0
    endloop
  endfacet
  facet normal 0.979045471736912 -0.20364175473474844 0
    outer loop
      vertex 12.083617448806763 -10.355162806808949 -1
      vertex 12.16885782033205 -9.945353925228119 -1
      vertex 12.16885782033205 -9.945353925228119 0
    endloop
  endfacet
  facet normal 0.9972501848156866 -0.07410849401437669 0
    outer loop
      vertex 12.16885782033205 -9.945353925228119 -1
      vertex 12.19987815618515 -9.527924910187721 -1
      vertex 12.19987815618515 -9.527924910187721 0
    endloop
  endfacet
  facet normal 0.998391670076911 0.056692796024155126 0
    outer loop
      vertex 12.19987815618515 -9.527924910187721 -1
      vertex 12.176147684454918 -9.110018104314804 -1
      vertex 12.176147684454918 -9.110018104314804 0
    endloop
  endfacet
  facet normal 0.9824503973854256 0.18652403780000912 0
    outer loop
      vertex 12.176147684454918 -9.110018104314804 -1
      vertex 12.098072446882725 -8.698783986270428 -1
      vertex 12.098072446882725 -8.698783986270428 0
    endloop
  endfacet
  facet normal 0.979045471736912 -0.20364175473474844 0
    outer loop
      vertex 12.083617448806763 -10.355162806808949 -1
      vertex 12.16885782033205 -9.945353925228119 0
      vertex 12.083617448806763 -10.355162806808949 0
    endloop
  endfacet
  facet normal 0.9972501848156866 -0.07410849401437669 0
    outer loop
      vertex 12.16885782033205 -9.945353925228119 -1
      vertex 12.19987815618515 -9.527924910187721 0
      vertex 12.16885782033205 -9.945353925228119 0
    endloop
  endfacet
  facet normal 0.998391670076911 0.056692796024155126 0
    outer loop
      vertex 12.19987815618515 -9.527924910187721 -1
      vertex 12.176147684454918 -9.110018104314804 0
      vertex 12.19987815618515 -9.527924910187721 0
    endloop
  endfacet
  facet normal 0.9824503973854256 0.18652403780000912 0
    outer loop
      vertex 12.176147684454918 -9.110018104314804 -1
      vertex 12.098072446882725 -8.698783986270428 0
      vertex 12.176147684454918 -9.110018104314804 0
    endloop
  endfacet
  facet normal 0.9496991266472172 0.31316380513321285 0
    outer loop
      vertex 11.9669883325696 -8.301258899271488 -1
      vertex 11.9669883325696 -8.301258899271488 0
      vertex 12.098072446882725 -8.698783986270428 -1
    endloop
  endfacet
  facet normal 0.9496991266472172 0.31316380513321285 0
    outer loop
      vertex 12.098072446882725 -8.698783986270428 -1
      vertex 11.9669883325696 -8.301258899271488 0
      vertex 12.098072446882725 -8.698783986270428 0
    endloop
  endfacet
  facet normal -0.9044551480499772 -0.42656873439797943 0
    outer loop
      vertex 4.126901462674141 2.575951896607876 -1
      vertex 4.126901462674141 2.575951896607876 0
      vertex 3.847912162542343 3.1674938648939133 -1
    endloop
  endfacet
  facet normal -0.8410390090632089 -0.5409744774330632 0
    outer loop
      vertex 4.480715699493885 2.0258860662579536 -1
      vertex 4.480715699493885 2.0258860662579536 0
      vertex 4.126901462674141 2.575951896607876 -1
    endloop
  endfacet
  facet normal -0.8410390090632089 -0.5409744774330632 0
    outer loop
      vertex 4.126901462674141 2.575951896607876 -1
      vertex 4.480715699493885 2.0258860662579536 0
      vertex 4.126901462674141 2.575951896607876 0
    endloop
  endfacet
  facet normal 0 0 -1
    outer loop
      vertex 4.480715699493885 2.0258860662579536 -1
      vertex 5.924809627234936 0.7141634970903397 -1
      vertex 4.903301000595093 1.526708148419857 -1
    endloop
  endfacet
  facet normal 0 0 -1
    outer loop
      vertex 4.903301000595093 1.526708148419857 -1
      vertex 5.924809627234936 0.7141634970903397 -1
      vertex 5.387426815927029 1.0869592130184174 -1
    endloop
  endfacet
  facet normal 0 0 -1
    outer loop
      vertex 4.480715699493885 2.0258860662579536 -1
      vertex 6.506254658102989 0.41469962894916534 -1
      vertex 5.924809627234936 0.7141634970903397 -1
    endloop
  endfacet
  facet normal -0.6723668127265694 -0.7402181226800073 0
    outer loop
      vertex 4.903301000595093 1.526708148419857 -1
      vertex 5.387426815927029 1.0869592130184174 -1
      vertex 5.387426815927029 1.0869592130184174 0
    endloop
  endfacet
  facet normal -0.5699967572569271 -0.8216469416462204 0
    outer loop
      vertex 5.387426815927029 1.0869592130184174 -1
      vertex 5.924809627234936 0.7141634970903397 -1
      vertex 5.924809627234936 0.7141634970903397 0
    endloop
  endfacet
  facet normal -0.6723668127265694 -0.7402181226800073 0
    outer loop
      vertex 4.903301000595093 1.526708148419857 -1
      vertex 5.387426815927029 1.0869592130184174 0
      vertex 4.903301000595093 1.526708148419857 0
    endloop
  endfacet
  facet normal -0.5699967572569271 -0.8216469416462204 0
    outer loop
      vertex 5.387426815927029 1.0869592130184174 -1
      vertex 5.924809627234936 0.7141634970903397 0
      vertex 5.387426815927029 1.0869592130184174 0
    endloop
  endfacet
  facet normal 0 0 -1
    outer loop
      vertex 7.1218132227659225 0.19369152188301086 -1
      vertex 4.126901462674141 2.575951896607876 -1
      vertex 3.847912162542343 3.1674938648939133 -1
    endloop
  endfacet
  facet normal -0.7632324695554785 -0.6461239799111664 0
    outer loop
      vertex 4.480715699493885 2.0258860662579536 -1
      vertex 4.903301000595093 1.526708148419857 -1
      vertex 4.903301000595093 1.526708148419857 0
    endloop
  endfacet
  facet normal 0 0 -1
    outer loop
      vertex 7.1218132227659225 0.19369152188301086 -1
      vertex 4.480715699493885 2.0258860662579536 -1
      vertex 4.126901462674141 2.575951896607876 -1
    endloop
  endfacet
  facet normal 0 0 -1
    outer loop
      vertex 8.412737965583801 0.0007615238428115845 -1
      vertex 3.847912162542343 3.1674938648939133 -1
      vertex 3.6485213711857796 3.790390521287918 -1
    endloop
  endfacet
  facet normal 0 0 -1
    outer loop
      vertex 9.06601607054472 0.03214072436094284 -1
      vertex 3.6485213711857796 3.790390521287918 -1
      vertex 3.532140724360943 4.43398392945528 -1
    endloop
  endfacet
  facet normal -0.7632324695554785 -0.6461239799111664 0
    outer loop
      vertex 4.480715699493885 2.0258860662579536 -1
      vertex 4.903301000595093 1.526708148419857 0
      vertex 4.480715699493885 2.0258860662579536 0
    endloop
  endfacet
  facet normal -0.9840406976459792 -0.17794354547556465 0
    outer loop
      vertex 3.6485213711857796 3.790390521287918 -1
      vertex 3.6485213711857796 3.790390521287918 0
      vertex 3.532140724360943 4.43398392945528 -1
    endloop
  endfacet
  facet normal -0.9523957998031193 -0.30486429852866836 0
    outer loop
      vertex 3.6485213711857796 3.790390521287918 -1
      vertex 3.847912162542343 3.1674938648939133 -1
      vertex 3.847912162542343 3.1674938648939133 0
    endloop
  endfacet
  facet normal -0.9840406976459792 -0.17794354547556465 0
    outer loop
      vertex 3.532140724360943 4.43398392945528 -1
      vertex 3.6485213711857796 3.790390521287918 0
      vertex 3.532140724360943 4.43398392945528 0
    endloop
  endfacet
  facet normal -0.9044551480499772 -0.42656873439797943 0
    outer loop
      vertex 3.847912162542343 3.1674938648939133 -1
      vertex 4.126901462674141 2.575951896607876 0
      vertex 3.847912162542343 3.1674938648939133 0
    endloop
  endfacet
  facet normal -0.9523957998031193 -0.30486429852866836 0
    outer loop
      vertex 3.6485213711857796 3.790390521287918 -1
      vertex 3.847912162542343 3.1674938648939133 0
      vertex 3.6485213711857796 3.790390521287918 0
    endloop
  endfacet
  facet normal -0.9988483862702531 -0.04797813299109597 0
    outer loop
      vertex 3.532140724360943 4.43398392945528 -1
      vertex 3.532140724360943 4.43398392945528 0
      vertex 3.5007615238428116 5.087262034416199 -1
    endloop
  endfacet
  facet normal -0.9965655027499011 0.08280820447779962 0
    outer loop
      vertex 3.5007615238428116 5.087262034416199 -1
      vertex 3.5007615238428116 5.087262034416199 0
      vertex 3.554920680820942 5.739047057926655 -1
    endloop
  endfacet
  facet normal -0.9988483862702531 -0.04797813299109597 0
    outer loop
      vertex 3.5007615238428116 5.087262034416199 -1
      vertex 3.532140724360943 4.43398392945528 0
      vertex 3.5007615238428116 5.087262034416199 0
    endloop
  endfacet
  facet normal -0.9965655027499011 0.08280820447779962 0
    outer loop
      vertex 3.554920680820942 5.739047057926655 -1
      vertex 3.5007615238428116 5.087262034416199 0
      vertex 3.554920680820942 5.739047057926655 0
    endloop
  endfacet
  facet normal 0 0 -1
    outer loop
      vertex 9.709609478712082 0.14852137118577957 -1
      vertex 3.532140724360943 4.43398392945528 -1
      vertex 3.5007615238428116 5.087262034416199 -1
    endloop
  endfacet
  facet normal 0 0 -1
    outer loop
      vertex 3.5007615238428116 5.087262034416199 -1
      vertex 3.554920680820942 5.739047057926655 -1
      vertex 10.332506135106087 0.34791216254234314 -1
    endloop
  endfacet
  facet normal 0 0 -1
    outer loop
      vertex 3.554920680820942 5.739047057926655 -1
      vertex 3.693691521883011 6.3781867772340775 -1
      vertex 10.332506135106087 0.34791216254234314 -1
    endloop
  endfacet
  facet normal -0.977231104928043 0.21217767922455036 0
    outer loop
      vertex 3.554920680820942 5.739047057926655 -1
      vertex 3.554920680820942 5.739047057926655 0
      vertex 3.693691521883011 6.3781867772340775 -1
    endloop
  endfacet
  facet normal -0.9411760154433322 0.33791671748259583 0
    outer loop
      vertex 3.693691521883011 6.3781867772340775 -1
      vertex 3.693691521883011 6.3781867772340775 0
      vertex 3.9146996289491653 6.993745341897011 -1
    endloop
  endfacet
  facet normal -0.8890171419587992 0.45787391419844875 0
    outer loop
      vertex 3.9146996289491653 6.993745341897011 -1
      vertex 3.9146996289491653 6.993745341897011 0
      vertex 4.21416349709034 7.575190372765064 -1
    endloop
  endfacet
  facet normal -0.977231104928043 0.21217767922455036 0
    outer loop
      vertex 3.693691521883011 6.3781867772340775 -1
      vertex 3.554920680820942 5.739047057926655 0
      vertex 3.693691521883011 6.3781867772340775 0
    endloop
  endfacet
  facet normal -0.9411760154433322 0.33791671748259583 0
    outer loop
      vertex 3.9146996289491653 6.993745341897011 -1
      vertex 3.693691521883011 6.3781867772340775 0
      vertex 3.9146996289491653 6.993745341897011 0
    endloop
  endfacet
  facet normal -0.8216469416462204 0.5699967572569271 0
    outer loop
      vertex 4.21416349709034 7.575190372765064 -1
      vertex 4.21416349709034 7.575190372765064 0
      vertex 4.586959213018417 8.112573184072971 -1
    endloop
  endfacet
  facet normal -0.8890171419587992 0.45787391419844875 0
    outer loop
      vertex 4.21416349709034 7.575190372765064 -1
      vertex 3.9146996289491653 6.993745341897011 0
      vertex 4.21416349709034 7.575190372765064 0
    endloop
  endfacet
  facet normal -0.7402181226800073 0.6723668127265694 0
    outer loop
      vertex 4.586959213018417 8.112573184072971 -1
      vertex 4.586959213018417 8.112573184072971 0
      vertex 5.026708148419857 8.596698999404907 -1
    endloop
  endfacet
  facet normal -0.8216469416462204 0.5699967572569271 0
    outer loop
      vertex 4.586959213018417 8.112573184072971 -1
      vertex 4.21416349709034 7.575190372765064 0
      vertex 4.586959213018417 8.112573184072971 0
    endloop
  endfacet
  facet normal -0.7402181226800073 0.6723668127265694 0
    outer loop
      vertex 5.026708148419857 8.596698999404907 -1
      vertex 4.586959213018417 8.112573184072971 0
      vertex 5.026708148419857 8.596698999404907 0
    endloop
  endfacet
  facet normal -0.45787391419844875 -0.8890171419587992 0
    outer loop
      vertex 5.924809627234936 0.7141634970903397 -1
      vertex 6.506254658102989 0.41469962894916534 -1
      vertex 6.506254658102989 0.41469962894916534 0
    endloop
  endfacet
  facet normal 0 0 -1
    outer loop
      vertex 7.1218132227659225 0.19369152188301086 -1
      vertex 6.506254658102989 0.41469962894916534 -1
      vertex 4.480715699493885 2.0258860662579536 -1
    endloop
  endfacet
  facet normal 0 0 -1
    outer loop
      vertex 7.1218132227659225 0.19369152188301086 -1
      vertex 3.847912162542343 3.1674938648939133 -1
      vertex 7.760952942073345 0.054920680820941925 -1
    endloop
  endfacet
  facet normal -0.33791671748259583 -0.9411760154433322 0
    outer loop
      vertex 7.1218132227659225 0.19369152188301086 -1
      vertex 7.1218132227659225 0.19369152188301086 0
      vertex 6.506254658102989 0.41469962894916534 -1
    endloop
  endfacet
  facet normal 0 0 -1
    outer loop
      vertex 7.760952942073345 0.054920680820941925 -1
      vertex 3.847912162542343 3.1674938648939133 -1
      vertex 8.412737965583801 0.0007615238428115845 -1
    endloop
  endfacet
  facet normal 0 0 -1
    outer loop
      vertex 8.412737965583801 0.0007615238428115845 -1
      vertex 3.6485213711857796 3.790390521287918 -1
      vertex 9.06601607054472 0.03214072436094284 -1
    endloop
  endfacet
  facet normal -0.45787391419844875 -0.8890171419587992 0
    outer loop
      vertex 5.924809627234936 0.7141634970903397 -1
      vertex 6.506254658102989 0.41469962894916534 0
      vertex 5.924809627234936 0.7141634970903397 0
    endloop
  endfacet
  facet normal -0.33791671748259583 -0.9411760154433322 0
    outer loop
      vertex 6.506254658102989 0.41469962894916534 -1
      vertex 7.1218132227659225 0.19369152188301086 0
      vertex 6.506254658102989 0.41469962894916534 0
    endloop
  endfacet
  facet normal -0.21217767922455036 -0.977231104928043 0
    outer loop
      vertex 7.1218132227659225 0.19369152188301086 -1
      vertex 7.760952942073345 0.054920680820941925 0
      vertex 7.1218132227659225 0.19369152188301086 0
    endloop
  endfacet
  facet normal -0.21217767922455036 -0.977231104928043 0
    outer loop
      vertex 7.1218132227659225 0.19369152188301086 -1
      vertex 7.760952942073345 0.054920680820941925 -1
      vertex 7.760952942073345 0.054920680820941925 0
    endloop
  endfacet
  facet normal -0.08280820447779962 -0.9965655027499011 0
    outer loop
      vertex 7.760952942073345 0.054920680820941925 -1
      vertex 8.412737965583801 0.0007615238428115845 -1
      vertex 8.412737965583801 0.0007615238428115845 0
    endloop
  endfacet
  facet normal -0.08280820447779962 -0.9965655027499011 0
    outer loop
      vertex 7.760952942073345 0.054920680820941925 -1
      vertex 8.412737965583801 0.0007615238428115845 0
      vertex 7.760952942073345 0.054920680820941925 0
    endloop
  endfacet
  facet normal 0.04797813299109597 -0.9988483862702531 0
    outer loop
      vertex 8.412737965583801 0.0007615238428115845 -1
      vertex 9.06601607054472 0.03214072436094284 0
      vertex 8.412737965583801 0.0007615238428115845 0
    endloop
  endfacet
  facet normal 0 0 -1
    outer loop
      vertex 9.06601607054472 0.03214072436094284 -1
      vertex 3.532140724360943 4.43398392945528 -1
      vertex 9.709609478712082 0.14852137118577957 -1
    endloop
  endfacet
  facet normal 0 0 -1
    outer loop
      vertex 9.709609478712082 0.14852137118577957 -1
      vertex 3.5007615238428116 5.087262034416199 -1
      vertex 10.332506135106087 0.34791216254234314 -1
    endloop
  endfacet
  facet normal 0 0 -1
    outer loop
      vertex 3.693691521883011 6.3781867772340775 -1
      vertex 10.924048103392124 0.6269014626741409 -1
      vertex 10.332506135106087 0.34791216254234314 -1
    endloop
  endfacet
  facet normal 0 0 -1
    outer loop
      vertex 3.693691521883011 6.3781867772340775 -1
      vertex 11.474113933742046 0.980715699493885 -1
      vertex 10.924048103392124 0.6269014626741409 -1
    endloop
  endfacet
  facet normal 0 0 -1
    outer loop
      vertex 3.693691521883011 6.3781867772340775 -1
      vertex 3.9146996289491653 6.993745341897011 -1
      vertex 11.474113933742046 0.980715699493885 -1
    endloop
  endfacet
  facet normal 0 0 -1
    outer loop
      vertex 3.9146996289491653 6.993745341897011 -1
      vertex 4.21416349709034 7.575190372765064 -1
      vertex 11.474113933742046 0.980715699493885 -1
    endloop
  endfacet
  facet normal 0 0 -1
    outer loop
      vertex 4.21416349709034 7.575190372765064 -1
      vertex 4.586959213018417 8.112573184072971 -1
      vertex 11.474113933742046 0.980715699493885 -1
    endloop
  endfacet
  facet normal 0.04797813299109597 -0.9988483862702531 0
    outer loop
      vertex 8.412737965583801 0.0007615238428115845 -1
      vertex 9.06601607054472 0.03214072436094284 -1
      vertex 9.06601607054472 0.03214072436094284 0
    endloop
  endfacet
  facet normal 0.17794354547556465 -0.9840406976459792 0
    outer loop
      vertex 9.06601607054472 0.03214072436094284 -1
      vertex 9.709609478712082 0.14852137118577957 -1
      vertex 9.709609478712082 0.14852137118577957 0
    endloop
  endfacet
  facet normal 0.30486429852866836 -0.9523957998031193 0
    outer loop
      vertex 9.709609478712082 0.14852137118577957 -1
      vertex 10.332506135106087 0.34791216254234314 -1
      vertex 10.332506135106087 0.34791216254234314 0
    endloop
  endfacet
  facet normal 0.17794354547556465 -0.9840406976459792 0
    outer loop
      vertex 9.06601607054472 0.03214072436094284 -1
      vertex 9.709609478712082 0.14852137118577957 0
      vertex 9.06601607054472 0.03214072436094284 0
    endloop
  endfacet
  facet normal 0.30486429852866836 -0.9523957998031193 0
    outer loop
      vertex 9.709609478712082 0.14852137118577957 -1
      vertex 10.332506135106087 0.34791216254234314 0
      vertex 9.709609478712082 0.14852137118577957 0
    endloop
  endfacet
  facet normal 0.42656873439797943 -0.9044551480499772 0
    outer loop
      vertex 10.332506135106087 0.34791216254234314 -1
      vertex 10.924048103392124 0.6269014626741409 -1
      vertex 10.924048103392124 0.6269014626741409 0
    endloop
  endfacet
  facet normal 0.5409744774330632 -0.8410390090632089 0
    outer loop
      vertex 10.924048103392124 0.6269014626741409 -1
      vertex 11.474113933742046 0.980715699493885 -1
      vertex 11.474113933742046 0.980715699493885 0
    endloop
  endfacet
  facet normal 0.42656873439797943 -0.9044551480499772 0
    outer loop
      vertex 10.332506135106087 0.34791216254234314 -1
      vertex 10.924048103392124 0.6269014626741409 0
      vertex 10.332506135106087 0.34791216254234314 0
    endloop
  endfacet
  facet normal 0.5409744774330632 -0.8410390090632089 0
    outer loop
      vertex 10.924048103392124 0.6269014626741409 -1
      vertex 11.474113933742046 0.980715699493885 0
      vertex 10.924048103392124 0.6269014626741409 0
    endloop
  endfacet
  facet normal 0.6461239799111664 -0.7632324695554785 0
    outer loop
      vertex 11.474113933742046 0.980715699493885 -1
      vertex 11.973291851580143 1.4033010005950928 0
      vertex 11.474113933742046 0.980715699493885 0
    endloop
  endfacet
  facet normal 0 0 -1
    outer loop
      vertex 5.026708148419857 8.596698999404907 -1
      vertex 11.973291851580143 1.4033010005950928 -1
      vertex 11.474113933742046 0.980715699493885 -1
    endloop
  endfacet
  facet normal 0 0 -1
    outer loop
      vertex 5.026708148419857 8.596698999404907 -1
      vertex 12.413040786981583 1.8874268159270287 -1
      vertex 11.973291851580143 1.4033010005950928 -1
    endloop
  endfacet
  facet normal 0 0 -1
    outer loop
      vertex 5.026708148419857 8.596698999404907 -1
      vertex 12.78583650290966 2.4248096272349358 -1
      vertex 12.413040786981583 1.8874268159270287 -1
    endloop
  endfacet
  facet normal 0 0 -1
    outer loop
      vertex 5.026708148419857 8.596698999404907 -1
      vertex 13.085300371050835 3.006254658102989 -1
      vertex 12.78583650290966 2.4248096272349358 -1
    endloop
  endfacet
  facet normal 0 0 -1
    outer loop
      vertex 5.026708148419857 8.596698999404907 -1
      vertex 13.30630847811699 3.6218132227659225 -1
      vertex 13.085300371050835 3.006254658102989 -1
    endloop
  endfacet
  facet normal 0 0 -1
    outer loop
      vertex 5.026708148419857 8.596698999404907 -1
      vertex 13.445079319179058 4.260952942073345 -1
      vertex 13.30630847811699 3.6218132227659225 -1
    endloop
  endfacet
  facet normal 0 0 -1
    outer loop
      vertex 4.586959213018417 8.112573184072971 -1
      vertex 5.026708148419857 8.596698999404907 -1
      vertex 11.474113933742046 0.980715699493885 -1
    endloop
  endfacet
  facet normal -0.7317929193834112 0.6815270523906621 0
    outer loop
      vertex 5.026708148419857 8.596698999404907 -1
      vertex 5.026708148419857 8.596698999404907 0
      vertex 10.493918843567371 14.467142529785633 -1
    endloop
  endfacet
  facet normal 0 0 -1
    outer loop
      vertex 5.026708148419857 8.596698999404907 -1
      vertex 13.499238476157188 4.912737965583801 -1
      vertex 13.445079319179058 4.260952942073345 -1
    endloop
  endfacet
  facet normal 0 0 -1
    outer loop
      vertex 5.026708148419857 8.596698999404907 -1
      vertex 13.467859275639057 5.56601607054472 -1
      vertex 13.499238476157188 4.912737965583801 -1
    endloop
  endfacet
  facet normal 0 0 -1
    outer loop
      vertex 5.026708148419857 8.596698999404907 -1
      vertex 13.35147862881422 6.209609478712082 -1
      vertex 13.467859275639057 5.56601607054472 -1
    endloop
  endfacet
  facet normal 0 0 -1
    outer loop
      vertex 5.026708148419857 8.596698999404907 -1
      vertex 10.493918843567371 14.467142529785633 -1
      vertex 13.35147862881422 6.209609478712082 -1
    endloop
  endfacet
  facet normal -0.7317929193834112 0.6815270523906621 0
    outer loop
      vertex 10.493918843567371 14.467142529785633 -1
      vertex 5.026708148419857 8.596698999404907 0
      vertex 10.493918843567371 14.467142529785633 0
    endloop
  endfacet
  facet normal 0 0 -1
    outer loop
      vertex 10.493918843567371 14.467142529785633 -1
      vertex 10.573787309229374 14.534756176173687 -1
      vertex 11.825882121920586 14.08520820736885 -1
    endloop
  endfacet
  facet normal 0 0 -1
    outer loop
      vertex 10.756444558501244 14.636004738509655 -1
      vertex 10.856108024716377 14.667907267808914 -1
      vertex 11.368644796311855 14.625318743288517 -1
    endloop
  endfacet
  facet normal -0.6461239755749663 0.7632324732263431 0
    outer loop
      vertex 10.493918843567371 14.467142529785633 -1
      vertex 10.493918843567371 14.467142529785633 0
      vertex 10.573787309229374 14.534756176173687 -1
    endloop
  endfacet
  facet normal -0.5409744757019569 0.8410390101766938 0
    outer loop
      vertex 10.573787309229374 14.534756176173687 -1
      vertex 10.573787309229374 14.534756176173687 0
      vertex 10.6617978438735 14.591366454958916 -1
    endloop
  endfacet
  facet normal -0.42656870055079443 0.9044551640133449 0
    outer loop
      vertex 10.6617978438735 14.591366454958916 -1
      vertex 10.6617978438735 14.591366454958916 0
      vertex 10.756444558501244 14.636004738509655 -1
    endloop
  endfacet
  facet normal -0.3048643184703032 0.9523957934197512 0
    outer loop
      vertex 10.756444558501244 14.636004738509655 -1
      vertex 10.756444558501244 14.636004738509655 0
      vertex 10.856108024716377 14.667907267808914 -1
    endloop
  endfacet
  facet normal -0.1779435231490811 0.984040701683265 0
    outer loop
      vertex 10.856108024716377 14.667907267808914 -1
      vertex 10.856108024716377 14.667907267808914 0
      vertex 10.959082968533039 14.686528168618679 -1
    endloop
  endfacet
  facet normal 0 0 -1
    outer loop
      vertex 10.573787309229374 14.534756176173687 -1
      vertex 10.6617978438735 14.591366454958916 -1
      vertex 11.825882121920586 14.08520820736885 -1
    endloop
  endfacet
  facet normal 0 0 -1
    outer loop
      vertex 10.6617978438735 14.591366454958916 -1
      vertex 10.756444558501244 14.636004738509655 -1
      vertex 11.825882121920586 14.08520820736885 -1
    endloop
  endfacet
  facet normal 0 0 -1
    outer loop
      vertex 10.856108024716377 14.667907267808914 -1
      vertex 10.959082968533039 14.686528168618679 -1
      vertex 11.368644796311855 14.625318743288517 -1
    endloop
  endfacet
  facet normal 0 0 -1
    outer loop
      vertex 10.959082968533039 14.686528168618679 -1
      vertex 11.063607469201088 14.691548846662045 -1
      vertex 11.270155422389507 14.660680040717125 -1
    endloop
  endfacet
  facet normal 0 0 -1
    outer loop
      vertex 10.756444558501244 14.636004738509655 -1
      vertex 11.368644796311855 14.625318743288517 -1
      vertex 11.461676001548767 14.577404528856277 -1
    endloop
  endfacet
  facet normal 0 0 -1
    outer loop
      vertex 11.063607469201088 14.691548846662045 -1
      vertex 11.167893067002296 14.682883381843567 -1
      vertex 11.270155422389507 14.660680040717125 -1
    endloop
  endfacet
  facet normal 0 0 -1
    outer loop
      vertex 10.756444558501244 14.636004738509655 -1
      vertex 11.625117383897305 14.447397381067276 -1
      vertex 11.692731030285358 14.367528915405273 -1
    endloop
  endfacet
  facet normal 0 0 -1
    outer loop
      vertex 10.756444558501244 14.636004738509655 -1
      vertex 11.461676001548767 14.577404528856277 -1
      vertex 11.547657251358032 14.517757214605808 -1
    endloop
  endfacet
  facet normal 0 0 -1
    outer loop
      vertex 10.959082968533039 14.686528168618679 -1
      vertex 11.270155422389507 14.660680040717125 -1
      vertex 11.368644796311855 14.625318743288517 -1
    endloop
  endfacet
  facet normal 0 0 -1
    outer loop
      vertex 10.756444558501244 14.636004738509655 -1
      vertex 11.547657251358032 14.517757214605808 -1
      vertex 11.625117383897305 14.447397381067276 -1
    endloop
  endfacet
  facet normal 0 0 -1
    outer loop
      vertex 10.756444558501244 14.636004738509655 -1
      vertex 11.793979592621326 14.184871666133404 -1
      vertex 11.825882121920586 14.08520820736885 -1
    endloop
  endfacet
  facet normal 0 0 -1
    outer loop
      vertex 10.756444558501244 14.636004738509655 -1
      vertex 11.749341309070587 14.279518380761147 -1
      vertex 11.793979592621326 14.184871666133404 -1
    endloop
  endfacet
  facet normal 0 0 -1
    outer loop
      vertex 10.756444558501244 14.636004738509655 -1
      vertex 11.692731030285358 14.367528915405273 -1
      vertex 11.749341309070587 14.279518380761147 -1
    endloop
  endfacet
  facet normal 0.2121777384681485 0.9772310920649946 0
    outer loop
      vertex 11.167893067002296 14.682883381843567 -1
      vertex 11.167893067002296 14.682883381843567 0
      vertex 11.270155422389507 14.660680040717125 -1
    endloop
  endfacet
  facet normal 0.33791670913624605 0.9411760184399779 0
    outer loop
      vertex 11.270155422389507 14.660680040717125 -1
      vertex 11.270155422389507 14.660680040717125 0
      vertex 11.368644796311855 14.625318743288517 -1
    endloop
  endfacet
  facet normal 0.45787387927600653 0.8890171599450377 0
    outer loop
      vertex 11.368644796311855 14.625318743288517 -1
      vertex 11.368644796311855 14.625318743288517 0
      vertex 11.461676001548767 14.577404528856277 -1
    endloop
  endfacet
  facet normal 0.569996755334269 0.821646942980016 0
    outer loop
      vertex 11.461676001548767 14.577404528856277 -1
      vertex 11.461676001548767 14.577404528856277 0
      vertex 11.547657251358032 14.517757214605808 -1
    endloop
  endfacet
  facet normal 0.6723668230905558 0.7402181132660247 0
    outer loop
      vertex 11.625117383897305 14.447397381067276 -1
      vertex 11.547657251358032 14.517757214605808 -1
      vertex 11.547657251358032 14.517757214605808 0
    endloop
  endfacet
  facet normal 0.7632324732263431 0.6461239755749663 0
    outer loop
      vertex 11.625117383897305 14.447397381067276 -1
      vertex 11.625117383897305 14.447397381067276 0
      vertex 11.692731030285358 14.367528915405273 -1
    endloop
  endfacet
  facet normal 0.8410390101766938 0.5409744757019569 0
    outer loop
      vertex 11.749341309070587 14.279518380761147 -1
      vertex 11.692731030285358 14.367528915405273 -1
      vertex 11.692731030285358 14.367528915405273 0
    endloop
  endfacet
  facet normal -0.6461239755749663 0.7632324732263431 0
    outer loop
      vertex 10.573787309229374 14.534756176173687 -1
      vertex 10.493918843567371 14.467142529785633 0
      vertex 10.573787309229374 14.534756176173687 0
    endloop
  endfacet
  facet normal -0.5409744757019569 0.8410390101766938 0
    outer loop
      vertex 10.6617978438735 14.591366454958916 -1
      vertex 10.573787309229374 14.534756176173687 0
      vertex 10.6617978438735 14.591366454958916 0
    endloop
  endfacet
  facet normal -0.42656870055079443 0.9044551640133449 0
    outer loop
      vertex 10.756444558501244 14.636004738509655 -1
      vertex 10.6617978438735 14.591366454958916 0
      vertex 10.756444558501244 14.636004738509655 0
    endloop
  endfacet
  facet normal -0.3048643184703032 0.9523957934197512 0
    outer loop
      vertex 10.856108024716377 14.667907267808914 -1
      vertex 10.756444558501244 14.636004738509655 0
      vertex 10.856108024716377 14.667907267808914 0
    endloop
  endfacet
  facet normal -0.1779435231490811 0.984040701683265 0
    outer loop
      vertex 10.959082968533039 14.686528168618679 -1
      vertex 10.856108024716377 14.667907267808914 0
      vertex 10.959082968533039 14.686528168618679 0
    endloop
  endfacet
  facet normal 0.0828082063498485 0.9965655025943457 0
    outer loop
      vertex 11.167893067002296 14.682883381843567 -1
      vertex 11.063607469201088 14.691548846662045 0
      vertex 11.167893067002296 14.682883381843567 0
    endloop
  endfacet
  facet normal 0.2121777384681485 0.9772310920649946 0
    outer loop
      vertex 11.270155422389507 14.660680040717125 -1
      vertex 11.167893067002296 14.682883381843567 0
      vertex 11.270155422389507 14.660680040717125 0
    endloop
  endfacet
  facet normal 0.33791670913624605 0.9411760184399779 0
    outer loop
      vertex 11.368644796311855 14.625318743288517 -1
      vertex 11.270155422389507 14.660680040717125 0
      vertex 11.368644796311855 14.625318743288517 0
    endloop
  endfacet
  facet normal 0.8410390101766938 0.5409744757019569 0
    outer loop
      vertex 11.749341309070587 14.279518380761147 -1
      vertex 11.692731030285358 14.367528915405273 0
      vertex 11.749341309070587 14.279518380761147 0
    endloop
  endfacet
  facet normal 0.45787387927600653 0.8890171599450377 0
    outer loop
      vertex 11.461676001548767 14.577404528856277 -1
      vertex 11.368644796311855 14.625318743288517 0
      vertex 11.461676001548767 14.577404528856277 0
    endloop
  endfacet
  facet normal 0.569996755334269 0.821646942980016 0
    outer loop
      vertex 11.547657251358032 14.517757214605808 -1
      vertex 11.461676001548767 14.577404528856277 0
      vertex 11.547657251358032 14.517757214605808 0
    endloop
  endfacet
  facet normal 0.6723668230905558 0.7402181132660247 0
    outer loop
      vertex 11.625117383897305 14.447397381067276 -1
      vertex 11.547657251358032 14.517757214605808 0
      vertex 11.625117383897305 14.447397381067276 0
    endloop
  endfacet
  facet normal 0.7632324732263431 0.6461239755749663 0
    outer loop
      vertex 11.692731030285358 14.367528915405273 -1
      vertex 11.625117383897305 14.447397381067276 0
      vertex 11.692731030285358 14.367528915405273 0
    endloop
  endfacet
  facet normal -0.04797818804461715 0.9988483836258412 0
    outer loop
      vertex 10.959082968533039 14.686528168618679 -1
      vertex 10.959082968533039 14.686528168618679 0
      vertex 11.063607469201088 14.691548846662045 -1
    endloop
  endfacet
  facet normal 0.0828082063498485 0.9965655025943457 0
    outer loop
      vertex 11.063607469201088 14.691548846662045 -1
      vertex 11.063607469201088 14.691548846662045 0
      vertex 11.167893067002296 14.682883381843567 -1
    endloop
  endfacet
  facet normal -0.04797818804461715 0.9988483836258412 0
    outer loop
      vertex 11.063607469201088 14.691548846662045 -1
      vertex 10.959082968533039 14.686528168618679 0
      vertex 11.063607469201088 14.691548846662045 0
    endloop
  endfacet
  facet normal 0.6461239799111664 -0.7632324695554785 0
    outer loop
      vertex 11.474113933742046 0.980715699493885 -1
      vertex 11.973291851580143 1.4033010005950928 -1
      vertex 11.973291851580143 1.4033010005950928 0
    endloop
  endfacet
  facet normal 0.7402181226800073 -0.6723668127265694 0
    outer loop
      vertex 11.973291851580143 1.4033010005950928 -1
      vertex 12.413040786981583 1.8874268159270287 -1
      vertex 12.413040786981583 1.8874268159270287 0
    endloop
  endfacet
  facet normal 0.8216469416462204 -0.5699967572569271 0
    outer loop
      vertex 12.413040786981583 1.8874268159270287 -1
      vertex 12.78583650290966 2.4248096272349358 -1
      vertex 12.78583650290966 2.4248096272349358 0
    endloop
  endfacet
  facet normal 0.8890171419587992 -0.45787391419844875 0
    outer loop
      vertex 12.78583650290966 2.4248096272349358 -1
      vertex 13.085300371050835 3.006254658102989 -1
      vertex 13.085300371050835 3.006254658102989 0
    endloop
  endfacet
  facet normal 0.7402181226800073 -0.6723668127265694 0
    outer loop
      vertex 11.973291851580143 1.4033010005950928 -1
      vertex 12.413040786981583 1.8874268159270287 0
      vertex 11.973291851580143 1.4033010005950928 0
    endloop
  endfacet
  facet normal 0.8216469416462204 -0.5699967572569271 0
    outer loop
      vertex 12.413040786981583 1.8874268159270287 -1
      vertex 12.78583650290966 2.4248096272349358 0
      vertex 12.413040786981583 1.8874268159270287 0
    endloop
  endfacet
  facet normal 0.8890171419587992 -0.45787391419844875 0
    outer loop
      vertex 12.78583650290966 2.4248096272349358 -1
      vertex 13.085300371050835 3.006254658102989 0
      vertex 12.78583650290966 2.4248096272349358 0
    endloop
  endfacet
  facet normal 0.9411760154433322 -0.33791671748259583 0
    outer loop
      vertex 13.085300371050835 3.006254658102989 -1
      vertex 13.30630847811699 3.6218132227659225 0
      vertex 13.085300371050835 3.006254658102989 0
    endloop
  endfacet
  facet normal 0.9411760154433322 -0.33791671748259583 0
    outer loop
      vertex 13.085300371050835 3.006254658102989 -1
      vertex 13.30630847811699 3.6218132227659225 -1
      vertex 13.30630847811699 3.6218132227659225 0
    endloop
  endfacet
  facet normal 0.977231104928043 -0.21217767922455036 0
    outer loop
      vertex 13.30630847811699 3.6218132227659225 -1
      vertex 13.445079319179058 4.260952942073345 -1
      vertex 13.445079319179058 4.260952942073345 0
    endloop
  endfacet
  facet normal 0.977231104928043 -0.21217767922455036 0
    outer loop
      vertex 13.30630847811699 3.6218132227659225 -1
      vertex 13.445079319179058 4.260952942073345 0
      vertex 13.30630847811699 3.6218132227659225 0
    endloop
  endfacet
  facet normal 0.9965655027499011 -0.08280820447779962 0
    outer loop
      vertex 13.445079319179058 4.260952942073345 -1
      vertex 13.499238476157188 4.912737965583801 -1
      vertex 13.499238476157188 4.912737965583801 0
    endloop
  endfacet
  facet normal 0.9988483862702531 0.04797813299109597 0
    outer loop
      vertex 13.499238476157188 4.912737965583801 -1
      vertex 13.467859275639057 5.56601607054472 -1
      vertex 13.467859275639057 5.56601607054472 0
    endloop
  endfacet
  facet normal 0.9965655027499011 -0.08280820447779962 0
    outer loop
      vertex 13.445079319179058 4.260952942073345 -1
      vertex 13.499238476157188 4.912737965583801 0
      vertex 13.445079319179058 4.260952942073345 0
    endloop
  endfacet
  facet normal 0.9988483862702531 0.04797813299109597 0
    outer loop
      vertex 13.499238476157188 4.912737965583801 -1
      vertex 13.467859275639057 5.56601607054472 0
      vertex 13.499238476157188 4.912737965583801 0
    endloop
  endfacet
  facet normal 0.9840406976459792 0.17794354547556465 0
    outer loop
      vertex 13.467859275639057 5.56601607054472 -1
      vertex 13.35147862881422 6.209609478712082 0
      vertex 13.467859275639057 5.56601607054472 0
    endloop
  endfacet
  facet normal 0.9840406976459792 0.17794354547556465 0
    outer loop
      vertex 13.467859275639057 5.56601607054472 -1
      vertex 13.35147862881422 6.209609478712082 -1
      vertex 13.35147862881422 6.209609478712082 0
    endloop
  endfacet
  facet normal 0.9817499061774729 0.19017655407679177 0
    outer loop
      vertex 13.35147862881422 6.209609478712082 -1
      vertex 11.825882121920586 14.08520820736885 0
      vertex 13.35147862881422 6.209609478712082 0
    endloop
  endfacet
  facet normal 0 0 -1
    outer loop
      vertex 13.35147862881422 6.209609478712082 -1
      vertex 10.493918843567371 14.467142529785633 -1
      vertex 11.825882121920586 14.08520820736885 -1
    endloop
  endfacet
  facet normal 0.9817499061774729 0.19017655407679177 -5.535890731942953e-17
    outer loop
      vertex 13.35147862881422 6.209609478712082 -1
      vertex 11.825882121920586 14.08520820736885 -1
      vertex 11.825882121920586 14.08520820736885 0
    endloop
  endfacet
  facet normal 0.9523957868023901 0.30486433914293126 0
    outer loop
      vertex 11.825882121920586 14.08520820736885 -1
      vertex 11.793979592621326 14.184871666133404 -1
      vertex 11.793979592621326 14.184871666133404 0
    endloop
  endfacet
  facet normal 0.9044551640133449 0.42656870055079443 0
    outer loop
      vertex 11.793979592621326 14.184871666133404 -1
      vertex 11.749341309070587 14.279518380761147 -1
      vertex 11.749341309070587 14.279518380761147 0
    endloop
  endfacet
  facet normal 0.9523957868023901 0.30486433914293126 0
    outer loop
      vertex 11.825882121920586 14.08520820736885 -1
      vertex 11.793979592621326 14.184871666133404 0
      vertex 11.825882121920586 14.08520820736885 0
    endloop
  endfacet
  facet normal 0.9044551640133449 0.42656870055079443 0
    outer loop
      vertex 11.793979592621326 14.184871666133404 -1
      vertex 11.749341309070587 14.279518380761147 0
      vertex 11.793979592621326 14.184871666133404 0
    endloop
  endfacet
endsolid OpenSCAD_Model
