solid OpenSCAD_Model
  facet normal -0.6593458107222282 -0.7518398113182407 0
    outer loop
      vertex -21.152568571269512 -22.260120041668415 1.5
      vertex -21.152568571269512 -22.260120041668415 2.6
      vertex -21.74264068901539 -21.74264068901539 2.6
    endloop
  endfacet
  facet normal -0.9469301300366788 -0.32143946370773846 0
    outer loop
      vertex -23.043277196586132 -19.796100594103336 1.5
      vertex -23.043277196586132 -19.796100594103336 2.6
      vertex -23.2955549582839 -19.052914269268513 1.5
    endloop
  endfacet
  facet normal -0.9469301300366788 -0.32143946370773846 0
    outer loop
      vertex -23.2955549582839 -19.052914269268513 1.5
      vertex -23.043277196586132 -19.796100594103336 2.6
      vertex -23.2955549582839 -19.052914269268513 2.6
    endloop
  endfacet
  facet normal -0.06540313273849394 -0.997858923008654 0
    outer loop
      vertex -18.283157154917717 -23.44866916537285 1.5
      vertex -17.5 -23.5 1.5
      vertex -17.5 -23.5 2.6
    endloop
  endfacet
  facet normal -0.19509031854274123 -0.9807852810941301 0
    outer loop
      vertex -18.283157154917717 -23.44866916537285 1.5
      vertex -18.283157154917717 -23.44866916537285 2.6
      vertex -19.052914269268513 -23.2955549582839 2.6
    endloop
  endfacet
  facet normal -1 0 0
    outer loop
      vertex -23.5 -17.5 1.5
      vertex -23.5 -17.5 2.6
      vertex -23.5 17.5 1.5
    endloop
  endfacet
  facet normal -1 0 0
    outer loop
      vertex -23.5 -17.5 2.6
      vertex -23.5 -11 2.6
      vertex -23.5 17.5 1.5
    endloop
  endfacet
  facet normal -0.8968727426043899 0.4422886880458055 -3.3383476621496274e-15
    outer loop
      vertex -23.043277196586132 19.796100594103336 2.6
      vertex -22.97881116781916 19.926824769484146 2.6
      vertex -22.983507368590264 19.917301816310708 2.410596026490066
    endloop
  endfacet
  facet normal -0.831469609045217 0.5555702378945384 0
    outer loop
      vertex -22.260120041668415 21.152568571269512 1.5
      vertex -22.621074002458165 20.612362800351043 2.410596026490066
      vertex -22.260120041668415 21.152568571269512 2.6
    endloop
  endfacet
  facet normal -0.8314696090452178 0.5555702378945371 5.2624393325546516e-15
    outer loop
      vertex -22.621074002458165 20.612362800351043 2.410596026490066
      vertex -22.61517498344183 20.62119130609291 2.6
      vertex -22.260120041668415 21.152568571269512 2.6
    endloop
  endfacet
  facet normal -0.555570237894537 0.8314696090452179 0
    outer loop
      vertex -20.5 22.696152426302433 1.5
      vertex -21.152568571269512 22.260120041668415 2.6
      vertex -20.5 22.696152426302433 2.6
    endloop
  endfacet
  facet normal -0.32143946370773846 0.9469301300366788 0
    outer loop
      vertex -19.796100594103336 23.043277196586132 1.5
      vertex -19.052914269268513 23.2955549582839 2.6
      vertex -19.052914269268513 23.2955549582839 1.5
    endloop
  endfacet
  facet normal -0.32143946370773846 0.9469301300366788 0
    outer loop
      vertex -19.796100594103336 23.043277196586132 1.5
      vertex -19.796100594103336 23.043277196586132 2.6
      vertex -19.052914269268513 23.2955549582839 2.6
    endloop
  endfacet
  facet normal -0.06540313273849394 0.997858923008654 0
    outer loop
      vertex -18.283157154917717 23.44866916537285 1.5
      vertex -17.5 23.5 2.6
      vertex -17.5 23.5 1.5
    endloop
  endfacet
  facet normal -0.06540313273849394 0.997858923008654 0
    outer loop
      vertex -18.283157154917717 23.44866916537285 1.5
      vertex -18.283157154917717 23.44866916537285 2.6
      vertex -17.5 23.5 2.6
    endloop
  endfacet
  facet normal 0.06540313273849395 -0.9978589230086541 1.0898088697652987e-14
    outer loop
      vertex 17.5 -23.5 1.5
      vertex 18.283157154917717 -23.44866916537285 1.5
      vertex 18.19209236946217 -23.45463786707368 1.627906976744186
    endloop
  endfacet
  facet normal 0.06540313273847873 -0.9978589230086551 0
    outer loop
      vertex 18.283157154917717 -23.44866916537285 1.5
      vertex 18.283157154917717 -23.44866916537285 1.627906976744186
      vertex 18.19209236946217 -23.45463786707368 1.627906976744186
    endloop
  endfacet
  facet normal 0.06540313273849595 -0.9978589230086539 0
    outer loop
      vertex 17.5 -23.5 1.5
      vertex 18.19209236946217 -23.45463786707368 1.627906976744186
      vertex 17.5 -23.5 2.6
    endloop
  endfacet
  facet normal 0.32143946370773846 -0.9469301300366788 0
    outer loop
      vertex 19.052914269268513 -23.2955549582839 1.5
      vertex 19.796100594103336 -23.043277196586132 2.6
      vertex 19.052914269268513 -23.2955549582839 2.6
    endloop
  endfacet
  facet normal 0.555570237894537 -0.8314696090452179 0
    outer loop
      vertex 20.5 -22.696152426302433 1.5
      vertex 21.152568571269512 -22.260120041668415 1.5
      vertex 20.5 -22.696152426302433 2.6
    endloop
  endfacet
  facet normal 0.555570237894537 -0.8314696090452179 0
    outer loop
      vertex 21.152568571269512 -22.260120041668415 1.5
      vertex 21.152568571269512 -22.260120041668415 2.6
      vertex 20.5 -22.696152426302433 2.6
    endloop
  endfacet
  facet normal 0.8314696090452179 -0.555570237894537 0
    outer loop
      vertex 22.260120041668415 -21.152568571269512 1.5
      vertex 22.696152426302433 -20.5 1.5
      vertex 22.260120041668415 -21.152568571269512 2.6
    endloop
  endfacet
  facet normal 0.8314696090452179 -0.555570237894537 0
    outer loop
      vertex 22.696152426302433 -20.5 1.5
      vertex 22.696152426302433 -20.5 2.6
      vertex 22.260120041668415 -21.152568571269512 2.6
    endloop
  endfacet
  facet normal 1 0 0
    outer loop
      vertex 23.5 -17.5 1.5
      vertex 23.5 17.5 2.6
      vertex 23.5 -17.5 2.6
    endloop
  endfacet
  facet normal 1 0 0
    outer loop
      vertex 23.5 -17.5 1.5
      vertex 23.5 17.5 1.5
      vertex 23.5 17.5 2.6
    endloop
  endfacet
  facet normal 0.19509031854274123 0.9807852810941301 0
    outer loop
      vertex 18.283157154917717 23.44866916537285 1.5
      vertex 18.283157154917717 23.44866916537285 2.6
      vertex 19.052914269268513 23.2955549582839 2.6
    endloop
  endfacet
  facet normal 0.44228868804580884 0.8968727426043882 4.47315981969163e-16
    outer loop
      vertex 20.5 22.696152426302433 1.5
      vertex 19.871518387592264 23.00608525691288 1.5
      vertex 19.917301816310708 22.983507368590264 2.410596026490066
    endloop
  endfacet
  facet normal 0.8968727426043882 0.44228868804580884 -4.276816724174268e-16
    outer loop
      vertex 22.733344365975686 20.424582206511072 1.5
      vertex 22.7559222542983 20.37879877779263 2.410596026490066
      vertex 23.043277196586132 19.796100594103336 1.5
    endloop
  endfacet
  facet normal 0.8968727426043885 0.44228868804580834 0
    outer loop
      vertex 23.043277196586132 19.796100594103336 1.5
      vertex 22.7559222542983 20.37879877779263 2.410596026490066
      vertex 23.043277196586132 19.796100594103336 2.410596026490066
    endloop
  endfacet
  facet normal 0.6593458107222282 0.7518398113182407 0
    outer loop
      vertex 21.74264068901539 21.74264068901539 1.5
      vertex 21.152568571269512 22.260120041668415 2.6
      vertex 21.74264068901539 21.74264068901539 2.6
    endloop
  endfacet
  facet normal 0.6593458107222282 0.7518398113182407 0
    outer loop
      vertex 21.74264068901539 21.74264068901539 1.5
      vertex 21.152568571269512 22.260120041668415 1.5
      vertex 21.152568571269512 22.260120041668415 2.6
    endloop
  endfacet
  facet normal -0.6593458107222281 -0.7518398113182407 0
    outer loop
      vertex -21.152568571269512 -22.260120041668415 0
      vertex -21.152568571269512 -22.260120041668415 1.5
      vertex -21.74264068901539 -21.74264068901539 0
    endloop
  endfacet
  facet normal -0.555570237894537 -0.8314696090452178 0
    outer loop
      vertex -21.152568571269512 -22.260120041668415 0
      vertex -20.5 -22.696152426302433 0
      vertex -21.152568571269512 -22.260120041668415 1.5
    endloop
  endfacet
  facet normal -0.555570237894537 -0.8314696090452179 0
    outer loop
      vertex -21.152568571269512 -22.260120041668415 1.5
      vertex -20.5 -22.696152426302433 0
      vertex -21.152568571269512 -22.260120041668415 2.6
    endloop
  endfacet
  facet normal -0.6593458107222281 -0.7518398113182407 0
    outer loop
      vertex -21.74264068901539 -21.74264068901539 0
      vertex -21.152568571269512 -22.260120041668415 1.5
      vertex -21.74264068901539 -21.74264068901539 2.6
    endloop
  endfacet
  facet normal -0.8968727426043884 -0.44228868804580856 0
    outer loop
      vertex -23.043277196586132 -19.796100594103336 0
      vertex -22.696152426302433 -20.5 0
      vertex -23.043277196586132 -19.796100594103336 1.5
    endloop
  endfacet
  facet normal -0.9469301300366789 -0.3214394637077385 0
    outer loop
      vertex -23.043277196586132 -19.796100594103336 0
      vertex -23.043277196586132 -19.796100594103336 1.5
      vertex -23.2955549582839 -19.052914269268513 0
    endloop
  endfacet
  facet normal -0.9978589230086541 -0.06540313273849395 0
    outer loop
      vertex -23.44866916537285 -18.283157154917717 0
      vertex -23.5 -17.5 1.5
      vertex -23.5 -17.5 0
    endloop
  endfacet
  facet normal -0.9469301300366789 -0.3214394637077385 0
    outer loop
      vertex -23.2955549582839 -19.052914269268513 0
      vertex -23.043277196586132 -19.796100594103336 1.5
      vertex -23.2955549582839 -19.052914269268513 1.5
    endloop
  endfacet
  facet normal -0.8968727426043883 -0.44228868804580856 0
    outer loop
      vertex -22.696152426302433 -20.5 0
      vertex -23.043277196586132 -19.796100594103336 2.6
      vertex -23.043277196586132 -19.796100594103336 1.5
    endloop
  endfacet
  facet normal -0.9978589230086541 -0.06540313273849394 0
    outer loop
      vertex -23.44866916537285 -18.283157154917717 0
      vertex -23.5 -17.5 2.6
      vertex -23.5 -17.5 1.5
    endloop
  endfacet
  facet normal -0.1950903185427412 -0.98078528109413 0
    outer loop
      vertex -19.052914269268513 -23.2955549582839 0
      vertex -18.283157154917717 -23.44866916537285 0
      vertex -18.283157154917717 -23.44866916537285 1.5
    endloop
  endfacet
  facet normal -0.06540313273849395 -0.9978589230086541 0
    outer loop
      vertex -18.283157154917717 -23.44866916537285 0
      vertex -17.5 -23.5 0
      vertex -17.5 -23.5 1.5
    endloop
  endfacet
  facet normal -0.06540313273849395 -0.9978589230086541 0
    outer loop
      vertex -18.283157154917717 -23.44866916537285 0
      vertex -17.5 -23.5 1.5
      vertex -18.283157154917717 -23.44866916537285 1.5
    endloop
  endfacet
  facet normal -0.1950903185427412 -0.98078528109413 0
    outer loop
      vertex -19.052914269268513 -23.2955549582839 0
      vertex -18.283157154917717 -23.44866916537285 1.5
      vertex -19.052914269268513 -23.2955549582839 2.6
    endloop
  endfacet
  facet normal -0.06540313273849394 -0.997858923008654 0
    outer loop
      vertex -18.283157154917717 -23.44866916537285 1.5
      vertex -17.5 -23.5 2.6
      vertex -18.283157154917717 -23.44866916537285 2.6
    endloop
  endfacet
  facet normal 0 0 -1
    outer loop
      vertex -23.2955549582839 -19.052914269268513 0
      vertex -23.44866916537285 -18.283157154917717 0
      vertex -11.755644395947456 -10.23574136197567 0
    endloop
  endfacet
  facet normal 0 0 -1
    outer loop
      vertex -23.44866916537285 -18.283157154917717 0
      vertex -23.5 -17.5 0
      vertex -11.755644395947456 -10.23574136197567 0
    endloop
  endfacet
  facet normal 0 0 -1
    outer loop
      vertex -23.2955549582839 -19.052914269268513 0
      vertex -11.20090003311634 -11.098188057541847 0
      vertex -10.558570377528667 -11.856938488781452 0
    endloop
  endfacet
  facet normal 0 0 -1
    outer loop
      vertex -23.2955549582839 -19.052914269268513 0
      vertex -10.558570377528667 -11.856938488781452 0
      vertex -10.547666497528553 -11.868229784071445 0
    endloop
  endfacet
  facet normal 0 0 -1
    outer loop
      vertex -23.2955549582839 -19.052914269268513 0
      vertex -11.210236817598343 -11.085570119321346 0
      vertex -11.20090003311634 -11.098188057541847 0
    endloop
  endfacet
  facet normal 0 0 -1
    outer loop
      vertex -23.2955549582839 -19.052914269268513 0
      vertex -11.748034454882145 -10.249470055103302 0
      vertex -11.210236817598343 -11.085570119321346 0
    endloop
  endfacet
  facet normal 0 0 -1
    outer loop
      vertex -23.2955549582839 -19.052914269268513 0
      vertex -11.755644395947456 -10.23574136197567 0
      vertex -11.748034454882145 -10.249470055103302 0
    endloop
  endfacet
  facet normal 0 0 -1
    outer loop
      vertex -23.5 -17.5 0
      vertex -12.179708138108253 -9.336597569286823 0
      vertex -11.755644395947456 -10.23574136197567 0
    endloop
  endfacet
  facet normal 0 0 -1
    outer loop
      vertex -23.5 -17.5 0
      vertex -12.185461014509201 -9.321993038058281 0
      vertex -12.179708138108253 -9.336597569286823 0
    endloop
  endfacet
  facet normal 0 0 -1
    outer loop
      vertex -23.2955549582839 -19.052914269268513 0
      vertex -9.811795249581337 -12.536648161709309 0
      vertex -9.799510851502419 -12.546419620513916 0
    endloop
  endfacet
  facet normal 0 0 -1
    outer loop
      vertex -23.2955549582839 -19.052914269268513 0
      vertex -9.799510851502419 -12.546419620513916 0
      vertex -8.98268898576498 -13.113069117069244 0
    endloop
  endfacet
  facet normal 0 0 -1
    outer loop
      vertex -23.2955549582839 -19.052914269268513 0
      vertex -8.98268898576498 -13.113069117069244 0
      vertex -8.969234243035316 -13.12115354090929 0
    endloop
  endfacet
  facet normal 0 0 -1
    outer loop
      vertex -23.2955549582839 -19.052914269268513 0
      vertex -8.969234243035316 -13.12115354090929 0
      vertex -8.085437797009945 -13.57633861899376 0
    endloop
  endfacet
  facet normal 0 0 -1
    outer loop
      vertex -23.2955549582839 -19.052914269268513 0
      vertex -8.07104293256998 -13.582597687840462 0
      vertex -7.135393910109997 -13.918530009686947 0
    endloop
  endfacet
  facet normal 0 0 -1
    outer loop
      vertex -23.2955549582839 -19.052914269268513 0
      vertex -7.135393910109997 -13.918530009686947 0
      vertex -7.120305225253105 -13.922856621444225 0
    endloop
  endfacet
  facet normal 0 0 -1
    outer loop
      vertex -23.2955549582839 -19.052914269268513 0
      vertex -8.085437797009945 -13.57633861899376 0
      vertex -8.07104293256998 -13.582597687840462 0
    endloop
  endfacet
  facet normal 0 0 -1
    outer loop
      vertex -23.2955549582839 -19.052914269268513 0
      vertex -7.120305225253105 -13.922856621444225 0
      vertex -6.148812845349312 -14.133788295090199 0
    endloop
  endfacet
  facet normal 0 0 -1
    outer loop
      vertex -23.2955549582839 -19.052914269268513 0
      vertex -6.148812845349312 -14.133788295090199 0
      vertex -6.133288510143757 -14.136108420789242 0
    endloop
  endfacet
  facet normal 0 0 -1
    outer loop
      vertex -23.2955549582839 -19.052914269268513 0
      vertex -10.547666497528553 -11.868229784071445 0
      vertex -9.811795249581337 -12.536648161709309 0
    endloop
  endfacet
  facet normal -0.7518398113182407 -0.6593458107222281 0
    outer loop
      vertex -22.260120041668415 -21.152568571269512 0
      vertex -21.74264068901539 -21.74264068901539 0
      vertex -22.260120041668415 -21.152568571269512 14
    endloop
  endfacet
  facet normal -0.8314696090452179 -0.5555702378945371 0
    outer loop
      vertex -22.260120041668415 -21.152568571269512 0
      vertex -22.696152426302433 -20.5 14
      vertex -22.696152426302433 -20.5 0
    endloop
  endfacet
  facet normal -0.9807852810941301 -0.19509031854274123 0
    outer loop
      vertex -23.2955549582839 -19.052914269268513 0
      vertex -23.44866916537285 -18.283157154917717 14
      vertex -23.44866916537285 -18.283157154917717 0
    endloop
  endfacet
  facet normal -0.98078528109413 -0.1950903185427412 0
    outer loop
      vertex -23.2955549582839 -19.052914269268513 0
      vertex -23.2955549582839 -19.052914269268513 1.5
      vertex -23.44866916537285 -18.283157154917717 14
    endloop
  endfacet
  facet normal -0.4422886880458085 -0.8968727426043883 0
    outer loop
      vertex -20.5 -22.696152426302433 0
      vertex -19.796100594103336 -23.043277196586132 0
      vertex -20.5 -22.696152426302433 14
    endloop
  endfacet
  facet normal -0.32143946370773846 -0.9469301300366788 0
    outer loop
      vertex -19.796100594103336 -23.043277196586132 0
      vertex -19.052914269268513 -23.2955549582839 0
      vertex -19.796100594103336 -23.043277196586132 14
    endloop
  endfacet
  facet normal -0.555570237894537 -0.8314696090452179 0
    outer loop
      vertex -20.5 -22.696152426302433 0
      vertex -21.152568571269512 -22.260120041668415 14
      vertex -21.152568571269512 -22.260120041668415 2.6
    endloop
  endfacet
  facet normal -0.7518398113182407 -0.6593458107222281 0
    outer loop
      vertex -21.74264068901539 -21.74264068901539 0
      vertex -21.74264068901539 -21.74264068901539 2.6
      vertex -22.260120041668415 -21.152568571269512 14
    endloop
  endfacet
  facet normal -0.6593458107222281 -0.7518398113182406 0
    outer loop
      vertex -21.152568571269512 -22.260120041668415 2.6
      vertex -21.152568571269512 -22.260120041668415 14
      vertex -21.74264068901539 -21.74264068901539 2.6
    endloop
  endfacet
  facet normal -0.8968727426043883 -0.44228868804580856 0
    outer loop
      vertex -22.696152426302433 -20.5 0
      vertex -23.043277196586132 -19.796100594103336 14
      vertex -23.043277196586132 -19.796100594103336 2.6
    endloop
  endfacet
  facet normal -0.997858923008654 -0.06540313273849395 0
    outer loop
      vertex -23.44866916537285 -18.283157154917717 0
      vertex -23.5 -17.5 14
      vertex -23.5 -17.5 2.6
    endloop
  endfacet
  facet normal -0.9807852810941301 -0.19509031854274123 0
    outer loop
      vertex -23.2955549582839 -19.052914269268513 1.5
      vertex -23.2955549582839 -19.052914269268513 2.6
      vertex -23.44866916537285 -18.283157154917717 14
    endloop
  endfacet
  facet normal -0.9469301300366789 -0.3214394637077385 0
    outer loop
      vertex -23.043277196586132 -19.796100594103336 2.6
      vertex -23.043277196586132 -19.796100594103336 14
      vertex -23.2955549582839 -19.052914269268513 2.6
    endloop
  endfacet
  facet normal -0.3214394637077385 -0.9469301300366789 0
    outer loop
      vertex -19.052914269268513 -23.2955549582839 0
      vertex -19.052914269268513 -23.2955549582839 2.6
      vertex -19.796100594103336 -23.043277196586132 14
    endloop
  endfacet
  facet normal -0.19509031854274123 -0.9807852810941302 0
    outer loop
      vertex -19.052914269268513 -23.2955549582839 2.6
      vertex -18.283157154917717 -23.44866916537285 2.6
      vertex -18.283157154917717 -23.44866916537285 14
    endloop
  endfacet
  facet normal -0.06540313273849394 -0.997858923008654 0
    outer loop
      vertex -18.283157154917717 -23.44866916537285 2.6
      vertex -17.5 -23.5 2.6
      vertex -18.283157154917717 -23.44866916537285 14
    endloop
  endfacet
  facet normal -1 0 0
    outer loop
      vertex -23.5 -17.5 2.6
      vertex -23.5 -17.5 14
      vertex -23.5 -11 2.6
    endloop
  endfacet
  facet normal -1 0 0
    outer loop
      vertex -23.5 -17.5 0
      vertex -23.5 -17.5 1.5
      vertex -23.5 17.5 0
    endloop
  endfacet
  facet normal 0 0 -1
    outer loop
      vertex -23.5 -17.5 0
      vertex -23.5 17.5 0
      vertex -12.67100790888071 -7.366101801395416 0
    endloop
  endfacet
  facet normal 0 0 -1
    outer loop
      vertex -23.5 -17.5 0
      vertex -12.49233240634203 -8.35995963215828 0
      vertex -12.488535016775131 -8.375190123915672 0
    endloop
  endfacet
  facet normal 0 0 -1
    outer loop
      vertex -23.5 -17.5 0
      vertex -12.669230990111828 -7.3816976472735405 0
      vertex -12.49233240634203 -8.35995963215828 0
    endloop
  endfacet
  facet normal 0 0 -1
    outer loop
      vertex -23.5 -17.5 0
      vertex -12.67100790888071 -7.366101801395416 0
      vertex -12.669230990111828 -7.3816976472735405 0
    endloop
  endfacet
  facet normal 0 0 -1
    outer loop
      vertex -23.5 -17.5 0
      vertex -12.488535016775131 -8.375190123915672 0
      vertex -12.185461014509201 -9.321993038058281 0
    endloop
  endfacet
  facet normal 0 0 -1
    outer loop
      vertex -19.796100594103336 -23.043277196586132 0
      vertex 21.152568571269512 -22.260120041668415 0
      vertex -19.052914269268513 -23.2955549582839 0
    endloop
  endfacet
  facet normal 0 0 -1
    outer loop
      vertex -21.152568571269512 -22.260120041668415 0
      vertex 22.260120041668415 -21.152568571269512 0
      vertex -20.5 -22.696152426302433 0
    endloop
  endfacet
  facet normal 0 0 -1
    outer loop
      vertex -20.5 -22.696152426302433 0
      vertex 21.74264068901539 -21.74264068901539 0
      vertex -19.796100594103336 -23.043277196586132 0
    endloop
  endfacet
  facet normal 0 0 -1
    outer loop
      vertex -21.152568571269512 -22.260120041668415 0
      vertex -21.74264068901539 -21.74264068901539 0
      vertex 22.696152426302433 -20.5 0
    endloop
  endfacet
  facet normal 0 0 -1
    outer loop
      vertex -22.260120041668415 -21.152568571269512 0
      vertex 23.043277196586132 -19.796100594103336 0
      vertex -21.74264068901539 -21.74264068901539 0
    endloop
  endfacet
  facet normal 0 0 -1
    outer loop
      vertex -23.043277196586132 -19.796100594103336 0
      vertex 23.44866916537285 -18.283157154917717 0
      vertex -22.696152426302433 -20.5 0
    endloop
  endfacet
  facet normal 0 0 -1
    outer loop
      vertex -23.043277196586132 -19.796100594103336 0
      vertex -23.2955549582839 -19.052914269268513 0
      vertex 23.5 -17.5 0
    endloop
  endfacet
  facet normal 0 0 -1
    outer loop
      vertex -22.260120041668415 -21.152568571269512 0
      vertex -22.696152426302433 -20.5 0
      vertex 23.2955549582839 -19.052914269268513 0
    endloop
  endfacet
  facet normal 0 0 -1
    outer loop
      vertex -23.2955549582839 -19.052914269268513 0
      vertex -6.133288510143757 -14.136108420789242 0
      vertex -5.142575278878212 -14.21843034774065 0
    endloop
  endfacet
  facet normal 0 0 -1
    outer loop
      vertex -19.052914269268513 -23.2955549582839 0
      vertex 20.5 -22.696152426302433 0
      vertex -18.283157154917717 -23.44866916537285 0
    endloop
  endfacet
  facet normal 0 0 -1
    outer loop
      vertex -18.283157154917717 -23.44866916537285 0
      vertex 19.796100594103336 -23.043277196586132 0
      vertex -17.5 -23.5 0
    endloop
  endfacet
  facet normal 0 -1 0
    outer loop
      vertex -17.5 -23.5 0
      vertex 17.5 -23.5 1.5
      vertex -17.5 -23.5 1.5
    endloop
  endfacet
  facet normal 0 0 -1
    outer loop
      vertex -23.2955549582839 -19.052914269268513 0
      vertex -5.142575278878212 -14.21843034774065 0
      vertex 23.5 -17.5 0
    endloop
  endfacet
  facet normal 0 -1 0
    outer loop
      vertex -17.5 -23.5 1.5
      vertex 17.5 -23.5 14
      vertex -17.5 -23.5 2.6
    endloop
  endfacet
  facet normal -0.8314696090452179 -0.5555702378945371 0
    outer loop
      vertex -22.260120041668415 -21.152568571269512 0
      vertex -22.260120041668415 -21.152568571269512 14
      vertex -22.696152426302433 -20.5 14
    endloop
  endfacet
  facet normal -0.5555702378945371 -0.8314696090452179 0
    outer loop
      vertex -20.5 -22.696152426302433 0
      vertex -20.5 -22.696152426302433 14
      vertex -21.152568571269512 -22.260120041668415 14
    endloop
  endfacet
  facet normal -0.7518398113182406 -0.6593458107222281 0
    outer loop
      vertex -21.74264068901539 -21.74264068901539 2.6
      vertex -21.74264068901539 -21.74264068901539 14
      vertex -22.260120041668415 -21.152568571269512 14
    endloop
  endfacet
  facet normal -0.6593458107222281 -0.7518398113182406 0
    outer loop
      vertex -21.74264068901539 -21.74264068901539 2.6
      vertex -21.152568571269512 -22.260120041668415 14
      vertex -21.74264068901539 -21.74264068901539 14
    endloop
  endfacet
  facet normal -0.8968727426043883 -0.4422886880458085 0
    outer loop
      vertex -22.696152426302433 -20.5 0
      vertex -22.696152426302433 -20.5 14
      vertex -23.043277196586132 -19.796100594103336 14
    endloop
  endfacet
  facet normal -0.997858923008654 -0.06540313273849395 0
    outer loop
      vertex -23.44866916537285 -18.283157154917717 0
      vertex -23.44866916537285 -18.283157154917717 14
      vertex -23.5 -17.5 14
    endloop
  endfacet
  facet normal -0.9469301300366789 -0.3214394637077385 0
    outer loop
      vertex -23.2955549582839 -19.052914269268513 2.6
      vertex -23.043277196586132 -19.796100594103336 14
      vertex -23.2955549582839 -19.052914269268513 14
    endloop
  endfacet
  facet normal -0.9807852810941302 -0.19509031854274123 0
    outer loop
      vertex -23.2955549582839 -19.052914269268513 2.6
      vertex -23.2955549582839 -19.052914269268513 14
      vertex -23.44866916537285 -18.283157154917717 14
    endloop
  endfacet
  facet normal -0.4422886880458085 -0.8968727426043883 0
    outer loop
      vertex -19.796100594103336 -23.043277196586132 0
      vertex -19.796100594103336 -23.043277196586132 14
      vertex -20.5 -22.696152426302433 14
    endloop
  endfacet
  facet normal -0.3214394637077385 -0.9469301300366789 0
    outer loop
      vertex -19.052914269268513 -23.2955549582839 2.6
      vertex -19.052914269268513 -23.2955549582839 14
      vertex -19.796100594103336 -23.043277196586132 14
    endloop
  endfacet
  facet normal -0.19509031854274123 -0.9807852810941302 0
    outer loop
      vertex -19.052914269268513 -23.2955549582839 2.6
      vertex -18.283157154917717 -23.44866916537285 14
      vertex -19.052914269268513 -23.2955549582839 14
    endloop
  endfacet
  facet normal -0.06540313273849394 -0.997858923008654 0
    outer loop
      vertex -17.5 -23.5 2.6
      vertex -17.5 -23.5 14
      vertex -18.283157154917717 -23.44866916537285 14
    endloop
  endfacet
  facet normal 0 0 1
    outer loop
      vertex -22.260120041668415 -21.152568571269512 14
      vertex -20.990754693746567 -20.17855028808117 14
      vertex -22.696152426302433 -20.5 14
    endloop
  endfacet
  facet normal 0 0 1
    outer loop
      vertex -22.260120041668415 -21.152568571269512 14
      vertex -21.74264068901539 -21.74264068901539 14
      vertex -20.17855028808117 -20.990754693746567 14
    endloop
  endfacet
  facet normal 0 0 1
    outer loop
      vertex -21.152568571269512 -22.260120041668415 14
      vertex -19.183807104825974 -21.565069943666458 14
      vertex -21.74264068901539 -21.74264068901539 14
    endloop
  endfacet
  facet normal 0 0 1
    outer loop
      vertex -22.260120041668415 -21.152568571269512 14
      vertex -20.61126983910799 -20.61126983910799 14
      vertex -20.990754693746567 -20.17855028808117 14
    endloop
  endfacet
  facet normal 0 0 1
    outer loop
      vertex -22.260120041668415 -21.152568571269512 14
      vertex -20.17855028808117 -20.990754693746567 14
      vertex -20.61126983910799 -20.61126983910799 14
    endloop
  endfacet
  facet normal 0 0 1
    outer loop
      vertex -23.043277196586132 -19.796100594103336 14
      vertex -22.696152426302433 -20.5 14
      vertex -21.310511775314808 -19.700000002980232 14
    endloop
  endfacet
  facet normal 0 0 1
    outer loop
      vertex -23.043277196586132 -19.796100594103336 14
      vertex -21.75007363408804 -18.63880379498005 14
      vertex -23.2955549582839 -19.052914269268513 14
    endloop
  endfacet
  facet normal 0 0 1
    outer loop
      vertex -23.043277196586132 -19.796100594103336 14
      vertex -21.565069943666458 -19.183807104825974 14
      vertex -21.75007363408804 -18.63880379498005 14
    endloop
  endfacet
  facet normal 0 0 1
    outer loop
      vertex -23.2955549582839 -19.052914269268513 14
      vertex -21.899999998509884 -17.5 14
      vertex -23.44866916537285 -18.283157154917717 14
    endloop
  endfacet
  facet normal 0 0 1
    outer loop
      vertex -23.2955549582839 -19.052914269268513 14
      vertex -21.75007363408804 -18.63880379498005 14
      vertex -21.862357392907143 -18.07431524246931 14
    endloop
  endfacet
  facet normal 0 0 1
    outer loop
      vertex -23.2955549582839 -19.052914269268513 14
      vertex -21.862357392907143 -18.07431524246931 14
      vertex -21.899999998509884 -17.5 14
    endloop
  endfacet
  facet normal 0 0 1
    outer loop
      vertex -22.696152426302433 -20.5 14
      vertex -20.990754693746567 -20.17855028808117 14
      vertex -21.310511775314808 -19.700000002980232 14
    endloop
  endfacet
  facet normal 0 0 1
    outer loop
      vertex -23.043277196586132 -19.796100594103336 14
      vertex -21.310511775314808 -19.700000002980232 14
      vertex -21.565069943666458 -19.183807104825974 14
    endloop
  endfacet
  facet normal 0 0 1
    outer loop
      vertex -21.152568571269512 -22.260120041668415 14
      vertex -20.5 -22.696152426302433 14
      vertex -17.5 -21.899999998509884 14
    endloop
  endfacet
  facet normal 0 0 1
    outer loop
      vertex -20.5 -22.696152426302433 14
      vertex -19.796100594103336 -23.043277196586132 14
      vertex -17.5 -21.899999998509884 14
    endloop
  endfacet
  facet normal 0 0 1
    outer loop
      vertex -21.74264068901539 -21.74264068901539 14
      vertex -19.700000002980232 -21.310511775314808 14
      vertex -20.17855028808117 -20.990754693746567 14
    endloop
  endfacet
  facet normal 0 0 1
    outer loop
      vertex -21.74264068901539 -21.74264068901539 14
      vertex -19.183807104825974 -21.565069943666458 14
      vertex -19.700000002980232 -21.310511775314808 14
    endloop
  endfacet
  facet normal 0 0 1
    outer loop
      vertex -21.152568571269512 -22.260120041668415 14
      vertex -18.63880379498005 -21.75007363408804 14
      vertex -19.183807104825974 -21.565069943666458 14
    endloop
  endfacet
  facet normal 0 0 1
    outer loop
      vertex -21.152568571269512 -22.260120041668415 14
      vertex -18.07431524246931 -21.862357392907143 14
      vertex -18.63880379498005 -21.75007363408804 14
    endloop
  endfacet
  facet normal 0 0 1
    outer loop
      vertex -21.152568571269512 -22.260120041668415 14
      vertex -17.5 -21.899999998509884 14
      vertex -18.07431524246931 -21.862357392907143 14
    endloop
  endfacet
  facet normal -1 0 0
    outer loop
      vertex -23.5 -11 2.6
      vertex -23.5 -17.5 14
      vertex -23.5 17.5 14
    endloop
  endfacet
  facet normal 0 0 1
    outer loop
      vertex -23.44866916537285 -18.283157154917717 14
      vertex -21.899999998509884 17.5 14
      vertex -23.5 -17.5 14
    endloop
  endfacet
  facet normal 0 0 1
    outer loop
      vertex -23.44866916537285 -18.283157154917717 14
      vertex -21.899999998509884 -17.5 14
      vertex -21.899999998509884 17.5 14
    endloop
  endfacet
  facet normal 0 -1 0
    outer loop
      vertex -17.5 -23.5 2.6
      vertex 17.5 -23.5 14
      vertex -17.5 -23.5 14
    endloop
  endfacet
  facet normal 0 0 1
    outer loop
      vertex -19.796100594103336 -23.043277196586132 14
      vertex -19.052914269268513 -23.2955549582839 14
      vertex 21.152568571269512 -22.260120041668415 14
    endloop
  endfacet
  facet normal 0 0 1
    outer loop
      vertex -19.052914269268513 -23.2955549582839 14
      vertex -18.283157154917717 -23.44866916537285 14
      vertex 20.5 -22.696152426302433 14
    endloop
  endfacet
  facet normal 0 0 1
    outer loop
      vertex -18.283157154917717 -23.44866916537285 14
      vertex -17.5 -23.5 14
      vertex 19.796100594103336 -23.043277196586132 14
    endloop
  endfacet
  facet normal 0 0 1
    outer loop
      vertex -19.796100594103336 -23.043277196586132 14
      vertex 21.152568571269512 -22.260120041668415 14
      vertex -17.5 -21.899999998509884 14
    endloop
  endfacet
  facet normal -1 0 0
    outer loop
      vertex -23.5 -17.5 1.5
      vertex -23.5 17.5 1.5
      vertex -23.5 17.5 0
    endloop
  endfacet
  facet normal 0 0 -1
    outer loop
      vertex -23.5 17.5 0
      vertex -12.718704290688038 -6.373119086027145 0
      vertex -12.67100790888071 -7.366101801395416 0
    endloop
  endfacet
  facet normal 0 0 -1
    outer loop
      vertex -23.5 17.5 0
      vertex -12.71843034774065 -6.357424721121788 0
      vertex -12.718704290688038 -6.373119086027145 0
    endloop
  endfacet
  facet normal 0 0 -1
    outer loop
      vertex -23.5 17.5 0
      vertex -12.636108420789242 -5.366711489856243 0
      vertex -12.71843034774065 -6.357424721121788 0
    endloop
  endfacet
  facet normal 0 0 -1
    outer loop
      vertex -23.5 17.5 0
      vertex -12.633788295090199 -5.351187154650688 0
      vertex -12.636108420789242 -5.366711489856243 0
    endloop
  endfacet
  facet normal 0 0 -1
    outer loop
      vertex -23.5 17.5 0
      vertex -12.422856621444225 -4.379694774746895 0
      vertex -12.633788295090199 -5.351187154650688 0
    endloop
  endfacet
  facet normal 0 0 -1
    outer loop
      vertex -23.5 17.5 0
      vertex -12.42253065854311 -4.378237307071686 0
      vertex -12.422856621444225 -4.379694774746895 0
    endloop
  endfacet
  facet normal 0 0 -1
    outer loop
      vertex -23.5 17.5 0
      vertex -9.68725784868002 7.504451729357243 0
      vertex -12.42253065854311 -4.378237307071686 0
    endloop
  endfacet
  facet normal 0 0 -1
    outer loop
      vertex -23.5 17.5 0
      vertex -9.683257199823856 7.518082946538925 0
      vertex -9.68725784868002 7.504451729357243 0
    endloop
  endfacet
  facet normal 0 0 -1
    outer loop
      vertex -23.5 17.5 0
      vertex -9.629508025944233 7.667786784470081 0
      vertex -9.683257199823856 7.518082946538925 0
    endloop
  endfacet
  facet normal 0 0 -1
    outer loop
      vertex -23.5 17.5 0
      vertex -9.62324895709753 7.682181641459465 0
      vertex -9.629508025944233 7.667786784470081 0
    endloop
  endfacet
  facet normal 0 0 -1
    outer loop
      vertex -23.5 17.5 0
      vertex -9.550419345498085 7.823589086532593 0
      vertex -9.62324895709753 7.682181641459465 0
    endloop
  endfacet
  facet normal 0 0 -1
    outer loop
      vertex -23.5 17.5 0
      vertex -9.542334921658039 7.837043821811676 0
      vertex -9.550419345498085 7.823589086532593 0
    endloop
  endfacet
  facet normal 0 0 -1
    outer loop
      vertex -23.5 17.5 0
      vertex -9.45167100429535 7.967735327780247 0
      vertex -9.542334921658039 7.837043821811676 0
    endloop
  endfacet
  facet normal 0 0 -1
    outer loop
      vertex -23.5 17.5 0
      vertex -9.441899545490742 7.980019733309746 0
      vertex -9.45167100429535 7.967735327780247 0
    endloop
  endfacet
  facet normal 0 0 -1
    outer loop
      vertex -23.5 17.5 0
      vertex -9.334952600300312 8.097759127616882 0
      vertex -9.441899545490742 7.980019733309746 0
    endloop
  endfacet
  facet normal 0 0 -1
    outer loop
      vertex -23.5 17.5 0
      vertex -9.3236613124609 8.108663000166416 0
      vertex -9.334952600300312 8.097759127616882 0
    endloop
  endfacet
  facet normal 0 0 -1
    outer loop
      vertex -23.5 17.5 0
      vertex -9.202261246740818 8.211435750126839 0
      vertex -9.3236613124609 8.108663000166416 0
    endloop
  endfacet
  facet normal 0 0 -1
    outer loop
      vertex -23.5 17.5 0
      vertex -9.189643301069736 8.220772534608841 0
      vertex -9.202261246740818 8.211435750126839 0
    endloop
  endfacet
  facet normal 0 0 -1
    outer loop
      vertex -23.5 17.5 0
      vertex -9.055867284536362 8.306820161640644 0
      vertex -9.189643301069736 8.220772534608841 0
    endloop
  endfacet
  facet normal 0 0 -1
    outer loop
      vertex -23.5 17.5 0
      vertex -9.04213859885931 8.314430095255375 0
      vertex -9.055867284536362 8.306820161640644 0
    endloop
  endfacet
  facet normal 0 0 -1
    outer loop
      vertex -23.5 17.5 0
      vertex -8.898275591433048 8.3822802901268 0
      vertex -9.04213859885931 8.314430095255375 0
    endloop
  endfacet
  facet normal 0 0 -1
    outer loop
      vertex -23.5 17.5 0
      vertex -8.883671060204506 8.388033166527748 0
      vertex -8.898275591433048 8.3822802901268 0
    endloop
  endfacet
  facet normal 0 0 -1
    outer loop
      vertex -23.5 17.5 0
      vertex -8.73218259215355 8.436525009572506 0
      vertex -8.883671060204506 8.388033166527748 0
    endloop
  endfacet
  facet normal 0 0 -1
    outer loop
      vertex -23.5 17.5 0
      vertex -8.716952100396156 8.440322399139404 0
      vertex -8.73218259215355 8.436525009572506 0
    endloop
  endfacet
  facet normal 0 0 -1
    outer loop
      vertex -23.5 17.5 0
      vertex -8.560430184006691 8.46862617135048 0
      vertex -8.716952100396156 8.440322399139404 0
    endloop
  endfacet
  facet normal 0 0 -1
    outer loop
      vertex -23.5 17.5 0
      vertex -8.544834338128567 8.470403090119362 0
      vertex -8.560430184006691 8.46862617135048 0
    endloop
  endfacet
  facet normal 0 0 -1
    outer loop
      vertex -23.5 17.5 0
      vertex -8.385957099497318 8.478034511208534 0
      vertex -8.544834338128567 8.470403090119362 0
    endloop
  endfacet
  facet normal 0 0 -1
    outer loop
      vertex -23.5 17.5 0
      vertex -8.370262734591961 8.477760568261147 0
      vertex -8.385957099497318 8.478034511208534 0
    endloop
  endfacet
  facet normal 0 0 -1
    outer loop
      vertex -23.5 17.5 0
      vertex -8.211748622357845 8.464589059352875 0
      vertex -8.370262734591961 8.477760568261147 0
    endloop
  endfacet
  facet normal -1 0 0
    outer loop
      vertex -23.5 -11 2.6
      vertex -23.5 17.5 14
      vertex -23.5 17.5 1.5
    endloop
  endfacet
  facet normal -0.9469301300366789 0.3214394637077385 0
    outer loop
      vertex -23.2955549582839 19.052914269268513 0
      vertex -23.043277196586132 19.796100594103336 2.6
      vertex -23.043277196586132 19.796100594103336 0
    endloop
  endfacet
  facet normal -0.8968727426043884 0.4422886880458085 7.236732185076335e-17
    outer loop
      vertex -23.043277196586132 19.796100594103336 0
      vertex -22.983507368590264 19.917301816310708 2.410596026490066
      vertex -22.696152426302433 20.5 0
    endloop
  endfacet
  facet normal -0.8968727426043878 0.44228868804580973 0
    outer loop
      vertex -23.043277196586132 19.796100594103336 0
      vertex -23.043277196586132 19.796100594103336 2.6
      vertex -22.983507368590264 19.917301816310708 2.410596026490066
    endloop
  endfacet
  facet normal -0.8968727426043932 0.4422886880457986 -2.8850548835365874e-15
    outer loop
      vertex -22.696152426302433 20.5 0
      vertex -22.983507368590264 19.917301816310708 2.410596026490066
      vertex -22.97881116781916 19.926824769484146 2.6
    endloop
  endfacet
  facet normal -0.8314696090452178 0.555570237894537 0
    outer loop
      vertex -22.696152426302433 20.5 0
      vertex -22.260120041668415 21.152568571269512 1.5
      vertex -22.260120041668415 21.152568571269512 0
    endloop
  endfacet
  facet normal -0.6593458107222281 0.7518398113182407 0
    outer loop
      vertex -21.74264068901539 21.74264068901539 0
      vertex -21.152568571269512 22.260120041668415 2.6
      vertex -21.152568571269512 22.260120041668415 0
    endloop
  endfacet
  facet normal -0.555570237894537 0.8314696090452178 0
    outer loop
      vertex -21.152568571269512 22.260120041668415 0
      vertex -20.5 22.696152426302433 1.5
      vertex -20.5 22.696152426302433 0
    endloop
  endfacet
  facet normal -0.8314696090452175 0.5555702378945377 -5.054603756238281e-16
    outer loop
      vertex -22.696152426302433 20.5 0
      vertex -22.621074002458165 20.612362800351043 2.410596026490066
      vertex -22.260120041668415 21.152568571269512 1.5
    endloop
  endfacet
  facet normal -0.555570237894537 0.8314696090452179 0
    outer loop
      vertex -21.152568571269512 22.260120041668415 0
      vertex -21.152568571269512 22.260120041668415 2.6
      vertex -20.5 22.696152426302433 1.5
    endloop
  endfacet
  facet normal -0.44228868804580856 0.8968727426043884 0
    outer loop
      vertex -20.5 22.696152426302433 0
      vertex -19.796100594103336 23.043277196586132 1.5
      vertex -19.796100594103336 23.043277196586132 0
    endloop
  endfacet
  facet normal -0.3214394637077385 0.9469301300366789 0
    outer loop
      vertex -19.796100594103336 23.043277196586132 0
      vertex -19.796100594103336 23.043277196586132 1.5
      vertex -19.052914269268513 23.2955549582839 0
    endloop
  endfacet
  facet normal 0 0 -1
    outer loop
      vertex -19.052914269268513 23.2955549582839 0
      vertex -18.283157154917717 23.44866916537285 0
      vertex -17.5 23.5 0
    endloop
  endfacet
  facet normal -0.1950903185427412 0.98078528109413 0
    outer loop
      vertex -19.052914269268513 23.2955549582839 0
      vertex -18.283157154917717 23.44866916537285 1.5
      vertex -18.283157154917717 23.44866916537285 0
    endloop
  endfacet
  facet normal -0.06540313273849395 0.9978589230086541 0
    outer loop
      vertex -18.283157154917717 23.44866916537285 0
      vertex -18.283157154917717 23.44866916537285 1.5
      vertex -17.5 23.5 0
    endloop
  endfacet
  facet normal -0.3214394637077385 0.9469301300366789 0
    outer loop
      vertex -19.052914269268513 23.2955549582839 0
      vertex -19.796100594103336 23.043277196586132 1.5
      vertex -19.052914269268513 23.2955549582839 1.5
    endloop
  endfacet
  facet normal -0.4422886880458085 0.8968727426043884 0
    outer loop
      vertex -20.5 22.696152426302433 0
      vertex -19.796100594103336 23.043277196586132 2.6
      vertex -19.796100594103336 23.043277196586132 1.5
    endloop
  endfacet
  facet normal -0.06540313273849395 0.9978589230086541 0
    outer loop
      vertex -18.283157154917717 23.44866916537285 1.5
      vertex -17.5 23.5 1.5
      vertex -17.5 23.5 0
    endloop
  endfacet
  facet normal -0.19509031854274123 0.9807852810941301 0
    outer loop
      vertex -19.052914269268513 23.2955549582839 0
      vertex -18.283157154917717 23.44866916537285 2.6
      vertex -18.283157154917717 23.44866916537285 1.5
    endloop
  endfacet
  facet normal -0.997858923008654 0.06540313273849395 0
    outer loop
      vertex -23.5 17.5 0
      vertex -23.44866916537285 18.283157154917717 14
      vertex -23.44866916537285 18.283157154917717 0
    endloop
  endfacet
  facet normal -0.9807852810941301 0.19509031854274123 0
    outer loop
      vertex -23.44866916537285 18.283157154917717 0
      vertex -23.2955549582839 19.052914269268513 14
      vertex -23.2955549582839 19.052914269268513 0
    endloop
  endfacet
  facet normal -0.9978589230086541 0.06540313273849395 0
    outer loop
      vertex -23.5 17.5 0
      vertex -23.5 17.5 1.5
      vertex -23.44866916537285 18.283157154917717 14
    endloop
  endfacet
  facet normal -0.7518398113182407 0.6593458107222281 0
    outer loop
      vertex -22.260120041668415 21.152568571269512 0
      vertex -22.260120041668415 21.152568571269512 1.5
      vertex -21.74264068901539 21.74264068901539 14
    endloop
  endfacet
  facet normal -0.7518398113182407 0.6593458107222281 0
    outer loop
      vertex -22.260120041668415 21.152568571269512 0
      vertex -21.74264068901539 21.74264068901539 14
      vertex -21.74264068901539 21.74264068901539 0
    endloop
  endfacet
  facet normal -0.44228868804580856 0.8968727426043884 0
    outer loop
      vertex -20.5 22.696152426302433 0
      vertex -20.5 22.696152426302433 1.5
      vertex -19.796100594103336 23.043277196586132 14
    endloop
  endfacet
  facet normal -0.1950903185427412 0.98078528109413 0
    outer loop
      vertex -19.052914269268513 23.2955549582839 0
      vertex -19.052914269268513 23.2955549582839 1.5
      vertex -18.283157154917717 23.44866916537285 14
    endloop
  endfacet
  facet normal -0.9469301300366789 0.3214394637077385 0
    outer loop
      vertex -23.2955549582839 19.052914269268513 0
      vertex -23.043277196586132 19.796100594103336 14
      vertex -23.043277196586132 19.796100594103336 2.6
    endloop
  endfacet
  facet normal -0.896872742604388 0.44228868804580923 0
    outer loop
      vertex -22.696152426302433 20.5 0
      vertex -22.97881116781916 19.926824769484146 2.6
      vertex -22.696152426302433 20.5 14
    endloop
  endfacet
  facet normal -0.8314696090452224 0.5555702378945303 0
    outer loop
      vertex -22.696152426302433 20.5 0
      vertex -22.696152426302433 20.5 14
      vertex -22.621074002458165 20.612362800351043 2.410596026490066
    endloop
  endfacet
  facet normal -0.8968727426043899 0.4422886880458055 0
    outer loop
      vertex -23.043277196586132 19.796100594103336 2.6
      vertex -23.043277196586132 19.796100594103336 14
      vertex -22.97881116781916 19.926824769484146 2.6
    endloop
  endfacet
  facet normal -0.7518398113182407 0.6593458107222282 0
    outer loop
      vertex -22.260120041668415 21.152568571269512 1.5
      vertex -22.260120041668415 21.152568571269512 2.6
      vertex -21.74264068901539 21.74264068901539 14
    endloop
  endfacet
  facet normal -0.6593458107222281 0.7518398113182406 0
    outer loop
      vertex -21.74264068901539 21.74264068901539 0
      vertex -21.152568571269512 22.260120041668415 14
      vertex -21.152568571269512 22.260120041668415 2.6
    endloop
  endfacet
  facet normal -0.8314696090451754 0.5555702378946005 9.854274304042488e-16
    outer loop
      vertex -22.621074002458165 20.612362800351043 2.410596026490066
      vertex -22.696152426302433 20.5 14
      vertex -22.61517498344183 20.62119130609291 2.6
    endloop
  endfacet
  facet normal -0.8314696090452178 0.5555702378945371 1.711263703755563e-18
    outer loop
      vertex -22.61517498344183 20.62119130609291 2.6
      vertex -22.260120041668415 21.152568571269512 14
      vertex -22.260120041668415 21.152568571269512 2.6
    endloop
  endfacet
  facet normal -0.555570237894537 0.8314696090452179 0
    outer loop
      vertex -21.152568571269512 22.260120041668415 2.6
      vertex -21.152568571269512 22.260120041668415 14
      vertex -20.5 22.696152426302433 2.6
    endloop
  endfacet
  facet normal -0.44228868804580856 0.8968727426043883 0
    outer loop
      vertex -20.5 22.696152426302433 0
      vertex -19.796100594103336 23.043277196586132 14
      vertex -19.796100594103336 23.043277196586132 2.6
    endloop
  endfacet
  facet normal -0.44228868804580856 0.8968727426043883 0
    outer loop
      vertex -20.5 22.696152426302433 1.5
      vertex -20.5 22.696152426302433 2.6
      vertex -19.796100594103336 23.043277196586132 14
    endloop
  endfacet
  facet normal -0.19509031854274123 0.9807852810941302 0
    outer loop
      vertex -19.052914269268513 23.2955549582839 0
      vertex -18.283157154917717 23.44866916537285 14
      vertex -18.283157154917717 23.44866916537285 2.6
    endloop
  endfacet
  facet normal -0.19509031854274123 0.9807852810941301 0
    outer loop
      vertex -19.052914269268513 23.2955549582839 1.5
      vertex -19.052914269268513 23.2955549582839 2.6
      vertex -18.283157154917717 23.44866916537285 14
    endloop
  endfacet
  facet normal -0.3214394637077385 0.9469301300366789 0
    outer loop
      vertex -19.796100594103336 23.043277196586132 2.6
      vertex -19.796100594103336 23.043277196586132 14
      vertex -19.052914269268513 23.2955549582839 2.6
    endloop
  endfacet
  facet normal -0.06540313273849394 0.997858923008654 0
    outer loop
      vertex -18.283157154917717 23.44866916537285 2.6
      vertex -18.283157154917717 23.44866916537285 14
      vertex -17.5 23.5 2.6
    endloop
  endfacet
  facet normal 0 0 -1
    outer loop
      vertex -7.4360888078808784 8.065731212496758 0
      vertex 4.379791021347046 1.960969127714634 0
      vertex 0.5575983300805092 -1.1419276669621468 0
    endloop
  endfacet
  facet normal 0 0 -1
    outer loop
      vertex 3.733624666929245 3.130910150706768 0
      vertex -7.4360888078808784 8.065731212496758 0
      vertex 3.5342338755726814 3.753806807100773 0
    endloop
  endfacet
  facet normal 0 0 -1
    outer loop
      vertex -7.4360888078808784 8.065731212496758 0
      vertex 3.530436486005783 3.7690372988581657 0
      vertex 3.5342338755726814 3.753806807100773 0
    endloop
  endfacet
  facet normal 0 0 -1
    outer loop
      vertex -7.4360888078808784 8.065731212496758 0
      vertex 3.4140558391809464 4.412630707025528 0
      vertex 3.530436486005783 3.7690372988581657 0
    endloop
  endfacet
  facet normal 0 0 -1
    outer loop
      vertex -7.4360888078808784 8.065731212496758 0
      vertex 3.4122789204120636 4.428226552903652 0
      vertex 3.4140558391809464 4.412630707025528 0
    endloop
  endfacet
  facet normal 0 0 -1
    outer loop
      vertex -7.4360888078808784 8.065731212496758 0
      vertex 3.3808997198939323 5.081504657864571 0
      vertex 3.4122789204120636 4.428226552903652 0
    endloop
  endfacet
  facet normal 0 0 -1
    outer loop
      vertex -7.861598111689091 8.364185012876987 0
      vertex 4.938892997801304 8.678482249379158 0
      vertex -7.720190681517124 8.291355401277542 0
    endloop
  endfacet
  facet normal 0 0 -1
    outer loop
      vertex -7.720190681517124 8.291355401277542 0
      vertex 4.938892997801304 8.678482249379158 0
      vertex -7.706735946238041 8.283270977437496 0
    endloop
  endfacet
  facet normal 0 0 -1
    outer loop
      vertex -7.446020640432835 8.07588867098093 0
      vertex 4.498133040964603 8.193257205188274 0
      vertex -7.4360888078808784 8.065731212496758 0
    endloop
  endfacet
  facet normal 0 0 -1
    outer loop
      vertex -7.576044447720051 8.192607060074806 0
      vertex 4.938892997801304 8.678482249379158 0
      vertex -7.563760042190552 8.18283560872078 0
    endloop
  endfacet
  facet normal 0 0 -1
    outer loop
      vertex -7.706735946238041 8.283270977437496 0
      vertex 4.938892997801304 8.678482249379158 0
      vertex -7.576044447720051 8.192607060074806 0
    endloop
  endfacet
  facet normal 0 0 -1
    outer loop
      vertex -7.563760042190552 8.18283560872078 0
      vertex 4.937881976366043 8.67738302052021 0
      vertex -7.446020640432835 8.07588867098093 0
    endloop
  endfacet
  facet normal 0 0 -1
    outer loop
      vertex -7.875992976129055 8.37044408172369 0
      vertex 4.938892997801304 8.678482249379158 0
      vertex -7.861598111689091 8.364185012876987 0
    endloop
  endfacet
  facet normal 0 0 -1
    outer loop
      vertex -7.4360888078808784 8.065731212496758 0
      vertex 3.38117366284132 5.097199015319347 0
      vertex 3.3808997198939323 5.081504657864571 0
    endloop
  endfacet
  facet normal 0 0 -1
    outer loop
      vertex -7.4360888078808784 8.065731212496758 0
      vertex 3.4353328198194504 5.748984046280384 0
      vertex 3.38117366284132 5.097199015319347 0
    endloop
  endfacet
  facet normal 0 0 -1
    outer loop
      vertex -7.4360888078808784 8.065731212496758 0
      vertex 3.4376529455184937 5.764508381485939 0
      vertex 3.4353328198194504 5.748984046280384 0
    endloop
  endfacet
  facet normal 0 0 -1
    outer loop
      vertex -7.4360888078808784 8.065731212496758 0
      vertex 3.5764237865805626 6.403648100793362 0
      vertex 3.4376529455184937 5.764508381485939 0
    endloop
  endfacet
  facet normal 0 0 -1
    outer loop
      vertex -7.4360888078808784 8.065731212496758 0
      vertex 3.580750398337841 6.418736785650253 0
      vertex 3.5764237865805626 6.403648100793362 0
    endloop
  endfacet
  facet normal 0 0 -1
    outer loop
      vertex -7.4360888078808784 8.065731212496758 0
      vertex 3.8017585054039955 7.034295350313187 0
      vertex 3.580750398337841 6.418736785650253 0
    endloop
  endfacet
  facet normal 0 0 -1
    outer loop
      vertex -8.211748622357845 8.464589059352875 0
      vertex 10.406103692948818 14.548925779759884 0
      vertex -8.196224294602871 8.462268933653831 0
    endloop
  endfacet
  facet normal 0 0 -1
    outer loop
      vertex -8.196224294602871 8.462268933653831 0
      vertex 10.406103692948818 14.548925779759884 0
      vertex -8.040785506367683 8.428519867360592 0
    endloop
  endfacet
  facet normal 0 0 -1
    outer loop
      vertex -8.040785506367683 8.428519867360592 0
      vertex 10.406103692948818 14.548925779759884 0
      vertex -8.025696821510792 8.424193255603313 0
    endloop
  endfacet
  facet normal 0 0 -1
    outer loop
      vertex -8.025696821510792 8.424193255603313 0
      vertex 10.406103692948818 14.548925779759884 0
      vertex -7.875992976129055 8.37044408172369 0
    endloop
  endfacet
  facet normal 0 0 -1
    outer loop
      vertex -23.5 17.5 0
      vertex 10.406103692948818 14.548925779759884 0
      vertex -8.211748622357845 8.464589059352875 0
    endloop
  endfacet
  facet normal 0 0 -1
    outer loop
      vertex -23.5 17.5 0
      vertex -23.44866916537285 18.283157154917717 0
      vertex 23.043277196586132 19.796100594103336 0
    endloop
  endfacet
  facet normal 0 0 -1
    outer loop
      vertex -23.44866916537285 18.283157154917717 0
      vertex -23.2955549582839 19.052914269268513 0
      vertex 22.696152426302433 20.5 0
    endloop
  endfacet
  facet normal 0 0 -1
    outer loop
      vertex -23.2955549582839 19.052914269268513 0
      vertex -23.043277196586132 19.796100594103336 0
      vertex 22.260120041668415 21.152568571269512 0
    endloop
  endfacet
  facet normal 0 0 -1
    outer loop
      vertex -23.043277196586132 19.796100594103336 0
      vertex -22.696152426302433 20.5 0
      vertex 21.74264068901539 21.74264068901539 0
    endloop
  endfacet
  facet normal 0 0 -1
    outer loop
      vertex -22.696152426302433 20.5 0
      vertex -22.260120041668415 21.152568571269512 0
      vertex 21.152568571269512 22.260120041668415 0
    endloop
  endfacet
  facet normal 0 0 -1
    outer loop
      vertex -22.260120041668415 21.152568571269512 0
      vertex -21.74264068901539 21.74264068901539 0
      vertex 20.5 22.696152426302433 0
    endloop
  endfacet
  facet normal 0 0 -1
    outer loop
      vertex -21.74264068901539 21.74264068901539 0
      vertex -21.152568571269512 22.260120041668415 0
      vertex 19.796100594103336 23.043277196586132 0
    endloop
  endfacet
  facet normal 0 0 -1
    outer loop
      vertex -21.152568571269512 22.260120041668415 0
      vertex -20.5 22.696152426302433 0
      vertex 19.052914269268513 23.2955549582839 0
    endloop
  endfacet
  facet normal 0 0 -1
    outer loop
      vertex -20.5 22.696152426302433 0
      vertex -19.796100594103336 23.043277196586132 0
      vertex 18.283157154917717 23.44866916537285 0
    endloop
  endfacet
  facet normal 0 0 -1
    outer loop
      vertex -19.796100594103336 23.043277196586132 0
      vertex -19.052914269268513 23.2955549582839 0
      vertex 17.5 23.5 0
    endloop
  endfacet
  facet normal 0 0 -1
    outer loop
      vertex -19.052914269268513 23.2955549582839 0
      vertex -17.5 23.5 0
      vertex 17.5 23.5 0
    endloop
  endfacet
  facet normal 0 0 -1
    outer loop
      vertex -23.5 17.5 0
      vertex 10.41638396680355 14.55873042345047 0
      vertex 10.406103692948818 14.548925779759884 0
    endloop
  endfacet
  facet normal 0 0 -1
    outer loop
      vertex -23.5 17.5 0
      vertex 10.496252432465553 14.626344069838524 0
      vertex 10.41638396680355 14.55873042345047 0
    endloop
  endfacet
  facet normal 0 0 -1
    outer loop
      vertex -23.5 17.5 0
      vertex 10.508870370686054 14.635680854320526 0
      vertex 10.496252432465553 14.626344069838524 0
    endloop
  endfacet
  facet normal 0 0 -1
    outer loop
      vertex -23.5 17.5 0
      vertex 10.596880912780762 14.692291140556335 0
      vertex 10.508870370686054 14.635680854320526 0
    endloop
  endfacet
  facet normal 0 0 -1
    outer loop
      vertex -23.5 17.5 0
      vertex 10.610609598457813 14.699901074171066 0
      vertex 10.596880912780762 14.692291140556335 0
    endloop
  endfacet
  facet normal 0 0 -1
    outer loop
      vertex -23.5 17.5 0
      vertex 10.705256313085556 14.744539357721806 0
      vertex 10.610609598457813 14.699901074171066 0
    endloop
  endfacet
  facet normal 0 0 -1
    outer loop
      vertex -23.5 17.5 0
      vertex 10.719860836863518 14.750292234122753 0
      vertex 10.705256313085556 14.744539357721806 0
    endloop
  endfacet
  facet normal 0 1 0
    outer loop
      vertex -17.5 23.5 0
      vertex -17.5 23.5 1.5
      vertex 17.5 23.5 0
    endloop
  endfacet
  facet normal 0 1 0
    outer loop
      vertex -17.5 23.5 1.5
      vertex -17.5 23.5 2.6
      vertex 17.5 23.5 14
    endloop
  endfacet
  facet normal 0 0 1
    outer loop
      vertex -23.5 -17.5 14
      vertex -21.899999998509884 17.5 14
      vertex -23.5 17.5 14
    endloop
  endfacet
  facet normal -0.9807852810941301 0.19509031854274123 0
    outer loop
      vertex -23.44866916537285 18.283157154917717 0
      vertex -23.44866916537285 18.283157154917717 14
      vertex -23.2955549582839 19.052914269268513 14
    endloop
  endfacet
  facet normal -0.9469301300366788 0.32143946370773846 0
    outer loop
      vertex -23.2955549582839 19.052914269268513 0
      vertex -23.2955549582839 19.052914269268513 14
      vertex -23.043277196586132 19.796100594103336 14
    endloop
  endfacet
  facet normal -0.997858923008654 0.06540313273849394 0
    outer loop
      vertex -23.5 17.5 1.5
      vertex -23.5 17.5 14
      vertex -23.44866916537285 18.283157154917717 14
    endloop
  endfacet
  facet normal -0.8968727426043883 0.4422886880458086 4.370381250550545e-17
    outer loop
      vertex -22.97881116781916 19.926824769484146 2.6
      vertex -23.043277196586132 19.796100594103336 14
      vertex -22.696152426302433 20.5 14
    endloop
  endfacet
  facet normal -0.6593458107222281 0.7518398113182407 0
    outer loop
      vertex -21.74264068901539 21.74264068901539 0
      vertex -21.74264068901539 21.74264068901539 14
      vertex -21.152568571269512 22.260120041668415 14
    endloop
  endfacet
  facet normal -0.8314696090452179 0.555570237894537 7.397995317383907e-18
    outer loop
      vertex -22.61517498344183 20.62119130609291 2.6
      vertex -22.696152426302433 20.5 14
      vertex -22.260120041668415 21.152568571269512 14
    endloop
  endfacet
  facet normal -0.7518398113182406 0.6593458107222281 0
    outer loop
      vertex -22.260120041668415 21.152568571269512 2.6
      vertex -22.260120041668415 21.152568571269512 14
      vertex -21.74264068901539 21.74264068901539 14
    endloop
  endfacet
  facet normal -0.555570237894537 0.8314696090452179 0
    outer loop
      vertex -20.5 22.696152426302433 2.6
      vertex -21.152568571269512 22.260120041668415 14
      vertex -20.5 22.696152426302433 14
    endloop
  endfacet
  facet normal -0.4422886880458085 0.8968727426043884 0
    outer loop
      vertex -20.5 22.696152426302433 2.6
      vertex -20.5 22.696152426302433 14
      vertex -19.796100594103336 23.043277196586132 14
    endloop
  endfacet
  facet normal -0.3214394637077385 0.9469301300366789 0
    outer loop
      vertex -19.052914269268513 23.2955549582839 2.6
      vertex -19.796100594103336 23.043277196586132 14
      vertex -19.052914269268513 23.2955549582839 14
    endloop
  endfacet
  facet normal -0.19509031854274123 0.9807852810941302 0
    outer loop
      vertex -19.052914269268513 23.2955549582839 2.6
      vertex -19.052914269268513 23.2955549582839 14
      vertex -18.283157154917717 23.44866916537285 14
    endloop
  endfacet
  facet normal -0.06540313273849394 0.997858923008654 0
    outer loop
      vertex -17.5 23.5 2.6
      vertex -18.283157154917717 23.44866916537285 14
      vertex -17.5 23.5 14
    endloop
  endfacet
  facet normal 0 0 1
    outer loop
      vertex -23.5 17.5 14
      vertex -21.862357392907143 18.07431524246931 14
      vertex -23.44866916537285 18.283157154917717 14
    endloop
  endfacet
  facet normal 0 0 1
    outer loop
      vertex -23.44866916537285 18.283157154917717 14
      vertex -21.75007363408804 18.63880379498005 14
      vertex -23.2955549582839 19.052914269268513 14
    endloop
  endfacet
  facet normal 0 0 1
    outer loop
      vertex -23.5 17.5 14
      vertex -21.899999998509884 17.5 14
      vertex -21.862357392907143 18.07431524246931 14
    endloop
  endfacet
  facet normal 0 0 1
    outer loop
      vertex -23.44866916537285 18.283157154917717 14
      vertex -21.862357392907143 18.07431524246931 14
      vertex -21.75007363408804 18.63880379498005 14
    endloop
  endfacet
  facet normal 0 0 1
    outer loop
      vertex -23.2955549582839 19.052914269268513 14
      vertex -21.75007363408804 18.63880379498005 14
      vertex -21.565069943666458 19.183807104825974 14
    endloop
  endfacet
  facet normal 0 0 1
    outer loop
      vertex -23.2955549582839 19.052914269268513 14
      vertex -21.565069943666458 19.183807104825974 14
      vertex -23.043277196586132 19.796100594103336 14
    endloop
  endfacet
  facet normal 0 0 1
    outer loop
      vertex -23.043277196586132 19.796100594103336 14
      vertex -20.990754693746567 20.17855028808117 14
      vertex -22.696152426302433 20.5 14
    endloop
  endfacet
  facet normal 0 0 1
    outer loop
      vertex -23.043277196586132 19.796100594103336 14
      vertex -21.565069943666458 19.183807104825974 14
      vertex -21.310511775314808 19.700000002980232 14
    endloop
  endfacet
  facet normal 0 0 1
    outer loop
      vertex -23.043277196586132 19.796100594103336 14
      vertex -21.310511775314808 19.700000002980232 14
      vertex -20.990754693746567 20.17855028808117 14
    endloop
  endfacet
  facet normal 0 0 1
    outer loop
      vertex -22.696152426302433 20.5 14
      vertex -20.990754693746567 20.17855028808117 14
      vertex -20.61126983910799 20.61126983910799 14
    endloop
  endfacet
  facet normal 0 0 1
    outer loop
      vertex -22.696152426302433 20.5 14
      vertex -20.61126983910799 20.61126983910799 14
      vertex -22.260120041668415 21.152568571269512 14
    endloop
  endfacet
  facet normal 0 0 1
    outer loop
      vertex -22.260120041668415 21.152568571269512 14
      vertex -20.61126983910799 20.61126983910799 14
      vertex -20.17855028808117 20.990754693746567 14
    endloop
  endfacet
  facet normal 0 0 1
    outer loop
      vertex -22.260120041668415 21.152568571269512 14
      vertex -20.17855028808117 20.990754693746567 14
      vertex -19.700000002980232 21.310511775314808 14
    endloop
  endfacet
  facet normal 0 0 1
    outer loop
      vertex -22.260120041668415 21.152568571269512 14
      vertex -19.700000002980232 21.310511775314808 14
      vertex -21.74264068901539 21.74264068901539 14
    endloop
  endfacet
  facet normal 0 0 1
    outer loop
      vertex -21.74264068901539 21.74264068901539 14
      vertex -19.700000002980232 21.310511775314808 14
      vertex -19.183807104825974 21.565069943666458 14
    endloop
  endfacet
  facet normal 0 0 1
    outer loop
      vertex -21.74264068901539 21.74264068901539 14
      vertex -18.07431524246931 21.862357392907143 14
      vertex -21.152568571269512 22.260120041668415 14
    endloop
  endfacet
  facet normal 0 0 1
    outer loop
      vertex -21.74264068901539 21.74264068901539 14
      vertex -19.183807104825974 21.565069943666458 14
      vertex -18.63880379498005 21.75007363408804 14
    endloop
  endfacet
  facet normal 0 0 1
    outer loop
      vertex -21.74264068901539 21.74264068901539 14
      vertex -18.63880379498005 21.75007363408804 14
      vertex -18.07431524246931 21.862357392907143 14
    endloop
  endfacet
  facet normal 0 0 1
    outer loop
      vertex -21.152568571269512 22.260120041668415 14
      vertex -18.07431524246931 21.862357392907143 14
      vertex -17.5 21.899999998509884 14
    endloop
  endfacet
  facet normal 0 0 1
    outer loop
      vertex -19.052914269268513 23.2955549582839 14
      vertex -17.5 23.5 14
      vertex -18.283157154917717 23.44866916537285 14
    endloop
  endfacet
  facet normal 0 1 0
    outer loop
      vertex -17.5 23.5 2.6
      vertex -17.5 23.5 14
      vertex 17.5 23.5 14
    endloop
  endfacet
  facet normal 0 0 1
    outer loop
      vertex -21.152568571269512 22.260120041668415 14
      vertex 19.052914269268513 23.2955549582839 14
      vertex -20.5 22.696152426302433 14
    endloop
  endfacet
  facet normal 0 0 1
    outer loop
      vertex -21.152568571269512 22.260120041668415 14
      vertex -17.5 21.899999998509884 14
      vertex 17.5 21.899999998509884 14
    endloop
  endfacet
  facet normal 0 0 1
    outer loop
      vertex -20.5 22.696152426302433 14
      vertex 18.283157154917717 23.44866916537285 14
      vertex -19.796100594103336 23.043277196586132 14
    endloop
  endfacet
  facet normal 0 0 1
    outer loop
      vertex -19.796100594103336 23.043277196586132 14
      vertex 17.5 23.5 14
      vertex -19.052914269268513 23.2955549582839 14
    endloop
  endfacet
  facet normal 0 0 1
    outer loop
      vertex -19.052914269268513 23.2955549582839 14
      vertex 17.5 23.5 14
      vertex -17.5 23.5 14
    endloop
  endfacet
  facet normal 0 -1 0
    outer loop
      vertex -17.5 -23.5 0
      vertex 17.5 -23.5 0
      vertex 17.5 -23.5 1.5
    endloop
  endfacet
  facet normal 0 -1 0
    outer loop
      vertex -17.5 -23.5 1.5
      vertex 17.5 -23.5 1.5
      vertex 17.5 -23.5 2.6
    endloop
  endfacet
  facet normal 0 0 -1
    outer loop
      vertex -4.1183023527264595 -14.169230990111828 0
      vertex 8.96318206936121 -12.819548174738884 0
      vertex -4.133898198604584 -14.17100790888071 0
    endloop
  endfacet
  facet normal 0 0 -1
    outer loop
      vertex -3.1400403678417206 -13.99233240634203 0
      vertex 8.96318206936121 -12.819548174738884 0
      vertex -4.1183023527264595 -14.169230990111828 0
    endloop
  endfacet
  facet normal 0 0 -1
    outer loop
      vertex -3.1248098760843277 -13.988535016775131 0
      vertex 8.96318206936121 -12.819548174738884 0
      vertex -3.1400403678417206 -13.99233240634203 0
    endloop
  endfacet
  facet normal 0 0 -1
    outer loop
      vertex -2.178006961941719 -13.685461014509201 0
      vertex 8.96318206936121 -12.819548174738884 0
      vertex -3.1248098760843277 -13.988535016775131 0
    endloop
  endfacet
  facet normal 0 0 -1
    outer loop
      vertex -2.1634024307131767 -13.679708138108253 0
      vertex 8.120400182902813 -12.701102904975414 0
      vertex -2.178006961941719 -13.685461014509201 0
    endloop
  endfacet
  facet normal 0 0 -1
    outer loop
      vertex -1.2642586380243301 -13.255644395947456 0
      vertex 8.105274312198162 -12.696908131241798 0
      vertex -2.1634024307131767 -13.679708138108253 0
    endloop
  endfacet
  facet normal 0 0 -1
    outer loop
      vertex -1.250529944896698 -13.248034454882145 0
      vertex 7.710097506642342 -12.558906212449074 0
      vertex -1.2642586380243301 -13.255644395947456 0
    endloop
  endfacet
  facet normal 0 0 -1
    outer loop
      vertex -0.4144298806786537 -12.710236817598343 0
      vertex 7.695648573338985 -12.552773006260395 0
      vertex -1.250529944896698 -13.248034454882145 0
    endloop
  endfacet
  facet normal 0 0 -1
    outer loop
      vertex -0.40181194245815277 -12.70090003311634 0
      vertex 7.308340646326542 -12.356404088437557 0
      vertex -0.4144298806786537 -12.710236817598343 0
    endloop
  endfacet
  facet normal 0 0 -1
    outer loop
      vertex 0.3569384887814522 -12.058570377528667 0
      vertex 6.962346687912941 -12.120825186371803 0
      vertex -0.40181194245815277 -12.70090003311634 0
    endloop
  endfacet
  facet normal 0 0 -1
    outer loop
      vertex 0.36822978407144547 -12.047666497528553 0
      vertex 6.949977479875088 -12.111161299049854 0
      vertex 0.3569384887814522 -12.058570377528667 0
    endloop
  endfacet
  facet normal 0 0 -1
    outer loop
      vertex 23.5 -17.5 0
      vertex -5.142575278878212 -14.21843034774065 0
      vertex -5.126880913972855 -14.218704290688038 0
    endloop
  endfacet
  facet normal 0 0 -1
    outer loop
      vertex 23.5 -17.5 0
      vertex -5.126880913972855 -14.218704290688038 0
      vertex -4.133898198604584 -14.17100790888071 0
    endloop
  endfacet
  facet normal 0 0 -1
    outer loop
      vertex -2.1634024307131767 -13.679708138108253 0
      vertex 8.105274312198162 -12.696908131241798 0
      vertex 8.120400182902813 -12.701102904975414 0
    endloop
  endfacet
  facet normal 0 0 -1
    outer loop
      vertex -1.250529944896698 -13.248034454882145 0
      vertex 7.695648573338985 -12.552773006260395 0
      vertex 7.710097506642342 -12.558906212449074 0
    endloop
  endfacet
  facet normal 0 0 -1
    outer loop
      vertex -2.178006961941719 -13.685461014509201 0
      vertex 8.120400182902813 -12.701102904975414 0
      vertex 8.530209064483643 -12.786343276500702 0
    endloop
  endfacet
  facet normal 0 0 -1
    outer loop
      vertex -2.178006961941719 -13.685461014509201 0
      vertex 8.530209064483643 -12.786343276500702 0
      vertex 8.545753054320812 -12.788527838885784 0
    endloop
  endfacet
  facet normal 0 0 -1
    outer loop
      vertex -2.178006961941719 -13.685461014509201 0
      vertex 8.545753054320812 -12.788527838885784 0
      vertex 8.96318206936121 -12.819548174738884 0
    endloop
  endfacet
  facet normal 0 0 -1
    outer loop
      vertex -1.2642586380243301 -13.255644395947456 0
      vertex 7.710097506642342 -12.558906212449074 0
      vertex 8.105274312198162 -12.696908131241798 0
    endloop
  endfacet
  facet normal 0 0 -1
    outer loop
      vertex -0.4144298806786537 -12.710236817598343 0
      vertex 7.321865424513817 -12.364370793104172 0
      vertex 7.695648573338985 -12.552773006260395 0
    endloop
  endfacet
  facet normal 0 0 -1
    outer loop
      vertex -0.40181194245815277 -12.70090003311634 0
      vertex 6.962346687912941 -12.120825186371803 0
      vertex 7.308340646326542 -12.356404088437557 0
    endloop
  endfacet
  facet normal 0 0 -1
    outer loop
      vertex -0.4144298806786537 -12.710236817598343 0
      vertex 7.308340646326542 -12.356404088437557 0
      vertex 7.321865424513817 -12.364370793104172 0
    endloop
  endfacet
  facet normal 0 0 -1
    outer loop
      vertex 0.36822978407144547 -12.047666497528553 0
      vertex 6.6266907677054405 -11.821240819990635 0
      vertex 6.637692764401436 -11.83243653178215 0
    endloop
  endfacet
  facet normal 0 0 -1
    outer loop
      vertex 0.36822978407144547 -12.047666497528553 0
      vertex 6.637692764401436 -11.83243653178215 0
      vertex 6.949977479875088 -12.111161299049854 0
    endloop
  endfacet
  facet normal 0 0 -1
    outer loop
      vertex 0.3569384887814522 -12.058570377528667 0
      vertex 6.949977479875088 -12.111161299049854 0
      vertex 6.962346687912941 -12.120825186371803 0
    endloop
  endfacet
  facet normal 0 0 -1
    outer loop
      vertex -17.5 -23.5 0
      vertex 19.052914269268513 -23.2955549582839 0
      vertex 17.5 -23.5 0
    endloop
  endfacet
  facet normal 0 0 -1
    outer loop
      vertex -17.5 -23.5 0
      vertex 19.796100594103336 -23.043277196586132 0
      vertex 19.052914269268513 -23.2955549582839 0
    endloop
  endfacet
  facet normal 0 0 -1
    outer loop
      vertex -18.283157154917717 -23.44866916537285 0
      vertex 20.5 -22.696152426302433 0
      vertex 19.796100594103336 -23.043277196586132 0
    endloop
  endfacet
  facet normal 0 0 -1
    outer loop
      vertex -19.052914269268513 -23.2955549582839 0
      vertex 21.152568571269512 -22.260120041668415 0
      vertex 20.5 -22.696152426302433 0
    endloop
  endfacet
  facet normal 0 0 -1
    outer loop
      vertex -19.796100594103336 -23.043277196586132 0
      vertex 21.74264068901539 -21.74264068901539 0
      vertex 21.152568571269512 -22.260120041668415 0
    endloop
  endfacet
  facet normal 0 0 -1
    outer loop
      vertex -20.5 -22.696152426302433 0
      vertex 22.260120041668415 -21.152568571269512 0
      vertex 21.74264068901539 -21.74264068901539 0
    endloop
  endfacet
  facet normal 0 0 -1
    outer loop
      vertex -21.152568571269512 -22.260120041668415 0
      vertex 22.696152426302433 -20.5 0
      vertex 22.260120041668415 -21.152568571269512 0
    endloop
  endfacet
  facet normal 0 0 -1
    outer loop
      vertex -21.74264068901539 -21.74264068901539 0
      vertex 23.043277196586132 -19.796100594103336 0
      vertex 22.696152426302433 -20.5 0
    endloop
  endfacet
  facet normal 0 0 -1
    outer loop
      vertex -22.260120041668415 -21.152568571269512 0
      vertex 23.2955549582839 -19.052914269268513 0
      vertex 23.043277196586132 -19.796100594103336 0
    endloop
  endfacet
  facet normal 0 0 -1
    outer loop
      vertex -22.696152426302433 -20.5 0
      vertex 23.44866916537285 -18.283157154917717 0
      vertex 23.2955549582839 -19.052914269268513 0
    endloop
  endfacet
  facet normal 0 0 -1
    outer loop
      vertex -23.043277196586132 -19.796100594103336 0
      vertex 23.5 -17.5 0
      vertex 23.44866916537285 -18.283157154917717 0
    endloop
  endfacet
  facet normal 0 0 -1
    outer loop
      vertex 23.5 -17.5 0
      vertex -4.133898198604584 -14.17100790888071 0
      vertex 8.96318206936121 -12.819548174738884 0
    endloop
  endfacet
  facet normal 0 -1 0
    outer loop
      vertex -17.5 -23.5 1.5
      vertex 17.5 -23.5 2.6
      vertex 17.5 -23.5 14
    endloop
  endfacet
  facet normal 0 0 -1
    outer loop
      vertex 0.36822978407144547 -12.047666497528553 0
      vertex 1.0366481617093086 -11.311795249581337 0
      vertex 6.6266907677054405 -11.821240819990635 0
    endloop
  endfacet
  facet normal 0 0 -1
    outer loop
      vertex 1.046419620513916 -11.299510851502419 0
      vertex 6.344012029469013 -11.491603262722492 0
      vertex 1.0366481617093086 -11.311795249581337 0
    endloop
  endfacet
  facet normal 0 0 -1
    outer loop
      vertex 1.6130691170692444 -10.48268898576498 0
      vertex 6.106777980923653 -11.127888828516006 0
      vertex 1.046419620513916 -11.299510851502419 0
    endloop
  endfacet
  facet normal 0 0 -1
    outer loop
      vertex 1.6211535409092903 -10.469234243035316 0
      vertex 5.9249278753995895 -10.750874534249306 0
      vertex 1.6130691170692444 -10.48268898576498 0
    endloop
  endfacet
  facet normal 0 0 -1
    outer loop
      vertex 2.076338618993759 -9.585437797009945 0
      vertex 5.787963658571243 -10.33879566937685 0
      vertex 1.6211535409092903 -10.469234243035316 0
    endloop
  endfacet
  facet normal 0 0 -1
    outer loop
      vertex 2.0825976878404617 -9.57104293256998 0
      vertex 5.784033507108688 -10.323598898947239 0
      vertex 2.076338618993759 -9.585437797009945 0
    endloop
  endfacet
  facet normal 0 0 -1
    outer loop
      vertex 2.418530009686947 -8.635393910109997 0
      vertex 5.680314846336842 -9.47887822240591 0
      vertex 2.0825976878404617 -9.57104293256998 0
    endloop
  endfacet
  facet normal 0 0 -1
    outer loop
      vertex 6.353458568453789 -11.504139244556427 0
      vertex 1.0366481617093086 -11.311795249581337 0
      vertex 6.344012029469013 -11.491603262722492 0
    endloop
  endfacet
  facet normal 0 0 -1
    outer loop
      vertex 6.6266907677054405 -11.821240819990635 0
      vertex 1.0366481617093086 -11.311795249581337 0
      vertex 6.353458568453789 -11.504139244556427 0
    endloop
  endfacet
  facet normal 0 0 -1
    outer loop
      vertex 6.344012029469013 -11.491603262722492 0
      vertex 1.046419620513916 -11.299510851502419 0
      vertex 6.114507436752319 -11.141550585627556 0
    endloop
  endfacet
  facet normal 0 0 -1
    outer loop
      vertex 6.114507436752319 -11.141550585627556 0
      vertex 1.046419620513916 -11.299510851502419 0
      vertex 6.106777980923653 -11.127888828516006 0
    endloop
  endfacet
  facet normal 0 0 -1
    outer loop
      vertex 5.9249278753995895 -10.750874534249306 0
      vertex 1.6211535409092903 -10.469234243035316 0
      vertex 5.919047772884369 -10.73632075637579 0
    endloop
  endfacet
  facet normal 0 0 -1
    outer loop
      vertex 6.106777980923653 -11.127888828516006 0
      vertex 1.6130691170692444 -10.48268898576498 0
      vertex 5.9249278753995895 -10.750874534249306 0
    endloop
  endfacet
  facet normal 0 0 -1
    outer loop
      vertex 5.919047772884369 -10.73632075637579 0
      vertex 1.6211535409092903 -10.469234243035316 0
      vertex 5.787963658571243 -10.33879566937685 0
    endloop
  endfacet
  facet normal 0 0 -1
    outer loop
      vertex 2.076338618993759 -9.585437797009945 0
      vertex 5.784033507108688 -10.323598898947239 0
      vertex 5.787963658571243 -10.33879566937685 0
    endloop
  endfacet
  facet normal 0 0 -1
    outer loop
      vertex 5.784033507108688 -10.323598898947239 0
      vertex 2.0825976878404617 -9.57104293256998 0
      vertex 5.705958269536495 -9.912364780902863 0
    endloop
  endfacet
  facet normal 0 0 -1
    outer loop
      vertex 5.705958269536495 -9.912364780902863 0
      vertex 2.0825976878404617 -9.57104293256998 0
      vertex 5.704045318067074 -9.896785028278828 0
    endloop
  endfacet
  facet normal 0 0 -1
    outer loop
      vertex 5.704045318067074 -9.896785028278828 0
      vertex 2.0825976878404617 -9.57104293256998 0
      vertex 5.680314846336842 -9.47887822240591 0
    endloop
  endfacet
  facet normal 0 0 -1
    outer loop
      vertex 5.680314846336842 -9.47887822240591 0
      vertex 2.418530009686947 -8.635393910109997 0
      vertex 5.680451825261116 -9.46318206936121 0
    endloop
  endfacet
  facet normal 0 0 -1
    outer loop
      vertex 5.680451825261116 -9.46318206936121 0
      vertex 2.418530009686947 -8.635393910109997 0
      vertex 5.711472161114216 -9.045753054320812 0
    endloop
  endfacet
  facet normal 0 0 -1
    outer loop
      vertex 2.4228566214442253 -8.620305225253105 0
      vertex 5.711472161114216 -9.045753054320812 0
      vertex 2.418530009686947 -8.635393910109997 0
    endloop
  endfacet
  facet normal 0 0 -1
    outer loop
      vertex 2.6337882950901985 -7.648812845349312 0
      vertex 5.711472161114216 -9.045753054320812 0
      vertex 2.4228566214442253 -8.620305225253105 0
    endloop
  endfacet
  facet normal 0 0 -1
    outer loop
      vertex 2.636108420789242 -7.633288510143757 0
      vertex 5.803091868758202 -8.605274312198162 0
      vertex 2.6337882950901985 -7.648812845349312 0
    endloop
  endfacet
  facet normal 0 0 -1
    outer loop
      vertex 2.71843034774065 -6.642575278878212 0
      vertex 5.941093787550926 -8.210097506642342 0
      vertex 2.636108420789242 -7.633288510143757 0
    endloop
  endfacet
  facet normal 0 0 -1
    outer loop
      vertex 6.143595911562443 -7.808340646326542 0
      vertex 2.71843034774065 -6.642575278878212 0
      vertex 2.718704290688038 -6.626880913972855 0
    endloop
  endfacet
  facet normal 0 0 -1
    outer loop
      vertex 2.6710079088807106 -5.633898198604584 0
      vertex 6.379174813628197 -7.462346687912941 0
      vertex 2.718704290688038 -6.626880913972855 0
    endloop
  endfacet
  facet normal 0 0 -1
    outer loop
      vertex 2.4923324063420296 -4.640040367841721 0
      vertex 6.380023017525673 -7.461117446422577 0
      vertex 2.669230990111828 -5.6183023527264595 0
    endloop
  endfacet
  facet normal 0 0 -1
    outer loop
      vertex 2.669230990111828 -5.6183023527264595 0
      vertex 6.380023017525673 -7.461117446422577 0
      vertex 2.6710079088807106 -5.633898198604584 0
    endloop
  endfacet
  facet normal 0 0 -1
    outer loop
      vertex 2.6337882950901985 -7.648812845349312 0
      vertex 5.713656723499298 -9.030209064483643 0
      vertex 5.711472161114216 -9.045753054320812 0
    endloop
  endfacet
  facet normal 0 0 -1
    outer loop
      vertex 2.6337882950901985 -7.648812845349312 0
      vertex 5.798897095024586 -8.620400182902813 0
      vertex 5.713656723499298 -9.030209064483643 0
    endloop
  endfacet
  facet normal 0 0 -1
    outer loop
      vertex 5.798897095024586 -8.620400182902813 0
      vertex 2.6337882950901985 -7.648812845349312 0
      vertex 5.803091868758202 -8.605274312198162 0
    endloop
  endfacet
  facet normal 0 0 -1
    outer loop
      vertex 5.803091868758202 -8.605274312198162 0
      vertex 2.636108420789242 -7.633288510143757 0
      vertex 5.941093787550926 -8.210097506642342 0
    endloop
  endfacet
  facet normal 0 0 -1
    outer loop
      vertex 2.71843034774065 -6.642575278878212 0
      vertex 5.947226993739605 -8.195648573338985 0
      vertex 5.941093787550926 -8.210097506642342 0
    endloop
  endfacet
  facet normal 0 0 -1
    outer loop
      vertex 5.947226993739605 -8.195648573338985 0
      vertex 2.71843034774065 -6.642575278878212 0
      vertex 6.135629206895828 -7.821865424513817 0
    endloop
  endfacet
  facet normal 0 0 -1
    outer loop
      vertex 6.135629206895828 -7.821865424513817 0
      vertex 2.71843034774065 -6.642575278878212 0
      vertex 6.143595911562443 -7.808340646326542 0
    endloop
  endfacet
  facet normal 0 0 -1
    outer loop
      vertex 6.143595911562443 -7.808340646326542 0
      vertex 2.718704290688038 -6.626880913972855 0
      vertex 6.379174813628197 -7.462346687912941 0
    endloop
  endfacet
  facet normal 0 0 -1
    outer loop
      vertex 6.379174813628197 -7.462346687912941 0
      vertex 2.6710079088807106 -5.633898198604584 0
      vertex 6.380023017525673 -7.461117446422577 0
    endloop
  endfacet
  facet normal 0 0 -1
    outer loop
      vertex 0.5575983300805092 -1.1419276669621468 0
      vertex 4.389127805829048 1.948351189494133 0
      vertex 0.5585703775286674 -1.1430615112185478 0
    endloop
  endfacet
  facet normal 0 0 -1
    outer loop
      vertex 0.5585703775286674 -1.1430615112185478 0
      vertex 4.811713106930256 1.4491732716560364 0
      vertex 1.2009000331163406 -1.9018119424581528 0
    endloop
  endfacet
  facet normal 0 0 -1
    outer loop
      vertex 1.210236817598343 -1.9144298806786537 0
      vertex 5.306742794811726 0.9981330409646034 0
      vertex 1.748034454882145 -2.750529944896698 0
    endloop
  endfacet
  facet normal 0 0 -1
    outer loop
      vertex 1.2009000331163406 -1.9018119424581528 0
      vertex 5.306742794811726 0.9981330409646034 0
      vertex 1.210236817598343 -1.9144298806786537 0
    endloop
  endfacet
  facet normal 0 0 -1
    outer loop
      vertex 2.4885350167751312 -4.624809876084328 0
      vertex 6.380023017525673 -7.461117446422577 0
      vertex 2.4923324063420296 -4.640040367841721 0
    endloop
  endfacet
  facet normal 0 0 -1
    outer loop
      vertex 2.185461014509201 -3.678006961941719 0
      vertex 6.380023017525673 -7.461117446422577 0
      vertex 2.4885350167751312 -4.624809876084328 0
    endloop
  endfacet
  facet normal 0 0 -1
    outer loop
      vertex 2.1797081381082535 -3.6634024307131767 0
      vertex 6.451309785246849 0.3080175742506981 0
      vertex 2.185461014509201 -3.678006961941719 0
    endloop
  endfacet
  facet normal 0 0 -1
    outer loop
      vertex 1.748034454882145 -2.750529944896698 0
      vertex 5.856410019099712 0.6155658662319183 0
      vertex 1.7556443959474564 -2.76425863802433 0
    endloop
  endfacet
  facet normal 0 0 -1
    outer loop
      vertex 1.7556443959474564 -2.76425863802433 0
      vertex 6.451309785246849 0.3080175742506981 0
      vertex 2.1797081381082535 -3.6634024307131767 0
    endloop
  endfacet
  facet normal 0 0 -1
    outer loop
      vertex 1.748034454882145 -2.750529944896698 0
      vertex 5.319027200341225 0.988361582159996 0
      vertex 5.856410019099712 0.6155658662319183 0
    endloop
  endfacet
  facet normal 0 0 -1
    outer loop
      vertex 1.748034454882145 -2.750529944896698 0
      vertex 5.306742794811726 0.9981330409646034 0
      vertex 5.319027200341225 0.988361582159996 0
    endloop
  endfacet
  facet normal 0 0 -1
    outer loop
      vertex 2.185461014509201 -3.678006961941719 0
      vertex 6.451309785246849 0.3080175742506981 0
      vertex 6.465704649686813 0.3017585054039955 0
    endloop
  endfacet
  facet normal 0 0 -1
    outer loop
      vertex 1.7556443959474564 -2.76425863802433 0
      vertex 5.856410019099712 0.6155658662319183 0
      vertex 5.869864754378796 0.6074814423918724 0
    endloop
  endfacet
  facet normal 0 0 -1
    outer loop
      vertex 1.7556443959474564 -2.76425863802433 0
      vertex 5.869864754378796 0.6074814423918724 0
      vertex 6.451309785246849 0.3080175742506981 0
    endloop
  endfacet
  facet normal 0 0 -1
    outer loop
      vertex 2.185461014509201 -3.678006961941719 0
      vertex 6.465704649686813 0.3017585054039955 0
      vertex 7.081263214349747 0.08075039833784103 0
    endloop
  endfacet
  facet normal 0 0 -1
    outer loop
      vertex 2.185461014509201 -3.678006961941719 0
      vertex 9.322100684046745 -3.253628522157669 0
      vertex 6.380023017525673 -7.461117446422577 0
    endloop
  endfacet
  facet normal 0 0 -1
    outer loop
      vertex 2.185461014509201 -3.678006961941719 0
      vertex 7.081263214349747 0.08075039833784103 0
      vertex 9.322100684046745 -3.253628522157669 0
    endloop
  endfacet
  facet normal 0 0 -1
    outer loop
      vertex 7.096351899206638 0.07642378658056259 0
      vertex 9.322100684046745 -3.253628522157669 0
      vertex 7.081263214349747 0.08075039833784103 0
    endloop
  endfacet
  facet normal 0 0 -1
    outer loop
      vertex 7.735491618514061 -0.06234705448150635 0
      vertex 9.322100684046745 -3.253628522157669 0
      vertex 7.096351899206638 0.07642378658056259 0
    endloop
  endfacet
  facet normal 0 0 -1
    outer loop
      vertex 7.751015953719616 -0.06466718018054962 0
      vertex 9.322100684046745 -3.253628522157669 0
      vertex 7.735491618514061 -0.06234705448150635 0
    endloop
  endfacet
  facet normal 0 0 -1
    outer loop
      vertex 8.402800984680653 -0.11882633715867996 0
      vertex 9.322100684046745 -3.253628522157669 0
      vertex 7.751015953719616 -0.06466718018054962 0
    endloop
  endfacet
  facet normal 0 0 -1
    outer loop
      vertex 8.41849534213543 -0.11910028010606766 0
      vertex 9.375512331724167 -3.1925230026245117 0
      vertex 8.402800984680653 -0.11882633715867996 0
    endloop
  endfacet
  facet normal 0 0 -1
    outer loop
      vertex 9.322100684046745 -3.253628522157669 0
      vertex 8.402800984680653 -0.11882633715867996 0
      vertex 9.330916367471218 -3.24248855561018 0
    endloop
  endfacet
  facet normal 0 0 -1
    outer loop
      vertex 9.330916367471218 -3.24248855561018 0
      vertex 8.402800984680653 -0.11882633715867996 0
      vertex 9.375512331724167 -3.1925230026245117 0
    endloop
  endfacet
  facet normal 0 0 -1
    outer loop
      vertex 9.375512331724167 -3.1925230026245117 0
      vertex 8.41849534213543 -0.11910028010606766 0
      vertex 9.386708043515682 -3.1815210059285164 0
    endloop
  endfacet
  facet normal 0 0 -1
    outer loop
      vertex 9.071773447096348 -0.0877210795879364 0
      vertex 9.437444299459457 -3.1378038451075554 0
      vertex 9.386708043515682 -3.1815210059285164 0
    endloop
  endfacet
  facet normal 0 0 -1
    outer loop
      vertex 9.071773447096348 -0.0877210795879364 0
      vertex 9.449980281293392 -3.12835730612278 0
      vertex 9.437444299459457 -3.1378038451075554 0
    endloop
  endfacet
  facet normal 0 0 -1
    outer loop
      vertex 9.071773447096348 -0.0877210795879364 0
      vertex 9.505988709628582 -3.091636575758457 0
      vertex 9.449980281293392 -3.12835730612278 0
    endloop
  endfacet
  facet normal 0 0 -1
    outer loop
      vertex 9.505988709628582 -3.091636575758457 0
      vertex 9.071773447096348 -0.0877210795879364 0
      vertex 9.51965045928955 -3.0839071348309517 0
    endloop
  endfacet
  facet normal 0 0 -1
    outer loop
      vertex 9.51965045928955 -3.0839071348309517 0
      vertex 9.071773447096348 -0.0877210795879364 0
      vertex 9.579972751438618 -3.0548111125826836 0
    endloop
  endfacet
  facet normal 0 0 -1
    outer loop
      vertex 9.579972751438618 -3.0548111125826836 0
      vertex 9.071773447096348 -0.0877210795879364 0
      vertex 9.594526529312134 -3.0489310026168823 0
    endloop
  endfacet
  facet normal 0 0 -1
    outer loop
      vertex 9.594526529312134 -3.0489310026168823 0
      vertex 9.071773447096348 -0.0877210795879364 0
      vertex 9.658130541443825 -3.027957543730736 0
    endloop
  endfacet
  facet normal 0 0 -1
    outer loop
      vertex 9.658130541443825 -3.027957543730736 0
      vertex 9.087369292974472 -0.08594416081905365 0
      vertex 9.673327311873436 -3.024027392268181 0
    endloop
  endfacet
  facet normal 0 0 -1
    outer loop
      vertex 9.673327311873436 -3.024027392268181 0
      vertex 9.730962701141834 0.03043648600578308 0
      vertex 9.739124782383442 -3.011535346508026 0
    endloop
  endfacet
  facet normal 0 0 -1
    outer loop
      vertex 9.739124782383442 -3.011535346508026 0
      vertex 9.730962701141834 0.03043648600578308 0
      vertex 9.754704527556896 -3.0096224024891853 0
    endloop
  endfacet
  facet normal 0 0 -1
    outer loop
      vertex 9.754704527556896 -3.0096224024891853 0
      vertex 9.730962701141834 0.03043648600578308 0
      vertex 9.821569621562958 -3.0058255344629288 0
    endloop
  endfacet
  facet normal 0 0 -1
    outer loop
      vertex 9.821569621562958 -3.0058255344629288 0
      vertex 9.730962701141834 0.03043648600578308 0
      vertex 9.837265759706497 -3.0059625059366226 0
    endloop
  endfacet
  facet normal 0 0 -1
    outer loop
      vertex 9.837265759706497 -3.0059625059366226 0
      vertex 9.730962701141834 0.03043648600578308 0
      vertex 9.904054395854473 -3.010925754904747 0
    endloop
  endfacet
  facet normal 0 0 -1
    outer loop
      vertex 9.904054395854473 -3.010925754904747 0
      vertex 9.746193192899227 0.03423387557268143 0
      vertex 9.919598393142223 -3.01311032474041 0
    endloop
  endfacet
  facet normal 0 0 -1
    outer loop
      vertex 9.919598393142223 -3.01311032474041 0
      vertex 10.369089849293232 0.233624666929245 0
      vertex 9.9851678237319 -3.0267487838864326 0
    endloop
  endfacet
  facet normal 0 0 -1
    outer loop
      vertex 9.9851678237319 -3.0267487838864326 0
      vertex 10.369089849293232 0.233624666929245 0
      vertex 10.00029368698597 -3.0309435576200485 0
    endloop
  endfacet
  facet normal 0 0 -1
    outer loop
      vertex 10.00029368698597 -3.0309435576200485 0
      vertex 10.369089849293232 0.233624666929245 0
      vertex 10.063521973788738 -3.0530238673090935 0
    endloop
  endfacet
  facet normal 0 0 -1
    outer loop
      vertex 10.063521973788738 -3.0530238673090935 0
      vertex 10.369089849293232 0.233624666929245 0
      vertex 10.077970907092094 -3.059157080948353 0
    endloop
  endfacet
  facet normal 0 0 -1
    outer loop
      vertex 10.137776210904121 -3.089301437139511 0
      vertex 10.383694380521774 0.23937754333019257 0
      vertex 10.151300981640816 -3.097268134355545 0
    endloop
  endfacet
  facet normal 0 0 -1
    outer loop
      vertex 10.077970907092094 -3.059157080948353 0
      vertex 10.369089849293232 0.233624666929245 0
      vertex 10.137776210904121 -3.089301437139511 0
    endloop
  endfacet
  facet normal 0 0 -1
    outer loop
      vertex 9.071773447096348 -0.0877210795879364 0
      vertex 9.386708043515682 -3.1815210059285164 0
      vertex 8.41849534213543 -0.11910028010606766 0
    endloop
  endfacet
  facet normal 0 0 -1
    outer loop
      vertex 9.087369292974472 -0.08594416081905365 0
      vertex 9.658130541443825 -3.027957543730736 0
      vertex 9.071773447096348 -0.0877210795879364 0
    endloop
  endfacet
  facet normal 0 0 -1
    outer loop
      vertex 9.730962701141834 0.03043648600578308 0
      vertex 9.673327311873436 -3.024027392268181 0
      vertex 9.087369292974472 -0.08594416081905365 0
    endloop
  endfacet
  facet normal 0 0 -1
    outer loop
      vertex 9.746193192899227 0.03423387557268143 0
      vertex 9.904054395854473 -3.010925754904747 0
      vertex 9.730962701141834 0.03043648600578308 0
    endloop
  endfacet
  facet normal 0 0 -1
    outer loop
      vertex 10.369089849293232 0.233624666929245 0
      vertex 9.919598393142223 -3.01311032474041 0
      vertex 9.746193192899227 0.03423387557268143 0
    endloop
  endfacet
  facet normal 0 0 -1
    outer loop
      vertex 10.151300981640816 -3.097268134355545 0
      vertex 10.975236348807812 0.5183668434619904 0
      vertex 10.206660017371178 -3.1349607557058334 0
    endloop
  endfacet
  facet normal 0 0 -1
    outer loop
      vertex 10.219029232859612 -3.1446246430277824 0
      vertex 10.975236348807812 0.5183668434619904 0
      vertex 10.26899478584528 -3.189220607280731 0
    endloop
  endfacet
  facet normal 0 0 -1
    outer loop
      vertex 10.26899478584528 -3.189220607280731 0
      vertex 10.975236348807812 0.5183668434619904 0
      vertex 10.279996782541275 -3.2004163190722466 0
    endloop
  endfacet
  facet normal 0 0 -1
    outer loop
      vertex 10.279996782541275 -3.2004163190722466 0
      vertex 10.975236348807812 0.5183668434619904 0
      vertex 10.323713935911655 -3.251152567565441 0
    endloop
  endfacet
  facet normal 0 0 -1
    outer loop
      vertex 10.206660017371178 -3.1349607557058334 0
      vertex 10.975236348807812 0.5183668434619904 0
      vertex 10.219029232859612 -3.1446246430277824 0
    endloop
  endfacet
  facet normal 0 0 -1
    outer loop
      vertex 10.323713935911655 -3.251152567565441 0
      vertex 11.539030872285366 0.8797910213470459 0
      vertex 10.333160474896431 -3.263688549399376 0
    endloop
  endfacet
  facet normal 0 0 -1
    outer loop
      vertex 10.377610668540001 -3.3333587422966957 0
      vertex 11.539030872285366 0.8797910213470459 0
      vertex 10.406706683337688 -3.3936810344457626 0
    endloop
  endfacet
  facet normal 0 0 -1
    outer loop
      vertex 10.333160474896431 -3.263688549399376 0
      vertex 11.539030872285366 0.8797910213470459 0
      vertex 10.369881220161915 -3.3196969851851463 0
    endloop
  endfacet
  facet normal 0 0 -1
    outer loop
      vertex 10.369881220161915 -3.3196969851851463 0
      vertex 11.539030872285366 0.8797910213470459 0
      vertex 10.377610668540001 -3.3333587422966957 0
    endloop
  endfacet
  facet normal 0 0 -1
    outer loop
      vertex 10.383694380521774 0.23937754333019257 0
      vertex 10.137776210904121 -3.089301437139511 0
      vertex 10.369089849293232 0.233624666929245 0
    endloop
  endfacet
  facet normal 0 0 -1
    outer loop
      vertex 10.151300981640816 -3.097268134355545 0
      vertex 10.383694380521774 0.23937754333019257 0
      vertex 10.975236348807812 0.5183668434619904 0
    endloop
  endfacet
  facet normal 0 0 -1
    outer loop
      vertex 10.323713935911655 -3.251152567565441 0
      vertex 10.975236348807812 0.5183668434619904 0
      vertex 10.988965041935444 0.5259767770767212 0
    endloop
  endfacet
  facet normal 0 0 -1
    outer loop
      vertex 10.323713935911655 -3.251152567565441 0
      vertex 10.988965041935444 0.5259767770767212 0
      vertex 11.539030872285366 0.8797910213470459 0
    endloop
  endfacet
  facet normal 0 0 -1
    outer loop
      vertex 23.5 -17.5 0
      vertex 8.96318206936121 -12.819548174738884 0
      vertex 8.97887822240591 -12.819685153663158 0
    endloop
  endfacet
  facet normal 0 0 -1
    outer loop
      vertex 23.5 -17.5 0
      vertex 8.97887822240591 -12.819685153663158 0
      vertex 9.396785028278828 -12.795954681932926 0
    endloop
  endfacet
  facet normal 0 0 -1
    outer loop
      vertex 23.5 -17.5 0
      vertex 9.396785028278828 -12.795954681932926 0
      vertex 9.412364780902863 -12.794041730463505 0
    endloop
  endfacet
  facet normal 0 0 -1
    outer loop
      vertex 23.5 -17.5 0
      vertex 9.412364780902863 -12.794041730463505 0
      vertex 9.823598898947239 -12.715966492891312 0
    endloop
  endfacet
  facet normal 0 0 -1
    outer loop
      vertex 23.5 -17.5 0
      vertex 9.823598898947239 -12.715966492891312 0
      vertex 9.83879566937685 -12.712036341428757 0
    endloop
  endfacet
  facet normal 0 0 -1
    outer loop
      vertex 23.5 -17.5 0
      vertex 9.83879566937685 -12.712036341428757 0
      vertex 10.23632075637579 -12.580952227115631 0
    endloop
  endfacet
  facet normal 0 0 -1
    outer loop
      vertex 23.5 -17.5 0
      vertex 10.23632075637579 -12.580952227115631 0
      vertex 10.250874534249306 -12.57507212460041 0
    endloop
  endfacet
  facet normal 0 0 -1
    outer loop
      vertex 23.5 -17.5 0
      vertex 10.250874534249306 -12.57507212460041 0
      vertex 10.627888828516006 -12.393222019076347 0
    endloop
  endfacet
  facet normal 0 0 -1
    outer loop
      vertex 23.5 -17.5 0
      vertex 10.627888828516006 -12.393222019076347 0
      vertex 10.641550585627556 -12.38549256324768 0
    endloop
  endfacet
  facet normal 0 0 -1
    outer loop
      vertex 23.5 -17.5 0
      vertex 10.641550585627556 -12.38549256324768 0
      vertex 10.991603262722492 -12.155987970530987 0
    endloop
  endfacet
  facet normal 0 0 -1
    outer loop
      vertex 23.5 -17.5 0
      vertex 10.991603262722492 -12.155987970530987 0
      vertex 11.004139244556427 -12.146541431546211 0
    endloop
  endfacet
  facet normal 0 0 -1
    outer loop
      vertex 23.5 -17.5 0
      vertex 11.004139244556427 -12.146541431546211 0
      vertex 11.321240819990635 -11.87330923229456 0
    endloop
  endfacet
  facet normal 0 0 -1
    outer loop
      vertex 23.5 -17.5 0
      vertex 11.321240819990635 -11.87330923229456 0
      vertex 11.33243653178215 -11.862307235598564 0
    endloop
  endfacet
  facet normal 0 0 -1
    outer loop
      vertex 23.5 -17.5 0
      vertex 11.33243653178215 -11.862307235598564 0
      vertex 11.611161299049854 -11.550022520124912 0
    endloop
  endfacet
  facet normal 0 0 -1
    outer loop
      vertex 23.5 -17.5 0
      vertex 11.611161299049854 -11.550022520124912 0
      vertex 11.620825186371803 -11.537653312087059 0
    endloop
  endfacet
  facet normal 0 0 -1
    outer loop
      vertex 23.5 -17.5 0
      vertex 11.620825186371803 -11.537653312087059 0
      vertex 11.856404088437557 -11.191659353673458 0
    endloop
  endfacet
  facet normal 0 0 -1
    outer loop
      vertex 23.5 -17.5 0
      vertex 11.856404088437557 -11.191659353673458 0
      vertex 11.864370793104172 -11.178134575486183 0
    endloop
  endfacet
  facet normal 0 0 -1
    outer loop
      vertex 23.5 -17.5 0
      vertex 11.864370793104172 -11.178134575486183 0
      vertex 12.052773006260395 -10.804351426661015 0
    endloop
  endfacet
  facet normal 0 0 -1
    outer loop
      vertex 23.5 -17.5 0
      vertex 12.052773006260395 -10.804351426661015 0
      vertex 12.058906212449074 -10.789902493357658 0
    endloop
  endfacet
  facet normal 0 0 -1
    outer loop
      vertex 23.5 -17.5 0
      vertex 12.058906212449074 -10.789902493357658 0
      vertex 12.196908131241798 -10.394725687801838 0
    endloop
  endfacet
  facet normal 0 0 -1
    outer loop
      vertex 23.5 -17.5 0
      vertex 12.196908131241798 -10.394725687801838 0
      vertex 12.201102904975414 -10.379599817097187 0
    endloop
  endfacet
  facet normal 0 0 -1
    outer loop
      vertex 23.5 -17.5 0
      vertex 12.201102904975414 -10.379599817097187 0
      vertex 12.286343276500702 -9.969790935516357 0
    endloop
  endfacet
  facet normal 0 0 -1
    outer loop
      vertex 23.5 -17.5 0
      vertex 12.286343276500702 -9.969790935516357 0
      vertex 12.288527838885784 -9.954246945679188 0
    endloop
  endfacet
  facet normal 0 0 -1
    outer loop
      vertex 23.5 -17.5 0
      vertex 12.288527838885784 -9.954246945679188 0
      vertex 12.319548174738884 -9.53681793063879 0
    endloop
  endfacet
  facet normal 0 0 -1
    outer loop
      vertex 23.5 -17.5 0
      vertex 12.319548174738884 -9.53681793063879 0
      vertex 12.319685153663158 -9.52112177759409 0
    endloop
  endfacet
  facet normal 0 0 -1
    outer loop
      vertex 23.5 -17.5 0
      vertex 12.319685153663158 -9.52112177759409 0
      vertex 12.295954681932926 -9.103214971721172 0
    endloop
  endfacet
  facet normal 0 0 -1
    outer loop
      vertex 23.5 -17.5 0
      vertex 12.295954681932926 -9.103214971721172 0
      vertex 12.294041730463505 -9.087635219097137 0
    endloop
  endfacet
  facet normal 0 0 -1
    outer loop
      vertex 23.5 -17.5 0
      vertex 12.294041730463505 -9.087635219097137 0
      vertex 12.215966492891312 -8.676401101052761 0
    endloop
  endfacet
  facet normal 0 0 -1
    outer loop
      vertex 17.5 -23.5 0
      vertex 19.052914269268513 -23.2955549582839 0
      vertex 18.283157154917717 -23.44866916537285 0
    endloop
  endfacet
  facet normal 0.06540313273849395 -0.9978589230086541 0
    outer loop
      vertex 17.5 -23.5 0
      vertex 18.283157154917717 -23.44866916537285 0
      vertex 18.283157154917717 -23.44866916537285 1.5
    endloop
  endfacet
  facet normal 0.1950903185427412 -0.98078528109413 0
    outer loop
      vertex 18.283157154917717 -23.44866916537285 0
      vertex 19.052914269268513 -23.2955549582839 0
      vertex 18.283157154917717 -23.44866916537285 1.5
    endloop
  endfacet
  facet normal 0.3214394637077385 -0.9469301300366789 0
    outer loop
      vertex 19.052914269268513 -23.2955549582839 0
      vertex 19.796100594103336 -23.043277196586132 0
      vertex 19.052914269268513 -23.2955549582839 1.5
    endloop
  endfacet
  facet normal 0.44228868804580856 -0.8968727426043884 0
    outer loop
      vertex 19.796100594103336 -23.043277196586132 0
      vertex 20.5 -22.696152426302433 0
      vertex 19.796100594103336 -23.043277196586132 2.6
    endloop
  endfacet
  facet normal 0.06540313273849395 -0.9978589230086541 0
    outer loop
      vertex 17.5 -23.5 0
      vertex 18.283157154917717 -23.44866916537285 1.5
      vertex 17.5 -23.5 1.5
    endloop
  endfacet
  facet normal 0.19509031854274125 -0.9807852810941301 0
    outer loop
      vertex 19.052914269268513 -23.2955549582839 0
      vertex 18.283157154917717 -23.44866916537285 1.627906976744186
      vertex 18.283157154917717 -23.44866916537285 1.5
    endloop
  endfacet
  facet normal 0.3214394637077385 -0.9469301300366789 0
    outer loop
      vertex 19.796100594103336 -23.043277196586132 0
      vertex 19.796100594103336 -23.043277196586132 2.6
      vertex 19.052914269268513 -23.2955549582839 1.5
    endloop
  endfacet
  facet normal 0.555570237894537 -0.8314696090452178 0
    outer loop
      vertex 20.5 -22.696152426302433 0
      vertex 21.152568571269512 -22.260120041668415 0
      vertex 21.152568571269512 -22.260120041668415 1.5
    endloop
  endfacet
  facet normal 0.6593458107222281 -0.7518398113182407 0
    outer loop
      vertex 21.152568571269512 -22.260120041668415 0
      vertex 21.74264068901539 -21.74264068901539 0
      vertex 21.152568571269512 -22.260120041668415 1.5
    endloop
  endfacet
  facet normal 0.8314696090452178 -0.555570237894537 0
    outer loop
      vertex 22.260120041668415 -21.152568571269512 0
      vertex 22.696152426302433 -20.5 0
      vertex 22.696152426302433 -20.5 1.5
    endloop
  endfacet
  facet normal 0.555570237894537 -0.8314696090452178 0
    outer loop
      vertex 20.5 -22.696152426302433 0
      vertex 21.152568571269512 -22.260120041668415 1.5
      vertex 20.5 -22.696152426302433 1.5
    endloop
  endfacet
  facet normal 0.6593458107222282 -0.7518398113182407 0
    outer loop
      vertex 21.74264068901539 -21.74264068901539 0
      vertex 21.152568571269512 -22.260120041668415 2.6
      vertex 21.152568571269512 -22.260120041668415 1.5
    endloop
  endfacet
  facet normal 0.8314696090452178 -0.555570237894537 0
    outer loop
      vertex 22.260120041668415 -21.152568571269512 0
      vertex 22.696152426302433 -20.5 1.5
      vertex 22.260120041668415 -21.152568571269512 1.5
    endloop
  endfacet
  facet normal 0.8968727426043884 -0.44228868804580856 0
    outer loop
      vertex 22.696152426302433 -20.5 0
      vertex 23.043277196586132 -19.796100594103336 0
      vertex 22.696152426302433 -20.5 1.5
    endloop
  endfacet
  facet normal 0.8968727426043883 -0.44228868804580856 0
    outer loop
      vertex 23.043277196586132 -19.796100594103336 0
      vertex 22.696152426302433 -20.5 2.6
      vertex 22.696152426302433 -20.5 1.5
    endloop
  endfacet
  facet normal 0.1950903185427412 -0.98078528109413 0
    outer loop
      vertex 19.052914269268513 -23.2955549582839 0
      vertex 18.283157154917717 -23.44866916537285 14
      vertex 18.283157154917717 -23.44866916537285 1.627906976744186
    endloop
  endfacet
  facet normal 0.1950903185427412 -0.98078528109413 0
    outer loop
      vertex 19.052914269268513 -23.2955549582839 0
      vertex 19.052914269268513 -23.2955549582839 1.5
      vertex 18.283157154917717 -23.44866916537285 14
    endloop
  endfacet
  facet normal 0.44228868804580856 -0.8968727426043884 0
    outer loop
      vertex 20.5 -22.696152426302433 0
      vertex 20.5 -22.696152426302433 1.5
      vertex 19.796100594103336 -23.043277196586132 14
    endloop
  endfacet
  facet normal 0.7518398113182407 -0.6593458107222281 0
    outer loop
      vertex 21.74264068901539 -21.74264068901539 0
      vertex 22.260120041668415 -21.152568571269512 0
      vertex 21.74264068901539 -21.74264068901539 14
    endloop
  endfacet
  facet normal 0.7518398113182407 -0.6593458107222281 0
    outer loop
      vertex 22.260120041668415 -21.152568571269512 0
      vertex 22.260120041668415 -21.152568571269512 1.5
      vertex 21.74264068901539 -21.74264068901539 14
    endloop
  endfacet
  facet normal 0.9469301300366788 -0.32143946370773846 0
    outer loop
      vertex 23.043277196586132 -19.796100594103336 0
      vertex 23.2955549582839 -19.052914269268513 0
      vertex 23.043277196586132 -19.796100594103336 14
    endloop
  endfacet
  facet normal 0.9807852810941301 -0.19509031854274123 0
    outer loop
      vertex 23.2955549582839 -19.052914269268513 0
      vertex 23.44866916537285 -18.283157154917717 0
      vertex 23.2955549582839 -19.052914269268513 14
    endloop
  endfacet
  facet normal 0.997858923008654 -0.06540313273849395 0
    outer loop
      vertex 23.44866916537285 -18.283157154917717 0
      vertex 23.5 -17.5 0
      vertex 23.44866916537285 -18.283157154917717 14
    endloop
  endfacet
  facet normal 0.9978589230086541 -0.06540313273849395 0
    outer loop
      vertex 23.5 -17.5 0
      vertex 23.5 -17.5 1.5
      vertex 23.44866916537285 -18.283157154917717 14
    endloop
  endfacet
  facet normal 0.06540313273847873 -0.9978589230086551 5.4439044779884755e-21
    outer loop
      vertex 18.19209236946217 -23.45463786707368 1.627906976744186
      vertex 18.283157154917717 -23.44866916537285 1.627906976744186
      vertex 18.283157154917717 -23.44866916537285 14
    endloop
  endfacet
  facet normal 0.06540313273849595 -0.9978589230086539 0
    outer loop
      vertex 17.5 -23.5 2.6
      vertex 18.19209236946217 -23.45463786707368 1.627906976744186
      vertex 17.5 -23.5 14
    endloop
  endfacet
  facet normal 0.19509031854274123 -0.9807852810941301 0
    outer loop
      vertex 19.052914269268513 -23.2955549582839 1.5
      vertex 19.052914269268513 -23.2955549582839 2.6
      vertex 18.283157154917717 -23.44866916537285 14
    endloop
  endfacet
  facet normal 0.44228868804580856 -0.8968727426043883 0
    outer loop
      vertex 20.5 -22.696152426302433 0
      vertex 19.796100594103336 -23.043277196586132 14
      vertex 19.796100594103336 -23.043277196586132 2.6
    endloop
  endfacet
  facet normal 0.44228868804580856 -0.8968727426043883 0
    outer loop
      vertex 20.5 -22.696152426302433 1.5
      vertex 20.5 -22.696152426302433 2.6
      vertex 19.796100594103336 -23.043277196586132 14
    endloop
  endfacet
  facet normal 0.3214394637077385 -0.9469301300366789 0
    outer loop
      vertex 19.052914269268513 -23.2955549582839 2.6
      vertex 19.796100594103336 -23.043277196586132 2.6
      vertex 19.796100594103336 -23.043277196586132 14
    endloop
  endfacet
  facet normal 0.6593458107222281 -0.7518398113182406 0
    outer loop
      vertex 21.74264068901539 -21.74264068901539 0
      vertex 21.152568571269512 -22.260120041668415 14
      vertex 21.152568571269512 -22.260120041668415 2.6
    endloop
  endfacet
  facet normal 0.7518398113182407 -0.6593458107222282 0
    outer loop
      vertex 22.260120041668415 -21.152568571269512 1.5
      vertex 22.260120041668415 -21.152568571269512 2.6
      vertex 21.74264068901539 -21.74264068901539 14
    endloop
  endfacet
  facet normal 0.555570237894537 -0.8314696090452179 0
    outer loop
      vertex 20.5 -22.696152426302433 2.6
      vertex 21.152568571269512 -22.260120041668415 2.6
      vertex 21.152568571269512 -22.260120041668415 14
    endloop
  endfacet
  facet normal 0.8314696090452179 -0.555570237894537 0
    outer loop
      vertex 22.260120041668415 -21.152568571269512 2.6
      vertex 22.696152426302433 -20.5 2.6
      vertex 22.696152426302433 -20.5 14
    endloop
  endfacet
  facet normal 0.8968727426043883 -0.44228868804580856 0
    outer loop
      vertex 23.043277196586132 -19.796100594103336 0
      vertex 22.696152426302433 -20.5 14
      vertex 22.696152426302433 -20.5 2.6
    endloop
  endfacet
  facet normal 0.997858923008654 -0.06540313273849394 0
    outer loop
      vertex 23.5 -17.5 1.5
      vertex 23.5 -17.5 2.6
      vertex 23.44866916537285 -18.283157154917717 14
    endloop
  endfacet
  facet normal 0 0 -1
    outer loop
      vertex 23.5 -17.5 0
      vertex 12.212036341428757 -8.66120433062315 0
      vertex 12.080952227115631 -8.26367924362421 0
    endloop
  endfacet
  facet normal 0 0 -1
    outer loop
      vertex 23.5 -17.5 0
      vertex 12.215966492891312 -8.676401101052761 0
      vertex 12.212036341428757 -8.66120433062315 0
    endloop
  endfacet
  facet normal 0 0 -1
    outer loop
      vertex 23.5 -17.5 0
      vertex 12.080952227115631 -8.26367924362421 0
      vertex 12.080475710332394 -8.26226382702589 0
    endloop
  endfacet
  facet normal 0 0 -1
    outer loop
      vertex 23.5 -17.5 0
      vertex 12.080475710332394 -8.26226382702589 0
      vertex 10.412110269069672 -3.406819388270378 0
    endloop
  endfacet
  facet normal 0 0 -1
    outer loop
      vertex 23.5 -17.5 0
      vertex 10.412110269069672 -3.406819388270378 0
      vertex 10.406706683337688 -3.3936810344457626 0
    endloop
  endfacet
  facet normal 0 0 -1
    outer loop
      vertex 23.5 -17.5 0
      vertex 10.406706683337688 -3.3936810344457626 0
      vertex 11.539030872285366 0.8797910213470459 0
    endloop
  endfacet
  facet normal 0 0 -1
    outer loop
      vertex 23.5 -17.5 0
      vertex 11.539030872285366 0.8797910213470459 0
      vertex 11.551648810505867 0.8891278058290482 0
    endloop
  endfacet
  facet normal 0 0 -1
    outer loop
      vertex 23.5 -17.5 0
      vertex 11.551648810505867 0.8891278058290482 0
      vertex 12.050826728343964 1.311713106930256 0
    endloop
  endfacet
  facet normal 0 0 -1
    outer loop
      vertex 23.5 -17.5 0
      vertex 12.050826728343964 1.311713106930256 0
      vertex 12.062118023633957 1.3226169794797897 0
    endloop
  endfacet
  facet normal 0 0 -1
    outer loop
      vertex 23.5 -17.5 0
      vertex 12.062118023633957 1.3226169794797897 0
      vertex 12.501866959035397 1.8067427948117256 0
    endloop
  endfacet
  facet normal 0 0 -1
    outer loop
      vertex 23.5 -17.5 0
      vertex 12.501866959035397 1.8067427948117256 0
      vertex 12.511638417840004 1.8190272003412247 0
    endloop
  endfacet
  facet normal 0 0 -1
    outer loop
      vertex 23.5 -17.5 0
      vertex 12.511638417840004 1.8190272003412247 0
      vertex 12.884434133768082 2.3564100190997124 0
    endloop
  endfacet
  facet normal 0 0 -1
    outer loop
      vertex 23.5 -17.5 0
      vertex 12.884434133768082 2.3564100190997124 0
      vertex 12.892518557608128 2.3698647543787956 0
    endloop
  endfacet
  facet normal 0 0 -1
    outer loop
      vertex 23.5 -17.5 0
      vertex 12.892518557608128 2.3698647543787956 0
      vertex 13.191982425749302 2.951309785246849 0
    endloop
  endfacet
  facet normal 0 0 -1
    outer loop
      vertex 23.5 -17.5 0
      vertex 13.191982425749302 2.951309785246849 0
      vertex 13.198241494596004 2.9657046496868134 0
    endloop
  endfacet
  facet normal 0 0 -1
    outer loop
      vertex 23.5 -17.5 0
      vertex 13.198241494596004 2.9657046496868134 0
      vertex 13.419249601662159 3.5812632143497467 0
    endloop
  endfacet
  facet normal 0 0 -1
    outer loop
      vertex 23.5 -17.5 0
      vertex 13.419249601662159 3.5812632143497467 0
      vertex 13.423576213419437 3.5963518992066383 0
    endloop
  endfacet
  facet normal 0 0 -1
    outer loop
      vertex 23.5 -17.5 0
      vertex 13.423576213419437 3.5963518992066383 0
      vertex 13.562347054481506 4.235491618514061 0
    endloop
  endfacet
  facet normal 0 0 -1
    outer loop
      vertex 23.5 -17.5 0
      vertex 13.562347054481506 4.235491618514061 0
      vertex 13.56466718018055 4.251015953719616 0
    endloop
  endfacet
  facet normal 0 0 -1
    outer loop
      vertex 23.5 -17.5 0
      vertex 13.56466718018055 4.251015953719616 0
      vertex 13.61882633715868 4.902800984680653 0
    endloop
  endfacet
  facet normal 0 0 -1
    outer loop
      vertex 23.5 -17.5 0
      vertex 13.61882633715868 4.902800984680653 0
      vertex 13.619100280106068 4.918495342135429 0
    endloop
  endfacet
  facet normal 0 0 -1
    outer loop
      vertex 23.5 -17.5 0
      vertex 13.619100280106068 4.918495342135429 0
      vertex 13.587721079587936 5.571773447096348 0
    endloop
  endfacet
  facet normal 1 0 0
    outer loop
      vertex 23.5 -17.5 0
      vertex 23.5 17.5 1.5
      vertex 23.5 -17.5 1.5
    endloop
  endfacet
  facet normal 0 0 1
    outer loop
      vertex -17.5 -23.5 14
      vertex 17.5 -23.5 14
      vertex 19.052914269268513 -23.2955549582839 14
    endloop
  endfacet
  facet normal 0 0 1
    outer loop
      vertex -17.5 -23.5 14
      vertex 19.052914269268513 -23.2955549582839 14
      vertex 19.796100594103336 -23.043277196586132 14
    endloop
  endfacet
  facet normal 0 0 1
    outer loop
      vertex -18.283157154917717 -23.44866916537285 14
      vertex 19.796100594103336 -23.043277196586132 14
      vertex 20.5 -22.696152426302433 14
    endloop
  endfacet
  facet normal 0 0 1
    outer loop
      vertex -17.5 -21.899999998509884 14
      vertex 21.152568571269512 -22.260120041668415 14
      vertex 17.5 -21.899999998509884 14
    endloop
  endfacet
  facet normal 0 0 1
    outer loop
      vertex -19.052914269268513 -23.2955549582839 14
      vertex 20.5 -22.696152426302433 14
      vertex 21.152568571269512 -22.260120041668415 14
    endloop
  endfacet
  facet normal 0.06540313273849396 -0.9978589230086541 -1.1253799361775986e-16
    outer loop
      vertex 18.19209236946217 -23.45463786707368 1.627906976744186
      vertex 18.283157154917717 -23.44866916537285 14
      vertex 17.5 -23.5 14
    endloop
  endfacet
  facet normal 0.19509031854274123 -0.9807852810941302 0
    outer loop
      vertex 19.052914269268513 -23.2955549582839 2.6
      vertex 19.052914269268513 -23.2955549582839 14
      vertex 18.283157154917717 -23.44866916537285 14
    endloop
  endfacet
  facet normal 0.3214394637077385 -0.9469301300366789 0
    outer loop
      vertex 19.052914269268513 -23.2955549582839 2.6
      vertex 19.796100594103336 -23.043277196586132 14
      vertex 19.052914269268513 -23.2955549582839 14
    endloop
  endfacet
  facet normal 0.4422886880458085 -0.8968727426043884 0
    outer loop
      vertex 20.5 -22.696152426302433 2.6
      vertex 20.5 -22.696152426302433 14
      vertex 19.796100594103336 -23.043277196586132 14
    endloop
  endfacet
  facet normal 0.6593458107222281 -0.7518398113182407 0
    outer loop
      vertex 21.74264068901539 -21.74264068901539 0
      vertex 21.74264068901539 -21.74264068901539 14
      vertex 21.152568571269512 -22.260120041668415 14
    endloop
  endfacet
  facet normal 0.555570237894537 -0.8314696090452179 0
    outer loop
      vertex 20.5 -22.696152426302433 2.6
      vertex 21.152568571269512 -22.260120041668415 14
      vertex 20.5 -22.696152426302433 14
    endloop
  endfacet
  facet normal 0.7518398113182406 -0.6593458107222281 0
    outer loop
      vertex 22.260120041668415 -21.152568571269512 2.6
      vertex 22.260120041668415 -21.152568571269512 14
      vertex 21.74264068901539 -21.74264068901539 14
    endloop
  endfacet
  facet normal 0.8314696090452179 -0.555570237894537 0
    outer loop
      vertex 22.260120041668415 -21.152568571269512 2.6
      vertex 22.696152426302433 -20.5 14
      vertex 22.260120041668415 -21.152568571269512 14
    endloop
  endfacet
  facet normal 0.8968727426043883 -0.4422886880458085 0
    outer loop
      vertex 23.043277196586132 -19.796100594103336 0
      vertex 23.043277196586132 -19.796100594103336 14
      vertex 22.696152426302433 -20.5 14
    endloop
  endfacet
  facet normal 0.9469301300366788 -0.32143946370773846 0
    outer loop
      vertex 23.2955549582839 -19.052914269268513 0
      vertex 23.2955549582839 -19.052914269268513 14
      vertex 23.043277196586132 -19.796100594103336 14
    endloop
  endfacet
  facet normal 0.9807852810941301 -0.19509031854274123 0
    outer loop
      vertex 23.44866916537285 -18.283157154917717 0
      vertex 23.44866916537285 -18.283157154917717 14
      vertex 23.2955549582839 -19.052914269268513 14
    endloop
  endfacet
  facet normal 0.997858923008654 -0.06540313273849394 0
    outer loop
      vertex 23.5 -17.5 2.6
      vertex 23.5 -17.5 14
      vertex 23.44866916537285 -18.283157154917717 14
    endloop
  endfacet
  facet normal 0 0 1
    outer loop
      vertex 17.5 -23.5 14
      vertex 18.283157154917717 -23.44866916537285 14
      vertex 19.052914269268513 -23.2955549582839 14
    endloop
  endfacet
  facet normal 0 0 1
    outer loop
      vertex 17.5 -21.899999998509884 14
      vertex 21.152568571269512 -22.260120041668415 14
      vertex 18.07431524246931 -21.862357392907143 14
    endloop
  endfacet
  facet normal 0 0 1
    outer loop
      vertex 18.07431524246931 -21.862357392907143 14
      vertex 21.74264068901539 -21.74264068901539 14
      vertex 18.63880379498005 -21.75007363408804 14
    endloop
  endfacet
  facet normal 0 0 1
    outer loop
      vertex 18.63880379498005 -21.75007363408804 14
      vertex 21.74264068901539 -21.74264068901539 14
      vertex 19.183807104825974 -21.565069943666458 14
    endloop
  endfacet
  facet normal 0 0 1
    outer loop
      vertex 18.07431524246931 -21.862357392907143 14
      vertex 21.152568571269512 -22.260120041668415 14
      vertex 21.74264068901539 -21.74264068901539 14
    endloop
  endfacet
  facet normal 0 0 1
    outer loop
      vertex 19.183807104825974 -21.565069943666458 14
      vertex 21.74264068901539 -21.74264068901539 14
      vertex 19.700000002980232 -21.310511775314808 14
    endloop
  endfacet
  facet normal 0 0 1
    outer loop
      vertex 19.700000002980232 -21.310511775314808 14
      vertex 21.74264068901539 -21.74264068901539 14
      vertex 22.260120041668415 -21.152568571269512 14
    endloop
  endfacet
  facet normal 0 0 1
    outer loop
      vertex 19.700000002980232 -21.310511775314808 14
      vertex 22.260120041668415 -21.152568571269512 14
      vertex 20.17855028808117 -20.990754693746567 14
    endloop
  endfacet
  facet normal 0 0 1
    outer loop
      vertex 20.17855028808117 -20.990754693746567 14
      vertex 22.260120041668415 -21.152568571269512 14
      vertex 20.61126983910799 -20.61126983910799 14
    endloop
  endfacet
  facet normal 0 0 1
    outer loop
      vertex 20.61126983910799 -20.61126983910799 14
      vertex 22.260120041668415 -21.152568571269512 14
      vertex 22.696152426302433 -20.5 14
    endloop
  endfacet
  facet normal 0 0 1
    outer loop
      vertex 20.61126983910799 -20.61126983910799 14
      vertex 22.696152426302433 -20.5 14
      vertex 20.990754693746567 -20.17855028808117 14
    endloop
  endfacet
  facet normal 0 0 1
    outer loop
      vertex 20.990754693746567 -20.17855028808117 14
      vertex 23.043277196586132 -19.796100594103336 14
      vertex 21.310511775314808 -19.700000002980232 14
    endloop
  endfacet
  facet normal 0 0 1
    outer loop
      vertex 21.310511775314808 -19.700000002980232 14
      vertex 23.043277196586132 -19.796100594103336 14
      vertex 21.565069943666458 -19.183807104825974 14
    endloop
  endfacet
  facet normal 0 0 1
    outer loop
      vertex 20.990754693746567 -20.17855028808117 14
      vertex 22.696152426302433 -20.5 14
      vertex 23.043277196586132 -19.796100594103336 14
    endloop
  endfacet
  facet normal 0 0 1
    outer loop
      vertex 21.565069943666458 -19.183807104825974 14
      vertex 23.043277196586132 -19.796100594103336 14
      vertex 23.2955549582839 -19.052914269268513 14
    endloop
  endfacet
  facet normal 0 0 1
    outer loop
      vertex 21.565069943666458 -19.183807104825974 14
      vertex 23.2955549582839 -19.052914269268513 14
      vertex 21.75007363408804 -18.63880379498005 14
    endloop
  endfacet
  facet normal 0 0 1
    outer loop
      vertex 21.75007363408804 -18.63880379498005 14
      vertex 23.44866916537285 -18.283157154917717 14
      vertex 21.862357392907143 -18.07431524246931 14
    endloop
  endfacet
  facet normal 0 0 1
    outer loop
      vertex 21.862357392907143 -18.07431524246931 14
      vertex 23.5 -17.5 14
      vertex 21.899999998509884 -17.5 14
    endloop
  endfacet
  facet normal 0 0 1
    outer loop
      vertex 21.75007363408804 -18.63880379498005 14
      vertex 23.2955549582839 -19.052914269268513 14
      vertex 23.44866916537285 -18.283157154917717 14
    endloop
  endfacet
  facet normal 0 0 1
    outer loop
      vertex 21.862357392907143 -18.07431524246931 14
      vertex 23.44866916537285 -18.283157154917717 14
      vertex 23.5 -17.5 14
    endloop
  endfacet
  facet normal 1 0 0
    outer loop
      vertex 23.5 -17.5 2.6
      vertex 23.5 17.5 14
      vertex 23.5 -17.5 14
    endloop
  endfacet
  facet normal 0 0 1
    outer loop
      vertex 21.899999998509884 -17.5 14
      vertex 23.5 -17.5 14
      vertex 23.5 17.5 14
    endloop
  endfacet
  facet normal 0 0 -1
    outer loop
      vertex -7.4360888078808784 8.065731212496758 0
      vertex 4.025976777076721 2.511034958064556 0
      vertex 4.379791021347046 1.960969127714634 0
    endloop
  endfacet
  facet normal 0 0 -1
    outer loop
      vertex -7.4360888078808784 8.065731212496758 0
      vertex 4.01836684346199 2.5247636511921883 0
      vertex 4.025976777076721 2.511034958064556 0
    endloop
  endfacet
  facet normal 0 0 -1
    outer loop
      vertex -7.4360888078808784 8.065731212496758 0
      vertex 3.7393775433301926 3.1163056194782257 0
      vertex 4.01836684346199 2.5247636511921883 0
    endloop
  endfacet
  facet normal 0 0 -1
    outer loop
      vertex -7.4360888078808784 8.065731212496758 0
      vertex 3.733624666929245 3.130910150706768 0
      vertex 3.7393775433301926 3.1163056194782257 0
    endloop
  endfacet
  facet normal 0 0 -1
    outer loop
      vertex 1.2009000331163406 -1.9018119424581528 0
      vertex 4.811713106930256 1.4491732716560364 0
      vertex 4.82261697947979 1.437881976366043 0
    endloop
  endfacet
  facet normal 0 0 -1
    outer loop
      vertex 0.5575983300805092 -1.1419276669621468 0
      vertex 4.379791021347046 1.960969127714634 0
      vertex 4.389127805829048 1.948351189494133 0
    endloop
  endfacet
  facet normal 0 0 -1
    outer loop
      vertex 0.5585703775286674 -1.1430615112185478 0
      vertex 4.389127805829048 1.948351189494133 0
      vertex 4.811713106930256 1.4491732716560364 0
    endloop
  endfacet
  facet normal 0 0 -1
    outer loop
      vertex 1.2009000331163406 -1.9018119424581528 0
      vertex 4.82261697947979 1.437881976366043 0
      vertex 5.306742794811726 0.9981330409646034 0
    endloop
  endfacet
  facet normal 0 0 -1
    outer loop
      vertex -7.4360888078808784 8.065731212496758 0
      vertex 3.808017574250698 7.048690214753151 0
      vertex 3.8017585054039955 7.034295350313187 0
    endloop
  endfacet
  facet normal 0 0 -1
    outer loop
      vertex -7.4360888078808784 8.065731212496758 0
      vertex 4.107481442391872 7.630135245621204 0
      vertex 3.808017574250698 7.048690214753151 0
    endloop
  endfacet
  facet normal 0 0 -1
    outer loop
      vertex -7.4360888078808784 8.065731212496758 0
      vertex 4.115565866231918 7.643589980900288 0
      vertex 4.107481442391872 7.630135245621204 0
    endloop
  endfacet
  facet normal 0 0 -1
    outer loop
      vertex -7.4360888078808784 8.065731212496758 0
      vertex 4.488361582159996 8.180972799658775 0
      vertex 4.115565866231918 7.643589980900288 0
    endloop
  endfacet
  facet normal 0 0 -1
    outer loop
      vertex -7.4360888078808784 8.065731212496758 0
      vertex 4.498133040964603 8.193257205188274 0
      vertex 4.488361582159996 8.180972799658775 0
    endloop
  endfacet
  facet normal 0 0 -1
    outer loop
      vertex -7.446020640432835 8.07588867098093 0
      vertex 4.937881976366043 8.67738302052021 0
      vertex 4.498133040964603 8.193257205188274 0
    endloop
  endfacet
  facet normal 0 0 -1
    outer loop
      vertex -7.563760042190552 8.18283560872078 0
      vertex 4.938892997801304 8.678482249379158 0
      vertex 4.937881976366043 8.67738302052021 0
    endloop
  endfacet
  facet normal 0 0 -1
    outer loop
      vertex -7.875992976129055 8.37044408172369 0
      vertex 10.406103692948818 14.548925779759884 0
      vertex 4.938892997801304 8.678482249379158 0
    endloop
  endfacet
  facet normal 0 0 -1
    outer loop
      vertex -23.5 17.5 0
      vertex 23.2955549582839 19.052914269268513 0
      vertex 10.719860836863518 14.750292234122753 0
    endloop
  endfacet
  facet normal 0 0 -1
    outer loop
      vertex -19.796100594103336 23.043277196586132 0
      vertex 17.5 23.5 0
      vertex 18.283157154917717 23.44866916537285 0
    endloop
  endfacet
  facet normal 0 0 -1
    outer loop
      vertex -20.5 22.696152426302433 0
      vertex 18.283157154917717 23.44866916537285 0
      vertex 19.052914269268513 23.2955549582839 0
    endloop
  endfacet
  facet normal 0 0 -1
    outer loop
      vertex -23.2955549582839 19.052914269268513 0
      vertex 22.260120041668415 21.152568571269512 0
      vertex 22.696152426302433 20.5 0
    endloop
  endfacet
  facet normal 0 0 -1
    outer loop
      vertex -23.5 17.5 0
      vertex 23.043277196586132 19.796100594103336 0
      vertex 23.2955549582839 19.052914269268513 0
    endloop
  endfacet
  facet normal 0 0 -1
    outer loop
      vertex -23.44866916537285 18.283157154917717 0
      vertex 22.696152426302433 20.5 0
      vertex 23.043277196586132 19.796100594103336 0
    endloop
  endfacet
  facet normal 0 0 -1
    outer loop
      vertex -23.043277196586132 19.796100594103336 0
      vertex 21.74264068901539 21.74264068901539 0
      vertex 22.260120041668415 21.152568571269512 0
    endloop
  endfacet
  facet normal 0 0 -1
    outer loop
      vertex -22.696152426302433 20.5 0
      vertex 21.152568571269512 22.260120041668415 0
      vertex 21.74264068901539 21.74264068901539 0
    endloop
  endfacet
  facet normal 0 0 -1
    outer loop
      vertex -21.74264068901539 21.74264068901539 0
      vertex 19.796100594103336 23.043277196586132 0
      vertex 20.5 22.696152426302433 0
    endloop
  endfacet
  facet normal 0 0 -1
    outer loop
      vertex -22.260120041668415 21.152568571269512 0
      vertex 20.5 22.696152426302433 0
      vertex 21.152568571269512 22.260120041668415 0
    endloop
  endfacet
  facet normal 0 0 -1
    outer loop
      vertex -21.152568571269512 22.260120041668415 0
      vertex 19.052914269268513 23.2955549582839 0
      vertex 19.796100594103336 23.043277196586132 0
    endloop
  endfacet
  facet normal 0 1 0
    outer loop
      vertex -17.5 23.5 1.5
      vertex 17.5 23.5 14
      vertex 17.5 23.5 0
    endloop
  endfacet
  facet normal 0 0 -1
    outer loop
      vertex 23.5 17.5 0
      vertex 13.585944160819054 5.587369292974472 0
      vertex 13.469563513994217 6.230962701141834 0
    endloop
  endfacet
  facet normal 0 0 -1
    outer loop
      vertex 23.5 17.5 0
      vertex 13.469563513994217 6.230962701141834 0
      vertex 13.469288617372513 6.232430666685104 0
    endloop
  endfacet
  facet normal 0 0 -1
    outer loop
      vertex 23.5 17.5 0
      vertex 13.587721079587936 5.571773447096348 0
      vertex 13.585944160819054 5.587369292974472 0
    endloop
  endfacet
  facet normal 0 0 -1
    outer loop
      vertex 23.5 -17.5 0
      vertex 13.587721079587936 5.571773447096348 0
      vertex 23.5 17.5 0
    endloop
  endfacet
  facet normal 1 0 0
    outer loop
      vertex 23.5 -17.5 0
      vertex 23.5 17.5 0
      vertex 23.5 17.5 1.5
    endloop
  endfacet
  facet normal 1 0 0
    outer loop
      vertex 23.5 -17.5 2.6
      vertex 23.5 17.5 2.6
      vertex 23.5 17.5 14
    endloop
  endfacet
  facet normal 0 0 -1
    outer loop
      vertex 23.5 17.5 0
      vertex 13.469288617372513 6.232430666685104 0
      vertex 11.943692110478878 14.108029395341873 0
    endloop
  endfacet
  facet normal 0 0 -1
    outer loop
      vertex 23.2955549582839 19.052914269268513 0
      vertex 11.943692110478878 14.108029395341873 0
      vertex 11.940169617533684 14.121791929006577 0
    endloop
  endfacet
  facet normal 0 0 -1
    outer loop
      vertex 23.2955549582839 19.052914269268513 0
      vertex 11.53007560968399 14.676002159714699 0
      vertex 11.516620866954327 14.684086591005325 0
    endloop
  endfacet
  facet normal 0 0 -1
    outer loop
      vertex 23.2955549582839 19.052914269268513 0
      vertex 11.628341272473335 14.606583386659622 0
      vertex 11.616056866943836 14.61635484546423 0
    endloop
  endfacet
  facet normal 0 0 -1
    outer loop
      vertex 23.2955549582839 19.052914269268513 0
      vertex 11.616056866943836 14.61635484546423 0
      vertex 11.53007560968399 14.676002159714699 0
    endloop
  endfacet
  facet normal 0 0 -1
    outer loop
      vertex 23.2955549582839 19.052914269268513 0
      vertex 11.784318923950195 14.445063792169094 0
      vertex 11.716705277562141 14.524932257831097 0
    endloop
  endfacet
  facet normal 0 0 -1
    outer loop
      vertex 23.2955549582839 19.052914269268513 0
      vertex 11.716705277562141 14.524932257831097 0
      vertex 11.705801405012608 14.53622355312109 0
    endloop
  endfacet
  facet normal 0 0 -1
    outer loop
      vertex 23.2955549582839 19.052914269268513 0
      vertex 11.705801405012608 14.53622355312109 0
      vertex 11.628341272473335 14.606583386659622 0
    endloop
  endfacet
  facet normal 0 0 -1
    outer loop
      vertex 23.2955549582839 19.052914269268513 0
      vertex 11.902514211833477 14.236059911549091 0
      vertex 11.857875928282738 14.330706626176834 0
    endloop
  endfacet
  facet normal 0 0 -1
    outer loop
      vertex 23.2955549582839 19.052914269268513 0
      vertex 11.850265994668007 14.344435311853886 0
      vertex 11.793655708432198 14.432445853948593 0
    endloop
  endfacet
  facet normal 0 0 -1
    outer loop
      vertex 23.2955549582839 19.052914269268513 0
      vertex 11.857875928282738 14.330706626176834 0
      vertex 11.850265994668007 14.344435311853886 0
    endloop
  endfacet
  facet normal 0 0 -1
    outer loop
      vertex 23.2955549582839 19.052914269268513 0
      vertex 11.940169617533684 14.121791929006577 0
      vertex 11.908267088234425 14.22145538777113 0
    endloop
  endfacet
  facet normal 0 0 -1
    outer loop
      vertex 23.2955549582839 19.052914269268513 0
      vertex 11.908267088234425 14.22145538777113 0
      vertex 11.902514211833477 14.236059911549091 0
    endloop
  endfacet
  facet normal 0 0 -1
    outer loop
      vertex 23.2955549582839 19.052914269268513 0
      vertex 11.793655708432198 14.432445853948593 0
      vertex 11.784318923950195 14.445063792169094 0
    endloop
  endfacet
  facet normal 0 0 -1
    outer loop
      vertex 23.2955549582839 19.052914269268513 0
      vertex 10.819524303078651 14.782194763422012 0
      vertex 10.719860836863518 14.750292234122753 0
    endloop
  endfacet
  facet normal 0 0 -1
    outer loop
      vertex 23.2955549582839 19.052914269268513 0
      vertex 10.834754802286625 14.78599215298891 0
      vertex 10.819524303078651 14.782194763422012 0
    endloop
  endfacet
  facet normal 0 0 -1
    outer loop
      vertex 23.2955549582839 19.052914269268513 0
      vertex 10.937729746103287 14.804613053798676 0
      vertex 10.834754802286625 14.78599215298891 0
    endloop
  endfacet
  facet normal 0 0 -1
    outer loop
      vertex 23.2955549582839 19.052914269268513 0
      vertex 10.95332558453083 14.806389972567558 0
      vertex 10.937729746103287 14.804613053798676 0
    endloop
  endfacet
  facet normal 0 0 -1
    outer loop
      vertex 23.2955549582839 19.052914269268513 0
      vertex 11.05785008519888 14.811410650610924 0
      vertex 10.95332558453083 14.806389972567558 0
    endloop
  endfacet
  facet normal 0 0 -1
    outer loop
      vertex 23.2955549582839 19.052914269268513 0
      vertex 11.073544457554817 14.811136707663536 0
      vertex 11.05785008519888 14.811410650610924 0
    endloop
  endfacet
  facet normal 0 0 -1
    outer loop
      vertex 23.2955549582839 19.052914269268513 0
      vertex 11.177830062806606 14.802471242845058 0
      vertex 11.073544457554817 14.811136707663536 0
    endloop
  endfacet
  facet normal 0 0 -1
    outer loop
      vertex 23.2955549582839 19.052914269268513 0
      vertex 11.193354398012161 14.800151109695435 0
      vertex 11.177830062806606 14.802471242845058 0
    endloop
  endfacet
  facet normal 0 0 -1
    outer loop
      vertex 23.2955549582839 19.052914269268513 0
      vertex 11.295616753399372 14.777947768568993 0
      vertex 11.193354398012161 14.800151109695435 0
    endloop
  endfacet
  facet normal 0 0 -1
    outer loop
      vertex 23.2955549582839 19.052914269268513 0
      vertex 11.310705430805683 14.773621164262295 0
      vertex 11.295616753399372 14.777947768568993 0
    endloop
  endfacet
  facet normal 0 0 -1
    outer loop
      vertex 23.2955549582839 19.052914269268513 0
      vertex 11.409194804728031 14.738259866833687 0
      vertex 11.310705430805683 14.773621164262295 0
    endloop
  endfacet
  facet normal 0 0 -1
    outer loop
      vertex 23.2955549582839 19.052914269268513 0
      vertex 11.516620866954327 14.684086591005325 0
      vertex 11.423589661717415 14.732000805437565 0
    endloop
  endfacet
  facet normal 0 0 -1
    outer loop
      vertex 23.2955549582839 19.052914269268513 0
      vertex 11.423589661717415 14.732000805437565 0
      vertex 11.409194804728031 14.738259866833687 0
    endloop
  endfacet
  facet normal 0 0 -1
    outer loop
      vertex 23.5 17.5 0
      vertex 11.943692110478878 14.108029395341873 0
      vertex 23.44866916537285 18.283157154917717 0
    endloop
  endfacet
  facet normal 0 0 -1
    outer loop
      vertex 23.44866916537285 18.283157154917717 0
      vertex 11.943692110478878 14.108029395341873 0
      vertex 23.2955549582839 19.052914269268513 0
    endloop
  endfacet
  facet normal 0.06540313273849395 0.9978589230086541 0
    outer loop
      vertex 17.5 23.5 0
      vertex 18.283157154917717 23.44866916537285 1.5
      vertex 18.283157154917717 23.44866916537285 0
    endloop
  endfacet
  facet normal 0.1950903185427412 0.98078528109413 0
    outer loop
      vertex 18.283157154917717 23.44866916537285 0
      vertex 18.283157154917717 23.44866916537285 1.5
      vertex 19.052914269268513 23.2955549582839 0
    endloop
  endfacet
  facet normal 0.44228868804580856 0.8968727426043884 -1.5305532414155983e-16
    outer loop
      vertex 19.796100594103336 23.043277196586132 0
      vertex 19.871518387592264 23.00608525691288 1.5
      vertex 20.5 22.696152426302433 0
    endloop
  endfacet
  facet normal 0.06540313273849394 0.997858923008654 0
    outer loop
      vertex 17.5 23.5 0
      vertex 18.283157154917717 23.44866916537285 2.6
      vertex 18.283157154917717 23.44866916537285 1.5
    endloop
  endfacet
  facet normal 0.1950903185427412 0.98078528109413 0
    outer loop
      vertex 19.052914269268513 23.2955549582839 0
      vertex 18.283157154917717 23.44866916537285 1.5
      vertex 19.052914269268513 23.2955549582839 2.6
    endloop
  endfacet
  facet normal 0.44228868804580884 0.8968727426043882 0
    outer loop
      vertex 20.5 22.696152426302433 0
      vertex 19.871518387592264 23.00608525691288 1.5
      vertex 20.5 22.696152426302433 1.5
    endloop
  endfacet
  facet normal 0.9978589230086541 0.06540313273849395 0
    outer loop
      vertex 23.5 17.5 0
      vertex 23.44866916537285 18.283157154917717 0
      vertex 23.5 17.5 1.5
    endloop
  endfacet
  facet normal 0.8968727426043884 0.44228868804580856 1.5400207039055592e-16
    outer loop
      vertex 22.696152426302433 20.5 0
      vertex 22.733344365975686 20.424582206511072 1.5
      vertex 23.043277196586132 19.796100594103336 0
    endloop
  endfacet
  facet normal 0.997858923008654 0.06540313273849394 0
    outer loop
      vertex 23.5 17.5 1.5
      vertex 23.44866916537285 18.283157154917717 0
      vertex 23.5 17.5 2.6
    endloop
  endfacet
  facet normal 0.8968727426043882 0.44228868804580884 0
    outer loop
      vertex 23.043277196586132 19.796100594103336 0
      vertex 22.733344365975686 20.424582206511072 1.5
      vertex 23.043277196586132 19.796100594103336 1.5
    endloop
  endfacet
  facet normal 0.555570237894537 0.8314696090452178 0
    outer loop
      vertex 20.5 22.696152426302433 0
      vertex 21.152568571269512 22.260120041668415 1.5
      vertex 21.152568571269512 22.260120041668415 0
    endloop
  endfacet
  facet normal 0.6593458107222281 0.7518398113182407 0
    outer loop
      vertex 21.74264068901539 21.74264068901539 0
      vertex 21.152568571269512 22.260120041668415 0
      vertex 21.152568571269512 22.260120041668415 1.5
    endloop
  endfacet
  facet normal 0.6593458107222281 0.7518398113182407 0
    outer loop
      vertex 21.74264068901539 21.74264068901539 0
      vertex 21.152568571269512 22.260120041668415 1.5
      vertex 21.74264068901539 21.74264068901539 1.5
    endloop
  endfacet
  facet normal 0.5555702378945369 0.8314696090452179 0
    outer loop
      vertex 20.5 22.696152426302433 0
      vertex 21.152568571269512 22.260120041668415 2.6
      vertex 21.152568571269512 22.260120041668415 1.5
    endloop
  endfacet
  facet normal 0.32143946370773846 0.9469301300366788 0
    outer loop
      vertex 19.052914269268513 23.2955549582839 0
      vertex 19.796100594103336 23.043277196586132 14
      vertex 19.796100594103336 23.043277196586132 0
    endloop
  endfacet
  facet normal 0.4422886880458061 0.8968727426043897 0
    outer loop
      vertex 19.796100594103336 23.043277196586132 0
      vertex 19.796100594103336 23.043277196586132 14
      vertex 19.871518387592264 23.00608525691288 1.5
    endloop
  endfacet
  facet normal 0.9807852810941301 0.19509031854274123 0
    outer loop
      vertex 23.44866916537285 18.283157154917717 0
      vertex 23.2955549582839 19.052914269268513 0
      vertex 23.44866916537285 18.283157154917717 14
    endloop
  endfacet
  facet normal 0.9469301300366788 0.32143946370773846 0
    outer loop
      vertex 23.2955549582839 19.052914269268513 0
      vertex 23.043277196586132 19.796100594103336 0
      vertex 23.2955549582839 19.052914269268513 14
    endloop
  endfacet
  facet normal 0.8968727426043897 0.4422886880458061 0
    outer loop
      vertex 22.696152426302433 20.5 0
      vertex 22.696152426302433 20.5 14
      vertex 22.733344365975686 20.424582206511072 1.5
    endloop
  endfacet
  facet normal 0.9469301300366789 0.3214394637077385 0
    outer loop
      vertex 23.043277196586132 19.796100594103336 0
      vertex 23.043277196586132 19.796100594103336 1.5
      vertex 23.2955549582839 19.052914269268513 14
    endloop
  endfacet
  facet normal 0.7518398113182407 0.6593458107222281 0
    outer loop
      vertex 21.74264068901539 21.74264068901539 0
      vertex 21.74264068901539 21.74264068901539 1.5
      vertex 22.260120041668415 21.152568571269512 14
    endloop
  endfacet
  facet normal 0.555570237894537 0.8314696090452178 0
    outer loop
      vertex 20.5 22.696152426302433 0
      vertex 20.5 22.696152426302433 1.5
      vertex 21.152568571269512 22.260120041668415 14
    endloop
  endfacet
  facet normal 0.8314696090452179 0.5555702378945371 0
    outer loop
      vertex 22.696152426302433 20.5 0
      vertex 22.260120041668415 21.152568571269512 0
      vertex 22.696152426302433 20.5 14
    endloop
  endfacet
  facet normal 0.7518398113182407 0.6593458107222281 0
    outer loop
      vertex 21.74264068901539 21.74264068901539 0
      vertex 22.260120041668415 21.152568571269512 14
      vertex 22.260120041668415 21.152568571269512 0
    endloop
  endfacet
  facet normal 0.06540313273849395 0.997858923008654 0
    outer loop
      vertex 17.5 23.5 0
      vertex 18.283157154917717 23.44866916537285 14
      vertex 18.283157154917717 23.44866916537285 2.6
    endloop
  endfacet
  facet normal 0.3214394637077385 0.9469301300366789 0
    outer loop
      vertex 19.052914269268513 23.2955549582839 0
      vertex 19.052914269268513 23.2955549582839 2.6
      vertex 19.796100594103336 23.043277196586132 14
    endloop
  endfacet
  facet normal 0.4422886880458147 0.8968727426043854 6.40076386747269e-17
    outer loop
      vertex 19.871518387592264 23.00608525691288 1.5
      vertex 19.796100594103336 23.043277196586132 14
      vertex 19.917301816310708 22.983507368590264 2.410596026490066
    endloop
  endfacet
  facet normal 0.4422886880458083 0.8968727426043884 0
    outer loop
      vertex 20.5 22.696152426302433 1.5
      vertex 19.917301816310708 22.983507368590264 2.410596026490066
      vertex 20.5 22.696152426302433 14
    endloop
  endfacet
  facet normal 0.19509031854274123 0.9807852810941302 0
    outer loop
      vertex 18.283157154917717 23.44866916537285 2.6
      vertex 18.283157154917717 23.44866916537285 14
      vertex 19.052914269268513 23.2955549582839 2.6
    endloop
  endfacet
  facet normal 0.997858923008654 0.06540313273849394 0
    outer loop
      vertex 23.5 17.5 2.6
      vertex 23.44866916537285 18.283157154917717 0
      vertex 23.5 17.5 14
    endloop
  endfacet
  facet normal 0.8968727426043854 0.4422886880458147 -6.41473644797807e-17
    outer loop
      vertex 22.733344365975686 20.424582206511072 1.5
      vertex 22.696152426302433 20.5 14
      vertex 22.7559222542983 20.37879877779263 2.410596026490066
    endloop
  endfacet
  facet normal 0.9469301300366789 0.3214394637077385 0
    outer loop
      vertex 23.043277196586132 19.796100594103336 1.5
      vertex 23.043277196586132 19.796100594103336 2.410596026490066
      vertex 23.2955549582839 19.052914269268513 14
    endloop
  endfacet
  facet normal 0.8968727426043885 0.44228868804580834 -5.369597456282522e-19
    outer loop
      vertex 22.7559222542983 20.37879877779263 2.410596026490066
      vertex 23.043277196586132 19.796100594103336 14
      vertex 23.043277196586132 19.796100594103336 2.410596026490066
    endloop
  endfacet
  facet normal 0.7518398113182407 0.6593458107222282 0
    outer loop
      vertex 21.74264068901539 21.74264068901539 1.5
      vertex 21.74264068901539 21.74264068901539 2.6
      vertex 22.260120041668415 21.152568571269512 14
    endloop
  endfacet
  facet normal 0.555570237894537 0.8314696090452179 0
    outer loop
      vertex 20.5 22.696152426302433 0
      vertex 21.152568571269512 22.260120041668415 14
      vertex 21.152568571269512 22.260120041668415 2.6
    endloop
  endfacet
  facet normal 0.6593458107222281 0.7518398113182406 0
    outer loop
      vertex 21.74264068901539 21.74264068901539 2.6
      vertex 21.152568571269512 22.260120041668415 2.6
      vertex 21.152568571269512 22.260120041668415 14
    endloop
  endfacet
  facet normal 0 0 1
    outer loop
      vertex -21.152568571269512 22.260120041668415 14
      vertex 17.5 21.899999998509884 14
      vertex 19.796100594103336 23.043277196586132 14
    endloop
  endfacet
  facet normal 0 0 1
    outer loop
      vertex -19.796100594103336 23.043277196586132 14
      vertex 18.283157154917717 23.44866916537285 14
      vertex 17.5 23.5 14
    endloop
  endfacet
  facet normal 0 0 1
    outer loop
      vertex -20.5 22.696152426302433 14
      vertex 19.052914269268513 23.2955549582839 14
      vertex 18.283157154917717 23.44866916537285 14
    endloop
  endfacet
  facet normal 0 0 1
    outer loop
      vertex -21.152568571269512 22.260120041668415 14
      vertex 19.796100594103336 23.043277196586132 14
      vertex 19.052914269268513 23.2955549582839 14
    endloop
  endfacet
  facet normal 0 0 1
    outer loop
      vertex 21.899999998509884 -17.5 14
      vertex 23.44866916537285 18.283157154917717 14
      vertex 21.899999998509884 17.5 14
    endloop
  endfacet
  facet normal 0 0 1
    outer loop
      vertex 21.899999998509884 -17.5 14
      vertex 23.5 17.5 14
      vertex 23.44866916537285 18.283157154917717 14
    endloop
  endfacet
  facet normal 0.06540313273849395 0.997858923008654 0
    outer loop
      vertex 17.5 23.5 0
      vertex 17.5 23.5 14
      vertex 18.283157154917717 23.44866916537285 14
    endloop
  endfacet
  facet normal 0.19509031854274123 0.9807852810941302 0
    outer loop
      vertex 19.052914269268513 23.2955549582839 2.6
      vertex 18.283157154917717 23.44866916537285 14
      vertex 19.052914269268513 23.2955549582839 14
    endloop
  endfacet
  facet normal 0.3214394637077385 0.9469301300366789 0
    outer loop
      vertex 19.052914269268513 23.2955549582839 2.6
      vertex 19.052914269268513 23.2955549582839 14
      vertex 19.796100594103336 23.043277196586132 14
    endloop
  endfacet
  facet normal 0.44228868804580856 0.8968727426043884 -1.4734038090471273e-17
    outer loop
      vertex 19.917301816310708 22.983507368590264 2.410596026490066
      vertex 19.796100594103336 23.043277196586132 14
      vertex 20.5 22.696152426302433 14
    endloop
  endfacet
  facet normal 0.997858923008654 0.06540313273849395 0
    outer loop
      vertex 23.44866916537285 18.283157154917717 0
      vertex 23.44866916537285 18.283157154917717 14
      vertex 23.5 17.5 14
    endloop
  endfacet
  facet normal 0.9807852810941301 0.19509031854274123 0
    outer loop
      vertex 23.2955549582839 19.052914269268513 0
      vertex 23.2955549582839 19.052914269268513 14
      vertex 23.44866916537285 18.283157154917717 14
    endloop
  endfacet
  facet normal 0.9469301300366789 0.3214394637077385 0
    outer loop
      vertex 23.043277196586132 19.796100594103336 2.410596026490066
      vertex 23.043277196586132 19.796100594103336 14
      vertex 23.2955549582839 19.052914269268513 14
    endloop
  endfacet
  facet normal 0.8968727426043884 0.44228868804580856 1.4800103899431066e-17
    outer loop
      vertex 22.7559222542983 20.37879877779263 2.410596026490066
      vertex 22.696152426302433 20.5 14
      vertex 23.043277196586132 19.796100594103336 14
    endloop
  endfacet
  facet normal 0.8314696090452179 0.5555702378945371 0
    outer loop
      vertex 22.260120041668415 21.152568571269512 0
      vertex 22.260120041668415 21.152568571269512 14
      vertex 22.696152426302433 20.5 14
    endloop
  endfacet
  facet normal 0.6593458107222281 0.7518398113182406 0
    outer loop
      vertex 21.74264068901539 21.74264068901539 2.6
      vertex 21.152568571269512 22.260120041668415 14
      vertex 21.74264068901539 21.74264068901539 14
    endloop
  endfacet
  facet normal 0.7518398113182406 0.6593458107222281 0
    outer loop
      vertex 21.74264068901539 21.74264068901539 2.6
      vertex 21.74264068901539 21.74264068901539 14
      vertex 22.260120041668415 21.152568571269512 14
    endloop
  endfacet
  facet normal 0.555570237894537 0.8314696090452179 0
    outer loop
      vertex 20.5 22.696152426302433 1.5
      vertex 20.5 22.696152426302433 14
      vertex 21.152568571269512 22.260120041668415 14
    endloop
  endfacet
  facet normal 0 0 1
    outer loop
      vertex 17.5 21.899999998509884 14
      vertex 18.07431524246931 21.862357392907143 14
      vertex 21.152568571269512 22.260120041668415 14
    endloop
  endfacet
  facet normal 0 0 1
    outer loop
      vertex 18.07431524246931 21.862357392907143 14
      vertex 18.63880379498005 21.75007363408804 14
      vertex 21.152568571269512 22.260120041668415 14
    endloop
  endfacet
  facet normal 0 0 1
    outer loop
      vertex 18.63880379498005 21.75007363408804 14
      vertex 19.183807104825974 21.565069943666458 14
      vertex 21.152568571269512 22.260120041668415 14
    endloop
  endfacet
  facet normal 0 0 1
    outer loop
      vertex 19.183807104825974 21.565069943666458 14
      vertex 19.700000002980232 21.310511775314808 14
      vertex 21.74264068901539 21.74264068901539 14
    endloop
  endfacet
  facet normal 0 0 1
    outer loop
      vertex 19.700000002980232 21.310511775314808 14
      vertex 20.17855028808117 20.990754693746567 14
      vertex 21.74264068901539 21.74264068901539 14
    endloop
  endfacet
  facet normal 0 0 1
    outer loop
      vertex 17.5 21.899999998509884 14
      vertex 20.5 22.696152426302433 14
      vertex 19.796100594103336 23.043277196586132 14
    endloop
  endfacet
  facet normal 0 0 1
    outer loop
      vertex 17.5 21.899999998509884 14
      vertex 21.152568571269512 22.260120041668415 14
      vertex 20.5 22.696152426302433 14
    endloop
  endfacet
  facet normal 0 0 1
    outer loop
      vertex 21.565069943666458 19.183807104825974 14
      vertex 23.043277196586132 19.796100594103336 14
      vertex 21.310511775314808 19.700000002980232 14
    endloop
  endfacet
  facet normal 0 0 1
    outer loop
      vertex 20.990754693746567 20.17855028808117 14
      vertex 21.310511775314808 19.700000002980232 14
      vertex 22.696152426302433 20.5 14
    endloop
  endfacet
  facet normal 0 0 1
    outer loop
      vertex 21.899999998509884 17.5 14
      vertex 23.2955549582839 19.052914269268513 14
      vertex 21.862357392907143 18.07431524246931 14
    endloop
  endfacet
  facet normal 0 0 1
    outer loop
      vertex 21.862357392907143 18.07431524246931 14
      vertex 23.2955549582839 19.052914269268513 14
      vertex 21.75007363408804 18.63880379498005 14
    endloop
  endfacet
  facet normal 0 0 1
    outer loop
      vertex 21.899999998509884 17.5 14
      vertex 23.44866916537285 18.283157154917717 14
      vertex 23.2955549582839 19.052914269268513 14
    endloop
  endfacet
  facet normal 0 0 1
    outer loop
      vertex 21.75007363408804 18.63880379498005 14
      vertex 23.043277196586132 19.796100594103336 14
      vertex 21.565069943666458 19.183807104825974 14
    endloop
  endfacet
  facet normal 0 0 1
    outer loop
      vertex 21.75007363408804 18.63880379498005 14
      vertex 23.2955549582839 19.052914269268513 14
      vertex 23.043277196586132 19.796100594103336 14
    endloop
  endfacet
  facet normal 0 0 1
    outer loop
      vertex 21.310511775314808 19.700000002980232 14
      vertex 23.043277196586132 19.796100594103336 14
      vertex 22.696152426302433 20.5 14
    endloop
  endfacet
  facet normal 0 0 1
    outer loop
      vertex 20.17855028808117 20.990754693746567 14
      vertex 20.61126983910799 20.61126983910799 14
      vertex 22.260120041668415 21.152568571269512 14
    endloop
  endfacet
  facet normal 0 0 1
    outer loop
      vertex 20.990754693746567 20.17855028808117 14
      vertex 22.260120041668415 21.152568571269512 14
      vertex 20.61126983910799 20.61126983910799 14
    endloop
  endfacet
  facet normal 0 0 1
    outer loop
      vertex 19.183807104825974 21.565069943666458 14
      vertex 21.74264068901539 21.74264068901539 14
      vertex 21.152568571269512 22.260120041668415 14
    endloop
  endfacet
  facet normal 0 0 1
    outer loop
      vertex 20.17855028808117 20.990754693746567 14
      vertex 22.260120041668415 21.152568571269512 14
      vertex 21.74264068901539 21.74264068901539 14
    endloop
  endfacet
  facet normal 0 0 1
    outer loop
      vertex 20.990754693746567 20.17855028808117 14
      vertex 22.696152426302433 20.5 14
      vertex 22.260120041668415 21.152568571269512 14
    endloop
  endfacet
  facet normal 0.8968727403768488 0.44228869256281184 0
    outer loop
      vertex -21.310511775314808 -19.700000002980232 2.6
      vertex -21.565069943666458 -19.183807104825974 2.6
      vertex -21.565069943666458 -19.183807104825974 14
    endloop
  endfacet
  facet normal 0.8314696091775019 0.5555702376965599 0
    outer loop
      vertex -21.310511775314808 -19.700000002980232 2.6
      vertex -21.310511775314808 -19.700000002980232 14
      vertex -20.990754693746567 -20.17855028808117 2.6
    endloop
  endfacet
  facet normal 0.751839813240027 0.6593458085308508 0
    outer loop
      vertex -20.61126983910799 -20.61126983910799 2.6
      vertex -20.990754693746567 -20.17855028808117 2.6
      vertex -20.990754693746567 -20.17855028808117 14
    endloop
  endfacet
  facet normal 0.9469301317164274 0.3214394587593589 0
    outer loop
      vertex -21.565069943666458 -19.183807104825974 2.6
      vertex -21.75007363408804 -18.63880379498005 2.6
      vertex -21.75007363408804 -18.63880379498005 14
    endloop
  endfacet
  facet normal 0.9807852789136889 0.1950903295045591 0
    outer loop
      vertex -21.75007363408804 -18.63880379498005 2.6
      vertex -21.862357392907143 -18.07431524246931 2.6
      vertex -21.862357392907143 -18.07431524246931 14
    endloop
  endfacet
  facet normal 0.9978589237076277 0.0654031220742139 0
    outer loop
      vertex -21.862357392907143 -18.07431524246931 2.6
      vertex -21.899999998509884 -17.5 2.6
      vertex -21.899999998509884 -17.5 14
    endloop
  endfacet
  facet normal 0.6593458085308508 0.751839813240027 0
    outer loop
      vertex -20.61126983910799 -20.61126983910799 2.6
      vertex -20.61126983910799 -20.61126983910799 14
      vertex -20.17855028808117 -20.990754693746567 2.6
    endloop
  endfacet
  facet normal 0.5555702376965599 0.8314696091775019 0
    outer loop
      vertex -20.17855028808117 -20.990754693746567 2.6
      vertex -20.17855028808117 -20.990754693746567 14
      vertex -19.700000002980232 -21.310511775314808 2.6
    endloop
  endfacet
  facet normal 0.44228869256281184 0.8968727403768488 0
    outer loop
      vertex -19.700000002980232 -21.310511775314808 2.6
      vertex -19.700000002980232 -21.310511775314808 14
      vertex -19.183807104825974 -21.565069943666458 2.6
    endloop
  endfacet
  facet normal 0.3214394587593589 0.9469301317164274 0
    outer loop
      vertex -19.183807104825974 -21.565069943666458 2.6
      vertex -19.183807104825974 -21.565069943666458 14
      vertex -18.63880379498005 -21.75007363408804 2.6
    endloop
  endfacet
  facet normal 0.1950903295045591 0.9807852789136889 0
    outer loop
      vertex -18.63880379498005 -21.75007363408804 2.6
      vertex -18.63880379498005 -21.75007363408804 14
      vertex -18.07431524246931 -21.862357392907143 2.6
    endloop
  endfacet
  facet normal 0.0654031220742139 0.9978589237076277 0
    outer loop
      vertex -18.07431524246931 -21.862357392907143 2.6
      vertex -18.07431524246931 -21.862357392907143 14
      vertex -17.5 -21.899999998509884 2.6
    endloop
  endfacet
  facet normal 0 0 1
    outer loop
      vertex -19.183807104825974 -21.565069943666458 2.6
      vertex -18.63880379498005 -21.75007363408804 2.6
      vertex 20.17855028808117 -20.990754693746567 2.6
    endloop
  endfacet
  facet normal 0 0 1
    outer loop
      vertex -20.17855028808117 -20.990754693746567 2.6
      vertex -19.700000002980232 -21.310511775314808 2.6
      vertex 20.990754693746567 -20.17855028808117 2.6
    endloop
  endfacet
  facet normal 0 0 1
    outer loop
      vertex -19.700000002980232 -21.310511775314808 2.6
      vertex -19.183807104825974 -21.565069943666458 2.6
      vertex 20.61126983910799 -20.61126983910799 2.6
    endloop
  endfacet
  facet normal 0 0 1
    outer loop
      vertex -20.61126983910799 -20.61126983910799 2.6
      vertex 21.565069943666458 -19.183807104825974 2.6
      vertex -20.990754693746567 -20.17855028808117 2.6
    endloop
  endfacet
  facet normal 0 0 1
    outer loop
      vertex -21.310511775314808 -19.700000002980232 2.6
      vertex -20.990754693746567 -20.17855028808117 2.6
      vertex 21.75007363408804 -18.63880379498005 2.6
    endloop
  endfacet
  facet normal 0 0 1
    outer loop
      vertex -20.61126983910799 -20.61126983910799 2.6
      vertex -20.17855028808117 -20.990754693746567 2.6
      vertex 21.310511775314808 -19.700000002980232 2.6
    endloop
  endfacet
  facet normal 0 0 1
    outer loop
      vertex -21.310511775314808 -19.700000002980232 2.6
      vertex 21.862357392907143 -18.07431524246931 2.6
      vertex -21.565069943666458 -19.183807104825974 2.6
    endloop
  endfacet
  facet normal 0 0 1
    outer loop
      vertex -21.565069943666458 -19.183807104825974 2.6
      vertex 21.899999998509884 -17.5 2.6
      vertex -21.75007363408804 -18.63880379498005 2.6
    endloop
  endfacet
  facet normal 0 0 1
    outer loop
      vertex -18.63880379498005 -21.75007363408804 2.6
      vertex -18.07431524246931 -21.862357392907143 2.6
      vertex 19.700000002980232 -21.310511775314808 2.6
    endloop
  endfacet
  facet normal 0 0 1
    outer loop
      vertex -18.07431524246931 -21.862357392907143 2.6
      vertex -17.5 -21.899999998509884 2.6
      vertex 19.183807104825974 -21.565069943666458 2.6
    endloop
  endfacet
  facet normal 0 1 0
    outer loop
      vertex -17.5 -21.899999998509884 2.6
      vertex -17.5 -21.899999998509884 14
      vertex 17.5 -21.899999998509884 2.6
    endloop
  endfacet
  facet normal 0 0 1
    outer loop
      vertex -21.75007363408804 -18.63880379498005 2.6
      vertex 21.899999998509884 17.5 2.6
      vertex -21.862357392907143 -18.07431524246931 2.6
    endloop
  endfacet
  facet normal 0 0 1
    outer loop
      vertex -21.862357392907143 -18.07431524246931 2.6
      vertex 21.862357392907143 18.07431524246931 2.6
      vertex -21.899999998509884 -17.5 2.6
    endloop
  endfacet
  facet normal 0.8968727403768488 0.44228869256281184 0
    outer loop
      vertex -21.310511775314808 -19.700000002980232 2.6
      vertex -21.565069943666458 -19.183807104825974 14
      vertex -21.310511775314808 -19.700000002980232 14
    endloop
  endfacet
  facet normal 0.8314696091775019 0.5555702376965599 0
    outer loop
      vertex -20.990754693746567 -20.17855028808117 2.6
      vertex -21.310511775314808 -19.700000002980232 14
      vertex -20.990754693746567 -20.17855028808117 14
    endloop
  endfacet
  facet normal 0.751839813240027 0.6593458085308508 0
    outer loop
      vertex -20.61126983910799 -20.61126983910799 2.6
      vertex -20.990754693746567 -20.17855028808117 14
      vertex -20.61126983910799 -20.61126983910799 14
    endloop
  endfacet
  facet normal 0.9807852789136889 0.1950903295045591 0
    outer loop
      vertex -21.75007363408804 -18.63880379498005 2.6
      vertex -21.862357392907143 -18.07431524246931 14
      vertex -21.75007363408804 -18.63880379498005 14
    endloop
  endfacet
  facet normal 0.9469301317164274 0.3214394587593589 0
    outer loop
      vertex -21.565069943666458 -19.183807104825974 2.6
      vertex -21.75007363408804 -18.63880379498005 14
      vertex -21.565069943666458 -19.183807104825974 14
    endloop
  endfacet
  facet normal 0.9978589237076277 0.0654031220742139 0
    outer loop
      vertex -21.862357392907143 -18.07431524246931 2.6
      vertex -21.899999998509884 -17.5 14
      vertex -21.862357392907143 -18.07431524246931 14
    endloop
  endfacet
  facet normal 0.6593458085308508 0.751839813240027 0
    outer loop
      vertex -20.17855028808117 -20.990754693746567 2.6
      vertex -20.61126983910799 -20.61126983910799 14
      vertex -20.17855028808117 -20.990754693746567 14
    endloop
  endfacet
  facet normal 0.5555702376965599 0.8314696091775019 0
    outer loop
      vertex -19.700000002980232 -21.310511775314808 2.6
      vertex -20.17855028808117 -20.990754693746567 14
      vertex -19.700000002980232 -21.310511775314808 14
    endloop
  endfacet
  facet normal 0.44228869256281184 0.8968727403768488 0
    outer loop
      vertex -19.183807104825974 -21.565069943666458 2.6
      vertex -19.700000002980232 -21.310511775314808 14
      vertex -19.183807104825974 -21.565069943666458 14
    endloop
  endfacet
  facet normal 0.3214394587593589 0.9469301317164274 0
    outer loop
      vertex -18.63880379498005 -21.75007363408804 2.6
      vertex -19.183807104825974 -21.565069943666458 14
      vertex -18.63880379498005 -21.75007363408804 14
    endloop
  endfacet
  facet normal 0.1950903295045591 0.9807852789136889 0
    outer loop
      vertex -18.07431524246931 -21.862357392907143 2.6
      vertex -18.63880379498005 -21.75007363408804 14
      vertex -18.07431524246931 -21.862357392907143 14
    endloop
  endfacet
  facet normal 0.0654031220742139 0.9978589237076277 0
    outer loop
      vertex -17.5 -21.899999998509884 2.6
      vertex -18.07431524246931 -21.862357392907143 14
      vertex -17.5 -21.899999998509884 14
    endloop
  endfacet
  facet normal 1 0 0
    outer loop
      vertex -21.899999998509884 -17.5 2.6
      vertex -21.899999998509884 17.5 14
      vertex -21.899999998509884 -17.5 14
    endloop
  endfacet
  facet normal 1 0 0
    outer loop
      vertex -21.899999998509884 -17.5 2.6
      vertex -21.899999998509884 17.5 2.6
      vertex -21.899999998509884 17.5 14
    endloop
  endfacet
  facet normal 0 0 1
    outer loop
      vertex -18.63880379498005 21.75007363408804 2.6
      vertex -17.5 21.899999998509884 2.6
      vertex -18.07431524246931 21.862357392907143 2.6
    endloop
  endfacet
  facet normal 0.9978589237076277 -0.0654031220742139 0
    outer loop
      vertex -21.899999998509884 17.5 2.6
      vertex -21.862357392907143 18.07431524246931 2.6
      vertex -21.862357392907143 18.07431524246931 14
    endloop
  endfacet
  facet normal 0.9807852789136889 -0.1950903295045591 0
    outer loop
      vertex -21.862357392907143 18.07431524246931 2.6
      vertex -21.75007363408804 18.63880379498005 2.6
      vertex -21.75007363408804 18.63880379498005 14
    endloop
  endfacet
  facet normal 0.9469301317164274 -0.3214394587593589 0
    outer loop
      vertex -21.75007363408804 18.63880379498005 2.6
      vertex -21.565069943666458 19.183807104825974 2.6
      vertex -21.565069943666458 19.183807104825974 14
    endloop
  endfacet
  facet normal 0.8968727403768488 -0.44228869256281184 0
    outer loop
      vertex -21.565069943666458 19.183807104825974 2.6
      vertex -21.310511775314808 19.700000002980232 2.6
      vertex -21.310511775314808 19.700000002980232 14
    endloop
  endfacet
  facet normal 0.8314696091775019 -0.5555702376965599 0
    outer loop
      vertex -21.310511775314808 19.700000002980232 2.6
      vertex -20.990754693746567 20.17855028808117 2.6
      vertex -20.990754693746567 20.17855028808117 14
    endloop
  endfacet
  facet normal 0.751839813240027 -0.6593458085308508 0
    outer loop
      vertex -20.990754693746567 20.17855028808117 2.6
      vertex -20.61126983910799 20.61126983910799 2.6
      vertex -20.61126983910799 20.61126983910799 14
    endloop
  endfacet
  facet normal 0.6593458085308508 -0.751839813240027 0
    outer loop
      vertex -20.61126983910799 20.61126983910799 2.6
      vertex -20.17855028808117 20.990754693746567 2.6
      vertex -20.17855028808117 20.990754693746567 14
    endloop
  endfacet
  facet normal 0.5555702376965599 -0.8314696091775019 0
    outer loop
      vertex -20.17855028808117 20.990754693746567 2.6
      vertex -19.700000002980232 21.310511775314808 2.6
      vertex -19.700000002980232 21.310511775314808 14
    endloop
  endfacet
  facet normal 0.44228869256281184 -0.8968727403768488 0
    outer loop
      vertex -19.700000002980232 21.310511775314808 2.6
      vertex -19.183807104825974 21.565069943666458 2.6
      vertex -19.183807104825974 21.565069943666458 14
    endloop
  endfacet
  facet normal 0.3214394587593589 -0.9469301317164274 0
    outer loop
      vertex -19.183807104825974 21.565069943666458 2.6
      vertex -18.63880379498005 21.75007363408804 2.6
      vertex -18.63880379498005 21.75007363408804 14
    endloop
  endfacet
  facet normal 0.1950903295045591 -0.9807852789136889 0
    outer loop
      vertex -18.63880379498005 21.75007363408804 2.6
      vertex -18.07431524246931 21.862357392907143 2.6
      vertex -18.07431524246931 21.862357392907143 14
    endloop
  endfacet
  facet normal 0.0654031220742139 -0.9978589237076277 0
    outer loop
      vertex -18.07431524246931 21.862357392907143 2.6
      vertex -17.5 21.899999998509884 2.6
      vertex -17.5 21.899999998509884 14
    endloop
  endfacet
  facet normal 0 0 1
    outer loop
      vertex -21.899999998509884 -17.5 2.6
      vertex 21.75007363408804 18.63880379498005 2.6
      vertex -21.899999998509884 17.5 2.6
    endloop
  endfacet
  facet normal 0 0 1
    outer loop
      vertex -21.899999998509884 17.5 2.6
      vertex 21.565069943666458 19.183807104825974 2.6
      vertex -21.862357392907143 18.07431524246931 2.6
    endloop
  endfacet
  facet normal 0 0 1
    outer loop
      vertex -21.862357392907143 18.07431524246931 2.6
      vertex 21.310511775314808 19.700000002980232 2.6
      vertex -21.75007363408804 18.63880379498005 2.6
    endloop
  endfacet
  facet normal 0 0 1
    outer loop
      vertex -21.75007363408804 18.63880379498005 2.6
      vertex 20.990754693746567 20.17855028808117 2.6
      vertex -21.565069943666458 19.183807104825974 2.6
    endloop
  endfacet
  facet normal 0 0 1
    outer loop
      vertex -21.565069943666458 19.183807104825974 2.6
      vertex 20.61126983910799 20.61126983910799 2.6
      vertex -21.310511775314808 19.700000002980232 2.6
    endloop
  endfacet
  facet normal 0 0 1
    outer loop
      vertex -21.310511775314808 19.700000002980232 2.6
      vertex 20.17855028808117 20.990754693746567 2.6
      vertex -20.990754693746567 20.17855028808117 2.6
    endloop
  endfacet
  facet normal 0 0 1
    outer loop
      vertex -20.990754693746567 20.17855028808117 2.6
      vertex 19.700000002980232 21.310511775314808 2.6
      vertex -20.61126983910799 20.61126983910799 2.6
    endloop
  endfacet
  facet normal 0 0 1
    outer loop
      vertex -20.61126983910799 20.61126983910799 2.6
      vertex 19.183807104825974 21.565069943666458 2.6
      vertex -20.17855028808117 20.990754693746567 2.6
    endloop
  endfacet
  facet normal 0 0 1
    outer loop
      vertex -20.17855028808117 20.990754693746567 2.6
      vertex 18.63880379498005 21.75007363408804 2.6
      vertex -19.700000002980232 21.310511775314808 2.6
    endloop
  endfacet
  facet normal 0 0 1
    outer loop
      vertex -19.700000002980232 21.310511775314808 2.6
      vertex 18.07431524246931 21.862357392907143 2.6
      vertex -19.183807104825974 21.565069943666458 2.6
    endloop
  endfacet
  facet normal 0 0 1
    outer loop
      vertex -19.183807104825974 21.565069943666458 2.6
      vertex 17.5 21.899999998509884 2.6
      vertex -18.63880379498005 21.75007363408804 2.6
    endloop
  endfacet
  facet normal 0 0 1
    outer loop
      vertex -18.63880379498005 21.75007363408804 2.6
      vertex 17.5 21.899999998509884 2.6
      vertex -17.5 21.899999998509884 2.6
    endloop
  endfacet
  facet normal 0.9978589237076277 -0.0654031220742139 0
    outer loop
      vertex -21.899999998509884 17.5 2.6
      vertex -21.862357392907143 18.07431524246931 14
      vertex -21.899999998509884 17.5 14
    endloop
  endfacet
  facet normal 0.9807852789136889 -0.1950903295045591 0
    outer loop
      vertex -21.862357392907143 18.07431524246931 2.6
      vertex -21.75007363408804 18.63880379498005 14
      vertex -21.862357392907143 18.07431524246931 14
    endloop
  endfacet
  facet normal 0.9469301317164274 -0.3214394587593589 0
    outer loop
      vertex -21.75007363408804 18.63880379498005 2.6
      vertex -21.565069943666458 19.183807104825974 14
      vertex -21.75007363408804 18.63880379498005 14
    endloop
  endfacet
  facet normal 0.8968727403768488 -0.44228869256281184 0
    outer loop
      vertex -21.565069943666458 19.183807104825974 2.6
      vertex -21.310511775314808 19.700000002980232 14
      vertex -21.565069943666458 19.183807104825974 14
    endloop
  endfacet
  facet normal 0.8314696091775019 -0.5555702376965599 0
    outer loop
      vertex -21.310511775314808 19.700000002980232 2.6
      vertex -20.990754693746567 20.17855028808117 14
      vertex -21.310511775314808 19.700000002980232 14
    endloop
  endfacet
  facet normal 0.751839813240027 -0.6593458085308508 0
    outer loop
      vertex -20.990754693746567 20.17855028808117 2.6
      vertex -20.61126983910799 20.61126983910799 14
      vertex -20.990754693746567 20.17855028808117 14
    endloop
  endfacet
  facet normal 0.6593458085308508 -0.751839813240027 0
    outer loop
      vertex -20.61126983910799 20.61126983910799 2.6
      vertex -20.17855028808117 20.990754693746567 14
      vertex -20.61126983910799 20.61126983910799 14
    endloop
  endfacet
  facet normal 0.5555702376965599 -0.8314696091775019 0
    outer loop
      vertex -20.17855028808117 20.990754693746567 2.6
      vertex -19.700000002980232 21.310511775314808 14
      vertex -20.17855028808117 20.990754693746567 14
    endloop
  endfacet
  facet normal 0.44228869256281184 -0.8968727403768488 0
    outer loop
      vertex -19.700000002980232 21.310511775314808 2.6
      vertex -19.183807104825974 21.565069943666458 14
      vertex -19.700000002980232 21.310511775314808 14
    endloop
  endfacet
  facet normal 0.3214394587593589 -0.9469301317164274 0
    outer loop
      vertex -19.183807104825974 21.565069943666458 2.6
      vertex -18.63880379498005 21.75007363408804 14
      vertex -19.183807104825974 21.565069943666458 14
    endloop
  endfacet
  facet normal 0.1950903295045591 -0.9807852789136889 0
    outer loop
      vertex -18.63880379498005 21.75007363408804 2.6
      vertex -18.07431524246931 21.862357392907143 14
      vertex -18.63880379498005 21.75007363408804 14
    endloop
  endfacet
  facet normal 0.0654031220742139 -0.9978589237076277 0
    outer loop
      vertex -18.07431524246931 21.862357392907143 2.6
      vertex -17.5 21.899999998509884 14
      vertex -18.07431524246931 21.862357392907143 14
    endloop
  endfacet
  facet normal 0 -1 0
    outer loop
      vertex -17.5 21.899999998509884 2.6
      vertex 17.5 21.899999998509884 14
      vertex -17.5 21.899999998509884 14
    endloop
  endfacet
  facet normal 0 0 1
    outer loop
      vertex -17.5 -21.899999998509884 2.6
      vertex 17.5 -21.899999998509884 2.6
      vertex 18.63880379498005 -21.75007363408804 2.6
    endloop
  endfacet
  facet normal 0 0 1
    outer loop
      vertex -17.5 -21.899999998509884 2.6
      vertex 18.63880379498005 -21.75007363408804 2.6
      vertex 19.183807104825974 -21.565069943666458 2.6
    endloop
  endfacet
  facet normal 0 0 1
    outer loop
      vertex -18.07431524246931 -21.862357392907143 2.6
      vertex 19.183807104825974 -21.565069943666458 2.6
      vertex 19.700000002980232 -21.310511775314808 2.6
    endloop
  endfacet
  facet normal 0 0 1
    outer loop
      vertex -18.63880379498005 -21.75007363408804 2.6
      vertex 19.700000002980232 -21.310511775314808 2.6
      vertex 20.17855028808117 -20.990754693746567 2.6
    endloop
  endfacet
  facet normal 0 0 1
    outer loop
      vertex -19.183807104825974 -21.565069943666458 2.6
      vertex 20.17855028808117 -20.990754693746567 2.6
      vertex 20.61126983910799 -20.61126983910799 2.6
    endloop
  endfacet
  facet normal 0 0 1
    outer loop
      vertex -19.700000002980232 -21.310511775314808 2.6
      vertex 20.61126983910799 -20.61126983910799 2.6
      vertex 20.990754693746567 -20.17855028808117 2.6
    endloop
  endfacet
  facet normal 0 0 1
    outer loop
      vertex -20.17855028808117 -20.990754693746567 2.6
      vertex 20.990754693746567 -20.17855028808117 2.6
      vertex 21.310511775314808 -19.700000002980232 2.6
    endloop
  endfacet
  facet normal 0 0 1
    outer loop
      vertex -20.61126983910799 -20.61126983910799 2.6
      vertex 21.310511775314808 -19.700000002980232 2.6
      vertex 21.565069943666458 -19.183807104825974 2.6
    endloop
  endfacet
  facet normal 0 0 1
    outer loop
      vertex -20.990754693746567 -20.17855028808117 2.6
      vertex 21.565069943666458 -19.183807104825974 2.6
      vertex 21.75007363408804 -18.63880379498005 2.6
    endloop
  endfacet
  facet normal 0 0 1
    outer loop
      vertex -21.310511775314808 -19.700000002980232 2.6
      vertex 21.75007363408804 -18.63880379498005 2.6
      vertex 21.862357392907143 -18.07431524246931 2.6
    endloop
  endfacet
  facet normal 0 0 1
    outer loop
      vertex -21.565069943666458 -19.183807104825974 2.6
      vertex 21.862357392907143 -18.07431524246931 2.6
      vertex 21.899999998509884 -17.5 2.6
    endloop
  endfacet
  facet normal 0 0 1
    outer loop
      vertex -21.75007363408804 -18.63880379498005 2.6
      vertex 21.899999998509884 -17.5 2.6
      vertex 21.899999998509884 17.5 2.6
    endloop
  endfacet
  facet normal 0 0 1
    outer loop
      vertex 17.5 -21.899999998509884 2.6
      vertex 18.07431524246931 -21.862357392907143 2.6
      vertex 18.63880379498005 -21.75007363408804 2.6
    endloop
  endfacet
  facet normal -0.0654031220742139 0.9978589237076277 0
    outer loop
      vertex 17.5 -21.899999998509884 2.6
      vertex 17.5 -21.899999998509884 14
      vertex 18.07431524246931 -21.862357392907143 2.6
    endloop
  endfacet
  facet normal -0.1950903295045591 0.9807852789136889 0
    outer loop
      vertex 18.07431524246931 -21.862357392907143 2.6
      vertex 18.07431524246931 -21.862357392907143 14
      vertex 18.63880379498005 -21.75007363408804 2.6
    endloop
  endfacet
  facet normal -0.3214394587593589 0.9469301317164274 0
    outer loop
      vertex 18.63880379498005 -21.75007363408804 2.6
      vertex 18.63880379498005 -21.75007363408804 14
      vertex 19.183807104825974 -21.565069943666458 2.6
    endloop
  endfacet
  facet normal -0.44228869256281184 0.8968727403768488 0
    outer loop
      vertex 19.183807104825974 -21.565069943666458 2.6
      vertex 19.183807104825974 -21.565069943666458 14
      vertex 19.700000002980232 -21.310511775314808 2.6
    endloop
  endfacet
  facet normal -0.5555702376965599 0.8314696091775019 0
    outer loop
      vertex 19.700000002980232 -21.310511775314808 2.6
      vertex 19.700000002980232 -21.310511775314808 14
      vertex 20.17855028808117 -20.990754693746567 2.6
    endloop
  endfacet
  facet normal -0.6593458085308508 0.751839813240027 0
    outer loop
      vertex 20.17855028808117 -20.990754693746567 2.6
      vertex 20.17855028808117 -20.990754693746567 14
      vertex 20.61126983910799 -20.61126983910799 2.6
    endloop
  endfacet
  facet normal -0.751839813240027 0.6593458085308508 0
    outer loop
      vertex 20.61126983910799 -20.61126983910799 2.6
      vertex 20.61126983910799 -20.61126983910799 14
      vertex 20.990754693746567 -20.17855028808117 2.6
    endloop
  endfacet
  facet normal -0.8314696091775019 0.5555702376965599 0
    outer loop
      vertex 20.990754693746567 -20.17855028808117 2.6
      vertex 20.990754693746567 -20.17855028808117 14
      vertex 21.310511775314808 -19.700000002980232 2.6
    endloop
  endfacet
  facet normal -0.8968727403768488 0.44228869256281184 0
    outer loop
      vertex 21.310511775314808 -19.700000002980232 2.6
      vertex 21.310511775314808 -19.700000002980232 14
      vertex 21.565069943666458 -19.183807104825974 2.6
    endloop
  endfacet
  facet normal -0.9469301317164274 0.3214394587593589 0
    outer loop
      vertex 21.565069943666458 -19.183807104825974 2.6
      vertex 21.565069943666458 -19.183807104825974 14
      vertex 21.75007363408804 -18.63880379498005 2.6
    endloop
  endfacet
  facet normal -0.9807852789136889 0.1950903295045591 0
    outer loop
      vertex 21.75007363408804 -18.63880379498005 2.6
      vertex 21.75007363408804 -18.63880379498005 14
      vertex 21.862357392907143 -18.07431524246931 2.6
    endloop
  endfacet
  facet normal -0.9978589237076277 0.0654031220742139 0
    outer loop
      vertex 21.862357392907143 -18.07431524246931 2.6
      vertex 21.862357392907143 -18.07431524246931 14
      vertex 21.899999998509884 -17.5 2.6
    endloop
  endfacet
  facet normal -1 0 0
    outer loop
      vertex 21.899999998509884 -17.5 2.6
      vertex 21.899999998509884 -17.5 14
      vertex 21.899999998509884 17.5 2.6
    endloop
  endfacet
  facet normal 0 1 0
    outer loop
      vertex -17.5 -21.899999998509884 14
      vertex 17.5 -21.899999998509884 14
      vertex 17.5 -21.899999998509884 2.6
    endloop
  endfacet
  facet normal -0.0654031220742139 0.9978589237076277 0
    outer loop
      vertex 18.07431524246931 -21.862357392907143 2.6
      vertex 17.5 -21.899999998509884 14
      vertex 18.07431524246931 -21.862357392907143 14
    endloop
  endfacet
  facet normal -0.1950903295045591 0.9807852789136889 0
    outer loop
      vertex 18.63880379498005 -21.75007363408804 2.6
      vertex 18.07431524246931 -21.862357392907143 14
      vertex 18.63880379498005 -21.75007363408804 14
    endloop
  endfacet
  facet normal -0.3214394587593589 0.9469301317164274 0
    outer loop
      vertex 19.183807104825974 -21.565069943666458 2.6
      vertex 18.63880379498005 -21.75007363408804 14
      vertex 19.183807104825974 -21.565069943666458 14
    endloop
  endfacet
  facet normal -0.44228869256281184 0.8968727403768488 0
    outer loop
      vertex 19.700000002980232 -21.310511775314808 2.6
      vertex 19.183807104825974 -21.565069943666458 14
      vertex 19.700000002980232 -21.310511775314808 14
    endloop
  endfacet
  facet normal -0.5555702376965599 0.8314696091775019 0
    outer loop
      vertex 20.17855028808117 -20.990754693746567 2.6
      vertex 19.700000002980232 -21.310511775314808 14
      vertex 20.17855028808117 -20.990754693746567 14
    endloop
  endfacet
  facet normal -0.6593458085308508 0.751839813240027 0
    outer loop
      vertex 20.61126983910799 -20.61126983910799 2.6
      vertex 20.17855028808117 -20.990754693746567 14
      vertex 20.61126983910799 -20.61126983910799 14
    endloop
  endfacet
  facet normal -0.751839813240027 0.6593458085308508 0
    outer loop
      vertex 20.990754693746567 -20.17855028808117 2.6
      vertex 20.61126983910799 -20.61126983910799 14
      vertex 20.990754693746567 -20.17855028808117 14
    endloop
  endfacet
  facet normal -0.8314696091775019 0.5555702376965599 0
    outer loop
      vertex 21.310511775314808 -19.700000002980232 2.6
      vertex 20.990754693746567 -20.17855028808117 14
      vertex 21.310511775314808 -19.700000002980232 14
    endloop
  endfacet
  facet normal -0.8968727403768488 0.44228869256281184 0
    outer loop
      vertex 21.565069943666458 -19.183807104825974 2.6
      vertex 21.310511775314808 -19.700000002980232 14
      vertex 21.565069943666458 -19.183807104825974 14
    endloop
  endfacet
  facet normal -0.9469301317164274 0.3214394587593589 0
    outer loop
      vertex 21.75007363408804 -18.63880379498005 2.6
      vertex 21.565069943666458 -19.183807104825974 14
      vertex 21.75007363408804 -18.63880379498005 14
    endloop
  endfacet
  facet normal -0.9807852789136889 0.1950903295045591 0
    outer loop
      vertex 21.862357392907143 -18.07431524246931 2.6
      vertex 21.75007363408804 -18.63880379498005 14
      vertex 21.862357392907143 -18.07431524246931 14
    endloop
  endfacet
  facet normal -0.9978589237076277 0.0654031220742139 0
    outer loop
      vertex 21.899999998509884 -17.5 2.6
      vertex 21.862357392907143 -18.07431524246931 14
      vertex 21.899999998509884 -17.5 14
    endloop
  endfacet
  facet normal 0 0 1
    outer loop
      vertex -21.862357392907143 -18.07431524246931 2.6
      vertex 21.899999998509884 17.5 2.6
      vertex 21.862357392907143 18.07431524246931 2.6
    endloop
  endfacet
  facet normal 0 0 1
    outer loop
      vertex -21.899999998509884 -17.5 2.6
      vertex 21.862357392907143 18.07431524246931 2.6
      vertex 21.75007363408804 18.63880379498005 2.6
    endloop
  endfacet
  facet normal 0 0 1
    outer loop
      vertex -19.183807104825974 21.565069943666458 2.6
      vertex 18.07431524246931 21.862357392907143 2.6
      vertex 17.5 21.899999998509884 2.6
    endloop
  endfacet
  facet normal 0 0 1
    outer loop
      vertex -19.700000002980232 21.310511775314808 2.6
      vertex 18.63880379498005 21.75007363408804 2.6
      vertex 18.07431524246931 21.862357392907143 2.6
    endloop
  endfacet
  facet normal 0 0 1
    outer loop
      vertex -21.899999998509884 17.5 2.6
      vertex 21.75007363408804 18.63880379498005 2.6
      vertex 21.565069943666458 19.183807104825974 2.6
    endloop
  endfacet
  facet normal 0 0 1
    outer loop
      vertex -21.862357392907143 18.07431524246931 2.6
      vertex 21.565069943666458 19.183807104825974 2.6
      vertex 21.310511775314808 19.700000002980232 2.6
    endloop
  endfacet
  facet normal 0 0 1
    outer loop
      vertex -21.310511775314808 19.700000002980232 2.6
      vertex 20.61126983910799 20.61126983910799 2.6
      vertex 20.17855028808117 20.990754693746567 2.6
    endloop
  endfacet
  facet normal 0 0 1
    outer loop
      vertex -21.75007363408804 18.63880379498005 2.6
      vertex 21.310511775314808 19.700000002980232 2.6
      vertex 20.990754693746567 20.17855028808117 2.6
    endloop
  endfacet
  facet normal 0 0 1
    outer loop
      vertex -21.565069943666458 19.183807104825974 2.6
      vertex 20.990754693746567 20.17855028808117 2.6
      vertex 20.61126983910799 20.61126983910799 2.6
    endloop
  endfacet
  facet normal 0 0 1
    outer loop
      vertex -20.61126983910799 20.61126983910799 2.6
      vertex 19.700000002980232 21.310511775314808 2.6
      vertex 19.183807104825974 21.565069943666458 2.6
    endloop
  endfacet
  facet normal 0 0 1
    outer loop
      vertex -20.990754693746567 20.17855028808117 2.6
      vertex 20.17855028808117 20.990754693746567 2.6
      vertex 19.700000002980232 21.310511775314808 2.6
    endloop
  endfacet
  facet normal 0 0 1
    outer loop
      vertex -20.17855028808117 20.990754693746567 2.6
      vertex 19.183807104825974 21.565069943666458 2.6
      vertex 18.63880379498005 21.75007363408804 2.6
    endloop
  endfacet
  facet normal 0 -1 0
    outer loop
      vertex -17.5 21.899999998509884 2.6
      vertex 17.5 21.899999998509884 2.6
      vertex 17.5 21.899999998509884 14
    endloop
  endfacet
  facet normal -0.0654031220742139 -0.9978589237076277 0
    outer loop
      vertex 17.5 21.899999998509884 2.6
      vertex 18.07431524246931 21.862357392907143 2.6
      vertex 18.07431524246931 21.862357392907143 14
    endloop
  endfacet
  facet normal -0.1950903295045591 -0.9807852789136889 0
    outer loop
      vertex 18.07431524246931 21.862357392907143 2.6
      vertex 18.63880379498005 21.75007363408804 2.6
      vertex 18.63880379498005 21.75007363408804 14
    endloop
  endfacet
  facet normal -0.3214394587593589 -0.9469301317164274 0
    outer loop
      vertex 18.63880379498005 21.75007363408804 2.6
      vertex 19.183807104825974 21.565069943666458 2.6
      vertex 19.183807104825974 21.565069943666458 14
    endloop
  endfacet
  facet normal -0.44228869256281184 -0.8968727403768488 0
    outer loop
      vertex 19.183807104825974 21.565069943666458 2.6
      vertex 19.700000002980232 21.310511775314808 2.6
      vertex 19.700000002980232 21.310511775314808 14
    endloop
  endfacet
  facet normal -0.5555702376965599 -0.8314696091775019 0
    outer loop
      vertex 19.700000002980232 21.310511775314808 2.6
      vertex 20.17855028808117 20.990754693746567 2.6
      vertex 20.17855028808117 20.990754693746567 14
    endloop
  endfacet
  facet normal -0.6593458085308508 -0.751839813240027 0
    outer loop
      vertex 20.17855028808117 20.990754693746567 2.6
      vertex 20.61126983910799 20.61126983910799 2.6
      vertex 20.61126983910799 20.61126983910799 14
    endloop
  endfacet
  facet normal -0.9978589237076277 -0.0654031220742139 0
    outer loop
      vertex 21.899999998509884 17.5 2.6
      vertex 21.899999998509884 17.5 14
      vertex 21.862357392907143 18.07431524246931 2.6
    endloop
  endfacet
  facet normal -0.9807852789136889 -0.1950903295045591 0
    outer loop
      vertex 21.862357392907143 18.07431524246931 2.6
      vertex 21.862357392907143 18.07431524246931 14
      vertex 21.75007363408804 18.63880379498005 2.6
    endloop
  endfacet
  facet normal -0.9469301317164274 -0.3214394587593589 0
    outer loop
      vertex 21.75007363408804 18.63880379498005 2.6
      vertex 21.75007363408804 18.63880379498005 14
      vertex 21.565069943666458 19.183807104825974 2.6
    endloop
  endfacet
  facet normal -0.751839813240027 -0.6593458085308508 0
    outer loop
      vertex 20.990754693746567 20.17855028808117 2.6
      vertex 20.990754693746567 20.17855028808117 14
      vertex 20.61126983910799 20.61126983910799 2.6
    endloop
  endfacet
  facet normal -0.8314696091775019 -0.5555702376965599 0
    outer loop
      vertex 20.990754693746567 20.17855028808117 2.6
      vertex 21.310511775314808 19.700000002980232 2.6
      vertex 21.310511775314808 19.700000002980232 14
    endloop
  endfacet
  facet normal -0.8968727403768488 -0.44228869256281184 0
    outer loop
      vertex 21.565069943666458 19.183807104825974 2.6
      vertex 21.565069943666458 19.183807104825974 14
      vertex 21.310511775314808 19.700000002980232 2.6
    endloop
  endfacet
  facet normal -1 0 0
    outer loop
      vertex 21.899999998509884 -17.5 14
      vertex 21.899999998509884 17.5 14
      vertex 21.899999998509884 17.5 2.6
    endloop
  endfacet
  facet normal -0.0654031220742139 -0.9978589237076277 0
    outer loop
      vertex 17.5 21.899999998509884 2.6
      vertex 18.07431524246931 21.862357392907143 14
      vertex 17.5 21.899999998509884 14
    endloop
  endfacet
  facet normal -0.1950903295045591 -0.9807852789136889 0
    outer loop
      vertex 18.07431524246931 21.862357392907143 2.6
      vertex 18.63880379498005 21.75007363408804 14
      vertex 18.07431524246931 21.862357392907143 14
    endloop
  endfacet
  facet normal -0.3214394587593589 -0.9469301317164274 0
    outer loop
      vertex 18.63880379498005 21.75007363408804 2.6
      vertex 19.183807104825974 21.565069943666458 14
      vertex 18.63880379498005 21.75007363408804 14
    endloop
  endfacet
  facet normal -0.44228869256281184 -0.8968727403768488 0
    outer loop
      vertex 19.183807104825974 21.565069943666458 2.6
      vertex 19.700000002980232 21.310511775314808 14
      vertex 19.183807104825974 21.565069943666458 14
    endloop
  endfacet
  facet normal -0.5555702376965599 -0.8314696091775019 0
    outer loop
      vertex 19.700000002980232 21.310511775314808 2.6
      vertex 20.17855028808117 20.990754693746567 14
      vertex 19.700000002980232 21.310511775314808 14
    endloop
  endfacet
  facet normal -0.6593458085308508 -0.751839813240027 0
    outer loop
      vertex 20.17855028808117 20.990754693746567 2.6
      vertex 20.61126983910799 20.61126983910799 14
      vertex 20.17855028808117 20.990754693746567 14
    endloop
  endfacet
  facet normal -0.9978589237076277 -0.0654031220742139 0
    outer loop
      vertex 21.862357392907143 18.07431524246931 2.6
      vertex 21.899999998509884 17.5 14
      vertex 21.862357392907143 18.07431524246931 14
    endloop
  endfacet
  facet normal -0.9469301317164274 -0.3214394587593589 0
    outer loop
      vertex 21.565069943666458 19.183807104825974 2.6
      vertex 21.75007363408804 18.63880379498005 14
      vertex 21.565069943666458 19.183807104825974 14
    endloop
  endfacet
  facet normal -0.9807852789136889 -0.1950903295045591 0
    outer loop
      vertex 21.75007363408804 18.63880379498005 2.6
      vertex 21.862357392907143 18.07431524246931 14
      vertex 21.75007363408804 18.63880379498005 14
    endloop
  endfacet
  facet normal -0.751839813240027 -0.6593458085308508 0
    outer loop
      vertex 20.61126983910799 20.61126983910799 2.6
      vertex 20.990754693746567 20.17855028808117 14
      vertex 20.61126983910799 20.61126983910799 14
    endloop
  endfacet
  facet normal -0.8314696091775019 -0.5555702376965599 0
    outer loop
      vertex 20.990754693746567 20.17855028808117 2.6
      vertex 21.310511775314808 19.700000002980232 14
      vertex 20.990754693746567 20.17855028808117 14
    endloop
  endfacet
  facet normal -0.8968727403768488 -0.44228869256281184 0
    outer loop
      vertex 21.310511775314808 19.700000002980232 2.6
      vertex 21.565069943666458 19.183807104825974 14
      vertex 21.310511775314808 19.700000002980232 14
    endloop
  endfacet
  facet normal 0.8746196477084519 0.48480972746258233 0
    outer loop
      vertex -11.755644395947456 -10.23574136197567 1
      vertex -11.748034454882145 -10.249470055103302 0
      vertex -11.755644395947456 -10.23574136197567 0
    endloop
  endfacet
  facet normal 0.9044551459004193 0.42656873895569436 0
    outer loop
      vertex -12.179708138108253 -9.336597569286823 1
      vertex -11.755644395947456 -10.23574136197567 0
      vertex -12.179708138108253 -9.336597569286823 0
    endloop
  endfacet
  facet normal 0.9304175992957235 0.36650114722983135 0
    outer loop
      vertex -12.185461014509201 -9.321993038058281 1
      vertex -12.179708138108253 -9.336597569286823 0
      vertex -12.185461014509201 -9.321993038058281 0
    endloop
  endfacet
  facet normal 0.8746196477084519 0.48480972746258233 0
    outer loop
      vertex -11.755644395947456 -10.23574136197567 1
      vertex -11.748034454882145 -10.249470055103302 1
      vertex -11.748034454882145 -10.249470055103302 0
    endloop
  endfacet
  facet normal 0.9044551459004193 0.42656873895569436 0
    outer loop
      vertex -12.179708138108253 -9.336597569286823 1
      vertex -11.755644395947456 -10.23574136197567 1
      vertex -11.755644395947456 -10.23574136197567 0
    endloop
  endfacet
  facet normal 0.9304175992957235 0.36650114722983135 0
    outer loop
      vertex -12.185461014509201 -9.321993038058281 1
      vertex -12.179708138108253 -9.336597569286823 1
      vertex -12.179708138108253 -9.336597569286823 0
    endloop
  endfacet
  facet normal 0.9523957996428536 0.3048642990293377 0
    outer loop
      vertex -12.185461014509201 -9.321993038058281 1
      vertex -12.185461014509201 -9.321993038058281 0
      vertex -12.488535016775131 -8.375190123915672 1
    endloop
  endfacet
  facet normal 0.9702957042225937 0.2419219840510179 0
    outer loop
      vertex -12.49233240634203 -8.35995963215828 1
      vertex -12.488535016775131 -8.375190123915672 0
      vertex -12.49233240634203 -8.35995963215828 0
    endloop
  endfacet
  facet normal 0.9935718801699267 0.11320299879242003 0
    outer loop
      vertex -12.67100790888071 -7.366101801395416 1
      vertex -12.669230990111828 -7.3816976472735405 0
      vertex -12.67100790888071 -7.366101801395416 0
    endloop
  endfacet
  facet normal 0.9840406976833777 0.17794354526874895 0
    outer loop
      vertex -12.669230990111828 -7.3816976472735405 1
      vertex -12.49233240634203 -8.35995963215828 0
      vertex -12.669230990111828 -7.3816976472735405 0
    endloop
  endfacet
  facet normal 0.9523957996428536 0.3048642990293377 0
    outer loop
      vertex -12.488535016775131 -8.375190123915672 1
      vertex -12.185461014509201 -9.321993038058281 0
      vertex -12.488535016775131 -8.375190123915672 0
    endloop
  endfacet
  facet normal 0.9702957042225937 0.2419219840510179 0
    outer loop
      vertex -12.49233240634203 -8.35995963215828 1
      vertex -12.488535016775131 -8.375190123915672 1
      vertex -12.488535016775131 -8.375190123915672 0
    endloop
  endfacet
  facet normal 0.9840406976833777 0.17794354526874895 0
    outer loop
      vertex -12.49233240634203 -8.35995963215828 1
      vertex -12.49233240634203 -8.35995963215828 0
      vertex -12.669230990111828 -7.3816976472735405 1
    endloop
  endfacet
  facet normal 0.9935718801699267 0.11320299879242003 0
    outer loop
      vertex -12.67100790888071 -7.366101801395416 1
      vertex -12.669230990111828 -7.3816976472735405 1
      vertex -12.669230990111828 -7.3816976472735405 0
    endloop
  endfacet
  facet normal 0.998848386404257 0.04797813020129082 0
    outer loop
      vertex -12.718704290688038 -6.373119086027145 1
      vertex -12.67100790888071 -7.366101801395416 0
      vertex -12.718704290688038 -6.373119086027145 0
    endloop
  endfacet
  facet normal 0.9998476987260178 -0.017452201932319795 0
    outer loop
      vertex -12.71843034774065 -6.357424721121788 1
      vertex -12.718704290688038 -6.373119086027145 0
      vertex -12.71843034774065 -6.357424721121788 0
    endloop
  endfacet
  facet normal 0.998848386404257 0.04797813020129082 0
    outer loop
      vertex -12.67100790888071 -7.366101801395416 1
      vertex -12.67100790888071 -7.366101801395416 0
      vertex -12.718704290688038 -6.373119086027145 1
    endloop
  endfacet
  facet normal 0.9998476987260178 -0.017452201932319795 0
    outer loop
      vertex -12.718704290688038 -6.373119086027145 1
      vertex -12.718704290688038 -6.373119086027145 0
      vertex -12.71843034774065 -6.357424721121788 1
    endloop
  endfacet
  facet normal 0.9965655020263658 -0.0828082131852732 0
    outer loop
      vertex -12.71843034774065 -6.357424721121788 1
      vertex -12.71843034774065 -6.357424721121788 0
      vertex -12.636108420789242 -5.366711489856243 1
    endloop
  endfacet
  facet normal 0.9965655020263658 -0.0828082131852732 0
    outer loop
      vertex -12.636108420789242 -5.366711489856243 1
      vertex -12.71843034774065 -6.357424721121788 0
      vertex -12.636108420789242 -5.366711489856243 0
    endloop
  endfacet
  facet normal 0.9890158795919598 -0.14780930253181593 0
    outer loop
      vertex -12.633788295090199 -5.351187154650688 1
      vertex -12.636108420789242 -5.366711489856243 0
      vertex -12.633788295090199 -5.351187154650688 0
    endloop
  endfacet
  facet normal 0.9772311062195027 -0.21217767327644757 0
    outer loop
      vertex -12.422856621444225 -4.379694774746895 1
      vertex -12.633788295090199 -5.351187154650688 0
      vertex -12.422856621444225 -4.379694774746895 0
    endloop
  endfacet
  facet normal 0.9890158795919598 -0.14780930253181593 0
    outer loop
      vertex -12.633788295090199 -5.351187154650688 1
      vertex -12.636108420789242 -5.366711489856243 1
      vertex -12.636108420789242 -5.366711489856243 0
    endloop
  endfacet
  facet normal 0.9772311062195027 -0.21217767327644757 0
    outer loop
      vertex -12.633788295090199 -5.351187154650688 1
      vertex -12.633788295090199 -5.351187154650688 0
      vertex -12.422856621444225 -4.379694774746895 1
    endloop
  endfacet
  facet normal 0.9758910571832895 -0.21825820605347623 0
    outer loop
      vertex -12.42253065854311 -4.378237307071686 1
      vertex -12.422856621444225 -4.379694774746895 0
      vertex -12.42253065854311 -4.378237307071686 0
    endloop
  endfacet
  facet normal 0.9758910571832895 -0.21825820605347623 0
    outer loop
      vertex -12.42253065854311 -4.378237307071686 1
      vertex -12.422856621444225 -4.379694774746895 1
      vertex -12.422856621444225 -4.379694774746895 0
    endloop
  endfacet
  facet normal 0.7193397084795587 0.6946584655818595 0
    outer loop
      vertex -10.558570377528667 -11.856938488781452 1
      vertex -10.547666497528553 -11.868229784071445 0
      vertex -10.558570377528667 -11.856938488781452 0
    endloop
  endfacet
  facet normal 0.6723668061001014 0.7402181286990671 0
    outer loop
      vertex -10.547666497528553 -11.868229784071445 1
      vertex -9.811795249581337 -12.536648161709309 0
      vertex -10.547666497528553 -11.868229784071445 0
    endloop
  endfacet
  facet normal 0.7193397084795587 0.6946584655818595 0
    outer loop
      vertex -10.558570377528667 -11.856938488781452 1
      vertex -10.547666497528553 -11.868229784071445 1
      vertex -10.547666497528553 -11.868229784071445 0
    endloop
  endfacet
  facet normal 0.6225149237409658 0.7826079284800146 0
    outer loop
      vertex -9.811795249581337 -12.536648161709309 1
      vertex -9.799510851502419 -12.546419620513916 0
      vertex -9.811795249581337 -12.536648161709309 0
    endloop
  endfacet
  facet normal 0.5699967664336972 0.8216469352800686 0
    outer loop
      vertex -9.799510851502419 -12.546419620513916 1
      vertex -8.98268898576498 -13.113069117069244 0
      vertex -9.799510851502419 -12.546419620513916 0
    endloop
  endfacet
  facet normal 0.5150380184895564 0.8571673346029649 0
    outer loop
      vertex -8.98268898576498 -13.113069117069244 1
      vertex -8.969234243035316 -13.12115354090929 0
      vertex -8.98268898576498 -13.113069117069244 0
    endloop
  endfacet
  facet normal 0.6225149237409658 0.7826079284800146 0
    outer loop
      vertex -9.799510851502419 -12.546419620513916 1
      vertex -9.799510851502419 -12.546419620513916 0
      vertex -9.811795249581337 -12.536648161709309 1
    endloop
  endfacet
  facet normal 0.6723668061001014 0.7402181286990671 0
    outer loop
      vertex -9.811795249581337 -12.536648161709309 1
      vertex -9.811795249581337 -12.536648161709309 0
      vertex -10.547666497528553 -11.868229784071445 1
    endloop
  endfacet
  facet normal 0.5699967664336972 0.8216469352800686 0
    outer loop
      vertex -9.799510851502419 -12.546419620513916 1
      vertex -8.98268898576498 -13.113069117069244 1
      vertex -8.98268898576498 -13.113069117069244 0
    endloop
  endfacet
  facet normal 0.5150380184895564 0.8571673346029649 0
    outer loop
      vertex -8.98268898576498 -13.113069117069244 1
      vertex -8.969234243035316 -13.12115354090929 1
      vertex -8.969234243035316 -13.12115354090929 0
    endloop
  endfacet
  facet normal 0.45787391337986416 0.8890171423803979 0
    outer loop
      vertex -8.969234243035316 -13.12115354090929 1
      vertex -8.085437797009945 -13.57633861899376 0
      vertex -8.969234243035316 -13.12115354090929 0
    endloop
  endfacet
  facet normal 0.3987492646089503 0.9170599892994031 0
    outer loop
      vertex -8.085437797009945 -13.57633861899376 1
      vertex -8.07104293256998 -13.582597687840462 0
      vertex -8.085437797009945 -13.57633861899376 0
    endloop
  endfacet
  facet normal 0.3379167153511385 0.9411760162086036 0
    outer loop
      vertex -8.07104293256998 -13.582597687840462 1
      vertex -7.135393910109997 -13.918530009686947 0
      vertex -8.07104293256998 -13.582597687840462 0
    endloop
  endfacet
  facet normal 0.45787391337986416 0.8890171423803979 0
    outer loop
      vertex -8.969234243035316 -13.12115354090929 1
      vertex -8.085437797009945 -13.57633861899376 1
      vertex -8.085437797009945 -13.57633861899376 0
    endloop
  endfacet
  facet normal 0.3987492646089503 0.9170599892994031 0
    outer loop
      vertex -8.085437797009945 -13.57633861899376 1
      vertex -8.07104293256998 -13.582597687840462 1
      vertex -8.07104293256998 -13.582597687840462 0
    endloop
  endfacet
  facet normal 0.3379167153511385 0.9411760162086036 0
    outer loop
      vertex -8.07104293256998 -13.582597687840462 1
      vertex -7.135393910109997 -13.918530009686947 1
      vertex -7.135393910109997 -13.918530009686947 0
    endloop
  endfacet
  facet normal 0.21217767327644757 0.9772311062195027 0
    outer loop
      vertex -7.120305225253105 -13.922856621444225 1
      vertex -6.148812845349312 -14.133788295090199 0
      vertex -7.120305225253105 -13.922856621444225 0
    endloop
  endfacet
  facet normal 0.275637414530925 0.9612616791023696 0
    outer loop
      vertex -7.135393910109997 -13.918530009686947 1
      vertex -7.120305225253105 -13.922856621444225 0
      vertex -7.135393910109997 -13.918530009686947 0
    endloop
  endfacet
  facet normal 0.14780930253181593 0.9890158795919598 0
    outer loop
      vertex -6.148812845349312 -14.133788295090199 1
      vertex -6.133288510143757 -14.136108420789242 0
      vertex -6.148812845349312 -14.133788295090199 0
    endloop
  endfacet
  facet normal 0.275637414530925 0.9612616791023696 0
    outer loop
      vertex -7.135393910109997 -13.918530009686947 1
      vertex -7.120305225253105 -13.922856621444225 1
      vertex -7.120305225253105 -13.922856621444225 0
    endloop
  endfacet
  facet normal 0.21217767327644757 0.9772311062195027 0
    outer loop
      vertex -7.120305225253105 -13.922856621444225 1
      vertex -6.148812845349312 -14.133788295090199 1
      vertex -6.148812845349312 -14.133788295090199 0
    endloop
  endfacet
  facet normal 0.14780930253181593 0.9890158795919598 0
    outer loop
      vertex -6.148812845349312 -14.133788295090199 1
      vertex -6.133288510143757 -14.136108420789242 1
      vertex -6.133288510143757 -14.136108420789242 0
    endloop
  endfacet
  facet normal 0 0 -1
    outer loop
      vertex -8.98268898576498 -13.113069117069244 1
      vertex -0.40181194245815277 -12.70090003311634 1
      vertex -8.969234243035316 -13.12115354090929 1
    endloop
  endfacet
  facet normal 0 0 -1
    outer loop
      vertex -9.799510851502419 -12.546419620513916 1
      vertex 0.3569384887814522 -12.058570377528667 1
      vertex -8.98268898576498 -13.113069117069244 1
    endloop
  endfacet
  facet normal 0 0 -1
    outer loop
      vertex -9.799510851502419 -12.546419620513916 1
      vertex -9.811795249581337 -12.536648161709309 1
      vertex 0.36822978407144547 -12.047666497528553 1
    endloop
  endfacet
  facet normal 0 0 -1
    outer loop
      vertex -9.811795249581337 -12.536648161709309 1
      vertex -10.547666497528553 -11.868229784071445 1
      vertex 1.0366481617093086 -11.311795249581337 1
    endloop
  endfacet
  facet normal 0.0828082131852732 0.9965655020263658 0
    outer loop
      vertex -6.133288510143757 -14.136108420789242 1
      vertex -5.142575278878212 -14.21843034774065 0
      vertex -6.133288510143757 -14.136108420789242 0
    endloop
  endfacet
  facet normal 0.017452201932319795 0.9998476987260178 0
    outer loop
      vertex -5.142575278878212 -14.21843034774065 1
      vertex -5.126880913972855 -14.218704290688038 0
      vertex -5.142575278878212 -14.21843034774065 0
    endloop
  endfacet
  facet normal -0.04797813020129082 0.998848386404257 0
    outer loop
      vertex -5.126880913972855 -14.218704290688038 1
      vertex -4.133898198604584 -14.17100790888071 0
      vertex -5.126880913972855 -14.218704290688038 0
    endloop
  endfacet
  facet normal 0.0828082131852732 0.9965655020263658 0
    outer loop
      vertex -6.133288510143757 -14.136108420789242 1
      vertex -5.142575278878212 -14.21843034774065 1
      vertex -5.142575278878212 -14.21843034774065 0
    endloop
  endfacet
  facet normal 0.017452201932319795 0.9998476987260178 0
    outer loop
      vertex -5.142575278878212 -14.21843034774065 1
      vertex -5.126880913972855 -14.218704290688038 1
      vertex -5.126880913972855 -14.218704290688038 0
    endloop
  endfacet
  facet normal -0.04797813020129082 0.998848386404257 0
    outer loop
      vertex -5.126880913972855 -14.218704290688038 1
      vertex -4.133898198604584 -14.17100790888071 1
      vertex -4.133898198604584 -14.17100790888071 0
    endloop
  endfacet
  facet normal -0.11320299879242003 0.9935718801699267 0
    outer loop
      vertex -4.133898198604584 -14.17100790888071 1
      vertex -4.1183023527264595 -14.169230990111828 0
      vertex -4.133898198604584 -14.17100790888071 0
    endloop
  endfacet
  facet normal -0.17794354526874895 0.9840406976833777 0
    outer loop
      vertex -4.1183023527264595 -14.169230990111828 1
      vertex -3.1400403678417206 -13.99233240634203 0
      vertex -4.1183023527264595 -14.169230990111828 0
    endloop
  endfacet
  facet normal -0.2419219840510179 0.9702957042225937 0
    outer loop
      vertex -3.1400403678417206 -13.99233240634203 1
      vertex -3.1248098760843277 -13.988535016775131 0
      vertex -3.1400403678417206 -13.99233240634203 0
    endloop
  endfacet
  facet normal -0.11320299879242003 0.9935718801699267 0
    outer loop
      vertex -4.133898198604584 -14.17100790888071 1
      vertex -4.1183023527264595 -14.169230990111828 1
      vertex -4.1183023527264595 -14.169230990111828 0
    endloop
  endfacet
  facet normal -0.17794354526874895 0.9840406976833777 0
    outer loop
      vertex -4.1183023527264595 -14.169230990111828 1
      vertex -3.1400403678417206 -13.99233240634203 1
      vertex -3.1400403678417206 -13.99233240634203 0
    endloop
  endfacet
  facet normal -0.2419219840510179 0.9702957042225937 0
    outer loop
      vertex -3.1400403678417206 -13.99233240634203 1
      vertex -3.1248098760843277 -13.988535016775131 1
      vertex -3.1248098760843277 -13.988535016775131 0
    endloop
  endfacet
  facet normal 0 0 -1
    outer loop
      vertex -8.085437797009945 -13.57633861899376 1
      vertex -1.250529944896698 -13.248034454882145 1
      vertex -8.07104293256998 -13.582597687840462 1
    endloop
  endfacet
  facet normal 0 0 -1
    outer loop
      vertex -7.135393910109997 -13.918530009686947 1
      vertex -2.1634024307131767 -13.679708138108253 1
      vertex -7.120305225253105 -13.922856621444225 1
    endloop
  endfacet
  facet normal 0 0 -1
    outer loop
      vertex -7.120305225253105 -13.922856621444225 1
      vertex -2.178006961941719 -13.685461014509201 1
      vertex -6.148812845349312 -14.133788295090199 1
    endloop
  endfacet
  facet normal 0 0 -1
    outer loop
      vertex -8.07104293256998 -13.582597687840462 1
      vertex -1.2642586380243301 -13.255644395947456 1
      vertex -7.135393910109997 -13.918530009686947 1
    endloop
  endfacet
  facet normal 0 0 -1
    outer loop
      vertex -6.148812845349312 -14.133788295090199 1
      vertex -3.1248098760843277 -13.988535016775131 1
      vertex -6.133288510143757 -14.136108420789242 1
    endloop
  endfacet
  facet normal 0 0 -1
    outer loop
      vertex -5.142575278878212 -14.21843034774065 1
      vertex -4.1183023527264595 -14.169230990111828 1
      vertex -5.126880913972855 -14.218704290688038 1
    endloop
  endfacet
  facet normal 0 0 -1
    outer loop
      vertex -6.133288510143757 -14.136108420789242 1
      vertex -3.1400403678417206 -13.99233240634203 1
      vertex -5.142575278878212 -14.21843034774065 1
    endloop
  endfacet
  facet normal 0 0 -1
    outer loop
      vertex -5.126880913972855 -14.218704290688038 1
      vertex -4.1183023527264595 -14.169230990111828 1
      vertex -4.133898198604584 -14.17100790888071 1
    endloop
  endfacet
  facet normal 0 0 -1
    outer loop
      vertex -8.969234243035316 -13.12115354090929 1
      vertex -0.4144298806786537 -12.710236817598343 1
      vertex -8.085437797009945 -13.57633861899376 1
    endloop
  endfacet
  facet normal 0 0 -1
    outer loop
      vertex -5.142575278878212 -14.21843034774065 1
      vertex -3.1400403678417206 -13.99233240634203 1
      vertex -4.1183023527264595 -14.169230990111828 1
    endloop
  endfacet
  facet normal 0 0 -1
    outer loop
      vertex -6.133288510143757 -14.136108420789242 1
      vertex -3.1248098760843277 -13.988535016775131 1
      vertex -3.1400403678417206 -13.99233240634203 1
    endloop
  endfacet
  facet normal 0 0 -1
    outer loop
      vertex -6.148812845349312 -14.133788295090199 1
      vertex -2.178006961941719 -13.685461014509201 1
      vertex -3.1248098760843277 -13.988535016775131 1
    endloop
  endfacet
  facet normal 0 0 -1
    outer loop
      vertex -7.120305225253105 -13.922856621444225 1
      vertex -2.1634024307131767 -13.679708138108253 1
      vertex -2.178006961941719 -13.685461014509201 1
    endloop
  endfacet
  facet normal 0 0 -1
    outer loop
      vertex -7.135393910109997 -13.918530009686947 1
      vertex -1.2642586380243301 -13.255644395947456 1
      vertex -2.1634024307131767 -13.679708138108253 1
    endloop
  endfacet
  facet normal 0 0 -1
    outer loop
      vertex -8.07104293256998 -13.582597687840462 1
      vertex -1.250529944896698 -13.248034454882145 1
      vertex -1.2642586380243301 -13.255644395947456 1
    endloop
  endfacet
  facet normal 0 0 -1
    outer loop
      vertex -8.085437797009945 -13.57633861899376 1
      vertex -0.4144298806786537 -12.710236817598343 1
      vertex -1.250529944896698 -13.248034454882145 1
    endloop
  endfacet
  facet normal 0 0 -1
    outer loop
      vertex -8.969234243035316 -13.12115354090929 1
      vertex -0.40181194245815277 -12.70090003311634 1
      vertex -0.4144298806786537 -12.710236817598343 1
    endloop
  endfacet
  facet normal 0 0 -1
    outer loop
      vertex -8.98268898576498 -13.113069117069244 1
      vertex 0.3569384887814522 -12.058570377528667 1
      vertex -0.40181194245815277 -12.70090003311634 1
    endloop
  endfacet
  facet normal 0 0 -1
    outer loop
      vertex -9.799510851502419 -12.546419620513916 1
      vertex 0.36822978407144547 -12.047666497528553 1
      vertex 0.3569384887814522 -12.058570377528667 1
    endloop
  endfacet
  facet normal -0.3048642990293377 0.9523957996428536 0
    outer loop
      vertex -3.1248098760843277 -13.988535016775131 1
      vertex -2.178006961941719 -13.685461014509201 0
      vertex -3.1248098760843277 -13.988535016775131 0
    endloop
  endfacet
  facet normal -0.36650114722983135 0.9304175992957235 0
    outer loop
      vertex -2.178006961941719 -13.685461014509201 1
      vertex -2.1634024307131767 -13.679708138108253 0
      vertex -2.178006961941719 -13.685461014509201 0
    endloop
  endfacet
  facet normal -0.42656873895569436 0.9044551459004193 0
    outer loop
      vertex -2.1634024307131767 -13.679708138108253 1
      vertex -1.2642586380243301 -13.255644395947456 0
      vertex -2.1634024307131767 -13.679708138108253 0
    endloop
  endfacet
  facet normal -0.3048642990293377 0.9523957996428536 0
    outer loop
      vertex -3.1248098760843277 -13.988535016775131 1
      vertex -2.178006961941719 -13.685461014509201 1
      vertex -2.178006961941719 -13.685461014509201 0
    endloop
  endfacet
  facet normal -0.36650114722983135 0.9304175992957235 0
    outer loop
      vertex -2.178006961941719 -13.685461014509201 1
      vertex -2.1634024307131767 -13.679708138108253 1
      vertex -2.1634024307131767 -13.679708138108253 0
    endloop
  endfacet
  facet normal -0.42656873895569436 0.9044551459004193 0
    outer loop
      vertex -2.1634024307131767 -13.679708138108253 1
      vertex -1.2642586380243301 -13.255644395947456 1
      vertex -1.2642586380243301 -13.255644395947456 0
    endloop
  endfacet
  facet normal -0.48480972746258233 0.8746196477084519 0
    outer loop
      vertex -1.2642586380243301 -13.255644395947456 1
      vertex -1.250529944896698 -13.248034454882145 0
      vertex -1.2642586380243301 -13.255644395947456 0
    endloop
  endfacet
  facet normal -0.48480972746258233 0.8746196477084519 0
    outer loop
      vertex -1.2642586380243301 -13.255644395947456 1
      vertex -1.250529944896698 -13.248034454882145 1
      vertex -1.250529944896698 -13.248034454882145 0
    endloop
  endfacet
  facet normal -0.5409744745698339 0.8410390109048999 0
    outer loop
      vertex -1.250529944896698 -13.248034454882145 1
      vertex -0.4144298806786537 -12.710236817598343 0
      vertex -1.250529944896698 -13.248034454882145 0
    endloop
  endfacet
  facet normal -0.594822842397299 0.8038568194413716 0
    outer loop
      vertex -0.4144298806786537 -12.710236817598343 1
      vertex -0.40181194245815277 -12.70090003311634 0
      vertex -0.4144298806786537 -12.710236817598343 0
    endloop
  endfacet
  facet normal -0.6461239806106188 0.7632324689633486 0
    outer loop
      vertex -0.40181194245815277 -12.70090003311634 1
      vertex 0.3569384887814522 -12.058570377528667 0
      vertex -0.40181194245815277 -12.70090003311634 0
    endloop
  endfacet
  facet normal -0.5409744745698339 0.8410390109048999 0
    outer loop
      vertex -1.250529944896698 -13.248034454882145 1
      vertex -0.4144298806786537 -12.710236817598343 1
      vertex -0.4144298806786537 -12.710236817598343 0
    endloop
  endfacet
  facet normal -0.594822842397299 0.8038568194413716 0
    outer loop
      vertex -0.4144298806786537 -12.710236817598343 1
      vertex -0.40181194245815277 -12.70090003311634 1
      vertex -0.40181194245815277 -12.70090003311634 0
    endloop
  endfacet
  facet normal 0 0 -1
    outer loop
      vertex -9.811795249581337 -12.536648161709309 1
      vertex 1.0366481617093086 -11.311795249581337 1
      vertex 0.36822978407144547 -12.047666497528553 1
    endloop
  endfacet
  facet normal 0.8038568194413716 0.594822842397299 0
    outer loop
      vertex -11.210236817598343 -11.085570119321346 1
      vertex -11.20090003311634 -11.098188057541847 0
      vertex -11.210236817598343 -11.085570119321346 0
    endloop
  endfacet
  facet normal 0.8410390109048999 0.5409744745698339 0
    outer loop
      vertex -11.748034454882145 -10.249470055103302 1
      vertex -11.210236817598343 -11.085570119321346 0
      vertex -11.748034454882145 -10.249470055103302 0
    endloop
  endfacet
  facet normal 0.7632324689633486 0.6461239806106188 0
    outer loop
      vertex -11.20090003311634 -11.098188057541847 1
      vertex -10.558570377528667 -11.856938488781452 0
      vertex -11.20090003311634 -11.098188057541847 0
    endloop
  endfacet
  facet normal 0.8038568194413716 0.594822842397299 0
    outer loop
      vertex -11.210236817598343 -11.085570119321346 1
      vertex -11.20090003311634 -11.098188057541847 1
      vertex -11.20090003311634 -11.098188057541847 0
    endloop
  endfacet
  facet normal 0.8410390109048999 0.5409744745698339 0
    outer loop
      vertex -11.210236817598343 -11.085570119321346 1
      vertex -11.210236817598343 -11.085570119321346 0
      vertex -11.748034454882145 -10.249470055103302 1
    endloop
  endfacet
  facet normal 0.7632324689633486 0.6461239806106188 0
    outer loop
      vertex -11.20090003311634 -11.098188057541847 1
      vertex -10.558570377528667 -11.856938488781452 1
      vertex -10.558570377528667 -11.856938488781452 0
    endloop
  endfacet
  facet normal 0 0 -1
    outer loop
      vertex -10.558570377528667 -11.856938488781452 1
      vertex 1.046419620513916 -11.299510851502419 1
      vertex -10.547666497528553 -11.868229784071445 1
    endloop
  endfacet
  facet normal 0 0 -1
    outer loop
      vertex -11.20090003311634 -11.098188057541847 1
      vertex 1.6130691170692444 -10.48268898576498 1
      vertex -10.558570377528667 -11.856938488781452 1
    endloop
  endfacet
  facet normal 0 0 -1
    outer loop
      vertex -11.210236817598343 -11.085570119321346 1
      vertex 1.6211535409092903 -10.469234243035316 1
      vertex -11.20090003311634 -11.098188057541847 1
    endloop
  endfacet
  facet normal 0 0 -1
    outer loop
      vertex -11.210236817598343 -11.085570119321346 1
      vertex -11.748034454882145 -10.249470055103302 1
      vertex 2.076338618993759 -9.585437797009945 1
    endloop
  endfacet
  facet normal 0 0 -1
    outer loop
      vertex -11.755644395947456 -10.23574136197567 1
      vertex 2.0825976878404617 -9.57104293256998 1
      vertex -11.748034454882145 -10.249470055103302 1
    endloop
  endfacet
  facet normal 0 0 -1
    outer loop
      vertex -12.179708138108253 -9.336597569286823 1
      vertex 2.418530009686947 -8.635393910109997 1
      vertex -11.755644395947456 -10.23574136197567 1
    endloop
  endfacet
  facet normal 0 0 -1
    outer loop
      vertex -12.185461014509201 -9.321993038058281 1
      vertex 2.4228566214442253 -8.620305225253105 1
      vertex -12.179708138108253 -9.336597569286823 1
    endloop
  endfacet
  facet normal 0 0 -1
    outer loop
      vertex -12.185461014509201 -9.321993038058281 1
      vertex -12.488535016775131 -8.375190123915672 1
      vertex 2.6337882950901985 -7.648812845349312 1
    endloop
  endfacet
  facet normal 0 0 -1
    outer loop
      vertex -12.49233240634203 -8.35995963215828 1
      vertex 2.636108420789242 -7.633288510143757 1
      vertex -12.488535016775131 -8.375190123915672 1
    endloop
  endfacet
  facet normal 0 0 -1
    outer loop
      vertex -12.49233240634203 -8.35995963215828 1
      vertex -12.669230990111828 -7.3816976472735405 1
      vertex 2.71843034774065 -6.642575278878212 1
    endloop
  endfacet
  facet normal 0 0 -1
    outer loop
      vertex -12.67100790888071 -7.366101801395416 1
      vertex 2.718704290688038 -6.626880913972855 1
      vertex -12.669230990111828 -7.3816976472735405 1
    endloop
  endfacet
  facet normal 0 0 -1
    outer loop
      vertex -12.67100790888071 -7.366101801395416 1
      vertex -12.718704290688038 -6.373119086027145 1
      vertex 2.6710079088807106 -5.633898198604584 1
    endloop
  endfacet
  facet normal 0 0 -1
    outer loop
      vertex -12.718704290688038 -6.373119086027145 1
      vertex -12.71843034774065 -6.357424721121788 1
      vertex 2.669230990111828 -5.6183023527264595 1
    endloop
  endfacet
  facet normal 0.9745147846709582 -0.22432328113175393 0
    outer loop
      vertex -12.42253065854311 -4.378237307071686 1
      vertex -12.42253065854311 -4.378237307071686 0
      vertex -9.68725784868002 7.504451729357243 1
    endloop
  endfacet
  facet normal 0 0 -1
    outer loop
      vertex -12.71843034774065 -6.357424721121788 1
      vertex -12.636108420789242 -5.366711489856243 1
      vertex 2.4923324063420296 -4.640040367841721 1
    endloop
  endfacet
  facet normal 0 0 -1
    outer loop
      vertex -12.633788295090199 -5.351187154650688 1
      vertex 2.4885350167751312 -4.624809876084328 1
      vertex -12.636108420789242 -5.366711489856243 1
    endloop
  endfacet
  facet normal 0 0 -1
    outer loop
      vertex -12.633788295090199 -5.351187154650688 1
      vertex -12.422856621444225 -4.379694774746895 1
      vertex 2.185461014509201 -3.678006961941719 1
    endloop
  endfacet
  facet normal 0 0 -1
    outer loop
      vertex -12.42253065854311 -4.378237307071686 1
      vertex 2.1797081381082535 -3.6634024307131767 1
      vertex -12.422856621444225 -4.379694774746895 1
    endloop
  endfacet
  facet normal 0 0 -1
    outer loop
      vertex -10.547666497528553 -11.868229784071445 1
      vertex 1.046419620513916 -11.299510851502419 1
      vertex 1.0366481617093086 -11.311795249581337 1
    endloop
  endfacet
  facet normal 0 0 -1
    outer loop
      vertex -10.558570377528667 -11.856938488781452 1
      vertex 1.6130691170692444 -10.48268898576498 1
      vertex 1.046419620513916 -11.299510851502419 1
    endloop
  endfacet
  facet normal 0 0 -1
    outer loop
      vertex -11.20090003311634 -11.098188057541847 1
      vertex 1.6211535409092903 -10.469234243035316 1
      vertex 1.6130691170692444 -10.48268898576498 1
    endloop
  endfacet
  facet normal 0 0 -1
    outer loop
      vertex -11.210236817598343 -11.085570119321346 1
      vertex 2.076338618993759 -9.585437797009945 1
      vertex 1.6211535409092903 -10.469234243035316 1
    endloop
  endfacet
  facet normal 0 0 -1
    outer loop
      vertex -11.748034454882145 -10.249470055103302 1
      vertex 2.0825976878404617 -9.57104293256998 1
      vertex 2.076338618993759 -9.585437797009945 1
    endloop
  endfacet
  facet normal 0 0 -1
    outer loop
      vertex -11.755644395947456 -10.23574136197567 1
      vertex 2.418530009686947 -8.635393910109997 1
      vertex 2.0825976878404617 -9.57104293256998 1
    endloop
  endfacet
  facet normal 0 0 -1
    outer loop
      vertex -12.179708138108253 -9.336597569286823 1
      vertex 2.4228566214442253 -8.620305225253105 1
      vertex 2.418530009686947 -8.635393910109997 1
    endloop
  endfacet
  facet normal 0 0 -1
    outer loop
      vertex -12.185461014509201 -9.321993038058281 1
      vertex 2.6337882950901985 -7.648812845349312 1
      vertex 2.4228566214442253 -8.620305225253105 1
    endloop
  endfacet
  facet normal 0 0 -1
    outer loop
      vertex -12.488535016775131 -8.375190123915672 1
      vertex 2.636108420789242 -7.633288510143757 1
      vertex 2.6337882950901985 -7.648812845349312 1
    endloop
  endfacet
  facet normal 0 0 -1
    outer loop
      vertex -12.49233240634203 -8.35995963215828 1
      vertex 2.71843034774065 -6.642575278878212 1
      vertex 2.636108420789242 -7.633288510143757 1
    endloop
  endfacet
  facet normal 0 0 -1
    outer loop
      vertex -12.669230990111828 -7.3816976472735405 1
      vertex 2.718704290688038 -6.626880913972855 1
      vertex 2.71843034774065 -6.642575278878212 1
    endloop
  endfacet
  facet normal 0 0 -1
    outer loop
      vertex -12.67100790888071 -7.366101801395416 1
      vertex 2.6710079088807106 -5.633898198604584 1
      vertex 2.718704290688038 -6.626880913972855 1
    endloop
  endfacet
  facet normal 0 0 -1
    outer loop
      vertex -12.718704290688038 -6.373119086027145 1
      vertex 2.669230990111828 -5.6183023527264595 1
      vertex 2.6710079088807106 -5.633898198604584 1
    endloop
  endfacet
  facet normal 0 0 -1
    outer loop
      vertex -12.71843034774065 -6.357424721121788 1
      vertex 2.4923324063420296 -4.640040367841721 1
      vertex 2.669230990111828 -5.6183023527264595 1
    endloop
  endfacet
  facet normal 0 0 -1
    outer loop
      vertex -12.633788295090199 -5.351187154650688 1
      vertex 2.185461014509201 -3.678006961941719 1
      vertex 2.4885350167751312 -4.624809876084328 1
    endloop
  endfacet
  facet normal 0 0 -1
    outer loop
      vertex -12.636108420789242 -5.366711489856243 1
      vertex 2.4885350167751312 -4.624809876084328 1
      vertex 2.4923324063420296 -4.640040367841721 1
    endloop
  endfacet
  facet normal 0 0 -1
    outer loop
      vertex -12.422856621444225 -4.379694774746895 1
      vertex 2.1797081381082535 -3.6634024307131767 1
      vertex 2.185461014509201 -3.678006961941719 1
    endloop
  endfacet
  facet normal 0 0 -1
    outer loop
      vertex -12.42253065854311 -4.378237307071686 1
      vertex 1.7556443959474564 -2.76425863802433 1
      vertex 2.1797081381082535 -3.6634024307131767 1
    endloop
  endfacet
  facet normal 0.9745147846709582 -0.22432328113175393 0
    outer loop
      vertex -9.68725784868002 7.504451729357243 1
      vertex -12.42253065854311 -4.378237307071686 0
      vertex -9.68725784868002 7.504451729357243 0
    endloop
  endfacet
  facet normal 0 0 -1
    outer loop
      vertex -12.42253065854311 -4.378237307071686 1
      vertex -9.68725784868002 7.504451729357243 1
      vertex 1.7556443959474564 -2.76425863802433 1
    endloop
  endfacet
  facet normal 0 0 -1
    outer loop
      vertex -9.683257199823856 7.518082946538925 1
      vertex -9.629508025944233 7.667786784470081 1
      vertex 1.210236817598343 -1.9144298806786537 1
    endloop
  endfacet
  facet normal 0 0 -1
    outer loop
      vertex -9.62324895709753 7.682181641459465 1
      vertex 1.2009000331163406 -1.9018119424581528 1
      vertex -9.629508025944233 7.667786784470081 1
    endloop
  endfacet
  facet normal 0 0 -1
    outer loop
      vertex -9.62324895709753 7.682181641459465 1
      vertex -9.550419345498085 7.823589086532593 1
      vertex 0.5585703775286674 -1.1430615112185478 1
    endloop
  endfacet
  facet normal 0 0 -1
    outer loop
      vertex -9.542334921658039 7.837043821811676 1
      vertex 0.5575983300805092 -1.1419276669621468 1
      vertex -9.550419345498085 7.823589086532593 1
    endloop
  endfacet
  facet normal 0.9595279335249169 -0.28161346698161044 0
    outer loop
      vertex -9.683257199823856 7.518082946538925 1
      vertex -9.68725784868002 7.504451729357243 0
      vertex -9.683257199823856 7.518082946538925 0
    endloop
  endfacet
  facet normal 0.9411760073764525 -0.33791673995071625 0
    outer loop
      vertex -9.629508025944233 7.667786784470081 1
      vertex -9.683257199823856 7.518082946538925 0
      vertex -9.629508025944233 7.667786784470081 0
    endloop
  endfacet
  facet normal 0.9170599138283592 -0.39874943818032205 0
    outer loop
      vertex -9.62324895709753 7.682181641459465 1
      vertex -9.629508025944233 7.667786784470081 0
      vertex -9.62324895709753 7.682181641459465 0
    endloop
  endfacet
  facet normal 0.8890171627375911 -0.4578738738539288 0
    outer loop
      vertex -9.550419345498085 7.823589086532593 1
      vertex -9.62324895709753 7.682181641459465 0
      vertex -9.550419345498085 7.823589086532593 0
    endloop
  endfacet
  facet normal 0.8571672086932695 -0.5150382280384526 0
    outer loop
      vertex -9.542334921658039 7.837043821811676 1
      vertex -9.550419345498085 7.823589086532593 0
      vertex -9.542334921658039 7.837043821811676 0
    endloop
  endfacet
  facet normal 0.8216469566410798 -0.5699967356419259 0
    outer loop
      vertex -9.45167100429535 7.967735327780247 1
      vertex -9.542334921658039 7.837043821811676 0
      vertex -9.45167100429535 7.967735327780247 0
    endloop
  endfacet
  facet normal 0.7826081124215348 -0.6225146924948858 0
    outer loop
      vertex -9.441899545490742 7.980019733309746 1
      vertex -9.45167100429535 7.967735327780247 0
      vertex -9.441899545490742 7.980019733309746 0
    endloop
  endfacet
  facet normal 0.740218098532288 -0.6723668393111337 0
    outer loop
      vertex -9.334952600300312 8.097759127616882 1
      vertex -9.441899545490742 7.980019733309746 0
      vertex -9.334952600300312 8.097759127616882 0
    endloop
  endfacet
  facet normal 0.6946584571546898 -0.7193397166175841 0
    outer loop
      vertex -9.3236613124609 8.108663000166416 1
      vertex -9.334952600300312 8.097759127616882 0
      vertex -9.3236613124609 8.108663000166416 0
    endloop
  endfacet
  facet normal 0.6461240093289125 -0.7632324446515174 0
    outer loop
      vertex -9.202261246740818 8.211435750126839 1
      vertex -9.3236613124609 8.108663000166416 0
      vertex -9.202261246740818 8.211435750126839 0
    endloop
  endfacet
  facet normal 0.5948226154387016 -0.803856987381874 0
    outer loop
      vertex -9.189643301069736 8.220772534608841 1
      vertex -9.202261246740818 8.211435750126839 0
      vertex -9.189643301069736 8.220772534608841 0
    endloop
  endfacet
  facet normal 0.5409744791983048 -0.8410390079277673 0
    outer loop
      vertex -9.055867284536362 8.306820161640644 1
      vertex -9.189643301069736 8.220772534608841 0
      vertex -9.055867284536362 8.306820161640644 0
    endloop
  endfacet
  facet normal 0.4848095656349919 -0.8746197374109566 0
    outer loop
      vertex -9.04213859885931 8.314430095255375 1
      vertex -9.055867284536362 8.306820161640644 0
      vertex -9.04213859885931 8.314430095255375 0
    endloop
  endfacet
  facet normal 0.4265687175846155 -0.9044551559796742 0
    outer loop
      vertex -8.898275591433048 8.3822802901268 1
      vertex -9.04213859885931 8.314430095255375 0
      vertex -8.898275591433048 8.3822802901268 0
    endloop
  endfacet
  facet normal 0.36650114722983135 -0.9304175992957235 0
    outer loop
      vertex -8.883671060204506 8.388033166527748 1
      vertex -8.898275591433048 8.3822802901268 0
      vertex -8.883671060204506 8.388033166527748 0
    endloop
  endfacet
  facet normal 0.9595279335249169 -0.28161346698161044 0
    outer loop
      vertex -9.68725784868002 7.504451729357243 1
      vertex -9.68725784868002 7.504451729357243 0
      vertex -9.683257199823856 7.518082946538925 1
    endloop
  endfacet
  facet normal 0.9411760073764525 -0.33791673995071625 0
    outer loop
      vertex -9.683257199823856 7.518082946538925 1
      vertex -9.683257199823856 7.518082946538925 0
      vertex -9.629508025944233 7.667786784470081 1
    endloop
  endfacet
  facet normal 0.9170599138283592 -0.39874943818032205 0
    outer loop
      vertex -9.62324895709753 7.682181641459465 1
      vertex -9.629508025944233 7.667786784470081 1
      vertex -9.629508025944233 7.667786784470081 0
    endloop
  endfacet
  facet normal 0.8890171627375911 -0.4578738738539288 0
    outer loop
      vertex -9.62324895709753 7.682181641459465 1
      vertex -9.62324895709753 7.682181641459465 0
      vertex -9.550419345498085 7.823589086532593 1
    endloop
  endfacet
  facet normal 0.8571672086932695 -0.5150382280384526 0
    outer loop
      vertex -9.542334921658039 7.837043821811676 1
      vertex -9.550419345498085 7.823589086532593 1
      vertex -9.550419345498085 7.823589086532593 0
    endloop
  endfacet
  facet normal 0.8216469566410798 -0.5699967356419259 0
    outer loop
      vertex -9.542334921658039 7.837043821811676 1
      vertex -9.542334921658039 7.837043821811676 0
      vertex -9.45167100429535 7.967735327780247 1
    endloop
  endfacet
  facet normal 0.7826081124215348 -0.6225146924948858 0
    outer loop
      vertex -9.45167100429535 7.967735327780247 1
      vertex -9.45167100429535 7.967735327780247 0
      vertex -9.441899545490742 7.980019733309746 1
    endloop
  endfacet
  facet normal 0.740218098532288 -0.6723668393111337 0
    outer loop
      vertex -9.441899545490742 7.980019733309746 1
      vertex -9.441899545490742 7.980019733309746 0
      vertex -9.334952600300312 8.097759127616882 1
    endloop
  endfacet
  facet normal 0.6946584571546898 -0.7193397166175841 0
    outer loop
      vertex -9.3236613124609 8.108663000166416 1
      vertex -9.334952600300312 8.097759127616882 1
      vertex -9.334952600300312 8.097759127616882 0
    endloop
  endfacet
  facet normal 0.6461240093289125 -0.7632324446515174 0
    outer loop
      vertex -9.3236613124609 8.108663000166416 1
      vertex -9.3236613124609 8.108663000166416 0
      vertex -9.202261246740818 8.211435750126839 1
    endloop
  endfacet
  facet normal 0.5948226154387016 -0.803856987381874 0
    outer loop
      vertex -9.202261246740818 8.211435750126839 1
      vertex -9.202261246740818 8.211435750126839 0
      vertex -9.189643301069736 8.220772534608841 1
    endloop
  endfacet
  facet normal 0.5409744791983048 -0.8410390079277673 0
    outer loop
      vertex -9.189643301069736 8.220772534608841 1
      vertex -9.189643301069736 8.220772534608841 0
      vertex -9.055867284536362 8.306820161640644 1
    endloop
  endfacet
  facet normal 0.4848095656349919 -0.8746197374109566 0
    outer loop
      vertex -9.04213859885931 8.314430095255375 1
      vertex -9.055867284536362 8.306820161640644 1
      vertex -9.055867284536362 8.306820161640644 0
    endloop
  endfacet
  facet normal 0.4265687175846155 -0.9044551559796742 0
    outer loop
      vertex -9.04213859885931 8.314430095255375 1
      vertex -9.04213859885931 8.314430095255375 0
      vertex -8.898275591433048 8.3822802901268 1
    endloop
  endfacet
  facet normal 0.36650114722983135 -0.9304175992957235 0
    outer loop
      vertex -8.898275591433048 8.3822802901268 1
      vertex -8.898275591433048 8.3822802901268 0
      vertex -8.883671060204506 8.388033166527748 1
    endloop
  endfacet
  facet normal 0.30486431106080153 -0.9523957957915516 0
    outer loop
      vertex -8.883671060204506 8.388033166527748 1
      vertex -8.883671060204506 8.388033166527748 0
      vertex -8.73218259215355 8.436525009572506 1
    endloop
  endfacet
  facet normal 0.30486431106080153 -0.9523957957915516 0
    outer loop
      vertex -8.73218259215355 8.436525009572506 1
      vertex -8.883671060204506 8.388033166527748 0
      vertex -8.73218259215355 8.436525009572506 0
    endloop
  endfacet
  facet normal 0.2419219840510179 -0.9702957042225937 0
    outer loop
      vertex -8.716952100396156 8.440322399139404 1
      vertex -8.73218259215355 8.436525009572506 0
      vertex -8.716952100396156 8.440322399139404 0
    endloop
  endfacet
  facet normal 0.17794353932379559 -0.9840406987584003 0
    outer loop
      vertex -8.560430184006691 8.46862617135048 1
      vertex -8.716952100396156 8.440322399139404 0
      vertex -8.560430184006691 8.46862617135048 0
    endloop
  endfacet
  facet normal 0.11320299879242003 -0.9935718801699267 0
    outer loop
      vertex -8.544834338128567 8.470403090119362 1
      vertex -8.560430184006691 8.46862617135048 0
      vertex -8.544834338128567 8.470403090119362 0
    endloop
  endfacet
  facet normal -0.21217765461759566 -0.9772311102707364 0
    outer loop
      vertex -8.040785506367683 8.428519867360592 1
      vertex -8.196224294602871 8.462268933653831 0
      vertex -8.040785506367683 8.428519867360592 0
    endloop
  endfacet
  facet normal 0.04797812894422238 -0.9988483864646384 0
    outer loop
      vertex -8.385957099497318 8.478034511208534 1
      vertex -8.544834338128567 8.470403090119362 0
      vertex -8.385957099497318 8.478034511208534 0
    endloop
  endfacet
  facet normal -0.017452201932319795 -0.9998476987260178 0
    outer loop
      vertex -8.370262734591961 8.477760568261147 1
      vertex -8.385957099497318 8.478034511208534 0
      vertex -8.370262734591961 8.477760568261147 0
    endloop
  endfacet
  facet normal -0.08280821938080263 -0.9965655015115569 0
    outer loop
      vertex -8.211748622357845 8.464589059352875 1
      vertex -8.370262734591961 8.477760568261147 0
      vertex -8.211748622357845 8.464589059352875 0
    endloop
  endfacet
  facet normal -0.14780937192001314 -0.9890158692218296 0
    outer loop
      vertex -8.196224294602871 8.462268933653831 1
      vertex -8.211748622357845 8.464589059352875 0
      vertex -8.196224294602871 8.462268933653831 0
    endloop
  endfacet
  facet normal -0.7150033133024641 -0.6991210638841446 0
    outer loop
      vertex -7.4360888078808784 8.065731212496758 1
      vertex -7.446020640432835 8.07588867098093 0
      vertex -7.4360888078808784 8.065731212496758 0
    endloop
  endfacet
  facet normal -0.275637414530925 -0.9612616791023696 0
    outer loop
      vertex -8.025696821510792 8.424193255603313 1
      vertex -8.040785506367683 8.428519867360592 0
      vertex -8.025696821510792 8.424193255603313 0
    endloop
  endfacet
  facet normal -0.3379167250533819 -0.9411760127251423 0
    outer loop
      vertex -7.875992976129055 8.37044408172369 1
      vertex -8.025696821510792 8.424193255603313 0
      vertex -7.875992976129055 8.37044408172369 0
    endloop
  endfacet
  facet normal -0.3987492646089503 -0.9170599892994031 0
    outer loop
      vertex -7.861598111689091 8.364185012876987 1
      vertex -7.875992976129055 8.37044408172369 0
      vertex -7.861598111689091 8.364185012876987 0
    endloop
  endfacet
  facet normal -0.45787391198807453 -0.8890171430972166 0
    outer loop
      vertex -7.720190681517124 8.291355401277542 1
      vertex -7.861598111689091 8.364185012876987 0
      vertex -7.720190681517124 8.291355401277542 0
    endloop
  endfacet
  facet normal -0.5150382280384526 -0.8571672086932695 0
    outer loop
      vertex -7.706735946238041 8.283270977437496 1
      vertex -7.720190681517124 8.291355401277542 0
      vertex -7.706735946238041 8.283270977437496 0
    endloop
  endfacet
  facet normal -0.5699967575793503 -0.8216469414225477 0
    outer loop
      vertex -7.576044447720051 8.192607060074806 1
      vertex -7.706735946238041 8.283270977437496 0
      vertex -7.576044447720051 8.192607060074806 0
    endloop
  endfacet
  facet normal -0.6225144017787074 -0.7826083436675705 0
    outer loop
      vertex -7.563760042190552 8.18283560872078 1
      vertex -7.576044447720051 8.192607060074806 0
      vertex -7.563760042190552 8.18283560872078 0
    endloop
  endfacet
  facet normal -0.6723667903329923 -0.7402181430209004 0
    outer loop
      vertex -7.446020640432835 8.07588867098093 1
      vertex -7.563760042190552 8.18283560872078 0
      vertex -7.446020640432835 8.07588867098093 0
    endloop
  endfacet
  facet normal 0.2419219840510179 -0.9702957042225937 0
    outer loop
      vertex -8.73218259215355 8.436525009572506 1
      vertex -8.73218259215355 8.436525009572506 0
      vertex -8.716952100396156 8.440322399139404 1
    endloop
  endfacet
  facet normal 0.17794353932379559 -0.9840406987584003 0
    outer loop
      vertex -8.716952100396156 8.440322399139404 1
      vertex -8.716952100396156 8.440322399139404 0
      vertex -8.560430184006691 8.46862617135048 1
    endloop
  endfacet
  facet normal 0.11320299879242003 -0.9935718801699267 0
    outer loop
      vertex -8.560430184006691 8.46862617135048 1
      vertex -8.560430184006691 8.46862617135048 0
      vertex -8.544834338128567 8.470403090119362 1
    endloop
  endfacet
  facet normal 0.04797812894422238 -0.9988483864646384 0
    outer loop
      vertex -8.544834338128567 8.470403090119362 1
      vertex -8.544834338128567 8.470403090119362 0
      vertex -8.385957099497318 8.478034511208534 1
    endloop
  endfacet
  facet normal -0.017452201932319795 -0.9998476987260178 0
    outer loop
      vertex -8.385957099497318 8.478034511208534 1
      vertex -8.385957099497318 8.478034511208534 0
      vertex -8.370262734591961 8.477760568261147 1
    endloop
  endfacet
  facet normal -0.08280821938080263 -0.9965655015115569 0
    outer loop
      vertex -8.370262734591961 8.477760568261147 1
      vertex -8.370262734591961 8.477760568261147 0
      vertex -8.211748622357845 8.464589059352875 1
    endloop
  endfacet
  facet normal -0.14780937192001314 -0.9890158692218296 0
    outer loop
      vertex -8.196224294602871 8.462268933653831 1
      vertex -8.211748622357845 8.464589059352875 1
      vertex -8.211748622357845 8.464589059352875 0
    endloop
  endfacet
  facet normal -0.21217765461759566 -0.9772311102707364 0
    outer loop
      vertex -8.040785506367683 8.428519867360592 1
      vertex -8.196224294602871 8.462268933653831 1
      vertex -8.196224294602871 8.462268933653831 0
    endloop
  endfacet
  facet normal -0.7150033133024641 -0.6991210638841446 0
    outer loop
      vertex -7.446020640432835 8.07588867098093 1
      vertex -7.446020640432835 8.07588867098093 0
      vertex -7.4360888078808784 8.065731212496758 1
    endloop
  endfacet
  facet normal -0.275637414530925 -0.9612616791023696 0
    outer loop
      vertex -8.040785506367683 8.428519867360592 1
      vertex -8.040785506367683 8.428519867360592 0
      vertex -8.025696821510792 8.424193255603313 1
    endloop
  endfacet
  facet normal -0.3379167250533819 -0.9411760127251423 0
    outer loop
      vertex -8.025696821510792 8.424193255603313 1
      vertex -8.025696821510792 8.424193255603313 0
      vertex -7.875992976129055 8.37044408172369 1
    endloop
  endfacet
  facet normal -0.45787391198807453 -0.8890171430972166 0
    outer loop
      vertex -7.861598111689091 8.364185012876987 1
      vertex -7.861598111689091 8.364185012876987 0
      vertex -7.720190681517124 8.291355401277542 1
    endloop
  endfacet
  facet normal -0.3987492646089503 -0.9170599892994031 0
    outer loop
      vertex -7.861598111689091 8.364185012876987 1
      vertex -7.875992976129055 8.37044408172369 1
      vertex -7.875992976129055 8.37044408172369 0
    endloop
  endfacet
  facet normal -0.5150382280384526 -0.8571672086932695 0
    outer loop
      vertex -7.706735946238041 8.283270977437496 1
      vertex -7.720190681517124 8.291355401277542 1
      vertex -7.720190681517124 8.291355401277542 0
    endloop
  endfacet
  facet normal -0.5699967575793503 -0.8216469414225477 0
    outer loop
      vertex -7.576044447720051 8.192607060074806 1
      vertex -7.706735946238041 8.283270977437496 1
      vertex -7.706735946238041 8.283270977437496 0
    endloop
  endfacet
  facet normal -0.6225144017787074 -0.7826083436675705 0
    outer loop
      vertex -7.576044447720051 8.192607060074806 1
      vertex -7.576044447720051 8.192607060074806 0
      vertex -7.563760042190552 8.18283560872078 1
    endloop
  endfacet
  facet normal -0.6723667903329923 -0.7402181430209004 0
    outer loop
      vertex -7.563760042190552 8.18283560872078 1
      vertex -7.563760042190552 8.18283560872078 0
      vertex -7.446020640432835 8.07588867098093 1
    endloop
  endfacet
  facet normal 0 0 -1
    outer loop
      vertex -9.542334921658039 7.837043821811676 1
      vertex -9.45167100429535 7.967735327780247 1
      vertex -7.4360888078808784 8.065731212496758 1
    endloop
  endfacet
  facet normal 0 0 -1
    outer loop
      vertex -9.45167100429535 7.967735327780247 1
      vertex -9.441899545490742 7.980019733309746 1
      vertex -7.446020640432835 8.07588867098093 1
    endloop
  endfacet
  facet normal 0 0 -1
    outer loop
      vertex -9.45167100429535 7.967735327780247 1
      vertex -7.446020640432835 8.07588867098093 1
      vertex -7.4360888078808784 8.065731212496758 1
    endloop
  endfacet
  facet normal 0 0 -1
    outer loop
      vertex -9.441899545490742 7.980019733309746 1
      vertex -9.334952600300312 8.097759127616882 1
      vertex -7.563760042190552 8.18283560872078 1
    endloop
  endfacet
  facet normal 0 0 -1
    outer loop
      vertex -9.3236613124609 8.108663000166416 1
      vertex -7.576044447720051 8.192607060074806 1
      vertex -9.334952600300312 8.097759127616882 1
    endloop
  endfacet
  facet normal 0 0 -1
    outer loop
      vertex -9.3236613124609 8.108663000166416 1
      vertex -9.202261246740818 8.211435750126839 1
      vertex -7.706735946238041 8.283270977437496 1
    endloop
  endfacet
  facet normal 0 0 -1
    outer loop
      vertex -9.202261246740818 8.211435750126839 1
      vertex -9.189643301069736 8.220772534608841 1
      vertex -7.720190681517124 8.291355401277542 1
    endloop
  endfacet
  facet normal 0 0 -1
    outer loop
      vertex -9.189643301069736 8.220772534608841 1
      vertex -9.055867284536362 8.306820161640644 1
      vertex -7.861598111689091 8.364185012876987 1
    endloop
  endfacet
  facet normal 0 0 -1
    outer loop
      vertex -9.04213859885931 8.314430095255375 1
      vertex -7.875992976129055 8.37044408172369 1
      vertex -9.055867284536362 8.306820161640644 1
    endloop
  endfacet
  facet normal 0 0 -1
    outer loop
      vertex -9.04213859885931 8.314430095255375 1
      vertex -8.898275591433048 8.3822802901268 1
      vertex -8.025696821510792 8.424193255603313 1
    endloop
  endfacet
  facet normal 0 0 -1
    outer loop
      vertex -8.898275591433048 8.3822802901268 1
      vertex -8.883671060204506 8.388033166527748 1
      vertex -8.040785506367683 8.428519867360592 1
    endloop
  endfacet
  facet normal 0 0 -1
    outer loop
      vertex -8.883671060204506 8.388033166527748 1
      vertex -8.73218259215355 8.436525009572506 1
      vertex -8.196224294602871 8.462268933653831 1
    endloop
  endfacet
  facet normal 0 0 -1
    outer loop
      vertex -8.73218259215355 8.436525009572506 1
      vertex -8.716952100396156 8.440322399139404 1
      vertex -8.211748622357845 8.464589059352875 1
    endloop
  endfacet
  facet normal 0 0 -1
    outer loop
      vertex -8.716952100396156 8.440322399139404 1
      vertex -8.560430184006691 8.46862617135048 1
      vertex -8.370262734591961 8.477760568261147 1
    endloop
  endfacet
  facet normal 0 0 -1
    outer loop
      vertex -8.560430184006691 8.46862617135048 1
      vertex -8.544834338128567 8.470403090119362 1
      vertex -8.385957099497318 8.478034511208534 1
    endloop
  endfacet
  facet normal 0 0 -1
    outer loop
      vertex -8.883671060204506 8.388033166527748 1
      vertex -8.196224294602871 8.462268933653831 1
      vertex -8.040785506367683 8.428519867360592 1
    endloop
  endfacet
  facet normal 0 0 -1
    outer loop
      vertex -9.055867284536362 8.306820161640644 1
      vertex -7.875992976129055 8.37044408172369 1
      vertex -7.861598111689091 8.364185012876987 1
    endloop
  endfacet
  facet normal 0 0 -1
    outer loop
      vertex -9.04213859885931 8.314430095255375 1
      vertex -8.025696821510792 8.424193255603313 1
      vertex -7.875992976129055 8.37044408172369 1
    endloop
  endfacet
  facet normal 0 0 -1
    outer loop
      vertex -8.898275591433048 8.3822802901268 1
      vertex -8.040785506367683 8.428519867360592 1
      vertex -8.025696821510792 8.424193255603313 1
    endloop
  endfacet
  facet normal 0 0 -1
    outer loop
      vertex -9.3236613124609 8.108663000166416 1
      vertex -7.706735946238041 8.283270977437496 1
      vertex -7.576044447720051 8.192607060074806 1
    endloop
  endfacet
  facet normal 0 0 -1
    outer loop
      vertex -9.441899545490742 7.980019733309746 1
      vertex -7.563760042190552 8.18283560872078 1
      vertex -7.446020640432835 8.07588867098093 1
    endloop
  endfacet
  facet normal 0 0 -1
    outer loop
      vertex -9.334952600300312 8.097759127616882 1
      vertex -7.576044447720051 8.192607060074806 1
      vertex -7.563760042190552 8.18283560872078 1
    endloop
  endfacet
  facet normal 0 0 -1
    outer loop
      vertex -9.189643301069736 8.220772534608841 1
      vertex -7.861598111689091 8.364185012876987 1
      vertex -7.720190681517124 8.291355401277542 1
    endloop
  endfacet
  facet normal 0 0 -1
    outer loop
      vertex -9.202261246740818 8.211435750126839 1
      vertex -7.720190681517124 8.291355401277542 1
      vertex -7.706735946238041 8.283270977437496 1
    endloop
  endfacet
  facet normal 0 0 -1
    outer loop
      vertex -8.716952100396156 8.440322399139404 1
      vertex -8.370262734591961 8.477760568261147 1
      vertex -8.211748622357845 8.464589059352875 1
    endloop
  endfacet
  facet normal 0 0 -1
    outer loop
      vertex -8.560430184006691 8.46862617135048 1
      vertex -8.385957099497318 8.478034511208534 1
      vertex -8.370262734591961 8.477760568261147 1
    endloop
  endfacet
  facet normal 0 0 -1
    outer loop
      vertex -8.73218259215355 8.436525009572506 1
      vertex -8.211748622357845 8.464589059352875 1
      vertex -8.196224294602871 8.462268933653831 1
    endloop
  endfacet
  facet normal -0.7551320818166836 -0.6555726801897723 0
    outer loop
      vertex -7.4360888078808784 8.065731212496758 1
      vertex -7.4360888078808784 8.065731212496758 0
      vertex 0.5575983300805092 -1.1419276669621468 1
    endloop
  endfacet
  facet normal 0 0 -1
    outer loop
      vertex -9.68725784868002 7.504451729357243 1
      vertex -9.683257199823856 7.518082946538925 1
      vertex 1.748034454882145 -2.750529944896698 1
    endloop
  endfacet
  facet normal 0 0 -1
    outer loop
      vertex -9.542334921658039 7.837043821811676 1
      vertex -7.4360888078808784 8.065731212496758 1
      vertex 0.5575983300805092 -1.1419276669621468 1
    endloop
  endfacet
  facet normal -0.7551320818166836 -0.6555726801897723 0
    outer loop
      vertex 0.5575983300805092 -1.1419276669621468 1
      vertex -7.4360888078808784 8.065731212496758 0
      vertex 0.5575983300805092 -1.1419276669621468 0
    endloop
  endfacet
  facet normal 0 0 -1
    outer loop
      vertex -9.683257199823856 7.518082946538925 1
      vertex 1.210236817598343 -1.9144298806786537 1
      vertex 1.748034454882145 -2.750529944896698 1
    endloop
  endfacet
  facet normal 0 0 -1
    outer loop
      vertex -9.629508025944233 7.667786784470081 1
      vertex 1.2009000331163406 -1.9018119424581528 1
      vertex 1.210236817598343 -1.9144298806786537 1
    endloop
  endfacet
  facet normal 0 0 -1
    outer loop
      vertex -9.68725784868002 7.504451729357243 1
      vertex 1.748034454882145 -2.750529944896698 1
      vertex 1.7556443959474564 -2.76425863802433 1
    endloop
  endfacet
  facet normal 0 0 -1
    outer loop
      vertex -9.62324895709753 7.682181641459465 1
      vertex 0.5585703775286674 -1.1430615112185478 1
      vertex 1.2009000331163406 -1.9018119424581528 1
    endloop
  endfacet
  facet normal 0 0 -1
    outer loop
      vertex -9.550419345498085 7.823589086532593 1
      vertex 0.5575983300805092 -1.1419276669621468 1
      vertex 0.5585703775286674 -1.1430615112185478 1
    endloop
  endfacet
  facet normal -0.6946584655818595 0.7193397084795587 0
    outer loop
      vertex 0.3569384887814522 -12.058570377528667 1
      vertex 0.36822978407144547 -12.047666497528553 0
      vertex 0.3569384887814522 -12.058570377528667 0
    endloop
  endfacet
  facet normal -0.7402181286990671 0.6723668061001014 0
    outer loop
      vertex 0.36822978407144547 -12.047666497528553 1
      vertex 1.0366481617093086 -11.311795249581337 0
      vertex 0.36822978407144547 -12.047666497528553 0
    endloop
  endfacet
  facet normal -0.6461239806106188 0.7632324689633486 0
    outer loop
      vertex -0.40181194245815277 -12.70090003311634 1
      vertex 0.3569384887814522 -12.058570377528667 1
      vertex 0.3569384887814522 -12.058570377528667 0
    endloop
  endfacet
  facet normal -0.6946584655818595 0.7193397084795587 0
    outer loop
      vertex 0.3569384887814522 -12.058570377528667 1
      vertex 0.36822978407144547 -12.047666497528553 1
      vertex 0.36822978407144547 -12.047666497528553 0
    endloop
  endfacet
  facet normal 0.7132504058447624 0.7009093083718334 0
    outer loop
      vertex 6.6266907677054405 -11.821240819990635 1
      vertex 6.637692764401436 -11.83243653178215 0
      vertex 6.6266907677054405 -11.821240819990635 0
    endloop
  endfacet
  facet normal 0.6658816688993583 0.746057372474668 0
    outer loop
      vertex 6.637692764401436 -11.83243653178215 1
      vertex 6.949977479875088 -12.111161299049854 0
      vertex 6.637692764401436 -11.83243653178215 0
    endloop
  endfacet
  facet normal 0.6156615888901902 0.7880106648803724 0
    outer loop
      vertex 6.949977479875088 -12.111161299049854 1
      vertex 6.962346687912941 -12.120825186371803 0
      vertex 6.949977479875088 -12.111161299049854 0
    endloop
  endfacet
  facet normal 0.5628049292951921 0.8265897480377032 0
    outer loop
      vertex 6.962346687912941 -12.120825186371803 1
      vertex 7.308340646326542 -12.356404088437557 0
      vertex 6.962346687912941 -12.120825186371803 0
    endloop
  endfacet
  facet normal 0.5075384328277368 0.8616291192866945 0
    outer loop
      vertex 7.308340646326542 -12.356404088437557 1
      vertex 7.321865424513817 -12.364370793104172 0
      vertex 7.308340646326542 -12.356404088437557 0
    endloop
  endfacet
  facet normal 0.6156615888901902 0.7880106648803724 0
    outer loop
      vertex 6.962346687912941 -12.120825186371803 1
      vertex 6.962346687912941 -12.120825186371803 0
      vertex 6.949977479875088 -12.111161299049854 1
    endloop
  endfacet
  facet normal 0.7132504058447624 0.7009093083718334 0
    outer loop
      vertex 6.6266907677054405 -11.821240819990635 1
      vertex 6.637692764401436 -11.83243653178215 1
      vertex 6.637692764401436 -11.83243653178215 0
    endloop
  endfacet
  facet normal 0.6658816688993583 0.746057372474668 0
    outer loop
      vertex 6.949977479875088 -12.111161299049854 1
      vertex 6.949977479875088 -12.111161299049854 0
      vertex 6.637692764401436 -11.83243653178215 1
    endloop
  endfacet
  facet normal 0.5075384328277368 0.8616291192866945 0
    outer loop
      vertex 7.308340646326542 -12.356404088437557 1
      vertex 7.321865424513817 -12.364370793104172 1
      vertex 7.321865424513817 -12.364370793104172 0
    endloop
  endfacet
  facet normal 0.5628049292951921 0.8265897480377032 0
    outer loop
      vertex 6.962346687912941 -12.120825186371803 1
      vertex 7.308340646326542 -12.356404088437557 1
      vertex 7.308340646326542 -12.356404088437557 0
    endloop
  endfacet
  facet normal 0.39073101406597094 0.9205049020222424 0
    outer loop
      vertex 7.695648573338985 -12.552773006260395 1
      vertex 7.710097506642342 -12.558906212449074 0
      vertex 7.695648573338985 -12.552773006260395 0
    endloop
  endfacet
  facet normal 0.32969064595918757 0.9440890201495904 0
    outer loop
      vertex 7.710097506642342 -12.558906212449074 1
      vertex 8.105274312198162 -12.696908131241798 0
      vertex 7.710097506642342 -12.558906212449074 0
    endloop
  endfacet
  facet normal 0.4500984339297261 0.8929789469937172 0
    outer loop
      vertex 7.321865424513817 -12.364370793104172 1
      vertex 7.695648573338985 -12.552773006260395 0
      vertex 7.321865424513817 -12.364370793104172 0
    endloop
  endfacet
  facet normal 0.2672382895270418 0.963630477211395 0
    outer loop
      vertex 8.105274312198162 -12.696908131241798 1
      vertex 8.120400182902813 -12.701102904975414 0
      vertex 8.105274312198162 -12.696908131241798 0
    endloop
  endfacet
  facet normal 0.20364175473474844 0.979045471736912 0
    outer loop
      vertex 8.120400182902813 -12.701102904975414 1
      vertex 8.530209064483643 -12.786343276500702 0
      vertex 8.120400182902813 -12.701102904975414 0
    endloop
  endfacet
  facet normal 0.1391729184600357 0.9902680943902595 0
    outer loop
      vertex 8.530209064483643 -12.786343276500702 1
      vertex 8.545753054320812 -12.788527838885784 0
      vertex 8.530209064483643 -12.786343276500702 0
    endloop
  endfacet
  facet normal 0.07410849401437669 0.9972501848156866 0
    outer loop
      vertex 8.545753054320812 -12.788527838885784 1
      vertex 8.96318206936121 -12.819548174738884 0
      vertex 8.545753054320812 -12.788527838885784 0
    endloop
  endfacet
  facet normal 0.4500984339297261 0.8929789469937172 0
    outer loop
      vertex 7.695648573338985 -12.552773006260395 1
      vertex 7.695648573338985 -12.552773006260395 0
      vertex 7.321865424513817 -12.364370793104172 1
    endloop
  endfacet
  facet normal 0.39073101406597094 0.9205049020222424 0
    outer loop
      vertex 7.695648573338985 -12.552773006260395 1
      vertex 7.710097506642342 -12.558906212449074 1
      vertex 7.710097506642342 -12.558906212449074 0
    endloop
  endfacet
  facet normal 0.32969064595918757 0.9440890201495904 0
    outer loop
      vertex 7.710097506642342 -12.558906212449074 1
      vertex 8.105274312198162 -12.696908131241798 1
      vertex 8.105274312198162 -12.696908131241798 0
    endloop
  endfacet
  facet normal 0.2672382895270418 0.963630477211395 0
    outer loop
      vertex 8.105274312198162 -12.696908131241798 1
      vertex 8.120400182902813 -12.701102904975414 1
      vertex 8.120400182902813 -12.701102904975414 0
    endloop
  endfacet
  facet normal 0.20364175473474844 0.979045471736912 0
    outer loop
      vertex 8.120400182902813 -12.701102904975414 1
      vertex 8.530209064483643 -12.786343276500702 1
      vertex 8.530209064483643 -12.786343276500702 0
    endloop
  endfacet
  facet normal 0.1391729184600357 0.9902680943902595 0
    outer loop
      vertex 8.530209064483643 -12.786343276500702 1
      vertex 8.545753054320812 -12.788527838885784 1
      vertex 8.545753054320812 -12.788527838885784 0
    endloop
  endfacet
  facet normal 0 0 -1
    outer loop
      vertex 7.695648573338985 -12.552773006260395 1
      vertex 10.641550585627556 -12.38549256324768 1
      vertex 7.710097506642342 -12.558906212449074 1
    endloop
  endfacet
  facet normal 0 0 -1
    outer loop
      vertex 6.962346687912941 -12.120825186371803 1
      vertex 6.949977479875088 -12.111161299049854 1
      vertex 11.33243653178215 -11.862307235598564 1
    endloop
  endfacet
  facet normal 0 0 -1
    outer loop
      vertex 6.949977479875088 -12.111161299049854 1
      vertex 6.637692764401436 -11.83243653178215 1
      vertex 11.611161299049854 -11.550022520124912 1
    endloop
  endfacet
  facet normal 0 0 -1
    outer loop
      vertex 7.308340646326542 -12.356404088437557 1
      vertex 11.004139244556427 -12.146541431546211 1
      vertex 7.321865424513817 -12.364370793104172 1
    endloop
  endfacet
  facet normal 0 0 -1
    outer loop
      vertex 7.695648573338985 -12.552773006260395 1
      vertex 7.321865424513817 -12.364370793104172 1
      vertex 10.991603262722492 -12.155987970530987 1
    endloop
  endfacet
  facet normal 0 0 -1
    outer loop
      vertex 6.962346687912941 -12.120825186371803 1
      vertex 11.321240819990635 -11.87330923229456 1
      vertex 7.308340646326542 -12.356404088437557 1
    endloop
  endfacet
  facet normal 0.008726578295681223 0.999961922690684 0
    outer loop
      vertex 8.96318206936121 -12.819548174738884 1
      vertex 8.97887822240591 -12.819685153663158 0
      vertex 8.96318206936121 -12.819548174738884 0
    endloop
  endfacet
  facet normal -0.056692796024155126 0.998391670076911 0
    outer loop
      vertex 8.97887822240591 -12.819685153663158 1
      vertex 9.396785028278828 -12.795954681932926 0
      vertex 8.97887822240591 -12.819685153663158 0
    endloop
  endfacet
  facet normal -0.12186924201456187 0.9925461640905154 0
    outer loop
      vertex 9.396785028278828 -12.795954681932926 1
      vertex 9.412364780902863 -12.794041730463505 0
      vertex 9.396785028278828 -12.795954681932926 0
    endloop
  endfacet
  facet normal -0.18652403780000912 0.9824503973854256 0
    outer loop
      vertex 9.412364780902863 -12.794041730463505 1
      vertex 9.823598898947239 -12.715966492891312 0
      vertex 9.412364780902863 -12.794041730463505 0
    endloop
  endfacet
  facet normal -0.25037996846737814 0.9681476495815474 0
    outer loop
      vertex 9.823598898947239 -12.715966492891312 1
      vertex 9.83879566937685 -12.712036341428757 0
      vertex 9.823598898947239 -12.715966492891312 0
    endloop
  endfacet
  facet normal -0.31316380513321285 0.9496991266472172 0
    outer loop
      vertex 9.83879566937685 -12.712036341428757 1
      vertex 10.23632075637579 -12.580952227115631 0
      vertex 9.83879566937685 -12.712036341428757 0
    endloop
  endfacet
  facet normal -0.37460629599296047 0.9271839747334046 0
    outer loop
      vertex 10.23632075637579 -12.580952227115631 1
      vertex 10.250874534249306 -12.57507212460041 0
      vertex 10.23632075637579 -12.580952227115631 0
    endloop
  endfacet
  facet normal 0.07410849401437669 0.9972501848156866 0
    outer loop
      vertex 8.545753054320812 -12.788527838885784 1
      vertex 8.96318206936121 -12.819548174738884 1
      vertex 8.96318206936121 -12.819548174738884 0
    endloop
  endfacet
  facet normal 0.008726578295681223 0.999961922690684 0
    outer loop
      vertex 8.96318206936121 -12.819548174738884 1
      vertex 8.97887822240591 -12.819685153663158 1
      vertex 8.97887822240591 -12.819685153663158 0
    endloop
  endfacet
  facet normal -0.056692796024155126 0.998391670076911 0
    outer loop
      vertex 8.97887822240591 -12.819685153663158 1
      vertex 9.396785028278828 -12.795954681932926 1
      vertex 9.396785028278828 -12.795954681932926 0
    endloop
  endfacet
  facet normal -0.12186924201456187 0.9925461640905154 0
    outer loop
      vertex 9.396785028278828 -12.795954681932926 1
      vertex 9.412364780902863 -12.794041730463505 1
      vertex 9.412364780902863 -12.794041730463505 0
    endloop
  endfacet
  facet normal -0.18652403780000912 0.9824503973854256 0
    outer loop
      vertex 9.412364780902863 -12.794041730463505 1
      vertex 9.823598898947239 -12.715966492891312 1
      vertex 9.823598898947239 -12.715966492891312 0
    endloop
  endfacet
  facet normal -0.25037996846737814 0.9681476495815474 0
    outer loop
      vertex 9.823598898947239 -12.715966492891312 1
      vertex 9.83879566937685 -12.712036341428757 1
      vertex 9.83879566937685 -12.712036341428757 0
    endloop
  endfacet
  facet normal -0.31316380513321285 0.9496991266472172 0
    outer loop
      vertex 9.83879566937685 -12.712036341428757 1
      vertex 10.23632075637579 -12.580952227115631 1
      vertex 10.23632075637579 -12.580952227115631 0
    endloop
  endfacet
  facet normal -0.37460629599296047 0.9271839747334046 0
    outer loop
      vertex 10.23632075637579 -12.580952227115631 1
      vertex 10.250874534249306 -12.57507212460041 1
      vertex 10.250874534249306 -12.57507212460041 0
    endloop
  endfacet
  facet normal -0.43444525255924055 0.9006982416596236 0
    outer loop
      vertex 10.250874534249306 -12.57507212460041 1
      vertex 10.627888828516006 -12.393222019076347 0
      vertex 10.250874534249306 -12.57507212460041 0
    endloop
  endfacet
  facet normal -0.49242382807638463 0.8703555443280632 0
    outer loop
      vertex 10.627888828516006 -12.393222019076347 1
      vertex 10.641550585627556 -12.38549256324768 0
      vertex 10.627888828516006 -12.393222019076347 0
    endloop
  endfacet
  facet normal -0.5482932310502654 0.8362861548444169 0
    outer loop
      vertex 10.641550585627556 -12.38549256324768 1
      vertex 10.991603262722492 -12.155987970530987 0
      vertex 10.641550585627556 -12.38549256324768 0
    endloop
  endfacet
  facet normal -0.6018149866547191 0.7986355375500016 0
    outer loop
      vertex 10.991603262722492 -12.155987970530987 1
      vertex 11.004139244556427 -12.146541431546211 0
      vertex 10.991603262722492 -12.155987970530987 0
    endloop
  endfacet
  facet normal -0.652759754043304 0.7575649830221335 0
    outer loop
      vertex 11.004139244556427 -12.146541431546211 1
      vertex 11.321240819990635 -11.87330923229456 0
      vertex 11.004139244556427 -12.146541431546211 0
    endloop
  endfacet
  facet normal -0.7009093083718334 0.7132504058447624 0
    outer loop
      vertex 11.321240819990635 -11.87330923229456 1
      vertex 11.33243653178215 -11.862307235598564 0
      vertex 11.321240819990635 -11.87330923229456 0
    endloop
  endfacet
  facet normal -0.746057372474668 0.6658816688993583 0
    outer loop
      vertex 11.33243653178215 -11.862307235598564 1
      vertex 11.611161299049854 -11.550022520124912 0
      vertex 11.33243653178215 -11.862307235598564 0
    endloop
  endfacet
  facet normal -0.43444525255924055 0.9006982416596236 0
    outer loop
      vertex 10.250874534249306 -12.57507212460041 1
      vertex 10.627888828516006 -12.393222019076347 1
      vertex 10.627888828516006 -12.393222019076347 0
    endloop
  endfacet
  facet normal -0.49242382807638463 0.8703555443280632 0
    outer loop
      vertex 10.627888828516006 -12.393222019076347 1
      vertex 10.641550585627556 -12.38549256324768 1
      vertex 10.641550585627556 -12.38549256324768 0
    endloop
  endfacet
  facet normal -0.5482932310502654 0.8362861548444169 0
    outer loop
      vertex 10.641550585627556 -12.38549256324768 1
      vertex 10.991603262722492 -12.155987970530987 1
      vertex 10.991603262722492 -12.155987970530987 0
    endloop
  endfacet
  facet normal -0.6018149866547191 0.7986355375500016 0
    outer loop
      vertex 10.991603262722492 -12.155987970530987 1
      vertex 11.004139244556427 -12.146541431546211 1
      vertex 11.004139244556427 -12.146541431546211 0
    endloop
  endfacet
  facet normal -0.652759754043304 0.7575649830221335 0
    outer loop
      vertex 11.004139244556427 -12.146541431546211 1
      vertex 11.321240819990635 -11.87330923229456 1
      vertex 11.321240819990635 -11.87330923229456 0
    endloop
  endfacet
  facet normal -0.7009093083718334 0.7132504058447624 0
    outer loop
      vertex 11.321240819990635 -11.87330923229456 1
      vertex 11.33243653178215 -11.862307235598564 1
      vertex 11.33243653178215 -11.862307235598564 0
    endloop
  endfacet
  facet normal 0 0 -1
    outer loop
      vertex 8.530209064483643 -12.786343276500702 1
      vertex 9.83879566937685 -12.712036341428757 1
      vertex 8.545753054320812 -12.788527838885784 1
    endloop
  endfacet
  facet normal 0 0 -1
    outer loop
      vertex 8.120400182902813 -12.701102904975414 1
      vertex 10.23632075637579 -12.580952227115631 1
      vertex 8.530209064483643 -12.786343276500702 1
    endloop
  endfacet
  facet normal 0 0 -1
    outer loop
      vertex 8.105274312198162 -12.696908131241798 1
      vertex 10.250874534249306 -12.57507212460041 1
      vertex 8.120400182902813 -12.701102904975414 1
    endloop
  endfacet
  facet normal 0 0 -1
    outer loop
      vertex 7.710097506642342 -12.558906212449074 1
      vertex 10.627888828516006 -12.393222019076347 1
      vertex 8.105274312198162 -12.696908131241798 1
    endloop
  endfacet
  facet normal 0 0 -1
    outer loop
      vertex 8.96318206936121 -12.819548174738884 1
      vertex 9.412364780902863 -12.794041730463505 1
      vertex 8.97887822240591 -12.819685153663158 1
    endloop
  endfacet
  facet normal 0 0 -1
    outer loop
      vertex 8.545753054320812 -12.788527838885784 1
      vertex 9.823598898947239 -12.715966492891312 1
      vertex 8.96318206936121 -12.819548174738884 1
    endloop
  endfacet
  facet normal 0 0 -1
    outer loop
      vertex 8.97887822240591 -12.819685153663158 1
      vertex 9.412364780902863 -12.794041730463505 1
      vertex 9.396785028278828 -12.795954681932926 1
    endloop
  endfacet
  facet normal 0 0 -1
    outer loop
      vertex 8.96318206936121 -12.819548174738884 1
      vertex 9.823598898947239 -12.715966492891312 1
      vertex 9.412364780902863 -12.794041730463505 1
    endloop
  endfacet
  facet normal 0 0 -1
    outer loop
      vertex 8.545753054320812 -12.788527838885784 1
      vertex 9.83879566937685 -12.712036341428757 1
      vertex 9.823598898947239 -12.715966492891312 1
    endloop
  endfacet
  facet normal 0 0 -1
    outer loop
      vertex 8.530209064483643 -12.786343276500702 1
      vertex 10.23632075637579 -12.580952227115631 1
      vertex 9.83879566937685 -12.712036341428757 1
    endloop
  endfacet
  facet normal 0 0 -1
    outer loop
      vertex 8.120400182902813 -12.701102904975414 1
      vertex 10.250874534249306 -12.57507212460041 1
      vertex 10.23632075637579 -12.580952227115631 1
    endloop
  endfacet
  facet normal 0 0 -1
    outer loop
      vertex 8.105274312198162 -12.696908131241798 1
      vertex 10.627888828516006 -12.393222019076347 1
      vertex 10.250874534249306 -12.57507212460041 1
    endloop
  endfacet
  facet normal 0 0 -1
    outer loop
      vertex 7.710097506642342 -12.558906212449074 1
      vertex 10.641550585627556 -12.38549256324768 1
      vertex 10.627888828516006 -12.393222019076347 1
    endloop
  endfacet
  facet normal 0 0 -1
    outer loop
      vertex 7.695648573338985 -12.552773006260395 1
      vertex 10.991603262722492 -12.155987970530987 1
      vertex 10.641550585627556 -12.38549256324768 1
    endloop
  endfacet
  facet normal 0 0 -1
    outer loop
      vertex 7.321865424513817 -12.364370793104172 1
      vertex 11.004139244556427 -12.146541431546211 1
      vertex 10.991603262722492 -12.155987970530987 1
    endloop
  endfacet
  facet normal 0 0 -1
    outer loop
      vertex 7.308340646326542 -12.356404088437557 1
      vertex 11.321240819990635 -11.87330923229456 1
      vertex 11.004139244556427 -12.146541431546211 1
    endloop
  endfacet
  facet normal 0 0 -1
    outer loop
      vertex 6.962346687912941 -12.120825186371803 1
      vertex 11.33243653178215 -11.862307235598564 1
      vertex 11.321240819990635 -11.87330923229456 1
    endloop
  endfacet
  facet normal 0 0 -1
    outer loop
      vertex 6.949977479875088 -12.111161299049854 1
      vertex 11.611161299049854 -11.550022520124912 1
      vertex 11.33243653178215 -11.862307235598564 1
    endloop
  endfacet
  facet normal -0.7826079284800146 0.6225149237409658 0
    outer loop
      vertex 1.0366481617093086 -11.311795249581337 1
      vertex 1.046419620513916 -11.299510851502419 0
      vertex 1.0366481617093086 -11.311795249581337 0
    endloop
  endfacet
  facet normal -0.8216469352800686 0.5699967664336972 0
    outer loop
      vertex 1.046419620513916 -11.299510851502419 1
      vertex 1.6130691170692444 -10.48268898576498 0
      vertex 1.046419620513916 -11.299510851502419 0
    endloop
  endfacet
  facet normal -0.7402181286990671 0.6723668061001014 0
    outer loop
      vertex 0.36822978407144547 -12.047666497528553 1
      vertex 1.0366481617093086 -11.311795249581337 1
      vertex 1.0366481617093086 -11.311795249581337 0
    endloop
  endfacet
  facet normal -0.7826079284800146 0.6225149237409658 0
    outer loop
      vertex 1.0366481617093086 -11.311795249581337 1
      vertex 1.046419620513916 -11.299510851502419 1
      vertex 1.046419620513916 -11.299510851502419 0
    endloop
  endfacet
  facet normal -0.8216469352800686 0.5699967664336972 0
    outer loop
      vertex 1.046419620513916 -11.299510851502419 1
      vertex 1.6130691170692444 -10.48268898576498 1
      vertex 1.6130691170692444 -10.48268898576498 0
    endloop
  endfacet
  facet normal -0.8571673346029649 0.5150380184895564 0
    outer loop
      vertex 1.6130691170692444 -10.48268898576498 1
      vertex 1.6211535409092903 -10.469234243035316 0
      vertex 1.6130691170692444 -10.48268898576498 0
    endloop
  endfacet
  facet normal -0.8571673346029649 0.5150380184895564 0
    outer loop
      vertex 1.6130691170692444 -10.48268898576498 1
      vertex 1.6211535409092903 -10.469234243035316 1
      vertex 1.6211535409092903 -10.469234243035316 0
    endloop
  endfacet
  facet normal -0.8890171423803979 0.45787391337986416 0
    outer loop
      vertex 1.6211535409092903 -10.469234243035316 1
      vertex 2.076338618993759 -9.585437797009945 0
      vertex 1.6211535409092903 -10.469234243035316 0
    endloop
  endfacet
  facet normal -0.9170599892994031 0.3987492646089503 0
    outer loop
      vertex 2.076338618993759 -9.585437797009945 1
      vertex 2.0825976878404617 -9.57104293256998 0
      vertex 2.076338618993759 -9.585437797009945 0
    endloop
  endfacet
  facet normal -0.9411760162086036 0.3379167153511385 0
    outer loop
      vertex 2.0825976878404617 -9.57104293256998 1
      vertex 2.418530009686947 -8.635393910109997 0
      vertex 2.0825976878404617 -9.57104293256998 0
    endloop
  endfacet
  facet normal -0.8890171423803979 0.45787391337986416 0
    outer loop
      vertex 1.6211535409092903 -10.469234243035316 1
      vertex 2.076338618993759 -9.585437797009945 1
      vertex 2.076338618993759 -9.585437797009945 0
    endloop
  endfacet
  facet normal -0.9170599892994031 0.3987492646089503 0
    outer loop
      vertex 2.076338618993759 -9.585437797009945 1
      vertex 2.0825976878404617 -9.57104293256998 1
      vertex 2.0825976878404617 -9.57104293256998 0
    endloop
  endfacet
  facet normal -0.9411760162086036 0.3379167153511385 0
    outer loop
      vertex 2.0825976878404617 -9.57104293256998 1
      vertex 2.418530009686947 -8.635393910109997 1
      vertex 2.418530009686947 -8.635393910109997 0
    endloop
  endfacet
  facet normal -0.9612616791023696 0.275637414530925 0
    outer loop
      vertex 2.418530009686947 -8.635393910109997 1
      vertex 2.4228566214442253 -8.620305225253105 0
      vertex 2.418530009686947 -8.635393910109997 0
    endloop
  endfacet
  facet normal -0.9772311062195027 0.21217767327644757 0
    outer loop
      vertex 2.4228566214442253 -8.620305225253105 1
      vertex 2.6337882950901985 -7.648812845349312 0
      vertex 2.4228566214442253 -8.620305225253105 0
    endloop
  endfacet
  facet normal -0.9890158795919598 0.14780930253181593 0
    outer loop
      vertex 2.6337882950901985 -7.648812845349312 1
      vertex 2.636108420789242 -7.633288510143757 0
      vertex 2.6337882950901985 -7.648812845349312 0
    endloop
  endfacet
  facet normal -0.9612616791023696 0.275637414530925 0
    outer loop
      vertex 2.418530009686947 -8.635393910109997 1
      vertex 2.4228566214442253 -8.620305225253105 1
      vertex 2.4228566214442253 -8.620305225253105 0
    endloop
  endfacet
  facet normal -0.9772311062195027 0.21217767327644757 0
    outer loop
      vertex 2.4228566214442253 -8.620305225253105 1
      vertex 2.6337882950901985 -7.648812845349312 1
      vertex 2.6337882950901985 -7.648812845349312 0
    endloop
  endfacet
  facet normal -0.9890158795919598 0.14780930253181593 0
    outer loop
      vertex 2.6337882950901985 -7.648812845349312 1
      vertex 2.636108420789242 -7.633288510143757 1
      vertex 2.636108420789242 -7.633288510143757 0
    endloop
  endfacet
  facet normal -0.9965655020263658 0.0828082131852732 0
    outer loop
      vertex 2.636108420789242 -7.633288510143757 1
      vertex 2.71843034774065 -6.642575278878212 0
      vertex 2.636108420789242 -7.633288510143757 0
    endloop
  endfacet
  facet normal -0.9998476987260178 0.017452201932319795 0
    outer loop
      vertex 2.71843034774065 -6.642575278878212 1
      vertex 2.718704290688038 -6.626880913972855 0
      vertex 2.71843034774065 -6.642575278878212 0
    endloop
  endfacet
  facet normal -0.998848386404257 -0.04797813020129082 0
    outer loop
      vertex 2.718704290688038 -6.626880913972855 1
      vertex 2.6710079088807106 -5.633898198604584 0
      vertex 2.718704290688038 -6.626880913972855 0
    endloop
  endfacet
  facet normal -0.9965655020263658 0.0828082131852732 0
    outer loop
      vertex 2.636108420789242 -7.633288510143757 1
      vertex 2.71843034774065 -6.642575278878212 1
      vertex 2.71843034774065 -6.642575278878212 0
    endloop
  endfacet
  facet normal -0.9998476987260178 0.017452201932319795 0
    outer loop
      vertex 2.71843034774065 -6.642575278878212 1
      vertex 2.718704290688038 -6.626880913972855 1
      vertex 2.718704290688038 -6.626880913972855 0
    endloop
  endfacet
  facet normal -0.998848386404257 -0.04797813020129082 0
    outer loop
      vertex 2.718704290688038 -6.626880913972855 1
      vertex 2.6710079088807106 -5.633898198604584 1
      vertex 2.6710079088807106 -5.633898198604584 0
    endloop
  endfacet
  facet normal 0.9496991266472172 0.31316380513321285 0
    outer loop
      vertex 5.787963658571243 -10.33879566937685 1
      vertex 5.919047772884369 -10.73632075637579 0
      vertex 5.787963658571243 -10.33879566937685 0
    endloop
  endfacet
  facet normal 0.9681476495815474 0.25037996846737814 0
    outer loop
      vertex 5.784033507108688 -10.323598898947239 1
      vertex 5.787963658571243 -10.33879566937685 0
      vertex 5.784033507108688 -10.323598898947239 0
    endloop
  endfacet
  facet normal 0.9681476495815474 0.25037996846737814 0
    outer loop
      vertex 5.787963658571243 -10.33879566937685 1
      vertex 5.787963658571243 -10.33879566937685 0
      vertex 5.784033507108688 -10.323598898947239 1
    endloop
  endfacet
  facet normal 0.9824503973854256 0.18652403780000912 0
    outer loop
      vertex 5.705958269536495 -9.912364780902863 1
      vertex 5.784033507108688 -10.323598898947239 0
      vertex 5.705958269536495 -9.912364780902863 0
    endloop
  endfacet
  facet normal 0.998391670076911 0.056692796024155126 0
    outer loop
      vertex 5.680314846336842 -9.47887822240591 1
      vertex 5.704045318067074 -9.896785028278828 0
      vertex 5.680314846336842 -9.47887822240591 0
    endloop
  endfacet
  facet normal 0.9925461640905154 0.12186924201456187 0
    outer loop
      vertex 5.704045318067074 -9.896785028278828 1
      vertex 5.705958269536495 -9.912364780902863 0
      vertex 5.704045318067074 -9.896785028278828 0
    endloop
  endfacet
  facet normal 0.999961922690684 -0.008726578295681223 0
    outer loop
      vertex 5.680451825261116 -9.46318206936121 1
      vertex 5.680314846336842 -9.47887822240591 0
      vertex 5.680451825261116 -9.46318206936121 0
    endloop
  endfacet
  facet normal 0.9972501848156866 -0.07410849401437669 0
    outer loop
      vertex 5.711472161114216 -9.045753054320812 1
      vertex 5.680451825261116 -9.46318206936121 0
      vertex 5.711472161114216 -9.045753054320812 0
    endloop
  endfacet
  facet normal 0.9902680943902595 -0.1391729184600357 0
    outer loop
      vertex 5.713656723499298 -9.030209064483643 1
      vertex 5.711472161114216 -9.045753054320812 0
      vertex 5.713656723499298 -9.030209064483643 0
    endloop
  endfacet
  facet normal 0.9824503973854256 0.18652403780000912 0
    outer loop
      vertex 5.784033507108688 -10.323598898947239 1
      vertex 5.784033507108688 -10.323598898947239 0
      vertex 5.705958269536495 -9.912364780902863 1
    endloop
  endfacet
  facet normal 0.9925461640905154 0.12186924201456187 0
    outer loop
      vertex 5.705958269536495 -9.912364780902863 1
      vertex 5.705958269536495 -9.912364780902863 0
      vertex 5.704045318067074 -9.896785028278828 1
    endloop
  endfacet
  facet normal 0.998391670076911 0.056692796024155126 0
    outer loop
      vertex 5.704045318067074 -9.896785028278828 1
      vertex 5.704045318067074 -9.896785028278828 0
      vertex 5.680314846336842 -9.47887822240591 1
    endloop
  endfacet
  facet normal 0.999961922690684 -0.008726578295681223 0
    outer loop
      vertex 5.680451825261116 -9.46318206936121 1
      vertex 5.680314846336842 -9.47887822240591 1
      vertex 5.680314846336842 -9.47887822240591 0
    endloop
  endfacet
  facet normal 0.9972501848156866 -0.07410849401437669 0
    outer loop
      vertex 5.680451825261116 -9.46318206936121 1
      vertex 5.680451825261116 -9.46318206936121 0
      vertex 5.711472161114216 -9.045753054320812 1
    endloop
  endfacet
  facet normal 0.9902680943902595 -0.1391729184600357 0
    outer loop
      vertex 5.711472161114216 -9.045753054320812 1
      vertex 5.711472161114216 -9.045753054320812 0
      vertex 5.713656723499298 -9.030209064483643 1
    endloop
  endfacet
  facet normal 0.979045471736912 -0.20364175473474844 0
    outer loop
      vertex 5.713656723499298 -9.030209064483643 1
      vertex 5.713656723499298 -9.030209064483643 0
      vertex 5.798897095024586 -8.620400182902813 1
    endloop
  endfacet
  facet normal 0.979045471736912 -0.20364175473474844 0
    outer loop
      vertex 5.798897095024586 -8.620400182902813 1
      vertex 5.713656723499298 -9.030209064483643 0
      vertex 5.798897095024586 -8.620400182902813 0
    endloop
  endfacet
  facet normal 0.963630477211395 -0.2672382895270418 0
    outer loop
      vertex 5.803091868758202 -8.605274312198162 1
      vertex 5.798897095024586 -8.620400182902813 0
      vertex 5.803091868758202 -8.605274312198162 0
    endloop
  endfacet
  facet normal 0.963630477211395 -0.2672382895270418 0
    outer loop
      vertex 5.798897095024586 -8.620400182902813 1
      vertex 5.798897095024586 -8.620400182902813 0
      vertex 5.803091868758202 -8.605274312198162 1
    endloop
  endfacet
  facet normal 0.9440890201495904 -0.32969064595918757 0
    outer loop
      vertex 5.803091868758202 -8.605274312198162 1
      vertex 5.803091868758202 -8.605274312198162 0
      vertex 5.941093787550926 -8.210097506642342 1
    endloop
  endfacet
  facet normal -0.9935718801699267 -0.11320299879242003 0
    outer loop
      vertex 2.6710079088807106 -5.633898198604584 1
      vertex 2.669230990111828 -5.6183023527264595 0
      vertex 2.6710079088807106 -5.633898198604584 0
    endloop
  endfacet
  facet normal -0.9840406976833777 -0.17794354526874895 0
    outer loop
      vertex 2.669230990111828 -5.6183023527264595 1
      vertex 2.4923324063420296 -4.640040367841721 0
      vertex 2.669230990111828 -5.6183023527264595 0
    endloop
  endfacet
  facet normal -0.9702957042225937 -0.2419219840510179 0
    outer loop
      vertex 2.4923324063420296 -4.640040367841721 1
      vertex 2.4885350167751312 -4.624809876084328 0
      vertex 2.4923324063420296 -4.640040367841721 0
    endloop
  endfacet
  facet normal -0.9935718801699267 -0.11320299879242003 0
    outer loop
      vertex 2.6710079088807106 -5.633898198604584 1
      vertex 2.669230990111828 -5.6183023527264595 1
      vertex 2.669230990111828 -5.6183023527264595 0
    endloop
  endfacet
  facet normal -0.9840406976833777 -0.17794354526874895 0
    outer loop
      vertex 2.669230990111828 -5.6183023527264595 1
      vertex 2.4923324063420296 -4.640040367841721 1
      vertex 2.4923324063420296 -4.640040367841721 0
    endloop
  endfacet
  facet normal -0.9702957042225937 -0.2419219840510179 0
    outer loop
      vertex 2.4923324063420296 -4.640040367841721 1
      vertex 2.4885350167751312 -4.624809876084328 1
      vertex 2.4885350167751312 -4.624809876084328 0
    endloop
  endfacet
  facet normal -0.9304175992957235 -0.36650114722983135 0
    outer loop
      vertex 2.185461014509201 -3.678006961941719 1
      vertex 2.1797081381082535 -3.6634024307131767 0
      vertex 2.185461014509201 -3.678006961941719 0
    endloop
  endfacet
  facet normal -0.9044551459004193 -0.42656873895569436 0
    outer loop
      vertex 2.1797081381082535 -3.6634024307131767 1
      vertex 1.7556443959474564 -2.76425863802433 0
      vertex 2.1797081381082535 -3.6634024307131767 0
    endloop
  endfacet
  facet normal -0.9523957996428536 -0.3048642990293377 0
    outer loop
      vertex 2.4885350167751312 -4.624809876084328 1
      vertex 2.185461014509201 -3.678006961941719 0
      vertex 2.4885350167751312 -4.624809876084328 0
    endloop
  endfacet
  facet normal -0.9304175992957235 -0.36650114722983135 0
    outer loop
      vertex 2.185461014509201 -3.678006961941719 1
      vertex 2.1797081381082535 -3.6634024307131767 1
      vertex 2.1797081381082535 -3.6634024307131767 0
    endloop
  endfacet
  facet normal -0.9044551459004193 -0.42656873895569436 0
    outer loop
      vertex 2.1797081381082535 -3.6634024307131767 1
      vertex 1.7556443959474564 -2.76425863802433 1
      vertex 1.7556443959474564 -2.76425863802433 0
    endloop
  endfacet
  facet normal -0.9523957996428536 -0.3048642990293377 0
    outer loop
      vertex 2.4885350167751312 -4.624809876084328 1
      vertex 2.185461014509201 -3.678006961941719 1
      vertex 2.185461014509201 -3.678006961941719 0
    endloop
  endfacet
  facet normal -0.7632324689633486 -0.6461239806106188 0
    outer loop
      vertex 1.2009000331163406 -1.9018119424581528 1
      vertex 0.5585703775286674 -1.1430615112185478 0
      vertex 1.2009000331163406 -1.9018119424581528 0
    endloop
  endfacet
  facet normal -0.8038568194413716 -0.594822842397299 0
    outer loop
      vertex 1.210236817598343 -1.9144298806786537 1
      vertex 1.2009000331163406 -1.9018119424581528 0
      vertex 1.210236817598343 -1.9144298806786537 0
    endloop
  endfacet
  facet normal -0.8038568194413716 -0.594822842397299 0
    outer loop
      vertex 1.210236817598343 -1.9144298806786537 1
      vertex 1.2009000331163406 -1.9018119424581528 1
      vertex 1.2009000331163406 -1.9018119424581528 0
    endloop
  endfacet
  facet normal -0.8410390109048999 -0.5409744745698339 0
    outer loop
      vertex 1.210236817598343 -1.9144298806786537 1
      vertex 1.210236817598343 -1.9144298806786537 0
      vertex 1.748034454882145 -2.750529944896698 1
    endloop
  endfacet
  facet normal -0.7591967342490334 -0.6508612130904732 0
    outer loop
      vertex 0.5585703775286674 -1.1430615112185478 1
      vertex 0.5575983300805092 -1.1419276669621468 0
      vertex 0.5585703775286674 -1.1430615112185478 0
    endloop
  endfacet
  facet normal -0.7591967342490334 -0.6508612130904732 0
    outer loop
      vertex 0.5585703775286674 -1.1430615112185478 1
      vertex 0.5575983300805092 -1.1419276669621468 1
      vertex 0.5575983300805092 -1.1419276669621468 0
    endloop
  endfacet
  facet normal -0.7632324689633486 -0.6461239806106188 0
    outer loop
      vertex 1.2009000331163406 -1.9018119424581528 1
      vertex 0.5585703775286674 -1.1430615112185478 1
      vertex 0.5585703775286674 -1.1430615112185478 0
    endloop
  endfacet
  facet normal -0.8746196477084519 -0.48480972746258233 0
    outer loop
      vertex 1.7556443959474564 -2.76425863802433 1
      vertex 1.748034454882145 -2.750529944896698 0
      vertex 1.7556443959474564 -2.76425863802433 0
    endloop
  endfacet
  facet normal -0.8410390109048999 -0.5409744745698339 0
    outer loop
      vertex 1.748034454882145 -2.750529944896698 1
      vertex 1.210236817598343 -1.9144298806786537 0
      vertex 1.748034454882145 -2.750529944896698 0
    endloop
  endfacet
  facet normal -0.8746196477084519 -0.48480972746258233 0
    outer loop
      vertex 1.7556443959474564 -2.76425863802433 1
      vertex 1.748034454882145 -2.750529944896698 1
      vertex 1.748034454882145 -2.750529944896698 0
    endloop
  endfacet
  facet normal 0.8362861548444169 0.5482932310502654 0
    outer loop
      vertex 6.114507436752319 -11.141550585627556 1
      vertex 6.344012029469013 -11.491603262722492 0
      vertex 6.114507436752319 -11.141550585627556 0
    endloop
  endfacet
  facet normal 0.8703555443280632 0.49242382807638463 0
    outer loop
      vertex 6.106777980923653 -11.127888828516006 1
      vertex 6.114507436752319 -11.141550585627556 0
      vertex 6.106777980923653 -11.127888828516006 0
    endloop
  endfacet
  facet normal 0.7986355375500016 0.6018149866547191 0
    outer loop
      vertex 6.344012029469013 -11.491603262722492 1
      vertex 6.353458568453789 -11.504139244556427 0
      vertex 6.344012029469013 -11.491603262722492 0
    endloop
  endfacet
  facet normal 0.7575649830221335 0.652759754043304 0
    outer loop
      vertex 6.353458568453789 -11.504139244556427 1
      vertex 6.6266907677054405 -11.821240819990635 0
      vertex 6.353458568453789 -11.504139244556427 0
    endloop
  endfacet
  facet normal 0.9006982416596236 0.43444525255924055 0
    outer loop
      vertex 5.9249278753995895 -10.750874534249306 1
      vertex 6.106777980923653 -11.127888828516006 0
      vertex 5.9249278753995895 -10.750874534249306 0
    endloop
  endfacet
  facet normal 0.9271839747334046 0.37460629599296047 0
    outer loop
      vertex 5.919047772884369 -10.73632075637579 1
      vertex 5.9249278753995895 -10.750874534249306 0
      vertex 5.919047772884369 -10.73632075637579 0
    endloop
  endfacet
  facet normal 0.8703555443280632 0.49242382807638463 0
    outer loop
      vertex 6.106777980923653 -11.127888828516006 1
      vertex 6.114507436752319 -11.141550585627556 1
      vertex 6.114507436752319 -11.141550585627556 0
    endloop
  endfacet
  facet normal 0.7986355375500016 0.6018149866547191 0
    outer loop
      vertex 6.353458568453789 -11.504139244556427 1
      vertex 6.353458568453789 -11.504139244556427 0
      vertex 6.344012029469013 -11.491603262722492 1
    endloop
  endfacet
  facet normal 0.7575649830221335 0.652759754043304 0
    outer loop
      vertex 6.353458568453789 -11.504139244556427 1
      vertex 6.6266907677054405 -11.821240819990635 1
      vertex 6.6266907677054405 -11.821240819990635 0
    endloop
  endfacet
  facet normal 0.8362861548444169 0.5482932310502654 0
    outer loop
      vertex 6.114507436752319 -11.141550585627556 1
      vertex 6.344012029469013 -11.491603262722492 1
      vertex 6.344012029469013 -11.491603262722492 0
    endloop
  endfacet
  facet normal 0.9006982416596236 0.43444525255924055 0
    outer loop
      vertex 6.106777980923653 -11.127888828516006 1
      vertex 6.106777980923653 -11.127888828516006 0
      vertex 5.9249278753995895 -10.750874534249306 1
    endloop
  endfacet
  facet normal 0.9271839747334046 0.37460629599296047 0
    outer loop
      vertex 5.919047772884369 -10.73632075637579 1
      vertex 5.9249278753995895 -10.750874534249306 1
      vertex 5.9249278753995895 -10.750874534249306 0
    endloop
  endfacet
  facet normal 0.9496991266472172 0.31316380513321285 0
    outer loop
      vertex 5.919047772884369 -10.73632075637579 1
      vertex 5.919047772884369 -10.73632075637579 0
      vertex 5.787963658571243 -10.33879566937685 1
    endloop
  endfacet
  facet normal 0 0 -1
    outer loop
      vertex 6.106777980923653 -11.127888828516006 1
      vertex 5.9249278753995895 -10.750874534249306 1
      vertex 12.196908131241798 -10.394725687801838 1
    endloop
  endfacet
  facet normal 0 0 -1
    outer loop
      vertex 5.919047772884369 -10.73632075637579 1
      vertex 12.201102904975414 -10.379599817097187 1
      vertex 5.9249278753995895 -10.750874534249306 1
    endloop
  endfacet
  facet normal 0 0 -1
    outer loop
      vertex 5.919047772884369 -10.73632075637579 1
      vertex 5.787963658571243 -10.33879566937685 1
      vertex 12.286343276500702 -9.969790935516357 1
    endloop
  endfacet
  facet normal 0 0 -1
    outer loop
      vertex 6.353458568453789 -11.504139244556427 1
      vertex 6.344012029469013 -11.491603262722492 1
      vertex 11.864370793104172 -11.178134575486183 1
    endloop
  endfacet
  facet normal 0 0 -1
    outer loop
      vertex 6.6266907677054405 -11.821240819990635 1
      vertex 11.620825186371803 -11.537653312087059 1
      vertex 6.637692764401436 -11.83243653178215 1
    endloop
  endfacet
  facet normal 0 0 -1
    outer loop
      vertex 6.353458568453789 -11.504139244556427 1
      vertex 11.856404088437557 -11.191659353673458 1
      vertex 6.6266907677054405 -11.821240819990635 1
    endloop
  endfacet
  facet normal 0 0 -1
    outer loop
      vertex 6.106777980923653 -11.127888828516006 1
      vertex 12.058906212449074 -10.789902493357658 1
      vertex 6.114507436752319 -11.141550585627556 1
    endloop
  endfacet
  facet normal 0 0 -1
    outer loop
      vertex 6.114507436752319 -11.141550585627556 1
      vertex 12.052773006260395 -10.804351426661015 1
      vertex 6.344012029469013 -11.491603262722492 1
    endloop
  endfacet
  facet normal 0 0 -1
    outer loop
      vertex 5.787963658571243 -10.33879566937685 1
      vertex 5.784033507108688 -10.323598898947239 1
      vertex 12.288527838885784 -9.954246945679188 1
    endloop
  endfacet
  facet normal 0 0 -1
    outer loop
      vertex 5.784033507108688 -10.323598898947239 1
      vertex 5.705958269536495 -9.912364780902863 1
      vertex 12.319548174738884 -9.53681793063879 1
    endloop
  endfacet
  facet normal 0 0 -1
    outer loop
      vertex 5.705958269536495 -9.912364780902863 1
      vertex 5.704045318067074 -9.896785028278828 1
      vertex 12.319685153663158 -9.52112177759409 1
    endloop
  endfacet
  facet normal 0 0 -1
    outer loop
      vertex 5.704045318067074 -9.896785028278828 1
      vertex 5.680314846336842 -9.47887822240591 1
      vertex 12.295954681932926 -9.103214971721172 1
    endloop
  endfacet
  facet normal 0 0 -1
    outer loop
      vertex 5.680451825261116 -9.46318206936121 1
      vertex 12.294041730463505 -9.087635219097137 1
      vertex 5.680314846336842 -9.47887822240591 1
    endloop
  endfacet
  facet normal 0 0 -1
    outer loop
      vertex 5.680451825261116 -9.46318206936121 1
      vertex 5.711472161114216 -9.045753054320812 1
      vertex 12.215966492891312 -8.676401101052761 1
    endloop
  endfacet
  facet normal 0 0 -1
    outer loop
      vertex 5.711472161114216 -9.045753054320812 1
      vertex 5.713656723499298 -9.030209064483643 1
      vertex 12.212036341428757 -8.66120433062315 1
    endloop
  endfacet
  facet normal 0.9440890201495904 -0.32969064595918757 0
    outer loop
      vertex 5.941093787550926 -8.210097506642342 1
      vertex 5.803091868758202 -8.605274312198162 0
      vertex 5.941093787550926 -8.210097506642342 0
    endloop
  endfacet
  facet normal 0.9205049020222424 -0.39073101406597094 0
    outer loop
      vertex 5.947226993739605 -8.195648573338985 1
      vertex 5.941093787550926 -8.210097506642342 0
      vertex 5.947226993739605 -8.195648573338985 0
    endloop
  endfacet
  facet normal 0.8929789469937172 -0.4500984339297261 0
    outer loop
      vertex 6.135629206895828 -7.821865424513817 1
      vertex 5.947226993739605 -8.195648573338985 0
      vertex 6.135629206895828 -7.821865424513817 0
    endloop
  endfacet
  facet normal 0.8616291192866945 -0.5075384328277368 0
    outer loop
      vertex 6.143595911562443 -7.808340646326542 1
      vertex 6.135629206895828 -7.821865424513817 0
      vertex 6.143595911562443 -7.808340646326542 0
    endloop
  endfacet
  facet normal 0.8265897480377032 -0.5628049292951921 0
    outer loop
      vertex 6.379174813628197 -7.462346687912941 1
      vertex 6.143595911562443 -7.808340646326542 0
      vertex 6.379174813628197 -7.462346687912941 0
    endloop
  endfacet
  facet normal 0.823071580442363 -0.5679376492786077 0
    outer loop
      vertex 6.380023017525673 -7.461117446422577 1
      vertex 6.379174813628197 -7.462346687912941 0
      vertex 6.380023017525673 -7.461117446422577 0
    endloop
  endfacet
  facet normal 0.9205049020222424 -0.39073101406597094 0
    outer loop
      vertex 5.941093787550926 -8.210097506642342 1
      vertex 5.941093787550926 -8.210097506642342 0
      vertex 5.947226993739605 -8.195648573338985 1
    endloop
  endfacet
  facet normal 0.8929789469937172 -0.4500984339297261 0
    outer loop
      vertex 5.947226993739605 -8.195648573338985 1
      vertex 5.947226993739605 -8.195648573338985 0
      vertex 6.135629206895828 -7.821865424513817 1
    endloop
  endfacet
  facet normal 0.8616291192866945 -0.5075384328277368 0
    outer loop
      vertex 6.135629206895828 -7.821865424513817 1
      vertex 6.135629206895828 -7.821865424513817 0
      vertex 6.143595911562443 -7.808340646326542 1
    endloop
  endfacet
  facet normal 0.8265897480377032 -0.5628049292951921 0
    outer loop
      vertex 6.143595911562443 -7.808340646326542 1
      vertex 6.143595911562443 -7.808340646326542 0
      vertex 6.379174813628197 -7.462346687912941 1
    endloop
  endfacet
  facet normal 0.823071580442363 -0.5679376492786077 0
    outer loop
      vertex 6.380023017525673 -7.461117446422577 1
      vertex 6.379174813628197 -7.462346687912941 1
      vertex 6.379174813628197 -7.462346687912941 0
    endloop
  endfacet
  facet normal 0.8195213938476895 -0.5730485887129817 0
    outer loop
      vertex 6.380023017525673 -7.461117446422577 1
      vertex 6.380023017525673 -7.461117446422577 0
      vertex 9.322100684046745 -3.253628522157669 1
    endloop
  endfacet
  facet normal 0 0 -1
    outer loop
      vertex 5.713656723499298 -9.030209064483643 1
      vertex 5.798897095024586 -8.620400182902813 1
      vertex 12.080952227115631 -8.26367924362421 1
    endloop
  endfacet
  facet normal 0 0 -1
    outer loop
      vertex 5.798897095024586 -8.620400182902813 1
      vertex 5.803091868758202 -8.605274312198162 1
      vertex 12.080475710332394 -8.26226382702589 1
    endloop
  endfacet
  facet normal 0 0 -1
    outer loop
      vertex 5.803091868758202 -8.605274312198162 1
      vertex 5.941093787550926 -8.210097506642342 1
      vertex 10.412110269069672 -3.406819388270378 1
    endloop
  endfacet
  facet normal 0 0 -1
    outer loop
      vertex 5.941093787550926 -8.210097506642342 1
      vertex 5.947226993739605 -8.195648573338985 1
      vertex 10.406706683337688 -3.3936810344457626 1
    endloop
  endfacet
  facet normal 0 0 -1
    outer loop
      vertex 5.947226993739605 -8.195648573338985 1
      vertex 6.135629206895828 -7.821865424513817 1
      vertex 10.377610668540001 -3.3333587422966957 1
    endloop
  endfacet
  facet normal 0 0 -1
    outer loop
      vertex 6.135629206895828 -7.821865424513817 1
      vertex 6.143595911562443 -7.808340646326542 1
      vertex 10.369881220161915 -3.3196969851851463 1
    endloop
  endfacet
  facet normal 0 0 -1
    outer loop
      vertex 6.143595911562443 -7.808340646326542 1
      vertex 6.379174813628197 -7.462346687912941 1
      vertex 10.333160474896431 -3.263688549399376 1
    endloop
  endfacet
  facet normal 0 0 -1
    outer loop
      vertex 6.380023017525673 -7.461117446422577 1
      vertex 10.323713935911655 -3.251152567565441 1
      vertex 6.379174813628197 -7.462346687912941 1
    endloop
  endfacet
  facet normal -0.7880106648803724 0.6156615888901902 0
    outer loop
      vertex 11.611161299049854 -11.550022520124912 1
      vertex 11.620825186371803 -11.537653312087059 0
      vertex 11.611161299049854 -11.550022520124912 0
    endloop
  endfacet
  facet normal -0.8265897480377032 0.5628049292951921 0
    outer loop
      vertex 11.620825186371803 -11.537653312087059 1
      vertex 11.856404088437557 -11.191659353673458 0
      vertex 11.620825186371803 -11.537653312087059 0
    endloop
  endfacet
  facet normal -0.746057372474668 0.6658816688993583 0
    outer loop
      vertex 11.33243653178215 -11.862307235598564 1
      vertex 11.611161299049854 -11.550022520124912 1
      vertex 11.611161299049854 -11.550022520124912 0
    endloop
  endfacet
  facet normal -0.7880106648803724 0.6156615888901902 0
    outer loop
      vertex 11.611161299049854 -11.550022520124912 1
      vertex 11.620825186371803 -11.537653312087059 1
      vertex 11.620825186371803 -11.537653312087059 0
    endloop
  endfacet
  facet normal 0 0 -1
    outer loop
      vertex 6.637692764401436 -11.83243653178215 1
      vertex 11.620825186371803 -11.537653312087059 1
      vertex 11.611161299049854 -11.550022520124912 1
    endloop
  endfacet
  facet normal 0 0 -1
    outer loop
      vertex 6.6266907677054405 -11.821240819990635 1
      vertex 11.856404088437557 -11.191659353673458 1
      vertex 11.620825186371803 -11.537653312087059 1
    endloop
  endfacet
  facet normal 0 0 -1
    outer loop
      vertex 6.353458568453789 -11.504139244556427 1
      vertex 11.864370793104172 -11.178134575486183 1
      vertex 11.856404088437557 -11.191659353673458 1
    endloop
  endfacet
  facet normal 0 0 -1
    outer loop
      vertex 6.344012029469013 -11.491603262722492 1
      vertex 12.052773006260395 -10.804351426661015 1
      vertex 11.864370793104172 -11.178134575486183 1
    endloop
  endfacet
  facet normal 0 0 -1
    outer loop
      vertex 6.114507436752319 -11.141550585627556 1
      vertex 12.058906212449074 -10.789902493357658 1
      vertex 12.052773006260395 -10.804351426661015 1
    endloop
  endfacet
  facet normal 0 0 -1
    outer loop
      vertex 6.106777980923653 -11.127888828516006 1
      vertex 12.196908131241798 -10.394725687801838 1
      vertex 12.058906212449074 -10.789902493357658 1
    endloop
  endfacet
  facet normal 0 0 -1
    outer loop
      vertex 5.9249278753995895 -10.750874534249306 1
      vertex 12.201102904975414 -10.379599817097187 1
      vertex 12.196908131241798 -10.394725687801838 1
    endloop
  endfacet
  facet normal 0 0 -1
    outer loop
      vertex 5.919047772884369 -10.73632075637579 1
      vertex 12.286343276500702 -9.969790935516357 1
      vertex 12.201102904975414 -10.379599817097187 1
    endloop
  endfacet
  facet normal 0 0 -1
    outer loop
      vertex 5.787963658571243 -10.33879566937685 1
      vertex 12.288527838885784 -9.954246945679188 1
      vertex 12.286343276500702 -9.969790935516357 1
    endloop
  endfacet
  facet normal 0 0 -1
    outer loop
      vertex 5.784033507108688 -10.323598898947239 1
      vertex 12.319548174738884 -9.53681793063879 1
      vertex 12.288527838885784 -9.954246945679188 1
    endloop
  endfacet
  facet normal 0 0 -1
    outer loop
      vertex 5.705958269536495 -9.912364780902863 1
      vertex 12.319685153663158 -9.52112177759409 1
      vertex 12.319548174738884 -9.53681793063879 1
    endloop
  endfacet
  facet normal 0 0 -1
    outer loop
      vertex 5.680314846336842 -9.47887822240591 1
      vertex 12.294041730463505 -9.087635219097137 1
      vertex 12.295954681932926 -9.103214971721172 1
    endloop
  endfacet
  facet normal 0 0 -1
    outer loop
      vertex 5.704045318067074 -9.896785028278828 1
      vertex 12.295954681932926 -9.103214971721172 1
      vertex 12.319685153663158 -9.52112177759409 1
    endloop
  endfacet
  facet normal 0 0 -1
    outer loop
      vertex 5.680451825261116 -9.46318206936121 1
      vertex 12.215966492891312 -8.676401101052761 1
      vertex 12.294041730463505 -9.087635219097137 1
    endloop
  endfacet
  facet normal -0.9457281227325375 -0.32495894798080377 0
    outer loop
      vertex 12.080475710332394 -8.26226382702589 1
      vertex 10.412110269069672 -3.406819388270378 0
      vertex 12.080475710332394 -8.26226382702589 0
    endloop
  endfacet
  facet normal 0 0 -1
    outer loop
      vertex 5.713656723499298 -9.030209064483643 1
      vertex 12.080952227115631 -8.26367924362421 1
      vertex 12.212036341428757 -8.66120433062315 1
    endloop
  endfacet
  facet normal 0 0 -1
    outer loop
      vertex 5.711472161114216 -9.045753054320812 1
      vertex 12.212036341428757 -8.66120433062315 1
      vertex 12.215966492891312 -8.676401101052761 1
    endloop
  endfacet
  facet normal 0 0 -1
    outer loop
      vertex 5.798897095024586 -8.620400182902813 1
      vertex 12.080475710332394 -8.26226382702589 1
      vertex 12.080952227115631 -8.26367924362421 1
    endloop
  endfacet
  facet normal 0 0 -1
    outer loop
      vertex 5.803091868758202 -8.605274312198162 1
      vertex 10.412110269069672 -3.406819388270378 1
      vertex 12.080475710332394 -8.26226382702589 1
    endloop
  endfacet
  facet normal 0.8195213938476895 -0.5730485887129817 0
    outer loop
      vertex 9.322100684046745 -3.253628522157669 1
      vertex 6.380023017525673 -7.461117446422577 0
      vertex 9.322100684046745 -3.253628522157669 0
    endloop
  endfacet
  facet normal 0 0 -1
    outer loop
      vertex 6.380023017525673 -7.461117446422577 1
      vertex 9.322100684046745 -3.253628522157669 1
      vertex 10.279996782541275 -3.2004163190722466 1
    endloop
  endfacet
  facet normal 0.14780930253181593 0.9890158795919598 0
    outer loop
      vertex 7.735491618514061 -0.06234705448150635 1
      vertex 7.751015953719616 -0.06466718018054962 0
      vertex 7.735491618514061 -0.06234705448150635 0
    endloop
  endfacet
  facet normal 0.08280820353770664 0.9965655028280167 0
    outer loop
      vertex 7.751015953719616 -0.06466718018054962 1
      vertex 8.402800984680653 -0.11882633715867996 0
      vertex 7.751015953719616 -0.06466718018054962 0
    endloop
  endfacet
  facet normal 0.01745221021487824 0.9998476985814467 0
    outer loop
      vertex 8.402800984680653 -0.11882633715867996 1
      vertex 8.41849534213543 -0.11910028010606766 0
      vertex 8.402800984680653 -0.11882633715867996 0
    endloop
  endfacet
  facet normal -0.04797813299109597 0.9988483862702531 0
    outer loop
      vertex 8.41849534213543 -0.11910028010606766 1
      vertex 9.071773447096348 -0.0877210795879364 0
      vertex 8.41849534213543 -0.11910028010606766 0
    endloop
  endfacet
  facet normal 0.21217767922455036 0.977231104928043 0
    outer loop
      vertex 7.096351899206638 0.07642378658056259 1
      vertex 7.735491618514061 -0.06234705448150635 1
      vertex 7.735491618514061 -0.06234705448150635 0
    endloop
  endfacet
  facet normal 0.14780930253181593 0.9890158795919598 0
    outer loop
      vertex 7.735491618514061 -0.06234705448150635 1
      vertex 7.751015953719616 -0.06466718018054962 1
      vertex 7.751015953719616 -0.06466718018054962 0
    endloop
  endfacet
  facet normal 0.08280820353770664 0.9965655028280167 0
    outer loop
      vertex 7.751015953719616 -0.06466718018054962 1
      vertex 8.402800984680653 -0.11882633715867996 1
      vertex 8.402800984680653 -0.11882633715867996 0
    endloop
  endfacet
  facet normal 0.01745221021487824 0.9998476985814467 0
    outer loop
      vertex 8.402800984680653 -0.11882633715867996 1
      vertex 8.41849534213543 -0.11910028010606766 1
      vertex 8.41849534213543 -0.11910028010606766 0
    endloop
  endfacet
  facet normal 0 0 -1
    outer loop
      vertex 7.735491618514061 -0.06234705448150635 1
      vertex 9.746193192899227 0.03423387557268143 1
      vertex 7.751015953719616 -0.06466718018054962 1
    endloop
  endfacet
  facet normal 0 0 -1
    outer loop
      vertex 7.751015953719616 -0.06466718018054962 1
      vertex 9.730962701141834 0.03043648600578308 1
      vertex 8.402800984680653 -0.11882633715867996 1
    endloop
  endfacet
  facet normal 0 0 -1
    outer loop
      vertex 8.402800984680653 -0.11882633715867996 1
      vertex 9.087369292974472 -0.08594416081905365 1
      vertex 8.41849534213543 -0.11910028010606766 1
    endloop
  endfacet
  facet normal 0.7841642281296587 -0.6205533525183927 0
    outer loop
      vertex 9.330916367471218 -3.24248855561018 1
      vertex 9.322100684046745 -3.253628522157669 0
      vertex 9.330916367471218 -3.24248855561018 0
    endloop
  endfacet
  facet normal 0.7460573515559702 -0.6658816923367779 0
    outer loop
      vertex 9.375512331724167 -3.1925230026245117 1
      vertex 9.330916367471218 -3.24248855561018 0
      vertex 9.375512331724167 -3.1925230026245117 0
    endloop
  endfacet
  facet normal 0.7009093083718334 -0.7132504058447624 0
    outer loop
      vertex 9.386708043515682 -3.1815210059285164 1
      vertex 9.375512331724167 -3.1925230026245117 0
      vertex 9.386708043515682 -3.1815210059285164 0
    endloop
  endfacet
  facet normal 0.6527598020513626 -0.7575649416557407 0
    outer loop
      vertex 9.437444299459457 -3.1378038451075554 1
      vertex 9.386708043515682 -3.1815210059285164 0
      vertex 9.437444299459457 -3.1378038451075554 0
    endloop
  endfacet
  facet normal 0.6018149866547191 -0.7986355375500016 0
    outer loop
      vertex 9.449980281293392 -3.12835730612278 1
      vertex 9.437444299459457 -3.1378038451075554 0
      vertex 9.449980281293392 -3.12835730612278 0
    endloop
  endfacet
  facet normal 0.5482931843679139 -0.8362861854507062 0
    outer loop
      vertex 9.505988709628582 -3.091636575758457 1
      vertex 9.449980281293392 -3.12835730612278 0
      vertex 9.505988709628582 -3.091636575758457 0
    endloop
  endfacet
  facet normal 0.49242331238253584 -0.8703558360936128 0
    outer loop
      vertex 9.51965045928955 -3.0839071348309517 1
      vertex 9.505988709628582 -3.091636575758457 0
      vertex 9.51965045928955 -3.0839071348309517 0
    endloop
  endfacet
  facet normal 0.43444528793811166 -0.9006982245948814 0
    outer loop
      vertex 9.579972751438618 -3.0548111125826836 1
      vertex 9.51965045928955 -3.0839071348309517 0
      vertex 9.579972751438618 -3.0548111125826836 0
    endloop
  endfacet
  facet normal 0.37460670404167046 -0.927183809871072 0
    outer loop
      vertex 9.594526529312134 -3.0489310026168823 1
      vertex 9.579972751438618 -3.0548111125826836 0
      vertex 9.594526529312134 -3.0489310026168823 0
    endloop
  endfacet
  facet normal 0.313163821100952 -0.9496991213818464 0
    outer loop
      vertex 9.658130541443825 -3.027957543730736 1
      vertex 9.594526529312134 -3.0489310026168823 0
      vertex 9.658130541443825 -3.027957543730736 0
    endloop
  endfacet
  facet normal 0.25037996846737814 -0.9681476495815474 0
    outer loop
      vertex 9.673327311873436 -3.024027392268181 1
      vertex 9.658130541443825 -3.027957543730736 0
      vertex 9.673327311873436 -3.024027392268181 0
    endloop
  endfacet
  facet normal 0.18652411766996194 -0.9824503822216379 0
    outer loop
      vertex 9.739124782383442 -3.011535346508026 1
      vertex 9.673327311873436 -3.024027392268181 0
      vertex 9.739124782383442 -3.011535346508026 0
    endloop
  endfacet
  facet normal 0.12186883182154368 -0.9925462144557564 0
    outer loop
      vertex 9.754704527556896 -3.0096224024891853 1
      vertex 9.739124782383442 -3.011535346508026 0
      vertex 9.754704527556896 -3.0096224024891853 0
    endloop
  endfacet
  facet normal 0.05669268085203859 -0.998391676616852 0
    outer loop
      vertex 9.821569621562958 -3.0058255344629288 1
      vertex 9.754704527556896 -3.0096224024891853 0
      vertex 9.821569621562958 -3.0058255344629288 0
    endloop
  endfacet
  facet normal -0.008726111957830109 -0.9999619267602639 0
    outer loop
      vertex 9.837265759706497 -3.0059625059366226 1
      vertex 9.821569621562958 -3.0058255344629288 0
      vertex 9.837265759706497 -3.0059625059366226 0
    endloop
  endfacet
  facet normal -0.07410843011303557 -0.9972501895643747 0
    outer loop
      vertex 9.904054395854473 -3.010925754904747 1
      vertex 9.837265759706497 -3.0059625059366226 0
      vertex 9.904054395854473 -3.010925754904747 0
    endloop
  endfacet
  facet normal -0.26723841176037705 -0.9636304433130946 0
    outer loop
      vertex 10.00029368698597 -3.0309435576200485 1
      vertex 9.9851678237319 -3.0267487838864326 0
      vertex 10.00029368698597 -3.0309435576200485 0
    endloop
  endfacet
  facet normal -0.13917331850708417 -0.9902680381673064 0
    outer loop
      vertex 9.919598393142223 -3.01311032474041 1
      vertex 9.904054395854473 -3.010925754904747 0
      vertex 9.919598393142223 -3.01311032474041 0
    endloop
  endfacet
  facet normal -0.20364172207899076 -0.9790454785293189 0
    outer loop
      vertex 9.9851678237319 -3.0267487838864326 1
      vertex 9.919598393142223 -3.01311032474041 0
      vertex 9.9851678237319 -3.0267487838864326 0
    endloop
  endfacet
  facet normal -0.3296906913507054 -0.9440890042981616 0
    outer loop
      vertex 10.063521973788738 -3.0530238673090935 1
      vertex 10.00029368698597 -3.0309435576200485 0
      vertex 10.063521973788738 -3.0530238673090935 0
    endloop
  endfacet
  facet normal -0.39073141625713653 -0.9205047313021767 0
    outer loop
      vertex 10.077970907092094 -3.059157080948353 1
      vertex 10.063521973788738 -3.0530238673090935 0
      vertex 10.077970907092094 -3.059157080948353 0
    endloop
  endfacet
  facet normal -0.5628048823300134 -0.8265897800151535 0
    outer loop
      vertex 10.206660017371178 -3.1349607557058334 1
      vertex 10.151300981640816 -3.097268134355545 0
      vertex 10.206660017371178 -3.1349607557058334 0
    endloop
  endfacet
  facet normal -0.615661358611177 -0.7880108447940546 0
    outer loop
      vertex 10.219029232859612 -3.1446246430277824 1
      vertex 10.206660017371178 -3.1349607557058334 0
      vertex 10.219029232859612 -3.1446246430277824 0
    endloop
  endfacet
  facet normal -0.6658816923367779 -0.7460573515559702 0
    outer loop
      vertex 10.26899478584528 -3.189220607280731 1
      vertex 10.219029232859612 -3.1446246430277824 0
      vertex 10.26899478584528 -3.189220607280731 0
    endloop
  endfacet
  facet normal -0.7132504058447624 -0.7009093083718334 0
    outer loop
      vertex 10.279996782541275 -3.2004163190722466 1
      vertex 10.26899478584528 -3.189220607280731 0
      vertex 10.279996782541275 -3.2004163190722466 0
    endloop
  endfacet
  facet normal -0.4500984587686112 -0.8929789344738883 0
    outer loop
      vertex 10.137776210904121 -3.089301437139511 1
      vertex 10.077970907092094 -3.059157080948353 0
      vertex 10.137776210904121 -3.089301437139511 0
    endloop
  endfacet
  facet normal -0.5075382880120832 -0.8616292045896331 0
    outer loop
      vertex 10.151300981640816 -3.097268134355545 1
      vertex 10.137776210904121 -3.089301437139511 0
      vertex 10.151300981640816 -3.097268134355545 0
    endloop
  endfacet
  facet normal 0.7841642281296587 -0.6205533525183927 0
    outer loop
      vertex 9.322100684046745 -3.253628522157669 1
      vertex 9.322100684046745 -3.253628522157669 0
      vertex 9.330916367471218 -3.24248855561018 1
    endloop
  endfacet
  facet normal 0.7460573515559702 -0.6658816923367779 0
    outer loop
      vertex 9.330916367471218 -3.24248855561018 1
      vertex 9.330916367471218 -3.24248855561018 0
      vertex 9.375512331724167 -3.1925230026245117 1
    endloop
  endfacet
  facet normal 0.7009093083718334 -0.7132504058447624 0
    outer loop
      vertex 9.375512331724167 -3.1925230026245117 1
      vertex 9.375512331724167 -3.1925230026245117 0
      vertex 9.386708043515682 -3.1815210059285164 1
    endloop
  endfacet
  facet normal 0.6527598020513626 -0.7575649416557407 0
    outer loop
      vertex 9.386708043515682 -3.1815210059285164 1
      vertex 9.386708043515682 -3.1815210059285164 0
      vertex 9.437444299459457 -3.1378038451075554 1
    endloop
  endfacet
  facet normal 0.6018149866547191 -0.7986355375500016 0
    outer loop
      vertex 9.437444299459457 -3.1378038451075554 1
      vertex 9.437444299459457 -3.1378038451075554 0
      vertex 9.449980281293392 -3.12835730612278 1
    endloop
  endfacet
  facet normal 0.5482931843679139 -0.8362861854507062 0
    outer loop
      vertex 9.449980281293392 -3.12835730612278 1
      vertex 9.449980281293392 -3.12835730612278 0
      vertex 9.505988709628582 -3.091636575758457 1
    endloop
  endfacet
  facet normal 0.49242331238253584 -0.8703558360936128 0
    outer loop
      vertex 9.51965045928955 -3.0839071348309517 1
      vertex 9.505988709628582 -3.091636575758457 1
      vertex 9.505988709628582 -3.091636575758457 0
    endloop
  endfacet
  facet normal 0.43444528793811166 -0.9006982245948814 0
    outer loop
      vertex 9.51965045928955 -3.0839071348309517 1
      vertex 9.51965045928955 -3.0839071348309517 0
      vertex 9.579972751438618 -3.0548111125826836 1
    endloop
  endfacet
  facet normal 0.37460670404167046 -0.927183809871072 0
    outer loop
      vertex 9.579972751438618 -3.0548111125826836 1
      vertex 9.579972751438618 -3.0548111125826836 0
      vertex 9.594526529312134 -3.0489310026168823 1
    endloop
  endfacet
  facet normal 0.313163821100952 -0.9496991213818464 0
    outer loop
      vertex 9.594526529312134 -3.0489310026168823 1
      vertex 9.594526529312134 -3.0489310026168823 0
      vertex 9.658130541443825 -3.027957543730736 1
    endloop
  endfacet
  facet normal 0.25037996846737814 -0.9681476495815474 0
    outer loop
      vertex 9.658130541443825 -3.027957543730736 1
      vertex 9.658130541443825 -3.027957543730736 0
      vertex 9.673327311873436 -3.024027392268181 1
    endloop
  endfacet
  facet normal 0.18652411766996194 -0.9824503822216379 0
    outer loop
      vertex 9.673327311873436 -3.024027392268181 1
      vertex 9.673327311873436 -3.024027392268181 0
      vertex 9.739124782383442 -3.011535346508026 1
    endloop
  endfacet
  facet normal 0.12186883182154368 -0.9925462144557564 0
    outer loop
      vertex 9.754704527556896 -3.0096224024891853 1
      vertex 9.739124782383442 -3.011535346508026 1
      vertex 9.739124782383442 -3.011535346508026 0
    endloop
  endfacet
  facet normal 0.05669268085203859 -0.998391676616852 0
    outer loop
      vertex 9.754704527556896 -3.0096224024891853 1
      vertex 9.754704527556896 -3.0096224024891853 0
      vertex 9.821569621562958 -3.0058255344629288 1
    endloop
  endfacet
  facet normal -0.008726111957830109 -0.9999619267602639 0
    outer loop
      vertex 9.837265759706497 -3.0059625059366226 1
      vertex 9.821569621562958 -3.0058255344629288 1
      vertex 9.821569621562958 -3.0058255344629288 0
    endloop
  endfacet
  facet normal -0.07410843011303557 -0.9972501895643747 0
    outer loop
      vertex 9.837265759706497 -3.0059625059366226 1
      vertex 9.837265759706497 -3.0059625059366226 0
      vertex 9.904054395854473 -3.010925754904747 1
    endloop
  endfacet
  facet normal -0.13917331850708417 -0.9902680381673064 0
    outer loop
      vertex 9.904054395854473 -3.010925754904747 1
      vertex 9.904054395854473 -3.010925754904747 0
      vertex 9.919598393142223 -3.01311032474041 1
    endloop
  endfacet
  facet normal -0.20364172207899076 -0.9790454785293189 0
    outer loop
      vertex 9.919598393142223 -3.01311032474041 1
      vertex 9.919598393142223 -3.01311032474041 0
      vertex 9.9851678237319 -3.0267487838864326 1
    endloop
  endfacet
  facet normal -0.26723841176037705 -0.9636304433130946 0
    outer loop
      vertex 9.9851678237319 -3.0267487838864326 1
      vertex 9.9851678237319 -3.0267487838864326 0
      vertex 10.00029368698597 -3.0309435576200485 1
    endloop
  endfacet
  facet normal -0.3296906913507054 -0.9440890042981616 0
    outer loop
      vertex 10.00029368698597 -3.0309435576200485 1
      vertex 10.00029368698597 -3.0309435576200485 0
      vertex 10.063521973788738 -3.0530238673090935 1
    endloop
  endfacet
  facet normal -0.39073141625713653 -0.9205047313021767 0
    outer loop
      vertex 10.063521973788738 -3.0530238673090935 1
      vertex 10.063521973788738 -3.0530238673090935 0
      vertex 10.077970907092094 -3.059157080948353 1
    endloop
  endfacet
  facet normal -0.615661358611177 -0.7880108447940546 0
    outer loop
      vertex 10.219029232859612 -3.1446246430277824 1
      vertex 10.206660017371178 -3.1349607557058334 1
      vertex 10.206660017371178 -3.1349607557058334 0
    endloop
  endfacet
  facet normal -0.7132504058447624 -0.7009093083718334 0
    outer loop
      vertex 10.26899478584528 -3.189220607280731 1
      vertex 10.26899478584528 -3.189220607280731 0
      vertex 10.279996782541275 -3.2004163190722466 1
    endloop
  endfacet
  facet normal -0.6658816923367779 -0.7460573515559702 0
    outer loop
      vertex 10.219029232859612 -3.1446246430277824 1
      vertex 10.219029232859612 -3.1446246430277824 0
      vertex 10.26899478584528 -3.189220607280731 1
    endloop
  endfacet
  facet normal -0.5075382880120832 -0.8616292045896331 0
    outer loop
      vertex 10.137776210904121 -3.089301437139511 1
      vertex 10.137776210904121 -3.089301437139511 0
      vertex 10.151300981640816 -3.097268134355545 1
    endloop
  endfacet
  facet normal -0.4500984587686112 -0.8929789344738883 0
    outer loop
      vertex 10.077970907092094 -3.059157080948353 1
      vertex 10.077970907092094 -3.059157080948353 0
      vertex 10.137776210904121 -3.089301437139511 1
    endloop
  endfacet
  facet normal -0.5628048823300134 -0.8265897800151535 0
    outer loop
      vertex 10.206660017371178 -3.1349607557058334 1
      vertex 10.151300981640816 -3.097268134355545 1
      vertex 10.151300981640816 -3.097268134355545 0
    endloop
  endfacet
  facet normal -0.9457281227325375 -0.32495894798080377 5.40614330025319e-17
    outer loop
      vertex 12.080475710332394 -8.26226382702589 1
      vertex 10.412110269069672 -3.406819388270378 1
      vertex 10.412110269069672 -3.406819388270378 0
    endloop
  endfacet
  facet normal -0.9248347641747601 -0.38036910885850855 0
    outer loop
      vertex 10.412110269069672 -3.406819388270378 1
      vertex 10.406706683337688 -3.3936810344457626 0
      vertex 10.412110269069672 -3.406819388270378 0
    endloop
  endfacet
  facet normal -0.9006982681266148 -0.4344451976874835 0
    outer loop
      vertex 10.406706683337688 -3.3936810344457626 1
      vertex 10.377610668540001 -3.3333587422966957 0
      vertex 10.406706683337688 -3.3936810344457626 0
    endloop
  endfacet
  facet normal -0.8703557477585137 -0.4924234685143659 0
    outer loop
      vertex 10.377610668540001 -3.3333587422966957 1
      vertex 10.369881220161915 -3.3196969851851463 0
      vertex 10.377610668540001 -3.3333587422966957 0
    endloop
  endfacet
  facet normal -0.7575649492664935 -0.6527597932186502 0
    outer loop
      vertex 10.323713935911655 -3.251152567565441 1
      vertex 10.279996782541275 -3.2004163190722466 0
      vertex 10.323713935911655 -3.251152567565441 0
    endloop
  endfacet
  facet normal -0.8362861168736844 -0.5482932889652529 0
    outer loop
      vertex 10.369881220161915 -3.3196969851851463 1
      vertex 10.333160474896431 -3.263688549399376 0
      vertex 10.369881220161915 -3.3196969851851463 0
    endloop
  endfacet
  facet normal -0.7986355375500016 -0.6018149866547191 0
    outer loop
      vertex 10.333160474896431 -3.263688549399376 1
      vertex 10.323713935911655 -3.251152567565441 0
      vertex 10.333160474896431 -3.263688549399376 0
    endloop
  endfacet
  facet normal -0.8703557477585137 -0.4924234685143659 0
    outer loop
      vertex 10.377610668540001 -3.3333587422966957 1
      vertex 10.369881220161915 -3.3196969851851463 1
      vertex 10.369881220161915 -3.3196969851851463 0
    endloop
  endfacet
  facet normal -0.9248347641747601 -0.38036910885850855 0
    outer loop
      vertex 10.412110269069672 -3.406819388270378 1
      vertex 10.406706683337688 -3.3936810344457626 1
      vertex 10.406706683337688 -3.3936810344457626 0
    endloop
  endfacet
  facet normal -0.9006982681266148 -0.4344451976874835 0
    outer loop
      vertex 10.377610668540001 -3.3333587422966957 1
      vertex 10.377610668540001 -3.3333587422966957 0
      vertex 10.406706683337688 -3.3936810344457626 1
    endloop
  endfacet
  facet normal -0.7986355375500016 -0.6018149866547191 0
    outer loop
      vertex 10.323713935911655 -3.251152567565441 1
      vertex 10.323713935911655 -3.251152567565441 0
      vertex 10.333160474896431 -3.263688549399376 1
    endloop
  endfacet
  facet normal -0.7575649492664935 -0.6527597932186502 0
    outer loop
      vertex 10.323713935911655 -3.251152567565441 1
      vertex 10.279996782541275 -3.2004163190722466 1
      vertex 10.279996782541275 -3.2004163190722466 0
    endloop
  endfacet
  facet normal -0.8362861168736844 -0.5482932889652529 0
    outer loop
      vertex 10.369881220161915 -3.3196969851851463 1
      vertex 10.333160474896431 -3.263688549399376 1
      vertex 10.333160474896431 -3.263688549399376 0
    endloop
  endfacet
  facet normal 0 0 -1
    outer loop
      vertex 5.941093787550926 -8.210097506642342 1
      vertex 10.406706683337688 -3.3936810344457626 1
      vertex 10.412110269069672 -3.406819388270378 1
    endloop
  endfacet
  facet normal 0 0 -1
    outer loop
      vertex 5.947226993739605 -8.195648573338985 1
      vertex 10.377610668540001 -3.3333587422966957 1
      vertex 10.406706683337688 -3.3936810344457626 1
    endloop
  endfacet
  facet normal 0 0 -1
    outer loop
      vertex 6.143595911562443 -7.808340646326542 1
      vertex 10.333160474896431 -3.263688549399376 1
      vertex 10.369881220161915 -3.3196969851851463 1
    endloop
  endfacet
  facet normal 0 0 -1
    outer loop
      vertex 6.135629206895828 -7.821865424513817 1
      vertex 10.369881220161915 -3.3196969851851463 1
      vertex 10.377610668540001 -3.3333587422966957 1
    endloop
  endfacet
  facet normal 0 0 -1
    outer loop
      vertex 6.380023017525673 -7.461117446422577 1
      vertex 10.279996782541275 -3.2004163190722466 1
      vertex 10.323713935911655 -3.251152567565441 1
    endloop
  endfacet
  facet normal 0 0 -1
    outer loop
      vertex 6.379174813628197 -7.462346687912941 1
      vertex 10.323713935911655 -3.251152567565441 1
      vertex 10.333160474896431 -3.263688549399376 1
    endloop
  endfacet
  facet normal 0 0 -1
    outer loop
      vertex 9.322100684046745 -3.253628522157669 1
      vertex 9.330916367471218 -3.24248855561018 1
      vertex 10.26899478584528 -3.189220607280731 1
    endloop
  endfacet
  facet normal 0 0 -1
    outer loop
      vertex 9.330916367471218 -3.24248855561018 1
      vertex 9.375512331724167 -3.1925230026245117 1
      vertex 10.219029232859612 -3.1446246430277824 1
    endloop
  endfacet
  facet normal 0 0 -1
    outer loop
      vertex 9.375512331724167 -3.1925230026245117 1
      vertex 9.386708043515682 -3.1815210059285164 1
      vertex 10.206660017371178 -3.1349607557058334 1
    endloop
  endfacet
  facet normal 0 0 -1
    outer loop
      vertex 9.386708043515682 -3.1815210059285164 1
      vertex 9.437444299459457 -3.1378038451075554 1
      vertex 10.151300981640816 -3.097268134355545 1
    endloop
  endfacet
  facet normal 0 0 -1
    outer loop
      vertex 9.437444299459457 -3.1378038451075554 1
      vertex 9.449980281293392 -3.12835730612278 1
      vertex 10.137776210904121 -3.089301437139511 1
    endloop
  endfacet
  facet normal 0 0 -1
    outer loop
      vertex 9.449980281293392 -3.12835730612278 1
      vertex 9.505988709628582 -3.091636575758457 1
      vertex 10.077970907092094 -3.059157080948353 1
    endloop
  endfacet
  facet normal 0 0 -1
    outer loop
      vertex 9.51965045928955 -3.0839071348309517 1
      vertex 10.063521973788738 -3.0530238673090935 1
      vertex 9.505988709628582 -3.091636575758457 1
    endloop
  endfacet
  facet normal 0 0 -1
    outer loop
      vertex 9.51965045928955 -3.0839071348309517 1
      vertex 9.579972751438618 -3.0548111125826836 1
      vertex 10.00029368698597 -3.0309435576200485 1
    endloop
  endfacet
  facet normal 0 0 -1
    outer loop
      vertex 9.579972751438618 -3.0548111125826836 1
      vertex 9.594526529312134 -3.0489310026168823 1
      vertex 9.9851678237319 -3.0267487838864326 1
    endloop
  endfacet
  facet normal 0 0 -1
    outer loop
      vertex 9.594526529312134 -3.0489310026168823 1
      vertex 9.658130541443825 -3.027957543730736 1
      vertex 9.919598393142223 -3.01311032474041 1
    endloop
  endfacet
  facet normal 0 0 -1
    outer loop
      vertex 9.658130541443825 -3.027957543730736 1
      vertex 9.673327311873436 -3.024027392268181 1
      vertex 9.904054395854473 -3.010925754904747 1
    endloop
  endfacet
  facet normal 0 0 -1
    outer loop
      vertex 9.673327311873436 -3.024027392268181 1
      vertex 9.739124782383442 -3.011535346508026 1
      vertex 9.837265759706497 -3.0059625059366226 1
    endloop
  endfacet
  facet normal 0 0 -1
    outer loop
      vertex 9.754704527556896 -3.0096224024891853 1
      vertex 9.821569621562958 -3.0058255344629288 1
      vertex 9.739124782383442 -3.011535346508026 1
    endloop
  endfacet
  facet normal 0 0 -1
    outer loop
      vertex 9.673327311873436 -3.024027392268181 1
      vertex 9.837265759706497 -3.0059625059366226 1
      vertex 9.904054395854473 -3.010925754904747 1
    endloop
  endfacet
  facet normal 0 0 -1
    outer loop
      vertex 9.739124782383442 -3.011535346508026 1
      vertex 9.821569621562958 -3.0058255344629288 1
      vertex 9.837265759706497 -3.0059625059366226 1
    endloop
  endfacet
  facet normal 0 0 -1
    outer loop
      vertex 9.51965045928955 -3.0839071348309517 1
      vertex 10.00029368698597 -3.0309435576200485 1
      vertex 10.063521973788738 -3.0530238673090935 1
    endloop
  endfacet
  facet normal 0 0 -1
    outer loop
      vertex 9.594526529312134 -3.0489310026168823 1
      vertex 9.919598393142223 -3.01311032474041 1
      vertex 9.9851678237319 -3.0267487838864326 1
    endloop
  endfacet
  facet normal 0 0 -1
    outer loop
      vertex 9.579972751438618 -3.0548111125826836 1
      vertex 9.9851678237319 -3.0267487838864326 1
      vertex 10.00029368698597 -3.0309435576200485 1
    endloop
  endfacet
  facet normal 0 0 -1
    outer loop
      vertex 9.437444299459457 -3.1378038451075554 1
      vertex 10.137776210904121 -3.089301437139511 1
      vertex 10.151300981640816 -3.097268134355545 1
    endloop
  endfacet
  facet normal 0 0 -1
    outer loop
      vertex 9.449980281293392 -3.12835730612278 1
      vertex 10.077970907092094 -3.059157080948353 1
      vertex 10.137776210904121 -3.089301437139511 1
    endloop
  endfacet
  facet normal 0 0 -1
    outer loop
      vertex 9.505988709628582 -3.091636575758457 1
      vertex 10.063521973788738 -3.0530238673090935 1
      vertex 10.077970907092094 -3.059157080948353 1
    endloop
  endfacet
  facet normal 0 0 -1
    outer loop
      vertex 9.658130541443825 -3.027957543730736 1
      vertex 9.904054395854473 -3.010925754904747 1
      vertex 9.919598393142223 -3.01311032474041 1
    endloop
  endfacet
  facet normal 0 0 -1
    outer loop
      vertex 9.322100684046745 -3.253628522157669 1
      vertex 10.26899478584528 -3.189220607280731 1
      vertex 10.279996782541275 -3.2004163190722466 1
    endloop
  endfacet
  facet normal 0 0 -1
    outer loop
      vertex 9.330916367471218 -3.24248855561018 1
      vertex 10.219029232859612 -3.1446246430277824 1
      vertex 10.26899478584528 -3.189220607280731 1
    endloop
  endfacet
  facet normal 0 0 -1
    outer loop
      vertex 9.386708043515682 -3.1815210059285164 1
      vertex 10.151300981640816 -3.097268134355545 1
      vertex 10.206660017371178 -3.1349607557058334 1
    endloop
  endfacet
  facet normal 0 0 -1
    outer loop
      vertex 9.375512331724167 -3.1925230026245117 1
      vertex 10.206660017371178 -3.1349607557058334 1
      vertex 10.219029232859612 -3.1446246430277824 1
    endloop
  endfacet
  facet normal -0.11320299879242003 0.9935718801699267 0
    outer loop
      vertex 9.071773447096348 -0.0877210795879364 1
      vertex 9.087369292974472 -0.08594416081905365 0
      vertex 9.071773447096348 -0.0877210795879364 0
    endloop
  endfacet
  facet normal -0.17794354547556465 0.9840406976459792 0
    outer loop
      vertex 9.087369292974472 -0.08594416081905365 1
      vertex 9.730962701141834 0.03043648600578308 0
      vertex 9.087369292974472 -0.08594416081905365 0
    endloop
  endfacet
  facet normal -0.04797813299109597 0.9988483862702531 0
    outer loop
      vertex 8.41849534213543 -0.11910028010606766 1
      vertex 9.071773447096348 -0.0877210795879364 1
      vertex 9.071773447096348 -0.0877210795879364 0
    endloop
  endfacet
  facet normal -0.11320299879242003 0.9935718801699267 0
    outer loop
      vertex 9.071773447096348 -0.0877210795879364 1
      vertex 9.087369292974472 -0.08594416081905365 1
      vertex 9.087369292974472 -0.08594416081905365 0
    endloop
  endfacet
  facet normal -0.17794354547556465 0.9840406976459792 0
    outer loop
      vertex 9.087369292974472 -0.08594416081905365 1
      vertex 9.730962701141834 0.03043648600578308 1
      vertex 9.730962701141834 0.03043648600578308 0
    endloop
  endfacet
  facet normal 0 0 -1
    outer loop
      vertex 8.41849534213543 -0.11910028010606766 1
      vertex 9.087369292974472 -0.08594416081905365 1
      vertex 9.071773447096348 -0.0877210795879364 1
    endloop
  endfacet
  facet normal 0 0 -1
    outer loop
      vertex 8.402800984680653 -0.11882633715867996 1
      vertex 9.730962701141834 0.03043648600578308 1
      vertex 9.087369292974472 -0.08594416081905365 1
    endloop
  endfacet
  facet normal -0.8616291192866945 0.5075384328277368 0
    outer loop
      vertex 11.856404088437557 -11.191659353673458 1
      vertex 11.864370793104172 -11.178134575486183 0
      vertex 11.856404088437557 -11.191659353673458 0
    endloop
  endfacet
  facet normal -0.8929789469937172 0.4500984339297261 0
    outer loop
      vertex 11.864370793104172 -11.178134575486183 1
      vertex 12.052773006260395 -10.804351426661015 0
      vertex 11.864370793104172 -11.178134575486183 0
    endloop
  endfacet
  facet normal -0.9205049020222424 0.39073101406597094 0
    outer loop
      vertex 12.052773006260395 -10.804351426661015 1
      vertex 12.058906212449074 -10.789902493357658 0
      vertex 12.052773006260395 -10.804351426661015 0
    endloop
  endfacet
  facet normal -0.9440890201495904 0.32969064595918757 0
    outer loop
      vertex 12.058906212449074 -10.789902493357658 1
      vertex 12.196908131241798 -10.394725687801838 0
      vertex 12.058906212449074 -10.789902493357658 0
    endloop
  endfacet
  facet normal -0.963630477211395 0.2672382895270418 0
    outer loop
      vertex 12.196908131241798 -10.394725687801838 1
      vertex 12.201102904975414 -10.379599817097187 0
      vertex 12.196908131241798 -10.394725687801838 0
    endloop
  endfacet
  facet normal -0.8265897480377032 0.5628049292951921 0
    outer loop
      vertex 11.620825186371803 -11.537653312087059 1
      vertex 11.856404088437557 -11.191659353673458 1
      vertex 11.856404088437557 -11.191659353673458 0
    endloop
  endfacet
  facet normal -0.8616291192866945 0.5075384328277368 0
    outer loop
      vertex 11.856404088437557 -11.191659353673458 1
      vertex 11.864370793104172 -11.178134575486183 1
      vertex 11.864370793104172 -11.178134575486183 0
    endloop
  endfacet
  facet normal -0.8929789469937172 0.4500984339297261 0
    outer loop
      vertex 11.864370793104172 -11.178134575486183 1
      vertex 12.052773006260395 -10.804351426661015 1
      vertex 12.052773006260395 -10.804351426661015 0
    endloop
  endfacet
  facet normal -0.9205049020222424 0.39073101406597094 0
    outer loop
      vertex 12.052773006260395 -10.804351426661015 1
      vertex 12.058906212449074 -10.789902493357658 1
      vertex 12.058906212449074 -10.789902493357658 0
    endloop
  endfacet
  facet normal -0.9440890201495904 0.32969064595918757 0
    outer loop
      vertex 12.058906212449074 -10.789902493357658 1
      vertex 12.196908131241798 -10.394725687801838 1
      vertex 12.196908131241798 -10.394725687801838 0
    endloop
  endfacet
  facet normal -0.963630477211395 0.2672382895270418 0
    outer loop
      vertex 12.196908131241798 -10.394725687801838 1
      vertex 12.201102904975414 -10.379599817097187 1
      vertex 12.201102904975414 -10.379599817097187 0
    endloop
  endfacet
  facet normal -0.979045471736912 0.20364175473474844 0
    outer loop
      vertex 12.201102904975414 -10.379599817097187 1
      vertex 12.286343276500702 -9.969790935516357 0
      vertex 12.201102904975414 -10.379599817097187 0
    endloop
  endfacet
  facet normal -0.9902680943902595 0.1391729184600357 0
    outer loop
      vertex 12.286343276500702 -9.969790935516357 1
      vertex 12.288527838885784 -9.954246945679188 0
      vertex 12.286343276500702 -9.969790935516357 0
    endloop
  endfacet
  facet normal -0.9972501848156866 0.07410849401437669 0
    outer loop
      vertex 12.288527838885784 -9.954246945679188 1
      vertex 12.319548174738884 -9.53681793063879 0
      vertex 12.288527838885784 -9.954246945679188 0
    endloop
  endfacet
  facet normal -0.999961922690684 0.008726578295681223 0
    outer loop
      vertex 12.319548174738884 -9.53681793063879 1
      vertex 12.319685153663158 -9.52112177759409 0
      vertex 12.319548174738884 -9.53681793063879 0
    endloop
  endfacet
  facet normal -0.998391670076911 -0.056692796024155126 0
    outer loop
      vertex 12.319685153663158 -9.52112177759409 1
      vertex 12.295954681932926 -9.103214971721172 0
      vertex 12.319685153663158 -9.52112177759409 0
    endloop
  endfacet
  facet normal -0.9925461640905154 -0.12186924201456187 0
    outer loop
      vertex 12.295954681932926 -9.103214971721172 1
      vertex 12.294041730463505 -9.087635219097137 0
      vertex 12.295954681932926 -9.103214971721172 0
    endloop
  endfacet
  facet normal -0.9824503973854256 -0.18652403780000912 0
    outer loop
      vertex 12.294041730463505 -9.087635219097137 1
      vertex 12.215966492891312 -8.676401101052761 0
      vertex 12.294041730463505 -9.087635219097137 0
    endloop
  endfacet
  facet normal -0.979045471736912 0.20364175473474844 0
    outer loop
      vertex 12.201102904975414 -10.379599817097187 1
      vertex 12.286343276500702 -9.969790935516357 1
      vertex 12.286343276500702 -9.969790935516357 0
    endloop
  endfacet
  facet normal -0.9902680943902595 0.1391729184600357 0
    outer loop
      vertex 12.286343276500702 -9.969790935516357 1
      vertex 12.288527838885784 -9.954246945679188 1
      vertex 12.288527838885784 -9.954246945679188 0
    endloop
  endfacet
  facet normal -0.9972501848156866 0.07410849401437669 0
    outer loop
      vertex 12.288527838885784 -9.954246945679188 1
      vertex 12.319548174738884 -9.53681793063879 1
      vertex 12.319548174738884 -9.53681793063879 0
    endloop
  endfacet
  facet normal -0.999961922690684 0.008726578295681223 0
    outer loop
      vertex 12.319548174738884 -9.53681793063879 1
      vertex 12.319685153663158 -9.52112177759409 1
      vertex 12.319685153663158 -9.52112177759409 0
    endloop
  endfacet
  facet normal -0.998391670076911 -0.056692796024155126 0
    outer loop
      vertex 12.319685153663158 -9.52112177759409 1
      vertex 12.295954681932926 -9.103214971721172 1
      vertex 12.295954681932926 -9.103214971721172 0
    endloop
  endfacet
  facet normal -0.9925461640905154 -0.12186924201456187 0
    outer loop
      vertex 12.295954681932926 -9.103214971721172 1
      vertex 12.294041730463505 -9.087635219097137 1
      vertex 12.294041730463505 -9.087635219097137 0
    endloop
  endfacet
  facet normal -0.9824503973854256 -0.18652403780000912 0
    outer loop
      vertex 12.294041730463505 -9.087635219097137 1
      vertex 12.215966492891312 -8.676401101052761 1
      vertex 12.215966492891312 -8.676401101052761 0
    endloop
  endfacet
  facet normal -0.947732684031778 -0.31906544723288677 0
    outer loop
      vertex 12.080952227115631 -8.26367924362421 1
      vertex 12.080475710332394 -8.26226382702589 0
      vertex 12.080952227115631 -8.26367924362421 0
    endloop
  endfacet
  facet normal -0.9681476495815474 -0.25037996846737814 0
    outer loop
      vertex 12.215966492891312 -8.676401101052761 1
      vertex 12.212036341428757 -8.66120433062315 0
      vertex 12.215966492891312 -8.676401101052761 0
    endloop
  endfacet
  facet normal -0.9496991266472172 -0.31316380513321285 0
    outer loop
      vertex 12.212036341428757 -8.66120433062315 1
      vertex 12.080952227115631 -8.26367924362421 0
      vertex 12.212036341428757 -8.66120433062315 0
    endloop
  endfacet
  facet normal -0.947732684031778 -0.31906544723288677 0
    outer loop
      vertex 12.080952227115631 -8.26367924362421 1
      vertex 12.080475710332394 -8.26226382702589 1
      vertex 12.080475710332394 -8.26226382702589 0
    endloop
  endfacet
  facet normal -0.9681476495815474 -0.25037996846737814 0
    outer loop
      vertex 12.215966492891312 -8.676401101052761 1
      vertex 12.212036341428757 -8.66120433062315 1
      vertex 12.212036341428757 -8.66120433062315 0
    endloop
  endfacet
  facet normal -0.9496991266472172 -0.31316380513321285 0
    outer loop
      vertex 12.212036341428757 -8.66120433062315 1
      vertex 12.080952227115631 -8.26367924362421 1
      vertex 12.080952227115631 -8.26367924362421 0
    endloop
  endfacet
  facet normal 0.8038568194413716 0.594822842397299 0
    outer loop
      vertex 4.379791021347046 1.960969127714634 1
      vertex 4.389127805829048 1.948351189494133 0
      vertex 4.379791021347046 1.960969127714634 0
    endloop
  endfacet
  facet normal 0.8746198489745564 0.484809364368846 0
    outer loop
      vertex 4.01836684346199 2.5247636511921883 1
      vertex 4.025976777076721 2.511034958064556 0
      vertex 4.01836684346199 2.5247636511921883 0
    endloop
  endfacet
  facet normal 0.9044551480499772 0.42656873439797943 0
    outer loop
      vertex 3.7393775433301926 3.1163056194782257 1
      vertex 4.01836684346199 2.5247636511921883 0
      vertex 3.7393775433301926 3.1163056194782257 0
    endloop
  endfacet
  facet normal 0.8410390038801696 0.540974485491 0
    outer loop
      vertex 4.025976777076721 2.511034958064556 1
      vertex 4.379791021347046 1.960969127714634 0
      vertex 4.025976777076721 2.511034958064556 0
    endloop
  endfacet
  facet normal 0.8038568194413716 0.594822842397299 0
    outer loop
      vertex 4.379791021347046 1.960969127714634 1
      vertex 4.389127805829048 1.948351189494133 1
      vertex 4.389127805829048 1.948351189494133 0
    endloop
  endfacet
  facet normal 0.8410390038801696 0.540974485491 0
    outer loop
      vertex 4.379791021347046 1.960969127714634 1
      vertex 4.379791021347046 1.960969127714634 0
      vertex 4.025976777076721 2.511034958064556 1
    endloop
  endfacet
  facet normal 0.8746198489745564 0.484809364368846 0
    outer loop
      vertex 4.01836684346199 2.5247636511921883 1
      vertex 4.025976777076721 2.511034958064556 1
      vertex 4.025976777076721 2.511034958064556 0
    endloop
  endfacet
  facet normal 0.9044551480499772 0.42656873439797943 0
    outer loop
      vertex 3.7393775433301926 3.1163056194782257 1
      vertex 4.01836684346199 2.5247636511921883 1
      vertex 4.01836684346199 2.5247636511921883 0
    endloop
  endfacet
  facet normal 0.7193399456637942 0.6946582199703748 0
    outer loop
      vertex 4.811713106930256 1.4491732716560364 1
      vertex 4.82261697947979 1.437881976366043 0
      vertex 4.811713106930256 1.4491732716560364 0
    endloop
  endfacet
  facet normal 0.6723668127265694 0.7402181226800073 0
    outer loop
      vertex 4.82261697947979 1.437881976366043 1
      vertex 5.306742794811726 0.9981330409646034 0
      vertex 4.82261697947979 1.437881976366043 0
    endloop
  endfacet
  facet normal 0.5150382280384526 0.8571672086932695 0
    outer loop
      vertex 5.856410019099712 0.6155658662319183 1
      vertex 5.869864754378796 0.6074814423918724 0
      vertex 5.856410019099712 0.6155658662319183 0
    endloop
  endfacet
  facet normal 0.6225146924948858 0.7826081124215348 0
    outer loop
      vertex 5.306742794811726 0.9981330409646034 1
      vertex 5.319027200341225 0.988361582159996 0
      vertex 5.306742794811726 0.9981330409646034 0
    endloop
  endfacet
  facet normal 0.5699967519217455 0.8216469453473676 0
    outer loop
      vertex 5.319027200341225 0.988361582159996 1
      vertex 5.856410019099712 0.6155658662319183 0
      vertex 5.319027200341225 0.988361582159996 0
    endloop
  endfacet
  facet normal 0.7193399456637942 0.6946582199703748 0
    outer loop
      vertex 4.811713106930256 1.4491732716560364 1
      vertex 4.82261697947979 1.437881976366043 1
      vertex 4.82261697947979 1.437881976366043 0
    endloop
  endfacet
  facet normal 0.5150382280384526 0.8571672086932695 0
    outer loop
      vertex 5.869864754378796 0.6074814423918724 1
      vertex 5.869864754378796 0.6074814423918724 0
      vertex 5.856410019099712 0.6155658662319183 1
    endloop
  endfacet
  facet normal 0.6225146924948858 0.7826081124215348 0
    outer loop
      vertex 5.306742794811726 0.9981330409646034 1
      vertex 5.319027200341225 0.988361582159996 1
      vertex 5.319027200341225 0.988361582159996 0
    endloop
  endfacet
  facet normal 0.6723668127265694 0.7402181226800073 0
    outer loop
      vertex 5.306742794811726 0.9981330409646034 1
      vertex 5.306742794811726 0.9981330409646034 0
      vertex 4.82261697947979 1.437881976366043 1
    endloop
  endfacet
  facet normal 0.5699967519217455 0.8216469453473676 0
    outer loop
      vertex 5.319027200341225 0.988361582159996 1
      vertex 5.856410019099712 0.6155658662319183 1
      vertex 5.856410019099712 0.6155658662319183 0
    endloop
  endfacet
  facet normal 0.7632324695554785 0.6461239799111664 0
    outer loop
      vertex 4.389127805829048 1.948351189494133 1
      vertex 4.811713106930256 1.4491732716560364 0
      vertex 4.389127805829048 1.948351189494133 0
    endloop
  endfacet
  facet normal 0.7632324695554785 0.6461239799111664 0
    outer loop
      vertex 4.389127805829048 1.948351189494133 1
      vertex 4.811713106930256 1.4491732716560364 1
      vertex 4.811713106930256 1.4491732716560364 0
    endloop
  endfacet
  facet normal 0.9523957998031193 0.30486429852866836 0
    outer loop
      vertex 3.5342338755726814 3.753806807100773 1
      vertex 3.733624666929245 3.130910150706768 0
      vertex 3.5342338755726814 3.753806807100773 0
    endloop
  endfacet
  facet normal 0.9702957042225937 0.2419219840510179 0
    outer loop
      vertex 3.530436486005783 3.7690372988581657 1
      vertex 3.5342338755726814 3.753806807100773 0
      vertex 3.530436486005783 3.7690372988581657 0
    endloop
  endfacet
  facet normal 0.9840406976459792 0.17794354547556465 0
    outer loop
      vertex 3.4140558391809464 4.412630707025528 1
      vertex 3.530436486005783 3.7690372988581657 0
      vertex 3.4140558391809464 4.412630707025528 0
    endloop
  endfacet
  facet normal 0.9304175992957235 0.36650114722983135 0
    outer loop
      vertex 3.733624666929245 3.130910150706768 1
      vertex 3.7393775433301926 3.1163056194782257 0
      vertex 3.733624666929245 3.130910150706768 0
    endloop
  endfacet
  facet normal 0.9523957998031193 0.30486429852866836 0
    outer loop
      vertex 3.733624666929245 3.130910150706768 1
      vertex 3.733624666929245 3.130910150706768 0
      vertex 3.5342338755726814 3.753806807100773 1
    endloop
  endfacet
  facet normal 0.9702957042225937 0.2419219840510179 0
    outer loop
      vertex 3.5342338755726814 3.753806807100773 1
      vertex 3.5342338755726814 3.753806807100773 0
      vertex 3.530436486005783 3.7690372988581657 1
    endloop
  endfacet
  facet normal 0.9840406976459792 0.17794354547556465 0
    outer loop
      vertex 3.530436486005783 3.7690372988581657 1
      vertex 3.530436486005783 3.7690372988581657 0
      vertex 3.4140558391809464 4.412630707025528 1
    endloop
  endfacet
  facet normal 0.9304175992957235 0.36650114722983135 0
    outer loop
      vertex 3.733624666929245 3.130910150706768 1
      vertex 3.7393775433301926 3.1163056194782257 1
      vertex 3.7393775433301926 3.1163056194782257 0
    endloop
  endfacet
  facet normal 0.9935718801699267 0.11320299879242003 0
    outer loop
      vertex 3.4122789204120636 4.428226552903652 1
      vertex 3.4140558391809464 4.412630707025528 0
      vertex 3.4122789204120636 4.428226552903652 0
    endloop
  endfacet
  facet normal 0.9988483862702531 0.04797813299109597 0
    outer loop
      vertex 3.3808997198939323 5.081504657864571 1
      vertex 3.4122789204120636 4.428226552903652 0
      vertex 3.3808997198939323 5.081504657864571 0
    endloop
  endfacet
  facet normal 0.9998476985814467 -0.01745221021487824 0
    outer loop
      vertex 3.38117366284132 5.097199015319347 1
      vertex 3.3808997198939323 5.081504657864571 0
      vertex 3.38117366284132 5.097199015319347 0
    endloop
  endfacet
  facet normal 0.9965655028280167 -0.08280820353770664 0
    outer loop
      vertex 3.4353328198194504 5.748984046280384 1
      vertex 3.38117366284132 5.097199015319347 0
      vertex 3.4353328198194504 5.748984046280384 0
    endloop
  endfacet
  facet normal 0.9890158795919598 -0.14780930253181593 0
    outer loop
      vertex 3.4376529455184937 5.764508381485939 1
      vertex 3.4353328198194504 5.748984046280384 0
      vertex 3.4376529455184937 5.764508381485939 0
    endloop
  endfacet
  facet normal 0.9935718801699267 0.11320299879242003 0
    outer loop
      vertex 3.4122789204120636 4.428226552903652 1
      vertex 3.4140558391809464 4.412630707025528 1
      vertex 3.4140558391809464 4.412630707025528 0
    endloop
  endfacet
  facet normal 0.9988483862702531 0.04797813299109597 0
    outer loop
      vertex 3.4122789204120636 4.428226552903652 1
      vertex 3.4122789204120636 4.428226552903652 0
      vertex 3.3808997198939323 5.081504657864571 1
    endloop
  endfacet
  facet normal 0.9998476985814467 -0.01745221021487824 0
    outer loop
      vertex 3.3808997198939323 5.081504657864571 1
      vertex 3.3808997198939323 5.081504657864571 0
      vertex 3.38117366284132 5.097199015319347 1
    endloop
  endfacet
  facet normal 0.9965655028280167 -0.08280820353770664 0
    outer loop
      vertex 3.38117366284132 5.097199015319347 1
      vertex 3.38117366284132 5.097199015319347 0
      vertex 3.4353328198194504 5.748984046280384 1
    endloop
  endfacet
  facet normal 0.9890158795919598 -0.14780930253181593 0
    outer loop
      vertex 3.4376529455184937 5.764508381485939 1
      vertex 3.4353328198194504 5.748984046280384 1
      vertex 3.4353328198194504 5.748984046280384 0
    endloop
  endfacet
  facet normal 0.977231104928043 -0.21217767922455036 0
    outer loop
      vertex 3.5764237865805626 6.403648100793362 1
      vertex 3.4376529455184937 5.764508381485939 0
      vertex 3.5764237865805626 6.403648100793362 0
    endloop
  endfacet
  facet normal 0.9612616791023696 -0.275637414530925 0
    outer loop
      vertex 3.580750398337841 6.418736785650253 1
      vertex 3.5764237865805626 6.403648100793362 0
      vertex 3.580750398337841 6.418736785650253 0
    endloop
  endfacet
  facet normal 0.9411760154433322 -0.33791671748259583 0
    outer loop
      vertex 3.8017585054039955 7.034295350313187 1
      vertex 3.580750398337841 6.418736785650253 0
      vertex 3.8017585054039955 7.034295350313187 0
    endloop
  endfacet
  facet normal 0.9170599892994031 -0.3987492646089503 0
    outer loop
      vertex 3.808017574250698 7.048690214753151 1
      vertex 3.8017585054039955 7.034295350313187 0
      vertex 3.808017574250698 7.048690214753151 0
    endloop
  endfacet
  facet normal 0.977231104928043 -0.21217767922455036 0
    outer loop
      vertex 3.4376529455184937 5.764508381485939 1
      vertex 3.4376529455184937 5.764508381485939 0
      vertex 3.5764237865805626 6.403648100793362 1
    endloop
  endfacet
  facet normal 0.9612616791023696 -0.275637414530925 0
    outer loop
      vertex 3.580750398337841 6.418736785650253 1
      vertex 3.5764237865805626 6.403648100793362 1
      vertex 3.5764237865805626 6.403648100793362 0
    endloop
  endfacet
  facet normal 0.9411760154433322 -0.33791671748259583 0
    outer loop
      vertex 3.580750398337841 6.418736785650253 1
      vertex 3.580750398337841 6.418736785650253 0
      vertex 3.8017585054039955 7.034295350313187 1
    endloop
  endfacet
  facet normal 0.9170599892994031 -0.3987492646089503 0
    outer loop
      vertex 3.8017585054039955 7.034295350313187 1
      vertex 3.8017585054039955 7.034295350313187 0
      vertex 3.808017574250698 7.048690214753151 1
    endloop
  endfacet
  facet normal 0.8890171419587992 -0.45787391419844875 0
    outer loop
      vertex 3.808017574250698 7.048690214753151 1
      vertex 3.808017574250698 7.048690214753151 0
      vertex 4.107481442391872 7.630135245621204 1
    endloop
  endfacet
  facet normal 0.8890171419587992 -0.45787391419844875 0
    outer loop
      vertex 4.107481442391872 7.630135245621204 1
      vertex 3.808017574250698 7.048690214753151 0
      vertex 4.107481442391872 7.630135245621204 0
    endloop
  endfacet
  facet normal 0.8571672086932695 -0.5150382280384526 0
    outer loop
      vertex 4.115565866231918 7.643589980900288 1
      vertex 4.107481442391872 7.630135245621204 0
      vertex 4.115565866231918 7.643589980900288 0
    endloop
  endfacet
  facet normal 0.8216469453473676 -0.5699967519217455 0
    outer loop
      vertex 4.488361582159996 8.180972799658775 1
      vertex 4.115565866231918 7.643589980900288 0
      vertex 4.488361582159996 8.180972799658775 0
    endloop
  endfacet
  facet normal 0.8571672086932695 -0.5150382280384526 0
    outer loop
      vertex 4.107481442391872 7.630135245621204 1
      vertex 4.107481442391872 7.630135245621204 0
      vertex 4.115565866231918 7.643589980900288 1
    endloop
  endfacet
  facet normal 0.8216469453473676 -0.5699967519217455 0
    outer loop
      vertex 4.115565866231918 7.643589980900288 1
      vertex 4.115565866231918 7.643589980900288 0
      vertex 4.488361582159996 8.180972799658775 1
    endloop
  endfacet
  facet normal 0.7826081124215348 -0.6225146924948858 0
    outer loop
      vertex 4.498133040964603 8.193257205188274 1
      vertex 4.488361582159996 8.180972799658775 0
      vertex 4.498133040964603 8.193257205188274 0
    endloop
  endfacet
  facet normal 0.7402181226800073 -0.6723668127265694 0
    outer loop
      vertex 4.937881976366043 8.67738302052021 1
      vertex 4.498133040964603 8.193257205188274 0
      vertex 4.937881976366043 8.67738302052021 0
    endloop
  endfacet
  facet normal 0.7360207898914836 -0.6769589329106431 0
    outer loop
      vertex 4.938892997801304 8.678482249379158 1
      vertex 4.937881976366043 8.67738302052021 0
      vertex 4.938892997801304 8.678482249379158 0
    endloop
  endfacet
  facet normal 0.7826081124215348 -0.6225146924948858 0
    outer loop
      vertex 4.498133040964603 8.193257205188274 1
      vertex 4.488361582159996 8.180972799658775 1
      vertex 4.488361582159996 8.180972799658775 0
    endloop
  endfacet
  facet normal 0.7402181226800073 -0.6723668127265694 0
    outer loop
      vertex 4.498133040964603 8.193257205188274 1
      vertex 4.498133040964603 8.193257205188274 0
      vertex 4.937881976366043 8.67738302052021 1
    endloop
  endfacet
  facet normal 0.7360207898914836 -0.6769589329106431 0
    outer loop
      vertex 4.938892997801304 8.678482249379158 1
      vertex 4.937881976366043 8.67738302052021 1
      vertex 4.937881976366043 8.67738302052021 0
    endloop
  endfacet
  facet normal 0.45787391419844875 0.8890171419587992 0
    outer loop
      vertex 5.869864754378796 0.6074814423918724 1
      vertex 6.451309785246849 0.3080175742506981 0
      vertex 5.869864754378796 0.6074814423918724 0
    endloop
  endfacet
  facet normal 0.3987492646089503 0.9170599892994031 0
    outer loop
      vertex 6.451309785246849 0.3080175742506981 1
      vertex 6.465704649686813 0.3017585054039955 0
      vertex 6.451309785246849 0.3080175742506981 0
    endloop
  endfacet
  facet normal 0.33791671748259583 0.9411760154433322 0
    outer loop
      vertex 6.465704649686813 0.3017585054039955 1
      vertex 7.081263214349747 0.08075039833784103 0
      vertex 6.465704649686813 0.3017585054039955 0
    endloop
  endfacet
  facet normal 0.275637414530925 0.9612616791023696 0
    outer loop
      vertex 7.081263214349747 0.08075039833784103 1
      vertex 7.096351899206638 0.07642378658056259 0
      vertex 7.081263214349747 0.08075039833784103 0
    endloop
  endfacet
  facet normal 0.21217767922455036 0.977231104928043 0
    outer loop
      vertex 7.096351899206638 0.07642378658056259 1
      vertex 7.735491618514061 -0.06234705448150635 0
      vertex 7.096351899206638 0.07642378658056259 0
    endloop
  endfacet
  facet normal 0.3987492646089503 0.9170599892994031 0
    outer loop
      vertex 6.451309785246849 0.3080175742506981 1
      vertex 6.465704649686813 0.3017585054039955 1
      vertex 6.465704649686813 0.3017585054039955 0
    endloop
  endfacet
  facet normal 0.45787391419844875 0.8890171419587992 0
    outer loop
      vertex 5.869864754378796 0.6074814423918724 1
      vertex 6.451309785246849 0.3080175742506981 1
      vertex 6.451309785246849 0.3080175742506981 0
    endloop
  endfacet
  facet normal 0.33791671748259583 0.9411760154433322 0
    outer loop
      vertex 7.081263214349747 0.08075039833784103 1
      vertex 7.081263214349747 0.08075039833784103 0
      vertex 6.465704649686813 0.3017585054039955 1
    endloop
  endfacet
  facet normal 0.275637414530925 0.9612616791023696 0
    outer loop
      vertex 7.081263214349747 0.08075039833784103 1
      vertex 7.096351899206638 0.07642378658056259 1
      vertex 7.096351899206638 0.07642378658056259 0
    endloop
  endfacet
  facet normal 0 0 -1
    outer loop
      vertex 4.379791021347046 1.960969127714634 1
      vertex 12.892518557608128 2.3698647543787956 1
      vertex 4.389127805829048 1.948351189494133 1
    endloop
  endfacet
  facet normal 0 0 -1
    outer loop
      vertex 4.379791021347046 1.960969127714634 1
      vertex 4.025976777076721 2.511034958064556 1
      vertex 13.191982425749302 2.951309785246849 1
    endloop
  endfacet
  facet normal 0 0 -1
    outer loop
      vertex 4.01836684346199 2.5247636511921883 1
      vertex 13.198241494596004 2.9657046496868134 1
      vertex 4.025976777076721 2.511034958064556 1
    endloop
  endfacet
  facet normal 0 0 -1
    outer loop
      vertex 5.869864754378796 0.6074814423918724 1
      vertex 5.856410019099712 0.6155658662319183 1
      vertex 11.551648810505867 0.8891278058290482 1
    endloop
  endfacet
  facet normal 0 0 -1
    outer loop
      vertex 6.451309785246849 0.3080175742506981 1
      vertex 10.988965041935444 0.5259767770767212 1
      vertex 6.465704649686813 0.3017585054039955 1
    endloop
  endfacet
  facet normal 0 0 -1
    outer loop
      vertex 5.869864754378796 0.6074814423918724 1
      vertex 11.539030872285366 0.8797910213470459 1
      vertex 6.451309785246849 0.3080175742506981 1
    endloop
  endfacet
  facet normal 0 0 -1
    outer loop
      vertex 5.306742794811726 0.9981330409646034 1
      vertex 12.062118023633957 1.3226169794797897 1
      vertex 5.319027200341225 0.988361582159996 1
    endloop
  endfacet
  facet normal 0 0 -1
    outer loop
      vertex 5.306742794811726 0.9981330409646034 1
      vertex 4.82261697947979 1.437881976366043 1
      vertex 12.501866959035397 1.8067427948117256 1
    endloop
  endfacet
  facet normal 0 0 -1
    outer loop
      vertex 5.319027200341225 0.988361582159996 1
      vertex 12.050826728343964 1.311713106930256 1
      vertex 5.856410019099712 0.6155658662319183 1
    endloop
  endfacet
  facet normal 0 0 -1
    outer loop
      vertex 7.081263214349747 0.08075039833784103 1
      vertex 10.383694380521774 0.23937754333019257 1
      vertex 7.096351899206638 0.07642378658056259 1
    endloop
  endfacet
  facet normal 0 0 -1
    outer loop
      vertex 7.081263214349747 0.08075039833784103 1
      vertex 6.465704649686813 0.3017585054039955 1
      vertex 10.975236348807812 0.5183668434619904 1
    endloop
  endfacet
  facet normal 0 0 -1
    outer loop
      vertex 7.096351899206638 0.07642378658056259 1
      vertex 10.369089849293232 0.233624666929245 1
      vertex 7.735491618514061 -0.06234705448150635 1
    endloop
  endfacet
  facet normal 0 0 -1
    outer loop
      vertex 4.811713106930256 1.4491732716560364 1
      vertex 12.511638417840004 1.8190272003412247 1
      vertex 4.82261697947979 1.437881976366043 1
    endloop
  endfacet
  facet normal 0 0 -1
    outer loop
      vertex 4.389127805829048 1.948351189494133 1
      vertex 12.884434133768082 2.3564100190997124 1
      vertex 4.811713106930256 1.4491732716560364 1
    endloop
  endfacet
  facet normal 0 0 -1
    outer loop
      vertex 3.733624666929245 3.130910150706768 1
      vertex 13.423576213419437 3.5963518992066383 1
      vertex 3.7393775433301926 3.1163056194782257 1
    endloop
  endfacet
  facet normal 0 0 -1
    outer loop
      vertex 3.7393775433301926 3.1163056194782257 1
      vertex 13.419249601662159 3.5812632143497467 1
      vertex 4.01836684346199 2.5247636511921883 1
    endloop
  endfacet
  facet normal 0 0 -1
    outer loop
      vertex 3.733624666929245 3.130910150706768 1
      vertex 3.5342338755726814 3.753806807100773 1
      vertex 13.562347054481506 4.235491618514061 1
    endloop
  endfacet
  facet normal 0 0 -1
    outer loop
      vertex 3.5342338755726814 3.753806807100773 1
      vertex 3.530436486005783 3.7690372988581657 1
      vertex 13.56466718018055 4.251015953719616 1
    endloop
  endfacet
  facet normal 0 0 -1
    outer loop
      vertex 3.530436486005783 3.7690372988581657 1
      vertex 3.4140558391809464 4.412630707025528 1
      vertex 13.61882633715868 4.902800984680653 1
    endloop
  endfacet
  facet normal 0 0 -1
    outer loop
      vertex 3.4122789204120636 4.428226552903652 1
      vertex 13.619100280106068 4.918495342135429 1
      vertex 3.4140558391809464 4.412630707025528 1
    endloop
  endfacet
  facet normal 0 0 -1
    outer loop
      vertex 3.4122789204120636 4.428226552903652 1
      vertex 3.3808997198939323 5.081504657864571 1
      vertex 13.587721079587936 5.571773447096348 1
    endloop
  endfacet
  facet normal 0 0 -1
    outer loop
      vertex 3.3808997198939323 5.081504657864571 1
      vertex 3.38117366284132 5.097199015319347 1
      vertex 13.585944160819054 5.587369292974472 1
    endloop
  endfacet
  facet normal 0 0 -1
    outer loop
      vertex 3.38117366284132 5.097199015319347 1
      vertex 3.4353328198194504 5.748984046280384 1
      vertex 13.469563513994217 6.230962701141834 1
    endloop
  endfacet
  facet normal -0.2419219840510179 0.9702957042225937 0
    outer loop
      vertex 9.730962701141834 0.03043648600578308 1
      vertex 9.746193192899227 0.03423387557268143 0
      vertex 9.730962701141834 0.03043648600578308 0
    endloop
  endfacet
  facet normal -0.30486429852866836 0.9523957998031193 0
    outer loop
      vertex 9.746193192899227 0.03423387557268143 1
      vertex 10.369089849293232 0.233624666929245 0
      vertex 9.746193192899227 0.03423387557268143 0
    endloop
  endfacet
  facet normal -0.2419219840510179 0.9702957042225937 0
    outer loop
      vertex 9.730962701141834 0.03043648600578308 1
      vertex 9.746193192899227 0.03423387557268143 1
      vertex 9.746193192899227 0.03423387557268143 0
    endloop
  endfacet
  facet normal -0.30486429852866836 0.9523957998031193 0
    outer loop
      vertex 9.746193192899227 0.03423387557268143 1
      vertex 10.369089849293232 0.233624666929245 1
      vertex 10.369089849293232 0.233624666929245 0
    endloop
  endfacet
  facet normal -0.36650114722983135 0.9304175992957235 0
    outer loop
      vertex 10.369089849293232 0.233624666929245 1
      vertex 10.383694380521774 0.23937754333019257 0
      vertex 10.369089849293232 0.233624666929245 0
    endloop
  endfacet
  facet normal -0.42656873439797943 0.9044551480499772 0
    outer loop
      vertex 10.383694380521774 0.23937754333019257 1
      vertex 10.975236348807812 0.5183668434619904 0
      vertex 10.383694380521774 0.23937754333019257 0
    endloop
  endfacet
  facet normal -0.484809364368846 0.8746198489745564 0
    outer loop
      vertex 10.975236348807812 0.5183668434619904 1
      vertex 10.988965041935444 0.5259767770767212 0
      vertex 10.975236348807812 0.5183668434619904 0
    endloop
  endfacet
  facet normal -0.540974485491 0.8410390038801696 0
    outer loop
      vertex 10.988965041935444 0.5259767770767212 1
      vertex 11.539030872285366 0.8797910213470459 0
      vertex 10.988965041935444 0.5259767770767212 0
    endloop
  endfacet
  facet normal -0.594822842397299 0.8038568194413716 0
    outer loop
      vertex 11.539030872285366 0.8797910213470459 1
      vertex 11.551648810505867 0.8891278058290482 0
      vertex 11.539030872285366 0.8797910213470459 0
    endloop
  endfacet
  facet normal -0.6461239799111664 0.7632324695554785 0
    outer loop
      vertex 11.551648810505867 0.8891278058290482 1
      vertex 12.050826728343964 1.311713106930256 0
      vertex 11.551648810505867 0.8891278058290482 0
    endloop
  endfacet
  facet normal -0.36650114722983135 0.9304175992957235 0
    outer loop
      vertex 10.369089849293232 0.233624666929245 1
      vertex 10.383694380521774 0.23937754333019257 1
      vertex 10.383694380521774 0.23937754333019257 0
    endloop
  endfacet
  facet normal -0.42656873439797943 0.9044551480499772 0
    outer loop
      vertex 10.383694380521774 0.23937754333019257 1
      vertex 10.975236348807812 0.5183668434619904 1
      vertex 10.975236348807812 0.5183668434619904 0
    endloop
  endfacet
  facet normal -0.484809364368846 0.8746198489745564 0
    outer loop
      vertex 10.975236348807812 0.5183668434619904 1
      vertex 10.988965041935444 0.5259767770767212 1
      vertex 10.988965041935444 0.5259767770767212 0
    endloop
  endfacet
  facet normal -0.540974485491 0.8410390038801696 0
    outer loop
      vertex 10.988965041935444 0.5259767770767212 1
      vertex 11.539030872285366 0.8797910213470459 1
      vertex 11.539030872285366 0.8797910213470459 0
    endloop
  endfacet
  facet normal -0.594822842397299 0.8038568194413716 0
    outer loop
      vertex 11.539030872285366 0.8797910213470459 1
      vertex 11.551648810505867 0.8891278058290482 1
      vertex 11.551648810505867 0.8891278058290482 0
    endloop
  endfacet
  facet normal 0 0 -1
    outer loop
      vertex 7.751015953719616 -0.06466718018054962 1
      vertex 9.746193192899227 0.03423387557268143 1
      vertex 9.730962701141834 0.03043648600578308 1
    endloop
  endfacet
  facet normal 0 0 -1
    outer loop
      vertex 7.735491618514061 -0.06234705448150635 1
      vertex 10.369089849293232 0.233624666929245 1
      vertex 9.746193192899227 0.03423387557268143 1
    endloop
  endfacet
  facet normal 0 0 -1
    outer loop
      vertex 7.096351899206638 0.07642378658056259 1
      vertex 10.383694380521774 0.23937754333019257 1
      vertex 10.369089849293232 0.233624666929245 1
    endloop
  endfacet
  facet normal 0 0 -1
    outer loop
      vertex 7.081263214349747 0.08075039833784103 1
      vertex 10.975236348807812 0.5183668434619904 1
      vertex 10.383694380521774 0.23937754333019257 1
    endloop
  endfacet
  facet normal 0 0 -1
    outer loop
      vertex 6.465704649686813 0.3017585054039955 1
      vertex 10.988965041935444 0.5259767770767212 1
      vertex 10.975236348807812 0.5183668434619904 1
    endloop
  endfacet
  facet normal 0 0 -1
    outer loop
      vertex 6.451309785246849 0.3080175742506981 1
      vertex 11.539030872285366 0.8797910213470459 1
      vertex 10.988965041935444 0.5259767770767212 1
    endloop
  endfacet
  facet normal 0 0 -1
    outer loop
      vertex 5.869864754378796 0.6074814423918724 1
      vertex 11.551648810505867 0.8891278058290482 1
      vertex 11.539030872285366 0.8797910213470459 1
    endloop
  endfacet
  facet normal 0 0 -1
    outer loop
      vertex 5.856410019099712 0.6155658662319183 1
      vertex 12.050826728343964 1.311713106930256 1
      vertex 11.551648810505867 0.8891278058290482 1
    endloop
  endfacet
  facet normal 0 0 -1
    outer loop
      vertex 5.319027200341225 0.988361582159996 1
      vertex 12.062118023633957 1.3226169794797897 1
      vertex 12.050826728343964 1.311713106930256 1
    endloop
  endfacet
  facet normal 0 0 -1
    outer loop
      vertex 5.306742794811726 0.9981330409646034 1
      vertex 12.501866959035397 1.8067427948117256 1
      vertex 12.062118023633957 1.3226169794797897 1
    endloop
  endfacet
  facet normal 0 0 -1
    outer loop
      vertex 4.82261697947979 1.437881976366043 1
      vertex 12.511638417840004 1.8190272003412247 1
      vertex 12.501866959035397 1.8067427948117256 1
    endloop
  endfacet
  facet normal 0 0 -1
    outer loop
      vertex 4.811713106930256 1.4491732716560364 1
      vertex 12.884434133768082 2.3564100190997124 1
      vertex 12.511638417840004 1.8190272003412247 1
    endloop
  endfacet
  facet normal 0 0 -1
    outer loop
      vertex 4.389127805829048 1.948351189494133 1
      vertex 12.892518557608128 2.3698647543787956 1
      vertex 12.884434133768082 2.3564100190997124 1
    endloop
  endfacet
  facet normal 0 0 -1
    outer loop
      vertex 4.379791021347046 1.960969127714634 1
      vertex 13.191982425749302 2.951309785246849 1
      vertex 12.892518557608128 2.3698647543787956 1
    endloop
  endfacet
  facet normal 0 0 -1
    outer loop
      vertex 4.025976777076721 2.511034958064556 1
      vertex 13.198241494596004 2.9657046496868134 1
      vertex 13.191982425749302 2.951309785246849 1
    endloop
  endfacet
  facet normal 0 0 -1
    outer loop
      vertex 4.01836684346199 2.5247636511921883 1
      vertex 13.419249601662159 3.5812632143497467 1
      vertex 13.198241494596004 2.9657046496868134 1
    endloop
  endfacet
  facet normal 0 0 -1
    outer loop
      vertex 3.7393775433301926 3.1163056194782257 1
      vertex 13.423576213419437 3.5963518992066383 1
      vertex 13.419249601662159 3.5812632143497467 1
    endloop
  endfacet
  facet normal 0 0 -1
    outer loop
      vertex 3.733624666929245 3.130910150706768 1
      vertex 13.562347054481506 4.235491618514061 1
      vertex 13.423576213419437 3.5963518992066383 1
    endloop
  endfacet
  facet normal 0 0 -1
    outer loop
      vertex 3.5342338755726814 3.753806807100773 1
      vertex 13.56466718018055 4.251015953719616 1
      vertex 13.562347054481506 4.235491618514061 1
    endloop
  endfacet
  facet normal 0 0 -1
    outer loop
      vertex 3.530436486005783 3.7690372988581657 1
      vertex 13.61882633715868 4.902800984680653 1
      vertex 13.56466718018055 4.251015953719616 1
    endloop
  endfacet
  facet normal 0 0 -1
    outer loop
      vertex 3.4140558391809464 4.412630707025528 1
      vertex 13.619100280106068 4.918495342135429 1
      vertex 13.61882633715868 4.902800984680653 1
    endloop
  endfacet
  facet normal 0 0 -1
    outer loop
      vertex 3.4122789204120636 4.428226552903652 1
      vertex 13.587721079587936 5.571773447096348 1
      vertex 13.619100280106068 4.918495342135429 1
    endloop
  endfacet
  facet normal 0 0 -1
    outer loop
      vertex 3.3808997198939323 5.081504657864571 1
      vertex 13.585944160819054 5.587369292974472 1
      vertex 13.587721079587936 5.571773447096348 1
    endloop
  endfacet
  facet normal 0 0 -1
    outer loop
      vertex 3.38117366284132 5.097199015319347 1
      vertex 13.469563513994217 6.230962701141834 1
      vertex 13.585944160819054 5.587369292974472 1
    endloop
  endfacet
  facet normal 0 0 -1
    outer loop
      vertex 3.4376529455184937 5.764508381485939 1
      vertex 13.469288617372513 6.232430666685104 1
      vertex 3.4353328198194504 5.748984046280384 1
    endloop
  endfacet
  facet normal 0 0 -1
    outer loop
      vertex 3.4376529455184937 5.764508381485939 1
      vertex 3.5764237865805626 6.403648100793362 1
      vertex 11.943692110478878 14.108029395341873 1
    endloop
  endfacet
  facet normal 0.7317929193834112 -0.6815270523906621 0
    outer loop
      vertex 4.938892997801304 8.678482249379158 1
      vertex 4.938892997801304 8.678482249379158 0
      vertex 10.406103692948818 14.548925779759884 1
    endloop
  endfacet
  facet normal 0 0 -1
    outer loop
      vertex 3.580750398337841 6.418736785650253 1
      vertex 11.940169617533684 14.121791929006577 1
      vertex 3.5764237865805626 6.403648100793362 1
    endloop
  endfacet
  facet normal 0 0 -1
    outer loop
      vertex 3.580750398337841 6.418736785650253 1
      vertex 3.8017585054039955 7.034295350313187 1
      vertex 11.908267088234425 14.22145538777113 1
    endloop
  endfacet
  facet normal 0 0 -1
    outer loop
      vertex 3.8017585054039955 7.034295350313187 1
      vertex 3.808017574250698 7.048690214753151 1
      vertex 11.902514211833477 14.236059911549091 1
    endloop
  endfacet
  facet normal 0 0 -1
    outer loop
      vertex 3.808017574250698 7.048690214753151 1
      vertex 4.107481442391872 7.630135245621204 1
      vertex 11.857875928282738 14.330706626176834 1
    endloop
  endfacet
  facet normal 0 0 -1
    outer loop
      vertex 4.107481442391872 7.630135245621204 1
      vertex 4.115565866231918 7.643589980900288 1
      vertex 11.850265994668007 14.344435311853886 1
    endloop
  endfacet
  facet normal 0 0 -1
    outer loop
      vertex 4.115565866231918 7.643589980900288 1
      vertex 4.488361582159996 8.180972799658775 1
      vertex 11.793655708432198 14.432445853948593 1
    endloop
  endfacet
  facet normal 0 0 -1
    outer loop
      vertex 4.498133040964603 8.193257205188274 1
      vertex 11.784318923950195 14.445063792169094 1
      vertex 4.488361582159996 8.180972799658775 1
    endloop
  endfacet
  facet normal 0 0 -1
    outer loop
      vertex 4.498133040964603 8.193257205188274 1
      vertex 4.937881976366043 8.67738302052021 1
      vertex 11.716705277562141 14.524932257831097 1
    endloop
  endfacet
  facet normal 0 0 -1
    outer loop
      vertex 4.938892997801304 8.678482249379158 1
      vertex 11.705801405012608 14.53622355312109 1
      vertex 4.937881976366043 8.67738302052021 1
    endloop
  endfacet
  facet normal 0 0 -1
    outer loop
      vertex 3.4353328198194504 5.748984046280384 1
      vertex 13.469288617372513 6.232430666685104 1
      vertex 13.469563513994217 6.230962701141834 1
    endloop
  endfacet
  facet normal 0 0 -1
    outer loop
      vertex 3.4376529455184937 5.764508381485939 1
      vertex 11.943692110478878 14.108029395341873 1
      vertex 13.469288617372513 6.232430666685104 1
    endloop
  endfacet
  facet normal 0 0 -1
    outer loop
      vertex 3.5764237865805626 6.403648100793362 1
      vertex 11.940169617533684 14.121791929006577 1
      vertex 11.943692110478878 14.108029395341873 1
    endloop
  endfacet
  facet normal 0 0 -1
    outer loop
      vertex 3.580750398337841 6.418736785650253 1
      vertex 11.908267088234425 14.22145538777113 1
      vertex 11.940169617533684 14.121791929006577 1
    endloop
  endfacet
  facet normal 0.7317929193834112 -0.6815270523906621 0
    outer loop
      vertex 10.406103692948818 14.548925779759884 1
      vertex 4.938892997801304 8.678482249379158 0
      vertex 10.406103692948818 14.548925779759884 0
    endloop
  endfacet
  facet normal 0.690168320632511 -0.7236488714807061 0
    outer loop
      vertex 10.41638396680355 14.55873042345047 1
      vertex 10.406103692948818 14.548925779759884 0
      vertex 10.41638396680355 14.55873042345047 0
    endloop
  endfacet
  facet normal 0.6461239755749663 -0.7632324732263431 0
    outer loop
      vertex 10.496252432465553 14.626344069838524 1
      vertex 10.41638396680355 14.55873042345047 0
      vertex 10.496252432465553 14.626344069838524 0
    endloop
  endfacet
  facet normal 0.594822842397299 -0.8038568194413716 0
    outer loop
      vertex 10.508870370686054 14.635680854320526 1
      vertex 10.496252432465553 14.626344069838524 0
      vertex 10.508870370686054 14.635680854320526 0
    endloop
  endfacet
  facet normal 0.5409744936700653 -0.8410389986192177 0
    outer loop
      vertex 10.596880912780762 14.692291140556335 1
      vertex 10.508870370686054 14.635680854320526 0
      vertex 10.596880912780762 14.692291140556335 0
    endloop
  endfacet
  facet normal -0.5150383672372925 -0.8571671250541191 0
    outer loop
      vertex 11.53007560968399 14.676002159714699 1
      vertex 11.516620866954327 14.684086591005325 0
      vertex 11.53007560968399 14.676002159714699 0
    endloop
  endfacet
  facet normal -0.5699967219893847 -0.8216469661121838 0
    outer loop
      vertex 11.616056866943836 14.61635484546423 1
      vertex 11.53007560968399 14.676002159714699 0
      vertex 11.616056866943836 14.61635484546423 0
    endloop
  endfacet
  facet normal -0.6225146924948858 -0.7826081124215348 0
    outer loop
      vertex 11.628341272473335 14.606583386659622 1
      vertex 11.616056866943836 14.61635484546423 0
      vertex 11.628341272473335 14.606583386659622 0
    endloop
  endfacet
  facet normal -0.6723668230905558 -0.7402181132660247 0
    outer loop
      vertex 11.705801405012608 14.53622355312109 1
      vertex 11.628341272473335 14.606583386659622 0
      vertex 11.705801405012608 14.53622355312109 0
    endloop
  endfacet
  facet normal -0.7193399456637942 -0.6946582199703748 0
    outer loop
      vertex 11.716705277562141 14.524932257831097 1
      vertex 11.705801405012608 14.53622355312109 0
      vertex 11.716705277562141 14.524932257831097 0
    endloop
  endfacet
  facet normal 0.690168320632511 -0.7236488714807061 0
    outer loop
      vertex 10.406103692948818 14.548925779759884 1
      vertex 10.406103692948818 14.548925779759884 0
      vertex 10.41638396680355 14.55873042345047 1
    endloop
  endfacet
  facet normal 0.6461239755749663 -0.7632324732263431 0
    outer loop
      vertex 10.41638396680355 14.55873042345047 1
      vertex 10.41638396680355 14.55873042345047 0
      vertex 10.496252432465553 14.626344069838524 1
    endloop
  endfacet
  facet normal 0.594822842397299 -0.8038568194413716 0
    outer loop
      vertex 10.496252432465553 14.626344069838524 1
      vertex 10.496252432465553 14.626344069838524 0
      vertex 10.508870370686054 14.635680854320526 1
    endloop
  endfacet
  facet normal 0.5409744936700653 -0.8410389986192177 0
    outer loop
      vertex 10.508870370686054 14.635680854320526 1
      vertex 10.508870370686054 14.635680854320526 0
      vertex 10.596880912780762 14.692291140556335 1
    endloop
  endfacet
  facet normal -0.5150383672372925 -0.8571671250541191 0
    outer loop
      vertex 11.53007560968399 14.676002159714699 1
      vertex 11.516620866954327 14.684086591005325 1
      vertex 11.516620866954327 14.684086591005325 0
    endloop
  endfacet
  facet normal -0.5699967219893847 -0.8216469661121838 0
    outer loop
      vertex 11.53007560968399 14.676002159714699 1
      vertex 11.53007560968399 14.676002159714699 0
      vertex 11.616056866943836 14.61635484546423 1
    endloop
  endfacet
  facet normal -0.7632324732263431 -0.6461239755749663 0
    outer loop
      vertex 11.716705277562141 14.524932257831097 1
      vertex 11.716705277562141 14.524932257831097 0
      vertex 11.784318923950195 14.445063792169094 1
    endloop
  endfacet
  facet normal -0.6723668230905558 -0.7402181132660247 0
    outer loop
      vertex 11.705801405012608 14.53622355312109 1
      vertex 11.628341272473335 14.606583386659622 1
      vertex 11.628341272473335 14.606583386659622 0
    endloop
  endfacet
  facet normal -0.6225146924948858 -0.7826081124215348 0
    outer loop
      vertex 11.628341272473335 14.606583386659622 1
      vertex 11.616056866943836 14.61635484546423 1
      vertex 11.616056866943836 14.61635484546423 0
    endloop
  endfacet
  facet normal -0.7193399456637942 -0.6946582199703748 0
    outer loop
      vertex 11.705801405012608 14.53622355312109 1
      vertex 11.705801405012608 14.53622355312109 0
      vertex 11.716705277562141 14.524932257831097 1
    endloop
  endfacet
  facet normal 0 0 -1
    outer loop
      vertex 3.8017585054039955 7.034295350313187 1
      vertex 11.902514211833477 14.236059911549091 1
      vertex 11.908267088234425 14.22145538777113 1
    endloop
  endfacet
  facet normal 0 0 -1
    outer loop
      vertex 3.808017574250698 7.048690214753151 1
      vertex 11.857875928282738 14.330706626176834 1
      vertex 11.902514211833477 14.236059911549091 1
    endloop
  endfacet
  facet normal 0 0 -1
    outer loop
      vertex 4.107481442391872 7.630135245621204 1
      vertex 11.850265994668007 14.344435311853886 1
      vertex 11.857875928282738 14.330706626176834 1
    endloop
  endfacet
  facet normal 0 0 -1
    outer loop
      vertex 4.115565866231918 7.643589980900288 1
      vertex 11.793655708432198 14.432445853948593 1
      vertex 11.850265994668007 14.344435311853886 1
    endloop
  endfacet
  facet normal 0 0 -1
    outer loop
      vertex 4.498133040964603 8.193257205188274 1
      vertex 11.716705277562141 14.524932257831097 1
      vertex 11.784318923950195 14.445063792169094 1
    endloop
  endfacet
  facet normal 0 0 -1
    outer loop
      vertex 4.488361582159996 8.180972799658775 1
      vertex 11.784318923950195 14.445063792169094 1
      vertex 11.793655708432198 14.432445853948593 1
    endloop
  endfacet
  facet normal 0 0 -1
    outer loop
      vertex 4.938892997801304 8.678482249379158 1
      vertex 10.406103692948818 14.548925779759884 1
      vertex 11.628341272473335 14.606583386659622 1
    endloop
  endfacet
  facet normal 0 0 -1
    outer loop
      vertex 4.938892997801304 8.678482249379158 1
      vertex 11.628341272473335 14.606583386659622 1
      vertex 11.705801405012608 14.53622355312109 1
    endloop
  endfacet
  facet normal 0 0 -1
    outer loop
      vertex 4.937881976366043 8.67738302052021 1
      vertex 11.705801405012608 14.53622355312109 1
      vertex 11.716705277562141 14.524932257831097 1
    endloop
  endfacet
  facet normal 0 0 -1
    outer loop
      vertex 10.406103692948818 14.548925779759884 1
      vertex 10.41638396680355 14.55873042345047 1
      vertex 11.616056866943836 14.61635484546423 1
    endloop
  endfacet
  facet normal 0 0 -1
    outer loop
      vertex 10.41638396680355 14.55873042345047 1
      vertex 10.496252432465553 14.626344069838524 1
      vertex 11.53007560968399 14.676002159714699 1
    endloop
  endfacet
  facet normal 0 0 -1
    outer loop
      vertex 10.496252432465553 14.626344069838524 1
      vertex 10.508870370686054 14.635680854320526 1
      vertex 11.516620866954327 14.684086591005325 1
    endloop
  endfacet
  facet normal 0 0 -1
    outer loop
      vertex 10.508870370686054 14.635680854320526 1
      vertex 10.596880912780762 14.692291140556335 1
      vertex 11.423589661717415 14.732000805437565 1
    endloop
  endfacet
  facet normal 0 0 -1
    outer loop
      vertex 10.508870370686054 14.635680854320526 1
      vertex 11.423589661717415 14.732000805437565 1
      vertex 11.516620866954327 14.684086591005325 1
    endloop
  endfacet
  facet normal 0 0 -1
    outer loop
      vertex 10.41638396680355 14.55873042345047 1
      vertex 11.53007560968399 14.676002159714699 1
      vertex 11.616056866943836 14.61635484546423 1
    endloop
  endfacet
  facet normal 0 0 -1
    outer loop
      vertex 10.496252432465553 14.626344069838524 1
      vertex 11.516620866954327 14.684086591005325 1
      vertex 11.53007560968399 14.676002159714699 1
    endloop
  endfacet
  facet normal 0 0 -1
    outer loop
      vertex 10.406103692948818 14.548925779759884 1
      vertex 11.616056866943836 14.61635484546423 1
      vertex 11.628341272473335 14.606583386659622 1
    endloop
  endfacet
  facet normal 0.4848095656349919 -0.8746197374109566 0
    outer loop
      vertex 10.610609598457813 14.699901074171066 1
      vertex 10.596880912780762 14.692291140556335 0
      vertex 10.610609598457813 14.699901074171066 0
    endloop
  endfacet
  facet normal 0.42656870055079443 -0.9044551640133449 0
    outer loop
      vertex 10.705256313085556 14.744539357721806 1
      vertex 10.610609598457813 14.699901074171066 0
      vertex 10.705256313085556 14.744539357721806 0
    endloop
  endfacet
  facet normal 0.3665013090877099 -0.9304175355382092 0
    outer loop
      vertex 10.719860836863518 14.750292234122753 1
      vertex 10.705256313085556 14.744539357721806 0
      vertex 10.719860836863518 14.750292234122753 0
    endloop
  endfacet
  facet normal 0.3048643184703032 -0.9523957934197512 0
    outer loop
      vertex 10.819524303078651 14.782194763422012 1
      vertex 10.719860836863518 14.750292234122753 0
      vertex 10.819524303078651 14.782194763422012 0
    endloop
  endfacet
  facet normal 0.2419218726319425 -0.9702957320024933 0
    outer loop
      vertex 10.834754802286625 14.78599215298891 1
      vertex 10.819524303078651 14.782194763422012 0
      vertex 10.834754802286625 14.78599215298891 0
    endloop
  endfacet
  facet normal 0.1779435231490811 -0.984040701683265 0
    outer loop
      vertex 10.937729746103287 14.804613053798676 1
      vertex 10.834754802286625 14.78599215298891 0
      vertex 10.937729746103287 14.804613053798676 0
    endloop
  endfacet
  facet normal 0.11320305217971309 -0.9935718740872234 0
    outer loop
      vertex 10.95332558453083 14.806389972567558 1
      vertex 10.937729746103287 14.804613053798676 0
      vertex 10.95332558453083 14.806389972567558 0
    endloop
  endfacet
  facet normal 0.04797818804461715 -0.9988483836258412 0
    outer loop
      vertex 11.05785008519888 14.811410650610924 1
      vertex 10.95332558453083 14.806389972567558 0
      vertex 11.05785008519888 14.811410650610924 0
    endloop
  endfacet
  facet normal -0.01745219364976921 -0.9998476988705884 0
    outer loop
      vertex 11.073544457554817 14.811136707663536 1
      vertex 11.05785008519888 14.811410650610924 0
      vertex 11.073544457554817 14.811136707663536 0
    endloop
  endfacet
  facet normal -0.08280820047426737 -0.9965655030825689 0
    outer loop
      vertex 11.177830062806606 14.802471242845058 1
      vertex 11.073544457554817 14.811136707663536 0
      vertex 11.177830062806606 14.802471242845058 0
    endloop
  endfacet
  facet normal -0.1478097668191689 -0.9890158102036909 0
    outer loop
      vertex 11.193354398012161 14.800151109695435 1
      vertex 11.177830062806606 14.802471242845058 0
      vertex 11.193354398012161 14.800151109695435 0
    endloop
  endfacet
  facet normal -0.2121777384681485 -0.9772310920649946 0
    outer loop
      vertex 11.295616753399372 14.777947768568993 1
      vertex 11.193354398012161 14.800151109695435 0
      vertex 11.295616753399372 14.777947768568993 0
    endloop
  endfacet
  facet normal -0.2756371017008907 -0.961261768804904 0
    outer loop
      vertex 11.310705430805683 14.773621164262295 1
      vertex 11.295616753399372 14.777947768568993 0
      vertex 11.310705430805683 14.773621164262295 0
    endloop
  endfacet
  facet normal -0.33791670913624605 -0.9411760184399779 0
    outer loop
      vertex 11.409194804728031 14.738259866833687 1
      vertex 11.310705430805683 14.773621164262295 0
      vertex 11.409194804728031 14.738259866833687 0
    endloop
  endfacet
  facet normal -0.3987490389936652 -0.9170600873997454 0
    outer loop
      vertex 11.423589661717415 14.732000805437565 1
      vertex 11.409194804728031 14.738259866833687 0
      vertex 11.423589661717415 14.732000805437565 0
    endloop
  endfacet
  facet normal -0.45787387927600653 -0.8890171599450377 0
    outer loop
      vertex 11.516620866954327 14.684086591005325 1
      vertex 11.423589661717415 14.732000805437565 0
      vertex 11.516620866954327 14.684086591005325 0
    endloop
  endfacet
  facet normal 0.4848095656349919 -0.8746197374109566 0
    outer loop
      vertex 10.596880912780762 14.692291140556335 1
      vertex 10.596880912780762 14.692291140556335 0
      vertex 10.610609598457813 14.699901074171066 1
    endloop
  endfacet
  facet normal 0.42656870055079443 -0.9044551640133449 0
    outer loop
      vertex 10.610609598457813 14.699901074171066 1
      vertex 10.610609598457813 14.699901074171066 0
      vertex 10.705256313085556 14.744539357721806 1
    endloop
  endfacet
  facet normal 0.3665013090877099 -0.9304175355382092 0
    outer loop
      vertex 10.705256313085556 14.744539357721806 1
      vertex 10.705256313085556 14.744539357721806 0
      vertex 10.719860836863518 14.750292234122753 1
    endloop
  endfacet
  facet normal 0.3048643184703032 -0.9523957934197512 0
    outer loop
      vertex 10.719860836863518 14.750292234122753 1
      vertex 10.719860836863518 14.750292234122753 0
      vertex 10.819524303078651 14.782194763422012 1
    endloop
  endfacet
  facet normal 0.2419218726319425 -0.9702957320024933 0
    outer loop
      vertex 10.819524303078651 14.782194763422012 1
      vertex 10.819524303078651 14.782194763422012 0
      vertex 10.834754802286625 14.78599215298891 1
    endloop
  endfacet
  facet normal 0.1779435231490811 -0.984040701683265 0
    outer loop
      vertex 10.834754802286625 14.78599215298891 1
      vertex 10.834754802286625 14.78599215298891 0
      vertex 10.937729746103287 14.804613053798676 1
    endloop
  endfacet
  facet normal 0.11320305217971309 -0.9935718740872234 0
    outer loop
      vertex 10.937729746103287 14.804613053798676 1
      vertex 10.937729746103287 14.804613053798676 0
      vertex 10.95332558453083 14.806389972567558 1
    endloop
  endfacet
  facet normal 0.04797818804461715 -0.9988483836258412 0
    outer loop
      vertex 10.95332558453083 14.806389972567558 1
      vertex 10.95332558453083 14.806389972567558 0
      vertex 11.05785008519888 14.811410650610924 1
    endloop
  endfacet
  facet normal -0.01745219364976921 -0.9998476988705884 0
    outer loop
      vertex 11.05785008519888 14.811410650610924 1
      vertex 11.05785008519888 14.811410650610924 0
      vertex 11.073544457554817 14.811136707663536 1
    endloop
  endfacet
  facet normal -0.08280820047426737 -0.9965655030825689 0
    outer loop
      vertex 11.073544457554817 14.811136707663536 1
      vertex 11.073544457554817 14.811136707663536 0
      vertex 11.177830062806606 14.802471242845058 1
    endloop
  endfacet
  facet normal -0.1478097668191689 -0.9890158102036909 0
    outer loop
      vertex 11.193354398012161 14.800151109695435 1
      vertex 11.177830062806606 14.802471242845058 1
      vertex 11.177830062806606 14.802471242845058 0
    endloop
  endfacet
  facet normal -0.2121777384681485 -0.9772310920649946 0
    outer loop
      vertex 11.193354398012161 14.800151109695435 1
      vertex 11.193354398012161 14.800151109695435 0
      vertex 11.295616753399372 14.777947768568993 1
    endloop
  endfacet
  facet normal -0.2756371017008907 -0.961261768804904 0
    outer loop
      vertex 11.295616753399372 14.777947768568993 1
      vertex 11.295616753399372 14.777947768568993 0
      vertex 11.310705430805683 14.773621164262295 1
    endloop
  endfacet
  facet normal -0.33791670913624605 -0.9411760184399779 0
    outer loop
      vertex 11.310705430805683 14.773621164262295 1
      vertex 11.310705430805683 14.773621164262295 0
      vertex 11.409194804728031 14.738259866833687 1
    endloop
  endfacet
  facet normal -0.3987490389936652 -0.9170600873997454 0
    outer loop
      vertex 11.423589661717415 14.732000805437565 1
      vertex 11.409194804728031 14.738259866833687 1
      vertex 11.409194804728031 14.738259866833687 0
    endloop
  endfacet
  facet normal -0.45787387927600653 -0.8890171599450377 0
    outer loop
      vertex 11.423589661717415 14.732000805437565 1
      vertex 11.423589661717415 14.732000805437565 0
      vertex 11.516620866954327 14.684086591005325 1
    endloop
  endfacet
  facet normal 0 0 -1
    outer loop
      vertex 10.596880912780762 14.692291140556335 1
      vertex 10.610609598457813 14.699901074171066 1
      vertex 11.409194804728031 14.738259866833687 1
    endloop
  endfacet
  facet normal 0 0 -1
    outer loop
      vertex 10.610609598457813 14.699901074171066 1
      vertex 10.705256313085556 14.744539357721806 1
      vertex 11.310705430805683 14.773621164262295 1
    endloop
  endfacet
  facet normal 0 0 -1
    outer loop
      vertex 10.705256313085556 14.744539357721806 1
      vertex 10.719860836863518 14.750292234122753 1
      vertex 11.295616753399372 14.777947768568993 1
    endloop
  endfacet
  facet normal 0 0 -1
    outer loop
      vertex 10.719860836863518 14.750292234122753 1
      vertex 10.819524303078651 14.782194763422012 1
      vertex 11.193354398012161 14.800151109695435 1
    endloop
  endfacet
  facet normal 0 0 -1
    outer loop
      vertex 10.819524303078651 14.782194763422012 1
      vertex 10.834754802286625 14.78599215298891 1
      vertex 11.177830062806606 14.802471242845058 1
    endloop
  endfacet
  facet normal 0 0 -1
    outer loop
      vertex 10.834754802286625 14.78599215298891 1
      vertex 10.937729746103287 14.804613053798676 1
      vertex 11.073544457554817 14.811136707663536 1
    endloop
  endfacet
  facet normal 0 0 -1
    outer loop
      vertex 10.937729746103287 14.804613053798676 1
      vertex 10.95332558453083 14.806389972567558 1
      vertex 11.05785008519888 14.811410650610924 1
    endloop
  endfacet
  facet normal 0 0 -1
    outer loop
      vertex 10.719860836863518 14.750292234122753 1
      vertex 11.193354398012161 14.800151109695435 1
      vertex 11.295616753399372 14.777947768568993 1
    endloop
  endfacet
  facet normal 0 0 -1
    outer loop
      vertex 10.705256313085556 14.744539357721806 1
      vertex 11.295616753399372 14.777947768568993 1
      vertex 11.310705430805683 14.773621164262295 1
    endloop
  endfacet
  facet normal 0 0 -1
    outer loop
      vertex 10.834754802286625 14.78599215298891 1
      vertex 11.073544457554817 14.811136707663536 1
      vertex 11.177830062806606 14.802471242845058 1
    endloop
  endfacet
  facet normal 0 0 -1
    outer loop
      vertex 10.937729746103287 14.804613053798676 1
      vertex 11.05785008519888 14.811410650610924 1
      vertex 11.073544457554817 14.811136707663536 1
    endloop
  endfacet
  facet normal 0 0 -1
    outer loop
      vertex 10.819524303078651 14.782194763422012 1
      vertex 11.177830062806606 14.802471242845058 1
      vertex 11.193354398012161 14.800151109695435 1
    endloop
  endfacet
  facet normal 0 0 -1
    outer loop
      vertex 10.596880912780762 14.692291140556335 1
      vertex 11.409194804728031 14.738259866833687 1
      vertex 11.423589661717415 14.732000805437565 1
    endloop
  endfacet
  facet normal 0 0 -1
    outer loop
      vertex 10.610609598457813 14.699901074171066 1
      vertex 11.310705430805683 14.773621164262295 1
      vertex 11.409194804728031 14.738259866833687 1
    endloop
  endfacet
  facet normal -0.6946582199703748 0.7193399456637942 0
    outer loop
      vertex 12.050826728343964 1.311713106930256 1
      vertex 12.062118023633957 1.3226169794797897 0
      vertex 12.050826728343964 1.311713106930256 0
    endloop
  endfacet
  facet normal -0.6461239799111664 0.7632324695554785 0
    outer loop
      vertex 11.551648810505867 0.8891278058290482 1
      vertex 12.050826728343964 1.311713106930256 1
      vertex 12.050826728343964 1.311713106930256 0
    endloop
  endfacet
  facet normal -0.6946582199703748 0.7193399456637942 0
    outer loop
      vertex 12.050826728343964 1.311713106930256 1
      vertex 12.062118023633957 1.3226169794797897 1
      vertex 12.062118023633957 1.3226169794797897 0
    endloop
  endfacet
  facet normal -0.7402181226800073 0.6723668127265694 0
    outer loop
      vertex 12.062118023633957 1.3226169794797897 1
      vertex 12.501866959035397 1.8067427948117256 0
      vertex 12.062118023633957 1.3226169794797897 0
    endloop
  endfacet
  facet normal -0.7826081124215348 0.6225146924948858 0
    outer loop
      vertex 12.501866959035397 1.8067427948117256 1
      vertex 12.511638417840004 1.8190272003412247 0
      vertex 12.501866959035397 1.8067427948117256 0
    endloop
  endfacet
  facet normal -0.8216469453473676 0.5699967519217455 0
    outer loop
      vertex 12.511638417840004 1.8190272003412247 1
      vertex 12.884434133768082 2.3564100190997124 0
      vertex 12.511638417840004 1.8190272003412247 0
    endloop
  endfacet
  facet normal -0.8571672086932695 0.5150382280384526 0
    outer loop
      vertex 12.884434133768082 2.3564100190997124 1
      vertex 12.892518557608128 2.3698647543787956 0
      vertex 12.884434133768082 2.3564100190997124 0
    endloop
  endfacet
  facet normal -0.8890171419587992 0.45787391419844875 0
    outer loop
      vertex 12.892518557608128 2.3698647543787956 1
      vertex 13.191982425749302 2.951309785246849 0
      vertex 12.892518557608128 2.3698647543787956 0
    endloop
  endfacet
  facet normal -0.7402181226800073 0.6723668127265694 0
    outer loop
      vertex 12.062118023633957 1.3226169794797897 1
      vertex 12.501866959035397 1.8067427948117256 1
      vertex 12.501866959035397 1.8067427948117256 0
    endloop
  endfacet
  facet normal -0.7826081124215348 0.6225146924948858 0
    outer loop
      vertex 12.501866959035397 1.8067427948117256 1
      vertex 12.511638417840004 1.8190272003412247 1
      vertex 12.511638417840004 1.8190272003412247 0
    endloop
  endfacet
  facet normal -0.8216469453473676 0.5699967519217455 0
    outer loop
      vertex 12.511638417840004 1.8190272003412247 1
      vertex 12.884434133768082 2.3564100190997124 1
      vertex 12.884434133768082 2.3564100190997124 0
    endloop
  endfacet
  facet normal -0.8571672086932695 0.5150382280384526 0
    outer loop
      vertex 12.884434133768082 2.3564100190997124 1
      vertex 12.892518557608128 2.3698647543787956 1
      vertex 12.892518557608128 2.3698647543787956 0
    endloop
  endfacet
  facet normal -0.8890171419587992 0.45787391419844875 0
    outer loop
      vertex 12.892518557608128 2.3698647543787956 1
      vertex 13.191982425749302 2.951309785246849 1
      vertex 13.191982425749302 2.951309785246849 0
    endloop
  endfacet
  facet normal -0.9170599892994031 0.3987492646089503 0
    outer loop
      vertex 13.191982425749302 2.951309785246849 1
      vertex 13.198241494596004 2.9657046496868134 0
      vertex 13.191982425749302 2.951309785246849 0
    endloop
  endfacet
  facet normal -0.9170599892994031 0.3987492646089503 0
    outer loop
      vertex 13.191982425749302 2.951309785246849 1
      vertex 13.198241494596004 2.9657046496868134 1
      vertex 13.198241494596004 2.9657046496868134 0
    endloop
  endfacet
  facet normal -0.9411760154433322 0.33791671748259583 0
    outer loop
      vertex 13.198241494596004 2.9657046496868134 1
      vertex 13.419249601662159 3.5812632143497467 0
      vertex 13.198241494596004 2.9657046496868134 0
    endloop
  endfacet
  facet normal -0.9612616791023696 0.275637414530925 0
    outer loop
      vertex 13.419249601662159 3.5812632143497467 1
      vertex 13.423576213419437 3.5963518992066383 0
      vertex 13.419249601662159 3.5812632143497467 0
    endloop
  endfacet
  facet normal -0.977231104928043 0.21217767922455036 0
    outer loop
      vertex 13.423576213419437 3.5963518992066383 1
      vertex 13.562347054481506 4.235491618514061 0
      vertex 13.423576213419437 3.5963518992066383 0
    endloop
  endfacet
  facet normal -0.9890158795919598 0.14780930253181593 0
    outer loop
      vertex 13.562347054481506 4.235491618514061 1
      vertex 13.56466718018055 4.251015953719616 0
      vertex 13.562347054481506 4.235491618514061 0
    endloop
  endfacet
  facet normal -0.9411760154433322 0.33791671748259583 0
    outer loop
      vertex 13.198241494596004 2.9657046496868134 1
      vertex 13.419249601662159 3.5812632143497467 1
      vertex 13.419249601662159 3.5812632143497467 0
    endloop
  endfacet
  facet normal -0.9612616791023696 0.275637414530925 0
    outer loop
      vertex 13.419249601662159 3.5812632143497467 1
      vertex 13.423576213419437 3.5963518992066383 1
      vertex 13.423576213419437 3.5963518992066383 0
    endloop
  endfacet
  facet normal -0.977231104928043 0.21217767922455036 0
    outer loop
      vertex 13.423576213419437 3.5963518992066383 1
      vertex 13.562347054481506 4.235491618514061 1
      vertex 13.562347054481506 4.235491618514061 0
    endloop
  endfacet
  facet normal -0.9890158795919598 0.14780930253181593 0
    outer loop
      vertex 13.562347054481506 4.235491618514061 1
      vertex 13.56466718018055 4.251015953719616 1
      vertex 13.56466718018055 4.251015953719616 0
    endloop
  endfacet
  facet normal -0.9965655028280167 0.08280820353770664 0
    outer loop
      vertex 13.56466718018055 4.251015953719616 1
      vertex 13.61882633715868 4.902800984680653 0
      vertex 13.56466718018055 4.251015953719616 0
    endloop
  endfacet
  facet normal -0.9998476985814467 0.01745221021487824 0
    outer loop
      vertex 13.61882633715868 4.902800984680653 1
      vertex 13.619100280106068 4.918495342135429 0
      vertex 13.61882633715868 4.902800984680653 0
    endloop
  endfacet
  facet normal -0.9988483862702531 -0.04797813299109597 0
    outer loop
      vertex 13.619100280106068 4.918495342135429 1
      vertex 13.587721079587936 5.571773447096348 0
      vertex 13.619100280106068 4.918495342135429 0
    endloop
  endfacet
  facet normal -0.9840406976459792 -0.17794354547556465 0
    outer loop
      vertex 13.585944160819054 5.587369292974472 1
      vertex 13.469563513994217 6.230962701141834 0
      vertex 13.585944160819054 5.587369292974472 0
    endloop
  endfacet
  facet normal -0.9935718801699267 -0.11320299879242003 0
    outer loop
      vertex 13.587721079587936 5.571773447096348 1
      vertex 13.585944160819054 5.587369292974472 0
      vertex 13.587721079587936 5.571773447096348 0
    endloop
  endfacet
  facet normal -0.9965655028280167 0.08280820353770664 0
    outer loop
      vertex 13.56466718018055 4.251015953719616 1
      vertex 13.61882633715868 4.902800984680653 1
      vertex 13.61882633715868 4.902800984680653 0
    endloop
  endfacet
  facet normal -0.9998476985814467 0.01745221021487824 0
    outer loop
      vertex 13.61882633715868 4.902800984680653 1
      vertex 13.619100280106068 4.918495342135429 1
      vertex 13.619100280106068 4.918495342135429 0
    endloop
  endfacet
  facet normal -0.9988483862702531 -0.04797813299109597 0
    outer loop
      vertex 13.619100280106068 4.918495342135429 1
      vertex 13.587721079587936 5.571773447096348 1
      vertex 13.587721079587936 5.571773447096348 0
    endloop
  endfacet
  facet normal -0.9935718801699267 -0.11320299879242003 0
    outer loop
      vertex 13.587721079587936 5.571773447096348 1
      vertex 13.585944160819054 5.587369292974472 1
      vertex 13.585944160819054 5.587369292974472 0
    endloop
  endfacet
  facet normal -0.9829142360672174 -0.18406413158570173 0
    outer loop
      vertex 13.469563513994217 6.230962701141834 1
      vertex 13.469288617372513 6.232430666685104 0
      vertex 13.469563513994217 6.230962701141834 0
    endloop
  endfacet
  facet normal -0.9840406976459792 -0.17794354547556465 0
    outer loop
      vertex 13.585944160819054 5.587369292974472 1
      vertex 13.469563513994217 6.230962701141834 1
      vertex 13.469563513994217 6.230962701141834 0
    endloop
  endfacet
  facet normal -0.9829142360672174 -0.18406413158570173 0
    outer loop
      vertex 13.469563513994217 6.230962701141834 1
      vertex 13.469288617372513 6.232430666685104 1
      vertex 13.469288617372513 6.232430666685104 0
    endloop
  endfacet
  facet normal -0.9817499061774729 -0.19017655407679177 0
    outer loop
      vertex 13.469288617372513 6.232430666685104 1
      vertex 11.943692110478878 14.108029395341873 0
      vertex 13.469288617372513 6.232430666685104 0
    endloop
  endfacet
  facet normal -0.9817499061774729 -0.19017655407679177 -5.535890731942953e-17
    outer loop
      vertex 13.469288617372513 6.232430666685104 1
      vertex 11.943692110478878 14.108029395341873 1
      vertex 11.943692110478878 14.108029395341873 0
    endloop
  endfacet
  facet normal -0.9523957868023901 -0.30486433914293126 0
    outer loop
      vertex 11.940169617533684 14.121791929006577 1
      vertex 11.908267088234425 14.22145538777113 0
      vertex 11.940169617533684 14.121791929006577 0
    endloop
  endfacet
  facet normal -0.9304175355382092 -0.3665013090877099 0
    outer loop
      vertex 11.908267088234425 14.22145538777113 1
      vertex 11.902514211833477 14.236059911549091 0
      vertex 11.908267088234425 14.22145538777113 0
    endloop
  endfacet
  facet normal -0.9044551640133449 -0.42656870055079443 0
    outer loop
      vertex 11.902514211833477 14.236059911549091 1
      vertex 11.857875928282738 14.330706626176834 0
      vertex 11.902514211833477 14.236059911549091 0
    endloop
  endfacet
  facet normal -0.9687715174792998 -0.24795513086212728 0
    outer loop
      vertex 11.943692110478878 14.108029395341873 1
      vertex 11.940169617533684 14.121791929006577 0
      vertex 11.943692110478878 14.108029395341873 0
    endloop
  endfacet
  facet normal -0.8410389986192177 -0.5409744936700653 0
    outer loop
      vertex 11.850265994668007 14.344435311853886 1
      vertex 11.793655708432198 14.432445853948593 0
      vertex 11.850265994668007 14.344435311853886 0
    endloop
  endfacet
  facet normal -0.8038568194413716 -0.594822842397299 0
    outer loop
      vertex 11.793655708432198 14.432445853948593 1
      vertex 11.784318923950195 14.445063792169094 0
      vertex 11.793655708432198 14.432445853948593 0
    endloop
  endfacet
  facet normal -0.7632324732263431 -0.6461239755749663 0
    outer loop
      vertex 11.784318923950195 14.445063792169094 1
      vertex 11.716705277562141 14.524932257831097 0
      vertex 11.784318923950195 14.445063792169094 0
    endloop
  endfacet
  facet normal -0.8746197374109566 -0.4848095656349919 0
    outer loop
      vertex 11.857875928282738 14.330706626176834 1
      vertex 11.850265994668007 14.344435311853886 0
      vertex 11.857875928282738 14.330706626176834 0
    endloop
  endfacet
  facet normal -0.9523957868023901 -0.30486433914293126 0
    outer loop
      vertex 11.940169617533684 14.121791929006577 1
      vertex 11.908267088234425 14.22145538777113 1
      vertex 11.908267088234425 14.22145538777113 0
    endloop
  endfacet
  facet normal -0.9044551640133449 -0.42656870055079443 0
    outer loop
      vertex 11.857875928282738 14.330706626176834 1
      vertex 11.857875928282738 14.330706626176834 0
      vertex 11.902514211833477 14.236059911549091 1
    endloop
  endfacet
  facet normal -0.9304175355382092 -0.3665013090877099 0
    outer loop
      vertex 11.908267088234425 14.22145538777113 1
      vertex 11.902514211833477 14.236059911549091 1
      vertex 11.902514211833477 14.236059911549091 0
    endloop
  endfacet
  facet normal -0.9687715174792998 -0.24795513086212728 0
    outer loop
      vertex 11.943692110478878 14.108029395341873 1
      vertex 11.940169617533684 14.121791929006577 1
      vertex 11.940169617533684 14.121791929006577 0
    endloop
  endfacet
  facet normal -0.8410389986192177 -0.5409744936700653 0
    outer loop
      vertex 11.850265994668007 14.344435311853886 1
      vertex 11.793655708432198 14.432445853948593 1
      vertex 11.793655708432198 14.432445853948593 0
    endloop
  endfacet
  facet normal -0.8038568194413716 -0.594822842397299 0
    outer loop
      vertex 11.784318923950195 14.445063792169094 1
      vertex 11.784318923950195 14.445063792169094 0
      vertex 11.793655708432198 14.432445853948593 1
    endloop
  endfacet
  facet normal -0.8746197374109566 -0.4848095656349919 0
    outer loop
      vertex 11.857875928282738 14.330706626176834 1
      vertex 11.850265994668007 14.344435311853886 1
      vertex 11.850265994668007 14.344435311853886 0
    endloop
  endfacet
endsolid OpenSCAD_Model
