solid OpenSCAD_Model
  facet normal -0.6593458107222282 -0.7518398113182407 0
    outer loop
      vertex -21.152568571269512 -22.260120041668415 1.5
      vertex -21.152568571269512 -22.260120041668415 2.6
      vertex -21.74264068901539 -21.74264068901539 2.6
    endloop
  endfacet
  facet normal -0.9469301300366788 -0.32143946370773846 0
    outer loop
      vertex -23.043277196586132 -19.796100594103336 1.5
      vertex -23.043277196586132 -19.796100594103336 2.6
      vertex -23.2955549582839 -19.052914269268513 1.5
    endloop
  endfacet
  facet normal -0.9469301300366788 -0.32143946370773846 0
    outer loop
      vertex -23.2955549582839 -19.052914269268513 1.5
      vertex -23.043277196586132 -19.796100594103336 2.6
      vertex -23.2955549582839 -19.052914269268513 2.6
    endloop
  endfacet
  facet normal -0.06540313273849394 -0.997858923008654 0
    outer loop
      vertex -18.283157154917717 -23.44866916537285 1.5
      vertex -17.5 -23.5 1.5
      vertex -17.5 -23.5 2.6
    endloop
  endfacet
  facet normal -0.19509031854274123 -0.9807852810941301 0
    outer loop
      vertex -18.283157154917717 -23.44866916537285 1.5
      vertex -18.283157154917717 -23.44866916537285 2.6
      vertex -19.052914269268513 -23.2955549582839 2.6
    endloop
  endfacet
  facet normal -1 0 0
    outer loop
      vertex -23.5 -17.5 1.5
      vertex -23.5 -17.5 2.6
      vertex -23.5 17.5 1.5
    endloop
  endfacet
  facet normal -1 0 0
    outer loop
      vertex -23.5 -17.5 2.6
      vertex -23.5 -11 2.6
      vertex -23.5 17.5 1.5
    endloop
  endfacet
  facet normal -0.8968727426043899 0.4422886880458055 -3.3383476621496274e-15
    outer loop
      vertex -23.043277196586132 19.796100594103336 2.6
      vertex -22.97881116781916 19.926824769484146 2.6
      vertex -22.983507368590264 19.917301816310708 2.410596026490066
    endloop
  endfacet
  facet normal -0.831469609045217 0.5555702378945384 0
    outer loop
      vertex -22.260120041668415 21.152568571269512 1.5
      vertex -22.621074002458165 20.612362800351043 2.410596026490066
      vertex -22.260120041668415 21.152568571269512 2.6
    endloop
  endfacet
  facet normal -0.8314696090452178 0.5555702378945371 5.2624393325546516e-15
    outer loop
      vertex -22.621074002458165 20.612362800351043 2.410596026490066
      vertex -22.61517498344183 20.62119130609291 2.6
      vertex -22.260120041668415 21.152568571269512 2.6
    endloop
  endfacet
  facet normal -0.555570237894537 0.8314696090452179 0
    outer loop
      vertex -20.5 22.696152426302433 1.5
      vertex -21.152568571269512 22.260120041668415 2.6
      vertex -20.5 22.696152426302433 2.6
    endloop
  endfacet
  facet normal -0.32143946370773846 0.9469301300366788 0
    outer loop
      vertex -19.796100594103336 23.043277196586132 1.5
      vertex -19.052914269268513 23.2955549582839 2.6
      vertex -19.052914269268513 23.2955549582839 1.5
    endloop
  endfacet
  facet normal -0.32143946370773846 0.9469301300366788 0
    outer loop
      vertex -19.796100594103336 23.043277196586132 1.5
      vertex -19.796100594103336 23.043277196586132 2.6
      vertex -19.052914269268513 23.2955549582839 2.6
    endloop
  endfacet
  facet normal -0.06540313273849394 0.997858923008654 0
    outer loop
      vertex -18.283157154917717 23.44866916537285 1.5
      vertex -17.5 23.5 2.6
      vertex -17.5 23.5 1.5
    endloop
  endfacet
  facet normal -0.06540313273849394 0.997858923008654 0
    outer loop
      vertex -18.283157154917717 23.44866916537285 1.5
      vertex -18.283157154917717 23.44866916537285 2.6
      vertex -17.5 23.5 2.6
    endloop
  endfacet
  facet normal 0.06540313273849395 -0.9978589230086541 1.0898088697652987e-14
    outer loop
      vertex 17.5 -23.5 1.5
      vertex 18.283157154917717 -23.44866916537285 1.5
      vertex 18.19209236946217 -23.45463786707368 1.627906976744186
    endloop
  endfacet
  facet normal 0.06540313273847873 -0.9978589230086551 0
    outer loop
      vertex 18.283157154917717 -23.44866916537285 1.5
      vertex 18.283157154917717 -23.44866916537285 1.627906976744186
      vertex 18.19209236946217 -23.45463786707368 1.627906976744186
    endloop
  endfacet
  facet normal 0.06540313273849595 -0.9978589230086539 0
    outer loop
      vertex 17.5 -23.5 1.5
      vertex 18.19209236946217 -23.45463786707368 1.627906976744186
      vertex 17.5 -23.5 2.6
    endloop
  endfacet
  facet normal 0.32143946370773846 -0.9469301300366788 0
    outer loop
      vertex 19.052914269268513 -23.2955549582839 1.5
      vertex 19.796100594103336 -23.043277196586132 2.6
      vertex 19.052914269268513 -23.2955549582839 2.6
    endloop
  endfacet
  facet normal 0.555570237894537 -0.8314696090452179 0
    outer loop
      vertex 20.5 -22.696152426302433 1.5
      vertex 21.152568571269512 -22.260120041668415 1.5
      vertex 20.5 -22.696152426302433 2.6
    endloop
  endfacet
  facet normal 0.555570237894537 -0.8314696090452179 0
    outer loop
      vertex 21.152568571269512 -22.260120041668415 1.5
      vertex 21.152568571269512 -22.260120041668415 2.6
      vertex 20.5 -22.696152426302433 2.6
    endloop
  endfacet
  facet normal 0.8314696090452179 -0.555570237894537 0
    outer loop
      vertex 22.260120041668415 -21.152568571269512 1.5
      vertex 22.696152426302433 -20.5 1.5
      vertex 22.260120041668415 -21.152568571269512 2.6
    endloop
  endfacet
  facet normal 0.8314696090452179 -0.555570237894537 0
    outer loop
      vertex 22.696152426302433 -20.5 1.5
      vertex 22.696152426302433 -20.5 2.6
      vertex 22.260120041668415 -21.152568571269512 2.6
    endloop
  endfacet
  facet normal 1 0 0
    outer loop
      vertex 23.5 -17.5 1.5
      vertex 23.5 17.5 2.6
      vertex 23.5 -17.5 2.6
    endloop
  endfacet
  facet normal 1 0 0
    outer loop
      vertex 23.5 -17.5 1.5
      vertex 23.5 17.5 1.5
      vertex 23.5 17.5 2.6
    endloop
  endfacet
  facet normal 0.19509031854274123 0.9807852810941301 0
    outer loop
      vertex 18.283157154917717 23.44866916537285 1.5
      vertex 18.283157154917717 23.44866916537285 2.6
      vertex 19.052914269268513 23.2955549582839 2.6
    endloop
  endfacet
  facet normal 0.44228868804580884 0.8968727426043882 4.47315981969163e-16
    outer loop
      vertex 20.5 22.696152426302433 1.5
      vertex 19.871518387592264 23.00608525691288 1.5
      vertex 19.917301816310708 22.983507368590264 2.410596026490066
    endloop
  endfacet
  facet normal 0.8968727426043882 0.44228868804580884 -4.276816724174268e-16
    outer loop
      vertex 22.733344365975686 20.424582206511072 1.5
      vertex 22.7559222542983 20.37879877779263 2.410596026490066
      vertex 23.043277196586132 19.796100594103336 1.5
    endloop
  endfacet
  facet normal 0.8968727426043885 0.44228868804580834 0
    outer loop
      vertex 23.043277196586132 19.796100594103336 1.5
      vertex 22.7559222542983 20.37879877779263 2.410596026490066
      vertex 23.043277196586132 19.796100594103336 2.410596026490066
    endloop
  endfacet
  facet normal 0.6593458107222282 0.7518398113182407 0
    outer loop
      vertex 21.74264068901539 21.74264068901539 1.5
      vertex 21.152568571269512 22.260120041668415 2.6
      vertex 21.74264068901539 21.74264068901539 2.6
    endloop
  endfacet
  facet normal 0.6593458107222282 0.7518398113182407 0
    outer loop
      vertex 21.74264068901539 21.74264068901539 1.5
      vertex 21.152568571269512 22.260120041668415 1.5
      vertex 21.152568571269512 22.260120041668415 2.6
    endloop
  endfacet
  facet normal -0.6593458107222281 -0.7518398113182407 0
    outer loop
      vertex -21.152568571269512 -22.260120041668415 0
      vertex -21.152568571269512 -22.260120041668415 1.5
      vertex -21.74264068901539 -21.74264068901539 0
    endloop
  endfacet
  facet normal -0.555570237894537 -0.8314696090452178 0
    outer loop
      vertex -21.152568571269512 -22.260120041668415 0
      vertex -20.5 -22.696152426302433 0
      vertex -21.152568571269512 -22.260120041668415 1.5
    endloop
  endfacet
  facet normal -0.555570237894537 -0.8314696090452179 0
    outer loop
      vertex -21.152568571269512 -22.260120041668415 1.5
      vertex -20.5 -22.696152426302433 0
      vertex -21.152568571269512 -22.260120041668415 2.6
    endloop
  endfacet
  facet normal -0.6593458107222281 -0.7518398113182407 0
    outer loop
      vertex -21.74264068901539 -21.74264068901539 0
      vertex -21.152568571269512 -22.260120041668415 1.5
      vertex -21.74264068901539 -21.74264068901539 2.6
    endloop
  endfacet
  facet normal -0.8968727426043884 -0.44228868804580856 0
    outer loop
      vertex -23.043277196586132 -19.796100594103336 0
      vertex -22.696152426302433 -20.5 0
      vertex -23.043277196586132 -19.796100594103336 1.5
    endloop
  endfacet
  facet normal -0.9469301300366789 -0.3214394637077385 0
    outer loop
      vertex -23.043277196586132 -19.796100594103336 0
      vertex -23.043277196586132 -19.796100594103336 1.5
      vertex -23.2955549582839 -19.052914269268513 0
    endloop
  endfacet
  facet normal -0.9978589230086541 -0.06540313273849395 0
    outer loop
      vertex -23.44866916537285 -18.283157154917717 0
      vertex -23.5 -17.5 1.5
      vertex -23.5 -17.5 0
    endloop
  endfacet
  facet normal -0.9469301300366789 -0.3214394637077385 0
    outer loop
      vertex -23.2955549582839 -19.052914269268513 0
      vertex -23.043277196586132 -19.796100594103336 1.5
      vertex -23.2955549582839 -19.052914269268513 1.5
    endloop
  endfacet
  facet normal -0.8968727426043883 -0.44228868804580856 0
    outer loop
      vertex -22.696152426302433 -20.5 0
      vertex -23.043277196586132 -19.796100594103336 2.6
      vertex -23.043277196586132 -19.796100594103336 1.5
    endloop
  endfacet
  facet normal -0.9978589230086541 -0.06540313273849394 0
    outer loop
      vertex -23.44866916537285 -18.283157154917717 0
      vertex -23.5 -17.5 2.6
      vertex -23.5 -17.5 1.5
    endloop
  endfacet
  facet normal -0.1950903185427412 -0.98078528109413 0
    outer loop
      vertex -19.052914269268513 -23.2955549582839 0
      vertex -18.283157154917717 -23.44866916537285 0
      vertex -18.283157154917717 -23.44866916537285 1.5
    endloop
  endfacet
  facet normal -0.06540313273849395 -0.9978589230086541 0
    outer loop
      vertex -18.283157154917717 -23.44866916537285 0
      vertex -17.5 -23.5 0
      vertex -17.5 -23.5 1.5
    endloop
  endfacet
  facet normal -0.06540313273849395 -0.9978589230086541 0
    outer loop
      vertex -18.283157154917717 -23.44866916537285 0
      vertex -17.5 -23.5 1.5
      vertex -18.283157154917717 -23.44866916537285 1.5
    endloop
  endfacet
  facet normal -0.1950903185427412 -0.98078528109413 0
    outer loop
      vertex -19.052914269268513 -23.2955549582839 0
      vertex -18.283157154917717 -23.44866916537285 1.5
      vertex -19.052914269268513 -23.2955549582839 2.6
    endloop
  endfacet
  facet normal -0.06540313273849394 -0.997858923008654 0
    outer loop
      vertex -18.283157154917717 -23.44866916537285 1.5
      vertex -17.5 -23.5 2.6
      vertex -18.283157154917717 -23.44866916537285 2.6
    endloop
  endfacet
  facet normal 0 0 -1
    outer loop
      vertex -23.2955549582839 -19.052914269268513 0
      vertex -23.44866916537285 -18.283157154917717 0
      vertex -15.16980256140232 -13.053074643015862 0
    endloop
  endfacet
  facet normal 0 0 -1
    outer loop
      vertex -23.44866916537285 -18.283157154917717 0
      vertex -23.5 -17.5 0
      vertex -15.580788344144821 -12.217356763780117 0
    endloop
  endfacet
  facet normal 0 0 -1
    outer loop
      vertex -23.2955549582839 -19.052914269268513 0
      vertex -15.16980256140232 -13.053074643015862 0
      vertex -15.161954179406166 -13.066668428480625 0
    endloop
  endfacet
  facet normal 0 0 -1
    outer loop
      vertex -23.2955549582839 -19.052914269268513 0
      vertex -15.161954179406166 -13.066668428480625 0
      vertex -14.653249733150005 -13.82799842953682 0
    endloop
  endfacet
  facet normal 0 0 -1
    outer loop
      vertex -23.5 -17.5 0
      vertex -15.879175022244453 -11.335144154727459 0
      vertex -15.875112399458885 -11.350306048989296 0
    endloop
  endfacet
  facet normal 0 0 -1
    outer loop
      vertex -23.44866916537285 -18.283157154917717 0
      vertex -15.574781462550163 -12.231858670711517 0
      vertex -15.16980256140232 -13.053074643015862 0
    endloop
  endfacet
  facet normal 0 0 -1
    outer loop
      vertex -23.44866916537285 -18.283157154917717 0
      vertex -15.580788344144821 -12.217356763780117 0
      vertex -15.574781462550163 -12.231858670711517 0
    endloop
  endfacet
  facet normal 0 0 -1
    outer loop
      vertex -23.5 -17.5 0
      vertex -15.875112399458885 -11.350306048989296 0
      vertex -15.580788344144821 -12.217356763780117 0
    endloop
  endfacet
  facet normal 0 0 -1
    outer loop
      vertex -23.5 -17.5 0
      vertex -16.05780826508999 -10.437094189226627 0
      vertex -15.879175022244453 -11.335144154727459 0
    endloop
  endfacet
  facet normal 0 0 -1
    outer loop
      vertex -23.2955549582839 -19.052914269268513 0
      vertex -14.028868965804577 -14.539968244731426 0
      vertex -13.340451501309872 -15.143694162368774 0
    endloop
  endfacet
  facet normal 0 0 -1
    outer loop
      vertex -23.2955549582839 -19.052914269268513 0
      vertex -13.340451501309872 -15.143694162368774 0
      vertex -13.32799842953682 -15.153249733150005 0
    endloop
  endfacet
  facet normal 0 0 -1
    outer loop
      vertex -23.2955549582839 -19.052914269268513 0
      vertex -13.32799842953682 -15.153249733150005 0
      vertex -12.566668428480625 -15.661954179406166 0
    endloop
  endfacet
  facet normal 0 0 -1
    outer loop
      vertex -23.2955549582839 -19.052914269268513 0
      vertex -14.643694162368774 -13.840451501309872 0
      vertex -14.039968244731426 -14.528868965804577 0
    endloop
  endfacet
  facet normal 0 0 -1
    outer loop
      vertex -23.2955549582839 -19.052914269268513 0
      vertex -14.653249733150005 -13.82799842953682 0
      vertex -14.643694162368774 -13.840451501309872 0
    endloop
  endfacet
  facet normal 0 0 -1
    outer loop
      vertex -23.2955549582839 -19.052914269268513 0
      vertex -14.039968244731426 -14.528868965804577 0
      vertex -14.028868965804577 -14.539968244731426 0
    endloop
  endfacet
  facet normal 0 0 -1
    outer loop
      vertex -23.2955549582839 -19.052914269268513 0
      vertex -12.553074643015862 -15.66980256140232 0
      vertex -11.731858670711517 -16.074781462550163 0
    endloop
  endfacet
  facet normal 0 0 -1
    outer loop
      vertex -23.2955549582839 -19.052914269268513 0
      vertex -11.731858670711517 -16.074781462550163 0
      vertex -11.717356763780117 -16.08078834414482 0
    endloop
  endfacet
  facet normal 0 0 -1
    outer loop
      vertex -23.2955549582839 -19.052914269268513 0
      vertex -12.566668428480625 -15.661954179406166 0
      vertex -12.553074643015862 -15.66980256140232 0
    endloop
  endfacet
  facet normal 0 0 -1
    outer loop
      vertex -23.2955549582839 -19.052914269268513 0
      vertex -11.717356763780117 -16.08078834414482 0
      vertex -10.850306048989296 -16.375112399458885 0
    endloop
  endfacet
  facet normal 0 0 -1
    outer loop
      vertex -23.2955549582839 -19.052914269268513 0
      vertex -10.850306048989296 -16.375112399458885 0
      vertex -10.835144154727459 -16.379175022244453 0
    endloop
  endfacet
  facet normal 0 0 -1
    outer loop
      vertex -23.2955549582839 -19.052914269268513 0
      vertex -10.835144154727459 -16.379175022244453 0
      vertex -9.937094189226627 -16.55780826508999 0
    endloop
  endfacet
  facet normal 0 0 -1
    outer loop
      vertex -23.2955549582839 -19.052914269268513 0
      vertex -9.937094189226627 -16.55780826508999 0
      vertex -9.921531721949577 -16.559857100248337 0
    endloop
  endfacet
  facet normal 0 0 -1
    outer loop
      vertex -23.2955549582839 -19.052914269268513 0
      vertex -9.921531721949577 -16.559857100248337 0
      vertex -9.007848374545574 -16.619743071496487 0
    endloop
  endfacet
  facet normal 0 0 -1
    outer loop
      vertex -23.2955549582839 -19.052914269268513 0
      vertex -9.007848374545574 -16.619743071496487 0
      vertex -9 -16.61999999731779 0
    endloop
  endfacet
  facet normal -0.7518398113182407 -0.6593458107222281 0
    outer loop
      vertex -22.260120041668415 -21.152568571269512 0
      vertex -21.74264068901539 -21.74264068901539 0
      vertex -22.260120041668415 -21.152568571269512 14
    endloop
  endfacet
  facet normal -0.8314696090452179 -0.5555702378945371 0
    outer loop
      vertex -22.260120041668415 -21.152568571269512 0
      vertex -22.696152426302433 -20.5 14
      vertex -22.696152426302433 -20.5 0
    endloop
  endfacet
  facet normal -0.9807852810941301 -0.19509031854274123 0
    outer loop
      vertex -23.2955549582839 -19.052914269268513 0
      vertex -23.44866916537285 -18.283157154917717 14
      vertex -23.44866916537285 -18.283157154917717 0
    endloop
  endfacet
  facet normal -0.98078528109413 -0.1950903185427412 0
    outer loop
      vertex -23.2955549582839 -19.052914269268513 0
      vertex -23.2955549582839 -19.052914269268513 1.5
      vertex -23.44866916537285 -18.283157154917717 14
    endloop
  endfacet
  facet normal -0.4422886880458085 -0.8968727426043883 0
    outer loop
      vertex -20.5 -22.696152426302433 0
      vertex -19.796100594103336 -23.043277196586132 0
      vertex -20.5 -22.696152426302433 14
    endloop
  endfacet
  facet normal -0.32143946370773846 -0.9469301300366788 0
    outer loop
      vertex -19.796100594103336 -23.043277196586132 0
      vertex -19.052914269268513 -23.2955549582839 0
      vertex -19.796100594103336 -23.043277196586132 14
    endloop
  endfacet
  facet normal -0.555570237894537 -0.8314696090452179 0
    outer loop
      vertex -20.5 -22.696152426302433 0
      vertex -21.152568571269512 -22.260120041668415 14
      vertex -21.152568571269512 -22.260120041668415 2.6
    endloop
  endfacet
  facet normal -0.7518398113182407 -0.6593458107222281 0
    outer loop
      vertex -21.74264068901539 -21.74264068901539 0
      vertex -21.74264068901539 -21.74264068901539 2.6
      vertex -22.260120041668415 -21.152568571269512 14
    endloop
  endfacet
  facet normal -0.6593458107222281 -0.7518398113182406 0
    outer loop
      vertex -21.152568571269512 -22.260120041668415 2.6
      vertex -21.152568571269512 -22.260120041668415 14
      vertex -21.74264068901539 -21.74264068901539 2.6
    endloop
  endfacet
  facet normal -0.8968727426043883 -0.44228868804580856 0
    outer loop
      vertex -22.696152426302433 -20.5 0
      vertex -23.043277196586132 -19.796100594103336 14
      vertex -23.043277196586132 -19.796100594103336 2.6
    endloop
  endfacet
  facet normal -0.997858923008654 -0.06540313273849395 0
    outer loop
      vertex -23.44866916537285 -18.283157154917717 0
      vertex -23.5 -17.5 14
      vertex -23.5 -17.5 2.6
    endloop
  endfacet
  facet normal -0.9807852810941301 -0.19509031854274123 0
    outer loop
      vertex -23.2955549582839 -19.052914269268513 1.5
      vertex -23.2955549582839 -19.052914269268513 2.6
      vertex -23.44866916537285 -18.283157154917717 14
    endloop
  endfacet
  facet normal -0.9469301300366789 -0.3214394637077385 0
    outer loop
      vertex -23.043277196586132 -19.796100594103336 2.6
      vertex -23.043277196586132 -19.796100594103336 14
      vertex -23.2955549582839 -19.052914269268513 2.6
    endloop
  endfacet
  facet normal -0.3214394637077385 -0.9469301300366789 0
    outer loop
      vertex -19.052914269268513 -23.2955549582839 0
      vertex -19.052914269268513 -23.2955549582839 2.6
      vertex -19.796100594103336 -23.043277196586132 14
    endloop
  endfacet
  facet normal -0.19509031854274123 -0.9807852810941302 0
    outer loop
      vertex -19.052914269268513 -23.2955549582839 2.6
      vertex -18.283157154917717 -23.44866916537285 2.6
      vertex -18.283157154917717 -23.44866916537285 14
    endloop
  endfacet
  facet normal -0.06540313273849394 -0.997858923008654 0
    outer loop
      vertex -18.283157154917717 -23.44866916537285 2.6
      vertex -17.5 -23.5 2.6
      vertex -18.283157154917717 -23.44866916537285 14
    endloop
  endfacet
  facet normal -1 0 0
    outer loop
      vertex -23.5 -17.5 2.6
      vertex -23.5 -17.5 14
      vertex -23.5 -11 2.6
    endloop
  endfacet
  facet normal -1 0 0
    outer loop
      vertex -23.5 -17.5 0
      vertex -23.5 -17.5 1.5
      vertex -23.5 17.5 0
    endloop
  endfacet
  facet normal 0 0 -1
    outer loop
      vertex -23.5 -17.5 0
      vertex -23.5 17.5 0
      vertex -16.05780826508999 -10.437094189226627 0
    endloop
  endfacet
  facet normal 0 0 -1
    outer loop
      vertex -23.5 17.5 0
      vertex -16.059857100248337 -10.421531721949577 0
      vertex -16.05780826508999 -10.437094189226627 0
    endloop
  endfacet
  facet normal 0 0 -1
    outer loop
      vertex -23.5 17.5 0
      vertex -16.119743071496487 -9.507848374545574 0
      vertex -16.059857100248337 -10.421531721949577 0
    endloop
  endfacet
  facet normal 0 0 -1
    outer loop
      vertex -23.5 17.5 0
      vertex -16.119743071496487 -9.492151625454426 0
      vertex -16.119743071496487 -9.507848374545574 0
    endloop
  endfacet
  facet normal 0 0 -1
    outer loop
      vertex -23.5 17.5 0
      vertex -16.059857100248337 -8.578468278050423 0
      vertex -16.119743071496487 -9.492151625454426 0
    endloop
  endfacet
  facet normal 0 0 -1
    outer loop
      vertex -19.796100594103336 -23.043277196586132 0
      vertex 21.152568571269512 -22.260120041668415 0
      vertex -19.052914269268513 -23.2955549582839 0
    endloop
  endfacet
  facet normal 0 0 -1
    outer loop
      vertex -21.152568571269512 -22.260120041668415 0
      vertex 22.260120041668415 -21.152568571269512 0
      vertex -20.5 -22.696152426302433 0
    endloop
  endfacet
  facet normal 0 0 -1
    outer loop
      vertex -20.5 -22.696152426302433 0
      vertex 21.74264068901539 -21.74264068901539 0
      vertex -19.796100594103336 -23.043277196586132 0
    endloop
  endfacet
  facet normal 0 0 -1
    outer loop
      vertex -21.152568571269512 -22.260120041668415 0
      vertex -21.74264068901539 -21.74264068901539 0
      vertex 22.696152426302433 -20.5 0
    endloop
  endfacet
  facet normal 0 0 -1
    outer loop
      vertex -22.260120041668415 -21.152568571269512 0
      vertex 23.043277196586132 -19.796100594103336 0
      vertex -21.74264068901539 -21.74264068901539 0
    endloop
  endfacet
  facet normal 0 0 -1
    outer loop
      vertex -23.043277196586132 -19.796100594103336 0
      vertex 23.44866916537285 -18.283157154917717 0
      vertex -22.696152426302433 -20.5 0
    endloop
  endfacet
  facet normal 0 0 -1
    outer loop
      vertex -23.043277196586132 -19.796100594103336 0
      vertex -23.2955549582839 -19.052914269268513 0
      vertex 23.5 -17.5 0
    endloop
  endfacet
  facet normal 0 0 -1
    outer loop
      vertex -22.260120041668415 -21.152568571269512 0
      vertex -22.696152426302433 -20.5 0
      vertex 23.2955549582839 -19.052914269268513 0
    endloop
  endfacet
  facet normal 0 0 -1
    outer loop
      vertex -23.2955549582839 -19.052914269268513 0
      vertex -9 -16.61999999731779 0
      vertex 9 -16.61999999731779 0
    endloop
  endfacet
  facet normal 0 0 -1
    outer loop
      vertex -19.052914269268513 -23.2955549582839 0
      vertex 20.5 -22.696152426302433 0
      vertex -18.283157154917717 -23.44866916537285 0
    endloop
  endfacet
  facet normal 0 0 -1
    outer loop
      vertex -18.283157154917717 -23.44866916537285 0
      vertex 19.796100594103336 -23.043277196586132 0
      vertex -17.5 -23.5 0
    endloop
  endfacet
  facet normal 0 -1 0
    outer loop
      vertex -17.5 -23.5 0
      vertex 17.5 -23.5 1.5
      vertex -17.5 -23.5 1.5
    endloop
  endfacet
  facet normal 0 0 -1
    outer loop
      vertex -23.2955549582839 -19.052914269268513 0
      vertex 9 -16.61999999731779 0
      vertex 9.007848374545574 -16.619743071496487 0
    endloop
  endfacet
  facet normal 0 0 -1
    outer loop
      vertex -23.2955549582839 -19.052914269268513 0
      vertex 9.007848374545574 -16.619743071496487 0
      vertex 9.921531721949577 -16.559857100248337 0
    endloop
  endfacet
  facet normal 0 -1 0
    outer loop
      vertex -17.5 -23.5 1.5
      vertex 17.5 -23.5 14
      vertex -17.5 -23.5 2.6
    endloop
  endfacet
  facet normal 0 0 -1
    outer loop
      vertex -10.835144154727459 -2.6208249777555466 0
      vertex -10.722816243767738 -2.4879593923687935 0
      vertex -10.687672011554241 -2.591490939259529 0
    endloop
  endfacet
  facet normal -0.8314696090452179 -0.5555702378945371 0
    outer loop
      vertex -22.260120041668415 -21.152568571269512 0
      vertex -22.260120041668415 -21.152568571269512 14
      vertex -22.696152426302433 -20.5 14
    endloop
  endfacet
  facet normal -0.5555702378945371 -0.8314696090452179 0
    outer loop
      vertex -20.5 -22.696152426302433 0
      vertex -20.5 -22.696152426302433 14
      vertex -21.152568571269512 -22.260120041668415 14
    endloop
  endfacet
  facet normal -0.7518398113182406 -0.6593458107222281 0
    outer loop
      vertex -21.74264068901539 -21.74264068901539 2.6
      vertex -21.74264068901539 -21.74264068901539 14
      vertex -22.260120041668415 -21.152568571269512 14
    endloop
  endfacet
  facet normal -0.6593458107222281 -0.7518398113182406 0
    outer loop
      vertex -21.74264068901539 -21.74264068901539 2.6
      vertex -21.152568571269512 -22.260120041668415 14
      vertex -21.74264068901539 -21.74264068901539 14
    endloop
  endfacet
  facet normal -0.8968727426043883 -0.4422886880458085 0
    outer loop
      vertex -22.696152426302433 -20.5 0
      vertex -22.696152426302433 -20.5 14
      vertex -23.043277196586132 -19.796100594103336 14
    endloop
  endfacet
  facet normal -0.997858923008654 -0.06540313273849395 0
    outer loop
      vertex -23.44866916537285 -18.283157154917717 0
      vertex -23.44866916537285 -18.283157154917717 14
      vertex -23.5 -17.5 14
    endloop
  endfacet
  facet normal -0.9469301300366789 -0.3214394637077385 0
    outer loop
      vertex -23.2955549582839 -19.052914269268513 2.6
      vertex -23.043277196586132 -19.796100594103336 14
      vertex -23.2955549582839 -19.052914269268513 14
    endloop
  endfacet
  facet normal -0.9807852810941302 -0.19509031854274123 0
    outer loop
      vertex -23.2955549582839 -19.052914269268513 2.6
      vertex -23.2955549582839 -19.052914269268513 14
      vertex -23.44866916537285 -18.283157154917717 14
    endloop
  endfacet
  facet normal -0.4422886880458085 -0.8968727426043883 0
    outer loop
      vertex -19.796100594103336 -23.043277196586132 0
      vertex -19.796100594103336 -23.043277196586132 14
      vertex -20.5 -22.696152426302433 14
    endloop
  endfacet
  facet normal -0.3214394637077385 -0.9469301300366789 0
    outer loop
      vertex -19.052914269268513 -23.2955549582839 2.6
      vertex -19.052914269268513 -23.2955549582839 14
      vertex -19.796100594103336 -23.043277196586132 14
    endloop
  endfacet
  facet normal -0.19509031854274123 -0.9807852810941302 0
    outer loop
      vertex -19.052914269268513 -23.2955549582839 2.6
      vertex -18.283157154917717 -23.44866916537285 14
      vertex -19.052914269268513 -23.2955549582839 14
    endloop
  endfacet
  facet normal -0.06540313273849394 -0.997858923008654 0
    outer loop
      vertex -17.5 -23.5 2.6
      vertex -17.5 -23.5 14
      vertex -18.283157154917717 -23.44866916537285 14
    endloop
  endfacet
  facet normal 0 0 1
    outer loop
      vertex -22.260120041668415 -21.152568571269512 14
      vertex -20.990754693746567 -20.17855028808117 14
      vertex -22.696152426302433 -20.5 14
    endloop
  endfacet
  facet normal 0 0 1
    outer loop
      vertex -22.260120041668415 -21.152568571269512 14
      vertex -21.74264068901539 -21.74264068901539 14
      vertex -20.17855028808117 -20.990754693746567 14
    endloop
  endfacet
  facet normal 0 0 1
    outer loop
      vertex -21.152568571269512 -22.260120041668415 14
      vertex -19.183807104825974 -21.565069943666458 14
      vertex -21.74264068901539 -21.74264068901539 14
    endloop
  endfacet
  facet normal 0 0 1
    outer loop
      vertex -22.260120041668415 -21.152568571269512 14
      vertex -20.61126983910799 -20.61126983910799 14
      vertex -20.990754693746567 -20.17855028808117 14
    endloop
  endfacet
  facet normal 0 0 1
    outer loop
      vertex -22.260120041668415 -21.152568571269512 14
      vertex -20.17855028808117 -20.990754693746567 14
      vertex -20.61126983910799 -20.61126983910799 14
    endloop
  endfacet
  facet normal 0 0 1
    outer loop
      vertex -23.043277196586132 -19.796100594103336 14
      vertex -22.696152426302433 -20.5 14
      vertex -21.310511775314808 -19.700000002980232 14
    endloop
  endfacet
  facet normal 0 0 1
    outer loop
      vertex -23.043277196586132 -19.796100594103336 14
      vertex -21.75007363408804 -18.63880379498005 14
      vertex -23.2955549582839 -19.052914269268513 14
    endloop
  endfacet
  facet normal 0 0 1
    outer loop
      vertex -23.043277196586132 -19.796100594103336 14
      vertex -21.565069943666458 -19.183807104825974 14
      vertex -21.75007363408804 -18.63880379498005 14
    endloop
  endfacet
  facet normal 0 0 1
    outer loop
      vertex -23.2955549582839 -19.052914269268513 14
      vertex -21.899999998509884 -17.5 14
      vertex -23.44866916537285 -18.283157154917717 14
    endloop
  endfacet
  facet normal 0 0 1
    outer loop
      vertex -23.2955549582839 -19.052914269268513 14
      vertex -21.75007363408804 -18.63880379498005 14
      vertex -21.862357392907143 -18.07431524246931 14
    endloop
  endfacet
  facet normal 0 0 1
    outer loop
      vertex -23.2955549582839 -19.052914269268513 14
      vertex -21.862357392907143 -18.07431524246931 14
      vertex -21.899999998509884 -17.5 14
    endloop
  endfacet
  facet normal 0 0 1
    outer loop
      vertex -22.696152426302433 -20.5 14
      vertex -20.990754693746567 -20.17855028808117 14
      vertex -21.310511775314808 -19.700000002980232 14
    endloop
  endfacet
  facet normal 0 0 1
    outer loop
      vertex -23.043277196586132 -19.796100594103336 14
      vertex -21.310511775314808 -19.700000002980232 14
      vertex -21.565069943666458 -19.183807104825974 14
    endloop
  endfacet
  facet normal 0 0 1
    outer loop
      vertex -21.152568571269512 -22.260120041668415 14
      vertex -20.5 -22.696152426302433 14
      vertex -17.5 -21.899999998509884 14
    endloop
  endfacet
  facet normal 0 0 1
    outer loop
      vertex -20.5 -22.696152426302433 14
      vertex -19.796100594103336 -23.043277196586132 14
      vertex -17.5 -21.899999998509884 14
    endloop
  endfacet
  facet normal 0 0 1
    outer loop
      vertex -21.74264068901539 -21.74264068901539 14
      vertex -19.700000002980232 -21.310511775314808 14
      vertex -20.17855028808117 -20.990754693746567 14
    endloop
  endfacet
  facet normal 0 0 1
    outer loop
      vertex -21.74264068901539 -21.74264068901539 14
      vertex -19.183807104825974 -21.565069943666458 14
      vertex -19.700000002980232 -21.310511775314808 14
    endloop
  endfacet
  facet normal 0 0 1
    outer loop
      vertex -21.152568571269512 -22.260120041668415 14
      vertex -18.63880379498005 -21.75007363408804 14
      vertex -19.183807104825974 -21.565069943666458 14
    endloop
  endfacet
  facet normal 0 0 1
    outer loop
      vertex -21.152568571269512 -22.260120041668415 14
      vertex -18.07431524246931 -21.862357392907143 14
      vertex -18.63880379498005 -21.75007363408804 14
    endloop
  endfacet
  facet normal 0 0 1
    outer loop
      vertex -21.152568571269512 -22.260120041668415 14
      vertex -17.5 -21.899999998509884 14
      vertex -18.07431524246931 -21.862357392907143 14
    endloop
  endfacet
  facet normal -1 0 0
    outer loop
      vertex -23.5 -11 2.6
      vertex -23.5 -17.5 14
      vertex -23.5 17.5 14
    endloop
  endfacet
  facet normal 0 0 1
    outer loop
      vertex -23.44866916537285 -18.283157154917717 14
      vertex -21.899999998509884 17.5 14
      vertex -23.5 -17.5 14
    endloop
  endfacet
  facet normal 0 0 1
    outer loop
      vertex -23.44866916537285 -18.283157154917717 14
      vertex -21.899999998509884 -17.5 14
      vertex -21.899999998509884 17.5 14
    endloop
  endfacet
  facet normal 0 -1 0
    outer loop
      vertex -17.5 -23.5 2.6
      vertex 17.5 -23.5 14
      vertex -17.5 -23.5 14
    endloop
  endfacet
  facet normal 0 0 1
    outer loop
      vertex -19.796100594103336 -23.043277196586132 14
      vertex -19.052914269268513 -23.2955549582839 14
      vertex 21.152568571269512 -22.260120041668415 14
    endloop
  endfacet
  facet normal 0 0 1
    outer loop
      vertex -19.052914269268513 -23.2955549582839 14
      vertex -18.283157154917717 -23.44866916537285 14
      vertex 20.5 -22.696152426302433 14
    endloop
  endfacet
  facet normal 0 0 1
    outer loop
      vertex -18.283157154917717 -23.44866916537285 14
      vertex -17.5 -23.5 14
      vertex 19.796100594103336 -23.043277196586132 14
    endloop
  endfacet
  facet normal 0 0 1
    outer loop
      vertex -19.796100594103336 -23.043277196586132 14
      vertex 21.152568571269512 -22.260120041668415 14
      vertex -17.5 -21.899999998509884 14
    endloop
  endfacet
  facet normal -1 0 0
    outer loop
      vertex -23.5 -17.5 1.5
      vertex -23.5 17.5 1.5
      vertex -23.5 17.5 0
    endloop
  endfacet
  facet normal 0 0 -1
    outer loop
      vertex -23.5 17.5 0
      vertex -16.05780826508999 -8.562905810773373 0
      vertex -16.059857100248337 -8.578468278050423 0
    endloop
  endfacet
  facet normal 0 0 -1
    outer loop
      vertex -23.5 17.5 0
      vertex -15.879175022244453 -7.664855845272541 0
      vertex -16.05780826508999 -8.562905810773373 0
    endloop
  endfacet
  facet normal 0 0 -1
    outer loop
      vertex -23.5 17.5 0
      vertex -15.875112399458885 -7.649693951010704 0
      vertex -15.879175022244453 -7.664855845272541 0
    endloop
  endfacet
  facet normal 0 0 -1
    outer loop
      vertex -23.5 17.5 0
      vertex -15.580788344144821 -6.782643236219883 0
      vertex -15.875112399458885 -7.649693951010704 0
    endloop
  endfacet
  facet normal 0 0 -1
    outer loop
      vertex -23.5 17.5 0
      vertex -15.574781462550163 -6.768141329288483 0
      vertex -15.580788344144821 -6.782643236219883 0
    endloop
  endfacet
  facet normal 0 0 -1
    outer loop
      vertex -23.5 17.5 0
      vertex -15.16980256140232 -5.9469253569841385 0
      vertex -15.574781462550163 -6.768141329288483 0
    endloop
  endfacet
  facet normal 0 0 -1
    outer loop
      vertex -23.5 17.5 0
      vertex -15.161954179406166 -5.933331571519375 0
      vertex -15.16980256140232 -5.9469253569841385 0
    endloop
  endfacet
  facet normal 0 0 -1
    outer loop
      vertex -23.5 17.5 0
      vertex -14.653249733150005 -5.1720015704631805 0
      vertex -15.161954179406166 -5.933331571519375 0
    endloop
  endfacet
  facet normal 0 0 -1
    outer loop
      vertex -23.5 17.5 0
      vertex -14.643694162368774 -5.159548498690128 0
      vertex -14.653249733150005 -5.1720015704631805 0
    endloop
  endfacet
  facet normal 0 0 -1
    outer loop
      vertex -23.5 17.5 0
      vertex -14.039968244731426 -4.471131034195423 0
      vertex -14.643694162368774 -5.159548498690128 0
    endloop
  endfacet
  facet normal 0 0 -1
    outer loop
      vertex -23.5 17.5 0
      vertex -14.028868965804577 -4.460031755268574 0
      vertex -14.039968244731426 -4.471131034195423 0
    endloop
  endfacet
  facet normal 0 0 -1
    outer loop
      vertex -23.5 17.5 0
      vertex -13.340451501309872 -3.8563058376312256 0
      vertex -14.028868965804577 -4.460031755268574 0
    endloop
  endfacet
  facet normal 0 0 -1
    outer loop
      vertex -23.5 17.5 0
      vertex -13.32799842953682 -3.8467502668499947 0
      vertex -13.340451501309872 -3.8563058376312256 0
    endloop
  endfacet
  facet normal 0 0 -1
    outer loop
      vertex -23.5 17.5 0
      vertex -12.566668428480625 -3.338045820593834 0
      vertex -13.32799842953682 -3.8467502668499947 0
    endloop
  endfacet
  facet normal 0 0 -1
    outer loop
      vertex -23.5 17.5 0
      vertex -12.553074643015862 -3.330197438597679 0
      vertex -12.566668428480625 -3.338045820593834 0
    endloop
  endfacet
  facet normal 0 0 -1
    outer loop
      vertex -23.5 17.5 0
      vertex -11.731858670711517 -2.9252185374498367 0
      vertex -12.553074643015862 -3.330197438597679 0
    endloop
  endfacet
  facet normal 0 0 -1
    outer loop
      vertex -23.5 17.5 0
      vertex -11.717356763780117 -2.919211655855179 0
      vertex -11.731858670711517 -2.9252185374498367 0
    endloop
  endfacet
  facet normal 0 0 -1
    outer loop
      vertex -23.5 17.5 0
      vertex -10.850306048989296 -2.624887600541115 0
      vertex -11.717356763780117 -2.919211655855179 0
    endloop
  endfacet
  facet normal 0 0 -1
    outer loop
      vertex -23.5 17.5 0
      vertex -10.835144154727459 -2.6208249777555466 0
      vertex -10.850306048989296 -2.624887600541115 0
    endloop
  endfacet
  facet normal 0 0 -1
    outer loop
      vertex -23.5 17.5 0
      vertex -10.722816243767738 -2.4879593923687935 0
      vertex -10.835144154727459 -2.6208249777555466 0
    endloop
  endfacet
  facet normal 0 0 -1
    outer loop
      vertex -23.5 17.5 0
      vertex -10.726878866553307 -2.472797490656376 0
      vertex -10.722816243767738 -2.4879593923687935 0
    endloop
  endfacet
  facet normal 0 0 -1
    outer loop
      vertex -23.5 17.5 0
      vertex -10.87183429300785 -1.7387950494885445 0
      vertex -10.869785457849503 -1.7543575093150139 0
    endloop
  endfacet
  facet normal 0 0 -1
    outer loop
      vertex -23.5 17.5 0
      vertex -10.919743068516254 -1.0078483745455742 0
      vertex -10.87183429300785 -1.7387950494885445 0
    endloop
  endfacet
  facet normal 0 0 -1
    outer loop
      vertex -23.5 17.5 0
      vertex -10.869785457849503 -1.7543575093150139 0
      vertex -10.726878866553307 -2.472797490656376 0
    endloop
  endfacet
  facet normal 0 0 -1
    outer loop
      vertex -23.5 17.5 0
      vertex -10.919743068516254 -0.9921516254544258 0
      vertex -10.919743068516254 -1.0078483745455742 0
    endloop
  endfacet
  facet normal 0 0 -1
    outer loop
      vertex -23.5 17.5 0
      vertex -10.87183429300785 -0.26120495051145554 0
      vertex -10.919743068516254 -0.9921516254544258 0
    endloop
  endfacet
  facet normal 0 0 -1
    outer loop
      vertex -23.5 17.5 0
      vertex -10.869785457849503 -0.24564249068498611 0
      vertex -10.87183429300785 -0.26120495051145554 0
    endloop
  endfacet
  facet normal 0 0 -1
    outer loop
      vertex -23.5 17.5 0
      vertex -10.726878866553307 0.4727974981069565 0
      vertex -10.869785457849503 -0.24564249068498611 0
    endloop
  endfacet
  facet normal 0 0 -1
    outer loop
      vertex -23.5 17.5 0
      vertex -10.722816243767738 0.4879593923687935 0
      vertex -10.726878866553307 0.4727974981069565 0
    endloop
  endfacet
  facet normal 0 0 -1
    outer loop
      vertex -23.5 17.5 0
      vertex -10.487356998026371 1.181599959731102 0
      vertex -10.722816243767738 0.4879593923687935 0
    endloop
  endfacet
  facet normal 0 0 -1
    outer loop
      vertex -23.5 17.5 0
      vertex -10.481350116431713 1.1961018666625023 0
      vertex -10.487356998026371 1.181599959731102 0
    endloop
  endfacet
  facet normal 0 0 -1
    outer loop
      vertex -23.5 17.5 0
      vertex -10.15736699104309 1.8530746400356293 0
      vertex -10.481350116431713 1.1961018666625023 0
    endloop
  endfacet
  facet normal 0 0 -1
    outer loop
      vertex -23.5 17.5 0
      vertex -10.149518609046936 1.866668425500393 0
      vertex -10.15736699104309 1.8530746400356293 0
    endloop
  endfacet
  facet normal 0 0 -1
    outer loop
      vertex -23.5 17.5 0
      vertex -9.742555052042007 2.4757324308156967 0
      vertex -10.149518609046936 1.866668425500393 0
    endloop
  endfacet
  facet normal 0 0 -1
    outer loop
      vertex -23.5 17.5 0
      vertex -9.732999481260777 2.488185502588749 0
      vertex -9.742555052042007 2.4757324308156967 0
    endloop
  endfacet
  facet normal 0 0 -1
    outer loop
      vertex -23.5 17.5 0
      vertex -9.250018753111362 3.038919471204281 0
      vertex -9.732999481260777 2.488185502588749 0
    endloop
  endfacet
  facet normal 0 0 -1
    outer loop
      vertex -23.5 17.5 0
      vertex -9.238919474184513 3.05001875013113 0
      vertex -9.250018753111362 3.038919471204281 0
    endloop
  endfacet
  facet normal 0 0 -1
    outer loop
      vertex -23.5 17.5 0
      vertex -8.688185505568981 3.532999485731125 0
      vertex -9.238919474184513 3.05001875013113 0
    endloop
  endfacet
  facet normal 0 0 -1
    outer loop
      vertex -23.5 17.5 0
      vertex -8.675732433795929 3.542555056512356 0
      vertex -8.688185505568981 3.532999485731125 0
    endloop
  endfacet
  facet normal 0 0 -1
    outer loop
      vertex -23.5 17.5 0
      vertex -8.066668428480625 3.949518620967865 0
      vertex -8.675732433795929 3.542555056512356 0
    endloop
  endfacet
  facet normal 0 0 -1
    outer loop
      vertex -23.5 17.5 0
      vertex -8.170520082116127 4.674387276172638 0
      vertex -7.993925653398037 4.154156848788261 0
    endloop
  endfacet
  facet normal 0 0 -1
    outer loop
      vertex -23.5 17.5 0
      vertex -8.053074643015862 3.957366995513439 0
      vertex -8.066668428480625 3.949518620967865 0
    endloop
  endfacet
  facet normal 0 0 -1
    outer loop
      vertex -23.5 17.5 0
      vertex -7.928355135023594 4.01887184381485 0
      vertex -8.053074643015862 3.957366995513439 0
    endloop
  endfacet
  facet normal 0 0 -1
    outer loop
      vertex -23.5 17.5 0
      vertex -7.987918771803379 4.139654941856861 0
      vertex -7.928355135023594 4.01887184381485 0
    endloop
  endfacet
  facet normal 0 0 -1
    outer loop
      vertex -23.5 17.5 0
      vertex -7.993925653398037 4.154156848788261 0
      vertex -7.987918771803379 4.139654941856861 0
    endloop
  endfacet
  facet normal 0 0 -1
    outer loop
      vertex -23.5 17.5 0
      vertex -8.174582704901695 4.689549170434475 0
      vertex -8.170520082116127 4.674387276172638 0
    endloop
  endfacet
  facet normal 0 0 -1
    outer loop
      vertex -23.5 17.5 0
      vertex -8.281762652099133 5.228379152715206 0
      vertex -8.174582704901695 4.689549170434475 0
    endloop
  endfacet
  facet normal 0 0 -1
    outer loop
      vertex -23.5 17.5 0
      vertex -8.28381148725748 5.243941619992256 0
      vertex -8.281762652099133 5.228379152715206 0
    endloop
  endfacet
  facet normal 0 0 -1
    outer loop
      vertex -23.5 17.5 0
      vertex -8.319743074476719 5.792151622474194 0
      vertex -8.28381148725748 5.243941619992256 0
    endloop
  endfacet
  facet normal 0 0 -1
    outer loop
      vertex -23.5 17.5 0
      vertex -8.319743074476719 5.807848371565342 0
      vertex -8.319743074476719 5.792151622474194 0
    endloop
  endfacet
  facet normal 0 0 -1
    outer loop
      vertex -23.5 17.5 0
      vertex -8.28381148725748 6.35605838149786 0
      vertex -8.319743074476719 5.807848371565342 0
    endloop
  endfacet
  facet normal 0 0 -1
    outer loop
      vertex -23.5 17.5 0
      vertex -8.281762652099133 6.37162084877491 0
      vertex -8.28381148725748 6.35605838149786 0
    endloop
  endfacet
  facet normal 0 0 -1
    outer loop
      vertex -23.5 17.5 0
      vertex -8.174582704901695 6.910450831055641 0
      vertex -8.281762652099133 6.37162084877491 0
    endloop
  endfacet
  facet normal 0 0 -1
    outer loop
      vertex -23.5 17.5 0
      vertex -8.170520082116127 6.925612725317478 0
      vertex -8.174582704901695 6.910450831055641 0
    endloop
  endfacet
  facet normal 0 0 -1
    outer loop
      vertex -23.5 17.5 0
      vertex -7.993925653398037 7.445843152701855 0
      vertex -8.170520082116127 6.925612725317478 0
    endloop
  endfacet
  facet normal 0 0 -1
    outer loop
      vertex -23.5 17.5 0
      vertex -7.987918771803379 7.460345059633255 0
      vertex -7.993925653398037 7.445843152701855 0
    endloop
  endfacet
  facet normal 0 0 -1
    outer loop
      vertex -23.5 17.5 0
      vertex -7.7449314296245575 7.953074641525745 0
      vertex -7.987918771803379 7.460345059633255 0
    endloop
  endfacet
  facet normal 0 0 -1
    outer loop
      vertex -23.5 17.5 0
      vertex -7.737083047628403 7.966668426990509 0
      vertex -7.7449314296245575 7.953074641525745 0
    endloop
  endfacet
  facet normal 0 0 -1
    outer loop
      vertex -23.5 17.5 0
      vertex -7.431860379874706 8.423466429114342 0
      vertex -7.737083047628403 7.966668426990509 0
    endloop
  endfacet
  facet normal 0 0 -1
    outer loop
      vertex -23.5 17.5 0
      vertex -7.422304809093475 8.435919500887394 0
      vertex -7.431860379874706 8.423466429114342 0
    endloop
  endfacet
  facet normal 0 0 -1
    outer loop
      vertex -23.5 17.5 0
      vertex -7.060069262981415 8.848969981074333 0
      vertex -7.422304809093475 8.435919500887394 0
    endloop
  endfacet
  facet normal 0 0 -1
    outer loop
      vertex -23.5 17.5 0
      vertex -7.048969984054565 8.860069260001183 0
      vertex -7.060069262981415 8.848969981074333 0
    endloop
  endfacet
  facet normal -1 0 0
    outer loop
      vertex -23.5 -11 2.6
      vertex -23.5 17.5 14
      vertex -23.5 17.5 1.5
    endloop
  endfacet
  facet normal -0.9469301300366789 0.3214394637077385 0
    outer loop
      vertex -23.2955549582839 19.052914269268513 0
      vertex -23.043277196586132 19.796100594103336 2.6
      vertex -23.043277196586132 19.796100594103336 0
    endloop
  endfacet
  facet normal -0.8968727426043884 0.4422886880458085 7.236732185076335e-17
    outer loop
      vertex -23.043277196586132 19.796100594103336 0
      vertex -22.983507368590264 19.917301816310708 2.410596026490066
      vertex -22.696152426302433 20.5 0
    endloop
  endfacet
  facet normal -0.8968727426043878 0.44228868804580973 0
    outer loop
      vertex -23.043277196586132 19.796100594103336 0
      vertex -23.043277196586132 19.796100594103336 2.6
      vertex -22.983507368590264 19.917301816310708 2.410596026490066
    endloop
  endfacet
  facet normal -0.8968727426043932 0.4422886880457986 -2.8850548835365874e-15
    outer loop
      vertex -22.696152426302433 20.5 0
      vertex -22.983507368590264 19.917301816310708 2.410596026490066
      vertex -22.97881116781916 19.926824769484146 2.6
    endloop
  endfacet
  facet normal -0.8314696090452178 0.555570237894537 0
    outer loop
      vertex -22.696152426302433 20.5 0
      vertex -22.260120041668415 21.152568571269512 1.5
      vertex -22.260120041668415 21.152568571269512 0
    endloop
  endfacet
  facet normal -0.6593458107222281 0.7518398113182407 0
    outer loop
      vertex -21.74264068901539 21.74264068901539 0
      vertex -21.152568571269512 22.260120041668415 2.6
      vertex -21.152568571269512 22.260120041668415 0
    endloop
  endfacet
  facet normal -0.555570237894537 0.8314696090452178 0
    outer loop
      vertex -21.152568571269512 22.260120041668415 0
      vertex -20.5 22.696152426302433 1.5
      vertex -20.5 22.696152426302433 0
    endloop
  endfacet
  facet normal -0.8314696090452175 0.5555702378945377 -5.054603756238281e-16
    outer loop
      vertex -22.696152426302433 20.5 0
      vertex -22.621074002458165 20.612362800351043 2.410596026490066
      vertex -22.260120041668415 21.152568571269512 1.5
    endloop
  endfacet
  facet normal -0.555570237894537 0.8314696090452179 0
    outer loop
      vertex -21.152568571269512 22.260120041668415 0
      vertex -21.152568571269512 22.260120041668415 2.6
      vertex -20.5 22.696152426302433 1.5
    endloop
  endfacet
  facet normal -0.44228868804580856 0.8968727426043884 0
    outer loop
      vertex -20.5 22.696152426302433 0
      vertex -19.796100594103336 23.043277196586132 1.5
      vertex -19.796100594103336 23.043277196586132 0
    endloop
  endfacet
  facet normal -0.3214394637077385 0.9469301300366789 0
    outer loop
      vertex -19.796100594103336 23.043277196586132 0
      vertex -19.796100594103336 23.043277196586132 1.5
      vertex -19.052914269268513 23.2955549582839 0
    endloop
  endfacet
  facet normal 0 0 -1
    outer loop
      vertex -19.052914269268513 23.2955549582839 0
      vertex -18.283157154917717 23.44866916537285 0
      vertex -17.5 23.5 0
    endloop
  endfacet
  facet normal -0.1950903185427412 0.98078528109413 0
    outer loop
      vertex -19.052914269268513 23.2955549582839 0
      vertex -18.283157154917717 23.44866916537285 1.5
      vertex -18.283157154917717 23.44866916537285 0
    endloop
  endfacet
  facet normal -0.06540313273849395 0.9978589230086541 0
    outer loop
      vertex -18.283157154917717 23.44866916537285 0
      vertex -18.283157154917717 23.44866916537285 1.5
      vertex -17.5 23.5 0
    endloop
  endfacet
  facet normal -0.3214394637077385 0.9469301300366789 0
    outer loop
      vertex -19.052914269268513 23.2955549582839 0
      vertex -19.796100594103336 23.043277196586132 1.5
      vertex -19.052914269268513 23.2955549582839 1.5
    endloop
  endfacet
  facet normal -0.4422886880458085 0.8968727426043884 0
    outer loop
      vertex -20.5 22.696152426302433 0
      vertex -19.796100594103336 23.043277196586132 2.6
      vertex -19.796100594103336 23.043277196586132 1.5
    endloop
  endfacet
  facet normal -0.06540313273849395 0.9978589230086541 0
    outer loop
      vertex -18.283157154917717 23.44866916537285 1.5
      vertex -17.5 23.5 1.5
      vertex -17.5 23.5 0
    endloop
  endfacet
  facet normal -0.19509031854274123 0.9807852810941301 0
    outer loop
      vertex -19.052914269268513 23.2955549582839 0
      vertex -18.283157154917717 23.44866916537285 2.6
      vertex -18.283157154917717 23.44866916537285 1.5
    endloop
  endfacet
  facet normal 0 0 -1
    outer loop
      vertex -23.5 17.5 0
      vertex -6.635919503867626 9.222304806113243 0
      vertex -7.048969984054565 8.860069260001183 0
    endloop
  endfacet
  facet normal 0 0 -1
    outer loop
      vertex -23.5 17.5 0
      vertex -6.623466432094574 9.231860376894474 0
      vertex -6.635919503867626 9.222304806113243 0
    endloop
  endfacet
  facet normal 0 0 -1
    outer loop
      vertex -23.5 17.5 0
      vertex -6.166668429970741 9.53708304464817 0
      vertex -6.623466432094574 9.231860376894474 0
    endloop
  endfacet
  facet normal 0 0 -1
    outer loop
      vertex -23.5 17.5 0
      vertex -6.153074644505978 9.544931426644325 0
      vertex -6.166668429970741 9.53708304464817 0
    endloop
  endfacet
  facet normal 0 0 -1
    outer loop
      vertex -23.5 17.5 0
      vertex -6.1708487793803215 13.629747956991196 0
      vertex -6.153074644505978 9.544931426644325 0
    endloop
  endfacet
  facet normal 0 0 -1
    outer loop
      vertex -23.5 17.5 0
      vertex -6.173397809267044 13.640124402940273 0
      vertex -6.1708487793803215 13.629747956991196 0
    endloop
  endfacet
  facet normal 0 0 -1
    outer loop
      vertex -23.5 17.5 0
      vertex -6.20657255500555 13.80690510571003 0
      vertex -6.173397809267044 13.640124402940273 0
    endloop
  endfacet
  facet normal 0 0 -1
    outer loop
      vertex -23.5 17.5 0
      vertex -6.2086213901638985 13.82246757298708 0
      vertex -6.20657255500555 13.80690510571003 0
    endloop
  endfacet
  facet normal 0 0 -1
    outer loop
      vertex -23.5 17.5 0
      vertex -6.219743072986603 13.992151625454426 0
      vertex -6.2086213901638985 13.82246757298708 0
    endloop
  endfacet
  facet normal 0 0 -1
    outer loop
      vertex -23.5 17.5 0
      vertex -6.219743072986603 14.007848374545574 0
      vertex -6.219743072986603 13.992151625454426 0
    endloop
  endfacet
  facet normal 0 0 -1
    outer loop
      vertex -23.5 17.5 0
      vertex -6.2086213901638985 14.17753242701292 0
      vertex -6.219743072986603 14.007848374545574 0
    endloop
  endfacet
  facet normal 0 0 -1
    outer loop
      vertex -23.5 17.5 0
      vertex -6.20657255500555 14.19309489428997 0
      vertex -6.2086213901638985 14.17753242701292 0
    endloop
  endfacet
  facet normal 0 0 -1
    outer loop
      vertex -23.5 17.5 0
      vertex -6.173397809267044 14.359875597059727 0
      vertex -6.20657255500555 14.19309489428997 0
    endloop
  endfacet
  facet normal 0 0 -1
    outer loop
      vertex -23.5 17.5 0
      vertex -6.169335186481476 14.375037491321564 0
      vertex -6.173397809267044 14.359875597059727 0
    endloop
  endfacet
  facet normal 0 0 -1
    outer loop
      vertex -23.5 17.5 0
      vertex -6.114675007760525 14.536061197519302 0
      vertex -6.169335186481476 14.375037491321564 0
    endloop
  endfacet
  facet normal 0 0 -1
    outer loop
      vertex -23.5 17.5 0
      vertex -6.108668118715286 14.550563104450703 0
      vertex -6.114675007760525 14.536061197519302 0
    endloop
  endfacet
  facet normal 0 0 -1
    outer loop
      vertex -23.5 17.5 0
      vertex -6.0334577485919 14.703074641525745 0
      vertex -6.108668118715286 14.550563104450703 0
    endloop
  endfacet
  facet normal 0 0 -1
    outer loop
      vertex -23.5 17.5 0
      vertex -6.025609381496906 14.716668426990509 0
      vertex -6.0334577485919 14.703074641525745 0
    endloop
  endfacet
  facet normal 0 0 -1
    outer loop
      vertex -23.5 17.5 0
      vertex -5.9311356991529465 14.858058288693428 0
      vertex -6.025609381496906 14.716668426990509 0
    endloop
  endfacet
  facet normal 0 0 -1
    outer loop
      vertex -23.5 17.5 0
      vertex -5.921580120921135 14.87051136046648 0
      vertex -5.9311356991529465 14.858058288693428 0
    endloop
  endfacet
  facet normal -0.997858923008654 0.06540313273849395 0
    outer loop
      vertex -23.5 17.5 0
      vertex -23.44866916537285 18.283157154917717 14
      vertex -23.44866916537285 18.283157154917717 0
    endloop
  endfacet
  facet normal -0.9807852810941301 0.19509031854274123 0
    outer loop
      vertex -23.44866916537285 18.283157154917717 0
      vertex -23.2955549582839 19.052914269268513 14
      vertex -23.2955549582839 19.052914269268513 0
    endloop
  endfacet
  facet normal -0.9978589230086541 0.06540313273849395 0
    outer loop
      vertex -23.5 17.5 0
      vertex -23.5 17.5 1.5
      vertex -23.44866916537285 18.283157154917717 14
    endloop
  endfacet
  facet normal -0.7518398113182407 0.6593458107222281 0
    outer loop
      vertex -22.260120041668415 21.152568571269512 0
      vertex -22.260120041668415 21.152568571269512 1.5
      vertex -21.74264068901539 21.74264068901539 14
    endloop
  endfacet
  facet normal -0.7518398113182407 0.6593458107222281 0
    outer loop
      vertex -22.260120041668415 21.152568571269512 0
      vertex -21.74264068901539 21.74264068901539 14
      vertex -21.74264068901539 21.74264068901539 0
    endloop
  endfacet
  facet normal -0.44228868804580856 0.8968727426043884 0
    outer loop
      vertex -20.5 22.696152426302433 0
      vertex -20.5 22.696152426302433 1.5
      vertex -19.796100594103336 23.043277196586132 14
    endloop
  endfacet
  facet normal -0.1950903185427412 0.98078528109413 0
    outer loop
      vertex -19.052914269268513 23.2955549582839 0
      vertex -19.052914269268513 23.2955549582839 1.5
      vertex -18.283157154917717 23.44866916537285 14
    endloop
  endfacet
  facet normal -0.9469301300366789 0.3214394637077385 0
    outer loop
      vertex -23.2955549582839 19.052914269268513 0
      vertex -23.043277196586132 19.796100594103336 14
      vertex -23.043277196586132 19.796100594103336 2.6
    endloop
  endfacet
  facet normal -0.896872742604388 0.44228868804580923 0
    outer loop
      vertex -22.696152426302433 20.5 0
      vertex -22.97881116781916 19.926824769484146 2.6
      vertex -22.696152426302433 20.5 14
    endloop
  endfacet
  facet normal -0.8314696090452224 0.5555702378945303 0
    outer loop
      vertex -22.696152426302433 20.5 0
      vertex -22.696152426302433 20.5 14
      vertex -22.621074002458165 20.612362800351043 2.410596026490066
    endloop
  endfacet
  facet normal -0.8968727426043899 0.4422886880458055 0
    outer loop
      vertex -23.043277196586132 19.796100594103336 2.6
      vertex -23.043277196586132 19.796100594103336 14
      vertex -22.97881116781916 19.926824769484146 2.6
    endloop
  endfacet
  facet normal -0.7518398113182407 0.6593458107222282 0
    outer loop
      vertex -22.260120041668415 21.152568571269512 1.5
      vertex -22.260120041668415 21.152568571269512 2.6
      vertex -21.74264068901539 21.74264068901539 14
    endloop
  endfacet
  facet normal -0.6593458107222281 0.7518398113182406 0
    outer loop
      vertex -21.74264068901539 21.74264068901539 0
      vertex -21.152568571269512 22.260120041668415 14
      vertex -21.152568571269512 22.260120041668415 2.6
    endloop
  endfacet
  facet normal -0.8314696090451754 0.5555702378946005 9.854274304042488e-16
    outer loop
      vertex -22.621074002458165 20.612362800351043 2.410596026490066
      vertex -22.696152426302433 20.5 14
      vertex -22.61517498344183 20.62119130609291 2.6
    endloop
  endfacet
  facet normal -0.8314696090452178 0.5555702378945371 1.711263703755563e-18
    outer loop
      vertex -22.61517498344183 20.62119130609291 2.6
      vertex -22.260120041668415 21.152568571269512 14
      vertex -22.260120041668415 21.152568571269512 2.6
    endloop
  endfacet
  facet normal -0.555570237894537 0.8314696090452179 0
    outer loop
      vertex -21.152568571269512 22.260120041668415 2.6
      vertex -21.152568571269512 22.260120041668415 14
      vertex -20.5 22.696152426302433 2.6
    endloop
  endfacet
  facet normal -0.44228868804580856 0.8968727426043883 0
    outer loop
      vertex -20.5 22.696152426302433 0
      vertex -19.796100594103336 23.043277196586132 14
      vertex -19.796100594103336 23.043277196586132 2.6
    endloop
  endfacet
  facet normal -0.44228868804580856 0.8968727426043883 0
    outer loop
      vertex -20.5 22.696152426302433 1.5
      vertex -20.5 22.696152426302433 2.6
      vertex -19.796100594103336 23.043277196586132 14
    endloop
  endfacet
  facet normal -0.19509031854274123 0.9807852810941302 0
    outer loop
      vertex -19.052914269268513 23.2955549582839 0
      vertex -18.283157154917717 23.44866916537285 14
      vertex -18.283157154917717 23.44866916537285 2.6
    endloop
  endfacet
  facet normal -0.19509031854274123 0.9807852810941301 0
    outer loop
      vertex -19.052914269268513 23.2955549582839 1.5
      vertex -19.052914269268513 23.2955549582839 2.6
      vertex -18.283157154917717 23.44866916537285 14
    endloop
  endfacet
  facet normal -0.3214394637077385 0.9469301300366789 0
    outer loop
      vertex -19.796100594103336 23.043277196586132 2.6
      vertex -19.796100594103336 23.043277196586132 14
      vertex -19.052914269268513 23.2955549582839 2.6
    endloop
  endfacet
  facet normal -0.06540313273849394 0.997858923008654 0
    outer loop
      vertex -18.283157154917717 23.44866916537285 2.6
      vertex -18.283157154917717 23.44866916537285 14
      vertex -17.5 23.5 2.6
    endloop
  endfacet
  facet normal 0 0 -1
    outer loop
      vertex -6.153074644505978 9.544931426644325 0
      vertex -6.1708487793803215 13.629747956991196 0
      vertex -5.660345062613487 9.787918768823147 0
    endloop
  endfacet
  facet normal 0 0 -1
    outer loop
      vertex -5.660345062613487 9.787918768823147 0
      vertex -6.1708487793803215 13.629747956991196 0
      vertex -5.645843155682087 9.793925650417805 0
    endloop
  endfacet
  facet normal 0 0 -1
    outer loop
      vertex -5.645843155682087 9.793925650417805 0
      vertex -6.1708487793803215 13.629747956991196 0
      vertex -5.12561272829771 9.970520086586475 0
    endloop
  endfacet
  facet normal 0 0 -1
    outer loop
      vertex -5.12561272829771 9.970520086586475 0
      vertex -6.1708487793803215 13.629747956991196 0
      vertex -5.110450826585293 9.974582709372044 0
    endloop
  endfacet
  facet normal 0 0 -1
    outer loop
      vertex -5.110450826585293 9.974582709372044 0
      vertex -6.1708487793803215 13.629747956991196 0
      vertex -5.098976120352745 9.976865164935589 0
    endloop
  endfacet
  facet normal 0 0 -1
    outer loop
      vertex -23.5 17.5 0
      vertex -5.80945959687233 14.998360313475132 0
      vertex -5.921580120921135 14.87051136046648 0
    endloop
  endfacet
  facet normal 0 0 -1
    outer loop
      vertex -23.5 17.5 0
      vertex -5.79836031794548 15.009459592401981 0
      vertex -5.80945959687233 14.998360313475132 0
    endloop
  endfacet
  facet normal 0 0 -1
    outer loop
      vertex -23.5 17.5 0
      vertex -5.670511357486248 15.121580123901367 0
      vertex -5.79836031794548 15.009459592401981 0
    endloop
  endfacet
  facet normal 0 0 -1
    outer loop
      vertex -23.5 17.5 0
      vertex -5.658058285713196 15.131135694682598 0
      vertex -5.670511357486248 15.121580123901367 0
    endloop
  endfacet
  facet normal 0 0 -1
    outer loop
      vertex -23.5 17.5 0
      vertex -5.516668424010277 15.225609384477139 0
      vertex -5.658058285713196 15.131135694682598 0
    endloop
  endfacet
  facet normal 0 0 -1
    outer loop
      vertex -23.5 17.5 0
      vertex -5.503074638545513 15.233457759022713 0
      vertex -5.516668424010277 15.225609384477139 0
    endloop
  endfacet
  facet normal 0 0 -1
    outer loop
      vertex -23.5 17.5 0
      vertex -5.35056309401989 15.308668121695518 0
      vertex -5.503074638545513 15.233457759022713 0
    endloop
  endfacet
  facet normal 0 0 -1
    outer loop
      vertex -23.5 17.5 0
      vertex -5.33606119453907 15.314675003290176 0
      vertex -5.35056309401989 15.308668121695518 0
    endloop
  endfacet
  facet normal 0 0 -1
    outer loop
      vertex -23.5 17.5 0
      vertex -5.175037495791912 15.369335189461708 0
      vertex -5.33606119453907 15.314675003290176 0
    endloop
  endfacet
  facet normal 0 0 -1
    outer loop
      vertex -23.5 17.5 0
      vertex -5.159875601530075 15.373397812247276 0
      vertex -5.175037495791912 15.369335189461708 0
    endloop
  endfacet
  facet normal 0 0 -1
    outer loop
      vertex -23.5 17.5 0
      vertex -4.993094891309738 15.406572557985783 0
      vertex -5.159875601530075 15.373397812247276 0
    endloop
  endfacet
  facet normal 0 0 -1
    outer loop
      vertex -23.5 17.5 0
      vertex -4.977532424032688 15.40862139314413 0
      vertex -4.993094891309738 15.406572557985783 0
    endloop
  endfacet
  facet normal 0 0 -1
    outer loop
      vertex -23.5 17.5 0
      vertex -4.807848371565342 15.419743068516254 0
      vertex -4.977532424032688 15.40862139314413 0
    endloop
  endfacet
  facet normal 0 0 -1
    outer loop
      vertex -23.5 17.5 0
      vertex -4.792151622474194 15.419743068516254 0
      vertex -4.807848371565342 15.419743068516254 0
    endloop
  endfacet
  facet normal 0 0 -1
    outer loop
      vertex -23.5 17.5 0
      vertex -4.622467577457428 15.40862139314413 0
      vertex -4.792151622474194 15.419743068516254 0
    endloop
  endfacet
  facet normal 0 0 -1
    outer loop
      vertex -23.5 17.5 0
      vertex -23.44866916537285 18.283157154917717 0
      vertex 23.043277196586132 19.796100594103336 0
    endloop
  endfacet
  facet normal 0 0 -1
    outer loop
      vertex -23.44866916537285 18.283157154917717 0
      vertex -23.2955549582839 19.052914269268513 0
      vertex 22.696152426302433 20.5 0
    endloop
  endfacet
  facet normal 0 0 -1
    outer loop
      vertex -23.2955549582839 19.052914269268513 0
      vertex -23.043277196586132 19.796100594103336 0
      vertex 22.260120041668415 21.152568571269512 0
    endloop
  endfacet
  facet normal 0 0 -1
    outer loop
      vertex -23.043277196586132 19.796100594103336 0
      vertex -22.696152426302433 20.5 0
      vertex 21.74264068901539 21.74264068901539 0
    endloop
  endfacet
  facet normal 0 0 -1
    outer loop
      vertex -22.696152426302433 20.5 0
      vertex -22.260120041668415 21.152568571269512 0
      vertex 21.152568571269512 22.260120041668415 0
    endloop
  endfacet
  facet normal 0 0 -1
    outer loop
      vertex -22.260120041668415 21.152568571269512 0
      vertex -21.74264068901539 21.74264068901539 0
      vertex 20.5 22.696152426302433 0
    endloop
  endfacet
  facet normal 0 0 -1
    outer loop
      vertex -21.74264068901539 21.74264068901539 0
      vertex -21.152568571269512 22.260120041668415 0
      vertex 19.796100594103336 23.043277196586132 0
    endloop
  endfacet
  facet normal 0 0 -1
    outer loop
      vertex -21.152568571269512 22.260120041668415 0
      vertex -20.5 22.696152426302433 0
      vertex 19.052914269268513 23.2955549582839 0
    endloop
  endfacet
  facet normal 0 0 -1
    outer loop
      vertex -20.5 22.696152426302433 0
      vertex -19.796100594103336 23.043277196586132 0
      vertex 18.283157154917717 23.44866916537285 0
    endloop
  endfacet
  facet normal 0 0 -1
    outer loop
      vertex -19.796100594103336 23.043277196586132 0
      vertex -19.052914269268513 23.2955549582839 0
      vertex 17.5 23.5 0
    endloop
  endfacet
  facet normal 0 0 -1
    outer loop
      vertex -19.052914269268513 23.2955549582839 0
      vertex -17.5 23.5 0
      vertex 17.5 23.5 0
    endloop
  endfacet
  facet normal 0 0 -1
    outer loop
      vertex -23.5 17.5 0
      vertex 23.2955549582839 19.052914269268513 0
      vertex -4.622467577457428 15.40862139314413 0
    endloop
  endfacet
  facet normal 0 1 0
    outer loop
      vertex -17.5 23.5 0
      vertex -17.5 23.5 1.5
      vertex 17.5 23.5 0
    endloop
  endfacet
  facet normal 0 1 0
    outer loop
      vertex -17.5 23.5 1.5
      vertex -17.5 23.5 2.6
      vertex 17.5 23.5 14
    endloop
  endfacet
  facet normal 0 0 1
    outer loop
      vertex -23.5 -17.5 14
      vertex -21.899999998509884 17.5 14
      vertex -23.5 17.5 14
    endloop
  endfacet
  facet normal -0.9807852810941301 0.19509031854274123 0
    outer loop
      vertex -23.44866916537285 18.283157154917717 0
      vertex -23.44866916537285 18.283157154917717 14
      vertex -23.2955549582839 19.052914269268513 14
    endloop
  endfacet
  facet normal -0.9469301300366788 0.32143946370773846 0
    outer loop
      vertex -23.2955549582839 19.052914269268513 0
      vertex -23.2955549582839 19.052914269268513 14
      vertex -23.043277196586132 19.796100594103336 14
    endloop
  endfacet
  facet normal -0.997858923008654 0.06540313273849394 0
    outer loop
      vertex -23.5 17.5 1.5
      vertex -23.5 17.5 14
      vertex -23.44866916537285 18.283157154917717 14
    endloop
  endfacet
  facet normal -0.8968727426043883 0.4422886880458086 4.370381250550545e-17
    outer loop
      vertex -22.97881116781916 19.926824769484146 2.6
      vertex -23.043277196586132 19.796100594103336 14
      vertex -22.696152426302433 20.5 14
    endloop
  endfacet
  facet normal -0.6593458107222281 0.7518398113182407 0
    outer loop
      vertex -21.74264068901539 21.74264068901539 0
      vertex -21.74264068901539 21.74264068901539 14
      vertex -21.152568571269512 22.260120041668415 14
    endloop
  endfacet
  facet normal -0.8314696090452179 0.555570237894537 7.397995317383907e-18
    outer loop
      vertex -22.61517498344183 20.62119130609291 2.6
      vertex -22.696152426302433 20.5 14
      vertex -22.260120041668415 21.152568571269512 14
    endloop
  endfacet
  facet normal -0.7518398113182406 0.6593458107222281 0
    outer loop
      vertex -22.260120041668415 21.152568571269512 2.6
      vertex -22.260120041668415 21.152568571269512 14
      vertex -21.74264068901539 21.74264068901539 14
    endloop
  endfacet
  facet normal -0.555570237894537 0.8314696090452179 0
    outer loop
      vertex -20.5 22.696152426302433 2.6
      vertex -21.152568571269512 22.260120041668415 14
      vertex -20.5 22.696152426302433 14
    endloop
  endfacet
  facet normal -0.4422886880458085 0.8968727426043884 0
    outer loop
      vertex -20.5 22.696152426302433 2.6
      vertex -20.5 22.696152426302433 14
      vertex -19.796100594103336 23.043277196586132 14
    endloop
  endfacet
  facet normal -0.3214394637077385 0.9469301300366789 0
    outer loop
      vertex -19.052914269268513 23.2955549582839 2.6
      vertex -19.796100594103336 23.043277196586132 14
      vertex -19.052914269268513 23.2955549582839 14
    endloop
  endfacet
  facet normal -0.19509031854274123 0.9807852810941302 0
    outer loop
      vertex -19.052914269268513 23.2955549582839 2.6
      vertex -19.052914269268513 23.2955549582839 14
      vertex -18.283157154917717 23.44866916537285 14
    endloop
  endfacet
  facet normal -0.06540313273849394 0.997858923008654 0
    outer loop
      vertex -17.5 23.5 2.6
      vertex -18.283157154917717 23.44866916537285 14
      vertex -17.5 23.5 14
    endloop
  endfacet
  facet normal 0 0 1
    outer loop
      vertex -23.5 17.5 14
      vertex -21.862357392907143 18.07431524246931 14
      vertex -23.44866916537285 18.283157154917717 14
    endloop
  endfacet
  facet normal 0 0 1
    outer loop
      vertex -23.44866916537285 18.283157154917717 14
      vertex -21.75007363408804 18.63880379498005 14
      vertex -23.2955549582839 19.052914269268513 14
    endloop
  endfacet
  facet normal 0 0 1
    outer loop
      vertex -23.5 17.5 14
      vertex -21.899999998509884 17.5 14
      vertex -21.862357392907143 18.07431524246931 14
    endloop
  endfacet
  facet normal 0 0 1
    outer loop
      vertex -23.44866916537285 18.283157154917717 14
      vertex -21.862357392907143 18.07431524246931 14
      vertex -21.75007363408804 18.63880379498005 14
    endloop
  endfacet
  facet normal 0 0 1
    outer loop
      vertex -23.2955549582839 19.052914269268513 14
      vertex -21.75007363408804 18.63880379498005 14
      vertex -21.565069943666458 19.183807104825974 14
    endloop
  endfacet
  facet normal 0 0 1
    outer loop
      vertex -23.2955549582839 19.052914269268513 14
      vertex -21.565069943666458 19.183807104825974 14
      vertex -23.043277196586132 19.796100594103336 14
    endloop
  endfacet
  facet normal 0 0 1
    outer loop
      vertex -23.043277196586132 19.796100594103336 14
      vertex -20.990754693746567 20.17855028808117 14
      vertex -22.696152426302433 20.5 14
    endloop
  endfacet
  facet normal 0 0 1
    outer loop
      vertex -23.043277196586132 19.796100594103336 14
      vertex -21.565069943666458 19.183807104825974 14
      vertex -21.310511775314808 19.700000002980232 14
    endloop
  endfacet
  facet normal 0 0 1
    outer loop
      vertex -23.043277196586132 19.796100594103336 14
      vertex -21.310511775314808 19.700000002980232 14
      vertex -20.990754693746567 20.17855028808117 14
    endloop
  endfacet
  facet normal 0 0 1
    outer loop
      vertex -22.696152426302433 20.5 14
      vertex -20.990754693746567 20.17855028808117 14
      vertex -20.61126983910799 20.61126983910799 14
    endloop
  endfacet
  facet normal 0 0 1
    outer loop
      vertex -22.696152426302433 20.5 14
      vertex -20.61126983910799 20.61126983910799 14
      vertex -22.260120041668415 21.152568571269512 14
    endloop
  endfacet
  facet normal 0 0 1
    outer loop
      vertex -22.260120041668415 21.152568571269512 14
      vertex -20.61126983910799 20.61126983910799 14
      vertex -20.17855028808117 20.990754693746567 14
    endloop
  endfacet
  facet normal 0 0 1
    outer loop
      vertex -22.260120041668415 21.152568571269512 14
      vertex -20.17855028808117 20.990754693746567 14
      vertex -19.700000002980232 21.310511775314808 14
    endloop
  endfacet
  facet normal 0 0 1
    outer loop
      vertex -22.260120041668415 21.152568571269512 14
      vertex -19.700000002980232 21.310511775314808 14
      vertex -21.74264068901539 21.74264068901539 14
    endloop
  endfacet
  facet normal 0 0 1
    outer loop
      vertex -21.74264068901539 21.74264068901539 14
      vertex -19.700000002980232 21.310511775314808 14
      vertex -19.183807104825974 21.565069943666458 14
    endloop
  endfacet
  facet normal 0 0 1
    outer loop
      vertex -21.74264068901539 21.74264068901539 14
      vertex -18.07431524246931 21.862357392907143 14
      vertex -21.152568571269512 22.260120041668415 14
    endloop
  endfacet
  facet normal 0 0 1
    outer loop
      vertex -21.74264068901539 21.74264068901539 14
      vertex -19.183807104825974 21.565069943666458 14
      vertex -18.63880379498005 21.75007363408804 14
    endloop
  endfacet
  facet normal 0 0 1
    outer loop
      vertex -21.74264068901539 21.74264068901539 14
      vertex -18.63880379498005 21.75007363408804 14
      vertex -18.07431524246931 21.862357392907143 14
    endloop
  endfacet
  facet normal 0 0 1
    outer loop
      vertex -21.152568571269512 22.260120041668415 14
      vertex -18.07431524246931 21.862357392907143 14
      vertex -17.5 21.899999998509884 14
    endloop
  endfacet
  facet normal 0 0 1
    outer loop
      vertex -19.052914269268513 23.2955549582839 14
      vertex -17.5 23.5 14
      vertex -18.283157154917717 23.44866916537285 14
    endloop
  endfacet
  facet normal 0 1 0
    outer loop
      vertex -17.5 23.5 2.6
      vertex -17.5 23.5 14
      vertex 17.5 23.5 14
    endloop
  endfacet
  facet normal 0 0 1
    outer loop
      vertex -21.152568571269512 22.260120041668415 14
      vertex 19.052914269268513 23.2955549582839 14
      vertex -20.5 22.696152426302433 14
    endloop
  endfacet
  facet normal 0 0 1
    outer loop
      vertex -21.152568571269512 22.260120041668415 14
      vertex -17.5 21.899999998509884 14
      vertex 17.5 21.899999998509884 14
    endloop
  endfacet
  facet normal 0 0 1
    outer loop
      vertex -20.5 22.696152426302433 14
      vertex 18.283157154917717 23.44866916537285 14
      vertex -19.796100594103336 23.043277196586132 14
    endloop
  endfacet
  facet normal 0 0 1
    outer loop
      vertex -19.796100594103336 23.043277196586132 14
      vertex 17.5 23.5 14
      vertex -19.052914269268513 23.2955549582839 14
    endloop
  endfacet
  facet normal 0 0 1
    outer loop
      vertex -19.052914269268513 23.2955549582839 14
      vertex 17.5 23.5 14
      vertex -17.5 23.5 14
    endloop
  endfacet
  facet normal 0 -1 0
    outer loop
      vertex -17.5 -23.5 0
      vertex 17.5 -23.5 0
      vertex 17.5 -23.5 1.5
    endloop
  endfacet
  facet normal 0 0 -1
    outer loop
      vertex -23.2955549582839 -19.052914269268513 0
      vertex 9.921531721949577 -16.559857100248337 0
      vertex 23.5 -17.5 0
    endloop
  endfacet
  facet normal 0 -1 0
    outer loop
      vertex -17.5 -23.5 1.5
      vertex 17.5 -23.5 1.5
      vertex 17.5 -23.5 2.6
    endloop
  endfacet
  facet normal 0 0 -1
    outer loop
      vertex -17.5 -23.5 0
      vertex 19.052914269268513 -23.2955549582839 0
      vertex 17.5 -23.5 0
    endloop
  endfacet
  facet normal 0 0 -1
    outer loop
      vertex -17.5 -23.5 0
      vertex 19.796100594103336 -23.043277196586132 0
      vertex 19.052914269268513 -23.2955549582839 0
    endloop
  endfacet
  facet normal 0 0 -1
    outer loop
      vertex -18.283157154917717 -23.44866916537285 0
      vertex 20.5 -22.696152426302433 0
      vertex 19.796100594103336 -23.043277196586132 0
    endloop
  endfacet
  facet normal 0 0 -1
    outer loop
      vertex -19.052914269268513 -23.2955549582839 0
      vertex 21.152568571269512 -22.260120041668415 0
      vertex 20.5 -22.696152426302433 0
    endloop
  endfacet
  facet normal 0 0 -1
    outer loop
      vertex -19.796100594103336 -23.043277196586132 0
      vertex 21.74264068901539 -21.74264068901539 0
      vertex 21.152568571269512 -22.260120041668415 0
    endloop
  endfacet
  facet normal 0 0 -1
    outer loop
      vertex -20.5 -22.696152426302433 0
      vertex 22.260120041668415 -21.152568571269512 0
      vertex 21.74264068901539 -21.74264068901539 0
    endloop
  endfacet
  facet normal 0 0 -1
    outer loop
      vertex -21.152568571269512 -22.260120041668415 0
      vertex 22.696152426302433 -20.5 0
      vertex 22.260120041668415 -21.152568571269512 0
    endloop
  endfacet
  facet normal 0 0 -1
    outer loop
      vertex -21.74264068901539 -21.74264068901539 0
      vertex 23.043277196586132 -19.796100594103336 0
      vertex 22.696152426302433 -20.5 0
    endloop
  endfacet
  facet normal 0 0 -1
    outer loop
      vertex -22.260120041668415 -21.152568571269512 0
      vertex 23.2955549582839 -19.052914269268513 0
      vertex 23.043277196586132 -19.796100594103336 0
    endloop
  endfacet
  facet normal 0 0 -1
    outer loop
      vertex -22.696152426302433 -20.5 0
      vertex 23.44866916537285 -18.283157154917717 0
      vertex 23.2955549582839 -19.052914269268513 0
    endloop
  endfacet
  facet normal 0 0 -1
    outer loop
      vertex -23.043277196586132 -19.796100594103336 0
      vertex 23.5 -17.5 0
      vertex 23.44866916537285 -18.283157154917717 0
    endloop
  endfacet
  facet normal 0 -1 0
    outer loop
      vertex -17.5 -23.5 1.5
      vertex 17.5 -23.5 2.6
      vertex 17.5 -23.5 14
    endloop
  endfacet
  facet normal 0 0 -1
    outer loop
      vertex 23.5 -17.5 0
      vertex 9.921531721949577 -16.559857100248337 0
      vertex 9.937094189226627 -16.55780826508999 0
    endloop
  endfacet
  facet normal 0 0 -1
    outer loop
      vertex 23.5 -17.5 0
      vertex 9.937094189226627 -16.55780826508999 0
      vertex 10.835144154727459 -16.379175022244453 0
    endloop
  endfacet
  facet normal 0 0 -1
    outer loop
      vertex 23.5 -17.5 0
      vertex 10.835144154727459 -16.379175022244453 0
      vertex 10.850306048989296 -16.375112399458885 0
    endloop
  endfacet
  facet normal 0 0 -1
    outer loop
      vertex 23.5 -17.5 0
      vertex 10.850306048989296 -16.375112399458885 0
      vertex 11.717356763780117 -16.08078834414482 0
    endloop
  endfacet
  facet normal 0 0 -1
    outer loop
      vertex 23.5 -17.5 0
      vertex 11.717356763780117 -16.08078834414482 0
      vertex 11.731858670711517 -16.074781462550163 0
    endloop
  endfacet
  facet normal 0 0 -1
    outer loop
      vertex 23.5 -17.5 0
      vertex 11.731858670711517 -16.074781462550163 0
      vertex 12.553074643015862 -15.66980256140232 0
    endloop
  endfacet
  facet normal 0 0 -1
    outer loop
      vertex 23.5 -17.5 0
      vertex 12.553074643015862 -15.66980256140232 0
      vertex 12.566668428480625 -15.661954179406166 0
    endloop
  endfacet
  facet normal 0 0 -1
    outer loop
      vertex 23.5 -17.5 0
      vertex 12.566668428480625 -15.661954179406166 0
      vertex 13.32799842953682 -15.153249733150005 0
    endloop
  endfacet
  facet normal 0 0 -1
    outer loop
      vertex 23.5 -17.5 0
      vertex 13.32799842953682 -15.153249733150005 0
      vertex 13.340451501309872 -15.143694162368774 0
    endloop
  endfacet
  facet normal 0 0 -1
    outer loop
      vertex 23.5 -17.5 0
      vertex 13.340451501309872 -15.143694162368774 0
      vertex 14.028868965804577 -14.539968244731426 0
    endloop
  endfacet
  facet normal 0 0 -1
    outer loop
      vertex 23.5 -17.5 0
      vertex 14.028868965804577 -14.539968244731426 0
      vertex 14.039968244731426 -14.528868965804577 0
    endloop
  endfacet
  facet normal 0 0 -1
    outer loop
      vertex 23.5 -17.5 0
      vertex 14.039968244731426 -14.528868965804577 0
      vertex 14.643694162368774 -13.840451501309872 0
    endloop
  endfacet
  facet normal 0 0 -1
    outer loop
      vertex 23.5 -17.5 0
      vertex 14.643694162368774 -13.840451501309872 0
      vertex 14.653249733150005 -13.82799842953682 0
    endloop
  endfacet
  facet normal 0 0 -1
    outer loop
      vertex 17.5 -23.5 0
      vertex 19.052914269268513 -23.2955549582839 0
      vertex 18.283157154917717 -23.44866916537285 0
    endloop
  endfacet
  facet normal 0.06540313273849395 -0.9978589230086541 0
    outer loop
      vertex 17.5 -23.5 0
      vertex 18.283157154917717 -23.44866916537285 0
      vertex 18.283157154917717 -23.44866916537285 1.5
    endloop
  endfacet
  facet normal 0.1950903185427412 -0.98078528109413 0
    outer loop
      vertex 18.283157154917717 -23.44866916537285 0
      vertex 19.052914269268513 -23.2955549582839 0
      vertex 18.283157154917717 -23.44866916537285 1.5
    endloop
  endfacet
  facet normal 0.3214394637077385 -0.9469301300366789 0
    outer loop
      vertex 19.052914269268513 -23.2955549582839 0
      vertex 19.796100594103336 -23.043277196586132 0
      vertex 19.052914269268513 -23.2955549582839 1.5
    endloop
  endfacet
  facet normal 0.44228868804580856 -0.8968727426043884 0
    outer loop
      vertex 19.796100594103336 -23.043277196586132 0
      vertex 20.5 -22.696152426302433 0
      vertex 19.796100594103336 -23.043277196586132 2.6
    endloop
  endfacet
  facet normal 0.06540313273849395 -0.9978589230086541 0
    outer loop
      vertex 17.5 -23.5 0
      vertex 18.283157154917717 -23.44866916537285 1.5
      vertex 17.5 -23.5 1.5
    endloop
  endfacet
  facet normal 0.19509031854274125 -0.9807852810941301 0
    outer loop
      vertex 19.052914269268513 -23.2955549582839 0
      vertex 18.283157154917717 -23.44866916537285 1.627906976744186
      vertex 18.283157154917717 -23.44866916537285 1.5
    endloop
  endfacet
  facet normal 0.3214394637077385 -0.9469301300366789 0
    outer loop
      vertex 19.796100594103336 -23.043277196586132 0
      vertex 19.796100594103336 -23.043277196586132 2.6
      vertex 19.052914269268513 -23.2955549582839 1.5
    endloop
  endfacet
  facet normal 0.555570237894537 -0.8314696090452178 0
    outer loop
      vertex 20.5 -22.696152426302433 0
      vertex 21.152568571269512 -22.260120041668415 0
      vertex 21.152568571269512 -22.260120041668415 1.5
    endloop
  endfacet
  facet normal 0.6593458107222281 -0.7518398113182407 0
    outer loop
      vertex 21.152568571269512 -22.260120041668415 0
      vertex 21.74264068901539 -21.74264068901539 0
      vertex 21.152568571269512 -22.260120041668415 1.5
    endloop
  endfacet
  facet normal 0.8314696090452178 -0.555570237894537 0
    outer loop
      vertex 22.260120041668415 -21.152568571269512 0
      vertex 22.696152426302433 -20.5 0
      vertex 22.696152426302433 -20.5 1.5
    endloop
  endfacet
  facet normal 0.555570237894537 -0.8314696090452178 0
    outer loop
      vertex 20.5 -22.696152426302433 0
      vertex 21.152568571269512 -22.260120041668415 1.5
      vertex 20.5 -22.696152426302433 1.5
    endloop
  endfacet
  facet normal 0.6593458107222282 -0.7518398113182407 0
    outer loop
      vertex 21.74264068901539 -21.74264068901539 0
      vertex 21.152568571269512 -22.260120041668415 2.6
      vertex 21.152568571269512 -22.260120041668415 1.5
    endloop
  endfacet
  facet normal 0.8314696090452178 -0.555570237894537 0
    outer loop
      vertex 22.260120041668415 -21.152568571269512 0
      vertex 22.696152426302433 -20.5 1.5
      vertex 22.260120041668415 -21.152568571269512 1.5
    endloop
  endfacet
  facet normal 0.8968727426043884 -0.44228868804580856 0
    outer loop
      vertex 22.696152426302433 -20.5 0
      vertex 23.043277196586132 -19.796100594103336 0
      vertex 22.696152426302433 -20.5 1.5
    endloop
  endfacet
  facet normal 0.8968727426043883 -0.44228868804580856 0
    outer loop
      vertex 23.043277196586132 -19.796100594103336 0
      vertex 22.696152426302433 -20.5 2.6
      vertex 22.696152426302433 -20.5 1.5
    endloop
  endfacet
  facet normal 0 0 -1
    outer loop
      vertex 23.5 -17.5 0
      vertex 14.653249733150005 -13.82799842953682 0
      vertex 15.161954179406166 -13.066668428480625 0
    endloop
  endfacet
  facet normal 0 0 -1
    outer loop
      vertex 23.5 -17.5 0
      vertex 15.161954179406166 -13.066668428480625 0
      vertex 15.16980256140232 -13.053074643015862 0
    endloop
  endfacet
  facet normal 0 0 -1
    outer loop
      vertex 23.5 -17.5 0
      vertex 15.16980256140232 -13.053074643015862 0
      vertex 15.574781462550163 -12.231858670711517 0
    endloop
  endfacet
  facet normal 0 0 -1
    outer loop
      vertex 23.5 -17.5 0
      vertex 15.574781462550163 -12.231858670711517 0
      vertex 15.580788344144821 -12.217356763780117 0
    endloop
  endfacet
  facet normal 0 0 -1
    outer loop
      vertex 23.5 -17.5 0
      vertex 15.580788344144821 -12.217356763780117 0
      vertex 15.875112399458885 -11.350306048989296 0
    endloop
  endfacet
  facet normal 0 0 -1
    outer loop
      vertex 23.5 -17.5 0
      vertex 15.875112399458885 -11.350306048989296 0
      vertex 15.879175022244453 -11.335144154727459 0
    endloop
  endfacet
  facet normal 0 0 -1
    outer loop
      vertex 23.5 -17.5 0
      vertex 15.879175022244453 -11.335144154727459 0
      vertex 16.05780826508999 -10.437094189226627 0
    endloop
  endfacet
  facet normal 0 0 -1
    outer loop
      vertex 23.5 -17.5 0
      vertex 16.05780826508999 -10.437094189226627 0
      vertex 16.059857100248337 -10.421531721949577 0
    endloop
  endfacet
  facet normal 0 0 -1
    outer loop
      vertex 23.5 -17.5 0
      vertex 16.059857100248337 -10.421531721949577 0
      vertex 16.119743071496487 -9.507848374545574 0
    endloop
  endfacet
  facet normal 0 0 -1
    outer loop
      vertex 23.5 -17.5 0
      vertex 16.119743071496487 -9.507848374545574 0
      vertex 16.119743071496487 -9.492151625454426 0
    endloop
  endfacet
  facet normal 0 0 -1
    outer loop
      vertex 23.5 -17.5 0
      vertex 16.119743071496487 -9.492151625454426 0
      vertex 16.059857100248337 -8.578468278050423 0
    endloop
  endfacet
  facet normal 0.1950903185427412 -0.98078528109413 0
    outer loop
      vertex 19.052914269268513 -23.2955549582839 0
      vertex 18.283157154917717 -23.44866916537285 14
      vertex 18.283157154917717 -23.44866916537285 1.627906976744186
    endloop
  endfacet
  facet normal 0.1950903185427412 -0.98078528109413 0
    outer loop
      vertex 19.052914269268513 -23.2955549582839 0
      vertex 19.052914269268513 -23.2955549582839 1.5
      vertex 18.283157154917717 -23.44866916537285 14
    endloop
  endfacet
  facet normal 0.44228868804580856 -0.8968727426043884 0
    outer loop
      vertex 20.5 -22.696152426302433 0
      vertex 20.5 -22.696152426302433 1.5
      vertex 19.796100594103336 -23.043277196586132 14
    endloop
  endfacet
  facet normal 0.7518398113182407 -0.6593458107222281 0
    outer loop
      vertex 21.74264068901539 -21.74264068901539 0
      vertex 22.260120041668415 -21.152568571269512 0
      vertex 21.74264068901539 -21.74264068901539 14
    endloop
  endfacet
  facet normal 0.7518398113182407 -0.6593458107222281 0
    outer loop
      vertex 22.260120041668415 -21.152568571269512 0
      vertex 22.260120041668415 -21.152568571269512 1.5
      vertex 21.74264068901539 -21.74264068901539 14
    endloop
  endfacet
  facet normal 0.9469301300366788 -0.32143946370773846 0
    outer loop
      vertex 23.043277196586132 -19.796100594103336 0
      vertex 23.2955549582839 -19.052914269268513 0
      vertex 23.043277196586132 -19.796100594103336 14
    endloop
  endfacet
  facet normal 0.9807852810941301 -0.19509031854274123 0
    outer loop
      vertex 23.2955549582839 -19.052914269268513 0
      vertex 23.44866916537285 -18.283157154917717 0
      vertex 23.2955549582839 -19.052914269268513 14
    endloop
  endfacet
  facet normal 0.997858923008654 -0.06540313273849395 0
    outer loop
      vertex 23.44866916537285 -18.283157154917717 0
      vertex 23.5 -17.5 0
      vertex 23.44866916537285 -18.283157154917717 14
    endloop
  endfacet
  facet normal 0.9978589230086541 -0.06540313273849395 0
    outer loop
      vertex 23.5 -17.5 0
      vertex 23.5 -17.5 1.5
      vertex 23.44866916537285 -18.283157154917717 14
    endloop
  endfacet
  facet normal 0.06540313273847873 -0.9978589230086551 5.4439044779884755e-21
    outer loop
      vertex 18.19209236946217 -23.45463786707368 1.627906976744186
      vertex 18.283157154917717 -23.44866916537285 1.627906976744186
      vertex 18.283157154917717 -23.44866916537285 14
    endloop
  endfacet
  facet normal 0.06540313273849595 -0.9978589230086539 0
    outer loop
      vertex 17.5 -23.5 2.6
      vertex 18.19209236946217 -23.45463786707368 1.627906976744186
      vertex 17.5 -23.5 14
    endloop
  endfacet
  facet normal 0.19509031854274123 -0.9807852810941301 0
    outer loop
      vertex 19.052914269268513 -23.2955549582839 1.5
      vertex 19.052914269268513 -23.2955549582839 2.6
      vertex 18.283157154917717 -23.44866916537285 14
    endloop
  endfacet
  facet normal 0.44228868804580856 -0.8968727426043883 0
    outer loop
      vertex 20.5 -22.696152426302433 0
      vertex 19.796100594103336 -23.043277196586132 14
      vertex 19.796100594103336 -23.043277196586132 2.6
    endloop
  endfacet
  facet normal 0.44228868804580856 -0.8968727426043883 0
    outer loop
      vertex 20.5 -22.696152426302433 1.5
      vertex 20.5 -22.696152426302433 2.6
      vertex 19.796100594103336 -23.043277196586132 14
    endloop
  endfacet
  facet normal 0.3214394637077385 -0.9469301300366789 0
    outer loop
      vertex 19.052914269268513 -23.2955549582839 2.6
      vertex 19.796100594103336 -23.043277196586132 2.6
      vertex 19.796100594103336 -23.043277196586132 14
    endloop
  endfacet
  facet normal 0.6593458107222281 -0.7518398113182406 0
    outer loop
      vertex 21.74264068901539 -21.74264068901539 0
      vertex 21.152568571269512 -22.260120041668415 14
      vertex 21.152568571269512 -22.260120041668415 2.6
    endloop
  endfacet
  facet normal 0.7518398113182407 -0.6593458107222282 0
    outer loop
      vertex 22.260120041668415 -21.152568571269512 1.5
      vertex 22.260120041668415 -21.152568571269512 2.6
      vertex 21.74264068901539 -21.74264068901539 14
    endloop
  endfacet
  facet normal 0.555570237894537 -0.8314696090452179 0
    outer loop
      vertex 20.5 -22.696152426302433 2.6
      vertex 21.152568571269512 -22.260120041668415 2.6
      vertex 21.152568571269512 -22.260120041668415 14
    endloop
  endfacet
  facet normal 0.8314696090452179 -0.555570237894537 0
    outer loop
      vertex 22.260120041668415 -21.152568571269512 2.6
      vertex 22.696152426302433 -20.5 2.6
      vertex 22.696152426302433 -20.5 14
    endloop
  endfacet
  facet normal 0.8968727426043883 -0.44228868804580856 0
    outer loop
      vertex 23.043277196586132 -19.796100594103336 0
      vertex 22.696152426302433 -20.5 14
      vertex 22.696152426302433 -20.5 2.6
    endloop
  endfacet
  facet normal 0.997858923008654 -0.06540313273849394 0
    outer loop
      vertex 23.5 -17.5 1.5
      vertex 23.5 -17.5 2.6
      vertex 23.44866916537285 -18.283157154917717 14
    endloop
  endfacet
  facet normal 0 0 -1
    outer loop
      vertex 12.11093007773161 -3.1121558621525764 0
      vertex 12.322816237807274 -2.4879593923687935 0
      vertex 12.553074643015862 -3.330197438597679 0
    endloop
  endfacet
  facet normal 0 0 -1
    outer loop
      vertex 12.553074643015862 -3.330197438597679 0
      vertex 12.322816237807274 -2.4879593923687935 0
      vertex 12.566668428480625 -3.338045820593834 0
    endloop
  endfacet
  facet normal 0 0 -1
    outer loop
      vertex 12.566668428480625 -3.338045820593834 0
      vertex 12.469785459339619 -1.7543575167655945 0
      vertex 13.32799842953682 -3.8467502668499947 0
    endloop
  endfacet
  facet normal 0 0 -1
    outer loop
      vertex 13.32799842953682 -3.8467502668499947 0
      vertex 12.469785459339619 -1.7543575167655945 0
      vertex 13.340451501309872 -3.8563058376312256 0
    endloop
  endfacet
  facet normal 0 0 -1
    outer loop
      vertex 12.566668428480625 -3.338045820593834 0
      vertex 12.322816237807274 -2.4879593923687935 0
      vertex 12.326878860592842 -2.4727974981069565 0
    endloop
  endfacet
  facet normal 0 0 -1
    outer loop
      vertex 12.566668428480625 -3.338045820593834 0
      vertex 12.326878860592842 -2.4727974981069565 0
      vertex 12.469785459339619 -1.7543575167655945 0
    endloop
  endfacet
  facet normal 0 0 -1
    outer loop
      vertex 12.471834294497967 -1.7387950494885445 0
      vertex 13.340451501309872 -3.8563058376312256 0
      vertex 12.469785459339619 -1.7543575167655945 0
    endloop
  endfacet
  facet normal 0 0 -1
    outer loop
      vertex 23.5 -17.5 0
      vertex 15.875112399458885 -7.649693951010704 0
      vertex 15.580788344144821 -6.782643236219883 0
    endloop
  endfacet
  facet normal 0 0 -1
    outer loop
      vertex 23.5 -17.5 0
      vertex 15.580788344144821 -6.782643236219883 0
      vertex 15.574781462550163 -6.768141329288483 0
    endloop
  endfacet
  facet normal 0 0 -1
    outer loop
      vertex 23.5 -17.5 0
      vertex 16.059857100248337 -8.578468278050423 0
      vertex 16.05780826508999 -8.562905810773373 0
    endloop
  endfacet
  facet normal 0 0 -1
    outer loop
      vertex 23.5 -17.5 0
      vertex 16.05780826508999 -8.562905810773373 0
      vertex 15.879175022244453 -7.664855845272541 0
    endloop
  endfacet
  facet normal 0 0 -1
    outer loop
      vertex 23.5 -17.5 0
      vertex 15.879175022244453 -7.664855845272541 0
      vertex 15.875112399458885 -7.649693951010704 0
    endloop
  endfacet
  facet normal 1 0 0
    outer loop
      vertex 23.5 -17.5 0
      vertex 23.5 17.5 1.5
      vertex 23.5 -17.5 1.5
    endloop
  endfacet
  facet normal 0 0 -1
    outer loop
      vertex 23.5 -17.5 0
      vertex 15.574781462550163 -6.768141329288483 0
      vertex 23.5 17.5 0
    endloop
  endfacet
  facet normal 0 0 1
    outer loop
      vertex -17.5 -23.5 14
      vertex 17.5 -23.5 14
      vertex 19.052914269268513 -23.2955549582839 14
    endloop
  endfacet
  facet normal 0 0 1
    outer loop
      vertex -17.5 -23.5 14
      vertex 19.052914269268513 -23.2955549582839 14
      vertex 19.796100594103336 -23.043277196586132 14
    endloop
  endfacet
  facet normal 0 0 1
    outer loop
      vertex -18.283157154917717 -23.44866916537285 14
      vertex 19.796100594103336 -23.043277196586132 14
      vertex 20.5 -22.696152426302433 14
    endloop
  endfacet
  facet normal 0 0 1
    outer loop
      vertex -17.5 -21.899999998509884 14
      vertex 21.152568571269512 -22.260120041668415 14
      vertex 17.5 -21.899999998509884 14
    endloop
  endfacet
  facet normal 0 0 1
    outer loop
      vertex -19.052914269268513 -23.2955549582839 14
      vertex 20.5 -22.696152426302433 14
      vertex 21.152568571269512 -22.260120041668415 14
    endloop
  endfacet
  facet normal 0.06540313273849396 -0.9978589230086541 -1.1253799361775986e-16
    outer loop
      vertex 18.19209236946217 -23.45463786707368 1.627906976744186
      vertex 18.283157154917717 -23.44866916537285 14
      vertex 17.5 -23.5 14
    endloop
  endfacet
  facet normal 0.19509031854274123 -0.9807852810941302 0
    outer loop
      vertex 19.052914269268513 -23.2955549582839 2.6
      vertex 19.052914269268513 -23.2955549582839 14
      vertex 18.283157154917717 -23.44866916537285 14
    endloop
  endfacet
  facet normal 0.3214394637077385 -0.9469301300366789 0
    outer loop
      vertex 19.052914269268513 -23.2955549582839 2.6
      vertex 19.796100594103336 -23.043277196586132 14
      vertex 19.052914269268513 -23.2955549582839 14
    endloop
  endfacet
  facet normal 0.4422886880458085 -0.8968727426043884 0
    outer loop
      vertex 20.5 -22.696152426302433 2.6
      vertex 20.5 -22.696152426302433 14
      vertex 19.796100594103336 -23.043277196586132 14
    endloop
  endfacet
  facet normal 0.6593458107222281 -0.7518398113182407 0
    outer loop
      vertex 21.74264068901539 -21.74264068901539 0
      vertex 21.74264068901539 -21.74264068901539 14
      vertex 21.152568571269512 -22.260120041668415 14
    endloop
  endfacet
  facet normal 0.555570237894537 -0.8314696090452179 0
    outer loop
      vertex 20.5 -22.696152426302433 2.6
      vertex 21.152568571269512 -22.260120041668415 14
      vertex 20.5 -22.696152426302433 14
    endloop
  endfacet
  facet normal 0.7518398113182406 -0.6593458107222281 0
    outer loop
      vertex 22.260120041668415 -21.152568571269512 2.6
      vertex 22.260120041668415 -21.152568571269512 14
      vertex 21.74264068901539 -21.74264068901539 14
    endloop
  endfacet
  facet normal 0.8314696090452179 -0.555570237894537 0
    outer loop
      vertex 22.260120041668415 -21.152568571269512 2.6
      vertex 22.696152426302433 -20.5 14
      vertex 22.260120041668415 -21.152568571269512 14
    endloop
  endfacet
  facet normal 0.8968727426043883 -0.4422886880458085 0
    outer loop
      vertex 23.043277196586132 -19.796100594103336 0
      vertex 23.043277196586132 -19.796100594103336 14
      vertex 22.696152426302433 -20.5 14
    endloop
  endfacet
  facet normal 0.9469301300366788 -0.32143946370773846 0
    outer loop
      vertex 23.2955549582839 -19.052914269268513 0
      vertex 23.2955549582839 -19.052914269268513 14
      vertex 23.043277196586132 -19.796100594103336 14
    endloop
  endfacet
  facet normal 0.9807852810941301 -0.19509031854274123 0
    outer loop
      vertex 23.44866916537285 -18.283157154917717 0
      vertex 23.44866916537285 -18.283157154917717 14
      vertex 23.2955549582839 -19.052914269268513 14
    endloop
  endfacet
  facet normal 0.997858923008654 -0.06540313273849394 0
    outer loop
      vertex 23.5 -17.5 2.6
      vertex 23.5 -17.5 14
      vertex 23.44866916537285 -18.283157154917717 14
    endloop
  endfacet
  facet normal 0 0 1
    outer loop
      vertex 17.5 -23.5 14
      vertex 18.283157154917717 -23.44866916537285 14
      vertex 19.052914269268513 -23.2955549582839 14
    endloop
  endfacet
  facet normal 0 0 1
    outer loop
      vertex 17.5 -21.899999998509884 14
      vertex 21.152568571269512 -22.260120041668415 14
      vertex 18.07431524246931 -21.862357392907143 14
    endloop
  endfacet
  facet normal 0 0 1
    outer loop
      vertex 18.07431524246931 -21.862357392907143 14
      vertex 21.74264068901539 -21.74264068901539 14
      vertex 18.63880379498005 -21.75007363408804 14
    endloop
  endfacet
  facet normal 0 0 1
    outer loop
      vertex 18.63880379498005 -21.75007363408804 14
      vertex 21.74264068901539 -21.74264068901539 14
      vertex 19.183807104825974 -21.565069943666458 14
    endloop
  endfacet
  facet normal 0 0 1
    outer loop
      vertex 18.07431524246931 -21.862357392907143 14
      vertex 21.152568571269512 -22.260120041668415 14
      vertex 21.74264068901539 -21.74264068901539 14
    endloop
  endfacet
  facet normal 0 0 1
    outer loop
      vertex 19.183807104825974 -21.565069943666458 14
      vertex 21.74264068901539 -21.74264068901539 14
      vertex 19.700000002980232 -21.310511775314808 14
    endloop
  endfacet
  facet normal 0 0 1
    outer loop
      vertex 19.700000002980232 -21.310511775314808 14
      vertex 21.74264068901539 -21.74264068901539 14
      vertex 22.260120041668415 -21.152568571269512 14
    endloop
  endfacet
  facet normal 0 0 1
    outer loop
      vertex 19.700000002980232 -21.310511775314808 14
      vertex 22.260120041668415 -21.152568571269512 14
      vertex 20.17855028808117 -20.990754693746567 14
    endloop
  endfacet
  facet normal 0 0 1
    outer loop
      vertex 20.17855028808117 -20.990754693746567 14
      vertex 22.260120041668415 -21.152568571269512 14
      vertex 20.61126983910799 -20.61126983910799 14
    endloop
  endfacet
  facet normal 0 0 1
    outer loop
      vertex 20.61126983910799 -20.61126983910799 14
      vertex 22.260120041668415 -21.152568571269512 14
      vertex 22.696152426302433 -20.5 14
    endloop
  endfacet
  facet normal 0 0 1
    outer loop
      vertex 20.61126983910799 -20.61126983910799 14
      vertex 22.696152426302433 -20.5 14
      vertex 20.990754693746567 -20.17855028808117 14
    endloop
  endfacet
  facet normal 0 0 1
    outer loop
      vertex 20.990754693746567 -20.17855028808117 14
      vertex 23.043277196586132 -19.796100594103336 14
      vertex 21.310511775314808 -19.700000002980232 14
    endloop
  endfacet
  facet normal 0 0 1
    outer loop
      vertex 21.310511775314808 -19.700000002980232 14
      vertex 23.043277196586132 -19.796100594103336 14
      vertex 21.565069943666458 -19.183807104825974 14
    endloop
  endfacet
  facet normal 0 0 1
    outer loop
      vertex 20.990754693746567 -20.17855028808117 14
      vertex 22.696152426302433 -20.5 14
      vertex 23.043277196586132 -19.796100594103336 14
    endloop
  endfacet
  facet normal 0 0 1
    outer loop
      vertex 21.565069943666458 -19.183807104825974 14
      vertex 23.043277196586132 -19.796100594103336 14
      vertex 23.2955549582839 -19.052914269268513 14
    endloop
  endfacet
  facet normal 0 0 1
    outer loop
      vertex 21.565069943666458 -19.183807104825974 14
      vertex 23.2955549582839 -19.052914269268513 14
      vertex 21.75007363408804 -18.63880379498005 14
    endloop
  endfacet
  facet normal 0 0 1
    outer loop
      vertex 21.75007363408804 -18.63880379498005 14
      vertex 23.44866916537285 -18.283157154917717 14
      vertex 21.862357392907143 -18.07431524246931 14
    endloop
  endfacet
  facet normal 0 0 1
    outer loop
      vertex 21.862357392907143 -18.07431524246931 14
      vertex 23.5 -17.5 14
      vertex 21.899999998509884 -17.5 14
    endloop
  endfacet
  facet normal 0 0 1
    outer loop
      vertex 21.75007363408804 -18.63880379498005 14
      vertex 23.2955549582839 -19.052914269268513 14
      vertex 23.44866916537285 -18.283157154917717 14
    endloop
  endfacet
  facet normal 0 0 1
    outer loop
      vertex 21.862357392907143 -18.07431524246931 14
      vertex 23.44866916537285 -18.283157154917717 14
      vertex 23.5 -17.5 14
    endloop
  endfacet
  facet normal 1 0 0
    outer loop
      vertex 23.5 -17.5 2.6
      vertex 23.5 17.5 14
      vertex 23.5 -17.5 14
    endloop
  endfacet
  facet normal 0 0 1
    outer loop
      vertex 21.899999998509884 -17.5 14
      vertex 23.5 -17.5 14
      vertex 23.5 17.5 14
    endloop
  endfacet
  facet normal 0 0 -1
    outer loop
      vertex 1.7086568772792816 10.35163178294897 0
      vertex 2.399999998509884 10.119999997317791 0
      vertex 1.7547313049435616 10.119999997317791 0
    endloop
  endfacet
  facet normal 0 0 -1
    outer loop
      vertex 1.7045942544937134 10.366793677210808 0
      vertex 2.399999998509884 10.119999997317791 0
      vertex 1.7086568772792816 10.35163178294897 0
    endloop
  endfacet
  facet normal 0 0 -1
    outer loop
      vertex 1.378906026482582 11.153074644505978 0
      vertex 2.407848373055458 10.119743071496487 0
      vertex 1.5640392377972603 10.777661629021168 0
    endloop
  endfacet
  facet normal 0 0 -1
    outer loop
      vertex 1.5700461193919182 10.763159722089767 0
      vertex 2.399999998509884 10.119999997317791 0
      vertex 1.7045942544937134 10.366793677210808 0
    endloop
  endfacet
  facet normal 0 0 -1
    outer loop
      vertex 1.5640392377972603 10.777661629021168 0
      vertex 2.407848373055458 10.119743071496487 0
      vertex 1.5700461193919182 10.763159722089767 0
    endloop
  endfacet
  facet normal 0 0 -1
    outer loop
      vertex 2.399999998509884 10.119999997317791 0
      vertex 1.5700461193919182 10.763159722089767 0
      vertex 2.407848373055458 10.119743071496487 0
    endloop
  endfacet
  facet normal 0 0 -1
    outer loop
      vertex 1.378906026482582 11.153074644505978 0
      vertex 2.956058382987976 10.083811491727829 0
      vertex 2.407848373055458 10.119743071496487 0
    endloop
  endfacet
  facet normal 0 0 -1
    outer loop
      vertex 23.2955549582839 19.052914269268513 0
      vertex -4.440124399960041 15.373397812247276 0
      vertex -4.606905110180378 15.406572557985783 0
    endloop
  endfacet
  facet normal 0 0 -1
    outer loop
      vertex 23.2955549582839 19.052914269268513 0
      vertex -4.606905110180378 15.406572557985783 0
      vertex -4.622467577457428 15.40862139314413 0
    endloop
  endfacet
  facet normal 0 0 -1
    outer loop
      vertex 23.2955549582839 19.052914269268513 0
      vertex -4.083331570029259 15.225609377026558 0
      vertex -4.096925355494022 15.233457759022713 0
    endloop
  endfacet
  facet normal 0 0 -1
    outer loop
      vertex 23.2955549582839 19.052914269268513 0
      vertex -3.9419417157769203 15.131135694682598 0
      vertex -4.083331570029259 15.225609377026558 0
    endloop
  endfacet
  facet normal 0 0 -1
    outer loop
      vertex 23.2955549582839 19.052914269268513 0
      vertex -3.9417132884263992 15.13098268955946 0
      vertex -3.9419417157769203 15.131135694682598 0
    endloop
  endfacet
  facet normal 0 0 -1
    outer loop
      vertex 23.2955549582839 19.052914269268513 0
      vertex -4.424962505698204 15.369335189461708 0
      vertex -4.440124399960041 15.373397812247276 0
    endloop
  endfacet
  facet normal 0 0 -1
    outer loop
      vertex 23.2955549582839 19.052914269268513 0
      vertex -4.263938799500465 15.314675003290176 0
      vertex -4.424962505698204 15.369335189461708 0
    endloop
  endfacet
  facet normal 0 0 -1
    outer loop
      vertex 23.2955549582839 19.052914269268513 0
      vertex -4.249436892569065 15.308668121695518 0
      vertex -4.263938799500465 15.314675003290176 0
    endloop
  endfacet
  facet normal 0 0 -1
    outer loop
      vertex 23.2955549582839 19.052914269268513 0
      vertex -4.096925355494022 15.233457759022713 0
      vertex -4.249436892569065 15.308668121695518 0
    endloop
  endfacet
  facet normal 0 0 -1
    outer loop
      vertex -19.796100594103336 23.043277196586132 0
      vertex 17.5 23.5 0
      vertex 18.283157154917717 23.44866916537285 0
    endloop
  endfacet
  facet normal 0 0 -1
    outer loop
      vertex -20.5 22.696152426302433 0
      vertex 18.283157154917717 23.44866916537285 0
      vertex 19.052914269268513 23.2955549582839 0
    endloop
  endfacet
  facet normal 0 0 -1
    outer loop
      vertex 23.2955549582839 19.052914269268513 0
      vertex 1.3710576444864273 11.166668429970741 0
      vertex 1.1385070383548737 11.514705002307892 0
    endloop
  endfacet
  facet normal 0 0 -1
    outer loop
      vertex 23.2955549582839 19.052914269268513 0
      vertex 1.378906026482582 11.153074644505978 0
      vertex 1.3710576444864273 11.166668429970741 0
    endloop
  endfacet
  facet normal 0 0 -1
    outer loop
      vertex 23.2955549582839 19.052914269268513 0
      vertex 0.8529624789953232 11.841863200068474 0
      vertex 0.8418632000684738 11.852962478995323 0
    endloop
  endfacet
  facet normal 0 0 -1
    outer loop
      vertex 23.2955549582839 19.052914269268513 0
      vertex 1.1289514675736427 11.527158074080944 0
      vertex 0.8529624789953232 11.841863200068474 0
    endloop
  endfacet
  facet normal 0 0 -1
    outer loop
      vertex 23.2955549582839 19.052914269268513 0
      vertex 0.5271580740809441 12.128951467573643 0
      vertex 0.5149334296584129 12.138354033231735 0
    endloop
  endfacet
  facet normal 0 0 -1
    outer loop
      vertex 23.2955549582839 19.052914269268513 0
      vertex 0.8418632000684738 11.852962478995323 0
      vertex 0.5271580740809441 12.128951467573643 0
    endloop
  endfacet
  facet normal 0 0 -1
    outer loop
      vertex 23.2955549582839 19.052914269268513 0
      vertex 1.1385070383548737 11.514705002307892 0
      vertex 1.1289514675736427 11.527158074080944 0
    endloop
  endfacet
  facet normal 0 0 -1
    outer loop
      vertex 23.2955549582839 19.052914269268513 0
      vertex 0.5149334296584129 12.138354033231735 0
      vertex -3.9417132884263992 15.13098268955946 0
    endloop
  endfacet
  facet normal 0 0 -1
    outer loop
      vertex 23.2955549582839 19.052914269268513 0
      vertex 2.971620850265026 10.081762656569481 0
      vertex 2.956058382987976 10.083811491727829 0
    endloop
  endfacet
  facet normal 0 0 -1
    outer loop
      vertex 23.2955549582839 19.052914269268513 0
      vertex 3.5104508325457573 9.974582709372044 0
      vertex 2.971620850265026 10.081762656569481 0
    endloop
  endfacet
  facet normal 0 0 -1
    outer loop
      vertex 23.2955549582839 19.052914269268513 0
      vertex 3.5256127268075943 9.970520086586475 0
      vertex 3.5104508325457573 9.974582709372044 0
    endloop
  endfacet
  facet normal 0 0 -1
    outer loop
      vertex 23.2955549582839 19.052914269268513 0
      vertex 2.956058382987976 10.083811491727829 0
      vertex 1.378906026482582 11.153074644505978 0
    endloop
  endfacet
  facet normal 0 0 -1
    outer loop
      vertex 23.2955549582839 19.052914269268513 0
      vertex 4.5530746430158615 9.544931426644325 0
      vertex 4.060345061123371 9.787918768823147 0
    endloop
  endfacet
  facet normal 0 0 -1
    outer loop
      vertex 23.2955549582839 19.052914269268513 0
      vertex 4.045843154191971 9.793925650417805 0
      vertex 3.5256127268075943 9.970520086586475 0
    endloop
  endfacet
  facet normal 0 0 -1
    outer loop
      vertex 23.2955549582839 19.052914269268513 0
      vertex 4.060345061123371 9.787918768823147 0
      vertex 4.045843154191971 9.793925650417805 0
    endloop
  endfacet
  facet normal 0 0 -1
    outer loop
      vertex 23.2955549582839 19.052914269268513 0
      vertex 4.566668428480625 9.53708304464817 0
      vertex 4.5530746430158615 9.544931426644325 0
    endloop
  endfacet
  facet normal 0 0 -1
    outer loop
      vertex 23.2955549582839 19.052914269268513 0
      vertex 5.023466430604458 9.231860376894474 0
      vertex 4.566668428480625 9.53708304464817 0
    endloop
  endfacet
  facet normal 0 0 -1
    outer loop
      vertex 23.2955549582839 19.052914269268513 0
      vertex 5.448969982564449 8.860069260001183 0
      vertex 5.03591950237751 9.222304806113243 0
    endloop
  endfacet
  facet normal 0 0 -1
    outer loop
      vertex 23.2955549582839 19.052914269268513 0
      vertex 5.822304807603359 8.435919500887394 0
      vertex 5.460069261491299 8.848969981074333 0
    endloop
  endfacet
  facet normal 0 0 -1
    outer loop
      vertex 23.2955549582839 19.052914269268513 0
      vertex 5.83186037838459 8.423466429114342 0
      vertex 5.822304807603359 8.435919500887394 0
    endloop
  endfacet
  facet normal 0 0 -1
    outer loop
      vertex 23.2955549582839 19.052914269268513 0
      vertex 5.460069261491299 8.848969981074333 0
      vertex 5.448969982564449 8.860069260001183 0
    endloop
  endfacet
  facet normal 0 0 -1
    outer loop
      vertex 23.2955549582839 19.052914269268513 0
      vertex 5.03591950237751 9.222304806113243 0
      vertex 5.023466430604458 9.231860376894474 0
    endloop
  endfacet
  facet normal 0 0 -1
    outer loop
      vertex -23.2955549582839 19.052914269268513 0
      vertex 22.260120041668415 21.152568571269512 0
      vertex 22.696152426302433 20.5 0
    endloop
  endfacet
  facet normal 0 0 -1
    outer loop
      vertex -23.5 17.5 0
      vertex 23.043277196586132 19.796100594103336 0
      vertex 23.2955549582839 19.052914269268513 0
    endloop
  endfacet
  facet normal 0 0 -1
    outer loop
      vertex -23.44866916537285 18.283157154917717 0
      vertex 22.696152426302433 20.5 0
      vertex 23.043277196586132 19.796100594103336 0
    endloop
  endfacet
  facet normal 0 0 -1
    outer loop
      vertex -23.043277196586132 19.796100594103336 0
      vertex 21.74264068901539 21.74264068901539 0
      vertex 22.260120041668415 21.152568571269512 0
    endloop
  endfacet
  facet normal 0 0 -1
    outer loop
      vertex -22.696152426302433 20.5 0
      vertex 21.152568571269512 22.260120041668415 0
      vertex 21.74264068901539 21.74264068901539 0
    endloop
  endfacet
  facet normal 0 0 -1
    outer loop
      vertex -21.74264068901539 21.74264068901539 0
      vertex 19.796100594103336 23.043277196586132 0
      vertex 20.5 22.696152426302433 0
    endloop
  endfacet
  facet normal 0 0 -1
    outer loop
      vertex -22.260120041668415 21.152568571269512 0
      vertex 20.5 22.696152426302433 0
      vertex 21.152568571269512 22.260120041668415 0
    endloop
  endfacet
  facet normal 0 0 -1
    outer loop
      vertex -21.152568571269512 22.260120041668415 0
      vertex 19.052914269268513 23.2955549582839 0
      vertex 19.796100594103336 23.043277196586132 0
    endloop
  endfacet
  facet normal 0 1 0
    outer loop
      vertex -17.5 23.5 1.5
      vertex 17.5 23.5 14
      vertex 17.5 23.5 0
    endloop
  endfacet
  facet normal 0 0 -1
    outer loop
      vertex 23.5 17.5 0
      vertex 14.039968244731426 -4.471131034195423 0
      vertex 14.028868965804577 -4.460031755268574 0
    endloop
  endfacet
  facet normal 0 0 -1
    outer loop
      vertex 23.5 17.5 0
      vertex 14.653249733150005 -5.1720015704631805 0
      vertex 14.643694162368774 -5.159548498690128 0
    endloop
  endfacet
  facet normal 0 0 -1
    outer loop
      vertex 23.5 17.5 0
      vertex 14.643694162368774 -5.159548498690128 0
      vertex 14.039968244731426 -4.471131034195423 0
    endloop
  endfacet
  facet normal 0 0 -1
    outer loop
      vertex 23.5 17.5 0
      vertex 12.471834294497967 -0.26120495051145554 0
      vertex 12.469785459339619 -0.24564248323440552 0
    endloop
  endfacet
  facet normal 0 0 -1
    outer loop
      vertex 23.5 17.5 0
      vertex 13.340451501309872 -3.8563058376312256 0
      vertex 12.471834294497967 -1.7387950494885445 0
    endloop
  endfacet
  facet normal 0 0 -1
    outer loop
      vertex 23.5 17.5 0
      vertex 14.028868965804577 -4.460031755268574 0
      vertex 13.340451501309872 -3.8563058376312256 0
    endloop
  endfacet
  facet normal 0 0 -1
    outer loop
      vertex 23.5 17.5 0
      vertex 12.471834294497967 -1.7387950494885445 0
      vertex 12.51974307000637 -1.0078483745455742 0
    endloop
  endfacet
  facet normal 0 0 -1
    outer loop
      vertex 23.5 17.5 0
      vertex 12.51974307000637 -1.0078483745455742 0
      vertex 12.51974307000637 -0.9921516254544258 0
    endloop
  endfacet
  facet normal 0 0 -1
    outer loop
      vertex 23.5 17.5 0
      vertex 12.51974307000637 -0.9921516254544258 0
      vertex 12.471834294497967 -0.26120495051145554 0
    endloop
  endfacet
  facet normal 0 0 -1
    outer loop
      vertex 23.5 17.5 0
      vertex 8.98159995675087 4.287356995046139 0
      vertex 8.287959389388561 4.522816240787506 0
    endloop
  endfacet
  facet normal 0 0 -1
    outer loop
      vertex 23.5 17.5 0
      vertex 8.99610186368227 4.281350113451481 0
      vertex 8.98159995675087 4.287356995046139 0
    endloop
  endfacet
  facet normal 0 0 -1
    outer loop
      vertex 23.5 17.5 0
      vertex 9.653074644505978 3.957366995513439 0
      vertex 8.99610186368227 4.281350113451481 0
    endloop
  endfacet
  facet normal 0 0 -1
    outer loop
      vertex 23.5 17.5 0
      vertex 9.666668429970741 3.9495186135172844 0
      vertex 9.653074644505978 3.957366995513439 0
    endloop
  endfacet
  facet normal 0 0 -1
    outer loop
      vertex 23.5 17.5 0
      vertex 10.275732427835464 3.542555056512356 0
      vertex 9.666668429970741 3.9495186135172844 0
    endloop
  endfacet
  facet normal 0 0 -1
    outer loop
      vertex 23.5 17.5 0
      vertex 6.799999997019768 4.719999998807907 0
      vertex 6.580639749765396 4.719999998807907 0
    endloop
  endfacet
  facet normal 0 0 -1
    outer loop
      vertex 23.5 17.5 0
      vertex 6.580639749765396 4.719999998807907 0
      vertex 6.681762650609016 5.228379152715206 0
    endloop
  endfacet
  facet normal 0 0 -1
    outer loop
      vertex 23.5 17.5 0
      vertex 6.807848371565342 4.719743072986603 0
      vertex 6.799999997019768 4.719999998807907 0
    endloop
  endfacet
  facet normal 0 0 -1
    outer loop
      vertex 23.44866916537285 18.283157154917717 0
      vertex 6.681762650609016 5.228379152715206 0
      vertex 6.6838114857673645 5.243941619992256 0
    endloop
  endfacet
  facet normal 0 0 -1
    outer loop
      vertex 23.44866916537285 18.283157154917717 0
      vertex 6.6838114857673645 5.243941619992256 0
      vertex 6.719743072986603 5.792151622474194 0
    endloop
  endfacet
  facet normal 0 0 -1
    outer loop
      vertex 23.44866916537285 18.283157154917717 0
      vertex 6.719743072986603 5.792151622474194 0
      vertex 6.719743072986603 5.807848371565342 0
    endloop
  endfacet
  facet normal 0 0 -1
    outer loop
      vertex 23.44866916537285 18.283157154917717 0
      vertex 6.719743072986603 5.807848371565342 0
      vertex 6.6838114857673645 6.35605838149786 0
    endloop
  endfacet
  facet normal 0 0 -1
    outer loop
      vertex 23.5 17.5 0
      vertex 7.538795053958893 4.671834297478199 0
      vertex 6.807848371565342 4.719743072986603 0
    endloop
  endfacet
  facet normal 0 0 -1
    outer loop
      vertex 23.5 17.5 0
      vertex 7.554357521235943 4.669785462319851 0
      vertex 7.538795053958893 4.671834297478199 0
    endloop
  endfacet
  facet normal 0 0 -1
    outer loop
      vertex 23.5 17.5 0
      vertex 8.272797495126724 4.526878863573074 0
      vertex 7.554357521235943 4.669785462319851 0
    endloop
  endfacet
  facet normal 0 0 -1
    outer loop
      vertex 23.2955549582839 19.052914269268513 0
      vertex 6.6838114857673645 6.35605838149786 0
      vertex 6.681762650609016 6.37162084877491 0
    endloop
  endfacet
  facet normal 0 0 -1
    outer loop
      vertex 23.2955549582839 19.052914269268513 0
      vertex 6.681762650609016 6.37162084877491 0
      vertex 6.574582703411579 6.910450831055641 0
    endloop
  endfacet
  facet normal 0 0 -1
    outer loop
      vertex 23.2955549582839 19.052914269268513 0
      vertex 6.574582703411579 6.910450831055641 0
      vertex 6.570520080626011 6.925612725317478 0
    endloop
  endfacet
  facet normal 0 0 -1
    outer loop
      vertex 23.2955549582839 19.052914269268513 0
      vertex 6.570520080626011 6.925612725317478 0
      vertex 6.393925651907921 7.445843152701855 0
    endloop
  endfacet
  facet normal 0 0 -1
    outer loop
      vertex 23.2955549582839 19.052914269268513 0
      vertex 6.393925651907921 7.445843152701855 0
      vertex 6.387918770313263 7.460345059633255 0
    endloop
  endfacet
  facet normal 0 0 -1
    outer loop
      vertex 23.2955549582839 19.052914269268513 0
      vertex 6.144931428134441 7.953074641525745 0
      vertex 6.137083046138287 7.966668426990509 0
    endloop
  endfacet
  facet normal 0 0 -1
    outer loop
      vertex 23.2955549582839 19.052914269268513 0
      vertex 6.387918770313263 7.460345059633255 0
      vertex 6.144931428134441 7.953074641525745 0
    endloop
  endfacet
  facet normal 0 0 -1
    outer loop
      vertex 23.5 17.5 0
      vertex 8.287959389388561 4.522816240787506 0
      vertex 8.272797495126724 4.526878863573074 0
    endloop
  endfacet
  facet normal 0 0 -1
    outer loop
      vertex 23.5 17.5 0
      vertex 12.469785459339619 -0.24564248323440552 0
      vertex 12.326878860592842 0.4727974981069565 0
    endloop
  endfacet
  facet normal 0 0 -1
    outer loop
      vertex 23.5 17.5 0
      vertex 12.326878860592842 0.4727974981069565 0
      vertex 12.322816237807274 0.4879593923687935 0
    endloop
  endfacet
  facet normal 0 0 -1
    outer loop
      vertex 23.5 17.5 0
      vertex 12.322816237807274 0.4879593923687935 0
      vertex 12.087356992065907 1.181599959731102 0
    endloop
  endfacet
  facet normal 0 0 -1
    outer loop
      vertex 23.5 17.5 0
      vertex 12.081350110471249 1.1961018666625023 0
      vertex 11.757366992533207 1.8530746400356293 0
    endloop
  endfacet
  facet normal 0 0 -1
    outer loop
      vertex 23.5 17.5 0
      vertex 11.749518610537052 1.866668425500393 0
      vertex 11.342555053532124 2.4757324308156967 0
    endloop
  endfacet
  facet normal 0 0 -1
    outer loop
      vertex 23.5 17.5 0
      vertex 11.757366992533207 1.8530746400356293 0
      vertex 11.749518610537052 1.866668425500393 0
    endloop
  endfacet
  facet normal 0 0 -1
    outer loop
      vertex 23.5 17.5 0
      vertex 12.087356992065907 1.181599959731102 0
      vertex 12.081350110471249 1.1961018666625023 0
    endloop
  endfacet
  facet normal 0 0 -1
    outer loop
      vertex 23.5 17.5 0
      vertex 10.83891947567463 3.05001875013113 0
      vertex 10.288185499608517 3.532999485731125 0
    endloop
  endfacet
  facet normal 0 0 -1
    outer loop
      vertex 23.5 17.5 0
      vertex 11.332999482750893 2.488185502588749 0
      vertex 10.850018754601479 3.038919471204281 0
    endloop
  endfacet
  facet normal 0 0 -1
    outer loop
      vertex 23.5 17.5 0
      vertex 11.342555053532124 2.4757324308156967 0
      vertex 11.332999482750893 2.488185502588749 0
    endloop
  endfacet
  facet normal 0 0 -1
    outer loop
      vertex 23.5 17.5 0
      vertex 10.850018754601479 3.038919471204281 0
      vertex 10.83891947567463 3.05001875013113 0
    endloop
  endfacet
  facet normal 0 0 -1
    outer loop
      vertex 23.5 17.5 0
      vertex 10.288185499608517 3.532999485731125 0
      vertex 10.275732427835464 3.542555056512356 0
    endloop
  endfacet
  facet normal 0 0 -1
    outer loop
      vertex 23.5 17.5 0
      vertex 15.161954179406166 -5.933331571519375 0
      vertex 14.653249733150005 -5.1720015704631805 0
    endloop
  endfacet
  facet normal 0 0 -1
    outer loop
      vertex 23.5 17.5 0
      vertex 15.16980256140232 -5.9469253569841385 0
      vertex 15.161954179406166 -5.933331571519375 0
    endloop
  endfacet
  facet normal 0 0 -1
    outer loop
      vertex 23.5 17.5 0
      vertex 15.574781462550163 -6.768141329288483 0
      vertex 15.16980256140232 -5.9469253569841385 0
    endloop
  endfacet
  facet normal 1 0 0
    outer loop
      vertex 23.5 -17.5 0
      vertex 23.5 17.5 0
      vertex 23.5 17.5 1.5
    endloop
  endfacet
  facet normal 1 0 0
    outer loop
      vertex 23.5 -17.5 2.6
      vertex 23.5 17.5 2.6
      vertex 23.5 17.5 14
    endloop
  endfacet
  facet normal 0 0 -1
    outer loop
      vertex 23.2955549582839 19.052914269268513 0
      vertex 6.137083046138287 7.966668426990509 0
      vertex 5.83186037838459 8.423466429114342 0
    endloop
  endfacet
  facet normal 0 0 -1
    outer loop
      vertex 23.5 17.5 0
      vertex 6.681762650609016 5.228379152715206 0
      vertex 23.44866916537285 18.283157154917717 0
    endloop
  endfacet
  facet normal 0 0 -1
    outer loop
      vertex 23.44866916537285 18.283157154917717 0
      vertex 6.6838114857673645 6.35605838149786 0
      vertex 23.2955549582839 19.052914269268513 0
    endloop
  endfacet
  facet normal 0.06540313273849395 0.9978589230086541 0
    outer loop
      vertex 17.5 23.5 0
      vertex 18.283157154917717 23.44866916537285 1.5
      vertex 18.283157154917717 23.44866916537285 0
    endloop
  endfacet
  facet normal 0.1950903185427412 0.98078528109413 0
    outer loop
      vertex 18.283157154917717 23.44866916537285 0
      vertex 18.283157154917717 23.44866916537285 1.5
      vertex 19.052914269268513 23.2955549582839 0
    endloop
  endfacet
  facet normal 0.44228868804580856 0.8968727426043884 -1.5305532414155983e-16
    outer loop
      vertex 19.796100594103336 23.043277196586132 0
      vertex 19.871518387592264 23.00608525691288 1.5
      vertex 20.5 22.696152426302433 0
    endloop
  endfacet
  facet normal 0.06540313273849394 0.997858923008654 0
    outer loop
      vertex 17.5 23.5 0
      vertex 18.283157154917717 23.44866916537285 2.6
      vertex 18.283157154917717 23.44866916537285 1.5
    endloop
  endfacet
  facet normal 0.1950903185427412 0.98078528109413 0
    outer loop
      vertex 19.052914269268513 23.2955549582839 0
      vertex 18.283157154917717 23.44866916537285 1.5
      vertex 19.052914269268513 23.2955549582839 2.6
    endloop
  endfacet
  facet normal 0.44228868804580884 0.8968727426043882 0
    outer loop
      vertex 20.5 22.696152426302433 0
      vertex 19.871518387592264 23.00608525691288 1.5
      vertex 20.5 22.696152426302433 1.5
    endloop
  endfacet
  facet normal 0.9978589230086541 0.06540313273849395 0
    outer loop
      vertex 23.5 17.5 0
      vertex 23.44866916537285 18.283157154917717 0
      vertex 23.5 17.5 1.5
    endloop
  endfacet
  facet normal 0.8968727426043884 0.44228868804580856 1.5400207039055592e-16
    outer loop
      vertex 22.696152426302433 20.5 0
      vertex 22.733344365975686 20.424582206511072 1.5
      vertex 23.043277196586132 19.796100594103336 0
    endloop
  endfacet
  facet normal 0.997858923008654 0.06540313273849394 0
    outer loop
      vertex 23.5 17.5 1.5
      vertex 23.44866916537285 18.283157154917717 0
      vertex 23.5 17.5 2.6
    endloop
  endfacet
  facet normal 0.8968727426043882 0.44228868804580884 0
    outer loop
      vertex 23.043277196586132 19.796100594103336 0
      vertex 22.733344365975686 20.424582206511072 1.5
      vertex 23.043277196586132 19.796100594103336 1.5
    endloop
  endfacet
  facet normal 0.555570237894537 0.8314696090452178 0
    outer loop
      vertex 20.5 22.696152426302433 0
      vertex 21.152568571269512 22.260120041668415 1.5
      vertex 21.152568571269512 22.260120041668415 0
    endloop
  endfacet
  facet normal 0.6593458107222281 0.7518398113182407 0
    outer loop
      vertex 21.74264068901539 21.74264068901539 0
      vertex 21.152568571269512 22.260120041668415 0
      vertex 21.152568571269512 22.260120041668415 1.5
    endloop
  endfacet
  facet normal 0.6593458107222281 0.7518398113182407 0
    outer loop
      vertex 21.74264068901539 21.74264068901539 0
      vertex 21.152568571269512 22.260120041668415 1.5
      vertex 21.74264068901539 21.74264068901539 1.5
    endloop
  endfacet
  facet normal 0.5555702378945369 0.8314696090452179 0
    outer loop
      vertex 20.5 22.696152426302433 0
      vertex 21.152568571269512 22.260120041668415 2.6
      vertex 21.152568571269512 22.260120041668415 1.5
    endloop
  endfacet
  facet normal 0.32143946370773846 0.9469301300366788 0
    outer loop
      vertex 19.052914269268513 23.2955549582839 0
      vertex 19.796100594103336 23.043277196586132 14
      vertex 19.796100594103336 23.043277196586132 0
    endloop
  endfacet
  facet normal 0.4422886880458061 0.8968727426043897 0
    outer loop
      vertex 19.796100594103336 23.043277196586132 0
      vertex 19.796100594103336 23.043277196586132 14
      vertex 19.871518387592264 23.00608525691288 1.5
    endloop
  endfacet
  facet normal 0.9807852810941301 0.19509031854274123 0
    outer loop
      vertex 23.44866916537285 18.283157154917717 0
      vertex 23.2955549582839 19.052914269268513 0
      vertex 23.44866916537285 18.283157154917717 14
    endloop
  endfacet
  facet normal 0.9469301300366788 0.32143946370773846 0
    outer loop
      vertex 23.2955549582839 19.052914269268513 0
      vertex 23.043277196586132 19.796100594103336 0
      vertex 23.2955549582839 19.052914269268513 14
    endloop
  endfacet
  facet normal 0.8968727426043897 0.4422886880458061 0
    outer loop
      vertex 22.696152426302433 20.5 0
      vertex 22.696152426302433 20.5 14
      vertex 22.733344365975686 20.424582206511072 1.5
    endloop
  endfacet
  facet normal 0.9469301300366789 0.3214394637077385 0
    outer loop
      vertex 23.043277196586132 19.796100594103336 0
      vertex 23.043277196586132 19.796100594103336 1.5
      vertex 23.2955549582839 19.052914269268513 14
    endloop
  endfacet
  facet normal 0.7518398113182407 0.6593458107222281 0
    outer loop
      vertex 21.74264068901539 21.74264068901539 0
      vertex 21.74264068901539 21.74264068901539 1.5
      vertex 22.260120041668415 21.152568571269512 14
    endloop
  endfacet
  facet normal 0.555570237894537 0.8314696090452178 0
    outer loop
      vertex 20.5 22.696152426302433 0
      vertex 20.5 22.696152426302433 1.5
      vertex 21.152568571269512 22.260120041668415 14
    endloop
  endfacet
  facet normal 0.8314696090452179 0.5555702378945371 0
    outer loop
      vertex 22.696152426302433 20.5 0
      vertex 22.260120041668415 21.152568571269512 0
      vertex 22.696152426302433 20.5 14
    endloop
  endfacet
  facet normal 0.7518398113182407 0.6593458107222281 0
    outer loop
      vertex 21.74264068901539 21.74264068901539 0
      vertex 22.260120041668415 21.152568571269512 14
      vertex 22.260120041668415 21.152568571269512 0
    endloop
  endfacet
  facet normal 0.06540313273849395 0.997858923008654 0
    outer loop
      vertex 17.5 23.5 0
      vertex 18.283157154917717 23.44866916537285 14
      vertex 18.283157154917717 23.44866916537285 2.6
    endloop
  endfacet
  facet normal 0.3214394637077385 0.9469301300366789 0
    outer loop
      vertex 19.052914269268513 23.2955549582839 0
      vertex 19.052914269268513 23.2955549582839 2.6
      vertex 19.796100594103336 23.043277196586132 14
    endloop
  endfacet
  facet normal 0.4422886880458147 0.8968727426043854 6.40076386747269e-17
    outer loop
      vertex 19.871518387592264 23.00608525691288 1.5
      vertex 19.796100594103336 23.043277196586132 14
      vertex 19.917301816310708 22.983507368590264 2.410596026490066
    endloop
  endfacet
  facet normal 0.4422886880458083 0.8968727426043884 0
    outer loop
      vertex 20.5 22.696152426302433 1.5
      vertex 19.917301816310708 22.983507368590264 2.410596026490066
      vertex 20.5 22.696152426302433 14
    endloop
  endfacet
  facet normal 0.19509031854274123 0.9807852810941302 0
    outer loop
      vertex 18.283157154917717 23.44866916537285 2.6
      vertex 18.283157154917717 23.44866916537285 14
      vertex 19.052914269268513 23.2955549582839 2.6
    endloop
  endfacet
  facet normal 0.997858923008654 0.06540313273849394 0
    outer loop
      vertex 23.5 17.5 2.6
      vertex 23.44866916537285 18.283157154917717 0
      vertex 23.5 17.5 14
    endloop
  endfacet
  facet normal 0.8968727426043854 0.4422886880458147 -6.41473644797807e-17
    outer loop
      vertex 22.733344365975686 20.424582206511072 1.5
      vertex 22.696152426302433 20.5 14
      vertex 22.7559222542983 20.37879877779263 2.410596026490066
    endloop
  endfacet
  facet normal 0.9469301300366789 0.3214394637077385 0
    outer loop
      vertex 23.043277196586132 19.796100594103336 1.5
      vertex 23.043277196586132 19.796100594103336 2.410596026490066
      vertex 23.2955549582839 19.052914269268513 14
    endloop
  endfacet
  facet normal 0.8968727426043885 0.44228868804580834 -5.369597456282522e-19
    outer loop
      vertex 22.7559222542983 20.37879877779263 2.410596026490066
      vertex 23.043277196586132 19.796100594103336 14
      vertex 23.043277196586132 19.796100594103336 2.410596026490066
    endloop
  endfacet
  facet normal 0.7518398113182407 0.6593458107222282 0
    outer loop
      vertex 21.74264068901539 21.74264068901539 1.5
      vertex 21.74264068901539 21.74264068901539 2.6
      vertex 22.260120041668415 21.152568571269512 14
    endloop
  endfacet
  facet normal 0.555570237894537 0.8314696090452179 0
    outer loop
      vertex 20.5 22.696152426302433 0
      vertex 21.152568571269512 22.260120041668415 14
      vertex 21.152568571269512 22.260120041668415 2.6
    endloop
  endfacet
  facet normal 0.6593458107222281 0.7518398113182406 0
    outer loop
      vertex 21.74264068901539 21.74264068901539 2.6
      vertex 21.152568571269512 22.260120041668415 2.6
      vertex 21.152568571269512 22.260120041668415 14
    endloop
  endfacet
  facet normal 0 0 1
    outer loop
      vertex -21.152568571269512 22.260120041668415 14
      vertex 17.5 21.899999998509884 14
      vertex 19.796100594103336 23.043277196586132 14
    endloop
  endfacet
  facet normal 0 0 1
    outer loop
      vertex -19.796100594103336 23.043277196586132 14
      vertex 18.283157154917717 23.44866916537285 14
      vertex 17.5 23.5 14
    endloop
  endfacet
  facet normal 0 0 1
    outer loop
      vertex -20.5 22.696152426302433 14
      vertex 19.052914269268513 23.2955549582839 14
      vertex 18.283157154917717 23.44866916537285 14
    endloop
  endfacet
  facet normal 0 0 1
    outer loop
      vertex -21.152568571269512 22.260120041668415 14
      vertex 19.796100594103336 23.043277196586132 14
      vertex 19.052914269268513 23.2955549582839 14
    endloop
  endfacet
  facet normal 0 0 1
    outer loop
      vertex 21.899999998509884 -17.5 14
      vertex 23.44866916537285 18.283157154917717 14
      vertex 21.899999998509884 17.5 14
    endloop
  endfacet
  facet normal 0 0 1
    outer loop
      vertex 21.899999998509884 -17.5 14
      vertex 23.5 17.5 14
      vertex 23.44866916537285 18.283157154917717 14
    endloop
  endfacet
  facet normal 0.06540313273849395 0.997858923008654 0
    outer loop
      vertex 17.5 23.5 0
      vertex 17.5 23.5 14
      vertex 18.283157154917717 23.44866916537285 14
    endloop
  endfacet
  facet normal 0.19509031854274123 0.9807852810941302 0
    outer loop
      vertex 19.052914269268513 23.2955549582839 2.6
      vertex 18.283157154917717 23.44866916537285 14
      vertex 19.052914269268513 23.2955549582839 14
    endloop
  endfacet
  facet normal 0.3214394637077385 0.9469301300366789 0
    outer loop
      vertex 19.052914269268513 23.2955549582839 2.6
      vertex 19.052914269268513 23.2955549582839 14
      vertex 19.796100594103336 23.043277196586132 14
    endloop
  endfacet
  facet normal 0.44228868804580856 0.8968727426043884 -1.4734038090471273e-17
    outer loop
      vertex 19.917301816310708 22.983507368590264 2.410596026490066
      vertex 19.796100594103336 23.043277196586132 14
      vertex 20.5 22.696152426302433 14
    endloop
  endfacet
  facet normal 0.997858923008654 0.06540313273849395 0
    outer loop
      vertex 23.44866916537285 18.283157154917717 0
      vertex 23.44866916537285 18.283157154917717 14
      vertex 23.5 17.5 14
    endloop
  endfacet
  facet normal 0.9807852810941301 0.19509031854274123 0
    outer loop
      vertex 23.2955549582839 19.052914269268513 0
      vertex 23.2955549582839 19.052914269268513 14
      vertex 23.44866916537285 18.283157154917717 14
    endloop
  endfacet
  facet normal 0.9469301300366789 0.3214394637077385 0
    outer loop
      vertex 23.043277196586132 19.796100594103336 2.410596026490066
      vertex 23.043277196586132 19.796100594103336 14
      vertex 23.2955549582839 19.052914269268513 14
    endloop
  endfacet
  facet normal 0.8968727426043884 0.44228868804580856 1.4800103899431066e-17
    outer loop
      vertex 22.7559222542983 20.37879877779263 2.410596026490066
      vertex 22.696152426302433 20.5 14
      vertex 23.043277196586132 19.796100594103336 14
    endloop
  endfacet
  facet normal 0.8314696090452179 0.5555702378945371 0
    outer loop
      vertex 22.260120041668415 21.152568571269512 0
      vertex 22.260120041668415 21.152568571269512 14
      vertex 22.696152426302433 20.5 14
    endloop
  endfacet
  facet normal 0.6593458107222281 0.7518398113182406 0
    outer loop
      vertex 21.74264068901539 21.74264068901539 2.6
      vertex 21.152568571269512 22.260120041668415 14
      vertex 21.74264068901539 21.74264068901539 14
    endloop
  endfacet
  facet normal 0.7518398113182406 0.6593458107222281 0
    outer loop
      vertex 21.74264068901539 21.74264068901539 2.6
      vertex 21.74264068901539 21.74264068901539 14
      vertex 22.260120041668415 21.152568571269512 14
    endloop
  endfacet
  facet normal 0.555570237894537 0.8314696090452179 0
    outer loop
      vertex 20.5 22.696152426302433 1.5
      vertex 20.5 22.696152426302433 14
      vertex 21.152568571269512 22.260120041668415 14
    endloop
  endfacet
  facet normal 0 0 1
    outer loop
      vertex 17.5 21.899999998509884 14
      vertex 18.07431524246931 21.862357392907143 14
      vertex 21.152568571269512 22.260120041668415 14
    endloop
  endfacet
  facet normal 0 0 1
    outer loop
      vertex 18.07431524246931 21.862357392907143 14
      vertex 18.63880379498005 21.75007363408804 14
      vertex 21.152568571269512 22.260120041668415 14
    endloop
  endfacet
  facet normal 0 0 1
    outer loop
      vertex 18.63880379498005 21.75007363408804 14
      vertex 19.183807104825974 21.565069943666458 14
      vertex 21.152568571269512 22.260120041668415 14
    endloop
  endfacet
  facet normal 0 0 1
    outer loop
      vertex 19.183807104825974 21.565069943666458 14
      vertex 19.700000002980232 21.310511775314808 14
      vertex 21.74264068901539 21.74264068901539 14
    endloop
  endfacet
  facet normal 0 0 1
    outer loop
      vertex 19.700000002980232 21.310511775314808 14
      vertex 20.17855028808117 20.990754693746567 14
      vertex 21.74264068901539 21.74264068901539 14
    endloop
  endfacet
  facet normal 0 0 1
    outer loop
      vertex 17.5 21.899999998509884 14
      vertex 20.5 22.696152426302433 14
      vertex 19.796100594103336 23.043277196586132 14
    endloop
  endfacet
  facet normal 0 0 1
    outer loop
      vertex 17.5 21.899999998509884 14
      vertex 21.152568571269512 22.260120041668415 14
      vertex 20.5 22.696152426302433 14
    endloop
  endfacet
  facet normal 0 0 1
    outer loop
      vertex 21.565069943666458 19.183807104825974 14
      vertex 23.043277196586132 19.796100594103336 14
      vertex 21.310511775314808 19.700000002980232 14
    endloop
  endfacet
  facet normal 0 0 1
    outer loop
      vertex 20.990754693746567 20.17855028808117 14
      vertex 21.310511775314808 19.700000002980232 14
      vertex 22.696152426302433 20.5 14
    endloop
  endfacet
  facet normal 0 0 1
    outer loop
      vertex 21.899999998509884 17.5 14
      vertex 23.2955549582839 19.052914269268513 14
      vertex 21.862357392907143 18.07431524246931 14
    endloop
  endfacet
  facet normal 0 0 1
    outer loop
      vertex 21.862357392907143 18.07431524246931 14
      vertex 23.2955549582839 19.052914269268513 14
      vertex 21.75007363408804 18.63880379498005 14
    endloop
  endfacet
  facet normal 0 0 1
    outer loop
      vertex 21.899999998509884 17.5 14
      vertex 23.44866916537285 18.283157154917717 14
      vertex 23.2955549582839 19.052914269268513 14
    endloop
  endfacet
  facet normal 0 0 1
    outer loop
      vertex 21.75007363408804 18.63880379498005 14
      vertex 23.043277196586132 19.796100594103336 14
      vertex 21.565069943666458 19.183807104825974 14
    endloop
  endfacet
  facet normal 0 0 1
    outer loop
      vertex 21.75007363408804 18.63880379498005 14
      vertex 23.2955549582839 19.052914269268513 14
      vertex 23.043277196586132 19.796100594103336 14
    endloop
  endfacet
  facet normal 0 0 1
    outer loop
      vertex 21.310511775314808 19.700000002980232 14
      vertex 23.043277196586132 19.796100594103336 14
      vertex 22.696152426302433 20.5 14
    endloop
  endfacet
  facet normal 0 0 1
    outer loop
      vertex 20.17855028808117 20.990754693746567 14
      vertex 20.61126983910799 20.61126983910799 14
      vertex 22.260120041668415 21.152568571269512 14
    endloop
  endfacet
  facet normal 0 0 1
    outer loop
      vertex 20.990754693746567 20.17855028808117 14
      vertex 22.260120041668415 21.152568571269512 14
      vertex 20.61126983910799 20.61126983910799 14
    endloop
  endfacet
  facet normal 0 0 1
    outer loop
      vertex 19.183807104825974 21.565069943666458 14
      vertex 21.74264068901539 21.74264068901539 14
      vertex 21.152568571269512 22.260120041668415 14
    endloop
  endfacet
  facet normal 0 0 1
    outer loop
      vertex 20.17855028808117 20.990754693746567 14
      vertex 22.260120041668415 21.152568571269512 14
      vertex 21.74264068901539 21.74264068901539 14
    endloop
  endfacet
  facet normal 0 0 1
    outer loop
      vertex 20.990754693746567 20.17855028808117 14
      vertex 22.696152426302433 20.5 14
      vertex 22.260120041668415 21.152568571269512 14
    endloop
  endfacet
  facet normal 0.8968727403768488 0.44228869256281184 0
    outer loop
      vertex -21.310511775314808 -19.700000002980232 2.6
      vertex -21.565069943666458 -19.183807104825974 2.6
      vertex -21.565069943666458 -19.183807104825974 14
    endloop
  endfacet
  facet normal 0.8314696091775019 0.5555702376965599 0
    outer loop
      vertex -21.310511775314808 -19.700000002980232 2.6
      vertex -21.310511775314808 -19.700000002980232 14
      vertex -20.990754693746567 -20.17855028808117 2.6
    endloop
  endfacet
  facet normal 0.751839813240027 0.6593458085308508 0
    outer loop
      vertex -20.61126983910799 -20.61126983910799 2.6
      vertex -20.990754693746567 -20.17855028808117 2.6
      vertex -20.990754693746567 -20.17855028808117 14
    endloop
  endfacet
  facet normal 0.9469301317164274 0.3214394587593589 0
    outer loop
      vertex -21.565069943666458 -19.183807104825974 2.6
      vertex -21.75007363408804 -18.63880379498005 2.6
      vertex -21.75007363408804 -18.63880379498005 14
    endloop
  endfacet
  facet normal 0.9807852789136889 0.1950903295045591 0
    outer loop
      vertex -21.75007363408804 -18.63880379498005 2.6
      vertex -21.862357392907143 -18.07431524246931 2.6
      vertex -21.862357392907143 -18.07431524246931 14
    endloop
  endfacet
  facet normal 0.9978589237076277 0.0654031220742139 0
    outer loop
      vertex -21.862357392907143 -18.07431524246931 2.6
      vertex -21.899999998509884 -17.5 2.6
      vertex -21.899999998509884 -17.5 14
    endloop
  endfacet
  facet normal 0.6593458085308508 0.751839813240027 0
    outer loop
      vertex -20.61126983910799 -20.61126983910799 2.6
      vertex -20.61126983910799 -20.61126983910799 14
      vertex -20.17855028808117 -20.990754693746567 2.6
    endloop
  endfacet
  facet normal 0.5555702376965599 0.8314696091775019 0
    outer loop
      vertex -20.17855028808117 -20.990754693746567 2.6
      vertex -20.17855028808117 -20.990754693746567 14
      vertex -19.700000002980232 -21.310511775314808 2.6
    endloop
  endfacet
  facet normal 0.44228869256281184 0.8968727403768488 0
    outer loop
      vertex -19.700000002980232 -21.310511775314808 2.6
      vertex -19.700000002980232 -21.310511775314808 14
      vertex -19.183807104825974 -21.565069943666458 2.6
    endloop
  endfacet
  facet normal 0.3214394587593589 0.9469301317164274 0
    outer loop
      vertex -19.183807104825974 -21.565069943666458 2.6
      vertex -19.183807104825974 -21.565069943666458 14
      vertex -18.63880379498005 -21.75007363408804 2.6
    endloop
  endfacet
  facet normal 0.1950903295045591 0.9807852789136889 0
    outer loop
      vertex -18.63880379498005 -21.75007363408804 2.6
      vertex -18.63880379498005 -21.75007363408804 14
      vertex -18.07431524246931 -21.862357392907143 2.6
    endloop
  endfacet
  facet normal 0.0654031220742139 0.9978589237076277 0
    outer loop
      vertex -18.07431524246931 -21.862357392907143 2.6
      vertex -18.07431524246931 -21.862357392907143 14
      vertex -17.5 -21.899999998509884 2.6
    endloop
  endfacet
  facet normal 0 0 1
    outer loop
      vertex -19.183807104825974 -21.565069943666458 2.6
      vertex -18.63880379498005 -21.75007363408804 2.6
      vertex 20.17855028808117 -20.990754693746567 2.6
    endloop
  endfacet
  facet normal 0 0 1
    outer loop
      vertex -20.17855028808117 -20.990754693746567 2.6
      vertex -19.700000002980232 -21.310511775314808 2.6
      vertex 20.990754693746567 -20.17855028808117 2.6
    endloop
  endfacet
  facet normal 0 0 1
    outer loop
      vertex -19.700000002980232 -21.310511775314808 2.6
      vertex -19.183807104825974 -21.565069943666458 2.6
      vertex 20.61126983910799 -20.61126983910799 2.6
    endloop
  endfacet
  facet normal 0 0 1
    outer loop
      vertex -20.61126983910799 -20.61126983910799 2.6
      vertex 21.565069943666458 -19.183807104825974 2.6
      vertex -20.990754693746567 -20.17855028808117 2.6
    endloop
  endfacet
  facet normal 0 0 1
    outer loop
      vertex -21.310511775314808 -19.700000002980232 2.6
      vertex -20.990754693746567 -20.17855028808117 2.6
      vertex 21.75007363408804 -18.63880379498005 2.6
    endloop
  endfacet
  facet normal 0 0 1
    outer loop
      vertex -20.61126983910799 -20.61126983910799 2.6
      vertex -20.17855028808117 -20.990754693746567 2.6
      vertex 21.310511775314808 -19.700000002980232 2.6
    endloop
  endfacet
  facet normal 0 0 1
    outer loop
      vertex -21.310511775314808 -19.700000002980232 2.6
      vertex 21.862357392907143 -18.07431524246931 2.6
      vertex -21.565069943666458 -19.183807104825974 2.6
    endloop
  endfacet
  facet normal 0 0 1
    outer loop
      vertex -21.565069943666458 -19.183807104825974 2.6
      vertex 21.899999998509884 -17.5 2.6
      vertex -21.75007363408804 -18.63880379498005 2.6
    endloop
  endfacet
  facet normal 0 0 1
    outer loop
      vertex -18.63880379498005 -21.75007363408804 2.6
      vertex -18.07431524246931 -21.862357392907143 2.6
      vertex 19.700000002980232 -21.310511775314808 2.6
    endloop
  endfacet
  facet normal 0 0 1
    outer loop
      vertex -18.07431524246931 -21.862357392907143 2.6
      vertex -17.5 -21.899999998509884 2.6
      vertex 19.183807104825974 -21.565069943666458 2.6
    endloop
  endfacet
  facet normal 0 1 0
    outer loop
      vertex -17.5 -21.899999998509884 2.6
      vertex -17.5 -21.899999998509884 14
      vertex 17.5 -21.899999998509884 2.6
    endloop
  endfacet
  facet normal 0 0 1
    outer loop
      vertex -21.75007363408804 -18.63880379498005 2.6
      vertex 21.899999998509884 17.5 2.6
      vertex -21.862357392907143 -18.07431524246931 2.6
    endloop
  endfacet
  facet normal 0 0 1
    outer loop
      vertex -21.862357392907143 -18.07431524246931 2.6
      vertex 21.862357392907143 18.07431524246931 2.6
      vertex -21.899999998509884 -17.5 2.6
    endloop
  endfacet
  facet normal 0.8968727403768488 0.44228869256281184 0
    outer loop
      vertex -21.310511775314808 -19.700000002980232 2.6
      vertex -21.565069943666458 -19.183807104825974 14
      vertex -21.310511775314808 -19.700000002980232 14
    endloop
  endfacet
  facet normal 0.8314696091775019 0.5555702376965599 0
    outer loop
      vertex -20.990754693746567 -20.17855028808117 2.6
      vertex -21.310511775314808 -19.700000002980232 14
      vertex -20.990754693746567 -20.17855028808117 14
    endloop
  endfacet
  facet normal 0.751839813240027 0.6593458085308508 0
    outer loop
      vertex -20.61126983910799 -20.61126983910799 2.6
      vertex -20.990754693746567 -20.17855028808117 14
      vertex -20.61126983910799 -20.61126983910799 14
    endloop
  endfacet
  facet normal 0.9807852789136889 0.1950903295045591 0
    outer loop
      vertex -21.75007363408804 -18.63880379498005 2.6
      vertex -21.862357392907143 -18.07431524246931 14
      vertex -21.75007363408804 -18.63880379498005 14
    endloop
  endfacet
  facet normal 0.9469301317164274 0.3214394587593589 0
    outer loop
      vertex -21.565069943666458 -19.183807104825974 2.6
      vertex -21.75007363408804 -18.63880379498005 14
      vertex -21.565069943666458 -19.183807104825974 14
    endloop
  endfacet
  facet normal 0.9978589237076277 0.0654031220742139 0
    outer loop
      vertex -21.862357392907143 -18.07431524246931 2.6
      vertex -21.899999998509884 -17.5 14
      vertex -21.862357392907143 -18.07431524246931 14
    endloop
  endfacet
  facet normal 0.6593458085308508 0.751839813240027 0
    outer loop
      vertex -20.17855028808117 -20.990754693746567 2.6
      vertex -20.61126983910799 -20.61126983910799 14
      vertex -20.17855028808117 -20.990754693746567 14
    endloop
  endfacet
  facet normal 0.5555702376965599 0.8314696091775019 0
    outer loop
      vertex -19.700000002980232 -21.310511775314808 2.6
      vertex -20.17855028808117 -20.990754693746567 14
      vertex -19.700000002980232 -21.310511775314808 14
    endloop
  endfacet
  facet normal 0.44228869256281184 0.8968727403768488 0
    outer loop
      vertex -19.183807104825974 -21.565069943666458 2.6
      vertex -19.700000002980232 -21.310511775314808 14
      vertex -19.183807104825974 -21.565069943666458 14
    endloop
  endfacet
  facet normal 0.3214394587593589 0.9469301317164274 0
    outer loop
      vertex -18.63880379498005 -21.75007363408804 2.6
      vertex -19.183807104825974 -21.565069943666458 14
      vertex -18.63880379498005 -21.75007363408804 14
    endloop
  endfacet
  facet normal 0.1950903295045591 0.9807852789136889 0
    outer loop
      vertex -18.07431524246931 -21.862357392907143 2.6
      vertex -18.63880379498005 -21.75007363408804 14
      vertex -18.07431524246931 -21.862357392907143 14
    endloop
  endfacet
  facet normal 0.0654031220742139 0.9978589237076277 0
    outer loop
      vertex -17.5 -21.899999998509884 2.6
      vertex -18.07431524246931 -21.862357392907143 14
      vertex -17.5 -21.899999998509884 14
    endloop
  endfacet
  facet normal 1 0 0
    outer loop
      vertex -21.899999998509884 -17.5 2.6
      vertex -21.899999998509884 17.5 14
      vertex -21.899999998509884 -17.5 14
    endloop
  endfacet
  facet normal 1 0 0
    outer loop
      vertex -21.899999998509884 -17.5 2.6
      vertex -21.899999998509884 17.5 2.6
      vertex -21.899999998509884 17.5 14
    endloop
  endfacet
  facet normal 0 0 1
    outer loop
      vertex -18.63880379498005 21.75007363408804 2.6
      vertex -17.5 21.899999998509884 2.6
      vertex -18.07431524246931 21.862357392907143 2.6
    endloop
  endfacet
  facet normal 0.9978589237076277 -0.0654031220742139 0
    outer loop
      vertex -21.899999998509884 17.5 2.6
      vertex -21.862357392907143 18.07431524246931 2.6
      vertex -21.862357392907143 18.07431524246931 14
    endloop
  endfacet
  facet normal 0.9807852789136889 -0.1950903295045591 0
    outer loop
      vertex -21.862357392907143 18.07431524246931 2.6
      vertex -21.75007363408804 18.63880379498005 2.6
      vertex -21.75007363408804 18.63880379498005 14
    endloop
  endfacet
  facet normal 0.9469301317164274 -0.3214394587593589 0
    outer loop
      vertex -21.75007363408804 18.63880379498005 2.6
      vertex -21.565069943666458 19.183807104825974 2.6
      vertex -21.565069943666458 19.183807104825974 14
    endloop
  endfacet
  facet normal 0.8968727403768488 -0.44228869256281184 0
    outer loop
      vertex -21.565069943666458 19.183807104825974 2.6
      vertex -21.310511775314808 19.700000002980232 2.6
      vertex -21.310511775314808 19.700000002980232 14
    endloop
  endfacet
  facet normal 0.8314696091775019 -0.5555702376965599 0
    outer loop
      vertex -21.310511775314808 19.700000002980232 2.6
      vertex -20.990754693746567 20.17855028808117 2.6
      vertex -20.990754693746567 20.17855028808117 14
    endloop
  endfacet
  facet normal 0.751839813240027 -0.6593458085308508 0
    outer loop
      vertex -20.990754693746567 20.17855028808117 2.6
      vertex -20.61126983910799 20.61126983910799 2.6
      vertex -20.61126983910799 20.61126983910799 14
    endloop
  endfacet
  facet normal 0.6593458085308508 -0.751839813240027 0
    outer loop
      vertex -20.61126983910799 20.61126983910799 2.6
      vertex -20.17855028808117 20.990754693746567 2.6
      vertex -20.17855028808117 20.990754693746567 14
    endloop
  endfacet
  facet normal 0.5555702376965599 -0.8314696091775019 0
    outer loop
      vertex -20.17855028808117 20.990754693746567 2.6
      vertex -19.700000002980232 21.310511775314808 2.6
      vertex -19.700000002980232 21.310511775314808 14
    endloop
  endfacet
  facet normal 0.44228869256281184 -0.8968727403768488 0
    outer loop
      vertex -19.700000002980232 21.310511775314808 2.6
      vertex -19.183807104825974 21.565069943666458 2.6
      vertex -19.183807104825974 21.565069943666458 14
    endloop
  endfacet
  facet normal 0.3214394587593589 -0.9469301317164274 0
    outer loop
      vertex -19.183807104825974 21.565069943666458 2.6
      vertex -18.63880379498005 21.75007363408804 2.6
      vertex -18.63880379498005 21.75007363408804 14
    endloop
  endfacet
  facet normal 0.1950903295045591 -0.9807852789136889 0
    outer loop
      vertex -18.63880379498005 21.75007363408804 2.6
      vertex -18.07431524246931 21.862357392907143 2.6
      vertex -18.07431524246931 21.862357392907143 14
    endloop
  endfacet
  facet normal 0.0654031220742139 -0.9978589237076277 0
    outer loop
      vertex -18.07431524246931 21.862357392907143 2.6
      vertex -17.5 21.899999998509884 2.6
      vertex -17.5 21.899999998509884 14
    endloop
  endfacet
  facet normal 0 0 1
    outer loop
      vertex -21.899999998509884 -17.5 2.6
      vertex 21.75007363408804 18.63880379498005 2.6
      vertex -21.899999998509884 17.5 2.6
    endloop
  endfacet
  facet normal 0 0 1
    outer loop
      vertex -21.899999998509884 17.5 2.6
      vertex 21.565069943666458 19.183807104825974 2.6
      vertex -21.862357392907143 18.07431524246931 2.6
    endloop
  endfacet
  facet normal 0 0 1
    outer loop
      vertex -21.862357392907143 18.07431524246931 2.6
      vertex 21.310511775314808 19.700000002980232 2.6
      vertex -21.75007363408804 18.63880379498005 2.6
    endloop
  endfacet
  facet normal 0 0 1
    outer loop
      vertex -21.75007363408804 18.63880379498005 2.6
      vertex 20.990754693746567 20.17855028808117 2.6
      vertex -21.565069943666458 19.183807104825974 2.6
    endloop
  endfacet
  facet normal 0 0 1
    outer loop
      vertex -21.565069943666458 19.183807104825974 2.6
      vertex 20.61126983910799 20.61126983910799 2.6
      vertex -21.310511775314808 19.700000002980232 2.6
    endloop
  endfacet
  facet normal 0 0 1
    outer loop
      vertex -21.310511775314808 19.700000002980232 2.6
      vertex 20.17855028808117 20.990754693746567 2.6
      vertex -20.990754693746567 20.17855028808117 2.6
    endloop
  endfacet
  facet normal 0 0 1
    outer loop
      vertex -20.990754693746567 20.17855028808117 2.6
      vertex 19.700000002980232 21.310511775314808 2.6
      vertex -20.61126983910799 20.61126983910799 2.6
    endloop
  endfacet
  facet normal 0 0 1
    outer loop
      vertex -20.61126983910799 20.61126983910799 2.6
      vertex 19.183807104825974 21.565069943666458 2.6
      vertex -20.17855028808117 20.990754693746567 2.6
    endloop
  endfacet
  facet normal 0 0 1
    outer loop
      vertex -20.17855028808117 20.990754693746567 2.6
      vertex 18.63880379498005 21.75007363408804 2.6
      vertex -19.700000002980232 21.310511775314808 2.6
    endloop
  endfacet
  facet normal 0 0 1
    outer loop
      vertex -19.700000002980232 21.310511775314808 2.6
      vertex 18.07431524246931 21.862357392907143 2.6
      vertex -19.183807104825974 21.565069943666458 2.6
    endloop
  endfacet
  facet normal 0 0 1
    outer loop
      vertex -19.183807104825974 21.565069943666458 2.6
      vertex 17.5 21.899999998509884 2.6
      vertex -18.63880379498005 21.75007363408804 2.6
    endloop
  endfacet
  facet normal 0 0 1
    outer loop
      vertex -18.63880379498005 21.75007363408804 2.6
      vertex 17.5 21.899999998509884 2.6
      vertex -17.5 21.899999998509884 2.6
    endloop
  endfacet
  facet normal 0.9978589237076277 -0.0654031220742139 0
    outer loop
      vertex -21.899999998509884 17.5 2.6
      vertex -21.862357392907143 18.07431524246931 14
      vertex -21.899999998509884 17.5 14
    endloop
  endfacet
  facet normal 0.9807852789136889 -0.1950903295045591 0
    outer loop
      vertex -21.862357392907143 18.07431524246931 2.6
      vertex -21.75007363408804 18.63880379498005 14
      vertex -21.862357392907143 18.07431524246931 14
    endloop
  endfacet
  facet normal 0.9469301317164274 -0.3214394587593589 0
    outer loop
      vertex -21.75007363408804 18.63880379498005 2.6
      vertex -21.565069943666458 19.183807104825974 14
      vertex -21.75007363408804 18.63880379498005 14
    endloop
  endfacet
  facet normal 0.8968727403768488 -0.44228869256281184 0
    outer loop
      vertex -21.565069943666458 19.183807104825974 2.6
      vertex -21.310511775314808 19.700000002980232 14
      vertex -21.565069943666458 19.183807104825974 14
    endloop
  endfacet
  facet normal 0.8314696091775019 -0.5555702376965599 0
    outer loop
      vertex -21.310511775314808 19.700000002980232 2.6
      vertex -20.990754693746567 20.17855028808117 14
      vertex -21.310511775314808 19.700000002980232 14
    endloop
  endfacet
  facet normal 0.751839813240027 -0.6593458085308508 0
    outer loop
      vertex -20.990754693746567 20.17855028808117 2.6
      vertex -20.61126983910799 20.61126983910799 14
      vertex -20.990754693746567 20.17855028808117 14
    endloop
  endfacet
  facet normal 0.6593458085308508 -0.751839813240027 0
    outer loop
      vertex -20.61126983910799 20.61126983910799 2.6
      vertex -20.17855028808117 20.990754693746567 14
      vertex -20.61126983910799 20.61126983910799 14
    endloop
  endfacet
  facet normal 0.5555702376965599 -0.8314696091775019 0
    outer loop
      vertex -20.17855028808117 20.990754693746567 2.6
      vertex -19.700000002980232 21.310511775314808 14
      vertex -20.17855028808117 20.990754693746567 14
    endloop
  endfacet
  facet normal 0.44228869256281184 -0.8968727403768488 0
    outer loop
      vertex -19.700000002980232 21.310511775314808 2.6
      vertex -19.183807104825974 21.565069943666458 14
      vertex -19.700000002980232 21.310511775314808 14
    endloop
  endfacet
  facet normal 0.3214394587593589 -0.9469301317164274 0
    outer loop
      vertex -19.183807104825974 21.565069943666458 2.6
      vertex -18.63880379498005 21.75007363408804 14
      vertex -19.183807104825974 21.565069943666458 14
    endloop
  endfacet
  facet normal 0.1950903295045591 -0.9807852789136889 0
    outer loop
      vertex -18.63880379498005 21.75007363408804 2.6
      vertex -18.07431524246931 21.862357392907143 14
      vertex -18.63880379498005 21.75007363408804 14
    endloop
  endfacet
  facet normal 0.0654031220742139 -0.9978589237076277 0
    outer loop
      vertex -18.07431524246931 21.862357392907143 2.6
      vertex -17.5 21.899999998509884 14
      vertex -18.07431524246931 21.862357392907143 14
    endloop
  endfacet
  facet normal 0 -1 0
    outer loop
      vertex -17.5 21.899999998509884 2.6
      vertex 17.5 21.899999998509884 14
      vertex -17.5 21.899999998509884 14
    endloop
  endfacet
  facet normal 0 0 1
    outer loop
      vertex -17.5 -21.899999998509884 2.6
      vertex 17.5 -21.899999998509884 2.6
      vertex 18.63880379498005 -21.75007363408804 2.6
    endloop
  endfacet
  facet normal 0 0 1
    outer loop
      vertex -17.5 -21.899999998509884 2.6
      vertex 18.63880379498005 -21.75007363408804 2.6
      vertex 19.183807104825974 -21.565069943666458 2.6
    endloop
  endfacet
  facet normal 0 0 1
    outer loop
      vertex -18.07431524246931 -21.862357392907143 2.6
      vertex 19.183807104825974 -21.565069943666458 2.6
      vertex 19.700000002980232 -21.310511775314808 2.6
    endloop
  endfacet
  facet normal 0 0 1
    outer loop
      vertex -18.63880379498005 -21.75007363408804 2.6
      vertex 19.700000002980232 -21.310511775314808 2.6
      vertex 20.17855028808117 -20.990754693746567 2.6
    endloop
  endfacet
  facet normal 0 0 1
    outer loop
      vertex -19.183807104825974 -21.565069943666458 2.6
      vertex 20.17855028808117 -20.990754693746567 2.6
      vertex 20.61126983910799 -20.61126983910799 2.6
    endloop
  endfacet
  facet normal 0 0 1
    outer loop
      vertex -19.700000002980232 -21.310511775314808 2.6
      vertex 20.61126983910799 -20.61126983910799 2.6
      vertex 20.990754693746567 -20.17855028808117 2.6
    endloop
  endfacet
  facet normal 0 0 1
    outer loop
      vertex -20.17855028808117 -20.990754693746567 2.6
      vertex 20.990754693746567 -20.17855028808117 2.6
      vertex 21.310511775314808 -19.700000002980232 2.6
    endloop
  endfacet
  facet normal 0 0 1
    outer loop
      vertex -20.61126983910799 -20.61126983910799 2.6
      vertex 21.310511775314808 -19.700000002980232 2.6
      vertex 21.565069943666458 -19.183807104825974 2.6
    endloop
  endfacet
  facet normal 0 0 1
    outer loop
      vertex -20.990754693746567 -20.17855028808117 2.6
      vertex 21.565069943666458 -19.183807104825974 2.6
      vertex 21.75007363408804 -18.63880379498005 2.6
    endloop
  endfacet
  facet normal 0 0 1
    outer loop
      vertex -21.310511775314808 -19.700000002980232 2.6
      vertex 21.75007363408804 -18.63880379498005 2.6
      vertex 21.862357392907143 -18.07431524246931 2.6
    endloop
  endfacet
  facet normal 0 0 1
    outer loop
      vertex -21.565069943666458 -19.183807104825974 2.6
      vertex 21.862357392907143 -18.07431524246931 2.6
      vertex 21.899999998509884 -17.5 2.6
    endloop
  endfacet
  facet normal 0 0 1
    outer loop
      vertex -21.75007363408804 -18.63880379498005 2.6
      vertex 21.899999998509884 -17.5 2.6
      vertex 21.899999998509884 17.5 2.6
    endloop
  endfacet
  facet normal 0 0 1
    outer loop
      vertex 17.5 -21.899999998509884 2.6
      vertex 18.07431524246931 -21.862357392907143 2.6
      vertex 18.63880379498005 -21.75007363408804 2.6
    endloop
  endfacet
  facet normal -0.0654031220742139 0.9978589237076277 0
    outer loop
      vertex 17.5 -21.899999998509884 2.6
      vertex 17.5 -21.899999998509884 14
      vertex 18.07431524246931 -21.862357392907143 2.6
    endloop
  endfacet
  facet normal -0.1950903295045591 0.9807852789136889 0
    outer loop
      vertex 18.07431524246931 -21.862357392907143 2.6
      vertex 18.07431524246931 -21.862357392907143 14
      vertex 18.63880379498005 -21.75007363408804 2.6
    endloop
  endfacet
  facet normal -0.3214394587593589 0.9469301317164274 0
    outer loop
      vertex 18.63880379498005 -21.75007363408804 2.6
      vertex 18.63880379498005 -21.75007363408804 14
      vertex 19.183807104825974 -21.565069943666458 2.6
    endloop
  endfacet
  facet normal -0.44228869256281184 0.8968727403768488 0
    outer loop
      vertex 19.183807104825974 -21.565069943666458 2.6
      vertex 19.183807104825974 -21.565069943666458 14
      vertex 19.700000002980232 -21.310511775314808 2.6
    endloop
  endfacet
  facet normal -0.5555702376965599 0.8314696091775019 0
    outer loop
      vertex 19.700000002980232 -21.310511775314808 2.6
      vertex 19.700000002980232 -21.310511775314808 14
      vertex 20.17855028808117 -20.990754693746567 2.6
    endloop
  endfacet
  facet normal -0.6593458085308508 0.751839813240027 0
    outer loop
      vertex 20.17855028808117 -20.990754693746567 2.6
      vertex 20.17855028808117 -20.990754693746567 14
      vertex 20.61126983910799 -20.61126983910799 2.6
    endloop
  endfacet
  facet normal -0.751839813240027 0.6593458085308508 0
    outer loop
      vertex 20.61126983910799 -20.61126983910799 2.6
      vertex 20.61126983910799 -20.61126983910799 14
      vertex 20.990754693746567 -20.17855028808117 2.6
    endloop
  endfacet
  facet normal -0.8314696091775019 0.5555702376965599 0
    outer loop
      vertex 20.990754693746567 -20.17855028808117 2.6
      vertex 20.990754693746567 -20.17855028808117 14
      vertex 21.310511775314808 -19.700000002980232 2.6
    endloop
  endfacet
  facet normal -0.8968727403768488 0.44228869256281184 0
    outer loop
      vertex 21.310511775314808 -19.700000002980232 2.6
      vertex 21.310511775314808 -19.700000002980232 14
      vertex 21.565069943666458 -19.183807104825974 2.6
    endloop
  endfacet
  facet normal -0.9469301317164274 0.3214394587593589 0
    outer loop
      vertex 21.565069943666458 -19.183807104825974 2.6
      vertex 21.565069943666458 -19.183807104825974 14
      vertex 21.75007363408804 -18.63880379498005 2.6
    endloop
  endfacet
  facet normal -0.9807852789136889 0.1950903295045591 0
    outer loop
      vertex 21.75007363408804 -18.63880379498005 2.6
      vertex 21.75007363408804 -18.63880379498005 14
      vertex 21.862357392907143 -18.07431524246931 2.6
    endloop
  endfacet
  facet normal -0.9978589237076277 0.0654031220742139 0
    outer loop
      vertex 21.862357392907143 -18.07431524246931 2.6
      vertex 21.862357392907143 -18.07431524246931 14
      vertex 21.899999998509884 -17.5 2.6
    endloop
  endfacet
  facet normal -1 0 0
    outer loop
      vertex 21.899999998509884 -17.5 2.6
      vertex 21.899999998509884 -17.5 14
      vertex 21.899999998509884 17.5 2.6
    endloop
  endfacet
  facet normal 0 1 0
    outer loop
      vertex -17.5 -21.899999998509884 14
      vertex 17.5 -21.899999998509884 14
      vertex 17.5 -21.899999998509884 2.6
    endloop
  endfacet
  facet normal -0.0654031220742139 0.9978589237076277 0
    outer loop
      vertex 18.07431524246931 -21.862357392907143 2.6
      vertex 17.5 -21.899999998509884 14
      vertex 18.07431524246931 -21.862357392907143 14
    endloop
  endfacet
  facet normal -0.1950903295045591 0.9807852789136889 0
    outer loop
      vertex 18.63880379498005 -21.75007363408804 2.6
      vertex 18.07431524246931 -21.862357392907143 14
      vertex 18.63880379498005 -21.75007363408804 14
    endloop
  endfacet
  facet normal -0.3214394587593589 0.9469301317164274 0
    outer loop
      vertex 19.183807104825974 -21.565069943666458 2.6
      vertex 18.63880379498005 -21.75007363408804 14
      vertex 19.183807104825974 -21.565069943666458 14
    endloop
  endfacet
  facet normal -0.44228869256281184 0.8968727403768488 0
    outer loop
      vertex 19.700000002980232 -21.310511775314808 2.6
      vertex 19.183807104825974 -21.565069943666458 14
      vertex 19.700000002980232 -21.310511775314808 14
    endloop
  endfacet
  facet normal -0.5555702376965599 0.8314696091775019 0
    outer loop
      vertex 20.17855028808117 -20.990754693746567 2.6
      vertex 19.700000002980232 -21.310511775314808 14
      vertex 20.17855028808117 -20.990754693746567 14
    endloop
  endfacet
  facet normal -0.6593458085308508 0.751839813240027 0
    outer loop
      vertex 20.61126983910799 -20.61126983910799 2.6
      vertex 20.17855028808117 -20.990754693746567 14
      vertex 20.61126983910799 -20.61126983910799 14
    endloop
  endfacet
  facet normal -0.751839813240027 0.6593458085308508 0
    outer loop
      vertex 20.990754693746567 -20.17855028808117 2.6
      vertex 20.61126983910799 -20.61126983910799 14
      vertex 20.990754693746567 -20.17855028808117 14
    endloop
  endfacet
  facet normal -0.8314696091775019 0.5555702376965599 0
    outer loop
      vertex 21.310511775314808 -19.700000002980232 2.6
      vertex 20.990754693746567 -20.17855028808117 14
      vertex 21.310511775314808 -19.700000002980232 14
    endloop
  endfacet
  facet normal -0.8968727403768488 0.44228869256281184 0
    outer loop
      vertex 21.565069943666458 -19.183807104825974 2.6
      vertex 21.310511775314808 -19.700000002980232 14
      vertex 21.565069943666458 -19.183807104825974 14
    endloop
  endfacet
  facet normal -0.9469301317164274 0.3214394587593589 0
    outer loop
      vertex 21.75007363408804 -18.63880379498005 2.6
      vertex 21.565069943666458 -19.183807104825974 14
      vertex 21.75007363408804 -18.63880379498005 14
    endloop
  endfacet
  facet normal -0.9807852789136889 0.1950903295045591 0
    outer loop
      vertex 21.862357392907143 -18.07431524246931 2.6
      vertex 21.75007363408804 -18.63880379498005 14
      vertex 21.862357392907143 -18.07431524246931 14
    endloop
  endfacet
  facet normal -0.9978589237076277 0.0654031220742139 0
    outer loop
      vertex 21.899999998509884 -17.5 2.6
      vertex 21.862357392907143 -18.07431524246931 14
      vertex 21.899999998509884 -17.5 14
    endloop
  endfacet
  facet normal 0 0 1
    outer loop
      vertex -21.862357392907143 -18.07431524246931 2.6
      vertex 21.899999998509884 17.5 2.6
      vertex 21.862357392907143 18.07431524246931 2.6
    endloop
  endfacet
  facet normal 0 0 1
    outer loop
      vertex -21.899999998509884 -17.5 2.6
      vertex 21.862357392907143 18.07431524246931 2.6
      vertex 21.75007363408804 18.63880379498005 2.6
    endloop
  endfacet
  facet normal 0 0 1
    outer loop
      vertex -19.183807104825974 21.565069943666458 2.6
      vertex 18.07431524246931 21.862357392907143 2.6
      vertex 17.5 21.899999998509884 2.6
    endloop
  endfacet
  facet normal 0 0 1
    outer loop
      vertex -19.700000002980232 21.310511775314808 2.6
      vertex 18.63880379498005 21.75007363408804 2.6
      vertex 18.07431524246931 21.862357392907143 2.6
    endloop
  endfacet
  facet normal 0 0 1
    outer loop
      vertex -21.899999998509884 17.5 2.6
      vertex 21.75007363408804 18.63880379498005 2.6
      vertex 21.565069943666458 19.183807104825974 2.6
    endloop
  endfacet
  facet normal 0 0 1
    outer loop
      vertex -21.862357392907143 18.07431524246931 2.6
      vertex 21.565069943666458 19.183807104825974 2.6
      vertex 21.310511775314808 19.700000002980232 2.6
    endloop
  endfacet
  facet normal 0 0 1
    outer loop
      vertex -21.310511775314808 19.700000002980232 2.6
      vertex 20.61126983910799 20.61126983910799 2.6
      vertex 20.17855028808117 20.990754693746567 2.6
    endloop
  endfacet
  facet normal 0 0 1
    outer loop
      vertex -21.75007363408804 18.63880379498005 2.6
      vertex 21.310511775314808 19.700000002980232 2.6
      vertex 20.990754693746567 20.17855028808117 2.6
    endloop
  endfacet
  facet normal 0 0 1
    outer loop
      vertex -21.565069943666458 19.183807104825974 2.6
      vertex 20.990754693746567 20.17855028808117 2.6
      vertex 20.61126983910799 20.61126983910799 2.6
    endloop
  endfacet
  facet normal 0 0 1
    outer loop
      vertex -20.61126983910799 20.61126983910799 2.6
      vertex 19.700000002980232 21.310511775314808 2.6
      vertex 19.183807104825974 21.565069943666458 2.6
    endloop
  endfacet
  facet normal 0 0 1
    outer loop
      vertex -20.990754693746567 20.17855028808117 2.6
      vertex 20.17855028808117 20.990754693746567 2.6
      vertex 19.700000002980232 21.310511775314808 2.6
    endloop
  endfacet
  facet normal 0 0 1
    outer loop
      vertex -20.17855028808117 20.990754693746567 2.6
      vertex 19.183807104825974 21.565069943666458 2.6
      vertex 18.63880379498005 21.75007363408804 2.6
    endloop
  endfacet
  facet normal 0 -1 0
    outer loop
      vertex -17.5 21.899999998509884 2.6
      vertex 17.5 21.899999998509884 2.6
      vertex 17.5 21.899999998509884 14
    endloop
  endfacet
  facet normal -0.0654031220742139 -0.9978589237076277 0
    outer loop
      vertex 17.5 21.899999998509884 2.6
      vertex 18.07431524246931 21.862357392907143 2.6
      vertex 18.07431524246931 21.862357392907143 14
    endloop
  endfacet
  facet normal -0.1950903295045591 -0.9807852789136889 0
    outer loop
      vertex 18.07431524246931 21.862357392907143 2.6
      vertex 18.63880379498005 21.75007363408804 2.6
      vertex 18.63880379498005 21.75007363408804 14
    endloop
  endfacet
  facet normal -0.3214394587593589 -0.9469301317164274 0
    outer loop
      vertex 18.63880379498005 21.75007363408804 2.6
      vertex 19.183807104825974 21.565069943666458 2.6
      vertex 19.183807104825974 21.565069943666458 14
    endloop
  endfacet
  facet normal -0.44228869256281184 -0.8968727403768488 0
    outer loop
      vertex 19.183807104825974 21.565069943666458 2.6
      vertex 19.700000002980232 21.310511775314808 2.6
      vertex 19.700000002980232 21.310511775314808 14
    endloop
  endfacet
  facet normal -0.5555702376965599 -0.8314696091775019 0
    outer loop
      vertex 19.700000002980232 21.310511775314808 2.6
      vertex 20.17855028808117 20.990754693746567 2.6
      vertex 20.17855028808117 20.990754693746567 14
    endloop
  endfacet
  facet normal -0.6593458085308508 -0.751839813240027 0
    outer loop
      vertex 20.17855028808117 20.990754693746567 2.6
      vertex 20.61126983910799 20.61126983910799 2.6
      vertex 20.61126983910799 20.61126983910799 14
    endloop
  endfacet
  facet normal -0.9978589237076277 -0.0654031220742139 0
    outer loop
      vertex 21.899999998509884 17.5 2.6
      vertex 21.899999998509884 17.5 14
      vertex 21.862357392907143 18.07431524246931 2.6
    endloop
  endfacet
  facet normal -0.9807852789136889 -0.1950903295045591 0
    outer loop
      vertex 21.862357392907143 18.07431524246931 2.6
      vertex 21.862357392907143 18.07431524246931 14
      vertex 21.75007363408804 18.63880379498005 2.6
    endloop
  endfacet
  facet normal -0.9469301317164274 -0.3214394587593589 0
    outer loop
      vertex 21.75007363408804 18.63880379498005 2.6
      vertex 21.75007363408804 18.63880379498005 14
      vertex 21.565069943666458 19.183807104825974 2.6
    endloop
  endfacet
  facet normal -0.751839813240027 -0.6593458085308508 0
    outer loop
      vertex 20.990754693746567 20.17855028808117 2.6
      vertex 20.990754693746567 20.17855028808117 14
      vertex 20.61126983910799 20.61126983910799 2.6
    endloop
  endfacet
  facet normal -0.8314696091775019 -0.5555702376965599 0
    outer loop
      vertex 20.990754693746567 20.17855028808117 2.6
      vertex 21.310511775314808 19.700000002980232 2.6
      vertex 21.310511775314808 19.700000002980232 14
    endloop
  endfacet
  facet normal -0.8968727403768488 -0.44228869256281184 0
    outer loop
      vertex 21.565069943666458 19.183807104825974 2.6
      vertex 21.565069943666458 19.183807104825974 14
      vertex 21.310511775314808 19.700000002980232 2.6
    endloop
  endfacet
  facet normal -1 0 0
    outer loop
      vertex 21.899999998509884 -17.5 14
      vertex 21.899999998509884 17.5 14
      vertex 21.899999998509884 17.5 2.6
    endloop
  endfacet
  facet normal -0.0654031220742139 -0.9978589237076277 0
    outer loop
      vertex 17.5 21.899999998509884 2.6
      vertex 18.07431524246931 21.862357392907143 14
      vertex 17.5 21.899999998509884 14
    endloop
  endfacet
  facet normal -0.1950903295045591 -0.9807852789136889 0
    outer loop
      vertex 18.07431524246931 21.862357392907143 2.6
      vertex 18.63880379498005 21.75007363408804 14
      vertex 18.07431524246931 21.862357392907143 14
    endloop
  endfacet
  facet normal -0.3214394587593589 -0.9469301317164274 0
    outer loop
      vertex 18.63880379498005 21.75007363408804 2.6
      vertex 19.183807104825974 21.565069943666458 14
      vertex 18.63880379498005 21.75007363408804 14
    endloop
  endfacet
  facet normal -0.44228869256281184 -0.8968727403768488 0
    outer loop
      vertex 19.183807104825974 21.565069943666458 2.6
      vertex 19.700000002980232 21.310511775314808 14
      vertex 19.183807104825974 21.565069943666458 14
    endloop
  endfacet
  facet normal -0.5555702376965599 -0.8314696091775019 0
    outer loop
      vertex 19.700000002980232 21.310511775314808 2.6
      vertex 20.17855028808117 20.990754693746567 14
      vertex 19.700000002980232 21.310511775314808 14
    endloop
  endfacet
  facet normal -0.6593458085308508 -0.751839813240027 0
    outer loop
      vertex 20.17855028808117 20.990754693746567 2.6
      vertex 20.61126983910799 20.61126983910799 14
      vertex 20.17855028808117 20.990754693746567 14
    endloop
  endfacet
  facet normal -0.9978589237076277 -0.0654031220742139 0
    outer loop
      vertex 21.862357392907143 18.07431524246931 2.6
      vertex 21.899999998509884 17.5 14
      vertex 21.862357392907143 18.07431524246931 14
    endloop
  endfacet
  facet normal -0.9469301317164274 -0.3214394587593589 0
    outer loop
      vertex 21.565069943666458 19.183807104825974 2.6
      vertex 21.75007363408804 18.63880379498005 14
      vertex 21.565069943666458 19.183807104825974 14
    endloop
  endfacet
  facet normal -0.9807852789136889 -0.1950903295045591 0
    outer loop
      vertex 21.75007363408804 18.63880379498005 2.6
      vertex 21.862357392907143 18.07431524246931 14
      vertex 21.75007363408804 18.63880379498005 14
    endloop
  endfacet
  facet normal -0.751839813240027 -0.6593458085308508 0
    outer loop
      vertex 20.61126983910799 20.61126983910799 2.6
      vertex 20.990754693746567 20.17855028808117 14
      vertex 20.61126983910799 20.61126983910799 14
    endloop
  endfacet
  facet normal -0.8314696091775019 -0.5555702376965599 0
    outer loop
      vertex 20.990754693746567 20.17855028808117 2.6
      vertex 21.310511775314808 19.700000002980232 14
      vertex 20.990754693746567 20.17855028808117 14
    endloop
  endfacet
  facet normal -0.8968727403768488 -0.44228869256281184 0
    outer loop
      vertex 21.310511775314808 19.700000002980232 2.6
      vertex 21.565069943666458 19.183807104825974 14
      vertex 21.310511775314808 19.700000002980232 14
    endloop
  endfacet
  facet normal 0.8314696107167417 0.5555702353929249 0
    outer loop
      vertex -15.161954179406166 -13.066668428480625 1
      vertex -14.653249733150005 -13.82799842953682 0
      vertex -15.161954179406166 -13.066668428480625 0
    endloop
  endfacet
  facet normal 0.8314696107167417 0.5555702353929249 0
    outer loop
      vertex -15.161954179406166 -13.066668428480625 1
      vertex -14.653249733150005 -13.82799842953682 1
      vertex -14.653249733150005 -13.82799842953682 0
    endloop
  endfacet
  facet normal 0.8968727412631791 0.4422886907655121 0
    outer loop
      vertex -15.574781462550163 -12.231858670711517 1
      vertex -15.16980256140232 -13.053074643015862 0
      vertex -15.574781462550163 -12.231858670711517 0
    endloop
  endfacet
  facet normal 0.9238796437031791 0.38268316392400487 0
    outer loop
      vertex -15.580788344144821 -12.217356763780117 1
      vertex -15.574781462550163 -12.231858670711517 0
      vertex -15.580788344144821 -12.217356763780117 0
    endloop
  endfacet
  facet normal 0.8660252300257718 0.5000003009587185 0
    outer loop
      vertex -15.16980256140232 -13.053074643015862 1
      vertex -15.161954179406166 -13.066668428480625 0
      vertex -15.16980256140232 -13.053074643015862 0
    endloop
  endfacet
  facet normal 0.9238796437031791 0.38268316392400487 0
    outer loop
      vertex -15.580788344144821 -12.217356763780117 1
      vertex -15.574781462550163 -12.231858670711517 1
      vertex -15.574781462550163 -12.231858670711517 0
    endloop
  endfacet
  facet normal 0.9469301303169256 0.32143946288215797 0
    outer loop
      vertex -15.580788344144821 -12.217356763780117 1
      vertex -15.580788344144821 -12.217356763780117 0
      vertex -15.875112399458885 -11.350306048989296 1
    endloop
  endfacet
  facet normal 0.8660252300257718 0.5000003009587185 0
    outer loop
      vertex -15.161954179406166 -13.066668428480625 1
      vertex -15.161954179406166 -13.066668428480625 0
      vertex -15.16980256140232 -13.053074643015862 1
    endloop
  endfacet
  facet normal 0.8968727412631791 0.4422886907655121 0
    outer loop
      vertex -15.16980256140232 -13.053074643015862 1
      vertex -15.16980256140232 -13.053074643015862 0
      vertex -15.574781462550163 -12.231858670711517 1
    endloop
  endfacet
  facet normal 0.6593458179165815 0.7518398050089622 0
    outer loop
      vertex -14.028868965804577 -14.539968244731426 1
      vertex -13.340451501309872 -15.143694162368774 0
      vertex -14.028868965804577 -14.539968244731426 0
    endloop
  endfacet
  facet normal 0.6087611373564442 0.7933535640838127 0
    outer loop
      vertex -13.340451501309872 -15.143694162368774 1
      vertex -13.32799842953682 -15.153249733150005 0
      vertex -13.340451501309872 -15.143694162368774 0
    endloop
  endfacet
  facet normal 0.6087611373564442 0.7933535640838127 0
    outer loop
      vertex -13.32799842953682 -15.153249733150005 1
      vertex -13.32799842953682 -15.153249733150005 0
      vertex -13.340451501309872 -15.143694162368774 1
    endloop
  endfacet
  facet normal 0.6593458179165815 0.7518398050089622 0
    outer loop
      vertex -13.340451501309872 -15.143694162368774 1
      vertex -13.340451501309872 -15.143694162368774 0
      vertex -14.028868965804577 -14.539968244731426 1
    endloop
  endfacet
  facet normal 0.5000003009587185 0.8660252300257718 0
    outer loop
      vertex -12.566668428480625 -15.661954179406166 1
      vertex -12.553074643015862 -15.66980256140232 0
      vertex -12.566668428480625 -15.661954179406166 0
    endloop
  endfacet
  facet normal 0.5555702353929249 0.8314696107167417 0
    outer loop
      vertex -13.32799842953682 -15.153249733150005 1
      vertex -12.566668428480625 -15.661954179406166 0
      vertex -13.32799842953682 -15.153249733150005 0
    endloop
  endfacet
  facet normal 0.4422886907655121 0.8968727412631791 0
    outer loop
      vertex -12.553074643015862 -15.66980256140232 1
      vertex -11.731858670711517 -16.074781462550163 0
      vertex -12.553074643015862 -15.66980256140232 0
    endloop
  endfacet
  facet normal 0.5555702353929249 0.8314696107167417 0
    outer loop
      vertex -13.32799842953682 -15.153249733150005 1
      vertex -12.566668428480625 -15.661954179406166 1
      vertex -12.566668428480625 -15.661954179406166 0
    endloop
  endfacet
  facet normal 0.5000003009587185 0.8660252300257718 0
    outer loop
      vertex -12.566668428480625 -15.661954179406166 1
      vertex -12.553074643015862 -15.66980256140232 1
      vertex -12.553074643015862 -15.66980256140232 0
    endloop
  endfacet
  facet normal 0.4422886907655121 0.8968727412631791 0
    outer loop
      vertex -12.553074643015862 -15.66980256140232 1
      vertex -11.731858670711517 -16.074781462550163 1
      vertex -11.731858670711517 -16.074781462550163 0
    endloop
  endfacet
  facet normal 0.7518398050089622 0.6593458179165815 0
    outer loop
      vertex -14.643694162368774 -13.840451501309872 1
      vertex -14.039968244731426 -14.528868965804577 0
      vertex -14.643694162368774 -13.840451501309872 0
    endloop
  endfacet
  facet normal 0.7071067811865475 0.7071067811865475 0
    outer loop
      vertex -14.039968244731426 -14.528868965804577 1
      vertex -14.028868965804577 -14.539968244731426 0
      vertex -14.039968244731426 -14.528868965804577 0
    endloop
  endfacet
  facet normal 0.7933535640838127 0.6087611373564442 0
    outer loop
      vertex -14.653249733150005 -13.82799842953682 1
      vertex -14.643694162368774 -13.840451501309872 0
      vertex -14.653249733150005 -13.82799842953682 0
    endloop
  endfacet
  facet normal 0.7071067811865475 0.7071067811865475 0
    outer loop
      vertex -14.039968244731426 -14.528868965804577 1
      vertex -14.028868965804577 -14.539968244731426 1
      vertex -14.028868965804577 -14.539968244731426 0
    endloop
  endfacet
  facet normal 0.7518398050089622 0.6593458179165815 0
    outer loop
      vertex -14.643694162368774 -13.840451501309872 1
      vertex -14.039968244731426 -14.528868965804577 1
      vertex -14.039968244731426 -14.528868965804577 0
    endloop
  endfacet
  facet normal 0.7933535640838127 0.6087611373564442 0
    outer loop
      vertex -14.643694162368774 -13.840451501309872 1
      vertex -14.643694162368774 -13.840451501309872 0
      vertex -14.653249733150005 -13.82799842953682 1
    endloop
  endfacet
  facet normal 0 0 -1
    outer loop
      vertex -13.32799842953682 -15.153249733150005 1
      vertex -14.039968244731426 -4.471131034195423 1
      vertex -12.566668428480625 -15.661954179406166 1
    endloop
  endfacet
  facet normal 0 0 -1
    outer loop
      vertex -12.566668428480625 -15.661954179406166 1
      vertex -14.039968244731426 -4.471131034195423 1
      vertex -12.553074643015862 -15.66980256140232 1
    endloop
  endfacet
  facet normal 0 0 -1
    outer loop
      vertex -11.731858670711517 -16.074781462550163 1
      vertex -14.039968244731426 -4.471131034195423 1
      vertex -11.717356763780117 -16.08078834414482 1
    endloop
  endfacet
  facet normal 0 0 -1
    outer loop
      vertex -12.553074643015862 -15.66980256140232 1
      vertex -14.039968244731426 -4.471131034195423 1
      vertex -11.731858670711517 -16.074781462550163 1
    endloop
  endfacet
  facet normal 0 0 -1
    outer loop
      vertex -11.717356763780117 -16.08078834414482 1
      vertex -14.039968244731426 -4.471131034195423 1
      vertex -10.850306048989296 -16.375112399458885 1
    endloop
  endfacet
  facet normal 0.9659257392903811 0.2588193697858235 0
    outer loop
      vertex -15.879175022244453 -11.335144154727459 1
      vertex -15.875112399458885 -11.350306048989296 0
      vertex -15.879175022244453 -11.335144154727459 0
    endloop
  endfacet
  facet normal 0.9469301303169256 0.32143946288215797 0
    outer loop
      vertex -15.875112399458885 -11.350306048989296 1
      vertex -15.580788344144821 -12.217356763780117 0
      vertex -15.875112399458885 -11.350306048989296 0
    endloop
  endfacet
  facet normal 0.9807852807830233 0.19509032010678037 0
    outer loop
      vertex -16.05780826508999 -10.437094189226627 1
      vertex -15.879175022244453 -11.335144154727459 0
      vertex -16.05780826508999 -10.437094189226627 0
    endloop
  endfacet
  facet normal 0.9914448822097214 0.13052603395549764 0
    outer loop
      vertex -16.059857100248337 -10.421531721949577 1
      vertex -16.05780826508999 -10.437094189226627 0
      vertex -16.059857100248337 -10.421531721949577 0
    endloop
  endfacet
  facet normal 0.9659257392903811 0.2588193697858235 0
    outer loop
      vertex -15.879175022244453 -11.335144154727459 1
      vertex -15.875112399458885 -11.350306048989296 1
      vertex -15.875112399458885 -11.350306048989296 0
    endloop
  endfacet
  facet normal 0.9807852807830233 0.19509032010678037 0
    outer loop
      vertex -15.879175022244453 -11.335144154727459 1
      vertex -15.879175022244453 -11.335144154727459 0
      vertex -16.05780826508999 -10.437094189226627 1
    endloop
  endfacet
  facet normal 0.9914448822097214 0.13052603395549764 0
    outer loop
      vertex -16.05780826508999 -10.437094189226627 1
      vertex -16.05780826508999 -10.437094189226627 0
      vertex -16.059857100248337 -10.421531721949577 1
    endloop
  endfacet
  facet normal 0.997858923185669 0.06540313003776756 0
    outer loop
      vertex -16.119743071496487 -9.507848374545574 1
      vertex -16.059857100248337 -10.421531721949577 0
      vertex -16.119743071496487 -9.507848374545574 0
    endloop
  endfacet
  facet normal 1 0 0
    outer loop
      vertex -16.119743071496487 -9.492151625454426 1
      vertex -16.119743071496487 -9.507848374545574 0
      vertex -16.119743071496487 -9.492151625454426 0
    endloop
  endfacet
  facet normal 0.997858923185669 -0.06540313003776756 0
    outer loop
      vertex -16.059857100248337 -8.578468278050423 1
      vertex -16.119743071496487 -9.492151625454426 0
      vertex -16.059857100248337 -8.578468278050423 0
    endloop
  endfacet
  facet normal 0.997858923185669 0.06540313003776756 0
    outer loop
      vertex -16.059857100248337 -10.421531721949577 1
      vertex -16.059857100248337 -10.421531721949577 0
      vertex -16.119743071496487 -9.507848374545574 1
    endloop
  endfacet
  facet normal 1 0 0
    outer loop
      vertex -16.119743071496487 -9.492151625454426 1
      vertex -16.119743071496487 -9.507848374545574 1
      vertex -16.119743071496487 -9.507848374545574 0
    endloop
  endfacet
  facet normal 0.997858923185669 -0.06540313003776756 0
    outer loop
      vertex -16.119743071496487 -9.492151625454426 1
      vertex -16.119743071496487 -9.492151625454426 0
      vertex -16.059857100248337 -8.578468278050423 1
    endloop
  endfacet
  facet normal 0 0 -1
    outer loop
      vertex -15.879175022244453 -11.335144154727459 1
      vertex -14.653249733150005 -5.1720015704631805 1
      vertex -15.875112399458885 -11.350306048989296 1
    endloop
  endfacet
  facet normal 0 0 -1
    outer loop
      vertex -16.05780826508999 -10.437094189226627 1
      vertex -16.059857100248337 -10.421531721949577 1
      vertex -15.161954179406166 -5.933331571519375 1
    endloop
  endfacet
  facet normal 0 0 -1
    outer loop
      vertex -15.879175022244453 -11.335144154727459 1
      vertex -16.05780826508999 -10.437094189226627 1
      vertex -14.653249733150005 -5.1720015704631805 1
    endloop
  endfacet
  facet normal 0 0 -1
    outer loop
      vertex -15.580788344144821 -12.217356763780117 1
      vertex -14.039968244731426 -4.471131034195423 1
      vertex -15.574781462550163 -12.231858670711517 1
    endloop
  endfacet
  facet normal 0 0 -1
    outer loop
      vertex -15.16980256140232 -13.053074643015862 1
      vertex -15.574781462550163 -12.231858670711517 1
      vertex -14.039968244731426 -4.471131034195423 1
    endloop
  endfacet
  facet normal 0 0 -1
    outer loop
      vertex -15.161954179406166 -13.066668428480625 1
      vertex -15.16980256140232 -13.053074643015862 1
      vertex -14.039968244731426 -4.471131034195423 1
    endloop
  endfacet
  facet normal 0 0 -1
    outer loop
      vertex -15.580788344144821 -12.217356763780117 1
      vertex -15.875112399458885 -11.350306048989296 1
      vertex -14.039968244731426 -4.471131034195423 1
    endloop
  endfacet
  facet normal 0.9914448822097214 -0.13052603395549764 0
    outer loop
      vertex -16.05780826508999 -8.562905810773373 1
      vertex -16.059857100248337 -8.578468278050423 0
      vertex -16.05780826508999 -8.562905810773373 0
    endloop
  endfacet
  facet normal 0.9807852807830233 -0.19509032010678037 0
    outer loop
      vertex -15.879175022244453 -7.664855845272541 1
      vertex -16.05780826508999 -8.562905810773373 0
      vertex -15.879175022244453 -7.664855845272541 0
    endloop
  endfacet
  facet normal 0.9659257392903811 -0.2588193697858235 0
    outer loop
      vertex -15.875112399458885 -7.649693951010704 1
      vertex -15.879175022244453 -7.664855845272541 0
      vertex -15.875112399458885 -7.649693951010704 0
    endloop
  endfacet
  facet normal 0.9914448822097214 -0.13052603395549764 0
    outer loop
      vertex -16.05780826508999 -8.562905810773373 1
      vertex -16.059857100248337 -8.578468278050423 1
      vertex -16.059857100248337 -8.578468278050423 0
    endloop
  endfacet
  facet normal 0.9807852807830233 -0.19509032010678037 0
    outer loop
      vertex -16.05780826508999 -8.562905810773373 1
      vertex -16.05780826508999 -8.562905810773373 0
      vertex -15.879175022244453 -7.664855845272541 1
    endloop
  endfacet
  facet normal 0.9659257392903811 -0.2588193697858235 0
    outer loop
      vertex -15.875112399458885 -7.649693951010704 1
      vertex -15.879175022244453 -7.664855845272541 1
      vertex -15.879175022244453 -7.664855845272541 0
    endloop
  endfacet
  facet normal 0.9469301303169256 -0.32143946288215797 0
    outer loop
      vertex -15.875112399458885 -7.649693951010704 1
      vertex -15.875112399458885 -7.649693951010704 0
      vertex -15.580788344144821 -6.782643236219883 1
    endloop
  endfacet
  facet normal 0.9469301303169256 -0.32143946288215797 0
    outer loop
      vertex -15.580788344144821 -6.782643236219883 1
      vertex -15.875112399458885 -7.649693951010704 0
      vertex -15.580788344144821 -6.782643236219883 0
    endloop
  endfacet
  facet normal 0.9238796437031791 -0.38268316392400487 0
    outer loop
      vertex -15.574781462550163 -6.768141329288483 1
      vertex -15.580788344144821 -6.782643236219883 0
      vertex -15.574781462550163 -6.768141329288483 0
    endloop
  endfacet
  facet normal 0.8968727412631791 -0.4422886907655121 0
    outer loop
      vertex -15.16980256140232 -5.9469253569841385 1
      vertex -15.574781462550163 -6.768141329288483 0
      vertex -15.16980256140232 -5.9469253569841385 0
    endloop
  endfacet
  facet normal 0.8660252300257718 -0.5000003009587185 0
    outer loop
      vertex -15.161954179406166 -5.933331571519375 1
      vertex -15.16980256140232 -5.9469253569841385 0
      vertex -15.161954179406166 -5.933331571519375 0
    endloop
  endfacet
  facet normal 0.9238796437031791 -0.38268316392400487 0
    outer loop
      vertex -15.574781462550163 -6.768141329288483 1
      vertex -15.580788344144821 -6.782643236219883 1
      vertex -15.580788344144821 -6.782643236219883 0
    endloop
  endfacet
  facet normal 0.8968727412631791 -0.4422886907655121 0
    outer loop
      vertex -15.574781462550163 -6.768141329288483 1
      vertex -15.574781462550163 -6.768141329288483 0
      vertex -15.16980256140232 -5.9469253569841385 1
    endloop
  endfacet
  facet normal 0.8660252300257718 -0.5000003009587185 0
    outer loop
      vertex -15.161954179406166 -5.933331571519375 1
      vertex -15.16980256140232 -5.9469253569841385 1
      vertex -15.16980256140232 -5.9469253569841385 0
    endloop
  endfacet
  facet normal 0 0 -1
    outer loop
      vertex -16.119743071496487 -9.492151625454426 1
      vertex -15.574781462550163 -6.768141329288483 1
      vertex -16.119743071496487 -9.507848374545574 1
    endloop
  endfacet
  facet normal 0 0 -1
    outer loop
      vertex -16.05780826508999 -8.562905810773373 1
      vertex -15.875112399458885 -7.649693951010704 1
      vertex -16.059857100248337 -8.578468278050423 1
    endloop
  endfacet
  facet normal 0 0 -1
    outer loop
      vertex -16.119743071496487 -9.492151625454426 1
      vertex -16.059857100248337 -8.578468278050423 1
      vertex -15.580788344144821 -6.782643236219883 1
    endloop
  endfacet
  facet normal 0 0 -1
    outer loop
      vertex -16.059857100248337 -10.421531721949577 1
      vertex -16.119743071496487 -9.507848374545574 1
      vertex -15.16980256140232 -5.9469253569841385 1
    endloop
  endfacet
  facet normal 0 0 -1
    outer loop
      vertex -16.05780826508999 -8.562905810773373 1
      vertex -15.879175022244453 -7.664855845272541 1
      vertex -15.875112399458885 -7.649693951010704 1
    endloop
  endfacet
  facet normal 0 0 -1
    outer loop
      vertex -16.059857100248337 -8.578468278050423 1
      vertex -15.875112399458885 -7.649693951010704 1
      vertex -15.580788344144821 -6.782643236219883 1
    endloop
  endfacet
  facet normal 0 0 -1
    outer loop
      vertex -16.119743071496487 -9.492151625454426 1
      vertex -15.580788344144821 -6.782643236219883 1
      vertex -15.574781462550163 -6.768141329288483 1
    endloop
  endfacet
  facet normal 0 0 -1
    outer loop
      vertex -16.119743071496487 -9.507848374545574 1
      vertex -15.574781462550163 -6.768141329288483 1
      vertex -15.16980256140232 -5.9469253569841385 1
    endloop
  endfacet
  facet normal 0 0 -1
    outer loop
      vertex -16.059857100248337 -10.421531721949577 1
      vertex -15.16980256140232 -5.9469253569841385 1
      vertex -15.161954179406166 -5.933331571519375 1
    endloop
  endfacet
  facet normal 0 0 -1
    outer loop
      vertex -16.05780826508999 -10.437094189226627 1
      vertex -15.161954179406166 -5.933331571519375 1
      vertex -14.653249733150005 -5.1720015704631805 1
    endloop
  endfacet
  facet normal 0 0 -1
    outer loop
      vertex -15.875112399458885 -11.350306048989296 1
      vertex -14.653249733150005 -5.1720015704631805 1
      vertex -14.643694162368774 -5.159548498690128 1
    endloop
  endfacet
  facet normal 0 0 -1
    outer loop
      vertex -15.875112399458885 -11.350306048989296 1
      vertex -14.643694162368774 -5.159548498690128 1
      vertex -14.039968244731426 -4.471131034195423 1
    endloop
  endfacet
  facet normal 0 0 -1
    outer loop
      vertex -14.039968244731426 -14.528868965804577 1
      vertex -14.039968244731426 -4.471131034195423 1
      vertex -14.028868965804577 -14.539968244731426 1
    endloop
  endfacet
  facet normal 0 0 -1
    outer loop
      vertex -14.643694162368774 -13.840451501309872 1
      vertex -14.653249733150005 -13.82799842953682 1
      vertex -14.039968244731426 -4.471131034195423 1
    endloop
  endfacet
  facet normal 0 0 -1
    outer loop
      vertex -15.161954179406166 -13.066668428480625 1
      vertex -14.039968244731426 -4.471131034195423 1
      vertex -14.653249733150005 -13.82799842953682 1
    endloop
  endfacet
  facet normal 0 0 -1
    outer loop
      vertex -14.643694162368774 -13.840451501309872 1
      vertex -14.039968244731426 -4.471131034195423 1
      vertex -14.039968244731426 -14.528868965804577 1
    endloop
  endfacet
  facet normal 0 0 -1
    outer loop
      vertex -13.340451501309872 -15.143694162368774 1
      vertex -14.028868965804577 -14.539968244731426 1
      vertex -14.039968244731426 -4.471131034195423 1
    endloop
  endfacet
  facet normal 0 0 -1
    outer loop
      vertex -13.32799842953682 -15.153249733150005 1
      vertex -13.340451501309872 -15.143694162368774 1
      vertex -14.039968244731426 -4.471131034195423 1
    endloop
  endfacet
  facet normal 0 0 -1
    outer loop
      vertex -10.850306048989296 -16.375112399458885 1
      vertex -14.039968244731426 -4.471131034195423 1
      vertex -14.028868965804577 -4.460031755268574 1
    endloop
  endfacet
  facet normal 0 0 -1
    outer loop
      vertex -10.850306048989296 -16.375112399458885 1
      vertex -14.028868965804577 -4.460031755268574 1
      vertex -13.340451501309872 -3.8563058376312256 1
    endloop
  endfacet
  facet normal 0 0 -1
    outer loop
      vertex -9.937094189226627 -16.55780826508999 1
      vertex -13.340451501309872 -3.8563058376312256 1
      vertex -13.32799842953682 -3.8467502668499947 1
    endloop
  endfacet
  facet normal 0 0 -1
    outer loop
      vertex -9.937094189226627 -16.55780826508999 1
      vertex -13.32799842953682 -3.8467502668499947 1
      vertex -12.566668428480625 -3.338045820593834 1
    endloop
  endfacet
  facet normal 0.8314696107167417 -0.5555702353929249 0
    outer loop
      vertex -14.653249733150005 -5.1720015704631805 1
      vertex -15.161954179406166 -5.933331571519375 0
      vertex -14.653249733150005 -5.1720015704631805 0
    endloop
  endfacet
  facet normal 0.8314696107167417 -0.5555702353929249 0
    outer loop
      vertex -15.161954179406166 -5.933331571519375 1
      vertex -15.161954179406166 -5.933331571519375 0
      vertex -14.653249733150005 -5.1720015704631805 1
    endloop
  endfacet
  facet normal 0.7933535640838127 -0.6087611373564442 0
    outer loop
      vertex -14.643694162368774 -5.159548498690128 1
      vertex -14.653249733150005 -5.1720015704631805 0
      vertex -14.643694162368774 -5.159548498690128 0
    endloop
  endfacet
  facet normal 0.7518398050089622 -0.6593458179165815 0
    outer loop
      vertex -14.039968244731426 -4.471131034195423 1
      vertex -14.643694162368774 -5.159548498690128 0
      vertex -14.039968244731426 -4.471131034195423 0
    endloop
  endfacet
  facet normal 0.7071067811865475 -0.7071067811865475 0
    outer loop
      vertex -14.028868965804577 -4.460031755268574 1
      vertex -14.039968244731426 -4.471131034195423 0
      vertex -14.028868965804577 -4.460031755268574 0
    endloop
  endfacet
  facet normal 0.7933535640838127 -0.6087611373564442 0
    outer loop
      vertex -14.653249733150005 -5.1720015704631805 1
      vertex -14.653249733150005 -5.1720015704631805 0
      vertex -14.643694162368774 -5.159548498690128 1
    endloop
  endfacet
  facet normal 0.7518398050089622 -0.6593458179165815 0
    outer loop
      vertex -14.643694162368774 -5.159548498690128 1
      vertex -14.643694162368774 -5.159548498690128 0
      vertex -14.039968244731426 -4.471131034195423 1
    endloop
  endfacet
  facet normal 0.7071067811865475 -0.7071067811865475 0
    outer loop
      vertex -14.028868965804577 -4.460031755268574 1
      vertex -14.039968244731426 -4.471131034195423 1
      vertex -14.039968244731426 -4.471131034195423 0
    endloop
  endfacet
  facet normal 0.6593458179165815 -0.7518398050089622 0
    outer loop
      vertex -13.340451501309872 -3.8563058376312256 1
      vertex -14.028868965804577 -4.460031755268574 0
      vertex -13.340451501309872 -3.8563058376312256 0
    endloop
  endfacet
  facet normal 0.6087611373564442 -0.7933535640838127 0
    outer loop
      vertex -13.32799842953682 -3.8467502668499947 1
      vertex -13.340451501309872 -3.8563058376312256 0
      vertex -13.32799842953682 -3.8467502668499947 0
    endloop
  endfacet
  facet normal 0.6593458179165815 -0.7518398050089622 0
    outer loop
      vertex -14.028868965804577 -4.460031755268574 1
      vertex -14.028868965804577 -4.460031755268574 0
      vertex -13.340451501309872 -3.8563058376312256 1
    endloop
  endfacet
  facet normal 0.6087611373564442 -0.7933535640838127 0
    outer loop
      vertex -13.340451501309872 -3.8563058376312256 1
      vertex -13.340451501309872 -3.8563058376312256 0
      vertex -13.32799842953682 -3.8467502668499947 1
    endloop
  endfacet
  facet normal 0.5555702353929249 -0.8314696107167417 0
    outer loop
      vertex -12.566668428480625 -3.338045820593834 1
      vertex -13.32799842953682 -3.8467502668499947 0
      vertex -12.566668428480625 -3.338045820593834 0
    endloop
  endfacet
  facet normal 0.5000003009587185 -0.8660252300257718 0
    outer loop
      vertex -12.553074643015862 -3.330197438597679 1
      vertex -12.566668428480625 -3.338045820593834 0
      vertex -12.553074643015862 -3.330197438597679 0
    endloop
  endfacet
  facet normal 0.4422886907655121 -0.8968727412631791 0
    outer loop
      vertex -11.731858670711517 -2.9252185374498367 1
      vertex -12.553074643015862 -3.330197438597679 0
      vertex -11.731858670711517 -2.9252185374498367 0
    endloop
  endfacet
  facet normal 0.5555702353929249 -0.8314696107167417 0
    outer loop
      vertex -13.32799842953682 -3.8467502668499947 1
      vertex -13.32799842953682 -3.8467502668499947 0
      vertex -12.566668428480625 -3.338045820593834 1
    endloop
  endfacet
  facet normal 0.5000003009587185 -0.8660252300257718 0
    outer loop
      vertex -12.566668428480625 -3.338045820593834 1
      vertex -12.566668428480625 -3.338045820593834 0
      vertex -12.553074643015862 -3.330197438597679 1
    endloop
  endfacet
  facet normal 0.4422886907655121 -0.8968727412631791 0
    outer loop
      vertex -12.553074643015862 -3.330197438597679 1
      vertex -12.553074643015862 -3.330197438597679 0
      vertex -11.731858670711517 -2.9252185374498367 1
    endloop
  endfacet
  facet normal 0.32143946288215797 0.9469301303169256 0
    outer loop
      vertex -11.717356763780117 -16.08078834414482 1
      vertex -10.850306048989296 -16.375112399458885 0
      vertex -11.717356763780117 -16.08078834414482 0
    endloop
  endfacet
  facet normal 0.2588193697858235 0.9659257392903811 0
    outer loop
      vertex -10.850306048989296 -16.375112399458885 1
      vertex -10.835144154727459 -16.379175022244453 0
      vertex -10.850306048989296 -16.375112399458885 0
    endloop
  endfacet
  facet normal 0.19509032010678037 0.9807852807830233 0
    outer loop
      vertex -10.835144154727459 -16.379175022244453 1
      vertex -9.937094189226627 -16.55780826508999 0
      vertex -10.835144154727459 -16.379175022244453 0
    endloop
  endfacet
  facet normal 0.32143946288215797 0.9469301303169256 0
    outer loop
      vertex -11.717356763780117 -16.08078834414482 1
      vertex -10.850306048989296 -16.375112399458885 1
      vertex -10.850306048989296 -16.375112399458885 0
    endloop
  endfacet
  facet normal 0.2588193697858235 0.9659257392903811 0
    outer loop
      vertex -10.850306048989296 -16.375112399458885 1
      vertex -10.835144154727459 -16.379175022244453 1
      vertex -10.835144154727459 -16.379175022244453 0
    endloop
  endfacet
  facet normal 0.38268316392400487 0.9238796437031791 0
    outer loop
      vertex -11.731858670711517 -16.074781462550163 1
      vertex -11.717356763780117 -16.08078834414482 0
      vertex -11.731858670711517 -16.074781462550163 0
    endloop
  endfacet
  facet normal 0.38268316392400487 0.9238796437031791 0
    outer loop
      vertex -11.731858670711517 -16.074781462550163 1
      vertex -11.717356763780117 -16.08078834414482 1
      vertex -11.717356763780117 -16.08078834414482 0
    endloop
  endfacet
  facet normal 0.13052603395549764 0.9914448822097214 0
    outer loop
      vertex -9.937094189226627 -16.55780826508999 1
      vertex -9.921531721949577 -16.559857100248337 0
      vertex -9.937094189226627 -16.55780826508999 0
    endloop
  endfacet
  facet normal 0.06540313003776756 0.997858923185669 0
    outer loop
      vertex -9.921531721949577 -16.559857100248337 1
      vertex -9.007848374545574 -16.619743071496487 0
      vertex -9.921531721949577 -16.559857100248337 0
    endloop
  endfacet
  facet normal 0.03271865557693578 0.9994646014628221 0
    outer loop
      vertex -9.007848374545574 -16.619743071496487 1
      vertex -9 -16.61999999731779 0
      vertex -9.007848374545574 -16.619743071496487 0
    endloop
  endfacet
  facet normal 0.13052603395549764 0.9914448822097214 0
    outer loop
      vertex -9.937094189226627 -16.55780826508999 1
      vertex -9.921531721949577 -16.559857100248337 1
      vertex -9.921531721949577 -16.559857100248337 0
    endloop
  endfacet
  facet normal 0.19509032010678037 0.9807852807830233 0
    outer loop
      vertex -10.835144154727459 -16.379175022244453 1
      vertex -9.937094189226627 -16.55780826508999 1
      vertex -9.937094189226627 -16.55780826508999 0
    endloop
  endfacet
  facet normal 0.06540313003776756 0.997858923185669 0
    outer loop
      vertex -9.921531721949577 -16.559857100248337 1
      vertex -9.007848374545574 -16.619743071496487 1
      vertex -9.007848374545574 -16.619743071496487 0
    endloop
  endfacet
  facet normal 0.03271865557693578 0.9994646014628221 0
    outer loop
      vertex -9.007848374545574 -16.619743071496487 1
      vertex -9 -16.61999999731779 1
      vertex -9 -16.61999999731779 0
    endloop
  endfacet
  facet normal 0 0 -1
    outer loop
      vertex -10.850306048989296 -16.375112399458885 1
      vertex -13.340451501309872 -3.8563058376312256 1
      vertex -10.835144154727459 -16.379175022244453 1
    endloop
  endfacet
  facet normal 0 0 -1
    outer loop
      vertex -10.835144154727459 -16.379175022244453 1
      vertex -13.340451501309872 -3.8563058376312256 1
      vertex -9.937094189226627 -16.55780826508999 1
    endloop
  endfacet
  facet normal 0 0 -1
    outer loop
      vertex -9.937094189226627 -16.55780826508999 1
      vertex -12.566668428480625 -3.338045820593834 1
      vertex -9.921531721949577 -16.559857100248337 1
    endloop
  endfacet
  facet normal 0 0 -1
    outer loop
      vertex -9.921531721949577 -16.559857100248337 1
      vertex -12.566668428480625 -3.338045820593834 1
      vertex -9.007848374545574 -16.619743071496487 1
    endloop
  endfacet
  facet normal 0 0 -1
    outer loop
      vertex -9.007848374545574 -16.619743071496487 1
      vertex -10.687672011554241 -2.591490939259529 1
      vertex -9 -16.61999999731779 1
    endloop
  endfacet
  facet normal 0 1 0
    outer loop
      vertex -9 -16.61999999731779 1
      vertex 9 -16.61999999731779 0
      vertex -9 -16.61999999731779 0
    endloop
  endfacet
  facet normal 0 0 -1
    outer loop
      vertex -9 -16.61999999731779 1
      vertex -10.687672011554241 -2.591490939259529 1
      vertex 9 -16.61999999731779 1
    endloop
  endfacet
  facet normal 0 0 -1
    outer loop
      vertex -9.007848374545574 -16.619743071496487 1
      vertex -12.566668428480625 -3.338045820593834 1
      vertex -12.553074643015862 -3.330197438597679 1
    endloop
  endfacet
  facet normal 0 0 -1
    outer loop
      vertex -9.007848374545574 -16.619743071496487 1
      vertex -12.553074643015862 -3.330197438597679 1
      vertex -11.731858670711517 -2.9252185374498367 1
    endloop
  endfacet
  facet normal 0 0 -1
    outer loop
      vertex -9.007848374545574 -16.619743071496487 1
      vertex -11.731858670711517 -2.9252185374498367 1
      vertex -11.717356763780117 -2.919211655855179 1
    endloop
  endfacet
  facet normal 0 0 -1
    outer loop
      vertex -9.007848374545574 -16.619743071496487 1
      vertex -11.717356763780117 -2.919211655855179 1
      vertex -10.850306048989296 -2.624887600541115 1
    endloop
  endfacet
  facet normal 0 0 -1
    outer loop
      vertex -9.007848374545574 -16.619743071496487 1
      vertex -10.850306048989296 -2.624887600541115 1
      vertex -10.835144154727459 -2.6208249777555466 1
    endloop
  endfacet
  facet normal 0 0 -1
    outer loop
      vertex -9.007848374545574 -16.619743071496487 1
      vertex -10.835144154727459 -2.6208249777555466 1
      vertex -10.687672011554241 -2.591490939259529 1
    endloop
  endfacet
  facet normal 0.38268316392400487 -0.9238796437031791 0
    outer loop
      vertex -11.717356763780117 -2.919211655855179 1
      vertex -11.731858670711517 -2.9252185374498367 0
      vertex -11.717356763780117 -2.919211655855179 0
    endloop
  endfacet
  facet normal 0.32143946288215797 -0.9469301303169256 0
    outer loop
      vertex -10.850306048989296 -2.624887600541115 1
      vertex -11.717356763780117 -2.919211655855179 0
      vertex -10.850306048989296 -2.624887600541115 0
    endloop
  endfacet
  facet normal 0.2588193697858235 -0.9659257392903811 0
    outer loop
      vertex -10.835144154727459 -2.6208249777555466 1
      vertex -10.850306048989296 -2.624887600541115 0
      vertex -10.835144154727459 -2.6208249777555466 0
    endloop
  endfacet
  facet normal 0.19509035640204936 -0.9807852735634449 0
    outer loop
      vertex -10.687672011554241 -2.591490939259529 1
      vertex -10.835144154727459 -2.6208249777555466 0
      vertex -10.687672011554241 -2.591490939259529 0
    endloop
  endfacet
  facet normal 0.9469301080733321 0.3214395284096647 0
    outer loop
      vertex -10.722816243767738 -2.4879593923687935 1
      vertex -10.687672011554241 -2.591490939259529 0
      vertex -10.722816243767738 -2.4879593923687935 0
    endloop
  endfacet
  facet normal 0.9659257710864656 0.2588192511213504 0
    outer loop
      vertex -10.726878866553307 -2.472797490656376 1
      vertex -10.722816243767738 -2.4879593923687935 0
      vertex -10.726878866553307 -2.472797490656376 0
    endloop
  endfacet
  facet normal 0.9807852820260391 0.19509031385771816 0
    outer loop
      vertex -10.869785457849503 -1.7543575093150139 1
      vertex -10.726878866553307 -2.472797490656376 0
      vertex -10.869785457849503 -1.7543575093150139 0
    endloop
  endfacet
  facet normal 0.9914448741229561 0.1305260953806385 0
    outer loop
      vertex -10.87183429300785 -1.7387950494885445 1
      vertex -10.869785457849503 -1.7543575093150139 0
      vertex -10.87183429300785 -1.7387950494885445 0
    endloop
  endfacet
  facet normal 0.38268316392400487 -0.9238796437031791 0
    outer loop
      vertex -11.717356763780117 -2.919211655855179 1
      vertex -11.731858670711517 -2.9252185374498367 1
      vertex -11.731858670711517 -2.9252185374498367 0
    endloop
  endfacet
  facet normal 0.32143946288215797 -0.9469301303169256 0
    outer loop
      vertex -11.717356763780117 -2.919211655855179 1
      vertex -11.717356763780117 -2.919211655855179 0
      vertex -10.850306048989296 -2.624887600541115 1
    endloop
  endfacet
  facet normal 0.2588193697858235 -0.9659257392903811 0
    outer loop
      vertex -10.835144154727459 -2.6208249777555466 1
      vertex -10.850306048989296 -2.624887600541115 1
      vertex -10.850306048989296 -2.624887600541115 0
    endloop
  endfacet
  facet normal 0.19509035640204936 -0.9807852735634449 0
    outer loop
      vertex -10.835144154727459 -2.6208249777555466 1
      vertex -10.835144154727459 -2.6208249777555466 0
      vertex -10.687672011554241 -2.591490939259529 1
    endloop
  endfacet
  facet normal 0.9469301080733321 0.3214395284096647 0
    outer loop
      vertex -10.722816243767738 -2.4879593923687935 1
      vertex -10.687672011554241 -2.591490939259529 1
      vertex -10.687672011554241 -2.591490939259529 0
    endloop
  endfacet
  facet normal 0.9659257710864656 0.2588192511213504 0
    outer loop
      vertex -10.722816243767738 -2.4879593923687935 1
      vertex -10.722816243767738 -2.4879593923687935 0
      vertex -10.726878866553307 -2.472797490656376 1
    endloop
  endfacet
  facet normal 0.9807852820260391 0.19509031385771816 0
    outer loop
      vertex -10.726878866553307 -2.472797490656376 1
      vertex -10.726878866553307 -2.472797490656376 0
      vertex -10.869785457849503 -1.7543575093150139 1
    endloop
  endfacet
  facet normal 0.9914448741229561 0.1305260953806385 0
    outer loop
      vertex -10.87183429300785 -1.7387950494885445 1
      vertex -10.869785457849503 -1.7543575093150139 1
      vertex -10.869785457849503 -1.7543575093150139 0
    endloop
  endfacet
  facet normal 0.997858923301027 0.06540312827774519 0
    outer loop
      vertex -10.87183429300785 -1.7387950494885445 1
      vertex -10.87183429300785 -1.7387950494885445 0
      vertex -10.919743068516254 -1.0078483745455742 1
    endloop
  endfacet
  facet normal 0.997858923301027 0.06540312827774519 0
    outer loop
      vertex -10.919743068516254 -1.0078483745455742 1
      vertex -10.87183429300785 -1.7387950494885445 0
      vertex -10.919743068516254 -1.0078483745455742 0
    endloop
  endfacet
  facet normal 1 0 0
    outer loop
      vertex -10.919743068516254 -0.9921516254544258 1
      vertex -10.919743068516254 -1.0078483745455742 0
      vertex -10.919743068516254 -0.9921516254544258 0
    endloop
  endfacet
  facet normal 0.997858923301027 -0.06540312827774519 0
    outer loop
      vertex -10.87183429300785 -0.26120495051145554 1
      vertex -10.919743068516254 -0.9921516254544258 0
      vertex -10.87183429300785 -0.26120495051145554 0
    endloop
  endfacet
  facet normal 0.9914448741229561 -0.1305260953806385 0
    outer loop
      vertex -10.869785457849503 -0.24564249068498611 1
      vertex -10.87183429300785 -0.26120495051145554 0
      vertex -10.869785457849503 -0.24564249068498611 0
    endloop
  endfacet
  facet normal 1 0 0
    outer loop
      vertex -10.919743068516254 -1.0078483745455742 1
      vertex -10.919743068516254 -1.0078483745455742 0
      vertex -10.919743068516254 -0.9921516254544258 1
    endloop
  endfacet
  facet normal 0.997858923301027 -0.06540312827774519 0
    outer loop
      vertex -10.919743068516254 -0.9921516254544258 1
      vertex -10.919743068516254 -0.9921516254544258 0
      vertex -10.87183429300785 -0.26120495051145554 1
    endloop
  endfacet
  facet normal 0.9914448741229561 -0.1305260953806385 0
    outer loop
      vertex -10.87183429300785 -0.26120495051145554 1
      vertex -10.87183429300785 -0.26120495051145554 0
      vertex -10.869785457849503 -0.24564249068498611 1
    endloop
  endfacet
  facet normal 0.9807852824131585 -0.19509031191153725 0
    outer loop
      vertex -10.869785457849503 -0.24564249068498611 1
      vertex -10.869785457849503 -0.24564249068498611 0
      vertex -10.726878866553307 0.4727974981069565 1
    endloop
  endfacet
  facet normal 0 0 -1
    outer loop
      vertex -10.722816243767738 -2.4879593923687935 1
      vertex 6.580639749765396 4.719999998807907 1
      vertex -10.687672011554241 -2.591490939259529 1
    endloop
  endfacet
  facet normal 0 0 -1
    outer loop
      vertex -10.722816243767738 -2.4879593923687935 1
      vertex -10.726878866553307 -2.472797490656376 1
      vertex 6.580639749765396 4.719999998807907 1
    endloop
  endfacet
  facet normal 0.9807852824131585 -0.19509031191153725 0
    outer loop
      vertex -10.726878866553307 0.4727974981069565 1
      vertex -10.869785457849503 -0.24564249068498611 0
      vertex -10.726878866553307 0.4727974981069565 0
    endloop
  endfacet
  facet normal 0.9659257392903811 -0.2588193697858235 0
    outer loop
      vertex -10.722816243767738 0.4879593923687935 1
      vertex -10.726878866553307 0.4727974981069565 0
      vertex -10.722816243767738 0.4879593923687935 0
    endloop
  endfacet
  facet normal 0.946930129067185 -0.3214394665637754 0
    outer loop
      vertex -10.487356998026371 1.181599959731102 1
      vertex -10.722816243767738 0.4879593923687935 0
      vertex -10.487356998026371 1.181599959731102 0
    endloop
  endfacet
  facet normal 0.9238796437031791 -0.38268316392400487 0
    outer loop
      vertex -10.481350116431713 1.1961018666625023 1
      vertex -10.487356998026371 1.181599959731102 0
      vertex -10.481350116431713 1.1961018666625023 0
    endloop
  endfacet
  facet normal 0.9659257392903811 -0.2588193697858235 0
    outer loop
      vertex -10.722816243767738 0.4879593923687935 1
      vertex -10.726878866553307 0.4727974981069565 1
      vertex -10.726878866553307 0.4727974981069565 0
    endloop
  endfacet
  facet normal 0.946930129067185 -0.3214394665637754 0
    outer loop
      vertex -10.722816243767738 0.4879593923687935 1
      vertex -10.722816243767738 0.4879593923687935 0
      vertex -10.487356998026371 1.181599959731102 1
    endloop
  endfacet
  facet normal 0.9238796437031791 -0.38268316392400487 0
    outer loop
      vertex -10.487356998026371 1.181599959731102 1
      vertex -10.487356998026371 1.181599959731102 0
      vertex -10.481350116431713 1.1961018666625023 1
    endloop
  endfacet
  facet normal 0.8968727376485511 -0.4422886980952521 0
    outer loop
      vertex -10.481350116431713 1.1961018666625023 1
      vertex -10.481350116431713 1.1961018666625023 0
      vertex -10.15736699104309 1.8530746400356293 1
    endloop
  endfacet
  facet normal 0.8968727376485511 -0.4422886980952521 0
    outer loop
      vertex -10.15736699104309 1.8530746400356293 1
      vertex -10.481350116431713 1.1961018666625023 0
      vertex -10.15736699104309 1.8530746400356293 0
    endloop
  endfacet
  facet normal 0.8660252300257718 -0.5000003009587185 0
    outer loop
      vertex -10.149518609046936 1.866668425500393 1
      vertex -10.15736699104309 1.8530746400356293 0
      vertex -10.149518609046936 1.866668425500393 0
    endloop
  endfacet
  facet normal 0.8314696126004029 -0.555570232573827 0
    outer loop
      vertex -9.742555052042007 2.4757324308156967 1
      vertex -10.149518609046936 1.866668425500393 0
      vertex -9.742555052042007 2.4757324308156967 0
    endloop
  endfacet
  facet normal 0.7933535640838127 -0.6087611373564442 0
    outer loop
      vertex -9.732999481260777 2.488185502588749 1
      vertex -9.742555052042007 2.4757324308156967 0
      vertex -9.732999481260777 2.488185502588749 0
    endloop
  endfacet
  facet normal 0.7518398072739245 -0.6593458153338869 0
    outer loop
      vertex -9.250018753111362 3.038919471204281 1
      vertex -9.732999481260777 2.488185502588749 0
      vertex -9.250018753111362 3.038919471204281 0
    endloop
  endfacet
  facet normal 0.8660252300257718 -0.5000003009587185 0
    outer loop
      vertex -10.149518609046936 1.866668425500393 1
      vertex -10.15736699104309 1.8530746400356293 1
      vertex -10.15736699104309 1.8530746400356293 0
    endloop
  endfacet
  facet normal 0.8314696126004029 -0.555570232573827 0
    outer loop
      vertex -10.149518609046936 1.866668425500393 1
      vertex -10.149518609046936 1.866668425500393 0
      vertex -9.742555052042007 2.4757324308156967 1
    endloop
  endfacet
  facet normal 0.7933535640838127 -0.6087611373564442 0
    outer loop
      vertex -9.732999481260777 2.488185502588749 1
      vertex -9.742555052042007 2.4757324308156967 1
      vertex -9.742555052042007 2.4757324308156967 0
    endloop
  endfacet
  facet normal 0.7518398072739245 -0.6593458153338869 0
    outer loop
      vertex -9.732999481260777 2.488185502588749 1
      vertex -9.732999481260777 2.488185502588749 0
      vertex -9.250018753111362 3.038919471204281 1
    endloop
  endfacet
  facet normal 0.7071067811865475 -0.7071067811865475 0
    outer loop
      vertex -9.238919474184513 3.05001875013113 1
      vertex -9.250018753111362 3.038919471204281 0
      vertex -9.238919474184513 3.05001875013113 0
    endloop
  endfacet
  facet normal 0.6593458210833091 -0.7518398022318166 0
    outer loop
      vertex -8.688185505568981 3.532999485731125 1
      vertex -9.238919474184513 3.05001875013113 0
      vertex -8.688185505568981 3.532999485731125 0
    endloop
  endfacet
  facet normal 0.7071067811865475 -0.7071067811865475 0
    outer loop
      vertex -9.238919474184513 3.05001875013113 1
      vertex -9.250018753111362 3.038919471204281 1
      vertex -9.250018753111362 3.038919471204281 0
    endloop
  endfacet
  facet normal 0.6593458210833091 -0.7518398022318166 0
    outer loop
      vertex -9.238919474184513 3.05001875013113 1
      vertex -9.238919474184513 3.05001875013113 0
      vertex -8.688185505568981 3.532999485731125 1
    endloop
  endfacet
  facet normal 0.6087611373564442 -0.7933535640838127 0
    outer loop
      vertex -8.675732433795929 3.542555056512356 1
      vertex -8.688185505568981 3.532999485731125 0
      vertex -8.675732433795929 3.542555056512356 0
    endloop
  endfacet
  facet normal 0.5555702396056239 -0.8314696079019062 0
    outer loop
      vertex -8.066668428480625 3.949518620967865 1
      vertex -8.675732433795929 3.542555056512356 0
      vertex -8.066668428480625 3.949518620967865 0
    endloop
  endfacet
  facet normal 0.4999999449656896 -0.8660254355585103 0
    outer loop
      vertex -8.053074643015862 3.957366995513439 1
      vertex -8.066668428480625 3.949518620967865 0
      vertex -8.053074643015862 3.957366995513439 0
    endloop
  endfacet
  facet normal 0.4422886520312748 -0.8968727603647899 0
    outer loop
      vertex -7.928355135023594 4.01887184381485 1
      vertex -8.053074643015862 3.957366995513439 0
      vertex -7.928355135023594 4.01887184381485 0
    endloop
  endfacet
  facet normal 0.9238796437031791 0.38268316392400487 0
    outer loop
      vertex -7.993925653398037 4.154156848788261 1
      vertex -7.987918771803379 4.139654941856861 0
      vertex -7.993925653398037 4.154156848788261 0
    endloop
  endfacet
  facet normal 0.8968727284590858 0.4422887167296434 0
    outer loop
      vertex -7.987918771803379 4.139654941856861 1
      vertex -7.928355135023594 4.01887184381485 0
      vertex -7.987918771803379 4.139654941856861 0
    endloop
  endfacet
  facet normal 0.6087611373564442 -0.7933535640838127 0
    outer loop
      vertex -8.675732433795929 3.542555056512356 1
      vertex -8.688185505568981 3.532999485731125 1
      vertex -8.688185505568981 3.532999485731125 0
    endloop
  endfacet
  facet normal 0.5555702396056239 -0.8314696079019062 0
    outer loop
      vertex -8.675732433795929 3.542555056512356 1
      vertex -8.675732433795929 3.542555056512356 0
      vertex -8.066668428480625 3.949518620967865 1
    endloop
  endfacet
  facet normal 0.4999999449656896 -0.8660254355585103 0
    outer loop
      vertex -8.066668428480625 3.949518620967865 1
      vertex -8.066668428480625 3.949518620967865 0
      vertex -8.053074643015862 3.957366995513439 1
    endloop
  endfacet
  facet normal 0.4422886520312748 -0.8968727603647899 0
    outer loop
      vertex -8.053074643015862 3.957366995513439 1
      vertex -8.053074643015862 3.957366995513439 0
      vertex -7.928355135023594 4.01887184381485 1
    endloop
  endfacet
  facet normal 0.9238796437031791 0.38268316392400487 0
    outer loop
      vertex -7.993925653398037 4.154156848788261 1
      vertex -7.987918771803379 4.139654941856861 1
      vertex -7.987918771803379 4.139654941856861 0
    endloop
  endfacet
  facet normal 0.8968727284590858 0.4422887167296434 0
    outer loop
      vertex -7.987918771803379 4.139654941856861 1
      vertex -7.928355135023594 4.01887184381485 1
      vertex -7.928355135023594 4.01887184381485 0
    endloop
  endfacet
  facet normal 0.9469301325134204 0.32143945641149324 0
    outer loop
      vertex -8.170520082116127 4.674387276172638 1
      vertex -7.993925653398037 4.154156848788261 1
      vertex -7.993925653398037 4.154156848788261 0
    endloop
  endfacet
  facet normal 0.9469301325134204 0.32143945641149324 0
    outer loop
      vertex -8.170520082116127 4.674387276172638 1
      vertex -7.993925653398037 4.154156848788261 0
      vertex -8.170520082116127 4.674387276172638 0
    endloop
  endfacet
  facet normal 0.9659257392903811 0.2588193697858235 0
    outer loop
      vertex -8.174582704901695 4.689549170434475 1
      vertex -8.170520082116127 4.674387276172638 0
      vertex -8.174582704901695 4.689549170434475 0
    endloop
  endfacet
  facet normal 0.9807852804705055 0.1950903216779139 0
    outer loop
      vertex -8.281762652099133 5.228379152715206 1
      vertex -8.174582704901695 4.689549170434475 0
      vertex -8.281762652099133 5.228379152715206 0
    endloop
  endfacet
  facet normal 0.9914448822097214 0.13052603395549764 0
    outer loop
      vertex -8.28381148725748 5.243941619992256 1
      vertex -8.281762652099133 5.228379152715206 0
      vertex -8.28381148725748 5.243941619992256 0
    endloop
  endfacet
  facet normal 0.9978589226082154 0.06540313884800666 0
    outer loop
      vertex -8.319743074476719 5.792151622474194 1
      vertex -8.28381148725748 5.243941619992256 0
      vertex -8.319743074476719 5.792151622474194 0
    endloop
  endfacet
  facet normal 1 0 0
    outer loop
      vertex -8.319743074476719 5.807848371565342 1
      vertex -8.319743074476719 5.792151622474194 0
      vertex -8.319743074476719 5.807848371565342 0
    endloop
  endfacet
  facet normal 0.9659257392903811 0.2588193697858235 0
    outer loop
      vertex -8.170520082116127 4.674387276172638 1
      vertex -8.170520082116127 4.674387276172638 0
      vertex -8.174582704901695 4.689549170434475 1
    endloop
  endfacet
  facet normal 0.9807852804705055 0.1950903216779139 0
    outer loop
      vertex -8.174582704901695 4.689549170434475 1
      vertex -8.174582704901695 4.689549170434475 0
      vertex -8.281762652099133 5.228379152715206 1
    endloop
  endfacet
  facet normal 0.9914448822097214 0.13052603395549764 0
    outer loop
      vertex -8.28381148725748 5.243941619992256 1
      vertex -8.281762652099133 5.228379152715206 1
      vertex -8.281762652099133 5.228379152715206 0
    endloop
  endfacet
  facet normal 0.9978589226082154 0.06540313884800666 0
    outer loop
      vertex -8.28381148725748 5.243941619992256 1
      vertex -8.28381148725748 5.243941619992256 0
      vertex -8.319743074476719 5.792151622474194 1
    endloop
  endfacet
  facet normal 1 0 0
    outer loop
      vertex -8.319743074476719 5.807848371565342 1
      vertex -8.319743074476719 5.792151622474194 1
      vertex -8.319743074476719 5.792151622474194 0
    endloop
  endfacet
  facet normal 0.9978589226662262 -0.06540313796293173 0
    outer loop
      vertex -8.28381148725748 6.35605838149786 1
      vertex -8.319743074476719 5.807848371565342 0
      vertex -8.28381148725748 6.35605838149786 0
    endloop
  endfacet
  facet normal 0.9914448822097214 -0.13052603395549764 0
    outer loop
      vertex -8.281762652099133 6.37162084877491 1
      vertex -8.28381148725748 6.35605838149786 0
      vertex -8.281762652099133 6.37162084877491 0
    endloop
  endfacet
  facet normal 0.9807852804705055 -0.1950903216779139 0
    outer loop
      vertex -8.174582704901695 6.910450831055641 1
      vertex -8.281762652099133 6.37162084877491 0
      vertex -8.174582704901695 6.910450831055641 0
    endloop
  endfacet
  facet normal 0.9659257392903811 -0.2588193697858235 0
    outer loop
      vertex -8.170520082116127 6.925612725317478 1
      vertex -8.174582704901695 6.910450831055641 0
      vertex -8.170520082116127 6.925612725317478 0
    endloop
  endfacet
  facet normal 0.9469301325134204 -0.32143945641149324 0
    outer loop
      vertex -7.993925653398037 7.445843152701855 1
      vertex -8.170520082116127 6.925612725317478 0
      vertex -7.993925653398037 7.445843152701855 0
    endloop
  endfacet
  facet normal 0.9978589226662262 -0.06540313796293173 0
    outer loop
      vertex -8.319743074476719 5.807848371565342 1
      vertex -8.319743074476719 5.807848371565342 0
      vertex -8.28381148725748 6.35605838149786 1
    endloop
  endfacet
  facet normal 0.9914448822097214 -0.13052603395549764 0
    outer loop
      vertex -8.281762652099133 6.37162084877491 1
      vertex -8.28381148725748 6.35605838149786 1
      vertex -8.28381148725748 6.35605838149786 0
    endloop
  endfacet
  facet normal 0.9807852804705055 -0.1950903216779139 0
    outer loop
      vertex -8.281762652099133 6.37162084877491 1
      vertex -8.281762652099133 6.37162084877491 0
      vertex -8.174582704901695 6.910450831055641 1
    endloop
  endfacet
  facet normal 0.9659257392903811 -0.2588193697858235 0
    outer loop
      vertex -8.170520082116127 6.925612725317478 1
      vertex -8.174582704901695 6.910450831055641 1
      vertex -8.174582704901695 6.910450831055641 0
    endloop
  endfacet
  facet normal 0.9469301325134204 -0.32143945641149324 0
    outer loop
      vertex -8.170520082116127 6.925612725317478 1
      vertex -8.170520082116127 6.925612725317478 0
      vertex -7.993925653398037 7.445843152701855 1
    endloop
  endfacet
  facet normal 0.9238796437031791 -0.38268316392400487 0
    outer loop
      vertex -7.987918771803379 7.460345059633255 1
      vertex -7.993925653398037 7.445843152701855 0
      vertex -7.987918771803379 7.460345059633255 0
    endloop
  endfacet
  facet normal 0.8968727396566777 -0.4422886940231743 0
    outer loop
      vertex -7.7449314296245575 7.953074641525745 1
      vertex -7.987918771803379 7.460345059633255 0
      vertex -7.7449314296245575 7.953074641525745 0
    endloop
  endfacet
  facet normal 0.8660252300257718 -0.5000003009587185 0
    outer loop
      vertex -7.737083047628403 7.966668426990509 1
      vertex -7.7449314296245575 7.953074641525745 0
      vertex -7.737083047628403 7.966668426990509 0
    endloop
  endfacet
  facet normal 0.8314696115539245 -0.5555702341399925 0
    outer loop
      vertex -7.431860379874706 8.423466429114342 1
      vertex -7.737083047628403 7.966668426990509 0
      vertex -7.431860379874706 8.423466429114342 0
    endloop
  endfacet
  facet normal 0.7933535640838127 -0.6087611373564442 0
    outer loop
      vertex -7.422304809093475 8.435919500887394 1
      vertex -7.431860379874706 8.423466429114342 0
      vertex -7.422304809093475 8.435919500887394 0
    endloop
  endfacet
  facet normal 0.9238796437031791 -0.38268316392400487 0
    outer loop
      vertex -7.987918771803379 7.460345059633255 1
      vertex -7.993925653398037 7.445843152701855 1
      vertex -7.993925653398037 7.445843152701855 0
    endloop
  endfacet
  facet normal 0.8968727396566777 -0.4422886940231743 0
    outer loop
      vertex -7.987918771803379 7.460345059633255 1
      vertex -7.987918771803379 7.460345059633255 0
      vertex -7.7449314296245575 7.953074641525745 1
    endloop
  endfacet
  facet normal 0.8660252300257718 -0.5000003009587185 0
    outer loop
      vertex -7.737083047628403 7.966668426990509 1
      vertex -7.7449314296245575 7.953074641525745 1
      vertex -7.7449314296245575 7.953074641525745 0
    endloop
  endfacet
  facet normal 0.8314696115539245 -0.5555702341399925 0
    outer loop
      vertex -7.737083047628403 7.966668426990509 1
      vertex -7.737083047628403 7.966668426990509 0
      vertex -7.431860379874706 8.423466429114342 1
    endloop
  endfacet
  facet normal 0.7933535640838127 -0.6087611373564442 0
    outer loop
      vertex -7.431860379874706 8.423466429114342 1
      vertex -7.431860379874706 8.423466429114342 0
      vertex -7.422304809093475 8.435919500887394 1
    endloop
  endfacet
  facet normal 0.7518398102217979 -0.6593458119724817 0
    outer loop
      vertex -7.060069262981415 8.848969981074333 1
      vertex -7.422304809093475 8.435919500887394 0
      vertex -7.060069262981415 8.848969981074333 0
    endloop
  endfacet
  facet normal 0.7518398102217979 -0.6593458119724817 0
    outer loop
      vertex -7.422304809093475 8.435919500887394 1
      vertex -7.422304809093475 8.435919500887394 0
      vertex -7.060069262981415 8.848969981074333 1
    endloop
  endfacet
  facet normal 0 0 -1
    outer loop
      vertex -7.987918771803379 4.139654941856861 1
      vertex -5.098976120352745 9.976865164935589 1
      vertex -7.928355135023594 4.01887184381485 1
    endloop
  endfacet
  facet normal 0 0 -1
    outer loop
      vertex -7.993925653398037 4.154156848788261 1
      vertex -5.098976120352745 9.976865164935589 1
      vertex -7.987918771803379 4.139654941856861 1
    endloop
  endfacet
  facet normal 0 0 -1
    outer loop
      vertex -8.170520082116127 4.674387276172638 1
      vertex -5.098976120352745 9.976865164935589 1
      vertex -7.993925653398037 4.154156848788261 1
    endloop
  endfacet
  facet normal 0 0 -1
    outer loop
      vertex -8.170520082116127 4.674387276172638 1
      vertex -8.174582704901695 4.689549170434475 1
      vertex -5.098976120352745 9.976865164935589 1
    endloop
  endfacet
  facet normal 0 0 -1
    outer loop
      vertex -8.174582704901695 4.689549170434475 1
      vertex -8.281762652099133 5.228379152715206 1
      vertex -5.098976120352745 9.976865164935589 1
    endloop
  endfacet
  facet normal 0 0 -1
    outer loop
      vertex -8.28381148725748 5.243941619992256 1
      vertex -5.098976120352745 9.976865164935589 1
      vertex -8.281762652099133 5.228379152715206 1
    endloop
  endfacet
  facet normal 0 0 -1
    outer loop
      vertex -8.28381148725748 5.243941619992256 1
      vertex -8.319743074476719 5.792151622474194 1
      vertex -5.098976120352745 9.976865164935589 1
    endloop
  endfacet
  facet normal 0 0 -1
    outer loop
      vertex -8.319743074476719 5.807848371565342 1
      vertex -5.098976120352745 9.976865164935589 1
      vertex -8.319743074476719 5.792151622474194 1
    endloop
  endfacet
  facet normal 0 0 -1
    outer loop
      vertex -8.319743074476719 5.807848371565342 1
      vertex -8.28381148725748 6.35605838149786 1
      vertex -5.098976120352745 9.976865164935589 1
    endloop
  endfacet
  facet normal 0 0 -1
    outer loop
      vertex -8.281762652099133 6.37162084877491 1
      vertex -5.098976120352745 9.976865164935589 1
      vertex -8.28381148725748 6.35605838149786 1
    endloop
  endfacet
  facet normal 0 0 -1
    outer loop
      vertex -8.281762652099133 6.37162084877491 1
      vertex -8.174582704901695 6.910450831055641 1
      vertex -5.098976120352745 9.976865164935589 1
    endloop
  endfacet
  facet normal 0 0 -1
    outer loop
      vertex -8.170520082116127 6.925612725317478 1
      vertex -5.098976120352745 9.976865164935589 1
      vertex -8.174582704901695 6.910450831055641 1
    endloop
  endfacet
  facet normal 0 0 -1
    outer loop
      vertex -8.170520082116127 6.925612725317478 1
      vertex -7.993925653398037 7.445843152701855 1
      vertex -5.098976120352745 9.976865164935589 1
    endloop
  endfacet
  facet normal 0 0 -1
    outer loop
      vertex -7.987918771803379 7.460345059633255 1
      vertex -5.098976120352745 9.976865164935589 1
      vertex -7.993925653398037 7.445843152701855 1
    endloop
  endfacet
  facet normal 0 0 -1
    outer loop
      vertex -7.987918771803379 7.460345059633255 1
      vertex -7.7449314296245575 7.953074641525745 1
      vertex -5.098976120352745 9.976865164935589 1
    endloop
  endfacet
  facet normal 0 0 -1
    outer loop
      vertex -7.737083047628403 7.966668426990509 1
      vertex -5.098976120352745 9.976865164935589 1
      vertex -7.7449314296245575 7.953074641525745 1
    endloop
  endfacet
  facet normal 0 0 -1
    outer loop
      vertex -7.737083047628403 7.966668426990509 1
      vertex -7.431860379874706 8.423466429114342 1
      vertex -5.098976120352745 9.976865164935589 1
    endloop
  endfacet
  facet normal 0.7071067811865475 -0.7071067811865475 0
    outer loop
      vertex -7.048969984054565 8.860069260001183 1
      vertex -7.060069262981415 8.848969981074333 0
      vertex -7.048969984054565 8.860069260001183 0
    endloop
  endfacet
  facet normal 0.6593458119724817 -0.7518398102217979 0
    outer loop
      vertex -6.635919503867626 9.222304806113243 1
      vertex -7.048969984054565 8.860069260001183 0
      vertex -6.635919503867626 9.222304806113243 0
    endloop
  endfacet
  facet normal 0.6087611373564442 -0.7933535640838127 0
    outer loop
      vertex -6.623466432094574 9.231860376894474 1
      vertex -6.635919503867626 9.222304806113243 0
      vertex -6.623466432094574 9.231860376894474 0
    endloop
  endfacet
  facet normal 0.5555702341399925 -0.8314696115539245 0
    outer loop
      vertex -6.166668429970741 9.53708304464817 1
      vertex -6.623466432094574 9.231860376894474 0
      vertex -6.166668429970741 9.53708304464817 0
    endloop
  endfacet
  facet normal 0.5000003009587185 -0.8660252300257718 0
    outer loop
      vertex -6.153074644505978 9.544931426644325 1
      vertex -6.166668429970741 9.53708304464817 0
      vertex -6.153074644505978 9.544931426644325 0
    endloop
  endfacet
  facet normal 0.7071067811865475 -0.7071067811865475 0
    outer loop
      vertex -7.060069262981415 8.848969981074333 1
      vertex -7.060069262981415 8.848969981074333 0
      vertex -7.048969984054565 8.860069260001183 1
    endloop
  endfacet
  facet normal 0.6593458119724817 -0.7518398102217979 0
    outer loop
      vertex -7.048969984054565 8.860069260001183 1
      vertex -7.048969984054565 8.860069260001183 0
      vertex -6.635919503867626 9.222304806113243 1
    endloop
  endfacet
  facet normal 0.6087611373564442 -0.7933535640838127 0
    outer loop
      vertex -6.635919503867626 9.222304806113243 1
      vertex -6.635919503867626 9.222304806113243 0
      vertex -6.623466432094574 9.231860376894474 1
    endloop
  endfacet
  facet normal 0.5555702341399925 -0.8314696115539245 0
    outer loop
      vertex -6.623466432094574 9.231860376894474 1
      vertex -6.623466432094574 9.231860376894474 0
      vertex -6.166668429970741 9.53708304464817 1
    endloop
  endfacet
  facet normal 0.5000003009587185 -0.8660252300257718 0
    outer loop
      vertex -6.166668429970741 9.53708304464817 1
      vertex -6.166668429970741 9.53708304464817 0
      vertex -6.153074644505978 9.544931426644325 1
    endloop
  endfacet
  facet normal 0.4422886940231743 -0.8968727396566777 0
    outer loop
      vertex -6.153074644505978 9.544931426644325 1
      vertex -6.153074644505978 9.544931426644325 0
      vertex -5.660345062613487 9.787918768823147 1
    endloop
  endfacet
  facet normal 0 0 -1
    outer loop
      vertex -7.431860379874706 8.423466429114342 1
      vertex -7.422304809093475 8.435919500887394 1
      vertex -5.098976120352745 9.976865164935589 1
    endloop
  endfacet
  facet normal 0 0 -1
    outer loop
      vertex -7.422304809093475 8.435919500887394 1
      vertex -7.060069262981415 8.848969981074333 1
      vertex -5.098976120352745 9.976865164935589 1
    endloop
  endfacet
  facet normal 0 0 -1
    outer loop
      vertex -7.060069262981415 8.848969981074333 1
      vertex -7.048969984054565 8.860069260001183 1
      vertex -5.098976120352745 9.976865164935589 1
    endloop
  endfacet
  facet normal 0 0 -1
    outer loop
      vertex -7.048969984054565 8.860069260001183 1
      vertex -6.635919503867626 9.222304806113243 1
      vertex -5.098976120352745 9.976865164935589 1
    endloop
  endfacet
  facet normal 0 0 -1
    outer loop
      vertex -6.635919503867626 9.222304806113243 1
      vertex -6.623466432094574 9.231860376894474 1
      vertex -5.098976120352745 9.976865164935589 1
    endloop
  endfacet
  facet normal 0 0 -1
    outer loop
      vertex -6.623466432094574 9.231860376894474 1
      vertex -6.166668429970741 9.53708304464817 1
      vertex -5.098976120352745 9.976865164935589 1
    endloop
  endfacet
  facet normal 0 0 -1
    outer loop
      vertex -10.726878866553307 -2.472797490656376 1
      vertex -10.869785457849503 -1.7543575093150139 1
      vertex 6.580639749765396 4.719999998807907 1
    endloop
  endfacet
  facet normal 0 0 -1
    outer loop
      vertex -10.87183429300785 -1.7387950494885445 1
      vertex 6.580639749765396 4.719999998807907 1
      vertex -10.869785457849503 -1.7543575093150139 1
    endloop
  endfacet
  facet normal 0 0 -1
    outer loop
      vertex -10.87183429300785 -1.7387950494885445 1
      vertex -10.919743068516254 -1.0078483745455742 1
      vertex 6.580639749765396 4.719999998807907 1
    endloop
  endfacet
  facet normal 0 0 -1
    outer loop
      vertex -10.919743068516254 -1.0078483745455742 1
      vertex -10.919743068516254 -0.9921516254544258 1
      vertex 6.580639749765396 4.719999998807907 1
    endloop
  endfacet
  facet normal 0 0 -1
    outer loop
      vertex -10.919743068516254 -0.9921516254544258 1
      vertex -10.87183429300785 -0.26120495051145554 1
      vertex 6.580639749765396 4.719999998807907 1
    endloop
  endfacet
  facet normal 0 0 -1
    outer loop
      vertex -10.87183429300785 -0.26120495051145554 1
      vertex -10.869785457849503 -0.24564249068498611 1
      vertex 6.580639749765396 4.719999998807907 1
    endloop
  endfacet
  facet normal 0 0 -1
    outer loop
      vertex -10.869785457849503 -0.24564249068498611 1
      vertex -10.726878866553307 0.4727974981069565 1
      vertex 6.580639749765396 4.719999998807907 1
    endloop
  endfacet
  facet normal 0 0 -1
    outer loop
      vertex -10.722816243767738 0.4879593923687935 1
      vertex 6.580639749765396 4.719999998807907 1
      vertex -10.726878866553307 0.4727974981069565 1
    endloop
  endfacet
  facet normal 0 0 -1
    outer loop
      vertex -10.722816243767738 0.4879593923687935 1
      vertex -10.487356998026371 1.181599959731102 1
      vertex 6.580639749765396 4.719999998807907 1
    endloop
  endfacet
  facet normal 0 0 -1
    outer loop
      vertex -10.487356998026371 1.181599959731102 1
      vertex -10.481350116431713 1.1961018666625023 1
      vertex 6.580639749765396 4.719999998807907 1
    endloop
  endfacet
  facet normal 0 0 -1
    outer loop
      vertex -10.481350116431713 1.1961018666625023 1
      vertex -10.15736699104309 1.8530746400356293 1
      vertex 6.580639749765396 4.719999998807907 1
    endloop
  endfacet
  facet normal 0 0 -1
    outer loop
      vertex -10.149518609046936 1.866668425500393 1
      vertex 6.580639749765396 4.719999998807907 1
      vertex -10.15736699104309 1.8530746400356293 1
    endloop
  endfacet
  facet normal 0 0 -1
    outer loop
      vertex -10.149518609046936 1.866668425500393 1
      vertex -9.742555052042007 2.4757324308156967 1
      vertex 6.580639749765396 4.719999998807907 1
    endloop
  endfacet
  facet normal 0 0 -1
    outer loop
      vertex -9.732999481260777 2.488185502588749 1
      vertex 6.580639749765396 4.719999998807907 1
      vertex -9.742555052042007 2.4757324308156967 1
    endloop
  endfacet
  facet normal 0 0 -1
    outer loop
      vertex -9.732999481260777 2.488185502588749 1
      vertex -9.250018753111362 3.038919471204281 1
      vertex 6.580639749765396 4.719999998807907 1
    endloop
  endfacet
  facet normal 0 0 -1
    outer loop
      vertex -9.238919474184513 3.05001875013113 1
      vertex 6.580639749765396 4.719999998807907 1
      vertex -9.250018753111362 3.038919471204281 1
    endloop
  endfacet
  facet normal 0 0 -1
    outer loop
      vertex -9.238919474184513 3.05001875013113 1
      vertex -8.688185505568981 3.532999485731125 1
      vertex 6.580639749765396 4.719999998807907 1
    endloop
  endfacet
  facet normal 0 0 -1
    outer loop
      vertex -8.675732433795929 3.542555056512356 1
      vertex 6.580639749765396 4.719999998807907 1
      vertex -8.688185505568981 3.532999485731125 1
    endloop
  endfacet
  facet normal 0 0 -1
    outer loop
      vertex -8.675732433795929 3.542555056512356 1
      vertex -8.066668428480625 3.949518620967865 1
      vertex 6.580639749765396 4.719999998807907 1
    endloop
  endfacet
  facet normal 0 0 -1
    outer loop
      vertex -8.066668428480625 3.949518620967865 1
      vertex -8.053074643015862 3.957366995513439 1
      vertex 6.580639749765396 4.719999998807907 1
    endloop
  endfacet
  facet normal 0 0 -1
    outer loop
      vertex -8.053074643015862 3.957366995513439 1
      vertex -7.928355135023594 4.01887184381485 1
      vertex 6.580639749765396 4.719999998807907 1
    endloop
  endfacet
  facet normal 0 0 -1
    outer loop
      vertex -7.928355135023594 4.01887184381485 1
      vertex -5.098976120352745 9.976865164935589 1
      vertex 1.7547313049435616 10.119999997317791 1
    endloop
  endfacet
  facet normal 0.4422886940231743 -0.8968727396566777 0
    outer loop
      vertex -5.660345062613487 9.787918768823147 1
      vertex -6.153074644505978 9.544931426644325 0
      vertex -5.660345062613487 9.787918768823147 0
    endloop
  endfacet
  facet normal 0.38268316392400487 -0.9238796437031791 0
    outer loop
      vertex -5.645843155682087 9.793925650417805 1
      vertex -5.660345062613487 9.787918768823147 0
      vertex -5.645843155682087 9.793925650417805 0
    endloop
  endfacet
  facet normal 0.3214394685719019 -0.9469301283855177 0
    outer loop
      vertex -5.12561272829771 9.970520086586475 1
      vertex -5.645843155682087 9.793925650417805 0
      vertex -5.12561272829771 9.970520086586475 0
    endloop
  endfacet
  facet normal 0.2588192511213504 -0.9659257710864656 0
    outer loop
      vertex -5.110450826585293 9.974582709372044 1
      vertex -5.12561272829771 9.970520086586475 0
      vertex -5.110450826585293 9.974582709372044 0
    endloop
  endfacet
  facet normal 0.1950898765323612 -0.9807853690153561 0
    outer loop
      vertex -5.098976120352745 9.976865164935589 1
      vertex -5.110450826585293 9.974582709372044 0
      vertex -5.098976120352745 9.976865164935589 0
    endloop
  endfacet
  facet normal 0.38268316392400487 -0.9238796437031791 0
    outer loop
      vertex -5.645843155682087 9.793925650417805 1
      vertex -5.660345062613487 9.787918768823147 1
      vertex -5.660345062613487 9.787918768823147 0
    endloop
  endfacet
  facet normal 0.3214394685719019 -0.9469301283855177 0
    outer loop
      vertex -5.645843155682087 9.793925650417805 1
      vertex -5.645843155682087 9.793925650417805 0
      vertex -5.12561272829771 9.970520086586475 1
    endloop
  endfacet
  facet normal 0.1950898765323612 -0.9807853690153561 0
    outer loop
      vertex -5.110450826585293 9.974582709372044 1
      vertex -5.110450826585293 9.974582709372044 0
      vertex -5.098976120352745 9.976865164935589 1
    endloop
  endfacet
  facet normal 0.2588192511213504 -0.9659257710864656 0
    outer loop
      vertex -5.110450826585293 9.974582709372044 1
      vertex -5.12561272829771 9.970520086586475 1
      vertex -5.12561272829771 9.970520086586475 0
    endloop
  endfacet
  facet normal 0.9595434097721653 0.28156073015036437 0
    outer loop
      vertex -5.098976120352745 9.976865164935589 1
      vertex -5.098976120352745 9.976865164935589 0
      vertex -6.1708487793803215 13.629747956991196 0
    endloop
  endfacet
  facet normal 0 0 -1
    outer loop
      vertex -6.166668429970741 9.53708304464817 1
      vertex -6.153074644505978 9.544931426644325 1
      vertex -5.098976120352745 9.976865164935589 1
    endloop
  endfacet
  facet normal 0 0 -1
    outer loop
      vertex -6.153074644505978 9.544931426644325 1
      vertex -5.660345062613487 9.787918768823147 1
      vertex -5.098976120352745 9.976865164935589 1
    endloop
  endfacet
  facet normal 0 0 -1
    outer loop
      vertex -5.645843155682087 9.793925650417805 1
      vertex -5.098976120352745 9.976865164935589 1
      vertex -5.660345062613487 9.787918768823147 1
    endloop
  endfacet
  facet normal 0 0 -1
    outer loop
      vertex -5.645843155682087 9.793925650417805 1
      vertex -5.12561272829771 9.970520086586475 1
      vertex -5.098976120352745 9.976865164935589 1
    endloop
  endfacet
  facet normal 0 0 -1
    outer loop
      vertex -5.110450826585293 9.974582709372044 1
      vertex -5.098976120352745 9.976865164935589 1
      vertex -5.12561272829771 9.970520086586475 1
    endloop
  endfacet
  facet normal 0 0 -1
    outer loop
      vertex -7.928355135023594 4.01887184381485 1
      vertex 2.407848373055458 10.119743071496487 1
      vertex 2.956058382987976 10.083811491727829 1
    endloop
  endfacet
  facet normal 0 0 -1
    outer loop
      vertex -7.928355135023594 4.01887184381485 1
      vertex 1.7547313049435616 10.119999997317791 1
      vertex 2.399999998509884 10.119999997317791 1
    endloop
  endfacet
  facet normal 0 0 -1
    outer loop
      vertex -7.928355135023594 4.01887184381485 1
      vertex 2.399999998509884 10.119999997317791 1
      vertex 2.407848373055458 10.119743071496487 1
    endloop
  endfacet
  facet normal 0 0 -1
    outer loop
      vertex -7.928355135023594 4.01887184381485 1
      vertex 2.956058382987976 10.083811491727829 1
      vertex 2.971620850265026 10.081762656569481 1
    endloop
  endfacet
  facet normal 0 0 -1
    outer loop
      vertex -7.928355135023594 4.01887184381485 1
      vertex 2.971620850265026 10.081762656569481 1
      vertex 3.5104508325457573 9.974582709372044 1
    endloop
  endfacet
  facet normal 0 0 -1
    outer loop
      vertex -7.928355135023594 4.01887184381485 1
      vertex 3.5104508325457573 9.974582709372044 1
      vertex 3.5256127268075943 9.970520086586475 1
    endloop
  endfacet
  facet normal 0 0 -1
    outer loop
      vertex -7.928355135023594 4.01887184381485 1
      vertex 3.5256127268075943 9.970520086586475 1
      vertex 4.045843154191971 9.793925650417805 1
    endloop
  endfacet
  facet normal 0 0 -1
    outer loop
      vertex -5.098976120352745 9.976865164935589 1
      vertex 1.7045942544937134 10.366793677210808 1
      vertex 1.7086568772792816 10.35163178294897 1
    endloop
  endfacet
  facet normal 0 0 -1
    outer loop
      vertex -5.098976120352745 9.976865164935589 1
      vertex 1.7086568772792816 10.35163178294897 1
      vertex 1.7547313049435616 10.119999997317791 1
    endloop
  endfacet
  facet normal 0 0 -1
    outer loop
      vertex -5.098976120352745 9.976865164935589 1
      vertex 1.1289514675736427 11.527158074080944 1
      vertex 1.1385070383548737 11.514705002307892 1
    endloop
  endfacet
  facet normal 0 0 -1
    outer loop
      vertex -5.098976120352745 9.976865164935589 1
      vertex 1.3710576444864273 11.166668429970741 1
      vertex 1.378906026482582 11.153074644505978 1
    endloop
  endfacet
  facet normal 0 0 -1
    outer loop
      vertex -5.098976120352745 9.976865164935589 1
      vertex 1.1385070383548737 11.514705002307892 1
      vertex 1.3710576444864273 11.166668429970741 1
    endloop
  endfacet
  facet normal 0 0 -1
    outer loop
      vertex -5.098976120352745 9.976865164935589 1
      vertex 0.5271580740809441 12.128951467573643 1
      vertex 0.8418632000684738 11.852962478995323 1
    endloop
  endfacet
  facet normal 0 0 -1
    outer loop
      vertex -5.098976120352745 9.976865164935589 1
      vertex 0.8418632000684738 11.852962478995323 1
      vertex 0.8529624789953232 11.841863200068474 1
    endloop
  endfacet
  facet normal 0 0 -1
    outer loop
      vertex -5.098976120352745 9.976865164935589 1
      vertex 0.5149334296584129 12.138354033231735 1
      vertex 0.5271580740809441 12.128951467573643 1
    endloop
  endfacet
  facet normal 0 0 -1
    outer loop
      vertex -5.098976120352745 9.976865164935589 1
      vertex 0.8529624789953232 11.841863200068474 1
      vertex 1.1289514675736427 11.527158074080944 1
    endloop
  endfacet
  facet normal 0 0 -1
    outer loop
      vertex -5.098976120352745 9.976865164935589 1
      vertex 1.5700461193919182 10.763159722089767 1
      vertex 1.7045942544937134 10.366793677210808 1
    endloop
  endfacet
  facet normal 0 0 -1
    outer loop
      vertex -5.098976120352745 9.976865164935589 1
      vertex 1.5640392377972603 10.777661629021168 1
      vertex 1.5700461193919182 10.763159722089767 1
    endloop
  endfacet
  facet normal 0 0 -1
    outer loop
      vertex -5.098976120352745 9.976865164935589 1
      vertex 1.378906026482582 11.153074644505978 1
      vertex 1.5640392377972603 10.777661629021168 1
    endloop
  endfacet
  facet normal 0.9711271184372638 0.23856261198213036 0
    outer loop
      vertex -6.173397809267044 13.640124402940273 1
      vertex -6.1708487793803215 13.629747956991196 0
      vertex -6.173397809267044 13.640124402940273 0
    endloop
  endfacet
  facet normal 0.980785278920942 0.1950903294680954 0
    outer loop
      vertex -6.20657255500555 13.80690510571003 1
      vertex -6.173397809267044 13.640124402940273 0
      vertex -6.20657255500555 13.80690510571003 0
    endloop
  endfacet
  facet normal 0.9914448822097214 0.13052603395549764 0
    outer loop
      vertex -6.2086213901638985 13.82246757298708 1
      vertex -6.20657255500555 13.80690510571003 0
      vertex -6.2086213901638985 13.82246757298708 0
    endloop
  endfacet
  facet normal 0.9978589223023538 0.06540314351455032 0
    outer loop
      vertex -6.219743072986603 13.992151625454426 1
      vertex -6.2086213901638985 13.82246757298708 0
      vertex -6.219743072986603 13.992151625454426 0
    endloop
  endfacet
  facet normal 1 0 0
    outer loop
      vertex -6.219743072986603 14.007848374545574 1
      vertex -6.219743072986603 13.992151625454426 0
      vertex -6.219743072986603 14.007848374545574 0
    endloop
  endfacet
  facet normal 0.9978589223023538 -0.06540314351455032 0
    outer loop
      vertex -6.2086213901638985 14.17753242701292 1
      vertex -6.219743072986603 14.007848374545574 0
      vertex -6.2086213901638985 14.17753242701292 0
    endloop
  endfacet
  facet normal 0.9914448822097214 -0.13052603395549764 0
    outer loop
      vertex -6.20657255500555 14.19309489428997 1
      vertex -6.2086213901638985 14.17753242701292 0
      vertex -6.20657255500555 14.19309489428997 0
    endloop
  endfacet
  facet normal 0.980785278920942 -0.1950903294680954 0
    outer loop
      vertex -6.173397809267044 14.359875597059727 1
      vertex -6.20657255500555 14.19309489428997 0
      vertex -6.173397809267044 14.359875597059727 0
    endloop
  endfacet
  facet normal 0.9659257392903811 -0.2588193697858235 0
    outer loop
      vertex -6.169335186481476 14.375037491321564 1
      vertex -6.173397809267044 14.359875597059727 0
      vertex -6.169335186481476 14.375037491321564 0
    endloop
  endfacet
  facet normal 0.94693013688022 -0.3214394435473153 0
    outer loop
      vertex -6.114675007760525 14.536061197519302 1
      vertex -6.169335186481476 14.375037491321564 0
      vertex -6.114675007760525 14.536061197519302 0
    endloop
  endfacet
  facet normal 0.9238794758864288 -0.38268356906956097 0
    outer loop
      vertex -6.108668118715286 14.550563104450703 1
      vertex -6.114675007760525 14.536061197519302 0
      vertex -6.108668118715286 14.550563104450703 0
    endloop
  endfacet
  facet normal 0.8968727340730196 -0.44228870534571263 0
    outer loop
      vertex -6.0334577485919 14.703074641525745 1
      vertex -6.108668118715286 14.550563104450703 0
      vertex -6.0334577485919 14.703074641525745 0
    endloop
  endfacet
  facet normal 0.9711271184372638 0.23856261198213036 0
    outer loop
      vertex -6.1708487793803215 13.629747956991196 1
      vertex -6.1708487793803215 13.629747956991196 0
      vertex -6.173397809267044 13.640124402940273 1
    endloop
  endfacet
  facet normal 0.980785278920942 0.1950903294680954 0
    outer loop
      vertex -6.173397809267044 13.640124402940273 1
      vertex -6.173397809267044 13.640124402940273 0
      vertex -6.20657255500555 13.80690510571003 1
    endloop
  endfacet
  facet normal 0.9914448822097214 0.13052603395549764 0
    outer loop
      vertex -6.2086213901638985 13.82246757298708 1
      vertex -6.20657255500555 13.80690510571003 1
      vertex -6.20657255500555 13.80690510571003 0
    endloop
  endfacet
  facet normal 0.9978589223023538 0.06540314351455032 0
    outer loop
      vertex -6.2086213901638985 13.82246757298708 1
      vertex -6.2086213901638985 13.82246757298708 0
      vertex -6.219743072986603 13.992151625454426 1
    endloop
  endfacet
  facet normal 1 0 0
    outer loop
      vertex -6.219743072986603 14.007848374545574 1
      vertex -6.219743072986603 13.992151625454426 1
      vertex -6.219743072986603 13.992151625454426 0
    endloop
  endfacet
  facet normal 0.9978589223023538 -0.06540314351455032 0
    outer loop
      vertex -6.219743072986603 14.007848374545574 1
      vertex -6.219743072986603 14.007848374545574 0
      vertex -6.2086213901638985 14.17753242701292 1
    endloop
  endfacet
  facet normal 0.9914448822097214 -0.13052603395549764 0
    outer loop
      vertex -6.20657255500555 14.19309489428997 1
      vertex -6.2086213901638985 14.17753242701292 1
      vertex -6.2086213901638985 14.17753242701292 0
    endloop
  endfacet
  facet normal 0.980785278920942 -0.1950903294680954 0
    outer loop
      vertex -6.20657255500555 14.19309489428997 1
      vertex -6.20657255500555 14.19309489428997 0
      vertex -6.173397809267044 14.359875597059727 1
    endloop
  endfacet
  facet normal 0.9659257392903811 -0.2588193697858235 0
    outer loop
      vertex -6.173397809267044 14.359875597059727 1
      vertex -6.173397809267044 14.359875597059727 0
      vertex -6.169335186481476 14.375037491321564 1
    endloop
  endfacet
  facet normal 0.94693013688022 -0.3214394435473153 0
    outer loop
      vertex -6.169335186481476 14.375037491321564 1
      vertex -6.169335186481476 14.375037491321564 0
      vertex -6.114675007760525 14.536061197519302 1
    endloop
  endfacet
  facet normal 0.9238794758864288 -0.38268356906956097 0
    outer loop
      vertex -6.114675007760525 14.536061197519302 1
      vertex -6.114675007760525 14.536061197519302 0
      vertex -6.108668118715286 14.550563104450703 1
    endloop
  endfacet
  facet normal 0.8968727340730196 -0.44228870534571263 0
    outer loop
      vertex -6.108668118715286 14.550563104450703 1
      vertex -6.108668118715286 14.550563104450703 0
      vertex -6.0334577485919 14.703074641525745 1
    endloop
  endfacet
  facet normal 0.8660256410912 -0.49999958897240715 0
    outer loop
      vertex -6.025609381496906 14.716668426990509 1
      vertex -6.0334577485919 14.703074641525745 0
      vertex -6.025609381496906 14.716668426990509 0
    endloop
  endfacet
  facet normal 0.8314696200834688 -0.5555702213746269 0
    outer loop
      vertex -5.9311356991529465 14.858058288693428 1
      vertex -6.025609381496906 14.716668426990509 0
      vertex -5.9311356991529465 14.858058288693428 0
    endloop
  endfacet
  facet normal 0.7933533348418697 -0.608761436110472 0
    outer loop
      vertex -5.921580120921135 14.87051136046648 1
      vertex -5.9311356991529465 14.858058288693428 0
      vertex -5.921580120921135 14.87051136046648 0
    endloop
  endfacet
  facet normal 0.8660256410912 -0.49999958897240715 0
    outer loop
      vertex -6.025609381496906 14.716668426990509 1
      vertex -6.0334577485919 14.703074641525745 1
      vertex -6.0334577485919 14.703074641525745 0
    endloop
  endfacet
  facet normal 0.8314696200834688 -0.5555702213746269 0
    outer loop
      vertex -6.025609381496906 14.716668426990509 1
      vertex -6.025609381496906 14.716668426990509 0
      vertex -5.9311356991529465 14.858058288693428 1
    endloop
  endfacet
  facet normal 0.7933533348418697 -0.608761436110472 0
    outer loop
      vertex -5.921580120921135 14.87051136046648 1
      vertex -5.9311356991529465 14.858058288693428 1
      vertex -5.9311356991529465 14.858058288693428 0
    endloop
  endfacet
  facet normal 0.7518398032754188 -0.6593458198933089 0
    outer loop
      vertex -5.921580120921135 14.87051136046648 1
      vertex -5.921580120921135 14.87051136046648 0
      vertex -5.80945959687233 14.998360313475132 1
    endloop
  endfacet
  facet normal 0 0 -1
    outer loop
      vertex -6.108668118715286 14.550563104450703 1
      vertex -6.0334577485919 14.703074641525745 1
      vertex -5.9311356991529465 14.858058288693428 1
    endloop
  endfacet
  facet normal 0 0 -1
    outer loop
      vertex -6.025609381496906 14.716668426990509 1
      vertex -5.9311356991529465 14.858058288693428 1
      vertex -6.0334577485919 14.703074641525745 1
    endloop
  endfacet
  facet normal 0 0 -1
    outer loop
      vertex -6.108668118715286 14.550563104450703 1
      vertex -5.9311356991529465 14.858058288693428 1
      vertex -5.921580120921135 14.87051136046648 1
    endloop
  endfacet
  facet normal 0 0 -1
    outer loop
      vertex -6.108668118715286 14.550563104450703 1
      vertex -5.921580120921135 14.87051136046648 1
      vertex -5.80945959687233 14.998360313475132 1
    endloop
  endfacet
  facet normal 0 0 -1
    outer loop
      vertex -6.108668118715286 14.550563104450703 1
      vertex -5.80945959687233 14.998360313475132 1
      vertex -5.79836031794548 15.009459592401981 1
    endloop
  endfacet
  facet normal 0.9595434097721653 0.28156073015036437 4.3745197175772366e-17
    outer loop
      vertex -5.098976120352745 9.976865164935589 1
      vertex -6.1708487793803215 13.629747956991196 0
      vertex -6.1708487793803215 13.629747956991196 1
    endloop
  endfacet
  facet normal 0 0 -1
    outer loop
      vertex -5.098976120352745 9.976865164935589 1
      vertex -6.1708487793803215 13.629747956991196 1
      vertex -3.9419417157769203 15.131135694682598 1
    endloop
  endfacet
  facet normal 0 0 -1
    outer loop
      vertex -6.1708487793803215 13.629747956991196 1
      vertex -6.173397809267044 13.640124402940273 1
      vertex -3.9419417157769203 15.131135694682598 1
    endloop
  endfacet
  facet normal 0 0 -1
    outer loop
      vertex -6.173397809267044 13.640124402940273 1
      vertex -6.20657255500555 13.80690510571003 1
      vertex -3.9419417157769203 15.131135694682598 1
    endloop
  endfacet
  facet normal 0 0 -1
    outer loop
      vertex -6.2086213901638985 13.82246757298708 1
      vertex -3.9419417157769203 15.131135694682598 1
      vertex -6.20657255500555 13.80690510571003 1
    endloop
  endfacet
  facet normal 0 0 -1
    outer loop
      vertex -6.2086213901638985 13.82246757298708 1
      vertex -6.219743072986603 13.992151625454426 1
      vertex -3.9419417157769203 15.131135694682598 1
    endloop
  endfacet
  facet normal 0 0 -1
    outer loop
      vertex -6.219743072986603 14.007848374545574 1
      vertex -3.9419417157769203 15.131135694682598 1
      vertex -6.219743072986603 13.992151625454426 1
    endloop
  endfacet
  facet normal 0 0 -1
    outer loop
      vertex -6.219743072986603 14.007848374545574 1
      vertex -6.2086213901638985 14.17753242701292 1
      vertex -3.9419417157769203 15.131135694682598 1
    endloop
  endfacet
  facet normal 0 0 -1
    outer loop
      vertex -6.20657255500555 14.19309489428997 1
      vertex -3.9419417157769203 15.131135694682598 1
      vertex -6.2086213901638985 14.17753242701292 1
    endloop
  endfacet
  facet normal 0 0 -1
    outer loop
      vertex -6.20657255500555 14.19309489428997 1
      vertex -6.173397809267044 14.359875597059727 1
      vertex -3.9419417157769203 15.131135694682598 1
    endloop
  endfacet
  facet normal 0 0 -1
    outer loop
      vertex -6.173397809267044 14.359875597059727 1
      vertex -6.169335186481476 14.375037491321564 1
      vertex -3.9419417157769203 15.131135694682598 1
    endloop
  endfacet
  facet normal 0 0 -1
    outer loop
      vertex -5.098976120352745 9.976865164935589 1
      vertex -3.9419417157769203 15.131135694682598 1
      vertex -3.9417132884263992 15.13098268955946 1
    endloop
  endfacet
  facet normal 0.7518398032754188 -0.6593458198933089 0
    outer loop
      vertex -5.80945959687233 14.998360313475132 1
      vertex -5.921580120921135 14.87051136046648 0
      vertex -5.80945959687233 14.998360313475132 0
    endloop
  endfacet
  facet normal 0.7071067811865475 -0.7071067811865475 0
    outer loop
      vertex -5.79836031794548 15.009459592401981 1
      vertex -5.80945959687233 14.998360313475132 0
      vertex -5.79836031794548 15.009459592401981 0
    endloop
  endfacet
  facet normal 0.6593458229402005 -0.7518398006033663 0
    outer loop
      vertex -5.670511357486248 15.121580123901367 1
      vertex -5.79836031794548 15.009459592401981 0
      vertex -5.670511357486248 15.121580123901367 0
    endloop
  endfacet
  facet normal 0.6087611373564442 -0.7933535640838127 0
    outer loop
      vertex -5.658058285713196 15.131135694682598 1
      vertex -5.670511357486248 15.121580123901367 0
      vertex -5.658058285713196 15.131135694682598 0
    endloop
  endfacet
  facet normal 0.5555702516654439 -0.8314695998437919 0
    outer loop
      vertex -5.516668424010277 15.225609384477139 1
      vertex -5.658058285713196 15.131135694682598 0
      vertex -5.516668424010277 15.225609384477139 0
    endloop
  endfacet
  facet normal 0.4999999449656896 -0.8660254355585103 0
    outer loop
      vertex -5.503074638545513 15.233457759022713 1
      vertex -5.516668424010277 15.225609384477139 0
      vertex -5.503074638545513 15.233457759022713 0
    endloop
  endfacet
  facet normal 0.4422886527219382 -0.8968727600241925 0
    outer loop
      vertex -5.35056309401989 15.308668121695518 1
      vertex -5.503074638545513 15.233457759022713 0
      vertex -5.35056309401989 15.308668121695518 0
    endloop
  endfacet
  facet normal 0.3826833317407641 -0.9238795741912408 0
    outer loop
      vertex -5.33606119453907 15.314675003290176 1
      vertex -5.35056309401989 15.308668121695518 0
      vertex -5.33606119453907 15.314675003290176 0
    endloop
  endfacet
  facet normal 0.3214394961710906 -0.9469301190168551 0
    outer loop
      vertex -5.175037495791912 15.369335189461708 1
      vertex -5.33606119453907 15.314675003290176 0
      vertex -5.175037495791912 15.369335189461708 0
    endloop
  endfacet
  facet normal 0.2588193697858235 -0.9659257392903811 0
    outer loop
      vertex -5.159875601530075 15.373397812247276 1
      vertex -5.175037495791912 15.369335189461708 0
      vertex -5.159875601530075 15.373397812247276 0
    endloop
  endfacet
  facet normal 0.19509032108454616 -0.9807852805885336 0
    outer loop
      vertex -4.993094891309738 15.406572557985783 1
      vertex -5.159875601530075 15.373397812247276 0
      vertex -4.993094891309738 15.406572557985783 0
    endloop
  endfacet
  facet normal 0.13052603395549764 -0.9914448822097214 0
    outer loop
      vertex -4.977532424032688 15.40862139314413 1
      vertex -4.993094891309738 15.406572557985783 0
      vertex -4.977532424032688 15.40862139314413 0
    endloop
  endfacet
  facet normal 0.06540309988743218 -0.997858925161826 0
    outer loop
      vertex -4.807848371565342 15.419743068516254 1
      vertex -4.977532424032688 15.40862139314413 0
      vertex -4.807848371565342 15.419743068516254 0
    endloop
  endfacet
  facet normal 0 -1 0
    outer loop
      vertex -4.792151622474194 15.419743068516254 1
      vertex -4.807848371565342 15.419743068516254 0
      vertex -4.792151622474194 15.419743068516254 0
    endloop
  endfacet
  facet normal -0.0654031027469034 -0.9978589249744063 0
    outer loop
      vertex -4.622467577457428 15.40862139314413 1
      vertex -4.792151622474194 15.419743068516254 0
      vertex -4.622467577457428 15.40862139314413 0
    endloop
  endfacet
  facet normal -0.13052603395549764 -0.9914448822097214 0
    outer loop
      vertex -4.606905110180378 15.406572557985783 1
      vertex -4.622467577457428 15.40862139314413 0
      vertex -4.606905110180378 15.406572557985783 0
    endloop
  endfacet
  facet normal -0.19509032108454616 -0.9807852805885336 0
    outer loop
      vertex -4.440124399960041 15.373397812247276 1
      vertex -4.606905110180378 15.406572557985783 0
      vertex -4.440124399960041 15.373397812247276 0
    endloop
  endfacet
  facet normal -0.2588193697858235 -0.9659257392903811 0
    outer loop
      vertex -4.424962505698204 15.369335189461708 1
      vertex -4.440124399960041 15.373397812247276 0
      vertex -4.424962505698204 15.369335189461708 0
    endloop
  endfacet
  facet normal 0.7071067811865475 -0.7071067811865475 0
    outer loop
      vertex -5.79836031794548 15.009459592401981 1
      vertex -5.80945959687233 14.998360313475132 1
      vertex -5.80945959687233 14.998360313475132 0
    endloop
  endfacet
  facet normal 0.6593458229402005 -0.7518398006033663 0
    outer loop
      vertex -5.79836031794548 15.009459592401981 1
      vertex -5.79836031794548 15.009459592401981 0
      vertex -5.670511357486248 15.121580123901367 1
    endloop
  endfacet
  facet normal 0.6087611373564442 -0.7933535640838127 0
    outer loop
      vertex -5.670511357486248 15.121580123901367 1
      vertex -5.670511357486248 15.121580123901367 0
      vertex -5.658058285713196 15.131135694682598 1
    endloop
  endfacet
  facet normal 0.5555702516654439 -0.8314695998437919 0
    outer loop
      vertex -5.658058285713196 15.131135694682598 1
      vertex -5.658058285713196 15.131135694682598 0
      vertex -5.516668424010277 15.225609384477139 1
    endloop
  endfacet
  facet normal 0.4999999449656896 -0.8660254355585103 0
    outer loop
      vertex -5.516668424010277 15.225609384477139 1
      vertex -5.516668424010277 15.225609384477139 0
      vertex -5.503074638545513 15.233457759022713 1
    endloop
  endfacet
  facet normal 0.4422886527219382 -0.8968727600241925 0
    outer loop
      vertex -5.503074638545513 15.233457759022713 1
      vertex -5.503074638545513 15.233457759022713 0
      vertex -5.35056309401989 15.308668121695518 1
    endloop
  endfacet
  facet normal 0.3826833317407641 -0.9238795741912408 0
    outer loop
      vertex -5.33606119453907 15.314675003290176 1
      vertex -5.35056309401989 15.308668121695518 1
      vertex -5.35056309401989 15.308668121695518 0
    endloop
  endfacet
  facet normal 0.3214394961710906 -0.9469301190168551 0
    outer loop
      vertex -5.33606119453907 15.314675003290176 1
      vertex -5.33606119453907 15.314675003290176 0
      vertex -5.175037495791912 15.369335189461708 1
    endloop
  endfacet
  facet normal 0.2588193697858235 -0.9659257392903811 0
    outer loop
      vertex -5.175037495791912 15.369335189461708 1
      vertex -5.175037495791912 15.369335189461708 0
      vertex -5.159875601530075 15.373397812247276 1
    endloop
  endfacet
  facet normal 0.19509032108454616 -0.9807852805885336 0
    outer loop
      vertex -5.159875601530075 15.373397812247276 1
      vertex -5.159875601530075 15.373397812247276 0
      vertex -4.993094891309738 15.406572557985783 1
    endloop
  endfacet
  facet normal 0.13052603395549764 -0.9914448822097214 0
    outer loop
      vertex -4.977532424032688 15.40862139314413 1
      vertex -4.993094891309738 15.406572557985783 1
      vertex -4.993094891309738 15.406572557985783 0
    endloop
  endfacet
  facet normal 0.06540309988743218 -0.997858925161826 0
    outer loop
      vertex -4.977532424032688 15.40862139314413 1
      vertex -4.977532424032688 15.40862139314413 0
      vertex -4.807848371565342 15.419743068516254 1
    endloop
  endfacet
  facet normal 0 -1 0
    outer loop
      vertex -4.792151622474194 15.419743068516254 1
      vertex -4.807848371565342 15.419743068516254 1
      vertex -4.807848371565342 15.419743068516254 0
    endloop
  endfacet
  facet normal -0.0654031027469034 -0.9978589249744063 0
    outer loop
      vertex -4.792151622474194 15.419743068516254 1
      vertex -4.792151622474194 15.419743068516254 0
      vertex -4.622467577457428 15.40862139314413 1
    endloop
  endfacet
  facet normal -0.13052603395549764 -0.9914448822097214 0
    outer loop
      vertex -4.606905110180378 15.406572557985783 1
      vertex -4.622467577457428 15.40862139314413 1
      vertex -4.622467577457428 15.40862139314413 0
    endloop
  endfacet
  facet normal -0.19509032108454616 -0.9807852805885336 0
    outer loop
      vertex -4.606905110180378 15.406572557985783 1
      vertex -4.606905110180378 15.406572557985783 0
      vertex -4.440124399960041 15.373397812247276 1
    endloop
  endfacet
  facet normal -0.2588193697858235 -0.9659257392903811 0
    outer loop
      vertex -4.440124399960041 15.373397812247276 1
      vertex -4.440124399960041 15.373397812247276 0
      vertex -4.424962505698204 15.369335189461708 1
    endloop
  endfacet
  facet normal -0.3214394828347892 -0.9469301235439198 0
    outer loop
      vertex -4.263938799500465 15.314675003290176 1
      vertex -4.424962505698204 15.369335189461708 0
      vertex -4.263938799500465 15.314675003290176 0
    endloop
  endfacet
  facet normal -0.38268316392400487 -0.9238796437031791 0
    outer loop
      vertex -4.249436892569065 15.308668121695518 1
      vertex -4.263938799500465 15.314675003290176 0
      vertex -4.249436892569065 15.308668121695518 0
    endloop
  endfacet
  facet normal -0.5000003009587185 -0.8660252300257718 0
    outer loop
      vertex -4.083331570029259 15.225609377026558 1
      vertex -4.096925355494022 15.233457759022713 0
      vertex -4.083331570029259 15.225609377026558 0
    endloop
  endfacet
  facet normal -0.44228867010214257 -0.896872751453225 0
    outer loop
      vertex -4.096925355494022 15.233457759022713 1
      vertex -4.249436892569065 15.308668121695518 0
      vertex -4.096925355494022 15.233457759022713 0
    endloop
  endfacet
  facet normal -0.5555702416143045 -0.8314696065597487 0
    outer loop
      vertex -3.9419417157769203 15.131135694682598 1
      vertex -4.083331570029259 15.225609377026558 0
      vertex -3.9419417157769203 15.131135694682598 0
    endloop
  endfacet
  facet normal -0.5565124511116052 -0.8308392695087019 0
    outer loop
      vertex -3.9417132884263992 15.13098268955946 1
      vertex -3.9419417157769203 15.131135694682598 0
      vertex -3.9417132884263992 15.13098268955946 0
    endloop
  endfacet
  facet normal -0.3214394828347892 -0.9469301235439198 0
    outer loop
      vertex -4.424962505698204 15.369335189461708 1
      vertex -4.424962505698204 15.369335189461708 0
      vertex -4.263938799500465 15.314675003290176 1
    endloop
  endfacet
  facet normal -0.38268316392400487 -0.9238796437031791 0
    outer loop
      vertex -4.263938799500465 15.314675003290176 1
      vertex -4.263938799500465 15.314675003290176 0
      vertex -4.249436892569065 15.308668121695518 1
    endloop
  endfacet
  facet normal -0.5000003009587185 -0.8660252300257718 0
    outer loop
      vertex -4.096925355494022 15.233457759022713 1
      vertex -4.096925355494022 15.233457759022713 0
      vertex -4.083331570029259 15.225609377026558 1
    endloop
  endfacet
  facet normal -0.44228867010214257 -0.896872751453225 0
    outer loop
      vertex -4.249436892569065 15.308668121695518 1
      vertex -4.249436892569065 15.308668121695518 0
      vertex -4.096925355494022 15.233457759022713 1
    endloop
  endfacet
  facet normal -0.5555702416143045 -0.8314696065597487 0
    outer loop
      vertex -4.083331570029259 15.225609377026558 1
      vertex -4.083331570029259 15.225609377026558 0
      vertex -3.9419417157769203 15.131135694682598 1
    endloop
  endfacet
  facet normal -0.5565124511116052 -0.8308392695087019 0
    outer loop
      vertex -3.9417132884263992 15.13098268955946 1
      vertex -3.9419417157769203 15.131135694682598 1
      vertex -3.9419417157769203 15.131135694682598 0
    endloop
  endfacet
  facet normal 0 0 -1
    outer loop
      vertex -6.169335186481476 14.375037491321564 1
      vertex -6.114675007760525 14.536061197519302 1
      vertex -5.175037495791912 15.369335189461708 1
    endloop
  endfacet
  facet normal 0 0 -1
    outer loop
      vertex -6.114675007760525 14.536061197519302 1
      vertex -6.108668118715286 14.550563104450703 1
      vertex -5.175037495791912 15.369335189461708 1
    endloop
  endfacet
  facet normal 0 0 -1
    outer loop
      vertex -6.108668118715286 14.550563104450703 1
      vertex -5.79836031794548 15.009459592401981 1
      vertex -5.670511357486248 15.121580123901367 1
    endloop
  endfacet
  facet normal 0 0 -1
    outer loop
      vertex -6.108668118715286 14.550563104450703 1
      vertex -5.670511357486248 15.121580123901367 1
      vertex -5.658058285713196 15.131135694682598 1
    endloop
  endfacet
  facet normal 0 0 -1
    outer loop
      vertex -6.108668118715286 14.550563104450703 1
      vertex -5.658058285713196 15.131135694682598 1
      vertex -5.516668424010277 15.225609384477139 1
    endloop
  endfacet
  facet normal 0 0 -1
    outer loop
      vertex -6.108668118715286 14.550563104450703 1
      vertex -5.516668424010277 15.225609384477139 1
      vertex -5.503074638545513 15.233457759022713 1
    endloop
  endfacet
  facet normal 0 0 -1
    outer loop
      vertex -6.108668118715286 14.550563104450703 1
      vertex -5.503074638545513 15.233457759022713 1
      vertex -5.35056309401989 15.308668121695518 1
    endloop
  endfacet
  facet normal 0 0 -1
    outer loop
      vertex -6.108668118715286 14.550563104450703 1
      vertex -5.35056309401989 15.308668121695518 1
      vertex -5.33606119453907 15.314675003290176 1
    endloop
  endfacet
  facet normal 0 0 -1
    outer loop
      vertex -6.108668118715286 14.550563104450703 1
      vertex -5.33606119453907 15.314675003290176 1
      vertex -5.175037495791912 15.369335189461708 1
    endloop
  endfacet
  facet normal 0 0 -1
    outer loop
      vertex -6.169335186481476 14.375037491321564 1
      vertex -5.175037495791912 15.369335189461708 1
      vertex -5.159875601530075 15.373397812247276 1
    endloop
  endfacet
  facet normal 0 0 -1
    outer loop
      vertex -6.169335186481476 14.375037491321564 1
      vertex -5.159875601530075 15.373397812247276 1
      vertex -4.993094891309738 15.406572557985783 1
    endloop
  endfacet
  facet normal 0 0 -1
    outer loop
      vertex -6.169335186481476 14.375037491321564 1
      vertex -4.993094891309738 15.406572557985783 1
      vertex -4.977532424032688 15.40862139314413 1
    endloop
  endfacet
  facet normal 0 0 -1
    outer loop
      vertex -6.169335186481476 14.375037491321564 1
      vertex -4.977532424032688 15.40862139314413 1
      vertex -4.807848371565342 15.419743068516254 1
    endloop
  endfacet
  facet normal 0 0 -1
    outer loop
      vertex -6.169335186481476 14.375037491321564 1
      vertex -4.807848371565342 15.419743068516254 1
      vertex -4.792151622474194 15.419743068516254 1
    endloop
  endfacet
  facet normal 0 0 -1
    outer loop
      vertex -6.169335186481476 14.375037491321564 1
      vertex -4.792151622474194 15.419743068516254 1
      vertex -4.622467577457428 15.40862139314413 1
    endloop
  endfacet
  facet normal 0 0 -1
    outer loop
      vertex -6.169335186481476 14.375037491321564 1
      vertex -4.606905110180378 15.406572557985783 1
      vertex -4.440124399960041 15.373397812247276 1
    endloop
  endfacet
  facet normal 0 0 -1
    outer loop
      vertex -6.169335186481476 14.375037491321564 1
      vertex -4.440124399960041 15.373397812247276 1
      vertex -4.424962505698204 15.369335189461708 1
    endloop
  endfacet
  facet normal 0 0 -1
    outer loop
      vertex -6.169335186481476 14.375037491321564 1
      vertex -4.424962505698204 15.369335189461708 1
      vertex -4.263938799500465 15.314675003290176 1
    endloop
  endfacet
  facet normal 0 0 -1
    outer loop
      vertex -6.169335186481476 14.375037491321564 1
      vertex -4.263938799500465 15.314675003290176 1
      vertex -4.249436892569065 15.308668121695518 1
    endloop
  endfacet
  facet normal 0 0 -1
    outer loop
      vertex -6.169335186481476 14.375037491321564 1
      vertex -4.096925355494022 15.233457759022713 1
      vertex -4.083331570029259 15.225609377026558 1
    endloop
  endfacet
  facet normal 0 0 -1
    outer loop
      vertex -6.169335186481476 14.375037491321564 1
      vertex -4.249436892569065 15.308668121695518 1
      vertex -4.096925355494022 15.233457759022713 1
    endloop
  endfacet
  facet normal 0 0 -1
    outer loop
      vertex -6.169335186481476 14.375037491321564 1
      vertex -4.622467577457428 15.40862139314413 1
      vertex -4.606905110180378 15.406572557985783 1
    endloop
  endfacet
  facet normal 0 0 -1
    outer loop
      vertex -6.169335186481476 14.375037491321564 1
      vertex -4.083331570029259 15.225609377026558 1
      vertex -3.9419417157769203 15.131135694682598 1
    endloop
  endfacet
  facet normal -0.557473825986903 -0.8301945153634324 0
    outer loop
      vertex -3.9417132884263992 15.13098268955946 1
      vertex -3.9417132884263992 15.13098268955946 0
      vertex 0.5149334296584129 12.138354033231735 1
    endloop
  endfacet
  facet normal -0.557473825986903 -0.8301945153634324 0
    outer loop
      vertex 0.5149334296584129 12.138354033231735 1
      vertex -3.9417132884263992 15.13098268955946 0
      vertex 0.5149334296584129 12.138354033231735 0
    endloop
  endfacet
  facet normal 0 0 -1
    outer loop
      vertex -5.098976120352745 9.976865164935589 1
      vertex -3.9417132884263992 15.13098268955946 1
      vertex 0.5149334296584129 12.138354033231735 1
    endloop
  endfacet
  facet normal 0 0 -1
    outer loop
      vertex -10.687672011554241 -2.591490939259529 1
      vertex 9.007848374545574 -16.619743071496487 1
      vertex 9 -16.61999999731779 1
    endloop
  endfacet
  facet normal 0 0 -1
    outer loop
      vertex -10.687672011554241 -2.591490939259529 1
      vertex 9.921531721949577 -16.559857100248337 1
      vertex 9.007848374545574 -16.619743071496487 1
    endloop
  endfacet
  facet normal 0 1 0
    outer loop
      vertex -9 -16.61999999731779 1
      vertex 9 -16.61999999731779 1
      vertex 9 -16.61999999731779 0
    endloop
  endfacet
  facet normal 0 0 -1
    outer loop
      vertex -10.687672011554241 -2.591490939259529 1
      vertex 9.937094189226627 -16.55780826508999 1
      vertex 9.921531721949577 -16.559857100248337 1
    endloop
  endfacet
  facet normal 0 0 -1
    outer loop
      vertex -10.687672011554241 -2.591490939259529 1
      vertex 10.835144154727459 -16.379175022244453 1
      vertex 9.937094189226627 -16.55780826508999 1
    endloop
  endfacet
  facet normal 0 0 -1
    outer loop
      vertex -10.687672011554241 -2.591490939259529 1
      vertex 10.850306048989296 -16.375112399458885 1
      vertex 10.835144154727459 -16.379175022244453 1
    endloop
  endfacet
  facet normal -0.03271865557693578 0.9994646014628221 0
    outer loop
      vertex 9 -16.61999999731779 1
      vertex 9.007848374545574 -16.619743071496487 0
      vertex 9 -16.61999999731779 0
    endloop
  endfacet
  facet normal -0.06540313003776756 0.997858923185669 0
    outer loop
      vertex 9.007848374545574 -16.619743071496487 1
      vertex 9.921531721949577 -16.559857100248337 0
      vertex 9.007848374545574 -16.619743071496487 0
    endloop
  endfacet
  facet normal -0.13052603395549764 0.9914448822097214 0
    outer loop
      vertex 9.921531721949577 -16.559857100248337 1
      vertex 9.937094189226627 -16.55780826508999 0
      vertex 9.921531721949577 -16.559857100248337 0
    endloop
  endfacet
  facet normal -0.19509032010678037 0.9807852807830233 0
    outer loop
      vertex 9.937094189226627 -16.55780826508999 1
      vertex 10.835144154727459 -16.379175022244453 0
      vertex 9.937094189226627 -16.55780826508999 0
    endloop
  endfacet
  facet normal -0.03271865557693578 0.9994646014628221 0
    outer loop
      vertex 9 -16.61999999731779 1
      vertex 9.007848374545574 -16.619743071496487 1
      vertex 9.007848374545574 -16.619743071496487 0
    endloop
  endfacet
  facet normal -0.06540313003776756 0.997858923185669 0
    outer loop
      vertex 9.007848374545574 -16.619743071496487 1
      vertex 9.921531721949577 -16.559857100248337 1
      vertex 9.921531721949577 -16.559857100248337 0
    endloop
  endfacet
  facet normal -0.13052603395549764 0.9914448822097214 0
    outer loop
      vertex 9.921531721949577 -16.559857100248337 1
      vertex 9.937094189226627 -16.55780826508999 1
      vertex 9.937094189226627 -16.55780826508999 0
    endloop
  endfacet
  facet normal -0.2588193697858235 0.9659257392903811 0
    outer loop
      vertex 10.835144154727459 -16.379175022244453 1
      vertex 10.850306048989296 -16.375112399458885 0
      vertex 10.835144154727459 -16.379175022244453 0
    endloop
  endfacet
  facet normal -0.32143946288215797 0.9469301303169256 0
    outer loop
      vertex 10.850306048989296 -16.375112399458885 1
      vertex 11.717356763780117 -16.08078834414482 0
      vertex 10.850306048989296 -16.375112399458885 0
    endloop
  endfacet
  facet normal -0.19509032010678037 0.9807852807830233 0
    outer loop
      vertex 9.937094189226627 -16.55780826508999 1
      vertex 10.835144154727459 -16.379175022244453 1
      vertex 10.835144154727459 -16.379175022244453 0
    endloop
  endfacet
  facet normal -0.2588193697858235 0.9659257392903811 0
    outer loop
      vertex 10.835144154727459 -16.379175022244453 1
      vertex 10.850306048989296 -16.375112399458885 1
      vertex 10.850306048989296 -16.375112399458885 0
    endloop
  endfacet
  facet normal -0.32143946288215797 0.9469301303169256 0
    outer loop
      vertex 10.850306048989296 -16.375112399458885 1
      vertex 11.717356763780117 -16.08078834414482 1
      vertex 11.717356763780117 -16.08078834414482 0
    endloop
  endfacet
  facet normal -0.38268316392400487 0.9238796437031791 0
    outer loop
      vertex 11.717356763780117 -16.08078834414482 1
      vertex 11.731858670711517 -16.074781462550163 0
      vertex 11.717356763780117 -16.08078834414482 0
    endloop
  endfacet
  facet normal -0.38268316392400487 0.9238796437031791 0
    outer loop
      vertex 11.717356763780117 -16.08078834414482 1
      vertex 11.731858670711517 -16.074781462550163 1
      vertex 11.731858670711517 -16.074781462550163 0
    endloop
  endfacet
  facet normal 0 0 -1
    outer loop
      vertex -10.687672011554241 -2.591490939259529 1
      vertex 11.717356763780117 -16.08078834414482 1
      vertex 10.850306048989296 -16.375112399458885 1
    endloop
  endfacet
  facet normal 0 0 -1
    outer loop
      vertex -10.687672011554241 -2.591490939259529 1
      vertex 11.731858670711517 -16.074781462550163 1
      vertex 11.717356763780117 -16.08078834414482 1
    endloop
  endfacet
  facet normal 0 0 -1
    outer loop
      vertex -10.687672011554241 -2.591490939259529 1
      vertex 12.553074643015862 -15.66980256140232 1
      vertex 11.731858670711517 -16.074781462550163 1
    endloop
  endfacet
  facet normal 0 0 -1
    outer loop
      vertex -10.687672011554241 -2.591490939259529 1
      vertex 12.566668428480625 -15.661954179406166 1
      vertex 12.553074643015862 -15.66980256140232 1
    endloop
  endfacet
  facet normal 0 0 -1
    outer loop
      vertex -10.687672011554241 -2.591490939259529 1
      vertex 13.32799842953682 -15.153249733150005 1
      vertex 12.566668428480625 -15.661954179406166 1
    endloop
  endfacet
  facet normal 0 0 -1
    outer loop
      vertex -10.687672011554241 -2.591490939259529 1
      vertex 13.340451501309872 -15.143694162368774 1
      vertex 13.32799842953682 -15.153249733150005 1
    endloop
  endfacet
  facet normal 0 0 -1
    outer loop
      vertex -10.687672011554241 -2.591490939259529 1
      vertex 14.028868965804577 -14.539968244731426 1
      vertex 13.340451501309872 -15.143694162368774 1
    endloop
  endfacet
  facet normal 0 0 -1
    outer loop
      vertex -10.687672011554241 -2.591490939259529 1
      vertex 14.039968244731426 -14.528868965804577 1
      vertex 14.028868965804577 -14.539968244731426 1
    endloop
  endfacet
  facet normal 0 0 -1
    outer loop
      vertex -10.687672011554241 -2.591490939259529 1
      vertex 12.11093007773161 -3.1121558621525764 1
      vertex 12.553074643015862 -3.330197438597679 1
    endloop
  endfacet
  facet normal 0 0 -1
    outer loop
      vertex -10.687672011554241 -2.591490939259529 1
      vertex 12.553074643015862 -3.330197438597679 1
      vertex 12.566668428480625 -3.338045820593834 1
    endloop
  endfacet
  facet normal 0 0 -1
    outer loop
      vertex -10.687672011554241 -2.591490939259529 1
      vertex 12.566668428480625 -3.338045820593834 1
      vertex 13.32799842953682 -3.8467502668499947 1
    endloop
  endfacet
  facet normal 0 0 -1
    outer loop
      vertex -10.687672011554241 -2.591490939259529 1
      vertex 14.028868965804577 -4.460031755268574 1
      vertex 14.039968244731426 -4.471131034195423 1
    endloop
  endfacet
  facet normal 0 0 -1
    outer loop
      vertex -10.687672011554241 -2.591490939259529 1
      vertex 13.32799842953682 -3.8467502668499947 1
      vertex 13.340451501309872 -3.8563058376312256 1
    endloop
  endfacet
  facet normal 0 0 -1
    outer loop
      vertex -10.687672011554241 -2.591490939259529 1
      vertex 13.340451501309872 -3.8563058376312256 1
      vertex 14.028868965804577 -4.460031755268574 1
    endloop
  endfacet
  facet normal 0 0 -1
    outer loop
      vertex -10.687672011554241 -2.591490939259529 1
      vertex 12.322816237807274 -2.4879593923687935 1
      vertex 12.11093007773161 -3.1121558621525764 1
    endloop
  endfacet
  facet normal 0 0 -1
    outer loop
      vertex -10.687672011554241 -2.591490939259529 1
      vertex 12.326878860592842 -2.4727974981069565 1
      vertex 12.322816237807274 -2.4879593923687935 1
    endloop
  endfacet
  facet normal 0 0 -1
    outer loop
      vertex -10.687672011554241 -2.591490939259529 1
      vertex 12.469785459339619 -1.7543575167655945 1
      vertex 12.326878860592842 -2.4727974981069565 1
    endloop
  endfacet
  facet normal 0 0 -1
    outer loop
      vertex -10.687672011554241 -2.591490939259529 1
      vertex 12.471834294497967 -1.7387950494885445 1
      vertex 12.469785459339619 -1.7543575167655945 1
    endloop
  endfacet
  facet normal 0 0 -1
    outer loop
      vertex -10.687672011554241 -2.591490939259529 1
      vertex 12.51974307000637 -1.0078483745455742 1
      vertex 12.471834294497967 -1.7387950494885445 1
    endloop
  endfacet
  facet normal 0 0 -1
    outer loop
      vertex -10.687672011554241 -2.591490939259529 1
      vertex 12.51974307000637 -0.9921516254544258 1
      vertex 12.51974307000637 -1.0078483745455742 1
    endloop
  endfacet
  facet normal 0 0 -1
    outer loop
      vertex -10.687672011554241 -2.591490939259529 1
      vertex 12.471834294497967 -0.26120495051145554 1
      vertex 12.51974307000637 -0.9921516254544258 1
    endloop
  endfacet
  facet normal 0 0 -1
    outer loop
      vertex -10.687672011554241 -2.591490939259529 1
      vertex 12.469785459339619 -0.24564248323440552 1
      vertex 12.471834294497967 -0.26120495051145554 1
    endloop
  endfacet
  facet normal 0 0 -1
    outer loop
      vertex -10.687672011554241 -2.591490939259529 1
      vertex 12.326878860592842 0.4727974981069565 1
      vertex 12.469785459339619 -0.24564248323440552 1
    endloop
  endfacet
  facet normal 0 0 -1
    outer loop
      vertex -10.687672011554241 -2.591490939259529 1
      vertex 12.322816237807274 0.4879593923687935 1
      vertex 12.326878860592842 0.4727974981069565 1
    endloop
  endfacet
  facet normal 0 0 -1
    outer loop
      vertex -10.687672011554241 -2.591490939259529 1
      vertex 12.087356992065907 1.181599959731102 1
      vertex 12.322816237807274 0.4879593923687935 1
    endloop
  endfacet
  facet normal 0 0 -1
    outer loop
      vertex -10.687672011554241 -2.591490939259529 1
      vertex 12.081350110471249 1.1961018666625023 1
      vertex 12.087356992065907 1.181599959731102 1
    endloop
  endfacet
  facet normal 0 0 -1
    outer loop
      vertex -10.687672011554241 -2.591490939259529 1
      vertex 14.643694162368774 -13.840451501309872 1
      vertex 14.039968244731426 -14.528868965804577 1
    endloop
  endfacet
  facet normal 0 0 -1
    outer loop
      vertex -10.687672011554241 -2.591490939259529 1
      vertex 14.653249733150005 -13.82799842953682 1
      vertex 14.643694162368774 -13.840451501309872 1
    endloop
  endfacet
  facet normal 0 0 -1
    outer loop
      vertex -10.687672011554241 -2.591490939259529 1
      vertex 15.161954179406166 -13.066668428480625 1
      vertex 14.653249733150005 -13.82799842953682 1
    endloop
  endfacet
  facet normal 0 0 -1
    outer loop
      vertex -10.687672011554241 -2.591490939259529 1
      vertex 15.16980256140232 -13.053074643015862 1
      vertex 15.161954179406166 -13.066668428480625 1
    endloop
  endfacet
  facet normal 0 0 -1
    outer loop
      vertex -10.687672011554241 -2.591490939259529 1
      vertex 15.574781462550163 -12.231858670711517 1
      vertex 15.16980256140232 -13.053074643015862 1
    endloop
  endfacet
  facet normal 0 0 -1
    outer loop
      vertex -10.687672011554241 -2.591490939259529 1
      vertex 15.580788344144821 -12.217356763780117 1
      vertex 15.574781462550163 -12.231858670711517 1
    endloop
  endfacet
  facet normal 0 0 -1
    outer loop
      vertex -10.687672011554241 -2.591490939259529 1
      vertex 15.875112399458885 -11.350306048989296 1
      vertex 15.580788344144821 -12.217356763780117 1
    endloop
  endfacet
  facet normal 0 0 -1
    outer loop
      vertex -10.687672011554241 -2.591490939259529 1
      vertex 15.879175022244453 -11.335144154727459 1
      vertex 15.875112399458885 -11.350306048989296 1
    endloop
  endfacet
  facet normal 0 0 -1
    outer loop
      vertex -10.687672011554241 -2.591490939259529 1
      vertex 16.05780826508999 -10.437094189226627 1
      vertex 15.879175022244453 -11.335144154727459 1
    endloop
  endfacet
  facet normal 0 0 -1
    outer loop
      vertex -10.687672011554241 -2.591490939259529 1
      vertex 16.059857100248337 -10.421531721949577 1
      vertex 16.05780826508999 -10.437094189226627 1
    endloop
  endfacet
  facet normal 0 0 -1
    outer loop
      vertex -10.687672011554241 -2.591490939259529 1
      vertex 16.119743071496487 -9.507848374545574 1
      vertex 16.059857100248337 -10.421531721949577 1
    endloop
  endfacet
  facet normal 0 0 -1
    outer loop
      vertex -10.687672011554241 -2.591490939259529 1
      vertex 16.119743071496487 -9.492151625454426 1
      vertex 16.119743071496487 -9.507848374545574 1
    endloop
  endfacet
  facet normal 0 0 -1
    outer loop
      vertex -10.687672011554241 -2.591490939259529 1
      vertex 16.059857100248337 -8.578468278050423 1
      vertex 16.119743071496487 -9.492151625454426 1
    endloop
  endfacet
  facet normal 0 0 -1
    outer loop
      vertex -10.687672011554241 -2.591490939259529 1
      vertex 16.05780826508999 -8.562905810773373 1
      vertex 16.059857100248337 -8.578468278050423 1
    endloop
  endfacet
  facet normal 0 0 -1
    outer loop
      vertex -10.687672011554241 -2.591490939259529 1
      vertex 15.879175022244453 -7.664855845272541 1
      vertex 16.05780826508999 -8.562905810773373 1
    endloop
  endfacet
  facet normal 0 0 -1
    outer loop
      vertex -10.687672011554241 -2.591490939259529 1
      vertex 15.875112399458885 -7.649693951010704 1
      vertex 15.879175022244453 -7.664855845272541 1
    endloop
  endfacet
  facet normal 0 0 -1
    outer loop
      vertex -10.687672011554241 -2.591490939259529 1
      vertex 15.161954179406166 -5.933331571519375 1
      vertex 15.16980256140232 -5.9469253569841385 1
    endloop
  endfacet
  facet normal 0 0 -1
    outer loop
      vertex -10.687672011554241 -2.591490939259529 1
      vertex 14.653249733150005 -5.1720015704631805 1
      vertex 15.161954179406166 -5.933331571519375 1
    endloop
  endfacet
  facet normal 0 0 -1
    outer loop
      vertex -10.687672011554241 -2.591490939259529 1
      vertex 15.580788344144821 -6.782643236219883 1
      vertex 15.875112399458885 -7.649693951010704 1
    endloop
  endfacet
  facet normal 0 0 -1
    outer loop
      vertex -10.687672011554241 -2.591490939259529 1
      vertex 15.574781462550163 -6.768141329288483 1
      vertex 15.580788344144821 -6.782643236219883 1
    endloop
  endfacet
  facet normal 0 0 -1
    outer loop
      vertex -10.687672011554241 -2.591490939259529 1
      vertex 15.16980256140232 -5.9469253569841385 1
      vertex 15.574781462550163 -6.768141329288483 1
    endloop
  endfacet
  facet normal 0 0 -1
    outer loop
      vertex -10.687672011554241 -2.591490939259529 1
      vertex 14.039968244731426 -4.471131034195423 1
      vertex 14.643694162368774 -5.159548498690128 1
    endloop
  endfacet
  facet normal 0 0 -1
    outer loop
      vertex -10.687672011554241 -2.591490939259529 1
      vertex 14.643694162368774 -5.159548498690128 1
      vertex 14.653249733150005 -5.1720015704631805 1
    endloop
  endfacet
  facet normal -0.4422886907655121 0.8968727412631791 0
    outer loop
      vertex 11.731858670711517 -16.074781462550163 1
      vertex 12.553074643015862 -15.66980256140232 0
      vertex 11.731858670711517 -16.074781462550163 0
    endloop
  endfacet
  facet normal -0.5000003009587185 0.8660252300257718 0
    outer loop
      vertex 12.553074643015862 -15.66980256140232 1
      vertex 12.566668428480625 -15.661954179406166 0
      vertex 12.553074643015862 -15.66980256140232 0
    endloop
  endfacet
  facet normal -0.5555702353929249 0.8314696107167417 0
    outer loop
      vertex 12.566668428480625 -15.661954179406166 1
      vertex 13.32799842953682 -15.153249733150005 0
      vertex 12.566668428480625 -15.661954179406166 0
    endloop
  endfacet
  facet normal -0.4422886907655121 0.8968727412631791 0
    outer loop
      vertex 11.731858670711517 -16.074781462550163 1
      vertex 12.553074643015862 -15.66980256140232 1
      vertex 12.553074643015862 -15.66980256140232 0
    endloop
  endfacet
  facet normal -0.5000003009587185 0.8660252300257718 0
    outer loop
      vertex 12.553074643015862 -15.66980256140232 1
      vertex 12.566668428480625 -15.661954179406166 1
      vertex 12.566668428480625 -15.661954179406166 0
    endloop
  endfacet
  facet normal -0.5555702353929249 0.8314696107167417 0
    outer loop
      vertex 12.566668428480625 -15.661954179406166 1
      vertex 13.32799842953682 -15.153249733150005 1
      vertex 13.32799842953682 -15.153249733150005 0
    endloop
  endfacet
  facet normal -0.6087611373564442 0.7933535640838127 0
    outer loop
      vertex 13.32799842953682 -15.153249733150005 1
      vertex 13.340451501309872 -15.143694162368774 0
      vertex 13.32799842953682 -15.153249733150005 0
    endloop
  endfacet
  facet normal -0.6593458179165815 0.7518398050089622 0
    outer loop
      vertex 13.340451501309872 -15.143694162368774 1
      vertex 14.028868965804577 -14.539968244731426 0
      vertex 13.340451501309872 -15.143694162368774 0
    endloop
  endfacet
  facet normal -0.6087611373564442 0.7933535640838127 0
    outer loop
      vertex 13.32799842953682 -15.153249733150005 1
      vertex 13.340451501309872 -15.143694162368774 1
      vertex 13.340451501309872 -15.143694162368774 0
    endloop
  endfacet
  facet normal -0.6593458179165815 0.7518398050089622 0
    outer loop
      vertex 13.340451501309872 -15.143694162368774 1
      vertex 14.028868965804577 -14.539968244731426 1
      vertex 14.028868965804577 -14.539968244731426 0
    endloop
  endfacet
  facet normal -0.7071067811865475 0.7071067811865475 0
    outer loop
      vertex 14.028868965804577 -14.539968244731426 1
      vertex 14.039968244731426 -14.528868965804577 0
      vertex 14.028868965804577 -14.539968244731426 0
    endloop
  endfacet
  facet normal -0.7518398050089622 0.6593458179165815 0
    outer loop
      vertex 14.039968244731426 -14.528868965804577 1
      vertex 14.643694162368774 -13.840451501309872 0
      vertex 14.039968244731426 -14.528868965804577 0
    endloop
  endfacet
  facet normal -0.7933535640838127 0.6087611373564442 0
    outer loop
      vertex 14.643694162368774 -13.840451501309872 1
      vertex 14.653249733150005 -13.82799842953682 0
      vertex 14.643694162368774 -13.840451501309872 0
    endloop
  endfacet
  facet normal -0.7071067811865475 0.7071067811865475 0
    outer loop
      vertex 14.028868965804577 -14.539968244731426 1
      vertex 14.039968244731426 -14.528868965804577 1
      vertex 14.039968244731426 -14.528868965804577 0
    endloop
  endfacet
  facet normal -0.7518398050089622 0.6593458179165815 0
    outer loop
      vertex 14.039968244731426 -14.528868965804577 1
      vertex 14.643694162368774 -13.840451501309872 1
      vertex 14.643694162368774 -13.840451501309872 0
    endloop
  endfacet
  facet normal -0.7933535640838127 0.6087611373564442 0
    outer loop
      vertex 14.643694162368774 -13.840451501309872 1
      vertex 14.653249733150005 -13.82799842953682 1
      vertex 14.653249733150005 -13.82799842953682 0
    endloop
  endfacet
  facet normal -0.8314696107167417 0.5555702353929249 0
    outer loop
      vertex 14.653249733150005 -13.82799842953682 1
      vertex 15.161954179406166 -13.066668428480625 0
      vertex 14.653249733150005 -13.82799842953682 0
    endloop
  endfacet
  facet normal -0.8314696107167417 0.5555702353929249 0
    outer loop
      vertex 14.653249733150005 -13.82799842953682 1
      vertex 15.161954179406166 -13.066668428480625 1
      vertex 15.161954179406166 -13.066668428480625 0
    endloop
  endfacet
  facet normal -0.8660252300257718 0.5000003009587185 0
    outer loop
      vertex 15.161954179406166 -13.066668428480625 1
      vertex 15.16980256140232 -13.053074643015862 0
      vertex 15.161954179406166 -13.066668428480625 0
    endloop
  endfacet
  facet normal -0.8968727412631791 0.4422886907655121 0
    outer loop
      vertex 15.16980256140232 -13.053074643015862 1
      vertex 15.574781462550163 -12.231858670711517 0
      vertex 15.16980256140232 -13.053074643015862 0
    endloop
  endfacet
  facet normal -0.9238796437031791 0.38268316392400487 0
    outer loop
      vertex 15.574781462550163 -12.231858670711517 1
      vertex 15.580788344144821 -12.217356763780117 0
      vertex 15.574781462550163 -12.231858670711517 0
    endloop
  endfacet
  facet normal -0.9469301303169256 0.32143946288215797 0
    outer loop
      vertex 15.580788344144821 -12.217356763780117 1
      vertex 15.875112399458885 -11.350306048989296 0
      vertex 15.580788344144821 -12.217356763780117 0
    endloop
  endfacet
  facet normal -0.8660252300257718 0.5000003009587185 0
    outer loop
      vertex 15.161954179406166 -13.066668428480625 1
      vertex 15.16980256140232 -13.053074643015862 1
      vertex 15.16980256140232 -13.053074643015862 0
    endloop
  endfacet
  facet normal -0.8968727412631791 0.4422886907655121 0
    outer loop
      vertex 15.16980256140232 -13.053074643015862 1
      vertex 15.574781462550163 -12.231858670711517 1
      vertex 15.574781462550163 -12.231858670711517 0
    endloop
  endfacet
  facet normal -0.9238796437031791 0.38268316392400487 0
    outer loop
      vertex 15.574781462550163 -12.231858670711517 1
      vertex 15.580788344144821 -12.217356763780117 1
      vertex 15.580788344144821 -12.217356763780117 0
    endloop
  endfacet
  facet normal -0.9659257392903811 0.2588193697858235 0
    outer loop
      vertex 15.875112399458885 -11.350306048989296 1
      vertex 15.879175022244453 -11.335144154727459 0
      vertex 15.875112399458885 -11.350306048989296 0
    endloop
  endfacet
  facet normal -0.9807852807830233 0.19509032010678037 0
    outer loop
      vertex 15.879175022244453 -11.335144154727459 1
      vertex 16.05780826508999 -10.437094189226627 0
      vertex 15.879175022244453 -11.335144154727459 0
    endloop
  endfacet
  facet normal -0.9914448822097214 0.13052603395549764 0
    outer loop
      vertex 16.05780826508999 -10.437094189226627 1
      vertex 16.059857100248337 -10.421531721949577 0
      vertex 16.05780826508999 -10.437094189226627 0
    endloop
  endfacet
  facet normal -0.9469301303169256 0.32143946288215797 0
    outer loop
      vertex 15.580788344144821 -12.217356763780117 1
      vertex 15.875112399458885 -11.350306048989296 1
      vertex 15.875112399458885 -11.350306048989296 0
    endloop
  endfacet
  facet normal -0.9659257392903811 0.2588193697858235 0
    outer loop
      vertex 15.875112399458885 -11.350306048989296 1
      vertex 15.879175022244453 -11.335144154727459 1
      vertex 15.879175022244453 -11.335144154727459 0
    endloop
  endfacet
  facet normal -0.9807852807830233 0.19509032010678037 0
    outer loop
      vertex 15.879175022244453 -11.335144154727459 1
      vertex 16.05780826508999 -10.437094189226627 1
      vertex 16.05780826508999 -10.437094189226627 0
    endloop
  endfacet
  facet normal -0.9914448822097214 0.13052603395549764 0
    outer loop
      vertex 16.05780826508999 -10.437094189226627 1
      vertex 16.059857100248337 -10.421531721949577 1
      vertex 16.059857100248337 -10.421531721949577 0
    endloop
  endfacet
  facet normal -0.997858923185669 0.06540313003776756 0
    outer loop
      vertex 16.059857100248337 -10.421531721949577 1
      vertex 16.119743071496487 -9.507848374545574 0
      vertex 16.059857100248337 -10.421531721949577 0
    endloop
  endfacet
  facet normal -1 0 0
    outer loop
      vertex 16.119743071496487 -9.507848374545574 1
      vertex 16.119743071496487 -9.492151625454426 0
      vertex 16.119743071496487 -9.507848374545574 0
    endloop
  endfacet
  facet normal -0.997858923185669 -0.06540313003776756 0
    outer loop
      vertex 16.119743071496487 -9.492151625454426 1
      vertex 16.059857100248337 -8.578468278050423 0
      vertex 16.119743071496487 -9.492151625454426 0
    endloop
  endfacet
  facet normal -0.997858923185669 0.06540313003776756 0
    outer loop
      vertex 16.059857100248337 -10.421531721949577 1
      vertex 16.119743071496487 -9.507848374545574 1
      vertex 16.119743071496487 -9.507848374545574 0
    endloop
  endfacet
  facet normal -1 0 0
    outer loop
      vertex 16.119743071496487 -9.507848374545574 1
      vertex 16.119743071496487 -9.492151625454426 1
      vertex 16.119743071496487 -9.492151625454426 0
    endloop
  endfacet
  facet normal -0.997858923185669 -0.06540313003776756 0
    outer loop
      vertex 16.119743071496487 -9.492151625454426 1
      vertex 16.059857100248337 -8.578468278050423 1
      vertex 16.059857100248337 -8.578468278050423 0
    endloop
  endfacet
  facet normal -0.9914448822097214 -0.13052603395549764 0
    outer loop
      vertex 16.059857100248337 -8.578468278050423 1
      vertex 16.05780826508999 -8.562905810773373 0
      vertex 16.059857100248337 -8.578468278050423 0
    endloop
  endfacet
  facet normal -0.9807852807830233 -0.19509032010678037 0
    outer loop
      vertex 16.05780826508999 -8.562905810773373 1
      vertex 15.879175022244453 -7.664855845272541 0
      vertex 16.05780826508999 -8.562905810773373 0
    endloop
  endfacet
  facet normal -0.9469301303169256 -0.32143946288215797 0
    outer loop
      vertex 15.875112399458885 -7.649693951010704 1
      vertex 15.580788344144821 -6.782643236219883 0
      vertex 15.875112399458885 -7.649693951010704 0
    endloop
  endfacet
  facet normal -0.9659257392903811 -0.2588193697858235 0
    outer loop
      vertex 15.879175022244453 -7.664855845272541 1
      vertex 15.875112399458885 -7.649693951010704 0
      vertex 15.879175022244453 -7.664855845272541 0
    endloop
  endfacet
  facet normal -0.9914448822097214 -0.13052603395549764 0
    outer loop
      vertex 16.059857100248337 -8.578468278050423 1
      vertex 16.05780826508999 -8.562905810773373 1
      vertex 16.05780826508999 -8.562905810773373 0
    endloop
  endfacet
  facet normal -0.9807852807830233 -0.19509032010678037 0
    outer loop
      vertex 16.05780826508999 -8.562905810773373 1
      vertex 15.879175022244453 -7.664855845272541 1
      vertex 15.879175022244453 -7.664855845272541 0
    endloop
  endfacet
  facet normal -0.9659257392903811 -0.2588193697858235 0
    outer loop
      vertex 15.879175022244453 -7.664855845272541 1
      vertex 15.875112399458885 -7.649693951010704 1
      vertex 15.875112399458885 -7.649693951010704 0
    endloop
  endfacet
  facet normal -0.8660252300257718 -0.5000003009587185 0
    outer loop
      vertex 15.16980256140232 -5.9469253569841385 1
      vertex 15.161954179406166 -5.933331571519375 0
      vertex 15.16980256140232 -5.9469253569841385 0
    endloop
  endfacet
  facet normal -0.9238796437031791 -0.38268316392400487 0
    outer loop
      vertex 15.580788344144821 -6.782643236219883 1
      vertex 15.574781462550163 -6.768141329288483 0
      vertex 15.580788344144821 -6.782643236219883 0
    endloop
  endfacet
  facet normal -0.8968727412631791 -0.4422886907655121 0
    outer loop
      vertex 15.574781462550163 -6.768141329288483 1
      vertex 15.16980256140232 -5.9469253569841385 0
      vertex 15.574781462550163 -6.768141329288483 0
    endloop
  endfacet
  facet normal -0.8660252300257718 -0.5000003009587185 0
    outer loop
      vertex 15.16980256140232 -5.9469253569841385 1
      vertex 15.161954179406166 -5.933331571519375 1
      vertex 15.161954179406166 -5.933331571519375 0
    endloop
  endfacet
  facet normal -0.8968727412631791 -0.4422886907655121 0
    outer loop
      vertex 15.574781462550163 -6.768141329288483 1
      vertex 15.16980256140232 -5.9469253569841385 1
      vertex 15.16980256140232 -5.9469253569841385 0
    endloop
  endfacet
  facet normal -0.9469301303169256 -0.32143946288215797 0
    outer loop
      vertex 15.875112399458885 -7.649693951010704 1
      vertex 15.580788344144821 -6.782643236219883 1
      vertex 15.580788344144821 -6.782643236219883 0
    endloop
  endfacet
  facet normal -0.9238796437031791 -0.38268316392400487 0
    outer loop
      vertex 15.580788344144821 -6.782643236219883 1
      vertex 15.574781462550163 -6.768141329288483 1
      vertex 15.574781462550163 -6.768141329288483 0
    endloop
  endfacet
  facet normal -0.44228870071147636 -0.8968727363583722 0
    outer loop
      vertex 12.553074643015862 -3.330197438597679 1
      vertex 12.11093007773161 -3.1121558621525764 0
      vertex 12.553074643015862 -3.330197438597679 0
    endloop
  endfacet
  facet normal -0.5555702353929249 -0.8314696107167417 0
    outer loop
      vertex 13.32799842953682 -3.8467502668499947 1
      vertex 12.566668428480625 -3.338045820593834 0
      vertex 13.32799842953682 -3.8467502668499947 0
    endloop
  endfacet
  facet normal -0.5000003009587185 -0.8660252300257718 0
    outer loop
      vertex 12.566668428480625 -3.338045820593834 1
      vertex 12.553074643015862 -3.330197438597679 0
      vertex 12.566668428480625 -3.338045820593834 0
    endloop
  endfacet
  facet normal -0.44228870071147636 -0.8968727363583722 0
    outer loop
      vertex 12.11093007773161 -3.1121558621525764 1
      vertex 12.11093007773161 -3.1121558621525764 0
      vertex 12.553074643015862 -3.330197438597679 1
    endloop
  endfacet
  facet normal -0.5000003009587185 -0.8660252300257718 0
    outer loop
      vertex 12.553074643015862 -3.330197438597679 1
      vertex 12.553074643015862 -3.330197438597679 0
      vertex 12.566668428480625 -3.338045820593834 1
    endloop
  endfacet
  facet normal -0.5555702353929249 -0.8314696107167417 0
    outer loop
      vertex 12.566668428480625 -3.338045820593834 1
      vertex 12.566668428480625 -3.338045820593834 0
      vertex 13.32799842953682 -3.8467502668499947 1
    endloop
  endfacet
  facet normal -0.7933535640838127 -0.6087611373564442 0
    outer loop
      vertex 14.653249733150005 -5.1720015704631805 1
      vertex 14.643694162368774 -5.159548498690128 0
      vertex 14.653249733150005 -5.1720015704631805 0
    endloop
  endfacet
  facet normal -0.7071067811865475 -0.7071067811865475 0
    outer loop
      vertex 14.039968244731426 -4.471131034195423 1
      vertex 14.028868965804577 -4.460031755268574 0
      vertex 14.039968244731426 -4.471131034195423 0
    endloop
  endfacet
  facet normal -0.7518398050089622 -0.6593458179165815 0
    outer loop
      vertex 14.643694162368774 -5.159548498690128 1
      vertex 14.039968244731426 -4.471131034195423 0
      vertex 14.643694162368774 -5.159548498690128 0
    endloop
  endfacet
  facet normal -0.7933535640838127 -0.6087611373564442 0
    outer loop
      vertex 14.653249733150005 -5.1720015704631805 1
      vertex 14.643694162368774 -5.159548498690128 1
      vertex 14.643694162368774 -5.159548498690128 0
    endloop
  endfacet
  facet normal -0.7071067811865475 -0.7071067811865475 0
    outer loop
      vertex 14.039968244731426 -4.471131034195423 1
      vertex 14.028868965804577 -4.460031755268574 1
      vertex 14.028868965804577 -4.460031755268574 0
    endloop
  endfacet
  facet normal -0.7518398050089622 -0.6593458179165815 0
    outer loop
      vertex 14.643694162368774 -5.159548498690128 1
      vertex 14.039968244731426 -4.471131034195423 1
      vertex 14.039968244731426 -4.471131034195423 0
    endloop
  endfacet
  facet normal -0.6087611373564442 -0.7933535640838127 0
    outer loop
      vertex 13.340451501309872 -3.8563058376312256 1
      vertex 13.32799842953682 -3.8467502668499947 0
      vertex 13.340451501309872 -3.8563058376312256 0
    endloop
  endfacet
  facet normal -0.6593458179165815 -0.7518398050089622 0
    outer loop
      vertex 14.028868965804577 -4.460031755268574 1
      vertex 13.340451501309872 -3.8563058376312256 0
      vertex 14.028868965804577 -4.460031755268574 0
    endloop
  endfacet
  facet normal -0.6593458179165815 -0.7518398050089622 0
    outer loop
      vertex 13.340451501309872 -3.8563058376312256 1
      vertex 13.340451501309872 -3.8563058376312256 0
      vertex 14.028868965804577 -4.460031755268574 1
    endloop
  endfacet
  facet normal -0.6087611373564442 -0.7933535640838127 0
    outer loop
      vertex 13.340451501309872 -3.8563058376312256 1
      vertex 13.32799842953682 -3.8467502668499947 1
      vertex 13.32799842953682 -3.8467502668499947 0
    endloop
  endfacet
  facet normal -0.9469301248590278 0.3214394789606062 0
    outer loop
      vertex 12.11093007773161 -3.1121558621525764 1
      vertex 12.322816237807274 -2.4879593923687935 0
      vertex 12.11093007773161 -3.1121558621525764 0
    endloop
  endfacet
  facet normal -0.9659257392903811 0.2588193697858235 0
    outer loop
      vertex 12.322816237807274 -2.4879593923687935 1
      vertex 12.326878860592842 -2.4727974981069565 0
      vertex 12.322816237807274 -2.4879593923687935 0
    endloop
  endfacet
  facet normal -0.9807852800798581 0.19509032364183077 0
    outer loop
      vertex 12.326878860592842 -2.4727974981069565 1
      vertex 12.469785459339619 -1.7543575167655945 0
      vertex 12.326878860592842 -2.4727974981069565 0
    endloop
  endfacet
  facet normal -0.9914448822097214 0.13052603395549764 0
    outer loop
      vertex 12.469785459339619 -1.7543575167655945 1
      vertex 12.471834294497967 -1.7387950494885445 0
      vertex 12.469785459339619 -1.7543575167655945 0
    endloop
  endfacet
  facet normal -0.997858923301027 0.06540312827774519 0
    outer loop
      vertex 12.471834294497967 -1.7387950494885445 1
      vertex 12.51974307000637 -1.0078483745455742 0
      vertex 12.471834294497967 -1.7387950494885445 0
    endloop
  endfacet
  facet normal -0.9469301248590278 0.3214394789606062 0
    outer loop
      vertex 12.11093007773161 -3.1121558621525764 1
      vertex 12.322816237807274 -2.4879593923687935 1
      vertex 12.322816237807274 -2.4879593923687935 0
    endloop
  endfacet
  facet normal -0.9659257392903811 0.2588193697858235 0
    outer loop
      vertex 12.322816237807274 -2.4879593923687935 1
      vertex 12.326878860592842 -2.4727974981069565 1
      vertex 12.326878860592842 -2.4727974981069565 0
    endloop
  endfacet
  facet normal -0.9807852800798581 0.19509032364183077 0
    outer loop
      vertex 12.326878860592842 -2.4727974981069565 1
      vertex 12.469785459339619 -1.7543575167655945 1
      vertex 12.469785459339619 -1.7543575167655945 0
    endloop
  endfacet
  facet normal -0.9914448822097214 0.13052603395549764 0
    outer loop
      vertex 12.469785459339619 -1.7543575167655945 1
      vertex 12.471834294497967 -1.7387950494885445 1
      vertex 12.471834294497967 -1.7387950494885445 0
    endloop
  endfacet
  facet normal -0.9914448822097214 -0.13052603395549764 0
    outer loop
      vertex 12.471834294497967 -0.26120495051145554 1
      vertex 12.469785459339619 -0.24564248323440552 0
      vertex 12.471834294497967 -0.26120495051145554 0
    endloop
  endfacet
  facet normal -0.9807852800798581 -0.19509032364183077 0
    outer loop
      vertex 12.469785459339619 -0.24564248323440552 1
      vertex 12.326878860592842 0.4727974981069565 0
      vertex 12.469785459339619 -0.24564248323440552 0
    endloop
  endfacet
  facet normal -1 0 0
    outer loop
      vertex 12.51974307000637 -1.0078483745455742 1
      vertex 12.51974307000637 -0.9921516254544258 0
      vertex 12.51974307000637 -1.0078483745455742 0
    endloop
  endfacet
  facet normal -0.997858923301027 -0.06540312827774519 0
    outer loop
      vertex 12.51974307000637 -0.9921516254544258 1
      vertex 12.471834294497967 -0.26120495051145554 0
      vertex 12.51974307000637 -0.9921516254544258 0
    endloop
  endfacet
  facet normal -0.9914448822097214 -0.13052603395549764 0
    outer loop
      vertex 12.471834294497967 -0.26120495051145554 1
      vertex 12.469785459339619 -0.24564248323440552 1
      vertex 12.469785459339619 -0.24564248323440552 0
    endloop
  endfacet
  facet normal -0.997858923301027 0.06540312827774519 0
    outer loop
      vertex 12.471834294497967 -1.7387950494885445 1
      vertex 12.51974307000637 -1.0078483745455742 1
      vertex 12.51974307000637 -1.0078483745455742 0
    endloop
  endfacet
  facet normal -1 0 0
    outer loop
      vertex 12.51974307000637 -1.0078483745455742 1
      vertex 12.51974307000637 -0.9921516254544258 1
      vertex 12.51974307000637 -0.9921516254544258 0
    endloop
  endfacet
  facet normal -0.997858923301027 -0.06540312827774519 0
    outer loop
      vertex 12.51974307000637 -0.9921516254544258 1
      vertex 12.471834294497967 -0.26120495051145554 1
      vertex 12.471834294497967 -0.26120495051145554 0
    endloop
  endfacet
  facet normal -0.8314696107167417 -0.5555702353929249 0
    outer loop
      vertex 15.161954179406166 -5.933331571519375 1
      vertex 14.653249733150005 -5.1720015704631805 0
      vertex 15.161954179406166 -5.933331571519375 0
    endloop
  endfacet
  facet normal -0.8314696107167417 -0.5555702353929249 0
    outer loop
      vertex 14.653249733150005 -5.1720015704631805 1
      vertex 14.653249733150005 -5.1720015704631805 0
      vertex 15.161954179406166 -5.933331571519375 1
    endloop
  endfacet
  facet normal 0 0 -1
    outer loop
      vertex -10.687672011554241 -2.591490939259529 1
      vertex 6.580639749765396 4.719999998807907 1
      vertex 6.799999997019768 4.719999998807907 1
    endloop
  endfacet
  facet normal 0 0 -1
    outer loop
      vertex -10.687672011554241 -2.591490939259529 1
      vertex 6.799999997019768 4.719999998807907 1
      vertex 6.807848371565342 4.719743072986603 1
    endloop
  endfacet
  facet normal 0 0 -1
    outer loop
      vertex -10.687672011554241 -2.591490939259529 1
      vertex 6.807848371565342 4.719743072986603 1
      vertex 7.538795053958893 4.671834297478199 1
    endloop
  endfacet
  facet normal 0 0 -1
    outer loop
      vertex -10.687672011554241 -2.591490939259529 1
      vertex 7.538795053958893 4.671834297478199 1
      vertex 7.554357521235943 4.669785462319851 1
    endloop
  endfacet
  facet normal 0 0 -1
    outer loop
      vertex -10.687672011554241 -2.591490939259529 1
      vertex 7.554357521235943 4.669785462319851 1
      vertex 8.272797495126724 4.526878863573074 1
    endloop
  endfacet
  facet normal 0 0 -1
    outer loop
      vertex -10.687672011554241 -2.591490939259529 1
      vertex 8.272797495126724 4.526878863573074 1
      vertex 8.287959389388561 4.522816240787506 1
    endloop
  endfacet
  facet normal 0 0 -1
    outer loop
      vertex -10.687672011554241 -2.591490939259529 1
      vertex 8.287959389388561 4.522816240787506 1
      vertex 8.98159995675087 4.287356995046139 1
    endloop
  endfacet
  facet normal 0 0 -1
    outer loop
      vertex -10.687672011554241 -2.591490939259529 1
      vertex 8.98159995675087 4.287356995046139 1
      vertex 8.99610186368227 4.281350113451481 1
    endloop
  endfacet
  facet normal 0 0 -1
    outer loop
      vertex -10.687672011554241 -2.591490939259529 1
      vertex 9.653074644505978 3.957366995513439 1
      vertex 9.666668429970741 3.9495186135172844 1
    endloop
  endfacet
  facet normal 0 0 -1
    outer loop
      vertex -10.687672011554241 -2.591490939259529 1
      vertex 8.99610186368227 4.281350113451481 1
      vertex 9.653074644505978 3.957366995513439 1
    endloop
  endfacet
  facet normal 0 0 -1
    outer loop
      vertex -7.928355135023594 4.01887184381485 1
      vertex 6.681762650609016 5.228379152715206 1
      vertex 6.580639749765396 4.719999998807907 1
    endloop
  endfacet
  facet normal 0 0 -1
    outer loop
      vertex -7.928355135023594 4.01887184381485 1
      vertex 6.6838114857673645 5.243941619992256 1
      vertex 6.681762650609016 5.228379152715206 1
    endloop
  endfacet
  facet normal 0 0 -1
    outer loop
      vertex -7.928355135023594 4.01887184381485 1
      vertex 6.719743072986603 5.792151622474194 1
      vertex 6.6838114857673645 5.243941619992256 1
    endloop
  endfacet
  facet normal 0 0 -1
    outer loop
      vertex -7.928355135023594 4.01887184381485 1
      vertex 6.6838114857673645 6.35605838149786 1
      vertex 6.719743072986603 5.807848371565342 1
    endloop
  endfacet
  facet normal 0 0 -1
    outer loop
      vertex -7.928355135023594 4.01887184381485 1
      vertex 6.681762650609016 6.37162084877491 1
      vertex 6.6838114857673645 6.35605838149786 1
    endloop
  endfacet
  facet normal 0 0 -1
    outer loop
      vertex -7.928355135023594 4.01887184381485 1
      vertex 6.574582703411579 6.910450831055641 1
      vertex 6.681762650609016 6.37162084877491 1
    endloop
  endfacet
  facet normal 0 0 -1
    outer loop
      vertex -7.928355135023594 4.01887184381485 1
      vertex 6.719743072986603 5.807848371565342 1
      vertex 6.719743072986603 5.792151622474194 1
    endloop
  endfacet
  facet normal 0 0 -1
    outer loop
      vertex -10.687672011554241 -2.591490939259529 1
      vertex 10.288185499608517 3.532999485731125 1
      vertex 10.83891947567463 3.05001875013113 1
    endloop
  endfacet
  facet normal 0 0 -1
    outer loop
      vertex -10.687672011554241 -2.591490939259529 1
      vertex 10.83891947567463 3.05001875013113 1
      vertex 10.850018754601479 3.038919471204281 1
    endloop
  endfacet
  facet normal 0 0 -1
    outer loop
      vertex -10.687672011554241 -2.591490939259529 1
      vertex 11.757366992533207 1.8530746400356293 1
      vertex 12.081350110471249 1.1961018666625023 1
    endloop
  endfacet
  facet normal 0 0 -1
    outer loop
      vertex -10.687672011554241 -2.591490939259529 1
      vertex 11.342555053532124 2.4757324308156967 1
      vertex 11.749518610537052 1.866668425500393 1
    endloop
  endfacet
  facet normal 0 0 -1
    outer loop
      vertex -10.687672011554241 -2.591490939259529 1
      vertex 11.749518610537052 1.866668425500393 1
      vertex 11.757366992533207 1.8530746400356293 1
    endloop
  endfacet
  facet normal 0 0 -1
    outer loop
      vertex -10.687672011554241 -2.591490939259529 1
      vertex 10.850018754601479 3.038919471204281 1
      vertex 11.332999482750893 2.488185502588749 1
    endloop
  endfacet
  facet normal 0 0 -1
    outer loop
      vertex -10.687672011554241 -2.591490939259529 1
      vertex 11.332999482750893 2.488185502588749 1
      vertex 11.342555053532124 2.4757324308156967 1
    endloop
  endfacet
  facet normal 0 0 -1
    outer loop
      vertex -10.687672011554241 -2.591490939259529 1
      vertex 9.666668429970741 3.9495186135172844 1
      vertex 10.275732427835464 3.542555056512356 1
    endloop
  endfacet
  facet normal 0 0 -1
    outer loop
      vertex -10.687672011554241 -2.591490939259529 1
      vertex 10.275732427835464 3.542555056512356 1
      vertex 10.288185499608517 3.532999485731125 1
    endloop
  endfacet
  facet normal 0 0 -1
    outer loop
      vertex -7.928355135023594 4.01887184381485 1
      vertex 5.448969982564449 8.860069260001183 1
      vertex 5.460069261491299 8.848969981074333 1
    endloop
  endfacet
  facet normal 0 0 -1
    outer loop
      vertex -7.928355135023594 4.01887184381485 1
      vertex 5.822304807603359 8.435919500887394 1
      vertex 5.83186037838459 8.423466429114342 1
    endloop
  endfacet
  facet normal 0 0 -1
    outer loop
      vertex -7.928355135023594 4.01887184381485 1
      vertex 6.137083046138287 7.966668426990509 1
      vertex 6.144931428134441 7.953074641525745 1
    endloop
  endfacet
  facet normal 0 0 -1
    outer loop
      vertex -7.928355135023594 4.01887184381485 1
      vertex 5.83186037838459 8.423466429114342 1
      vertex 6.137083046138287 7.966668426990509 1
    endloop
  endfacet
  facet normal 0 0 -1
    outer loop
      vertex -7.928355135023594 4.01887184381485 1
      vertex 5.460069261491299 8.848969981074333 1
      vertex 5.822304807603359 8.435919500887394 1
    endloop
  endfacet
  facet normal 0 0 -1
    outer loop
      vertex -7.928355135023594 4.01887184381485 1
      vertex 4.045843154191971 9.793925650417805 1
      vertex 4.060345061123371 9.787918768823147 1
    endloop
  endfacet
  facet normal 0 0 -1
    outer loop
      vertex -7.928355135023594 4.01887184381485 1
      vertex 4.060345061123371 9.787918768823147 1
      vertex 4.5530746430158615 9.544931426644325 1
    endloop
  endfacet
  facet normal 0 0 -1
    outer loop
      vertex -7.928355135023594 4.01887184381485 1
      vertex 4.5530746430158615 9.544931426644325 1
      vertex 4.566668428480625 9.53708304464817 1
    endloop
  endfacet
  facet normal 0 0 -1
    outer loop
      vertex -7.928355135023594 4.01887184381485 1
      vertex 5.023466430604458 9.231860376894474 1
      vertex 5.03591950237751 9.222304806113243 1
    endloop
  endfacet
  facet normal 0 0 -1
    outer loop
      vertex -7.928355135023594 4.01887184381485 1
      vertex 4.566668428480625 9.53708304464817 1
      vertex 5.023466430604458 9.231860376894474 1
    endloop
  endfacet
  facet normal 0 0 -1
    outer loop
      vertex -7.928355135023594 4.01887184381485 1
      vertex 5.03591950237751 9.222304806113243 1
      vertex 5.448969982564449 8.860069260001183 1
    endloop
  endfacet
  facet normal 0 0 -1
    outer loop
      vertex -7.928355135023594 4.01887184381485 1
      vertex 6.570520080626011 6.925612725317478 1
      vertex 6.574582703411579 6.910450831055641 1
    endloop
  endfacet
  facet normal 0 0 -1
    outer loop
      vertex -7.928355135023594 4.01887184381485 1
      vertex 6.393925651907921 7.445843152701855 1
      vertex 6.570520080626011 6.925612725317478 1
    endloop
  endfacet
  facet normal 0 0 -1
    outer loop
      vertex -7.928355135023594 4.01887184381485 1
      vertex 6.387918770313263 7.460345059633255 1
      vertex 6.393925651907921 7.445843152701855 1
    endloop
  endfacet
  facet normal 0 0 -1
    outer loop
      vertex -7.928355135023594 4.01887184381485 1
      vertex 6.144931428134441 7.953074641525745 1
      vertex 6.387918770313263 7.460345059633255 1
    endloop
  endfacet
  facet normal -0.75183980711885 -0.6593458155107155 0
    outer loop
      vertex 1.1289514675736427 11.527158074080944 1
      vertex 0.8529624789953232 11.841863200068474 0
      vertex 1.1289514675736427 11.527158074080944 0
    endloop
  endfacet
  facet normal -0.8660252300257718 -0.5000003009587185 0
    outer loop
      vertex 1.378906026482582 11.153074644505978 1
      vertex 1.3710576444864273 11.166668429970741 0
      vertex 1.378906026482582 11.153074644505978 0
    endloop
  endfacet
  facet normal -0.8314696086814369 -0.5555702384389738 0
    outer loop
      vertex 1.3710576444864273 11.166668429970741 1
      vertex 1.1385070383548737 11.514705002307892 0
      vertex 1.3710576444864273 11.166668429970741 0
    endloop
  endfacet
  facet normal -0.7933535640838127 -0.6087611373564442 0
    outer loop
      vertex 1.1385070383548737 11.514705002307892 1
      vertex 1.1289514675736427 11.527158074080944 0
      vertex 1.1385070383548737 11.514705002307892 0
    endloop
  endfacet
  facet normal -0.75183980711885 -0.6593458155107155 0
    outer loop
      vertex 0.8529624789953232 11.841863200068474 1
      vertex 0.8529624789953232 11.841863200068474 0
      vertex 1.1289514675736427 11.527158074080944 1
    endloop
  endfacet
  facet normal -0.8660252300257718 -0.5000003009587185 0
    outer loop
      vertex 1.378906026482582 11.153074644505978 1
      vertex 1.3710576444864273 11.166668429970741 1
      vertex 1.3710576444864273 11.166668429970741 0
    endloop
  endfacet
  facet normal -0.8968727416694137 -0.4422886899417497 0
    outer loop
      vertex 1.378906026482582 11.153074644505978 1
      vertex 1.378906026482582 11.153074644505978 0
      vertex 1.5640392377972603 10.777661629021168 1
    endloop
  endfacet
  facet normal -0.7933535640838127 -0.6087611373564442 0
    outer loop
      vertex 1.1289514675736427 11.527158074080944 1
      vertex 1.1289514675736427 11.527158074080944 0
      vertex 1.1385070383548737 11.514705002307892 1
    endloop
  endfacet
  facet normal -0.8314696086814369 -0.5555702384389738 0
    outer loop
      vertex 1.3710576444864273 11.166668429970741 1
      vertex 1.1385070383548737 11.514705002307892 1
      vertex 1.1385070383548737 11.514705002307892 0
    endloop
  endfacet
  facet normal -0.9807852797356325 -0.19509032537237014 0
    outer loop
      vertex 1.7547313049435616 10.119999997317791 1
      vertex 1.7086568772792816 10.35163178294897 0
      vertex 1.7547313049435616 10.119999997317791 0
    endloop
  endfacet
  facet normal 0 -1 0
    outer loop
      vertex 1.7547313049435616 10.119999997317791 1
      vertex 1.7547313049435616 10.119999997317791 0
      vertex 2.399999998509884 10.119999997317791 0
    endloop
  endfacet
  facet normal -0.03271865557693578 -0.9994646014628221 0
    outer loop
      vertex 2.407848373055458 10.119743071496487 1
      vertex 2.399999998509884 10.119999997317791 0
      vertex 2.407848373055458 10.119743071496487 0
    endloop
  endfacet
  facet normal -0.06540312445929981 -0.9978589235513011 0
    outer loop
      vertex 2.956058382987976 10.083811491727829 1
      vertex 2.407848373055458 10.119743071496487 0
      vertex 2.956058382987976 10.083811491727829 0
    endloop
  endfacet
  facet normal -0.9807852797356325 -0.19509032537237014 0
    outer loop
      vertex 1.7547313049435616 10.119999997317791 1
      vertex 1.7086568772792816 10.35163178294897 1
      vertex 1.7086568772792816 10.35163178294897 0
    endloop
  endfacet
  facet normal 0 -1 0
    outer loop
      vertex 1.7547313049435616 10.119999997317791 1
      vertex 2.399999998509884 10.119999997317791 0
      vertex 2.399999998509884 10.119999997317791 1
    endloop
  endfacet
  facet normal -0.03271865557693578 -0.9994646014628221 0
    outer loop
      vertex 2.407848373055458 10.119743071496487 1
      vertex 2.399999998509884 10.119999997317791 1
      vertex 2.399999998509884 10.119999997317791 0
    endloop
  endfacet
  facet normal -0.06540312445929981 -0.9978589235513011 0
    outer loop
      vertex 2.407848373055458 10.119743071496487 1
      vertex 2.407848373055458 10.119743071496487 0
      vertex 2.956058382987976 10.083811491727829 1
    endloop
  endfacet
  facet normal -0.9659257392903811 -0.2588193697858235 0
    outer loop
      vertex 1.7086568772792816 10.35163178294897 1
      vertex 1.7045942544937134 10.366793677210808 0
      vertex 1.7086568772792816 10.35163178294897 0
    endloop
  endfacet
  facet normal -0.9469301345134817 -0.32143945051950196 0
    outer loop
      vertex 1.7045942544937134 10.366793677210808 1
      vertex 1.5700461193919182 10.763159722089767 0
      vertex 1.7045942544937134 10.366793677210808 0
    endloop
  endfacet
  facet normal -0.9238796437031791 -0.38268316392400487 0
    outer loop
      vertex 1.5700461193919182 10.763159722089767 1
      vertex 1.5640392377972603 10.777661629021168 0
      vertex 1.5700461193919182 10.763159722089767 0
    endloop
  endfacet
  facet normal -0.8968727416694137 -0.4422886899417497 0
    outer loop
      vertex 1.5640392377972603 10.777661629021168 1
      vertex 1.378906026482582 11.153074644505978 0
      vertex 1.5640392377972603 10.777661629021168 0
    endloop
  endfacet
  facet normal -0.9469301345134817 -0.32143945051950196 0
    outer loop
      vertex 1.7045942544937134 10.366793677210808 1
      vertex 1.5700461193919182 10.763159722089767 1
      vertex 1.5700461193919182 10.763159722089767 0
    endloop
  endfacet
  facet normal -0.9659257392903811 -0.2588193697858235 0
    outer loop
      vertex 1.7086568772792816 10.35163178294897 1
      vertex 1.7045942544937134 10.366793677210808 1
      vertex 1.7045942544937134 10.366793677210808 0
    endloop
  endfacet
  facet normal -0.9238796437031791 -0.38268316392400487 0
    outer loop
      vertex 1.5700461193919182 10.763159722089767 1
      vertex 1.5640392377972603 10.777661629021168 1
      vertex 1.5640392377972603 10.777661629021168 0
    endloop
  endfacet
  facet normal -0.7933535640838127 -0.6087611373564442 0
    outer loop
      vertex 5.83186037838459 8.423466429114342 1
      vertex 5.822304807603359 8.435919500887394 0
      vertex 5.83186037838459 8.423466429114342 0
    endloop
  endfacet
  facet normal -0.7518398102217979 -0.6593458119724817 0
    outer loop
      vertex 5.822304807603359 8.435919500887394 1
      vertex 5.460069261491299 8.848969981074333 0
      vertex 5.822304807603359 8.435919500887394 0
    endloop
  endfacet
  facet normal -0.7933535640838127 -0.6087611373564442 0
    outer loop
      vertex 5.822304807603359 8.435919500887394 1
      vertex 5.822304807603359 8.435919500887394 0
      vertex 5.83186037838459 8.423466429114342 1
    endloop
  endfacet
  facet normal -0.7518398102217979 -0.6593458119724817 0
    outer loop
      vertex 5.460069261491299 8.848969981074333 1
      vertex 5.460069261491299 8.848969981074333 0
      vertex 5.822304807603359 8.435919500887394 1
    endloop
  endfacet
  facet normal -0.13052603395549764 -0.9914448822097214 0
    outer loop
      vertex 2.971620850265026 10.081762656569481 1
      vertex 2.956058382987976 10.083811491727829 0
      vertex 2.971620850265026 10.081762656569481 0
    endloop
  endfacet
  facet normal -0.1950903216779139 -0.9807852804705055 0
    outer loop
      vertex 3.5104508325457573 9.974582709372044 1
      vertex 2.971620850265026 10.081762656569481 0
      vertex 3.5104508325457573 9.974582709372044 0
    endloop
  endfacet
  facet normal -0.2588193697858235 -0.9659257392903811 0
    outer loop
      vertex 3.5256127268075943 9.970520086586475 1
      vertex 3.5104508325457573 9.974582709372044 0
      vertex 3.5256127268075943 9.970520086586475 0
    endloop
  endfacet
  facet normal -0.3214394685719019 -0.9469301283855177 0
    outer loop
      vertex 4.045843154191971 9.793925650417805 1
      vertex 3.5256127268075943 9.970520086586475 0
      vertex 4.045843154191971 9.793925650417805 0
    endloop
  endfacet
  facet normal -0.38268316392400487 -0.9238796437031791 0
    outer loop
      vertex 4.060345061123371 9.787918768823147 1
      vertex 4.045843154191971 9.793925650417805 0
      vertex 4.060345061123371 9.787918768823147 0
    endloop
  endfacet
  facet normal -0.4422886940231743 -0.8968727396566777 0
    outer loop
      vertex 4.5530746430158615 9.544931426644325 1
      vertex 4.060345061123371 9.787918768823147 0
      vertex 4.5530746430158615 9.544931426644325 0
    endloop
  endfacet
  facet normal -0.13052603395549764 -0.9914448822097214 0
    outer loop
      vertex 2.956058382987976 10.083811491727829 1
      vertex 2.956058382987976 10.083811491727829 0
      vertex 2.971620850265026 10.081762656569481 1
    endloop
  endfacet
  facet normal -0.1950903216779139 -0.9807852804705055 0
    outer loop
      vertex 2.971620850265026 10.081762656569481 1
      vertex 2.971620850265026 10.081762656569481 0
      vertex 3.5104508325457573 9.974582709372044 1
    endloop
  endfacet
  facet normal -0.2588193697858235 -0.9659257392903811 0
    outer loop
      vertex 3.5256127268075943 9.970520086586475 1
      vertex 3.5104508325457573 9.974582709372044 1
      vertex 3.5104508325457573 9.974582709372044 0
    endloop
  endfacet
  facet normal -0.3214394685719019 -0.9469301283855177 0
    outer loop
      vertex 3.5256127268075943 9.970520086586475 1
      vertex 3.5256127268075943 9.970520086586475 0
      vertex 4.045843154191971 9.793925650417805 1
    endloop
  endfacet
  facet normal -0.38268316392400487 -0.9238796437031791 0
    outer loop
      vertex 4.060345061123371 9.787918768823147 1
      vertex 4.045843154191971 9.793925650417805 1
      vertex 4.045843154191971 9.793925650417805 0
    endloop
  endfacet
  facet normal -0.4422886940231743 -0.8968727396566777 0
    outer loop
      vertex 4.060345061123371 9.787918768823147 1
      vertex 4.060345061123371 9.787918768823147 0
      vertex 4.5530746430158615 9.544931426644325 1
    endloop
  endfacet
  facet normal -0.5000003009587185 -0.8660252300257718 0
    outer loop
      vertex 4.566668428480625 9.53708304464817 1
      vertex 4.5530746430158615 9.544931426644325 0
      vertex 4.566668428480625 9.53708304464817 0
    endloop
  endfacet
  facet normal -0.5555702341399925 -0.8314696115539245 0
    outer loop
      vertex 5.023466430604458 9.231860376894474 1
      vertex 4.566668428480625 9.53708304464817 0
      vertex 5.023466430604458 9.231860376894474 0
    endloop
  endfacet
  facet normal -0.6087611373564442 -0.7933535640838127 0
    outer loop
      vertex 5.03591950237751 9.222304806113243 1
      vertex 5.023466430604458 9.231860376894474 0
      vertex 5.03591950237751 9.222304806113243 0
    endloop
  endfacet
  facet normal -0.6593458119724817 -0.7518398102217979 0
    outer loop
      vertex 5.448969982564449 8.860069260001183 1
      vertex 5.03591950237751 9.222304806113243 0
      vertex 5.448969982564449 8.860069260001183 0
    endloop
  endfacet
  facet normal -0.7071067811865475 -0.7071067811865475 0
    outer loop
      vertex 5.460069261491299 8.848969981074333 1
      vertex 5.448969982564449 8.860069260001183 0
      vertex 5.460069261491299 8.848969981074333 0
    endloop
  endfacet
  facet normal -0.5000003009587185 -0.8660252300257718 0
    outer loop
      vertex 4.566668428480625 9.53708304464817 1
      vertex 4.5530746430158615 9.544931426644325 1
      vertex 4.5530746430158615 9.544931426644325 0
    endloop
  endfacet
  facet normal -0.5555702341399925 -0.8314696115539245 0
    outer loop
      vertex 5.023466430604458 9.231860376894474 1
      vertex 4.566668428480625 9.53708304464817 1
      vertex 4.566668428480625 9.53708304464817 0
    endloop
  endfacet
  facet normal -0.6087611373564442 -0.7933535640838127 0
    outer loop
      vertex 5.03591950237751 9.222304806113243 1
      vertex 5.023466430604458 9.231860376894474 1
      vertex 5.023466430604458 9.231860376894474 0
    endloop
  endfacet
  facet normal -0.6593458119724817 -0.7518398102217979 0
    outer loop
      vertex 5.03591950237751 9.222304806113243 1
      vertex 5.03591950237751 9.222304806113243 0
      vertex 5.448969982564449 8.860069260001183 1
    endloop
  endfacet
  facet normal -0.7071067811865475 -0.7071067811865475 0
    outer loop
      vertex 5.460069261491299 8.848969981074333 1
      vertex 5.448969982564449 8.860069260001183 1
      vertex 5.448969982564449 8.860069260001183 0
    endloop
  endfacet
  facet normal 0 -1 0
    outer loop
      vertex 6.799999997019768 4.719999998807907 1
      vertex 6.580639749765396 4.719999998807907 0
      vertex 6.799999997019768 4.719999998807907 0
    endloop
  endfacet
  facet normal -0.03271865557693578 -0.9994646014628221 0
    outer loop
      vertex 6.807848371565342 4.719743072986603 1
      vertex 6.799999997019768 4.719999998807907 0
      vertex 6.807848371565342 4.719743072986603 0
    endloop
  endfacet
  facet normal -0.9807852804720936 0.19509032166993007 0
    outer loop
      vertex 6.580639749765396 4.719999998807907 1
      vertex 6.681762650609016 5.228379152715206 0
      vertex 6.580639749765396 4.719999998807907 0
    endloop
  endfacet
  facet normal -0.06540312761393911 -0.9978589233445353 0
    outer loop
      vertex 7.538795053958893 4.671834297478199 1
      vertex 6.807848371565342 4.719743072986603 0
      vertex 7.538795053958893 4.671834297478199 0
    endloop
  endfacet
  facet normal -0.9914448822097214 0.13052603395549764 0
    outer loop
      vertex 6.681762650609016 5.228379152715206 1
      vertex 6.6838114857673645 5.243941619992256 0
      vertex 6.681762650609016 5.228379152715206 0
    endloop
  endfacet
  facet normal -0.9978589226082154 0.06540313884800666 0
    outer loop
      vertex 6.6838114857673645 5.243941619992256 1
      vertex 6.719743072986603 5.792151622474194 0
      vertex 6.6838114857673645 5.243941619992256 0
    endloop
  endfacet
  facet normal -1 0 0
    outer loop
      vertex 6.719743072986603 5.792151622474194 1
      vertex 6.719743072986603 5.807848371565342 0
      vertex 6.719743072986603 5.792151622474194 0
    endloop
  endfacet
  facet normal 0 -1 0
    outer loop
      vertex 6.580639749765396 4.719999998807907 1
      vertex 6.580639749765396 4.719999998807907 0
      vertex 6.799999997019768 4.719999998807907 1
    endloop
  endfacet
  facet normal -0.03271865557693578 -0.9994646014628221 0
    outer loop
      vertex 6.799999997019768 4.719999998807907 1
      vertex 6.799999997019768 4.719999998807907 0
      vertex 6.807848371565342 4.719743072986603 1
    endloop
  endfacet
  facet normal -0.9807852804720936 0.19509032166993007 0
    outer loop
      vertex 6.580639749765396 4.719999998807907 1
      vertex 6.681762650609016 5.228379152715206 1
      vertex 6.681762650609016 5.228379152715206 0
    endloop
  endfacet
  facet normal -0.06540312761393911 -0.9978589233445353 0
    outer loop
      vertex 6.807848371565342 4.719743072986603 1
      vertex 6.807848371565342 4.719743072986603 0
      vertex 7.538795053958893 4.671834297478199 1
    endloop
  endfacet
  facet normal -0.9914448822097214 0.13052603395549764 0
    outer loop
      vertex 6.681762650609016 5.228379152715206 1
      vertex 6.6838114857673645 5.243941619992256 1
      vertex 6.6838114857673645 5.243941619992256 0
    endloop
  endfacet
  facet normal -0.9978589226082154 0.06540313884800666 0
    outer loop
      vertex 6.6838114857673645 5.243941619992256 1
      vertex 6.719743072986603 5.792151622474194 1
      vertex 6.719743072986603 5.792151622474194 0
    endloop
  endfacet
  facet normal -1 0 0
    outer loop
      vertex 6.719743072986603 5.792151622474194 1
      vertex 6.719743072986603 5.807848371565342 1
      vertex 6.719743072986603 5.807848371565342 0
    endloop
  endfacet
  facet normal -0.3214394665637754 -0.946930129067185 0
    outer loop
      vertex 8.98159995675087 4.287356995046139 1
      vertex 8.287959389388561 4.522816240787506 0
      vertex 8.98159995675087 4.287356995046139 0
    endloop
  endfacet
  facet normal -0.13052603395549764 -0.9914448822097214 0
    outer loop
      vertex 7.554357521235943 4.669785462319851 1
      vertex 7.538795053958893 4.671834297478199 0
      vertex 7.554357521235943 4.669785462319851 0
    endloop
  endfacet
  facet normal -0.19509032558801184 -0.9807852796927388 0
    outer loop
      vertex 8.272797495126724 4.526878863573074 1
      vertex 7.554357521235943 4.669785462319851 0
      vertex 8.272797495126724 4.526878863573074 0
    endloop
  endfacet
  facet normal -0.2588193697858235 -0.9659257392903811 0
    outer loop
      vertex 8.287959389388561 4.522816240787506 1
      vertex 8.272797495126724 4.526878863573074 0
      vertex 8.287959389388561 4.522816240787506 0
    endloop
  endfacet
  facet normal -0.13052603395549764 -0.9914448822097214 0
    outer loop
      vertex 7.554357521235943 4.669785462319851 1
      vertex 7.538795053958893 4.671834297478199 1
      vertex 7.538795053958893 4.671834297478199 0
    endloop
  endfacet
  facet normal -0.19509032558801184 -0.9807852796927388 0
    outer loop
      vertex 7.554357521235943 4.669785462319851 1
      vertex 7.554357521235943 4.669785462319851 0
      vertex 8.272797495126724 4.526878863573074 1
    endloop
  endfacet
  facet normal -0.2588193697858235 -0.9659257392903811 0
    outer loop
      vertex 8.272797495126724 4.526878863573074 1
      vertex 8.272797495126724 4.526878863573074 0
      vertex 8.287959389388561 4.522816240787506 1
    endloop
  endfacet
  facet normal -0.3214394665637754 -0.946930129067185 0
    outer loop
      vertex 8.98159995675087 4.287356995046139 1
      vertex 8.287959389388561 4.522816240787506 1
      vertex 8.287959389388561 4.522816240787506 0
    endloop
  endfacet
  facet normal -0.8314696126004029 -0.555570232573827 0
    outer loop
      vertex 11.749518610537052 1.866668425500393 1
      vertex 11.342555053532124 2.4757324308156967 0
      vertex 11.749518610537052 1.866668425500393 0
    endloop
  endfacet
  facet normal -0.7933535640838127 -0.6087611373564442 0
    outer loop
      vertex 11.342555053532124 2.4757324308156967 1
      vertex 11.332999482750893 2.488185502588749 0
      vertex 11.342555053532124 2.4757324308156967 0
    endloop
  endfacet
  facet normal -0.7518398072739245 -0.6593458153338869 0
    outer loop
      vertex 11.332999482750893 2.488185502588749 1
      vertex 10.850018754601479 3.038919471204281 0
      vertex 11.332999482750893 2.488185502588749 0
    endloop
  endfacet
  facet normal -0.7518398072739245 -0.6593458153338869 0
    outer loop
      vertex 10.850018754601479 3.038919471204281 1
      vertex 10.850018754601479 3.038919471204281 0
      vertex 11.332999482750893 2.488185502588749 1
    endloop
  endfacet
  facet normal -0.7933535640838127 -0.6087611373564442 0
    outer loop
      vertex 11.332999482750893 2.488185502588749 1
      vertex 11.332999482750893 2.488185502588749 0
      vertex 11.342555053532124 2.4757324308156967 1
    endloop
  endfacet
  facet normal -0.8314696126004029 -0.555570232573827 0
    outer loop
      vertex 11.749518610537052 1.866668425500393 1
      vertex 11.342555053532124 2.4757324308156967 1
      vertex 11.342555053532124 2.4757324308156967 0
    endloop
  endfacet
  facet normal -0.38268316392400487 -0.9238796437031791 0
    outer loop
      vertex 8.99610186368227 4.281350113451481 1
      vertex 8.98159995675087 4.287356995046139 0
      vertex 8.99610186368227 4.281350113451481 0
    endloop
  endfacet
  facet normal -0.44228868587901865 -0.8968727436729308 0
    outer loop
      vertex 9.653074644505978 3.957366995513439 1
      vertex 8.99610186368227 4.281350113451481 0
      vertex 9.653074644505978 3.957366995513439 0
    endloop
  endfacet
  facet normal -0.5000003009587185 -0.8660252300257718 0
    outer loop
      vertex 9.666668429970741 3.9495186135172844 1
      vertex 9.653074644505978 3.957366995513439 0
      vertex 9.666668429970741 3.9495186135172844 0
    endloop
  endfacet
  facet normal -0.5555702372723236 -0.8314696094609677 0
    outer loop
      vertex 10.275732427835464 3.542555056512356 1
      vertex 9.666668429970741 3.9495186135172844 0
      vertex 10.275732427835464 3.542555056512356 0
    endloop
  endfacet
  facet normal -0.38268316392400487 -0.9238796437031791 0
    outer loop
      vertex 8.99610186368227 4.281350113451481 1
      vertex 8.98159995675087 4.287356995046139 1
      vertex 8.98159995675087 4.287356995046139 0
    endloop
  endfacet
  facet normal -0.44228868587901865 -0.8968727436729308 0
    outer loop
      vertex 8.99610186368227 4.281350113451481 1
      vertex 8.99610186368227 4.281350113451481 0
      vertex 9.653074644505978 3.957366995513439 1
    endloop
  endfacet
  facet normal -0.6087611373564442 -0.7933535640838127 0
    outer loop
      vertex 10.288185499608517 3.532999485731125 1
      vertex 10.275732427835464 3.542555056512356 1
      vertex 10.275732427835464 3.542555056512356 0
    endloop
  endfacet
  facet normal -0.5000003009587185 -0.8660252300257718 0
    outer loop
      vertex 9.653074644505978 3.957366995513439 1
      vertex 9.653074644505978 3.957366995513439 0
      vertex 9.666668429970741 3.9495186135172844 1
    endloop
  endfacet
  facet normal -0.5555702372723236 -0.8314696094609677 0
    outer loop
      vertex 9.666668429970741 3.9495186135172844 1
      vertex 9.666668429970741 3.9495186135172844 0
      vertex 10.275732427835464 3.542555056512356 1
    endloop
  endfacet
  facet normal -0.6087611373564442 -0.7933535640838127 0
    outer loop
      vertex 10.288185499608517 3.532999485731125 1
      vertex 10.275732427835464 3.542555056512356 0
      vertex 10.288185499608517 3.532999485731125 0
    endloop
  endfacet
  facet normal -0.6593458160412012 -0.7518398066536266 0
    outer loop
      vertex 10.83891947567463 3.05001875013113 1
      vertex 10.288185499608517 3.532999485731125 0
      vertex 10.83891947567463 3.05001875013113 0
    endloop
  endfacet
  facet normal -0.7071067811865475 -0.7071067811865475 0
    outer loop
      vertex 10.850018754601479 3.038919471204281 1
      vertex 10.83891947567463 3.05001875013113 0
      vertex 10.850018754601479 3.038919471204281 0
    endloop
  endfacet
  facet normal -0.6593458160412012 -0.7518398066536266 0
    outer loop
      vertex 10.83891947567463 3.05001875013113 1
      vertex 10.288185499608517 3.532999485731125 1
      vertex 10.288185499608517 3.532999485731125 0
    endloop
  endfacet
  facet normal -0.7071067811865475 -0.7071067811865475 0
    outer loop
      vertex 10.850018754601479 3.038919471204281 1
      vertex 10.83891947567463 3.05001875013113 1
      vertex 10.83891947567463 3.05001875013113 0
    endloop
  endfacet
  facet normal -0.9659257392903811 -0.2588193697858235 0
    outer loop
      vertex 6.574582703411579 6.910450831055641 1
      vertex 6.570520080626011 6.925612725317478 0
      vertex 6.574582703411579 6.910450831055641 0
    endloop
  endfacet
  facet normal -0.9469301325134204 -0.32143945641149324 0
    outer loop
      vertex 6.570520080626011 6.925612725317478 1
      vertex 6.393925651907921 7.445843152701855 0
      vertex 6.570520080626011 6.925612725317478 0
    endloop
  endfacet
  facet normal -0.9978589226662262 -0.06540313796293173 0
    outer loop
      vertex 6.719743072986603 5.807848371565342 1
      vertex 6.6838114857673645 6.35605838149786 0
      vertex 6.719743072986603 5.807848371565342 0
    endloop
  endfacet
  facet normal -0.9914448822097214 -0.13052603395549764 0
    outer loop
      vertex 6.6838114857673645 6.35605838149786 1
      vertex 6.681762650609016 6.37162084877491 0
      vertex 6.6838114857673645 6.35605838149786 0
    endloop
  endfacet
  facet normal -0.9807852804705055 -0.1950903216779139 0
    outer loop
      vertex 6.681762650609016 6.37162084877491 1
      vertex 6.574582703411579 6.910450831055641 0
      vertex 6.681762650609016 6.37162084877491 0
    endloop
  endfacet
  facet normal -0.9659257392903811 -0.2588193697858235 0
    outer loop
      vertex 6.574582703411579 6.910450831055641 1
      vertex 6.570520080626011 6.925612725317478 1
      vertex 6.570520080626011 6.925612725317478 0
    endloop
  endfacet
  facet normal -0.9469301325134204 -0.32143945641149324 0
    outer loop
      vertex 6.570520080626011 6.925612725317478 1
      vertex 6.393925651907921 7.445843152701855 1
      vertex 6.393925651907921 7.445843152701855 0
    endloop
  endfacet
  facet normal -0.9978589226662262 -0.06540313796293173 0
    outer loop
      vertex 6.719743072986603 5.807848371565342 1
      vertex 6.6838114857673645 6.35605838149786 1
      vertex 6.6838114857673645 6.35605838149786 0
    endloop
  endfacet
  facet normal -0.9914448822097214 -0.13052603395549764 0
    outer loop
      vertex 6.6838114857673645 6.35605838149786 1
      vertex 6.681762650609016 6.37162084877491 1
      vertex 6.681762650609016 6.37162084877491 0
    endloop
  endfacet
  facet normal -0.9807852804705055 -0.1950903216779139 0
    outer loop
      vertex 6.681762650609016 6.37162084877491 1
      vertex 6.574582703411579 6.910450831055641 1
      vertex 6.574582703411579 6.910450831055641 0
    endloop
  endfacet
  facet normal -0.8660252300257718 -0.5000003009587185 0
    outer loop
      vertex 6.144931428134441 7.953074641525745 1
      vertex 6.137083046138287 7.966668426990509 0
      vertex 6.144931428134441 7.953074641525745 0
    endloop
  endfacet
  facet normal -0.9238796437031791 -0.38268316392400487 0
    outer loop
      vertex 6.393925651907921 7.445843152701855 1
      vertex 6.387918770313263 7.460345059633255 0
      vertex 6.393925651907921 7.445843152701855 0
    endloop
  endfacet
  facet normal -0.8968727396566777 -0.4422886940231743 0
    outer loop
      vertex 6.387918770313263 7.460345059633255 1
      vertex 6.144931428134441 7.953074641525745 0
      vertex 6.387918770313263 7.460345059633255 0
    endloop
  endfacet
  facet normal -0.8314696115539245 -0.5555702341399925 0
    outer loop
      vertex 6.137083046138287 7.966668426990509 1
      vertex 5.83186037838459 8.423466429114342 0
      vertex 6.137083046138287 7.966668426990509 0
    endloop
  endfacet
  facet normal -0.8968727396566777 -0.4422886940231743 0
    outer loop
      vertex 6.387918770313263 7.460345059633255 1
      vertex 6.144931428134441 7.953074641525745 1
      vertex 6.144931428134441 7.953074641525745 0
    endloop
  endfacet
  facet normal -0.8660252300257718 -0.5000003009587185 0
    outer loop
      vertex 6.137083046138287 7.966668426990509 1
      vertex 6.137083046138287 7.966668426990509 0
      vertex 6.144931428134441 7.953074641525745 1
    endloop
  endfacet
  facet normal -0.9238796437031791 -0.38268316392400487 0
    outer loop
      vertex 6.387918770313263 7.460345059633255 1
      vertex 6.387918770313263 7.460345059633255 0
      vertex 6.393925651907921 7.445843152701855 1
    endloop
  endfacet
  facet normal -0.8314696115539245 -0.5555702341399925 0
    outer loop
      vertex 5.83186037838459 8.423466429114342 1
      vertex 5.83186037838459 8.423466429114342 0
      vertex 6.137083046138287 7.966668426990509 1
    endloop
  endfacet
  facet normal -0.6096697395080496 -0.7926555422932379 0
    outer loop
      vertex 0.5271580740809441 12.128951467573643 1
      vertex 0.5149334296584129 12.138354033231735 0
      vertex 0.5271580740809441 12.128951467573643 0
    endloop
  endfacet
  facet normal -0.7071067811865475 -0.7071067811865475 0
    outer loop
      vertex 0.8529624789953232 11.841863200068474 1
      vertex 0.8418632000684738 11.852962478995323 0
      vertex 0.8529624789953232 11.841863200068474 0
    endloop
  endfacet
  facet normal -0.6593458155107155 -0.75183980711885 0
    outer loop
      vertex 0.8418632000684738 11.852962478995323 1
      vertex 0.5271580740809441 12.128951467573643 0
      vertex 0.8418632000684738 11.852962478995323 0
    endloop
  endfacet
  facet normal -0.6593458155107155 -0.75183980711885 0
    outer loop
      vertex 0.8418632000684738 11.852962478995323 1
      vertex 0.5271580740809441 12.128951467573643 1
      vertex 0.5271580740809441 12.128951467573643 0
    endloop
  endfacet
  facet normal -0.6096697395080496 -0.7926555422932379 0
    outer loop
      vertex 0.5271580740809441 12.128951467573643 1
      vertex 0.5149334296584129 12.138354033231735 1
      vertex 0.5149334296584129 12.138354033231735 0
    endloop
  endfacet
  facet normal -0.7071067811865475 -0.7071067811865475 0
    outer loop
      vertex 0.8529624789953232 11.841863200068474 1
      vertex 0.8418632000684738 11.852962478995323 1
      vertex 0.8418632000684738 11.852962478995323 0
    endloop
  endfacet
  facet normal -0.946930129067185 -0.3214394665637754 0
    outer loop
      vertex 12.322816237807274 0.4879593923687935 1
      vertex 12.087356992065907 1.181599959731102 0
      vertex 12.322816237807274 0.4879593923687935 0
    endloop
  endfacet
  facet normal -0.9659257392903811 -0.2588193697858235 0
    outer loop
      vertex 12.326878860592842 0.4727974981069565 1
      vertex 12.322816237807274 0.4879593923687935 0
      vertex 12.326878860592842 0.4727974981069565 0
    endloop
  endfacet
  facet normal -0.9238796437031791 -0.38268316392400487 0
    outer loop
      vertex 12.087356992065907 1.181599959731102 1
      vertex 12.081350110471249 1.1961018666625023 0
      vertex 12.087356992065907 1.181599959731102 0
    endloop
  endfacet
  facet normal -0.8968727416832418 -0.44228868991370923 0
    outer loop
      vertex 12.081350110471249 1.1961018666625023 1
      vertex 11.757366992533207 1.8530746400356293 0
      vertex 12.081350110471249 1.1961018666625023 0
    endloop
  endfacet
  facet normal -0.9807852800798581 -0.19509032364183077 0
    outer loop
      vertex 12.469785459339619 -0.24564248323440552 1
      vertex 12.326878860592842 0.4727974981069565 1
      vertex 12.326878860592842 0.4727974981069565 0
    endloop
  endfacet
  facet normal -0.9659257392903811 -0.2588193697858235 0
    outer loop
      vertex 12.326878860592842 0.4727974981069565 1
      vertex 12.322816237807274 0.4879593923687935 1
      vertex 12.322816237807274 0.4879593923687935 0
    endloop
  endfacet
  facet normal -0.9238796437031791 -0.38268316392400487 0
    outer loop
      vertex 12.087356992065907 1.181599959731102 1
      vertex 12.081350110471249 1.1961018666625023 1
      vertex 12.081350110471249 1.1961018666625023 0
    endloop
  endfacet
  facet normal -0.946930129067185 -0.3214394665637754 0
    outer loop
      vertex 12.087356992065907 1.181599959731102 1
      vertex 12.087356992065907 1.181599959731102 0
      vertex 12.322816237807274 0.4879593923687935 1
    endloop
  endfacet
  facet normal -0.8660252300257718 -0.5000003009587185 0
    outer loop
      vertex 11.757366992533207 1.8530746400356293 1
      vertex 11.749518610537052 1.866668425500393 0
      vertex 11.757366992533207 1.8530746400356293 0
    endloop
  endfacet
  facet normal -0.8968727416832418 -0.44228868991370923 0
    outer loop
      vertex 12.081350110471249 1.1961018666625023 1
      vertex 11.757366992533207 1.8530746400356293 1
      vertex 11.757366992533207 1.8530746400356293 0
    endloop
  endfacet
  facet normal -0.8660252300257718 -0.5000003009587185 0
    outer loop
      vertex 11.757366992533207 1.8530746400356293 1
      vertex 11.749518610537052 1.866668425500393 1
      vertex 11.749518610537052 1.866668425500393 0
    endloop
  endfacet
endsolid OpenSCAD_Model
