solid OpenSCAD_Model
  facet normal -0.6593458107222282 -0.7518398113182407 0
    outer loop
      vertex -21.152568571269512 -22.260120041668415 1.5
      vertex -21.152568571269512 -22.260120041668415 2.6
      vertex -21.74264068901539 -21.74264068901539 2.6
    endloop
  endfacet
  facet normal -0.9469301300366788 -0.32143946370773846 0
    outer loop
      vertex -23.043277196586132 -19.796100594103336 1.5
      vertex -23.043277196586132 -19.796100594103336 2.6
      vertex -23.2955549582839 -19.052914269268513 1.5
    endloop
  endfacet
  facet normal -0.9469301300366788 -0.32143946370773846 0
    outer loop
      vertex -23.2955549582839 -19.052914269268513 1.5
      vertex -23.043277196586132 -19.796100594103336 2.6
      vertex -23.2955549582839 -19.052914269268513 2.6
    endloop
  endfacet
  facet normal -0.19509031854274123 -0.9807852810941301 0
    outer loop
      vertex -18.283157154917717 -23.44866916537285 1.5
      vertex -18.283157154917717 -23.44866916537285 2.6
      vertex -19.052914269268513 -23.2955549582839 2.6
    endloop
  endfacet
  facet normal -0.06540313273849394 -0.997858923008654 0
    outer loop
      vertex -18.283157154917717 -23.44866916537285 1.5
      vertex -17.5 -23.5 1.5
      vertex -17.5 -23.5 2.6
    endloop
  endfacet
  facet normal -1 0 0
    outer loop
      vertex -23.5 -17.5 1.5
      vertex -23.5 -17.5 2.6
      vertex -23.5 17.5 1.5
    endloop
  endfacet
  facet normal -1 0 0
    outer loop
      vertex -23.5 -17.5 2.6
      vertex -23.5 -11 2.6
      vertex -23.5 17.5 1.5
    endloop
  endfacet
  facet normal -0.8968727426043899 0.4422886880458055 -3.3383476621496274e-15
    outer loop
      vertex -23.043277196586132 19.796100594103336 2.6
      vertex -22.97881116781916 19.926824769484146 2.6
      vertex -22.983507368590264 19.917301816310708 2.410596026490066
    endloop
  endfacet
  facet normal -0.831469609045217 0.5555702378945384 0
    outer loop
      vertex -22.260120041668415 21.152568571269512 1.5
      vertex -22.621074002458165 20.612362800351043 2.410596026490066
      vertex -22.260120041668415 21.152568571269512 2.6
    endloop
  endfacet
  facet normal -0.8314696090452178 0.5555702378945371 5.2624393325546516e-15
    outer loop
      vertex -22.621074002458165 20.612362800351043 2.410596026490066
      vertex -22.61517498344183 20.62119130609291 2.6
      vertex -22.260120041668415 21.152568571269512 2.6
    endloop
  endfacet
  facet normal -0.555570237894537 0.8314696090452179 0
    outer loop
      vertex -20.5 22.696152426302433 1.5
      vertex -21.152568571269512 22.260120041668415 2.6
      vertex -20.5 22.696152426302433 2.6
    endloop
  endfacet
  facet normal -0.32143946370773846 0.9469301300366788 0
    outer loop
      vertex -19.796100594103336 23.043277196586132 1.5
      vertex -19.052914269268513 23.2955549582839 2.6
      vertex -19.052914269268513 23.2955549582839 1.5
    endloop
  endfacet
  facet normal -0.32143946370773846 0.9469301300366788 0
    outer loop
      vertex -19.796100594103336 23.043277196586132 1.5
      vertex -19.796100594103336 23.043277196586132 2.6
      vertex -19.052914269268513 23.2955549582839 2.6
    endloop
  endfacet
  facet normal -0.06540313273849394 0.997858923008654 0
    outer loop
      vertex -18.283157154917717 23.44866916537285 1.5
      vertex -17.5 23.5 2.6
      vertex -17.5 23.5 1.5
    endloop
  endfacet
  facet normal -0.06540313273849394 0.997858923008654 0
    outer loop
      vertex -18.283157154917717 23.44866916537285 1.5
      vertex -18.283157154917717 23.44866916537285 2.6
      vertex -17.5 23.5 2.6
    endloop
  endfacet
  facet normal 0.06540313273849395 -0.9978589230086541 1.0898088697652987e-14
    outer loop
      vertex 17.5 -23.5 1.5
      vertex 18.283157154917717 -23.44866916537285 1.5
      vertex 18.19209236946217 -23.45463786707368 1.627906976744186
    endloop
  endfacet
  facet normal 0.06540313273847873 -0.9978589230086551 0
    outer loop
      vertex 18.283157154917717 -23.44866916537285 1.5
      vertex 18.283157154917717 -23.44866916537285 1.627906976744186
      vertex 18.19209236946217 -23.45463786707368 1.627906976744186
    endloop
  endfacet
  facet normal 0.06540313273849595 -0.9978589230086539 0
    outer loop
      vertex 17.5 -23.5 1.5
      vertex 18.19209236946217 -23.45463786707368 1.627906976744186
      vertex 17.5 -23.5 2.6
    endloop
  endfacet
  facet normal 0.32143946370773846 -0.9469301300366788 0
    outer loop
      vertex 19.052914269268513 -23.2955549582839 1.5
      vertex 19.796100594103336 -23.043277196586132 2.6
      vertex 19.052914269268513 -23.2955549582839 2.6
    endloop
  endfacet
  facet normal 0.555570237894537 -0.8314696090452179 0
    outer loop
      vertex 20.5 -22.696152426302433 1.5
      vertex 21.152568571269512 -22.260120041668415 1.5
      vertex 20.5 -22.696152426302433 2.6
    endloop
  endfacet
  facet normal 0.555570237894537 -0.8314696090452179 0
    outer loop
      vertex 21.152568571269512 -22.260120041668415 1.5
      vertex 21.152568571269512 -22.260120041668415 2.6
      vertex 20.5 -22.696152426302433 2.6
    endloop
  endfacet
  facet normal 0.8314696090452179 -0.555570237894537 0
    outer loop
      vertex 22.260120041668415 -21.152568571269512 1.5
      vertex 22.696152426302433 -20.5 1.5
      vertex 22.260120041668415 -21.152568571269512 2.6
    endloop
  endfacet
  facet normal 0.8314696090452179 -0.555570237894537 0
    outer loop
      vertex 22.696152426302433 -20.5 1.5
      vertex 22.696152426302433 -20.5 2.6
      vertex 22.260120041668415 -21.152568571269512 2.6
    endloop
  endfacet
  facet normal 1 0 0
    outer loop
      vertex 23.5 -17.5 1.5
      vertex 23.5 17.5 2.6
      vertex 23.5 -17.5 2.6
    endloop
  endfacet
  facet normal 1 0 0
    outer loop
      vertex 23.5 -17.5 1.5
      vertex 23.5 17.5 1.5
      vertex 23.5 17.5 2.6
    endloop
  endfacet
  facet normal 0.44228868804580884 0.8968727426043882 4.47315981969163e-16
    outer loop
      vertex 20.5 22.696152426302433 1.5
      vertex 19.871518387592264 23.00608525691288 1.5
      vertex 19.917301816310708 22.983507368590264 2.410596026490066
    endloop
  endfacet
  facet normal 0.19509031854274123 0.9807852810941301 0
    outer loop
      vertex 18.283157154917717 23.44866916537285 1.5
      vertex 18.283157154917717 23.44866916537285 2.6
      vertex 19.052914269268513 23.2955549582839 2.6
    endloop
  endfacet
  facet normal 0.8968727426043882 0.44228868804580884 -4.276816724174268e-16
    outer loop
      vertex 22.733344365975686 20.424582206511072 1.5
      vertex 22.7559222542983 20.37879877779263 2.410596026490066
      vertex 23.043277196586132 19.796100594103336 1.5
    endloop
  endfacet
  facet normal 0.8968727426043885 0.44228868804580834 0
    outer loop
      vertex 23.043277196586132 19.796100594103336 1.5
      vertex 22.7559222542983 20.37879877779263 2.410596026490066
      vertex 23.043277196586132 19.796100594103336 2.410596026490066
    endloop
  endfacet
  facet normal 0.6593458107222282 0.7518398113182407 0
    outer loop
      vertex 21.74264068901539 21.74264068901539 1.5
      vertex 21.152568571269512 22.260120041668415 2.6
      vertex 21.74264068901539 21.74264068901539 2.6
    endloop
  endfacet
  facet normal 0.6593458107222282 0.7518398113182407 0
    outer loop
      vertex 21.74264068901539 21.74264068901539 1.5
      vertex 21.152568571269512 22.260120041668415 1.5
      vertex 21.152568571269512 22.260120041668415 2.6
    endloop
  endfacet
  facet normal -0.6593458107222281 -0.7518398113182407 0
    outer loop
      vertex -21.152568571269512 -22.260120041668415 0
      vertex -21.152568571269512 -22.260120041668415 1.5
      vertex -21.74264068901539 -21.74264068901539 0
    endloop
  endfacet
  facet normal -0.555570237894537 -0.8314696090452178 0
    outer loop
      vertex -21.152568571269512 -22.260120041668415 0
      vertex -20.5 -22.696152426302433 0
      vertex -21.152568571269512 -22.260120041668415 1.5
    endloop
  endfacet
  facet normal -0.8968727426043884 -0.44228868804580856 0
    outer loop
      vertex -23.043277196586132 -19.796100594103336 0
      vertex -22.696152426302433 -20.5 0
      vertex -23.043277196586132 -19.796100594103336 1.5
    endloop
  endfacet
  facet normal -0.9469301300366789 -0.3214394637077385 0
    outer loop
      vertex -23.043277196586132 -19.796100594103336 0
      vertex -23.043277196586132 -19.796100594103336 1.5
      vertex -23.2955549582839 -19.052914269268513 0
    endloop
  endfacet
  facet normal -0.9978589230086541 -0.06540313273849395 0
    outer loop
      vertex -23.44866916537285 -18.283157154917717 0
      vertex -23.5 -17.5 1.5
      vertex -23.5 -17.5 0
    endloop
  endfacet
  facet normal -0.1950903185427412 -0.98078528109413 0
    outer loop
      vertex -19.052914269268513 -23.2955549582839 0
      vertex -18.283157154917717 -23.44866916537285 0
      vertex -18.283157154917717 -23.44866916537285 1.5
    endloop
  endfacet
  facet normal -0.06540313273849395 -0.9978589230086541 0
    outer loop
      vertex -18.283157154917717 -23.44866916537285 0
      vertex -17.5 -23.5 0
      vertex -17.5 -23.5 1.5
    endloop
  endfacet
  facet normal -0.555570237894537 -0.8314696090452179 0
    outer loop
      vertex -21.152568571269512 -22.260120041668415 1.5
      vertex -20.5 -22.696152426302433 0
      vertex -21.152568571269512 -22.260120041668415 2.6
    endloop
  endfacet
  facet normal -0.6593458107222281 -0.7518398113182407 0
    outer loop
      vertex -21.74264068901539 -21.74264068901539 0
      vertex -21.152568571269512 -22.260120041668415 1.5
      vertex -21.74264068901539 -21.74264068901539 2.6
    endloop
  endfacet
  facet normal -0.9469301300366789 -0.3214394637077385 0
    outer loop
      vertex -23.2955549582839 -19.052914269268513 0
      vertex -23.043277196586132 -19.796100594103336 1.5
      vertex -23.2955549582839 -19.052914269268513 1.5
    endloop
  endfacet
  facet normal -0.8968727426043883 -0.44228868804580856 0
    outer loop
      vertex -22.696152426302433 -20.5 0
      vertex -23.043277196586132 -19.796100594103336 2.6
      vertex -23.043277196586132 -19.796100594103336 1.5
    endloop
  endfacet
  facet normal -0.9978589230086541 -0.06540313273849394 0
    outer loop
      vertex -23.44866916537285 -18.283157154917717 0
      vertex -23.5 -17.5 2.6
      vertex -23.5 -17.5 1.5
    endloop
  endfacet
  facet normal -0.06540313273849395 -0.9978589230086541 0
    outer loop
      vertex -18.283157154917717 -23.44866916537285 0
      vertex -17.5 -23.5 1.5
      vertex -18.283157154917717 -23.44866916537285 1.5
    endloop
  endfacet
  facet normal -0.1950903185427412 -0.98078528109413 0
    outer loop
      vertex -19.052914269268513 -23.2955549582839 0
      vertex -18.283157154917717 -23.44866916537285 1.5
      vertex -19.052914269268513 -23.2955549582839 2.6
    endloop
  endfacet
  facet normal -0.06540313273849394 -0.997858923008654 0
    outer loop
      vertex -18.283157154917717 -23.44866916537285 1.5
      vertex -17.5 -23.5 2.6
      vertex -18.283157154917717 -23.44866916537285 2.6
    endloop
  endfacet
  facet normal 0 0 -1
    outer loop
      vertex -23.2955549582839 -19.052914269268513 0
      vertex -23.44866916537285 -18.283157154917717 0
      vertex -15.062177829444408 -13 0
    endloop
  endfacet
  facet normal 0 0 -1
    outer loop
      vertex -23.44866916537285 -18.283157154917717 0
      vertex -23.5 -17.5 0
      vertex -15.062177829444408 -13 0
    endloop
  endfacet
  facet normal 0 0 -1
    outer loop
      vertex -23.2955549582839 -19.052914269268513 0
      vertex -15.062177829444408 -13 0
      vertex -14.553473383188248 -13.761330001056194 0
    endloop
  endfacet
  facet normal 0 0 -1
    outer loop
      vertex -23.5 -17.5 0
      vertex -15.46715673059225 -12.178784027695656 0
      vertex -15.062177829444408 -13 0
    endloop
  endfacet
  facet normal 0 0 -1
    outer loop
      vertex -23.5 -17.5 0
      vertex -15.761480785906315 -11.311733312904835 0
      vertex -15.46715673059225 -12.178784027695656 0
    endloop
  endfacet
  facet normal 0 0 -1
    outer loop
      vertex -23.5 -17.5 0
      vertex -15.94011402875185 -10.413683347404003 0
      vertex -15.761480785906315 -11.311733312904835 0
    endloop
  endfacet
  facet normal 0 0 -1
    outer loop
      vertex -23.2955549582839 -19.052914269268513 0
      vertex -13.9497474655509 -14.4497474655509 0
      vertex -13.261330001056194 -15.053473383188248 0
    endloop
  endfacet
  facet normal 0 0 -1
    outer loop
      vertex -23.2955549582839 -19.052914269268513 0
      vertex -13.261330001056194 -15.053473383188248 0
      vertex -12.5 -15.562177829444408 0
    endloop
  endfacet
  facet normal 0 0 -1
    outer loop
      vertex -23.2955549582839 -19.052914269268513 0
      vertex -14.553473383188248 -13.761330001056194 0
      vertex -13.9497474655509 -14.4497474655509 0
    endloop
  endfacet
  facet normal 0 0 -1
    outer loop
      vertex -23.2955549582839 -19.052914269268513 0
      vertex -12.5 -15.562177829444408 0
      vertex -11.678784027695656 -15.96715673059225 0
    endloop
  endfacet
  facet normal 0 0 -1
    outer loop
      vertex -23.2955549582839 -19.052914269268513 0
      vertex -11.678784027695656 -15.96715673059225 0
      vertex -10.811733312904835 -16.261480785906315 0
    endloop
  endfacet
  facet normal 0 0 -1
    outer loop
      vertex -23.2955549582839 -19.052914269268513 0
      vertex -10.811733312904835 -16.261480785906315 0
      vertex -9.913683347404003 -16.44011402875185 0
    endloop
  endfacet
  facet normal 0 0 -1
    outer loop
      vertex -23.2955549582839 -19.052914269268513 0
      vertex -9.913683347404003 -16.44011402875185 0
      vertex -9 -16.5 0
    endloop
  endfacet
  facet normal -0.7518398113182407 -0.6593458107222281 0
    outer loop
      vertex -22.260120041668415 -21.152568571269512 0
      vertex -21.74264068901539 -21.74264068901539 0
      vertex -22.260120041668415 -21.152568571269512 14
    endloop
  endfacet
  facet normal -0.8314696090452179 -0.5555702378945371 0
    outer loop
      vertex -22.260120041668415 -21.152568571269512 0
      vertex -22.696152426302433 -20.5 14
      vertex -22.696152426302433 -20.5 0
    endloop
  endfacet
  facet normal -0.555570237894537 -0.8314696090452179 0
    outer loop
      vertex -20.5 -22.696152426302433 0
      vertex -21.152568571269512 -22.260120041668415 14
      vertex -21.152568571269512 -22.260120041668415 2.6
    endloop
  endfacet
  facet normal -0.7518398113182407 -0.6593458107222281 0
    outer loop
      vertex -21.74264068901539 -21.74264068901539 0
      vertex -21.74264068901539 -21.74264068901539 2.6
      vertex -22.260120041668415 -21.152568571269512 14
    endloop
  endfacet
  facet normal -0.6593458107222281 -0.7518398113182406 0
    outer loop
      vertex -21.152568571269512 -22.260120041668415 2.6
      vertex -21.152568571269512 -22.260120041668415 14
      vertex -21.74264068901539 -21.74264068901539 2.6
    endloop
  endfacet
  facet normal -0.8968727426043883 -0.44228868804580856 0
    outer loop
      vertex -22.696152426302433 -20.5 0
      vertex -23.043277196586132 -19.796100594103336 14
      vertex -23.043277196586132 -19.796100594103336 2.6
    endloop
  endfacet
  facet normal -0.9807852810941301 -0.19509031854274123 0
    outer loop
      vertex -23.2955549582839 -19.052914269268513 0
      vertex -23.44866916537285 -18.283157154917717 14
      vertex -23.44866916537285 -18.283157154917717 0
    endloop
  endfacet
  facet normal -0.98078528109413 -0.1950903185427412 0
    outer loop
      vertex -23.2955549582839 -19.052914269268513 0
      vertex -23.2955549582839 -19.052914269268513 1.5
      vertex -23.44866916537285 -18.283157154917717 14
    endloop
  endfacet
  facet normal -0.997858923008654 -0.06540313273849395 0
    outer loop
      vertex -23.44866916537285 -18.283157154917717 0
      vertex -23.5 -17.5 14
      vertex -23.5 -17.5 2.6
    endloop
  endfacet
  facet normal -0.9469301300366789 -0.3214394637077385 0
    outer loop
      vertex -23.043277196586132 -19.796100594103336 2.6
      vertex -23.043277196586132 -19.796100594103336 14
      vertex -23.2955549582839 -19.052914269268513 2.6
    endloop
  endfacet
  facet normal -0.9807852810941301 -0.19509031854274123 0
    outer loop
      vertex -23.2955549582839 -19.052914269268513 1.5
      vertex -23.2955549582839 -19.052914269268513 2.6
      vertex -23.44866916537285 -18.283157154917717 14
    endloop
  endfacet
  facet normal -0.4422886880458085 -0.8968727426043883 0
    outer loop
      vertex -20.5 -22.696152426302433 0
      vertex -19.796100594103336 -23.043277196586132 0
      vertex -20.5 -22.696152426302433 14
    endloop
  endfacet
  facet normal -0.32143946370773846 -0.9469301300366788 0
    outer loop
      vertex -19.796100594103336 -23.043277196586132 0
      vertex -19.052914269268513 -23.2955549582839 0
      vertex -19.796100594103336 -23.043277196586132 14
    endloop
  endfacet
  facet normal -0.3214394637077385 -0.9469301300366789 0
    outer loop
      vertex -19.052914269268513 -23.2955549582839 0
      vertex -19.052914269268513 -23.2955549582839 2.6
      vertex -19.796100594103336 -23.043277196586132 14
    endloop
  endfacet
  facet normal -0.19509031854274123 -0.9807852810941302 0
    outer loop
      vertex -19.052914269268513 -23.2955549582839 2.6
      vertex -18.283157154917717 -23.44866916537285 2.6
      vertex -18.283157154917717 -23.44866916537285 14
    endloop
  endfacet
  facet normal -0.06540313273849394 -0.997858923008654 0
    outer loop
      vertex -18.283157154917717 -23.44866916537285 2.6
      vertex -17.5 -23.5 2.6
      vertex -18.283157154917717 -23.44866916537285 14
    endloop
  endfacet
  facet normal -1 0 0
    outer loop
      vertex -23.5 -17.5 2.6
      vertex -23.5 -17.5 14
      vertex -23.5 -11 2.6
    endloop
  endfacet
  facet normal -1 0 0
    outer loop
      vertex -23.5 -17.5 0
      vertex -23.5 -17.5 1.5
      vertex -23.5 17.5 0
    endloop
  endfacet
  facet normal 0 0 -1
    outer loop
      vertex -23.5 -17.5 0
      vertex -23.5 17.5 0
      vertex -15.94011402875185 -10.413683347404003 0
    endloop
  endfacet
  facet normal 0 0 -1
    outer loop
      vertex -23.5 17.5 0
      vertex -16 -9.5 0
      vertex -15.94011402875185 -10.413683347404003 0
    endloop
  endfacet
  facet normal 0 0 -1
    outer loop
      vertex -23.5 17.5 0
      vertex -15.94011402875185 -8.586316652595997 0
      vertex -16 -9.5 0
    endloop
  endfacet
  facet normal 0 0 -1
    outer loop
      vertex -19.796100594103336 -23.043277196586132 0
      vertex 21.152568571269512 -22.260120041668415 0
      vertex -19.052914269268513 -23.2955549582839 0
    endloop
  endfacet
  facet normal 0 0 -1
    outer loop
      vertex -21.152568571269512 -22.260120041668415 0
      vertex 22.260120041668415 -21.152568571269512 0
      vertex -20.5 -22.696152426302433 0
    endloop
  endfacet
  facet normal 0 0 -1
    outer loop
      vertex -20.5 -22.696152426302433 0
      vertex 21.74264068901539 -21.74264068901539 0
      vertex -19.796100594103336 -23.043277196586132 0
    endloop
  endfacet
  facet normal 0 0 -1
    outer loop
      vertex -21.152568571269512 -22.260120041668415 0
      vertex -21.74264068901539 -21.74264068901539 0
      vertex 22.696152426302433 -20.5 0
    endloop
  endfacet
  facet normal 0 0 -1
    outer loop
      vertex -22.260120041668415 -21.152568571269512 0
      vertex 23.043277196586132 -19.796100594103336 0
      vertex -21.74264068901539 -21.74264068901539 0
    endloop
  endfacet
  facet normal 0 0 -1
    outer loop
      vertex -23.043277196586132 -19.796100594103336 0
      vertex 23.44866916537285 -18.283157154917717 0
      vertex -22.696152426302433 -20.5 0
    endloop
  endfacet
  facet normal 0 0 -1
    outer loop
      vertex -23.043277196586132 -19.796100594103336 0
      vertex -23.2955549582839 -19.052914269268513 0
      vertex 23.5 -17.5 0
    endloop
  endfacet
  facet normal 0 0 -1
    outer loop
      vertex -22.260120041668415 -21.152568571269512 0
      vertex -22.696152426302433 -20.5 0
      vertex 23.2955549582839 -19.052914269268513 0
    endloop
  endfacet
  facet normal 0 0 -1
    outer loop
      vertex -23.2955549582839 -19.052914269268513 0
      vertex -9 -16.5 0
      vertex 9 -16.5 0
    endloop
  endfacet
  facet normal 0 0 -1
    outer loop
      vertex -19.052914269268513 -23.2955549582839 0
      vertex 20.5 -22.696152426302433 0
      vertex -18.283157154917717 -23.44866916537285 0
    endloop
  endfacet
  facet normal 0 0 -1
    outer loop
      vertex -18.283157154917717 -23.44866916537285 0
      vertex 19.796100594103336 -23.043277196586132 0
      vertex -17.5 -23.5 0
    endloop
  endfacet
  facet normal 0 -1 0
    outer loop
      vertex -17.5 -23.5 0
      vertex 17.5 -23.5 1.5
      vertex -17.5 -23.5 1.5
    endloop
  endfacet
  facet normal 0 -1 0
    outer loop
      vertex -17.5 -23.5 1.5
      vertex 17.5 -23.5 14
      vertex -17.5 -23.5 2.6
    endloop
  endfacet
  facet normal -0.8314696090452179 -0.5555702378945371 0
    outer loop
      vertex -22.260120041668415 -21.152568571269512 0
      vertex -22.260120041668415 -21.152568571269512 14
      vertex -22.696152426302433 -20.5 14
    endloop
  endfacet
  facet normal -0.5555702378945371 -0.8314696090452179 0
    outer loop
      vertex -20.5 -22.696152426302433 0
      vertex -20.5 -22.696152426302433 14
      vertex -21.152568571269512 -22.260120041668415 14
    endloop
  endfacet
  facet normal -0.7518398113182406 -0.6593458107222281 0
    outer loop
      vertex -21.74264068901539 -21.74264068901539 2.6
      vertex -21.74264068901539 -21.74264068901539 14
      vertex -22.260120041668415 -21.152568571269512 14
    endloop
  endfacet
  facet normal -0.6593458107222281 -0.7518398113182406 0
    outer loop
      vertex -21.74264068901539 -21.74264068901539 2.6
      vertex -21.152568571269512 -22.260120041668415 14
      vertex -21.74264068901539 -21.74264068901539 14
    endloop
  endfacet
  facet normal -0.8968727426043883 -0.4422886880458085 0
    outer loop
      vertex -22.696152426302433 -20.5 0
      vertex -22.696152426302433 -20.5 14
      vertex -23.043277196586132 -19.796100594103336 14
    endloop
  endfacet
  facet normal -0.9469301300366789 -0.3214394637077385 0
    outer loop
      vertex -23.2955549582839 -19.052914269268513 2.6
      vertex -23.043277196586132 -19.796100594103336 14
      vertex -23.2955549582839 -19.052914269268513 14
    endloop
  endfacet
  facet normal -0.997858923008654 -0.06540313273849395 0
    outer loop
      vertex -23.44866916537285 -18.283157154917717 0
      vertex -23.44866916537285 -18.283157154917717 14
      vertex -23.5 -17.5 14
    endloop
  endfacet
  facet normal -0.9807852810941302 -0.19509031854274123 0
    outer loop
      vertex -23.2955549582839 -19.052914269268513 2.6
      vertex -23.2955549582839 -19.052914269268513 14
      vertex -23.44866916537285 -18.283157154917717 14
    endloop
  endfacet
  facet normal -0.4422886880458085 -0.8968727426043883 0
    outer loop
      vertex -19.796100594103336 -23.043277196586132 0
      vertex -19.796100594103336 -23.043277196586132 14
      vertex -20.5 -22.696152426302433 14
    endloop
  endfacet
  facet normal -0.3214394637077385 -0.9469301300366789 0
    outer loop
      vertex -19.052914269268513 -23.2955549582839 2.6
      vertex -19.052914269268513 -23.2955549582839 14
      vertex -19.796100594103336 -23.043277196586132 14
    endloop
  endfacet
  facet normal -0.19509031854274123 -0.9807852810941302 0
    outer loop
      vertex -19.052914269268513 -23.2955549582839 2.6
      vertex -18.283157154917717 -23.44866916537285 14
      vertex -19.052914269268513 -23.2955549582839 14
    endloop
  endfacet
  facet normal -0.06540313273849394 -0.997858923008654 0
    outer loop
      vertex -17.5 -23.5 2.6
      vertex -17.5 -23.5 14
      vertex -18.283157154917717 -23.44866916537285 14
    endloop
  endfacet
  facet normal 0 0 1
    outer loop
      vertex -22.260120041668415 -21.152568571269512 14
      vertex -20.990754693746567 -20.17855028808117 14
      vertex -22.696152426302433 -20.5 14
    endloop
  endfacet
  facet normal 0 0 1
    outer loop
      vertex -22.260120041668415 -21.152568571269512 14
      vertex -21.74264068901539 -21.74264068901539 14
      vertex -20.17855028808117 -20.990754693746567 14
    endloop
  endfacet
  facet normal 0 0 1
    outer loop
      vertex -21.152568571269512 -22.260120041668415 14
      vertex -19.183807104825974 -21.565069943666458 14
      vertex -21.74264068901539 -21.74264068901539 14
    endloop
  endfacet
  facet normal 0 0 1
    outer loop
      vertex -22.260120041668415 -21.152568571269512 14
      vertex -20.61126983910799 -20.61126983910799 14
      vertex -20.990754693746567 -20.17855028808117 14
    endloop
  endfacet
  facet normal 0 0 1
    outer loop
      vertex -22.260120041668415 -21.152568571269512 14
      vertex -20.17855028808117 -20.990754693746567 14
      vertex -20.61126983910799 -20.61126983910799 14
    endloop
  endfacet
  facet normal 0 0 1
    outer loop
      vertex -23.043277196586132 -19.796100594103336 14
      vertex -22.696152426302433 -20.5 14
      vertex -21.310511775314808 -19.700000002980232 14
    endloop
  endfacet
  facet normal 0 0 1
    outer loop
      vertex -23.043277196586132 -19.796100594103336 14
      vertex -21.75007363408804 -18.63880379498005 14
      vertex -23.2955549582839 -19.052914269268513 14
    endloop
  endfacet
  facet normal 0 0 1
    outer loop
      vertex -23.043277196586132 -19.796100594103336 14
      vertex -21.565069943666458 -19.183807104825974 14
      vertex -21.75007363408804 -18.63880379498005 14
    endloop
  endfacet
  facet normal 0 0 1
    outer loop
      vertex -23.2955549582839 -19.052914269268513 14
      vertex -21.899999998509884 -17.5 14
      vertex -23.44866916537285 -18.283157154917717 14
    endloop
  endfacet
  facet normal 0 0 1
    outer loop
      vertex -23.2955549582839 -19.052914269268513 14
      vertex -21.75007363408804 -18.63880379498005 14
      vertex -21.862357392907143 -18.07431524246931 14
    endloop
  endfacet
  facet normal 0 0 1
    outer loop
      vertex -23.2955549582839 -19.052914269268513 14
      vertex -21.862357392907143 -18.07431524246931 14
      vertex -21.899999998509884 -17.5 14
    endloop
  endfacet
  facet normal 0 0 1
    outer loop
      vertex -22.696152426302433 -20.5 14
      vertex -20.990754693746567 -20.17855028808117 14
      vertex -21.310511775314808 -19.700000002980232 14
    endloop
  endfacet
  facet normal 0 0 1
    outer loop
      vertex -23.043277196586132 -19.796100594103336 14
      vertex -21.310511775314808 -19.700000002980232 14
      vertex -21.565069943666458 -19.183807104825974 14
    endloop
  endfacet
  facet normal 0 0 1
    outer loop
      vertex -21.152568571269512 -22.260120041668415 14
      vertex -20.5 -22.696152426302433 14
      vertex -17.5 -21.899999998509884 14
    endloop
  endfacet
  facet normal 0 0 1
    outer loop
      vertex -20.5 -22.696152426302433 14
      vertex -19.796100594103336 -23.043277196586132 14
      vertex -17.5 -21.899999998509884 14
    endloop
  endfacet
  facet normal 0 0 1
    outer loop
      vertex -21.74264068901539 -21.74264068901539 14
      vertex -19.700000002980232 -21.310511775314808 14
      vertex -20.17855028808117 -20.990754693746567 14
    endloop
  endfacet
  facet normal 0 0 1
    outer loop
      vertex -21.74264068901539 -21.74264068901539 14
      vertex -19.183807104825974 -21.565069943666458 14
      vertex -19.700000002980232 -21.310511775314808 14
    endloop
  endfacet
  facet normal 0 0 1
    outer loop
      vertex -21.152568571269512 -22.260120041668415 14
      vertex -18.63880379498005 -21.75007363408804 14
      vertex -19.183807104825974 -21.565069943666458 14
    endloop
  endfacet
  facet normal 0 0 1
    outer loop
      vertex -21.152568571269512 -22.260120041668415 14
      vertex -18.07431524246931 -21.862357392907143 14
      vertex -18.63880379498005 -21.75007363408804 14
    endloop
  endfacet
  facet normal 0 0 1
    outer loop
      vertex -21.152568571269512 -22.260120041668415 14
      vertex -17.5 -21.899999998509884 14
      vertex -18.07431524246931 -21.862357392907143 14
    endloop
  endfacet
  facet normal -1 0 0
    outer loop
      vertex -23.5 -11 2.6
      vertex -23.5 -17.5 14
      vertex -23.5 17.5 14
    endloop
  endfacet
  facet normal 0 0 1
    outer loop
      vertex -23.44866916537285 -18.283157154917717 14
      vertex -21.899999998509884 17.5 14
      vertex -23.5 -17.5 14
    endloop
  endfacet
  facet normal 0 0 1
    outer loop
      vertex -23.44866916537285 -18.283157154917717 14
      vertex -21.899999998509884 -17.5 14
      vertex -21.899999998509884 17.5 14
    endloop
  endfacet
  facet normal 0 -1 0
    outer loop
      vertex -17.5 -23.5 2.6
      vertex 17.5 -23.5 14
      vertex -17.5 -23.5 14
    endloop
  endfacet
  facet normal 0 0 1
    outer loop
      vertex -19.796100594103336 -23.043277196586132 14
      vertex -19.052914269268513 -23.2955549582839 14
      vertex 21.152568571269512 -22.260120041668415 14
    endloop
  endfacet
  facet normal 0 0 1
    outer loop
      vertex -19.052914269268513 -23.2955549582839 14
      vertex -18.283157154917717 -23.44866916537285 14
      vertex 20.5 -22.696152426302433 14
    endloop
  endfacet
  facet normal 0 0 1
    outer loop
      vertex -18.283157154917717 -23.44866916537285 14
      vertex -17.5 -23.5 14
      vertex 19.796100594103336 -23.043277196586132 14
    endloop
  endfacet
  facet normal 0 0 1
    outer loop
      vertex -19.796100594103336 -23.043277196586132 14
      vertex 21.152568571269512 -22.260120041668415 14
      vertex -17.5 -21.899999998509884 14
    endloop
  endfacet
  facet normal 0 0 -1
    outer loop
      vertex -23.5 17.5 0
      vertex -15.761480785906315 -7.688266687095165 0
      vertex -15.94011402875185 -8.586316652595997 0
    endloop
  endfacet
  facet normal 0 0 -1
    outer loop
      vertex -23.5 17.5 0
      vertex -15.46715673059225 -6.821215972304344 0
      vertex -15.761480785906315 -7.688266687095165 0
    endloop
  endfacet
  facet normal 0 0 -1
    outer loop
      vertex -23.5 17.5 0
      vertex -15.062177829444408 -6 0
      vertex -15.46715673059225 -6.821215972304344 0
    endloop
  endfacet
  facet normal 0 0 -1
    outer loop
      vertex -23.5 17.5 0
      vertex -14.553473383188248 -5.238669998943806 0
      vertex -15.062177829444408 -6 0
    endloop
  endfacet
  facet normal -1 0 0
    outer loop
      vertex -23.5 -17.5 1.5
      vertex -23.5 17.5 1.5
      vertex -23.5 17.5 0
    endloop
  endfacet
  facet normal 0 0 -1
    outer loop
      vertex -23.5 17.5 0
      vertex -13.9497474655509 -4.5502525344491005 0
      vertex -14.553473383188248 -5.238669998943806 0
    endloop
  endfacet
  facet normal 0 0 -1
    outer loop
      vertex -23.5 17.5 0
      vertex -13.261330001056194 -3.9465266168117523 0
      vertex -13.9497474655509 -4.5502525344491005 0
    endloop
  endfacet
  facet normal 0 0 -1
    outer loop
      vertex -23.5 17.5 0
      vertex -12.5 -3.4378221705555916 0
      vertex -13.261330001056194 -3.9465266168117523 0
    endloop
  endfacet
  facet normal 0 0 -1
    outer loop
      vertex -23.5 17.5 0
      vertex -11.678784027695656 -3.032843269407749 0
      vertex -12.5 -3.4378221705555916 0
    endloop
  endfacet
  facet normal 0 0 -1
    outer loop
      vertex -23.5 17.5 0
      vertex -10.811733312904835 -2.738519214093685 0
      vertex -11.678784027695656 -3.032843269407749 0
    endloop
  endfacet
  facet normal 0 0 -1
    outer loop
      vertex -23.5 17.5 0
      vertex -10.53005662560463 -2.682490237057209 0
      vertex -10.811733312904835 -2.738519214093685 0
    endloop
  endfacet
  facet normal 0 0 -1
    outer loop
      vertex -23.5 17.5 0
      vertex -10.609184630215168 -2.4493866562843323 0
      vertex -10.53005662560463 -2.682490237057209 0
    endloop
  endfacet
  facet normal 0 0 -1
    outer loop
      vertex -23.5 17.5 0
      vertex -10.752091221511364 -1.7309466749429703 0
      vertex -10.609184630215168 -2.4493866562843323 0
    endloop
  endfacet
  facet normal 0 0 -1
    outer loop
      vertex -23.5 17.5 0
      vertex -10.799999997019768 -1 0
      vertex -10.752091221511364 -1.7309466749429703 0
    endloop
  endfacet
  facet normal 0 0 -1
    outer loop
      vertex -23.5 17.5 0
      vertex -10.752091221511364 -0.2690533250570297 0
      vertex -10.799999997019768 -1 0
    endloop
  endfacet
  facet normal 0 0 -1
    outer loop
      vertex -23.5 17.5 0
      vertex -10.609184630215168 0.4493866562843323 0
      vertex -10.752091221511364 -0.2690533250570297 0
    endloop
  endfacet
  facet normal 0 0 -1
    outer loop
      vertex -23.5 17.5 0
      vertex -10.3737253844738 1.1430272236466408 0
      vertex -10.609184630215168 0.4493866562843323 0
    endloop
  endfacet
  facet normal 0 0 -1
    outer loop
      vertex -23.5 17.5 0
      vertex -10.049742259085178 1.7999999970197678 0
      vertex -10.3737253844738 1.1430272236466408 0
    endloop
  endfacet
  facet normal 0 0 -1
    outer loop
      vertex -23.5 17.5 0
      vertex -9.64277870208025 2.4090640023350716 0
      vertex -10.049742259085178 1.7999999970197678 0
    endloop
  endfacet
  facet normal 0 0 -1
    outer loop
      vertex -23.5 17.5 0
      vertex -9.159797973930836 2.9597979709506035 0
      vertex -9.64277870208025 2.4090640023350716 0
    endloop
  endfacet
  facet normal 0 0 -1
    outer loop
      vertex -23.5 17.5 0
      vertex -8.609064005315304 3.442778706550598 0
      vertex -9.159797973930836 2.9597979709506035 0
    endloop
  endfacet
  facet normal 0 0 -1
    outer loop
      vertex -23.5 17.5 0
      vertex -8 3.8497422635555267 0
      vertex -8.609064005315304 3.442778706550598 0
    endloop
  endfacet
  facet normal 0 0 -1
    outer loop
      vertex -23.5 17.5 0
      vertex -7.76765576004982 3.964321754872799 0
      vertex -8 3.8497422635555267 0
    endloop
  endfacet
  facet normal 0 0 -1
    outer loop
      vertex -23.5 17.5 0
      vertex -7.880294039845467 4.192729584872723 0
      vertex -7.76765576004982 3.964321754872799 0
    endloop
  endfacet
  facet normal 0 0 -1
    outer loop
      vertex -23.5 17.5 0
      vertex -8.056888468563557 4.712960012257099 0
      vertex -7.880294039845467 4.192729584872723 0
    endloop
  endfacet
  facet normal 0 0 -1
    outer loop
      vertex -23.5 17.5 0
      vertex -8.164068415760994 5.25178999453783 0
      vertex -8.056888468563557 4.712960012257099 0
    endloop
  endfacet
  facet normal 0 0 -1
    outer loop
      vertex -23.5 17.5 0
      vertex -8.200000002980232 5.799999997019768 0
      vertex -8.164068415760994 5.25178999453783 0
    endloop
  endfacet
  facet normal 0 0 -1
    outer loop
      vertex -23.5 17.5 0
      vertex -8.164068415760994 6.348210006952286 0
      vertex -8.200000002980232 5.799999997019768 0
    endloop
  endfacet
  facet normal 0 0 -1
    outer loop
      vertex -23.5 17.5 0
      vertex -8.056888468563557 6.887039989233017 0
      vertex -8.164068415760994 6.348210006952286 0
    endloop
  endfacet
  facet normal 0 0 -1
    outer loop
      vertex -23.5 17.5 0
      vertex -7.880294039845467 7.4072704166173935 0
      vertex -8.056888468563557 6.887039989233017 0
    endloop
  endfacet
  facet normal 0 0 -1
    outer loop
      vertex -23.5 17.5 0
      vertex -7.637306697666645 7.899999998509884 0
      vertex -7.880294039845467 7.4072704166173935 0
    endloop
  endfacet
  facet normal 0 0 -1
    outer loop
      vertex -23.5 17.5 0
      vertex -7.332084029912949 8.356798000633717 0
      vertex -7.637306697666645 7.899999998509884 0
    endloop
  endfacet
  facet normal 0 0 -1
    outer loop
      vertex -23.5 17.5 0
      vertex -6.969848483800888 8.769848480820656 0
      vertex -7.332084029912949 8.356798000633717 0
    endloop
  endfacet
  facet normal -1 0 0
    outer loop
      vertex -23.5 -11 2.6
      vertex -23.5 17.5 14
      vertex -23.5 17.5 1.5
    endloop
  endfacet
  facet normal -0.9469301300366789 0.3214394637077385 0
    outer loop
      vertex -23.2955549582839 19.052914269268513 0
      vertex -23.043277196586132 19.796100594103336 2.6
      vertex -23.043277196586132 19.796100594103336 0
    endloop
  endfacet
  facet normal -0.8968727426043884 0.4422886880458085 7.236732185076335e-17
    outer loop
      vertex -23.043277196586132 19.796100594103336 0
      vertex -22.983507368590264 19.917301816310708 2.410596026490066
      vertex -22.696152426302433 20.5 0
    endloop
  endfacet
  facet normal -0.8314696090452178 0.555570237894537 0
    outer loop
      vertex -22.696152426302433 20.5 0
      vertex -22.260120041668415 21.152568571269512 1.5
      vertex -22.260120041668415 21.152568571269512 0
    endloop
  endfacet
  facet normal -0.6593458107222281 0.7518398113182407 0
    outer loop
      vertex -21.74264068901539 21.74264068901539 0
      vertex -21.152568571269512 22.260120041668415 2.6
      vertex -21.152568571269512 22.260120041668415 0
    endloop
  endfacet
  facet normal -0.555570237894537 0.8314696090452178 0
    outer loop
      vertex -21.152568571269512 22.260120041668415 0
      vertex -20.5 22.696152426302433 1.5
      vertex -20.5 22.696152426302433 0
    endloop
  endfacet
  facet normal -0.44228868804580856 0.8968727426043884 0
    outer loop
      vertex -20.5 22.696152426302433 0
      vertex -19.796100594103336 23.043277196586132 1.5
      vertex -19.796100594103336 23.043277196586132 0
    endloop
  endfacet
  facet normal -0.3214394637077385 0.9469301300366789 0
    outer loop
      vertex -19.796100594103336 23.043277196586132 0
      vertex -19.796100594103336 23.043277196586132 1.5
      vertex -19.052914269268513 23.2955549582839 0
    endloop
  endfacet
  facet normal 0 0 -1
    outer loop
      vertex -19.052914269268513 23.2955549582839 0
      vertex -18.283157154917717 23.44866916537285 0
      vertex -17.5 23.5 0
    endloop
  endfacet
  facet normal -0.1950903185427412 0.98078528109413 0
    outer loop
      vertex -19.052914269268513 23.2955549582839 0
      vertex -18.283157154917717 23.44866916537285 1.5
      vertex -18.283157154917717 23.44866916537285 0
    endloop
  endfacet
  facet normal -0.06540313273849395 0.9978589230086541 0
    outer loop
      vertex -18.283157154917717 23.44866916537285 0
      vertex -18.283157154917717 23.44866916537285 1.5
      vertex -17.5 23.5 0
    endloop
  endfacet
  facet normal -0.8968727426043878 0.44228868804580973 0
    outer loop
      vertex -23.043277196586132 19.796100594103336 0
      vertex -23.043277196586132 19.796100594103336 2.6
      vertex -22.983507368590264 19.917301816310708 2.410596026490066
    endloop
  endfacet
  facet normal -0.8968727426043932 0.4422886880457986 -2.8850548835365874e-15
    outer loop
      vertex -22.696152426302433 20.5 0
      vertex -22.983507368590264 19.917301816310708 2.410596026490066
      vertex -22.97881116781916 19.926824769484146 2.6
    endloop
  endfacet
  facet normal -0.8314696090452175 0.5555702378945377 -5.054603756238281e-16
    outer loop
      vertex -22.696152426302433 20.5 0
      vertex -22.621074002458165 20.612362800351043 2.410596026490066
      vertex -22.260120041668415 21.152568571269512 1.5
    endloop
  endfacet
  facet normal -0.555570237894537 0.8314696090452179 0
    outer loop
      vertex -21.152568571269512 22.260120041668415 0
      vertex -21.152568571269512 22.260120041668415 2.6
      vertex -20.5 22.696152426302433 1.5
    endloop
  endfacet
  facet normal -0.3214394637077385 0.9469301300366789 0
    outer loop
      vertex -19.052914269268513 23.2955549582839 0
      vertex -19.796100594103336 23.043277196586132 1.5
      vertex -19.052914269268513 23.2955549582839 1.5
    endloop
  endfacet
  facet normal -0.4422886880458085 0.8968727426043884 0
    outer loop
      vertex -20.5 22.696152426302433 0
      vertex -19.796100594103336 23.043277196586132 2.6
      vertex -19.796100594103336 23.043277196586132 1.5
    endloop
  endfacet
  facet normal -0.06540313273849395 0.9978589230086541 0
    outer loop
      vertex -18.283157154917717 23.44866916537285 1.5
      vertex -17.5 23.5 1.5
      vertex -17.5 23.5 0
    endloop
  endfacet
  facet normal -0.19509031854274123 0.9807852810941301 0
    outer loop
      vertex -19.052914269268513 23.2955549582839 0
      vertex -18.283157154917717 23.44866916537285 2.6
      vertex -18.283157154917717 23.44866916537285 1.5
    endloop
  endfacet
  facet normal 0 0 -1
    outer loop
      vertex -23.5 17.5 0
      vertex -6.556798003613949 9.132084026932716 0
      vertex -6.969848483800888 8.769848480820656 0
    endloop
  endfacet
  facet normal 0 0 -1
    outer loop
      vertex -23.5 17.5 0
      vertex -6.100000001490116 9.437306694686413 0
      vertex -6.556798003613949 9.132084026932716 0
    endloop
  endfacet
  facet normal 0 0 -1
    outer loop
      vertex -23.5 17.5 0
      vertex -6.0557035729289055 13.663535244762897 0
      vertex -6.100000001490116 9.437306694686413 0
    endloop
  endfacet
  facet normal 0 0 -1
    outer loop
      vertex -23.5 17.5 0
      vertex -6.088878318667412 13.830315947532654 0
      vertex -6.0557035729289055 13.663535244762897 0
    endloop
  endfacet
  facet normal 0 0 -1
    outer loop
      vertex -23.5 17.5 0
      vertex -6.100000001490116 14 0
      vertex -6.088878318667412 13.830315947532654 0
    endloop
  endfacet
  facet normal 0 0 -1
    outer loop
      vertex -23.5 17.5 0
      vertex -6.088878318667412 14.169684052467346 0
      vertex -6.100000001490116 14 0
    endloop
  endfacet
  facet normal 0 0 -1
    outer loop
      vertex -23.5 17.5 0
      vertex -6.0557035729289055 14.336464755237103 0
      vertex -6.088878318667412 14.169684052467346 0
    endloop
  endfacet
  facet normal 0 0 -1
    outer loop
      vertex -23.5 17.5 0
      vertex -6.001043394207954 14.497488461434841 0
      vertex -6.0557035729289055 14.336464755237103 0
    endloop
  endfacet
  facet normal 0 0 -1
    outer loop
      vertex -23.5 17.5 0
      vertex -5.925833024084568 14.649999998509884 0
      vertex -6.001043394207954 14.497488461434841 0
    endloop
  endfacet
  facet normal 0 0 -1
    outer loop
      vertex -23.5 17.5 0
      vertex -5.831359341740608 14.791389860212803 0
      vertex -5.925833024084568 14.649999998509884 0
    endloop
  endfacet
  facet normal -0.997858923008654 0.06540313273849395 0
    outer loop
      vertex -23.5 17.5 0
      vertex -23.44866916537285 18.283157154917717 14
      vertex -23.44866916537285 18.283157154917717 0
    endloop
  endfacet
  facet normal -0.9807852810941301 0.19509031854274123 0
    outer loop
      vertex -23.44866916537285 18.283157154917717 0
      vertex -23.2955549582839 19.052914269268513 14
      vertex -23.2955549582839 19.052914269268513 0
    endloop
  endfacet
  facet normal -0.9978589230086541 0.06540313273849395 0
    outer loop
      vertex -23.5 17.5 0
      vertex -23.5 17.5 1.5
      vertex -23.44866916537285 18.283157154917717 14
    endloop
  endfacet
  facet normal -0.9469301300366789 0.3214394637077385 0
    outer loop
      vertex -23.2955549582839 19.052914269268513 0
      vertex -23.043277196586132 19.796100594103336 14
      vertex -23.043277196586132 19.796100594103336 2.6
    endloop
  endfacet
  facet normal -0.896872742604388 0.44228868804580923 0
    outer loop
      vertex -22.696152426302433 20.5 0
      vertex -22.97881116781916 19.926824769484146 2.6
      vertex -22.696152426302433 20.5 14
    endloop
  endfacet
  facet normal -0.8314696090452224 0.5555702378945303 0
    outer loop
      vertex -22.696152426302433 20.5 0
      vertex -22.696152426302433 20.5 14
      vertex -22.621074002458165 20.612362800351043 2.410596026490066
    endloop
  endfacet
  facet normal -0.8968727426043899 0.4422886880458055 0
    outer loop
      vertex -23.043277196586132 19.796100594103336 2.6
      vertex -23.043277196586132 19.796100594103336 14
      vertex -22.97881116781916 19.926824769484146 2.6
    endloop
  endfacet
  facet normal -0.7518398113182407 0.6593458107222281 0
    outer loop
      vertex -22.260120041668415 21.152568571269512 0
      vertex -22.260120041668415 21.152568571269512 1.5
      vertex -21.74264068901539 21.74264068901539 14
    endloop
  endfacet
  facet normal -0.7518398113182407 0.6593458107222281 0
    outer loop
      vertex -22.260120041668415 21.152568571269512 0
      vertex -21.74264068901539 21.74264068901539 14
      vertex -21.74264068901539 21.74264068901539 0
    endloop
  endfacet
  facet normal -0.6593458107222281 0.7518398113182406 0
    outer loop
      vertex -21.74264068901539 21.74264068901539 0
      vertex -21.152568571269512 22.260120041668415 14
      vertex -21.152568571269512 22.260120041668415 2.6
    endloop
  endfacet
  facet normal -0.8314696090451754 0.5555702378946005 9.854274304042488e-16
    outer loop
      vertex -22.621074002458165 20.612362800351043 2.410596026490066
      vertex -22.696152426302433 20.5 14
      vertex -22.61517498344183 20.62119130609291 2.6
    endloop
  endfacet
  facet normal -0.8314696090452178 0.5555702378945371 1.711263703755563e-18
    outer loop
      vertex -22.61517498344183 20.62119130609291 2.6
      vertex -22.260120041668415 21.152568571269512 14
      vertex -22.260120041668415 21.152568571269512 2.6
    endloop
  endfacet
  facet normal -0.7518398113182407 0.6593458107222282 0
    outer loop
      vertex -22.260120041668415 21.152568571269512 1.5
      vertex -22.260120041668415 21.152568571269512 2.6
      vertex -21.74264068901539 21.74264068901539 14
    endloop
  endfacet
  facet normal -0.555570237894537 0.8314696090452179 0
    outer loop
      vertex -21.152568571269512 22.260120041668415 2.6
      vertex -21.152568571269512 22.260120041668415 14
      vertex -20.5 22.696152426302433 2.6
    endloop
  endfacet
  facet normal -0.44228868804580856 0.8968727426043884 0
    outer loop
      vertex -20.5 22.696152426302433 0
      vertex -20.5 22.696152426302433 1.5
      vertex -19.796100594103336 23.043277196586132 14
    endloop
  endfacet
  facet normal -0.44228868804580856 0.8968727426043883 0
    outer loop
      vertex -20.5 22.696152426302433 0
      vertex -19.796100594103336 23.043277196586132 14
      vertex -19.796100594103336 23.043277196586132 2.6
    endloop
  endfacet
  facet normal -0.1950903185427412 0.98078528109413 0
    outer loop
      vertex -19.052914269268513 23.2955549582839 0
      vertex -19.052914269268513 23.2955549582839 1.5
      vertex -18.283157154917717 23.44866916537285 14
    endloop
  endfacet
  facet normal -0.19509031854274123 0.9807852810941302 0
    outer loop
      vertex -19.052914269268513 23.2955549582839 0
      vertex -18.283157154917717 23.44866916537285 14
      vertex -18.283157154917717 23.44866916537285 2.6
    endloop
  endfacet
  facet normal -0.44228868804580856 0.8968727426043883 0
    outer loop
      vertex -20.5 22.696152426302433 1.5
      vertex -20.5 22.696152426302433 2.6
      vertex -19.796100594103336 23.043277196586132 14
    endloop
  endfacet
  facet normal -0.3214394637077385 0.9469301300366789 0
    outer loop
      vertex -19.796100594103336 23.043277196586132 2.6
      vertex -19.796100594103336 23.043277196586132 14
      vertex -19.052914269268513 23.2955549582839 2.6
    endloop
  endfacet
  facet normal -0.19509031854274123 0.9807852810941301 0
    outer loop
      vertex -19.052914269268513 23.2955549582839 1.5
      vertex -19.052914269268513 23.2955549582839 2.6
      vertex -18.283157154917717 23.44866916537285 14
    endloop
  endfacet
  facet normal -0.06540313273849394 0.997858923008654 0
    outer loop
      vertex -18.283157154917717 23.44866916537285 2.6
      vertex -18.283157154917717 23.44866916537285 14
      vertex -17.5 23.5 2.6
    endloop
  endfacet
  facet normal 0 0 -1
    outer loop
      vertex -6.100000001490116 9.437306694686413 0
      vertex -6.0557035729289055 13.663535244762897 0
      vertex -5.607270419597626 9.680294036865234 0
    endloop
  endfacet
  facet normal 0 0 -1
    outer loop
      vertex -5.607270419597626 9.680294036865234 0
      vertex -6.0557035729289055 13.663535244762897 0
      vertex -5.087039992213249 9.856888473033905 0
    endloop
  endfacet
  facet normal 0 0 -1
    outer loop
      vertex -5.087039992213249 9.856888473033905 0
      vertex -6.0557035729289055 13.663535244762897 0
      vertex -4.946891717612743 9.884765692055225 0
    endloop
  endfacet
  facet normal 0 0 -1
    outer loop
      vertex -23.5 17.5 0
      vertex -5.719238817691803 14.919238813221455 0
      vertex -5.831359341740608 14.791389860212803 0
    endloop
  endfacet
  facet normal 0 0 -1
    outer loop
      vertex -23.5 17.5 0
      vertex -5.591389857232571 15.03135934472084 0
      vertex -5.719238817691803 14.919238813221455 0
    endloop
  endfacet
  facet normal 0 0 -1
    outer loop
      vertex -23.5 17.5 0
      vertex -5.450000002980232 15.1258330270648 0
      vertex -5.591389857232571 15.03135934472084 0
    endloop
  endfacet
  facet normal 0 0 -1
    outer loop
      vertex -23.5 17.5 0
      vertex -5.297488458454609 15.201043389737606 0
      vertex -5.450000002980232 15.1258330270648 0
    endloop
  endfacet
  facet normal 0 0 -1
    outer loop
      vertex -23.5 17.5 0
      vertex -5.136464759707451 15.255703575909138 0
      vertex -5.297488458454609 15.201043389737606 0
    endloop
  endfacet
  facet normal 0 0 -1
    outer loop
      vertex -23.5 17.5 0
      vertex -4.969684049487114 15.288878321647644 0
      vertex -5.136464759707451 15.255703575909138 0
    endloop
  endfacet
  facet normal 0 0 -1
    outer loop
      vertex -23.5 17.5 0
      vertex -4.799999997019768 15.299999997019768 0
      vertex -4.969684049487114 15.288878321647644 0
    endloop
  endfacet
  facet normal 0 0 -1
    outer loop
      vertex -23.5 17.5 0
      vertex -4.630315952003002 15.288878321647644 0
      vertex -4.799999997019768 15.299999997019768 0
    endloop
  endfacet
  facet normal 0 0 -1
    outer loop
      vertex -23.5 17.5 0
      vertex -23.44866916537285 18.283157154917717 0
      vertex 23.043277196586132 19.796100594103336 0
    endloop
  endfacet
  facet normal 0 0 -1
    outer loop
      vertex -23.44866916537285 18.283157154917717 0
      vertex -23.2955549582839 19.052914269268513 0
      vertex 22.696152426302433 20.5 0
    endloop
  endfacet
  facet normal 0 0 -1
    outer loop
      vertex -23.2955549582839 19.052914269268513 0
      vertex -23.043277196586132 19.796100594103336 0
      vertex 22.260120041668415 21.152568571269512 0
    endloop
  endfacet
  facet normal 0 0 -1
    outer loop
      vertex -23.043277196586132 19.796100594103336 0
      vertex -22.696152426302433 20.5 0
      vertex 21.74264068901539 21.74264068901539 0
    endloop
  endfacet
  facet normal 0 0 -1
    outer loop
      vertex -22.696152426302433 20.5 0
      vertex -22.260120041668415 21.152568571269512 0
      vertex 21.152568571269512 22.260120041668415 0
    endloop
  endfacet
  facet normal 0 0 -1
    outer loop
      vertex -22.260120041668415 21.152568571269512 0
      vertex -21.74264068901539 21.74264068901539 0
      vertex 20.5 22.696152426302433 0
    endloop
  endfacet
  facet normal 0 0 -1
    outer loop
      vertex -21.74264068901539 21.74264068901539 0
      vertex -21.152568571269512 22.260120041668415 0
      vertex 19.796100594103336 23.043277196586132 0
    endloop
  endfacet
  facet normal 0 0 -1
    outer loop
      vertex -21.152568571269512 22.260120041668415 0
      vertex -20.5 22.696152426302433 0
      vertex 19.052914269268513 23.2955549582839 0
    endloop
  endfacet
  facet normal 0 0 -1
    outer loop
      vertex -20.5 22.696152426302433 0
      vertex -19.796100594103336 23.043277196586132 0
      vertex 18.283157154917717 23.44866916537285 0
    endloop
  endfacet
  facet normal 0 0 -1
    outer loop
      vertex -19.796100594103336 23.043277196586132 0
      vertex -19.052914269268513 23.2955549582839 0
      vertex 17.5 23.5 0
    endloop
  endfacet
  facet normal 0 0 -1
    outer loop
      vertex -19.052914269268513 23.2955549582839 0
      vertex -17.5 23.5 0
      vertex 17.5 23.5 0
    endloop
  endfacet
  facet normal 0 0 -1
    outer loop
      vertex -23.5 17.5 0
      vertex 23.2955549582839 19.052914269268513 0
      vertex -4.630315952003002 15.288878321647644 0
    endloop
  endfacet
  facet normal 0 1 0
    outer loop
      vertex -17.5 23.5 0
      vertex -17.5 23.5 1.5
      vertex 17.5 23.5 0
    endloop
  endfacet
  facet normal 0 1 0
    outer loop
      vertex -17.5 23.5 1.5
      vertex -17.5 23.5 2.6
      vertex 17.5 23.5 14
    endloop
  endfacet
  facet normal 0 0 1
    outer loop
      vertex -23.5 -17.5 14
      vertex -21.899999998509884 17.5 14
      vertex -23.5 17.5 14
    endloop
  endfacet
  facet normal -0.9807852810941301 0.19509031854274123 0
    outer loop
      vertex -23.44866916537285 18.283157154917717 0
      vertex -23.44866916537285 18.283157154917717 14
      vertex -23.2955549582839 19.052914269268513 14
    endloop
  endfacet
  facet normal -0.997858923008654 0.06540313273849394 0
    outer loop
      vertex -23.5 17.5 1.5
      vertex -23.5 17.5 14
      vertex -23.44866916537285 18.283157154917717 14
    endloop
  endfacet
  facet normal -0.9469301300366788 0.32143946370773846 0
    outer loop
      vertex -23.2955549582839 19.052914269268513 0
      vertex -23.2955549582839 19.052914269268513 14
      vertex -23.043277196586132 19.796100594103336 14
    endloop
  endfacet
  facet normal -0.8968727426043883 0.4422886880458086 4.370381250550545e-17
    outer loop
      vertex -22.97881116781916 19.926824769484146 2.6
      vertex -23.043277196586132 19.796100594103336 14
      vertex -22.696152426302433 20.5 14
    endloop
  endfacet
  facet normal -0.8314696090452179 0.555570237894537 7.397995317383907e-18
    outer loop
      vertex -22.61517498344183 20.62119130609291 2.6
      vertex -22.696152426302433 20.5 14
      vertex -22.260120041668415 21.152568571269512 14
    endloop
  endfacet
  facet normal -0.7518398113182406 0.6593458107222281 0
    outer loop
      vertex -22.260120041668415 21.152568571269512 2.6
      vertex -22.260120041668415 21.152568571269512 14
      vertex -21.74264068901539 21.74264068901539 14
    endloop
  endfacet
  facet normal -0.6593458107222281 0.7518398113182407 0
    outer loop
      vertex -21.74264068901539 21.74264068901539 0
      vertex -21.74264068901539 21.74264068901539 14
      vertex -21.152568571269512 22.260120041668415 14
    endloop
  endfacet
  facet normal -0.555570237894537 0.8314696090452179 0
    outer loop
      vertex -20.5 22.696152426302433 2.6
      vertex -21.152568571269512 22.260120041668415 14
      vertex -20.5 22.696152426302433 14
    endloop
  endfacet
  facet normal -0.4422886880458085 0.8968727426043884 0
    outer loop
      vertex -20.5 22.696152426302433 2.6
      vertex -20.5 22.696152426302433 14
      vertex -19.796100594103336 23.043277196586132 14
    endloop
  endfacet
  facet normal -0.3214394637077385 0.9469301300366789 0
    outer loop
      vertex -19.052914269268513 23.2955549582839 2.6
      vertex -19.796100594103336 23.043277196586132 14
      vertex -19.052914269268513 23.2955549582839 14
    endloop
  endfacet
  facet normal -0.19509031854274123 0.9807852810941302 0
    outer loop
      vertex -19.052914269268513 23.2955549582839 2.6
      vertex -19.052914269268513 23.2955549582839 14
      vertex -18.283157154917717 23.44866916537285 14
    endloop
  endfacet
  facet normal -0.06540313273849394 0.997858923008654 0
    outer loop
      vertex -17.5 23.5 2.6
      vertex -18.283157154917717 23.44866916537285 14
      vertex -17.5 23.5 14
    endloop
  endfacet
  facet normal 0 0 1
    outer loop
      vertex -23.5 17.5 14
      vertex -21.862357392907143 18.07431524246931 14
      vertex -23.44866916537285 18.283157154917717 14
    endloop
  endfacet
  facet normal 0 0 1
    outer loop
      vertex -23.44866916537285 18.283157154917717 14
      vertex -21.75007363408804 18.63880379498005 14
      vertex -23.2955549582839 19.052914269268513 14
    endloop
  endfacet
  facet normal 0 0 1
    outer loop
      vertex -23.5 17.5 14
      vertex -21.899999998509884 17.5 14
      vertex -21.862357392907143 18.07431524246931 14
    endloop
  endfacet
  facet normal 0 0 1
    outer loop
      vertex -23.44866916537285 18.283157154917717 14
      vertex -21.862357392907143 18.07431524246931 14
      vertex -21.75007363408804 18.63880379498005 14
    endloop
  endfacet
  facet normal 0 0 1
    outer loop
      vertex -23.2955549582839 19.052914269268513 14
      vertex -21.75007363408804 18.63880379498005 14
      vertex -21.565069943666458 19.183807104825974 14
    endloop
  endfacet
  facet normal 0 0 1
    outer loop
      vertex -23.2955549582839 19.052914269268513 14
      vertex -21.565069943666458 19.183807104825974 14
      vertex -23.043277196586132 19.796100594103336 14
    endloop
  endfacet
  facet normal 0 0 1
    outer loop
      vertex -23.043277196586132 19.796100594103336 14
      vertex -20.990754693746567 20.17855028808117 14
      vertex -22.696152426302433 20.5 14
    endloop
  endfacet
  facet normal 0 0 1
    outer loop
      vertex -23.043277196586132 19.796100594103336 14
      vertex -21.565069943666458 19.183807104825974 14
      vertex -21.310511775314808 19.700000002980232 14
    endloop
  endfacet
  facet normal 0 0 1
    outer loop
      vertex -23.043277196586132 19.796100594103336 14
      vertex -21.310511775314808 19.700000002980232 14
      vertex -20.990754693746567 20.17855028808117 14
    endloop
  endfacet
  facet normal 0 0 1
    outer loop
      vertex -22.696152426302433 20.5 14
      vertex -20.990754693746567 20.17855028808117 14
      vertex -20.61126983910799 20.61126983910799 14
    endloop
  endfacet
  facet normal 0 0 1
    outer loop
      vertex -22.696152426302433 20.5 14
      vertex -20.61126983910799 20.61126983910799 14
      vertex -22.260120041668415 21.152568571269512 14
    endloop
  endfacet
  facet normal 0 0 1
    outer loop
      vertex -22.260120041668415 21.152568571269512 14
      vertex -20.61126983910799 20.61126983910799 14
      vertex -20.17855028808117 20.990754693746567 14
    endloop
  endfacet
  facet normal 0 0 1
    outer loop
      vertex -22.260120041668415 21.152568571269512 14
      vertex -20.17855028808117 20.990754693746567 14
      vertex -19.700000002980232 21.310511775314808 14
    endloop
  endfacet
  facet normal 0 0 1
    outer loop
      vertex -22.260120041668415 21.152568571269512 14
      vertex -19.700000002980232 21.310511775314808 14
      vertex -21.74264068901539 21.74264068901539 14
    endloop
  endfacet
  facet normal 0 0 1
    outer loop
      vertex -21.74264068901539 21.74264068901539 14
      vertex -19.700000002980232 21.310511775314808 14
      vertex -19.183807104825974 21.565069943666458 14
    endloop
  endfacet
  facet normal 0 0 1
    outer loop
      vertex -21.74264068901539 21.74264068901539 14
      vertex -18.07431524246931 21.862357392907143 14
      vertex -21.152568571269512 22.260120041668415 14
    endloop
  endfacet
  facet normal 0 0 1
    outer loop
      vertex -21.74264068901539 21.74264068901539 14
      vertex -19.183807104825974 21.565069943666458 14
      vertex -18.63880379498005 21.75007363408804 14
    endloop
  endfacet
  facet normal 0 0 1
    outer loop
      vertex -21.74264068901539 21.74264068901539 14
      vertex -18.63880379498005 21.75007363408804 14
      vertex -18.07431524246931 21.862357392907143 14
    endloop
  endfacet
  facet normal 0 0 1
    outer loop
      vertex -21.152568571269512 22.260120041668415 14
      vertex -18.07431524246931 21.862357392907143 14
      vertex -17.5 21.899999998509884 14
    endloop
  endfacet
  facet normal 0 0 1
    outer loop
      vertex -19.052914269268513 23.2955549582839 14
      vertex -17.5 23.5 14
      vertex -18.283157154917717 23.44866916537285 14
    endloop
  endfacet
  facet normal 0 1 0
    outer loop
      vertex -17.5 23.5 2.6
      vertex -17.5 23.5 14
      vertex 17.5 23.5 14
    endloop
  endfacet
  facet normal 0 0 1
    outer loop
      vertex -21.152568571269512 22.260120041668415 14
      vertex 19.052914269268513 23.2955549582839 14
      vertex -20.5 22.696152426302433 14
    endloop
  endfacet
  facet normal 0 0 1
    outer loop
      vertex -21.152568571269512 22.260120041668415 14
      vertex -17.5 21.899999998509884 14
      vertex 17.5 21.899999998509884 14
    endloop
  endfacet
  facet normal 0 0 1
    outer loop
      vertex -20.5 22.696152426302433 14
      vertex 18.283157154917717 23.44866916537285 14
      vertex -19.796100594103336 23.043277196586132 14
    endloop
  endfacet
  facet normal 0 0 1
    outer loop
      vertex -19.796100594103336 23.043277196586132 14
      vertex 17.5 23.5 14
      vertex -19.052914269268513 23.2955549582839 14
    endloop
  endfacet
  facet normal 0 0 1
    outer loop
      vertex -19.052914269268513 23.2955549582839 14
      vertex 17.5 23.5 14
      vertex -17.5 23.5 14
    endloop
  endfacet
  facet normal 0 -1 0
    outer loop
      vertex -17.5 -23.5 0
      vertex 17.5 -23.5 0
      vertex 17.5 -23.5 1.5
    endloop
  endfacet
  facet normal 0 0 -1
    outer loop
      vertex -23.2955549582839 -19.052914269268513 0
      vertex 9 -16.5 0
      vertex 23.5 -17.5 0
    endloop
  endfacet
  facet normal 0 -1 0
    outer loop
      vertex -17.5 -23.5 1.5
      vertex 17.5 -23.5 1.5
      vertex 17.5 -23.5 2.6
    endloop
  endfacet
  facet normal 0 0 -1
    outer loop
      vertex -17.5 -23.5 0
      vertex 19.052914269268513 -23.2955549582839 0
      vertex 17.5 -23.5 0
    endloop
  endfacet
  facet normal 0 0 -1
    outer loop
      vertex -17.5 -23.5 0
      vertex 19.796100594103336 -23.043277196586132 0
      vertex 19.052914269268513 -23.2955549582839 0
    endloop
  endfacet
  facet normal 0 0 -1
    outer loop
      vertex -18.283157154917717 -23.44866916537285 0
      vertex 20.5 -22.696152426302433 0
      vertex 19.796100594103336 -23.043277196586132 0
    endloop
  endfacet
  facet normal 0 0 -1
    outer loop
      vertex -19.052914269268513 -23.2955549582839 0
      vertex 21.152568571269512 -22.260120041668415 0
      vertex 20.5 -22.696152426302433 0
    endloop
  endfacet
  facet normal 0 0 -1
    outer loop
      vertex -19.796100594103336 -23.043277196586132 0
      vertex 21.74264068901539 -21.74264068901539 0
      vertex 21.152568571269512 -22.260120041668415 0
    endloop
  endfacet
  facet normal 0 0 -1
    outer loop
      vertex -20.5 -22.696152426302433 0
      vertex 22.260120041668415 -21.152568571269512 0
      vertex 21.74264068901539 -21.74264068901539 0
    endloop
  endfacet
  facet normal 0 0 -1
    outer loop
      vertex -21.152568571269512 -22.260120041668415 0
      vertex 22.696152426302433 -20.5 0
      vertex 22.260120041668415 -21.152568571269512 0
    endloop
  endfacet
  facet normal 0 0 -1
    outer loop
      vertex -21.74264068901539 -21.74264068901539 0
      vertex 23.043277196586132 -19.796100594103336 0
      vertex 22.696152426302433 -20.5 0
    endloop
  endfacet
  facet normal 0 0 -1
    outer loop
      vertex -22.260120041668415 -21.152568571269512 0
      vertex 23.2955549582839 -19.052914269268513 0
      vertex 23.043277196586132 -19.796100594103336 0
    endloop
  endfacet
  facet normal 0 0 -1
    outer loop
      vertex -22.696152426302433 -20.5 0
      vertex 23.44866916537285 -18.283157154917717 0
      vertex 23.2955549582839 -19.052914269268513 0
    endloop
  endfacet
  facet normal 0 0 -1
    outer loop
      vertex -23.043277196586132 -19.796100594103336 0
      vertex 23.5 -17.5 0
      vertex 23.44866916537285 -18.283157154917717 0
    endloop
  endfacet
  facet normal 0 -1 0
    outer loop
      vertex -17.5 -23.5 1.5
      vertex 17.5 -23.5 2.6
      vertex 17.5 -23.5 14
    endloop
  endfacet
  facet normal 0 0 -1
    outer loop
      vertex 23.5 -17.5 0
      vertex 9 -16.5 0
      vertex 9.913683347404003 -16.44011402875185 0
    endloop
  endfacet
  facet normal 0 0 -1
    outer loop
      vertex 23.5 -17.5 0
      vertex 9.913683347404003 -16.44011402875185 0
      vertex 10.811733312904835 -16.261480785906315 0
    endloop
  endfacet
  facet normal 0 0 -1
    outer loop
      vertex 23.5 -17.5 0
      vertex 10.811733312904835 -16.261480785906315 0
      vertex 11.678784027695656 -15.96715673059225 0
    endloop
  endfacet
  facet normal 0 0 -1
    outer loop
      vertex 23.5 -17.5 0
      vertex 11.678784027695656 -15.96715673059225 0
      vertex 12.5 -15.562177829444408 0
    endloop
  endfacet
  facet normal 0 0 -1
    outer loop
      vertex 23.5 -17.5 0
      vertex 12.5 -15.562177829444408 0
      vertex 13.261330001056194 -15.053473383188248 0
    endloop
  endfacet
  facet normal 0 0 -1
    outer loop
      vertex 23.5 -17.5 0
      vertex 13.261330001056194 -15.053473383188248 0
      vertex 13.9497474655509 -14.4497474655509 0
    endloop
  endfacet
  facet normal 0 0 -1
    outer loop
      vertex 23.5 -17.5 0
      vertex 13.9497474655509 -14.4497474655509 0
      vertex 14.553473383188248 -13.761330001056194 0
    endloop
  endfacet
  facet normal 0 0 -1
    outer loop
      vertex 17.5 -23.5 0
      vertex 19.052914269268513 -23.2955549582839 0
      vertex 18.283157154917717 -23.44866916537285 0
    endloop
  endfacet
  facet normal 0.06540313273849395 -0.9978589230086541 0
    outer loop
      vertex 17.5 -23.5 0
      vertex 18.283157154917717 -23.44866916537285 0
      vertex 18.283157154917717 -23.44866916537285 1.5
    endloop
  endfacet
  facet normal 0.1950903185427412 -0.98078528109413 0
    outer loop
      vertex 18.283157154917717 -23.44866916537285 0
      vertex 19.052914269268513 -23.2955549582839 0
      vertex 18.283157154917717 -23.44866916537285 1.5
    endloop
  endfacet
  facet normal 0.3214394637077385 -0.9469301300366789 0
    outer loop
      vertex 19.052914269268513 -23.2955549582839 0
      vertex 19.796100594103336 -23.043277196586132 0
      vertex 19.052914269268513 -23.2955549582839 1.5
    endloop
  endfacet
  facet normal 0.44228868804580856 -0.8968727426043884 0
    outer loop
      vertex 19.796100594103336 -23.043277196586132 0
      vertex 20.5 -22.696152426302433 0
      vertex 19.796100594103336 -23.043277196586132 2.6
    endloop
  endfacet
  facet normal 0.555570237894537 -0.8314696090452178 0
    outer loop
      vertex 20.5 -22.696152426302433 0
      vertex 21.152568571269512 -22.260120041668415 0
      vertex 21.152568571269512 -22.260120041668415 1.5
    endloop
  endfacet
  facet normal 0.6593458107222281 -0.7518398113182407 0
    outer loop
      vertex 21.152568571269512 -22.260120041668415 0
      vertex 21.74264068901539 -21.74264068901539 0
      vertex 21.152568571269512 -22.260120041668415 1.5
    endloop
  endfacet
  facet normal 0.8314696090452178 -0.555570237894537 0
    outer loop
      vertex 22.260120041668415 -21.152568571269512 0
      vertex 22.696152426302433 -20.5 0
      vertex 22.696152426302433 -20.5 1.5
    endloop
  endfacet
  facet normal 0.8968727426043884 -0.44228868804580856 0
    outer loop
      vertex 22.696152426302433 -20.5 0
      vertex 23.043277196586132 -19.796100594103336 0
      vertex 22.696152426302433 -20.5 1.5
    endloop
  endfacet
  facet normal 0.06540313273849395 -0.9978589230086541 0
    outer loop
      vertex 17.5 -23.5 0
      vertex 18.283157154917717 -23.44866916537285 1.5
      vertex 17.5 -23.5 1.5
    endloop
  endfacet
  facet normal 0.19509031854274125 -0.9807852810941301 0
    outer loop
      vertex 19.052914269268513 -23.2955549582839 0
      vertex 18.283157154917717 -23.44866916537285 1.627906976744186
      vertex 18.283157154917717 -23.44866916537285 1.5
    endloop
  endfacet
  facet normal 0.3214394637077385 -0.9469301300366789 0
    outer loop
      vertex 19.796100594103336 -23.043277196586132 0
      vertex 19.796100594103336 -23.043277196586132 2.6
      vertex 19.052914269268513 -23.2955549582839 1.5
    endloop
  endfacet
  facet normal 0.555570237894537 -0.8314696090452178 0
    outer loop
      vertex 20.5 -22.696152426302433 0
      vertex 21.152568571269512 -22.260120041668415 1.5
      vertex 20.5 -22.696152426302433 1.5
    endloop
  endfacet
  facet normal 0.6593458107222282 -0.7518398113182407 0
    outer loop
      vertex 21.74264068901539 -21.74264068901539 0
      vertex 21.152568571269512 -22.260120041668415 2.6
      vertex 21.152568571269512 -22.260120041668415 1.5
    endloop
  endfacet
  facet normal 0.8314696090452178 -0.555570237894537 0
    outer loop
      vertex 22.260120041668415 -21.152568571269512 0
      vertex 22.696152426302433 -20.5 1.5
      vertex 22.260120041668415 -21.152568571269512 1.5
    endloop
  endfacet
  facet normal 0.8968727426043883 -0.44228868804580856 0
    outer loop
      vertex 23.043277196586132 -19.796100594103336 0
      vertex 22.696152426302433 -20.5 2.6
      vertex 22.696152426302433 -20.5 1.5
    endloop
  endfacet
  facet normal 0 0 -1
    outer loop
      vertex 23.5 -17.5 0
      vertex 14.553473383188248 -13.761330001056194 0
      vertex 15.062177829444408 -13 0
    endloop
  endfacet
  facet normal 0 0 -1
    outer loop
      vertex 23.5 -17.5 0
      vertex 15.062177829444408 -13 0
      vertex 15.46715673059225 -12.178784027695656 0
    endloop
  endfacet
  facet normal 0 0 -1
    outer loop
      vertex 23.5 -17.5 0
      vertex 15.46715673059225 -12.178784027695656 0
      vertex 15.761480785906315 -11.311733312904835 0
    endloop
  endfacet
  facet normal 0 0 -1
    outer loop
      vertex 23.5 -17.5 0
      vertex 15.761480785906315 -11.311733312904835 0
      vertex 15.94011402875185 -10.413683347404003 0
    endloop
  endfacet
  facet normal 0 0 -1
    outer loop
      vertex 23.5 -17.5 0
      vertex 15.94011402875185 -10.413683347404003 0
      vertex 16 -9.5 0
    endloop
  endfacet
  facet normal 0.1950903185427412 -0.98078528109413 0
    outer loop
      vertex 19.052914269268513 -23.2955549582839 0
      vertex 18.283157154917717 -23.44866916537285 14
      vertex 18.283157154917717 -23.44866916537285 1.627906976744186
    endloop
  endfacet
  facet normal 0.1950903185427412 -0.98078528109413 0
    outer loop
      vertex 19.052914269268513 -23.2955549582839 0
      vertex 19.052914269268513 -23.2955549582839 1.5
      vertex 18.283157154917717 -23.44866916537285 14
    endloop
  endfacet
  facet normal 0.44228868804580856 -0.8968727426043884 0
    outer loop
      vertex 20.5 -22.696152426302433 0
      vertex 20.5 -22.696152426302433 1.5
      vertex 19.796100594103336 -23.043277196586132 14
    endloop
  endfacet
  facet normal 0.44228868804580856 -0.8968727426043883 0
    outer loop
      vertex 20.5 -22.696152426302433 0
      vertex 19.796100594103336 -23.043277196586132 14
      vertex 19.796100594103336 -23.043277196586132 2.6
    endloop
  endfacet
  facet normal 0.06540313273847873 -0.9978589230086551 5.4439044779884755e-21
    outer loop
      vertex 18.19209236946217 -23.45463786707368 1.627906976744186
      vertex 18.283157154917717 -23.44866916537285 1.627906976744186
      vertex 18.283157154917717 -23.44866916537285 14
    endloop
  endfacet
  facet normal 0.06540313273849595 -0.9978589230086539 0
    outer loop
      vertex 17.5 -23.5 2.6
      vertex 18.19209236946217 -23.45463786707368 1.627906976744186
      vertex 17.5 -23.5 14
    endloop
  endfacet
  facet normal 0.19509031854274123 -0.9807852810941301 0
    outer loop
      vertex 19.052914269268513 -23.2955549582839 1.5
      vertex 19.052914269268513 -23.2955549582839 2.6
      vertex 18.283157154917717 -23.44866916537285 14
    endloop
  endfacet
  facet normal 0.3214394637077385 -0.9469301300366789 0
    outer loop
      vertex 19.052914269268513 -23.2955549582839 2.6
      vertex 19.796100594103336 -23.043277196586132 2.6
      vertex 19.796100594103336 -23.043277196586132 14
    endloop
  endfacet
  facet normal 0.44228868804580856 -0.8968727426043883 0
    outer loop
      vertex 20.5 -22.696152426302433 1.5
      vertex 20.5 -22.696152426302433 2.6
      vertex 19.796100594103336 -23.043277196586132 14
    endloop
  endfacet
  facet normal 0.6593458107222281 -0.7518398113182406 0
    outer loop
      vertex 21.74264068901539 -21.74264068901539 0
      vertex 21.152568571269512 -22.260120041668415 14
      vertex 21.152568571269512 -22.260120041668415 2.6
    endloop
  endfacet
  facet normal 0.7518398113182407 -0.6593458107222281 0
    outer loop
      vertex 21.74264068901539 -21.74264068901539 0
      vertex 22.260120041668415 -21.152568571269512 0
      vertex 21.74264068901539 -21.74264068901539 14
    endloop
  endfacet
  facet normal 0.7518398113182407 -0.6593458107222281 0
    outer loop
      vertex 22.260120041668415 -21.152568571269512 0
      vertex 22.260120041668415 -21.152568571269512 1.5
      vertex 21.74264068901539 -21.74264068901539 14
    endloop
  endfacet
  facet normal 0.555570237894537 -0.8314696090452179 0
    outer loop
      vertex 20.5 -22.696152426302433 2.6
      vertex 21.152568571269512 -22.260120041668415 2.6
      vertex 21.152568571269512 -22.260120041668415 14
    endloop
  endfacet
  facet normal 0.7518398113182407 -0.6593458107222282 0
    outer loop
      vertex 22.260120041668415 -21.152568571269512 1.5
      vertex 22.260120041668415 -21.152568571269512 2.6
      vertex 21.74264068901539 -21.74264068901539 14
    endloop
  endfacet
  facet normal 0.8314696090452179 -0.555570237894537 0
    outer loop
      vertex 22.260120041668415 -21.152568571269512 2.6
      vertex 22.696152426302433 -20.5 2.6
      vertex 22.696152426302433 -20.5 14
    endloop
  endfacet
  facet normal 0.9469301300366788 -0.32143946370773846 0
    outer loop
      vertex 23.043277196586132 -19.796100594103336 0
      vertex 23.2955549582839 -19.052914269268513 0
      vertex 23.043277196586132 -19.796100594103336 14
    endloop
  endfacet
  facet normal 0.8968727426043883 -0.44228868804580856 0
    outer loop
      vertex 23.043277196586132 -19.796100594103336 0
      vertex 22.696152426302433 -20.5 14
      vertex 22.696152426302433 -20.5 2.6
    endloop
  endfacet
  facet normal 0.9807852810941301 -0.19509031854274123 0
    outer loop
      vertex 23.2955549582839 -19.052914269268513 0
      vertex 23.44866916537285 -18.283157154917717 0
      vertex 23.2955549582839 -19.052914269268513 14
    endloop
  endfacet
  facet normal 0.997858923008654 -0.06540313273849395 0
    outer loop
      vertex 23.44866916537285 -18.283157154917717 0
      vertex 23.5 -17.5 0
      vertex 23.44866916537285 -18.283157154917717 14
    endloop
  endfacet
  facet normal 0.9978589230086541 -0.06540313273849395 0
    outer loop
      vertex 23.5 -17.5 0
      vertex 23.5 -17.5 1.5
      vertex 23.44866916537285 -18.283157154917717 14
    endloop
  endfacet
  facet normal 0.997858923008654 -0.06540313273849394 0
    outer loop
      vertex 23.5 -17.5 1.5
      vertex 23.5 -17.5 2.6
      vertex 23.44866916537285 -18.283157154917717 14
    endloop
  endfacet
  facet normal 0 0 -1
    outer loop
      vertex 11.973725378513336 -3.1430272236466408 0
      vertex 12.5 -3.4378221705555916 0
      vertex 11.959736563265324 -3.171393722295761 0
    endloop
  endfacet
  facet normal 0 0 -1
    outer loop
      vertex 12.5 -3.4378221705555916 0
      vertex 11.973725378513336 -3.1430272236466408 0
      vertex 12.209184624254704 -2.4493866562843323 0
    endloop
  endfacet
  facet normal 0 0 -1
    outer loop
      vertex 23.5 17.5 0
      vertex 16 -9.5 0
      vertex 15.94011402875185 -8.586316652595997 0
    endloop
  endfacet
  facet normal 0 0 -1
    outer loop
      vertex 23.5 -17.5 0
      vertex 16 -9.5 0
      vertex 23.5 17.5 0
    endloop
  endfacet
  facet normal 1 0 0
    outer loop
      vertex 23.5 -17.5 0
      vertex 23.5 17.5 1.5
      vertex 23.5 -17.5 1.5
    endloop
  endfacet
  facet normal 0 0 1
    outer loop
      vertex -17.5 -23.5 14
      vertex 17.5 -23.5 14
      vertex 19.052914269268513 -23.2955549582839 14
    endloop
  endfacet
  facet normal 0 0 1
    outer loop
      vertex -17.5 -23.5 14
      vertex 19.052914269268513 -23.2955549582839 14
      vertex 19.796100594103336 -23.043277196586132 14
    endloop
  endfacet
  facet normal 0 0 1
    outer loop
      vertex -18.283157154917717 -23.44866916537285 14
      vertex 19.796100594103336 -23.043277196586132 14
      vertex 20.5 -22.696152426302433 14
    endloop
  endfacet
  facet normal 0 0 1
    outer loop
      vertex -17.5 -21.899999998509884 14
      vertex 21.152568571269512 -22.260120041668415 14
      vertex 17.5 -21.899999998509884 14
    endloop
  endfacet
  facet normal 0 0 1
    outer loop
      vertex -19.052914269268513 -23.2955549582839 14
      vertex 20.5 -22.696152426302433 14
      vertex 21.152568571269512 -22.260120041668415 14
    endloop
  endfacet
  facet normal 0.06540313273849396 -0.9978589230086541 -1.1253799361775986e-16
    outer loop
      vertex 18.19209236946217 -23.45463786707368 1.627906976744186
      vertex 18.283157154917717 -23.44866916537285 14
      vertex 17.5 -23.5 14
    endloop
  endfacet
  facet normal 0.19509031854274123 -0.9807852810941302 0
    outer loop
      vertex 19.052914269268513 -23.2955549582839 2.6
      vertex 19.052914269268513 -23.2955549582839 14
      vertex 18.283157154917717 -23.44866916537285 14
    endloop
  endfacet
  facet normal 0.3214394637077385 -0.9469301300366789 0
    outer loop
      vertex 19.052914269268513 -23.2955549582839 2.6
      vertex 19.796100594103336 -23.043277196586132 14
      vertex 19.052914269268513 -23.2955549582839 14
    endloop
  endfacet
  facet normal 0.4422886880458085 -0.8968727426043884 0
    outer loop
      vertex 20.5 -22.696152426302433 2.6
      vertex 20.5 -22.696152426302433 14
      vertex 19.796100594103336 -23.043277196586132 14
    endloop
  endfacet
  facet normal 0.555570237894537 -0.8314696090452179 0
    outer loop
      vertex 20.5 -22.696152426302433 2.6
      vertex 21.152568571269512 -22.260120041668415 14
      vertex 20.5 -22.696152426302433 14
    endloop
  endfacet
  facet normal 0.6593458107222281 -0.7518398113182407 0
    outer loop
      vertex 21.74264068901539 -21.74264068901539 0
      vertex 21.74264068901539 -21.74264068901539 14
      vertex 21.152568571269512 -22.260120041668415 14
    endloop
  endfacet
  facet normal 0.7518398113182406 -0.6593458107222281 0
    outer loop
      vertex 22.260120041668415 -21.152568571269512 2.6
      vertex 22.260120041668415 -21.152568571269512 14
      vertex 21.74264068901539 -21.74264068901539 14
    endloop
  endfacet
  facet normal 0.8314696090452179 -0.555570237894537 0
    outer loop
      vertex 22.260120041668415 -21.152568571269512 2.6
      vertex 22.696152426302433 -20.5 14
      vertex 22.260120041668415 -21.152568571269512 14
    endloop
  endfacet
  facet normal 0.8968727426043883 -0.4422886880458085 0
    outer loop
      vertex 23.043277196586132 -19.796100594103336 0
      vertex 23.043277196586132 -19.796100594103336 14
      vertex 22.696152426302433 -20.5 14
    endloop
  endfacet
  facet normal 0.9469301300366788 -0.32143946370773846 0
    outer loop
      vertex 23.2955549582839 -19.052914269268513 0
      vertex 23.2955549582839 -19.052914269268513 14
      vertex 23.043277196586132 -19.796100594103336 14
    endloop
  endfacet
  facet normal 0.9807852810941301 -0.19509031854274123 0
    outer loop
      vertex 23.44866916537285 -18.283157154917717 0
      vertex 23.44866916537285 -18.283157154917717 14
      vertex 23.2955549582839 -19.052914269268513 14
    endloop
  endfacet
  facet normal 0.997858923008654 -0.06540313273849394 0
    outer loop
      vertex 23.5 -17.5 2.6
      vertex 23.5 -17.5 14
      vertex 23.44866916537285 -18.283157154917717 14
    endloop
  endfacet
  facet normal 0 0 1
    outer loop
      vertex 17.5 -23.5 14
      vertex 18.283157154917717 -23.44866916537285 14
      vertex 19.052914269268513 -23.2955549582839 14
    endloop
  endfacet
  facet normal 0 0 1
    outer loop
      vertex 17.5 -21.899999998509884 14
      vertex 21.152568571269512 -22.260120041668415 14
      vertex 18.07431524246931 -21.862357392907143 14
    endloop
  endfacet
  facet normal 0 0 1
    outer loop
      vertex 18.07431524246931 -21.862357392907143 14
      vertex 21.74264068901539 -21.74264068901539 14
      vertex 18.63880379498005 -21.75007363408804 14
    endloop
  endfacet
  facet normal 0 0 1
    outer loop
      vertex 18.63880379498005 -21.75007363408804 14
      vertex 21.74264068901539 -21.74264068901539 14
      vertex 19.183807104825974 -21.565069943666458 14
    endloop
  endfacet
  facet normal 0 0 1
    outer loop
      vertex 18.07431524246931 -21.862357392907143 14
      vertex 21.152568571269512 -22.260120041668415 14
      vertex 21.74264068901539 -21.74264068901539 14
    endloop
  endfacet
  facet normal 0 0 1
    outer loop
      vertex 19.183807104825974 -21.565069943666458 14
      vertex 21.74264068901539 -21.74264068901539 14
      vertex 19.700000002980232 -21.310511775314808 14
    endloop
  endfacet
  facet normal 0 0 1
    outer loop
      vertex 19.700000002980232 -21.310511775314808 14
      vertex 21.74264068901539 -21.74264068901539 14
      vertex 22.260120041668415 -21.152568571269512 14
    endloop
  endfacet
  facet normal 0 0 1
    outer loop
      vertex 19.700000002980232 -21.310511775314808 14
      vertex 22.260120041668415 -21.152568571269512 14
      vertex 20.17855028808117 -20.990754693746567 14
    endloop
  endfacet
  facet normal 0 0 1
    outer loop
      vertex 20.17855028808117 -20.990754693746567 14
      vertex 22.260120041668415 -21.152568571269512 14
      vertex 20.61126983910799 -20.61126983910799 14
    endloop
  endfacet
  facet normal 0 0 1
    outer loop
      vertex 20.61126983910799 -20.61126983910799 14
      vertex 22.260120041668415 -21.152568571269512 14
      vertex 22.696152426302433 -20.5 14
    endloop
  endfacet
  facet normal 0 0 1
    outer loop
      vertex 20.61126983910799 -20.61126983910799 14
      vertex 22.696152426302433 -20.5 14
      vertex 20.990754693746567 -20.17855028808117 14
    endloop
  endfacet
  facet normal 0 0 1
    outer loop
      vertex 20.990754693746567 -20.17855028808117 14
      vertex 23.043277196586132 -19.796100594103336 14
      vertex 21.310511775314808 -19.700000002980232 14
    endloop
  endfacet
  facet normal 0 0 1
    outer loop
      vertex 21.310511775314808 -19.700000002980232 14
      vertex 23.043277196586132 -19.796100594103336 14
      vertex 21.565069943666458 -19.183807104825974 14
    endloop
  endfacet
  facet normal 0 0 1
    outer loop
      vertex 20.990754693746567 -20.17855028808117 14
      vertex 22.696152426302433 -20.5 14
      vertex 23.043277196586132 -19.796100594103336 14
    endloop
  endfacet
  facet normal 0 0 1
    outer loop
      vertex 21.565069943666458 -19.183807104825974 14
      vertex 23.043277196586132 -19.796100594103336 14
      vertex 23.2955549582839 -19.052914269268513 14
    endloop
  endfacet
  facet normal 0 0 1
    outer loop
      vertex 21.565069943666458 -19.183807104825974 14
      vertex 23.2955549582839 -19.052914269268513 14
      vertex 21.75007363408804 -18.63880379498005 14
    endloop
  endfacet
  facet normal 0 0 1
    outer loop
      vertex 21.75007363408804 -18.63880379498005 14
      vertex 23.44866916537285 -18.283157154917717 14
      vertex 21.862357392907143 -18.07431524246931 14
    endloop
  endfacet
  facet normal 0 0 1
    outer loop
      vertex 21.862357392907143 -18.07431524246931 14
      vertex 23.5 -17.5 14
      vertex 21.899999998509884 -17.5 14
    endloop
  endfacet
  facet normal 0 0 1
    outer loop
      vertex 21.75007363408804 -18.63880379498005 14
      vertex 23.2955549582839 -19.052914269268513 14
      vertex 23.44866916537285 -18.283157154917717 14
    endloop
  endfacet
  facet normal 0 0 1
    outer loop
      vertex 21.862357392907143 -18.07431524246931 14
      vertex 23.44866916537285 -18.283157154917717 14
      vertex 23.5 -17.5 14
    endloop
  endfacet
  facet normal 1 0 0
    outer loop
      vertex 23.5 -17.5 2.6
      vertex 23.5 17.5 14
      vertex 23.5 -17.5 14
    endloop
  endfacet
  facet normal 0 0 1
    outer loop
      vertex 21.899999998509884 -17.5 14
      vertex 23.5 -17.5 14
      vertex 23.5 17.5 14
    endloop
  endfacet
  facet normal 0 0 -1
    outer loop
      vertex 1.590962640941143 10.328220941126347 0
      vertex 2.399999998509884 10 0
      vertex 1.656249850988388 10 0
    endloop
  endfacet
  facet normal 0 0 -1
    outer loop
      vertex 1.4564145058393478 10.724586986005306 0
      vertex 2.399999998509884 10 0
      vertex 1.590962640941143 10.328220941126347 0
    endloop
  endfacet
  facet normal 0 0 -1
    outer loop
      vertex 1.2712812945246696 11.100000001490116 0
      vertex 2.399999998509884 10 0
      vertex 1.4564145058393478 10.724586986005306 0
    endloop
  endfacet
  facet normal 0 0 -1
    outer loop
      vertex 2.399999998509884 10 0
      vertex 1.2712812945246696 11.100000001490116 0
      vertex 2.948210008442402 9.964068420231342 0
    endloop
  endfacet
  facet normal 0 0 -1
    outer loop
      vertex 6.799999997019768 4.600000001490116 0
      vertex 6.418543711304665 4.600000001490116 0
      vertex 6.4568884670734406 4.712960012257099 0
    endloop
  endfacet
  facet normal 0 0 -1
    outer loop
      vertex 6.799999997019768 4.600000001490116 0
      vertex 6.4568884670734406 4.712960012257099 0
      vertex 6.564068414270878 5.25178999453783 0
    endloop
  endfacet
  facet normal 0 0 -1
    outer loop
      vertex 23.2955549582839 19.052914269268513 0
      vertex -4.463535241782665 15.255703575909138 0
      vertex -4.630315952003002 15.288878321647644 0
    endloop
  endfacet
  facet normal 0 0 -1
    outer loop
      vertex 23.2955549582839 19.052914269268513 0
      vertex -4.302511535584927 15.201043389737606 0
      vertex -4.463535241782665 15.255703575909138 0
    endloop
  endfacet
  facet normal 0 0 -1
    outer loop
      vertex 23.2955549582839 19.052914269268513 0
      vertex -4.149999998509884 15.1258330270648 0
      vertex -4.302511535584927 15.201043389737606 0
    endloop
  endfacet
  facet normal 0 0 -1
    outer loop
      vertex 23.2955549582839 19.052914269268513 0
      vertex -4.0086101442575455 15.03135934472084 0
      vertex -4.149999998509884 15.1258330270648 0
    endloop
  endfacet
  facet normal 0 0 -1
    outer loop
      vertex -19.796100594103336 23.043277196586132 0
      vertex 17.5 23.5 0
      vertex 18.283157154917717 23.44866916537285 0
    endloop
  endfacet
  facet normal 0 0 -1
    outer loop
      vertex -20.5 22.696152426302433 0
      vertex 18.283157154917717 23.44866916537285 0
      vertex 19.052914269268513 23.2955549582839 0
    endloop
  endfacet
  facet normal 0 0 -1
    outer loop
      vertex 23.2955549582839 19.052914269268513 0
      vertex 1.2712812945246696 11.100000001490116 0
      vertex 1.038730688393116 11.448036573827267 0
    endloop
  endfacet
  facet normal 0 0 -1
    outer loop
      vertex 23.2955549582839 19.052914269268513 0
      vertex 0.7627416998147964 11.762741699814796 0
      vertex 0.4480365738272667 12.038730688393116 0
    endloop
  endfacet
  facet normal 0 0 -1
    outer loop
      vertex 23.2955549582839 19.052914269268513 0
      vertex 1.038730688393116 11.448036573827267 0
      vertex 0.7627416998147964 11.762741699814796 0
    endloop
  endfacet
  facet normal 0 0 -1
    outer loop
      vertex 23.2955549582839 19.052914269268513 0
      vertex 0.4480365738272667 12.038730688393116 0
      vertex -4.0086101442575455 15.03135934472084 0
    endloop
  endfacet
  facet normal 0 0 -1
    outer loop
      vertex 23.2955549582839 19.052914269268513 0
      vertex 3.487039990723133 9.856888473033905 0
      vertex 2.948210008442402 9.964068420231342 0
    endloop
  endfacet
  facet normal 0 0 -1
    outer loop
      vertex 23.2955549582839 19.052914269268513 0
      vertex 4.00727041810751 9.680294036865234 0
      vertex 3.487039990723133 9.856888473033905 0
    endloop
  endfacet
  facet normal 0 0 -1
    outer loop
      vertex 23.2955549582839 19.052914269268513 0
      vertex 2.948210008442402 9.964068420231342 0
      vertex 1.2712812945246696 11.100000001490116 0
    endloop
  endfacet
  facet normal 0 0 -1
    outer loop
      vertex 23.2955549582839 19.052914269268513 0
      vertex 4.5 9.437306694686413 0
      vertex 4.00727041810751 9.680294036865234 0
    endloop
  endfacet
  facet normal 0 0 -1
    outer loop
      vertex 23.2955549582839 19.052914269268513 0
      vertex 4.956798002123833 9.132084026932716 0
      vertex 4.5 9.437306694686413 0
    endloop
  endfacet
  facet normal 0 0 -1
    outer loop
      vertex 23.2955549582839 19.052914269268513 0
      vertex 5.369848482310772 8.769848480820656 0
      vertex 4.956798002123833 9.132084026932716 0
    endloop
  endfacet
  facet normal 0 0 -1
    outer loop
      vertex 23.2955549582839 19.052914269268513 0
      vertex 5.7320840284228325 8.356798000633717 0
      vertex 5.369848482310772 8.769848480820656 0
    endloop
  endfacet
  facet normal 0 0 -1
    outer loop
      vertex 23.2955549582839 19.052914269268513 0
      vertex 6.037306696176529 7.899999998509884 0
      vertex 5.7320840284228325 8.356798000633717 0
    endloop
  endfacet
  facet normal 0 0 -1
    outer loop
      vertex -23.2955549582839 19.052914269268513 0
      vertex 22.260120041668415 21.152568571269512 0
      vertex 22.696152426302433 20.5 0
    endloop
  endfacet
  facet normal 0 0 -1
    outer loop
      vertex -23.5 17.5 0
      vertex 23.043277196586132 19.796100594103336 0
      vertex 23.2955549582839 19.052914269268513 0
    endloop
  endfacet
  facet normal 0 0 -1
    outer loop
      vertex -23.44866916537285 18.283157154917717 0
      vertex 22.696152426302433 20.5 0
      vertex 23.043277196586132 19.796100594103336 0
    endloop
  endfacet
  facet normal 0 0 -1
    outer loop
      vertex -23.043277196586132 19.796100594103336 0
      vertex 21.74264068901539 21.74264068901539 0
      vertex 22.260120041668415 21.152568571269512 0
    endloop
  endfacet
  facet normal 0 0 -1
    outer loop
      vertex -22.696152426302433 20.5 0
      vertex 21.152568571269512 22.260120041668415 0
      vertex 21.74264068901539 21.74264068901539 0
    endloop
  endfacet
  facet normal 0 0 -1
    outer loop
      vertex -21.74264068901539 21.74264068901539 0
      vertex 19.796100594103336 23.043277196586132 0
      vertex 20.5 22.696152426302433 0
    endloop
  endfacet
  facet normal 0 0 -1
    outer loop
      vertex -22.260120041668415 21.152568571269512 0
      vertex 20.5 22.696152426302433 0
      vertex 21.152568571269512 22.260120041668415 0
    endloop
  endfacet
  facet normal 0 0 -1
    outer loop
      vertex -21.152568571269512 22.260120041668415 0
      vertex 19.052914269268513 23.2955549582839 0
      vertex 19.796100594103336 23.043277196586132 0
    endloop
  endfacet
  facet normal 0 1 0
    outer loop
      vertex -17.5 23.5 1.5
      vertex 17.5 23.5 14
      vertex 17.5 23.5 0
    endloop
  endfacet
  facet normal 0 0 -1
    outer loop
      vertex 23.5 17.5 0
      vertex 14.553473383188248 -5.238669998943806 0
      vertex 13.9497474655509 -4.5502525344491005 0
    endloop
  endfacet
  facet normal 0 0 -1
    outer loop
      vertex 23.5 17.5 0
      vertex 12.5 -3.4378221705555916 0
      vertex 12.209184624254704 -2.4493866562843323 0
    endloop
  endfacet
  facet normal 0 0 -1
    outer loop
      vertex 23.5 17.5 0
      vertex 12.209184624254704 -2.4493866562843323 0
      vertex 12.35209122300148 -1.7309466749429703 0
    endloop
  endfacet
  facet normal 0 0 -1
    outer loop
      vertex 23.5 17.5 0
      vertex 12.35209122300148 -1.7309466749429703 0
      vertex 12.399999998509884 -1 0
    endloop
  endfacet
  facet normal 0 0 -1
    outer loop
      vertex 23.5 17.5 0
      vertex 12.399999998509884 -1 0
      vertex 12.35209122300148 -0.2690533250570297 0
    endloop
  endfacet
  facet normal 0 0 -1
    outer loop
      vertex 23.5 17.5 0
      vertex 13.261330001056194 -3.9465266168117523 0
      vertex 12.5 -3.4378221705555916 0
    endloop
  endfacet
  facet normal 0 0 -1
    outer loop
      vertex 23.5 17.5 0
      vertex 13.9497474655509 -4.5502525344491005 0
      vertex 13.261330001056194 -3.9465266168117523 0
    endloop
  endfacet
  facet normal 0 0 -1
    outer loop
      vertex 23.5 17.5 0
      vertex 8.943027220666409 4.173725381493568 0
      vertex 8.2493866533041 4.409184627234936 0
    endloop
  endfacet
  facet normal 0 0 -1
    outer loop
      vertex 23.5 17.5 0
      vertex 9.600000001490116 3.8497422635555267 0
      vertex 8.943027220666409 4.173725381493568 0
    endloop
  endfacet
  facet normal 0 0 -1
    outer loop
      vertex 23.5 17.5 0
      vertex 10.20906399935484 3.442778706550598 0
      vertex 9.600000001490116 3.8497422635555267 0
    endloop
  endfacet
  facet normal 0 0 -1
    outer loop
      vertex 23.5 17.5 0
      vertex 6.799999997019768 4.600000001490116 0
      vertex 6.564068414270878 5.25178999453783 0
    endloop
  endfacet
  facet normal 0 0 -1
    outer loop
      vertex 23.5 17.5 0
      vertex 6.564068414270878 5.25178999453783 0
      vertex 6.600000001490116 5.799999997019768 0
    endloop
  endfacet
  facet normal 0 0 -1
    outer loop
      vertex 23.44866916537285 18.283157154917717 0
      vertex 6.600000001490116 5.799999997019768 0
      vertex 6.564068414270878 6.348210006952286 0
    endloop
  endfacet
  facet normal 0 0 -1
    outer loop
      vertex 23.5 17.5 0
      vertex 7.530946679413319 4.552091225981712 0
      vertex 6.799999997019768 4.600000001490116 0
    endloop
  endfacet
  facet normal 0 0 -1
    outer loop
      vertex 23.5 17.5 0
      vertex 8.2493866533041 4.409184627234936 0
      vertex 7.530946679413319 4.552091225981712 0
    endloop
  endfacet
  facet normal 0 0 -1
    outer loop
      vertex 23.2955549582839 19.052914269268513 0
      vertex 6.564068414270878 6.348210006952286 0
      vertex 6.4568884670734406 6.887039989233017 0
    endloop
  endfacet
  facet normal 0 0 -1
    outer loop
      vertex 23.2955549582839 19.052914269268513 0
      vertex 6.4568884670734406 6.887039989233017 0
      vertex 6.2802940383553505 7.4072704166173935 0
    endloop
  endfacet
  facet normal 0 0 -1
    outer loop
      vertex 23.2955549582839 19.052914269268513 0
      vertex 6.2802940383553505 7.4072704166173935 0
      vertex 6.037306696176529 7.899999998509884 0
    endloop
  endfacet
  facet normal 0 0 -1
    outer loop
      vertex 23.5 17.5 0
      vertex 12.35209122300148 -0.2690533250570297 0
      vertex 12.209184624254704 0.4493866562843323 0
    endloop
  endfacet
  facet normal 0 0 -1
    outer loop
      vertex 23.5 17.5 0
      vertex 12.209184624254704 0.4493866562843323 0
      vertex 11.973725378513336 1.1430272236466408 0
    endloop
  endfacet
  facet normal 0 0 -1
    outer loop
      vertex 23.5 17.5 0
      vertex 11.973725378513336 1.1430272236466408 0
      vertex 11.649742260575294 1.7999999970197678 0
    endloop
  endfacet
  facet normal 0 0 -1
    outer loop
      vertex 23.5 17.5 0
      vertex 11.649742260575294 1.7999999970197678 0
      vertex 11.242778703570366 2.4090640023350716 0
    endloop
  endfacet
  facet normal 0 0 -1
    outer loop
      vertex 23.5 17.5 0
      vertex 10.759797975420952 2.9597979709506035 0
      vertex 10.20906399935484 3.442778706550598 0
    endloop
  endfacet
  facet normal 0 0 -1
    outer loop
      vertex 23.5 17.5 0
      vertex 11.242778703570366 2.4090640023350716 0
      vertex 10.759797975420952 2.9597979709506035 0
    endloop
  endfacet
  facet normal 0 0 -1
    outer loop
      vertex 23.5 17.5 0
      vertex 15.761480785906315 -7.688266687095165 0
      vertex 15.46715673059225 -6.821215972304344 0
    endloop
  endfacet
  facet normal 0 0 -1
    outer loop
      vertex 23.5 17.5 0
      vertex 15.94011402875185 -8.586316652595997 0
      vertex 15.761480785906315 -7.688266687095165 0
    endloop
  endfacet
  facet normal 0 0 -1
    outer loop
      vertex 23.5 17.5 0
      vertex 15.062177829444408 -6 0
      vertex 14.553473383188248 -5.238669998943806 0
    endloop
  endfacet
  facet normal 0 0 -1
    outer loop
      vertex 23.5 17.5 0
      vertex 15.46715673059225 -6.821215972304344 0
      vertex 15.062177829444408 -6 0
    endloop
  endfacet
  facet normal 1 0 0
    outer loop
      vertex 23.5 -17.5 0
      vertex 23.5 17.5 0
      vertex 23.5 17.5 1.5
    endloop
  endfacet
  facet normal 1 0 0
    outer loop
      vertex 23.5 -17.5 2.6
      vertex 23.5 17.5 2.6
      vertex 23.5 17.5 14
    endloop
  endfacet
  facet normal 0 0 -1
    outer loop
      vertex 23.5 17.5 0
      vertex 6.600000001490116 5.799999997019768 0
      vertex 23.44866916537285 18.283157154917717 0
    endloop
  endfacet
  facet normal 0 0 -1
    outer loop
      vertex 23.44866916537285 18.283157154917717 0
      vertex 6.564068414270878 6.348210006952286 0
      vertex 23.2955549582839 19.052914269268513 0
    endloop
  endfacet
  facet normal 0.06540313273849395 0.9978589230086541 0
    outer loop
      vertex 17.5 23.5 0
      vertex 18.283157154917717 23.44866916537285 1.5
      vertex 18.283157154917717 23.44866916537285 0
    endloop
  endfacet
  facet normal 0.1950903185427412 0.98078528109413 0
    outer loop
      vertex 18.283157154917717 23.44866916537285 0
      vertex 18.283157154917717 23.44866916537285 1.5
      vertex 19.052914269268513 23.2955549582839 0
    endloop
  endfacet
  facet normal 0.44228868804580856 0.8968727426043884 -1.5305532414155983e-16
    outer loop
      vertex 19.796100594103336 23.043277196586132 0
      vertex 19.871518387592264 23.00608525691288 1.5
      vertex 20.5 22.696152426302433 0
    endloop
  endfacet
  facet normal 0.9978589230086541 0.06540313273849395 0
    outer loop
      vertex 23.5 17.5 0
      vertex 23.44866916537285 18.283157154917717 0
      vertex 23.5 17.5 1.5
    endloop
  endfacet
  facet normal 0.8968727426043884 0.44228868804580856 1.5400207039055592e-16
    outer loop
      vertex 22.696152426302433 20.5 0
      vertex 22.733344365975686 20.424582206511072 1.5
      vertex 23.043277196586132 19.796100594103336 0
    endloop
  endfacet
  facet normal 0.555570237894537 0.8314696090452178 0
    outer loop
      vertex 20.5 22.696152426302433 0
      vertex 21.152568571269512 22.260120041668415 1.5
      vertex 21.152568571269512 22.260120041668415 0
    endloop
  endfacet
  facet normal 0.6593458107222281 0.7518398113182407 0
    outer loop
      vertex 21.74264068901539 21.74264068901539 0
      vertex 21.152568571269512 22.260120041668415 0
      vertex 21.152568571269512 22.260120041668415 1.5
    endloop
  endfacet
  facet normal 0.06540313273849394 0.997858923008654 0
    outer loop
      vertex 17.5 23.5 0
      vertex 18.283157154917717 23.44866916537285 2.6
      vertex 18.283157154917717 23.44866916537285 1.5
    endloop
  endfacet
  facet normal 0.1950903185427412 0.98078528109413 0
    outer loop
      vertex 19.052914269268513 23.2955549582839 0
      vertex 18.283157154917717 23.44866916537285 1.5
      vertex 19.052914269268513 23.2955549582839 2.6
    endloop
  endfacet
  facet normal 0.44228868804580884 0.8968727426043882 0
    outer loop
      vertex 20.5 22.696152426302433 0
      vertex 19.871518387592264 23.00608525691288 1.5
      vertex 20.5 22.696152426302433 1.5
    endloop
  endfacet
  facet normal 0.997858923008654 0.06540313273849394 0
    outer loop
      vertex 23.5 17.5 1.5
      vertex 23.44866916537285 18.283157154917717 0
      vertex 23.5 17.5 2.6
    endloop
  endfacet
  facet normal 0.8968727426043882 0.44228868804580884 0
    outer loop
      vertex 23.043277196586132 19.796100594103336 0
      vertex 22.733344365975686 20.424582206511072 1.5
      vertex 23.043277196586132 19.796100594103336 1.5
    endloop
  endfacet
  facet normal 0.6593458107222281 0.7518398113182407 0
    outer loop
      vertex 21.74264068901539 21.74264068901539 0
      vertex 21.152568571269512 22.260120041668415 1.5
      vertex 21.74264068901539 21.74264068901539 1.5
    endloop
  endfacet
  facet normal 0.5555702378945369 0.8314696090452179 0
    outer loop
      vertex 20.5 22.696152426302433 0
      vertex 21.152568571269512 22.260120041668415 2.6
      vertex 21.152568571269512 22.260120041668415 1.5
    endloop
  endfacet
  facet normal 0.06540313273849395 0.997858923008654 0
    outer loop
      vertex 17.5 23.5 0
      vertex 18.283157154917717 23.44866916537285 14
      vertex 18.283157154917717 23.44866916537285 2.6
    endloop
  endfacet
  facet normal 0.32143946370773846 0.9469301300366788 0
    outer loop
      vertex 19.052914269268513 23.2955549582839 0
      vertex 19.796100594103336 23.043277196586132 14
      vertex 19.796100594103336 23.043277196586132 0
    endloop
  endfacet
  facet normal 0.4422886880458061 0.8968727426043897 0
    outer loop
      vertex 19.796100594103336 23.043277196586132 0
      vertex 19.796100594103336 23.043277196586132 14
      vertex 19.871518387592264 23.00608525691288 1.5
    endloop
  endfacet
  facet normal 0.3214394637077385 0.9469301300366789 0
    outer loop
      vertex 19.052914269268513 23.2955549582839 0
      vertex 19.052914269268513 23.2955549582839 2.6
      vertex 19.796100594103336 23.043277196586132 14
    endloop
  endfacet
  facet normal 0.19509031854274123 0.9807852810941302 0
    outer loop
      vertex 18.283157154917717 23.44866916537285 2.6
      vertex 18.283157154917717 23.44866916537285 14
      vertex 19.052914269268513 23.2955549582839 2.6
    endloop
  endfacet
  facet normal 0.4422886880458147 0.8968727426043854 6.40076386747269e-17
    outer loop
      vertex 19.871518387592264 23.00608525691288 1.5
      vertex 19.796100594103336 23.043277196586132 14
      vertex 19.917301816310708 22.983507368590264 2.410596026490066
    endloop
  endfacet
  facet normal 0.4422886880458083 0.8968727426043884 0
    outer loop
      vertex 20.5 22.696152426302433 1.5
      vertex 19.917301816310708 22.983507368590264 2.410596026490066
      vertex 20.5 22.696152426302433 14
    endloop
  endfacet
  facet normal 0.9807852810941301 0.19509031854274123 0
    outer loop
      vertex 23.44866916537285 18.283157154917717 0
      vertex 23.2955549582839 19.052914269268513 0
      vertex 23.44866916537285 18.283157154917717 14
    endloop
  endfacet
  facet normal 0.997858923008654 0.06540313273849394 0
    outer loop
      vertex 23.5 17.5 2.6
      vertex 23.44866916537285 18.283157154917717 0
      vertex 23.5 17.5 14
    endloop
  endfacet
  facet normal 0.9469301300366788 0.32143946370773846 0
    outer loop
      vertex 23.2955549582839 19.052914269268513 0
      vertex 23.043277196586132 19.796100594103336 0
      vertex 23.2955549582839 19.052914269268513 14
    endloop
  endfacet
  facet normal 0.8968727426043897 0.4422886880458061 0
    outer loop
      vertex 22.696152426302433 20.5 0
      vertex 22.696152426302433 20.5 14
      vertex 22.733344365975686 20.424582206511072 1.5
    endloop
  endfacet
  facet normal 0.9469301300366789 0.3214394637077385 0
    outer loop
      vertex 23.043277196586132 19.796100594103336 0
      vertex 23.043277196586132 19.796100594103336 1.5
      vertex 23.2955549582839 19.052914269268513 14
    endloop
  endfacet
  facet normal 0.8968727426043854 0.4422886880458147 -6.41473644797807e-17
    outer loop
      vertex 22.733344365975686 20.424582206511072 1.5
      vertex 22.696152426302433 20.5 14
      vertex 22.7559222542983 20.37879877779263 2.410596026490066
    endloop
  endfacet
  facet normal 0.9469301300366789 0.3214394637077385 0
    outer loop
      vertex 23.043277196586132 19.796100594103336 1.5
      vertex 23.043277196586132 19.796100594103336 2.410596026490066
      vertex 23.2955549582839 19.052914269268513 14
    endloop
  endfacet
  facet normal 0.8968727426043885 0.44228868804580834 -5.369597456282522e-19
    outer loop
      vertex 22.7559222542983 20.37879877779263 2.410596026490066
      vertex 23.043277196586132 19.796100594103336 14
      vertex 23.043277196586132 19.796100594103336 2.410596026490066
    endloop
  endfacet
  facet normal 0.7518398113182407 0.6593458107222281 0
    outer loop
      vertex 21.74264068901539 21.74264068901539 0
      vertex 21.74264068901539 21.74264068901539 1.5
      vertex 22.260120041668415 21.152568571269512 14
    endloop
  endfacet
  facet normal 0.555570237894537 0.8314696090452178 0
    outer loop
      vertex 20.5 22.696152426302433 0
      vertex 20.5 22.696152426302433 1.5
      vertex 21.152568571269512 22.260120041668415 14
    endloop
  endfacet
  facet normal 0.555570237894537 0.8314696090452179 0
    outer loop
      vertex 20.5 22.696152426302433 0
      vertex 21.152568571269512 22.260120041668415 14
      vertex 21.152568571269512 22.260120041668415 2.6
    endloop
  endfacet
  facet normal 0.8314696090452179 0.5555702378945371 0
    outer loop
      vertex 22.696152426302433 20.5 0
      vertex 22.260120041668415 21.152568571269512 0
      vertex 22.696152426302433 20.5 14
    endloop
  endfacet
  facet normal 0.7518398113182407 0.6593458107222281 0
    outer loop
      vertex 21.74264068901539 21.74264068901539 0
      vertex 22.260120041668415 21.152568571269512 14
      vertex 22.260120041668415 21.152568571269512 0
    endloop
  endfacet
  facet normal 0.7518398113182407 0.6593458107222282 0
    outer loop
      vertex 21.74264068901539 21.74264068901539 1.5
      vertex 21.74264068901539 21.74264068901539 2.6
      vertex 22.260120041668415 21.152568571269512 14
    endloop
  endfacet
  facet normal 0.6593458107222281 0.7518398113182406 0
    outer loop
      vertex 21.74264068901539 21.74264068901539 2.6
      vertex 21.152568571269512 22.260120041668415 2.6
      vertex 21.152568571269512 22.260120041668415 14
    endloop
  endfacet
  facet normal 0 0 1
    outer loop
      vertex -21.152568571269512 22.260120041668415 14
      vertex 17.5 21.899999998509884 14
      vertex 19.796100594103336 23.043277196586132 14
    endloop
  endfacet
  facet normal 0 0 1
    outer loop
      vertex -19.796100594103336 23.043277196586132 14
      vertex 18.283157154917717 23.44866916537285 14
      vertex 17.5 23.5 14
    endloop
  endfacet
  facet normal 0 0 1
    outer loop
      vertex -20.5 22.696152426302433 14
      vertex 19.052914269268513 23.2955549582839 14
      vertex 18.283157154917717 23.44866916537285 14
    endloop
  endfacet
  facet normal 0 0 1
    outer loop
      vertex -21.152568571269512 22.260120041668415 14
      vertex 19.796100594103336 23.043277196586132 14
      vertex 19.052914269268513 23.2955549582839 14
    endloop
  endfacet
  facet normal 0 0 1
    outer loop
      vertex 21.899999998509884 -17.5 14
      vertex 23.44866916537285 18.283157154917717 14
      vertex 21.899999998509884 17.5 14
    endloop
  endfacet
  facet normal 0 0 1
    outer loop
      vertex 21.899999998509884 -17.5 14
      vertex 23.5 17.5 14
      vertex 23.44866916537285 18.283157154917717 14
    endloop
  endfacet
  facet normal 0.06540313273849395 0.997858923008654 0
    outer loop
      vertex 17.5 23.5 0
      vertex 17.5 23.5 14
      vertex 18.283157154917717 23.44866916537285 14
    endloop
  endfacet
  facet normal 0.19509031854274123 0.9807852810941302 0
    outer loop
      vertex 19.052914269268513 23.2955549582839 2.6
      vertex 18.283157154917717 23.44866916537285 14
      vertex 19.052914269268513 23.2955549582839 14
    endloop
  endfacet
  facet normal 0.3214394637077385 0.9469301300366789 0
    outer loop
      vertex 19.052914269268513 23.2955549582839 2.6
      vertex 19.052914269268513 23.2955549582839 14
      vertex 19.796100594103336 23.043277196586132 14
    endloop
  endfacet
  facet normal 0.44228868804580856 0.8968727426043884 -1.4734038090471273e-17
    outer loop
      vertex 19.917301816310708 22.983507368590264 2.410596026490066
      vertex 19.796100594103336 23.043277196586132 14
      vertex 20.5 22.696152426302433 14
    endloop
  endfacet
  facet normal 0.997858923008654 0.06540313273849395 0
    outer loop
      vertex 23.44866916537285 18.283157154917717 0
      vertex 23.44866916537285 18.283157154917717 14
      vertex 23.5 17.5 14
    endloop
  endfacet
  facet normal 0.9807852810941301 0.19509031854274123 0
    outer loop
      vertex 23.2955549582839 19.052914269268513 0
      vertex 23.2955549582839 19.052914269268513 14
      vertex 23.44866916537285 18.283157154917717 14
    endloop
  endfacet
  facet normal 0.9469301300366789 0.3214394637077385 0
    outer loop
      vertex 23.043277196586132 19.796100594103336 2.410596026490066
      vertex 23.043277196586132 19.796100594103336 14
      vertex 23.2955549582839 19.052914269268513 14
    endloop
  endfacet
  facet normal 0.8968727426043884 0.44228868804580856 1.4800103899431066e-17
    outer loop
      vertex 22.7559222542983 20.37879877779263 2.410596026490066
      vertex 22.696152426302433 20.5 14
      vertex 23.043277196586132 19.796100594103336 14
    endloop
  endfacet
  facet normal 0.6593458107222281 0.7518398113182406 0
    outer loop
      vertex 21.74264068901539 21.74264068901539 2.6
      vertex 21.152568571269512 22.260120041668415 14
      vertex 21.74264068901539 21.74264068901539 14
    endloop
  endfacet
  facet normal 0.7518398113182406 0.6593458107222281 0
    outer loop
      vertex 21.74264068901539 21.74264068901539 2.6
      vertex 21.74264068901539 21.74264068901539 14
      vertex 22.260120041668415 21.152568571269512 14
    endloop
  endfacet
  facet normal 0.555570237894537 0.8314696090452179 0
    outer loop
      vertex 20.5 22.696152426302433 1.5
      vertex 20.5 22.696152426302433 14
      vertex 21.152568571269512 22.260120041668415 14
    endloop
  endfacet
  facet normal 0.8314696090452179 0.5555702378945371 0
    outer loop
      vertex 22.260120041668415 21.152568571269512 0
      vertex 22.260120041668415 21.152568571269512 14
      vertex 22.696152426302433 20.5 14
    endloop
  endfacet
  facet normal 0 0 1
    outer loop
      vertex 17.5 21.899999998509884 14
      vertex 18.07431524246931 21.862357392907143 14
      vertex 21.152568571269512 22.260120041668415 14
    endloop
  endfacet
  facet normal 0 0 1
    outer loop
      vertex 18.07431524246931 21.862357392907143 14
      vertex 18.63880379498005 21.75007363408804 14
      vertex 21.152568571269512 22.260120041668415 14
    endloop
  endfacet
  facet normal 0 0 1
    outer loop
      vertex 18.63880379498005 21.75007363408804 14
      vertex 19.183807104825974 21.565069943666458 14
      vertex 21.152568571269512 22.260120041668415 14
    endloop
  endfacet
  facet normal 0 0 1
    outer loop
      vertex 19.183807104825974 21.565069943666458 14
      vertex 19.700000002980232 21.310511775314808 14
      vertex 21.74264068901539 21.74264068901539 14
    endloop
  endfacet
  facet normal 0 0 1
    outer loop
      vertex 19.700000002980232 21.310511775314808 14
      vertex 20.17855028808117 20.990754693746567 14
      vertex 21.74264068901539 21.74264068901539 14
    endloop
  endfacet
  facet normal 0 0 1
    outer loop
      vertex 17.5 21.899999998509884 14
      vertex 20.5 22.696152426302433 14
      vertex 19.796100594103336 23.043277196586132 14
    endloop
  endfacet
  facet normal 0 0 1
    outer loop
      vertex 17.5 21.899999998509884 14
      vertex 21.152568571269512 22.260120041668415 14
      vertex 20.5 22.696152426302433 14
    endloop
  endfacet
  facet normal 0 0 1
    outer loop
      vertex 21.565069943666458 19.183807104825974 14
      vertex 23.043277196586132 19.796100594103336 14
      vertex 21.310511775314808 19.700000002980232 14
    endloop
  endfacet
  facet normal 0 0 1
    outer loop
      vertex 20.990754693746567 20.17855028808117 14
      vertex 21.310511775314808 19.700000002980232 14
      vertex 22.696152426302433 20.5 14
    endloop
  endfacet
  facet normal 0 0 1
    outer loop
      vertex 21.899999998509884 17.5 14
      vertex 23.2955549582839 19.052914269268513 14
      vertex 21.862357392907143 18.07431524246931 14
    endloop
  endfacet
  facet normal 0 0 1
    outer loop
      vertex 21.862357392907143 18.07431524246931 14
      vertex 23.2955549582839 19.052914269268513 14
      vertex 21.75007363408804 18.63880379498005 14
    endloop
  endfacet
  facet normal 0 0 1
    outer loop
      vertex 21.899999998509884 17.5 14
      vertex 23.44866916537285 18.283157154917717 14
      vertex 23.2955549582839 19.052914269268513 14
    endloop
  endfacet
  facet normal 0 0 1
    outer loop
      vertex 21.75007363408804 18.63880379498005 14
      vertex 23.043277196586132 19.796100594103336 14
      vertex 21.565069943666458 19.183807104825974 14
    endloop
  endfacet
  facet normal 0 0 1
    outer loop
      vertex 21.75007363408804 18.63880379498005 14
      vertex 23.2955549582839 19.052914269268513 14
      vertex 23.043277196586132 19.796100594103336 14
    endloop
  endfacet
  facet normal 0 0 1
    outer loop
      vertex 21.310511775314808 19.700000002980232 14
      vertex 23.043277196586132 19.796100594103336 14
      vertex 22.696152426302433 20.5 14
    endloop
  endfacet
  facet normal 0 0 1
    outer loop
      vertex 20.17855028808117 20.990754693746567 14
      vertex 20.61126983910799 20.61126983910799 14
      vertex 22.260120041668415 21.152568571269512 14
    endloop
  endfacet
  facet normal 0 0 1
    outer loop
      vertex 20.990754693746567 20.17855028808117 14
      vertex 22.260120041668415 21.152568571269512 14
      vertex 20.61126983910799 20.61126983910799 14
    endloop
  endfacet
  facet normal 0 0 1
    outer loop
      vertex 19.183807104825974 21.565069943666458 14
      vertex 21.74264068901539 21.74264068901539 14
      vertex 21.152568571269512 22.260120041668415 14
    endloop
  endfacet
  facet normal 0 0 1
    outer loop
      vertex 20.17855028808117 20.990754693746567 14
      vertex 22.260120041668415 21.152568571269512 14
      vertex 21.74264068901539 21.74264068901539 14
    endloop
  endfacet
  facet normal 0 0 1
    outer loop
      vertex 20.990754693746567 20.17855028808117 14
      vertex 22.696152426302433 20.5 14
      vertex 22.260120041668415 21.152568571269512 14
    endloop
  endfacet
  facet normal 0.8968727403768488 0.44228869256281184 0
    outer loop
      vertex -21.310511775314808 -19.700000002980232 2.6
      vertex -21.565069943666458 -19.183807104825974 2.6
      vertex -21.565069943666458 -19.183807104825974 14
    endloop
  endfacet
  facet normal 0.8314696091775019 0.5555702376965599 0
    outer loop
      vertex -21.310511775314808 -19.700000002980232 2.6
      vertex -21.310511775314808 -19.700000002980232 14
      vertex -20.990754693746567 -20.17855028808117 2.6
    endloop
  endfacet
  facet normal 0.751839813240027 0.6593458085308508 0
    outer loop
      vertex -20.61126983910799 -20.61126983910799 2.6
      vertex -20.990754693746567 -20.17855028808117 2.6
      vertex -20.990754693746567 -20.17855028808117 14
    endloop
  endfacet
  facet normal 0.9469301317164274 0.3214394587593589 0
    outer loop
      vertex -21.565069943666458 -19.183807104825974 2.6
      vertex -21.75007363408804 -18.63880379498005 2.6
      vertex -21.75007363408804 -18.63880379498005 14
    endloop
  endfacet
  facet normal 0.9807852789136889 0.1950903295045591 0
    outer loop
      vertex -21.75007363408804 -18.63880379498005 2.6
      vertex -21.862357392907143 -18.07431524246931 2.6
      vertex -21.862357392907143 -18.07431524246931 14
    endloop
  endfacet
  facet normal 0.9978589237076277 0.0654031220742139 0
    outer loop
      vertex -21.862357392907143 -18.07431524246931 2.6
      vertex -21.899999998509884 -17.5 2.6
      vertex -21.899999998509884 -17.5 14
    endloop
  endfacet
  facet normal 0.6593458085308508 0.751839813240027 0
    outer loop
      vertex -20.61126983910799 -20.61126983910799 2.6
      vertex -20.61126983910799 -20.61126983910799 14
      vertex -20.17855028808117 -20.990754693746567 2.6
    endloop
  endfacet
  facet normal 0.5555702376965599 0.8314696091775019 0
    outer loop
      vertex -20.17855028808117 -20.990754693746567 2.6
      vertex -20.17855028808117 -20.990754693746567 14
      vertex -19.700000002980232 -21.310511775314808 2.6
    endloop
  endfacet
  facet normal 0.44228869256281184 0.8968727403768488 0
    outer loop
      vertex -19.700000002980232 -21.310511775314808 2.6
      vertex -19.700000002980232 -21.310511775314808 14
      vertex -19.183807104825974 -21.565069943666458 2.6
    endloop
  endfacet
  facet normal 0.3214394587593589 0.9469301317164274 0
    outer loop
      vertex -19.183807104825974 -21.565069943666458 2.6
      vertex -19.183807104825974 -21.565069943666458 14
      vertex -18.63880379498005 -21.75007363408804 2.6
    endloop
  endfacet
  facet normal 0.1950903295045591 0.9807852789136889 0
    outer loop
      vertex -18.63880379498005 -21.75007363408804 2.6
      vertex -18.63880379498005 -21.75007363408804 14
      vertex -18.07431524246931 -21.862357392907143 2.6
    endloop
  endfacet
  facet normal 0.0654031220742139 0.9978589237076277 0
    outer loop
      vertex -18.07431524246931 -21.862357392907143 2.6
      vertex -18.07431524246931 -21.862357392907143 14
      vertex -17.5 -21.899999998509884 2.6
    endloop
  endfacet
  facet normal 0 0 1
    outer loop
      vertex -19.183807104825974 -21.565069943666458 2.6
      vertex -18.63880379498005 -21.75007363408804 2.6
      vertex 20.17855028808117 -20.990754693746567 2.6
    endloop
  endfacet
  facet normal 0 0 1
    outer loop
      vertex -20.17855028808117 -20.990754693746567 2.6
      vertex -19.700000002980232 -21.310511775314808 2.6
      vertex 20.990754693746567 -20.17855028808117 2.6
    endloop
  endfacet
  facet normal 0 0 1
    outer loop
      vertex -19.700000002980232 -21.310511775314808 2.6
      vertex -19.183807104825974 -21.565069943666458 2.6
      vertex 20.61126983910799 -20.61126983910799 2.6
    endloop
  endfacet
  facet normal 0 0 1
    outer loop
      vertex -20.61126983910799 -20.61126983910799 2.6
      vertex 21.565069943666458 -19.183807104825974 2.6
      vertex -20.990754693746567 -20.17855028808117 2.6
    endloop
  endfacet
  facet normal 0 0 1
    outer loop
      vertex -21.310511775314808 -19.700000002980232 2.6
      vertex -20.990754693746567 -20.17855028808117 2.6
      vertex 21.75007363408804 -18.63880379498005 2.6
    endloop
  endfacet
  facet normal 0 0 1
    outer loop
      vertex -20.61126983910799 -20.61126983910799 2.6
      vertex -20.17855028808117 -20.990754693746567 2.6
      vertex 21.310511775314808 -19.700000002980232 2.6
    endloop
  endfacet
  facet normal 0 0 1
    outer loop
      vertex -21.310511775314808 -19.700000002980232 2.6
      vertex 21.862357392907143 -18.07431524246931 2.6
      vertex -21.565069943666458 -19.183807104825974 2.6
    endloop
  endfacet
  facet normal 0 0 1
    outer loop
      vertex -21.565069943666458 -19.183807104825974 2.6
      vertex 21.899999998509884 -17.5 2.6
      vertex -21.75007363408804 -18.63880379498005 2.6
    endloop
  endfacet
  facet normal 0 0 1
    outer loop
      vertex -18.63880379498005 -21.75007363408804 2.6
      vertex -18.07431524246931 -21.862357392907143 2.6
      vertex 19.700000002980232 -21.310511775314808 2.6
    endloop
  endfacet
  facet normal 0 0 1
    outer loop
      vertex -18.07431524246931 -21.862357392907143 2.6
      vertex -17.5 -21.899999998509884 2.6
      vertex 19.183807104825974 -21.565069943666458 2.6
    endloop
  endfacet
  facet normal 0 1 0
    outer loop
      vertex -17.5 -21.899999998509884 2.6
      vertex -17.5 -21.899999998509884 14
      vertex 17.5 -21.899999998509884 2.6
    endloop
  endfacet
  facet normal 0 0 1
    outer loop
      vertex -21.75007363408804 -18.63880379498005 2.6
      vertex 21.899999998509884 17.5 2.6
      vertex -21.862357392907143 -18.07431524246931 2.6
    endloop
  endfacet
  facet normal 0 0 1
    outer loop
      vertex -21.862357392907143 -18.07431524246931 2.6
      vertex 21.862357392907143 18.07431524246931 2.6
      vertex -21.899999998509884 -17.5 2.6
    endloop
  endfacet
  facet normal 0.8968727403768488 0.44228869256281184 0
    outer loop
      vertex -21.310511775314808 -19.700000002980232 2.6
      vertex -21.565069943666458 -19.183807104825974 14
      vertex -21.310511775314808 -19.700000002980232 14
    endloop
  endfacet
  facet normal 0.8314696091775019 0.5555702376965599 0
    outer loop
      vertex -20.990754693746567 -20.17855028808117 2.6
      vertex -21.310511775314808 -19.700000002980232 14
      vertex -20.990754693746567 -20.17855028808117 14
    endloop
  endfacet
  facet normal 0.751839813240027 0.6593458085308508 0
    outer loop
      vertex -20.61126983910799 -20.61126983910799 2.6
      vertex -20.990754693746567 -20.17855028808117 14
      vertex -20.61126983910799 -20.61126983910799 14
    endloop
  endfacet
  facet normal 0.9807852789136889 0.1950903295045591 0
    outer loop
      vertex -21.75007363408804 -18.63880379498005 2.6
      vertex -21.862357392907143 -18.07431524246931 14
      vertex -21.75007363408804 -18.63880379498005 14
    endloop
  endfacet
  facet normal 0.9469301317164274 0.3214394587593589 0
    outer loop
      vertex -21.565069943666458 -19.183807104825974 2.6
      vertex -21.75007363408804 -18.63880379498005 14
      vertex -21.565069943666458 -19.183807104825974 14
    endloop
  endfacet
  facet normal 0.9978589237076277 0.0654031220742139 0
    outer loop
      vertex -21.862357392907143 -18.07431524246931 2.6
      vertex -21.899999998509884 -17.5 14
      vertex -21.862357392907143 -18.07431524246931 14
    endloop
  endfacet
  facet normal 0.6593458085308508 0.751839813240027 0
    outer loop
      vertex -20.17855028808117 -20.990754693746567 2.6
      vertex -20.61126983910799 -20.61126983910799 14
      vertex -20.17855028808117 -20.990754693746567 14
    endloop
  endfacet
  facet normal 0.5555702376965599 0.8314696091775019 0
    outer loop
      vertex -19.700000002980232 -21.310511775314808 2.6
      vertex -20.17855028808117 -20.990754693746567 14
      vertex -19.700000002980232 -21.310511775314808 14
    endloop
  endfacet
  facet normal 0.44228869256281184 0.8968727403768488 0
    outer loop
      vertex -19.183807104825974 -21.565069943666458 2.6
      vertex -19.700000002980232 -21.310511775314808 14
      vertex -19.183807104825974 -21.565069943666458 14
    endloop
  endfacet
  facet normal 0.3214394587593589 0.9469301317164274 0
    outer loop
      vertex -18.63880379498005 -21.75007363408804 2.6
      vertex -19.183807104825974 -21.565069943666458 14
      vertex -18.63880379498005 -21.75007363408804 14
    endloop
  endfacet
  facet normal 0.1950903295045591 0.9807852789136889 0
    outer loop
      vertex -18.07431524246931 -21.862357392907143 2.6
      vertex -18.63880379498005 -21.75007363408804 14
      vertex -18.07431524246931 -21.862357392907143 14
    endloop
  endfacet
  facet normal 0.0654031220742139 0.9978589237076277 0
    outer loop
      vertex -17.5 -21.899999998509884 2.6
      vertex -18.07431524246931 -21.862357392907143 14
      vertex -17.5 -21.899999998509884 14
    endloop
  endfacet
  facet normal 1 0 0
    outer loop
      vertex -21.899999998509884 -17.5 2.6
      vertex -21.899999998509884 17.5 14
      vertex -21.899999998509884 -17.5 14
    endloop
  endfacet
  facet normal 1 0 0
    outer loop
      vertex -21.899999998509884 -17.5 2.6
      vertex -21.899999998509884 17.5 2.6
      vertex -21.899999998509884 17.5 14
    endloop
  endfacet
  facet normal 0 0 1
    outer loop
      vertex -18.63880379498005 21.75007363408804 2.6
      vertex -17.5 21.899999998509884 2.6
      vertex -18.07431524246931 21.862357392907143 2.6
    endloop
  endfacet
  facet normal 0.9978589237076277 -0.0654031220742139 0
    outer loop
      vertex -21.899999998509884 17.5 2.6
      vertex -21.862357392907143 18.07431524246931 2.6
      vertex -21.862357392907143 18.07431524246931 14
    endloop
  endfacet
  facet normal 0.9807852789136889 -0.1950903295045591 0
    outer loop
      vertex -21.862357392907143 18.07431524246931 2.6
      vertex -21.75007363408804 18.63880379498005 2.6
      vertex -21.75007363408804 18.63880379498005 14
    endloop
  endfacet
  facet normal 0.9469301317164274 -0.3214394587593589 0
    outer loop
      vertex -21.75007363408804 18.63880379498005 2.6
      vertex -21.565069943666458 19.183807104825974 2.6
      vertex -21.565069943666458 19.183807104825974 14
    endloop
  endfacet
  facet normal 0.8968727403768488 -0.44228869256281184 0
    outer loop
      vertex -21.565069943666458 19.183807104825974 2.6
      vertex -21.310511775314808 19.700000002980232 2.6
      vertex -21.310511775314808 19.700000002980232 14
    endloop
  endfacet
  facet normal 0.8314696091775019 -0.5555702376965599 0
    outer loop
      vertex -21.310511775314808 19.700000002980232 2.6
      vertex -20.990754693746567 20.17855028808117 2.6
      vertex -20.990754693746567 20.17855028808117 14
    endloop
  endfacet
  facet normal 0.751839813240027 -0.6593458085308508 0
    outer loop
      vertex -20.990754693746567 20.17855028808117 2.6
      vertex -20.61126983910799 20.61126983910799 2.6
      vertex -20.61126983910799 20.61126983910799 14
    endloop
  endfacet
  facet normal 0.6593458085308508 -0.751839813240027 0
    outer loop
      vertex -20.61126983910799 20.61126983910799 2.6
      vertex -20.17855028808117 20.990754693746567 2.6
      vertex -20.17855028808117 20.990754693746567 14
    endloop
  endfacet
  facet normal 0.5555702376965599 -0.8314696091775019 0
    outer loop
      vertex -20.17855028808117 20.990754693746567 2.6
      vertex -19.700000002980232 21.310511775314808 2.6
      vertex -19.700000002980232 21.310511775314808 14
    endloop
  endfacet
  facet normal 0.44228869256281184 -0.8968727403768488 0
    outer loop
      vertex -19.700000002980232 21.310511775314808 2.6
      vertex -19.183807104825974 21.565069943666458 2.6
      vertex -19.183807104825974 21.565069943666458 14
    endloop
  endfacet
  facet normal 0.3214394587593589 -0.9469301317164274 0
    outer loop
      vertex -19.183807104825974 21.565069943666458 2.6
      vertex -18.63880379498005 21.75007363408804 2.6
      vertex -18.63880379498005 21.75007363408804 14
    endloop
  endfacet
  facet normal 0.1950903295045591 -0.9807852789136889 0
    outer loop
      vertex -18.63880379498005 21.75007363408804 2.6
      vertex -18.07431524246931 21.862357392907143 2.6
      vertex -18.07431524246931 21.862357392907143 14
    endloop
  endfacet
  facet normal 0.0654031220742139 -0.9978589237076277 0
    outer loop
      vertex -18.07431524246931 21.862357392907143 2.6
      vertex -17.5 21.899999998509884 2.6
      vertex -17.5 21.899999998509884 14
    endloop
  endfacet
  facet normal 0 0 1
    outer loop
      vertex -21.899999998509884 -17.5 2.6
      vertex 21.75007363408804 18.63880379498005 2.6
      vertex -21.899999998509884 17.5 2.6
    endloop
  endfacet
  facet normal 0 0 1
    outer loop
      vertex -21.899999998509884 17.5 2.6
      vertex 21.565069943666458 19.183807104825974 2.6
      vertex -21.862357392907143 18.07431524246931 2.6
    endloop
  endfacet
  facet normal 0 0 1
    outer loop
      vertex -21.862357392907143 18.07431524246931 2.6
      vertex 21.310511775314808 19.700000002980232 2.6
      vertex -21.75007363408804 18.63880379498005 2.6
    endloop
  endfacet
  facet normal 0 0 1
    outer loop
      vertex -21.75007363408804 18.63880379498005 2.6
      vertex 20.990754693746567 20.17855028808117 2.6
      vertex -21.565069943666458 19.183807104825974 2.6
    endloop
  endfacet
  facet normal 0 0 1
    outer loop
      vertex -21.565069943666458 19.183807104825974 2.6
      vertex 20.61126983910799 20.61126983910799 2.6
      vertex -21.310511775314808 19.700000002980232 2.6
    endloop
  endfacet
  facet normal 0 0 1
    outer loop
      vertex -21.310511775314808 19.700000002980232 2.6
      vertex 20.17855028808117 20.990754693746567 2.6
      vertex -20.990754693746567 20.17855028808117 2.6
    endloop
  endfacet
  facet normal 0 0 1
    outer loop
      vertex -20.990754693746567 20.17855028808117 2.6
      vertex 19.700000002980232 21.310511775314808 2.6
      vertex -20.61126983910799 20.61126983910799 2.6
    endloop
  endfacet
  facet normal 0 0 1
    outer loop
      vertex -20.61126983910799 20.61126983910799 2.6
      vertex 19.183807104825974 21.565069943666458 2.6
      vertex -20.17855028808117 20.990754693746567 2.6
    endloop
  endfacet
  facet normal 0 0 1
    outer loop
      vertex -20.17855028808117 20.990754693746567 2.6
      vertex 18.63880379498005 21.75007363408804 2.6
      vertex -19.700000002980232 21.310511775314808 2.6
    endloop
  endfacet
  facet normal 0 0 1
    outer loop
      vertex -19.700000002980232 21.310511775314808 2.6
      vertex 18.07431524246931 21.862357392907143 2.6
      vertex -19.183807104825974 21.565069943666458 2.6
    endloop
  endfacet
  facet normal 0 0 1
    outer loop
      vertex -19.183807104825974 21.565069943666458 2.6
      vertex 17.5 21.899999998509884 2.6
      vertex -18.63880379498005 21.75007363408804 2.6
    endloop
  endfacet
  facet normal 0 0 1
    outer loop
      vertex -18.63880379498005 21.75007363408804 2.6
      vertex 17.5 21.899999998509884 2.6
      vertex -17.5 21.899999998509884 2.6
    endloop
  endfacet
  facet normal 0.9978589237076277 -0.0654031220742139 0
    outer loop
      vertex -21.899999998509884 17.5 2.6
      vertex -21.862357392907143 18.07431524246931 14
      vertex -21.899999998509884 17.5 14
    endloop
  endfacet
  facet normal 0.9807852789136889 -0.1950903295045591 0
    outer loop
      vertex -21.862357392907143 18.07431524246931 2.6
      vertex -21.75007363408804 18.63880379498005 14
      vertex -21.862357392907143 18.07431524246931 14
    endloop
  endfacet
  facet normal 0.9469301317164274 -0.3214394587593589 0
    outer loop
      vertex -21.75007363408804 18.63880379498005 2.6
      vertex -21.565069943666458 19.183807104825974 14
      vertex -21.75007363408804 18.63880379498005 14
    endloop
  endfacet
  facet normal 0.8968727403768488 -0.44228869256281184 0
    outer loop
      vertex -21.565069943666458 19.183807104825974 2.6
      vertex -21.310511775314808 19.700000002980232 14
      vertex -21.565069943666458 19.183807104825974 14
    endloop
  endfacet
  facet normal 0.8314696091775019 -0.5555702376965599 0
    outer loop
      vertex -21.310511775314808 19.700000002980232 2.6
      vertex -20.990754693746567 20.17855028808117 14
      vertex -21.310511775314808 19.700000002980232 14
    endloop
  endfacet
  facet normal 0.751839813240027 -0.6593458085308508 0
    outer loop
      vertex -20.990754693746567 20.17855028808117 2.6
      vertex -20.61126983910799 20.61126983910799 14
      vertex -20.990754693746567 20.17855028808117 14
    endloop
  endfacet
  facet normal 0.6593458085308508 -0.751839813240027 0
    outer loop
      vertex -20.61126983910799 20.61126983910799 2.6
      vertex -20.17855028808117 20.990754693746567 14
      vertex -20.61126983910799 20.61126983910799 14
    endloop
  endfacet
  facet normal 0.5555702376965599 -0.8314696091775019 0
    outer loop
      vertex -20.17855028808117 20.990754693746567 2.6
      vertex -19.700000002980232 21.310511775314808 14
      vertex -20.17855028808117 20.990754693746567 14
    endloop
  endfacet
  facet normal 0.44228869256281184 -0.8968727403768488 0
    outer loop
      vertex -19.700000002980232 21.310511775314808 2.6
      vertex -19.183807104825974 21.565069943666458 14
      vertex -19.700000002980232 21.310511775314808 14
    endloop
  endfacet
  facet normal 0.3214394587593589 -0.9469301317164274 0
    outer loop
      vertex -19.183807104825974 21.565069943666458 2.6
      vertex -18.63880379498005 21.75007363408804 14
      vertex -19.183807104825974 21.565069943666458 14
    endloop
  endfacet
  facet normal 0.1950903295045591 -0.9807852789136889 0
    outer loop
      vertex -18.63880379498005 21.75007363408804 2.6
      vertex -18.07431524246931 21.862357392907143 14
      vertex -18.63880379498005 21.75007363408804 14
    endloop
  endfacet
  facet normal 0.0654031220742139 -0.9978589237076277 0
    outer loop
      vertex -18.07431524246931 21.862357392907143 2.6
      vertex -17.5 21.899999998509884 14
      vertex -18.07431524246931 21.862357392907143 14
    endloop
  endfacet
  facet normal 0 -1 0
    outer loop
      vertex -17.5 21.899999998509884 2.6
      vertex 17.5 21.899999998509884 14
      vertex -17.5 21.899999998509884 14
    endloop
  endfacet
  facet normal 0 0 1
    outer loop
      vertex -17.5 -21.899999998509884 2.6
      vertex 17.5 -21.899999998509884 2.6
      vertex 18.63880379498005 -21.75007363408804 2.6
    endloop
  endfacet
  facet normal 0 0 1
    outer loop
      vertex -17.5 -21.899999998509884 2.6
      vertex 18.63880379498005 -21.75007363408804 2.6
      vertex 19.183807104825974 -21.565069943666458 2.6
    endloop
  endfacet
  facet normal 0 0 1
    outer loop
      vertex -18.07431524246931 -21.862357392907143 2.6
      vertex 19.183807104825974 -21.565069943666458 2.6
      vertex 19.700000002980232 -21.310511775314808 2.6
    endloop
  endfacet
  facet normal 0 0 1
    outer loop
      vertex -18.63880379498005 -21.75007363408804 2.6
      vertex 19.700000002980232 -21.310511775314808 2.6
      vertex 20.17855028808117 -20.990754693746567 2.6
    endloop
  endfacet
  facet normal 0 0 1
    outer loop
      vertex -19.183807104825974 -21.565069943666458 2.6
      vertex 20.17855028808117 -20.990754693746567 2.6
      vertex 20.61126983910799 -20.61126983910799 2.6
    endloop
  endfacet
  facet normal 0 0 1
    outer loop
      vertex -19.700000002980232 -21.310511775314808 2.6
      vertex 20.61126983910799 -20.61126983910799 2.6
      vertex 20.990754693746567 -20.17855028808117 2.6
    endloop
  endfacet
  facet normal 0 0 1
    outer loop
      vertex -20.17855028808117 -20.990754693746567 2.6
      vertex 20.990754693746567 -20.17855028808117 2.6
      vertex 21.310511775314808 -19.700000002980232 2.6
    endloop
  endfacet
  facet normal 0 0 1
    outer loop
      vertex -20.61126983910799 -20.61126983910799 2.6
      vertex 21.310511775314808 -19.700000002980232 2.6
      vertex 21.565069943666458 -19.183807104825974 2.6
    endloop
  endfacet
  facet normal 0 0 1
    outer loop
      vertex -20.990754693746567 -20.17855028808117 2.6
      vertex 21.565069943666458 -19.183807104825974 2.6
      vertex 21.75007363408804 -18.63880379498005 2.6
    endloop
  endfacet
  facet normal 0 0 1
    outer loop
      vertex -21.310511775314808 -19.700000002980232 2.6
      vertex 21.75007363408804 -18.63880379498005 2.6
      vertex 21.862357392907143 -18.07431524246931 2.6
    endloop
  endfacet
  facet normal 0 0 1
    outer loop
      vertex -21.565069943666458 -19.183807104825974 2.6
      vertex 21.862357392907143 -18.07431524246931 2.6
      vertex 21.899999998509884 -17.5 2.6
    endloop
  endfacet
  facet normal 0 0 1
    outer loop
      vertex -21.75007363408804 -18.63880379498005 2.6
      vertex 21.899999998509884 -17.5 2.6
      vertex 21.899999998509884 17.5 2.6
    endloop
  endfacet
  facet normal 0 0 1
    outer loop
      vertex 17.5 -21.899999998509884 2.6
      vertex 18.07431524246931 -21.862357392907143 2.6
      vertex 18.63880379498005 -21.75007363408804 2.6
    endloop
  endfacet
  facet normal -0.0654031220742139 0.9978589237076277 0
    outer loop
      vertex 17.5 -21.899999998509884 2.6
      vertex 17.5 -21.899999998509884 14
      vertex 18.07431524246931 -21.862357392907143 2.6
    endloop
  endfacet
  facet normal -0.1950903295045591 0.9807852789136889 0
    outer loop
      vertex 18.07431524246931 -21.862357392907143 2.6
      vertex 18.07431524246931 -21.862357392907143 14
      vertex 18.63880379498005 -21.75007363408804 2.6
    endloop
  endfacet
  facet normal -0.3214394587593589 0.9469301317164274 0
    outer loop
      vertex 18.63880379498005 -21.75007363408804 2.6
      vertex 18.63880379498005 -21.75007363408804 14
      vertex 19.183807104825974 -21.565069943666458 2.6
    endloop
  endfacet
  facet normal -0.44228869256281184 0.8968727403768488 0
    outer loop
      vertex 19.183807104825974 -21.565069943666458 2.6
      vertex 19.183807104825974 -21.565069943666458 14
      vertex 19.700000002980232 -21.310511775314808 2.6
    endloop
  endfacet
  facet normal -0.5555702376965599 0.8314696091775019 0
    outer loop
      vertex 19.700000002980232 -21.310511775314808 2.6
      vertex 19.700000002980232 -21.310511775314808 14
      vertex 20.17855028808117 -20.990754693746567 2.6
    endloop
  endfacet
  facet normal -0.6593458085308508 0.751839813240027 0
    outer loop
      vertex 20.17855028808117 -20.990754693746567 2.6
      vertex 20.17855028808117 -20.990754693746567 14
      vertex 20.61126983910799 -20.61126983910799 2.6
    endloop
  endfacet
  facet normal -0.751839813240027 0.6593458085308508 0
    outer loop
      vertex 20.61126983910799 -20.61126983910799 2.6
      vertex 20.61126983910799 -20.61126983910799 14
      vertex 20.990754693746567 -20.17855028808117 2.6
    endloop
  endfacet
  facet normal -0.8314696091775019 0.5555702376965599 0
    outer loop
      vertex 20.990754693746567 -20.17855028808117 2.6
      vertex 20.990754693746567 -20.17855028808117 14
      vertex 21.310511775314808 -19.700000002980232 2.6
    endloop
  endfacet
  facet normal -0.8968727403768488 0.44228869256281184 0
    outer loop
      vertex 21.310511775314808 -19.700000002980232 2.6
      vertex 21.310511775314808 -19.700000002980232 14
      vertex 21.565069943666458 -19.183807104825974 2.6
    endloop
  endfacet
  facet normal -0.9469301317164274 0.3214394587593589 0
    outer loop
      vertex 21.565069943666458 -19.183807104825974 2.6
      vertex 21.565069943666458 -19.183807104825974 14
      vertex 21.75007363408804 -18.63880379498005 2.6
    endloop
  endfacet
  facet normal -0.9807852789136889 0.1950903295045591 0
    outer loop
      vertex 21.75007363408804 -18.63880379498005 2.6
      vertex 21.75007363408804 -18.63880379498005 14
      vertex 21.862357392907143 -18.07431524246931 2.6
    endloop
  endfacet
  facet normal -0.9978589237076277 0.0654031220742139 0
    outer loop
      vertex 21.862357392907143 -18.07431524246931 2.6
      vertex 21.862357392907143 -18.07431524246931 14
      vertex 21.899999998509884 -17.5 2.6
    endloop
  endfacet
  facet normal -1 0 0
    outer loop
      vertex 21.899999998509884 -17.5 2.6
      vertex 21.899999998509884 -17.5 14
      vertex 21.899999998509884 17.5 2.6
    endloop
  endfacet
  facet normal 0 1 0
    outer loop
      vertex -17.5 -21.899999998509884 14
      vertex 17.5 -21.899999998509884 14
      vertex 17.5 -21.899999998509884 2.6
    endloop
  endfacet
  facet normal -0.0654031220742139 0.9978589237076277 0
    outer loop
      vertex 18.07431524246931 -21.862357392907143 2.6
      vertex 17.5 -21.899999998509884 14
      vertex 18.07431524246931 -21.862357392907143 14
    endloop
  endfacet
  facet normal -0.1950903295045591 0.9807852789136889 0
    outer loop
      vertex 18.63880379498005 -21.75007363408804 2.6
      vertex 18.07431524246931 -21.862357392907143 14
      vertex 18.63880379498005 -21.75007363408804 14
    endloop
  endfacet
  facet normal -0.3214394587593589 0.9469301317164274 0
    outer loop
      vertex 19.183807104825974 -21.565069943666458 2.6
      vertex 18.63880379498005 -21.75007363408804 14
      vertex 19.183807104825974 -21.565069943666458 14
    endloop
  endfacet
  facet normal -0.44228869256281184 0.8968727403768488 0
    outer loop
      vertex 19.700000002980232 -21.310511775314808 2.6
      vertex 19.183807104825974 -21.565069943666458 14
      vertex 19.700000002980232 -21.310511775314808 14
    endloop
  endfacet
  facet normal -0.5555702376965599 0.8314696091775019 0
    outer loop
      vertex 20.17855028808117 -20.990754693746567 2.6
      vertex 19.700000002980232 -21.310511775314808 14
      vertex 20.17855028808117 -20.990754693746567 14
    endloop
  endfacet
  facet normal -0.6593458085308508 0.751839813240027 0
    outer loop
      vertex 20.61126983910799 -20.61126983910799 2.6
      vertex 20.17855028808117 -20.990754693746567 14
      vertex 20.61126983910799 -20.61126983910799 14
    endloop
  endfacet
  facet normal -0.751839813240027 0.6593458085308508 0
    outer loop
      vertex 20.990754693746567 -20.17855028808117 2.6
      vertex 20.61126983910799 -20.61126983910799 14
      vertex 20.990754693746567 -20.17855028808117 14
    endloop
  endfacet
  facet normal -0.8314696091775019 0.5555702376965599 0
    outer loop
      vertex 21.310511775314808 -19.700000002980232 2.6
      vertex 20.990754693746567 -20.17855028808117 14
      vertex 21.310511775314808 -19.700000002980232 14
    endloop
  endfacet
  facet normal -0.8968727403768488 0.44228869256281184 0
    outer loop
      vertex 21.565069943666458 -19.183807104825974 2.6
      vertex 21.310511775314808 -19.700000002980232 14
      vertex 21.565069943666458 -19.183807104825974 14
    endloop
  endfacet
  facet normal -0.9469301317164274 0.3214394587593589 0
    outer loop
      vertex 21.75007363408804 -18.63880379498005 2.6
      vertex 21.565069943666458 -19.183807104825974 14
      vertex 21.75007363408804 -18.63880379498005 14
    endloop
  endfacet
  facet normal -0.9807852789136889 0.1950903295045591 0
    outer loop
      vertex 21.862357392907143 -18.07431524246931 2.6
      vertex 21.75007363408804 -18.63880379498005 14
      vertex 21.862357392907143 -18.07431524246931 14
    endloop
  endfacet
  facet normal -0.9978589237076277 0.0654031220742139 0
    outer loop
      vertex 21.899999998509884 -17.5 2.6
      vertex 21.862357392907143 -18.07431524246931 14
      vertex 21.899999998509884 -17.5 14
    endloop
  endfacet
  facet normal 0 0 1
    outer loop
      vertex -21.862357392907143 -18.07431524246931 2.6
      vertex 21.899999998509884 17.5 2.6
      vertex 21.862357392907143 18.07431524246931 2.6
    endloop
  endfacet
  facet normal 0 0 1
    outer loop
      vertex -21.899999998509884 -17.5 2.6
      vertex 21.862357392907143 18.07431524246931 2.6
      vertex 21.75007363408804 18.63880379498005 2.6
    endloop
  endfacet
  facet normal 0 0 1
    outer loop
      vertex -19.183807104825974 21.565069943666458 2.6
      vertex 18.07431524246931 21.862357392907143 2.6
      vertex 17.5 21.899999998509884 2.6
    endloop
  endfacet
  facet normal 0 0 1
    outer loop
      vertex -19.700000002980232 21.310511775314808 2.6
      vertex 18.63880379498005 21.75007363408804 2.6
      vertex 18.07431524246931 21.862357392907143 2.6
    endloop
  endfacet
  facet normal 0 0 1
    outer loop
      vertex -21.899999998509884 17.5 2.6
      vertex 21.75007363408804 18.63880379498005 2.6
      vertex 21.565069943666458 19.183807104825974 2.6
    endloop
  endfacet
  facet normal 0 0 1
    outer loop
      vertex -21.862357392907143 18.07431524246931 2.6
      vertex 21.565069943666458 19.183807104825974 2.6
      vertex 21.310511775314808 19.700000002980232 2.6
    endloop
  endfacet
  facet normal 0 0 1
    outer loop
      vertex -21.310511775314808 19.700000002980232 2.6
      vertex 20.61126983910799 20.61126983910799 2.6
      vertex 20.17855028808117 20.990754693746567 2.6
    endloop
  endfacet
  facet normal 0 0 1
    outer loop
      vertex -21.75007363408804 18.63880379498005 2.6
      vertex 21.310511775314808 19.700000002980232 2.6
      vertex 20.990754693746567 20.17855028808117 2.6
    endloop
  endfacet
  facet normal 0 0 1
    outer loop
      vertex -21.565069943666458 19.183807104825974 2.6
      vertex 20.990754693746567 20.17855028808117 2.6
      vertex 20.61126983910799 20.61126983910799 2.6
    endloop
  endfacet
  facet normal 0 0 1
    outer loop
      vertex -20.61126983910799 20.61126983910799 2.6
      vertex 19.700000002980232 21.310511775314808 2.6
      vertex 19.183807104825974 21.565069943666458 2.6
    endloop
  endfacet
  facet normal 0 0 1
    outer loop
      vertex -20.990754693746567 20.17855028808117 2.6
      vertex 20.17855028808117 20.990754693746567 2.6
      vertex 19.700000002980232 21.310511775314808 2.6
    endloop
  endfacet
  facet normal 0 0 1
    outer loop
      vertex -20.17855028808117 20.990754693746567 2.6
      vertex 19.183807104825974 21.565069943666458 2.6
      vertex 18.63880379498005 21.75007363408804 2.6
    endloop
  endfacet
  facet normal 0 -1 0
    outer loop
      vertex -17.5 21.899999998509884 2.6
      vertex 17.5 21.899999998509884 2.6
      vertex 17.5 21.899999998509884 14
    endloop
  endfacet
  facet normal -0.0654031220742139 -0.9978589237076277 0
    outer loop
      vertex 17.5 21.899999998509884 2.6
      vertex 18.07431524246931 21.862357392907143 2.6
      vertex 18.07431524246931 21.862357392907143 14
    endloop
  endfacet
  facet normal -0.1950903295045591 -0.9807852789136889 0
    outer loop
      vertex 18.07431524246931 21.862357392907143 2.6
      vertex 18.63880379498005 21.75007363408804 2.6
      vertex 18.63880379498005 21.75007363408804 14
    endloop
  endfacet
  facet normal -0.3214394587593589 -0.9469301317164274 0
    outer loop
      vertex 18.63880379498005 21.75007363408804 2.6
      vertex 19.183807104825974 21.565069943666458 2.6
      vertex 19.183807104825974 21.565069943666458 14
    endloop
  endfacet
  facet normal -0.44228869256281184 -0.8968727403768488 0
    outer loop
      vertex 19.183807104825974 21.565069943666458 2.6
      vertex 19.700000002980232 21.310511775314808 2.6
      vertex 19.700000002980232 21.310511775314808 14
    endloop
  endfacet
  facet normal -0.5555702376965599 -0.8314696091775019 0
    outer loop
      vertex 19.700000002980232 21.310511775314808 2.6
      vertex 20.17855028808117 20.990754693746567 2.6
      vertex 20.17855028808117 20.990754693746567 14
    endloop
  endfacet
  facet normal -0.6593458085308508 -0.751839813240027 0
    outer loop
      vertex 20.17855028808117 20.990754693746567 2.6
      vertex 20.61126983910799 20.61126983910799 2.6
      vertex 20.61126983910799 20.61126983910799 14
    endloop
  endfacet
  facet normal -0.9978589237076277 -0.0654031220742139 0
    outer loop
      vertex 21.899999998509884 17.5 2.6
      vertex 21.899999998509884 17.5 14
      vertex 21.862357392907143 18.07431524246931 2.6
    endloop
  endfacet
  facet normal -0.9807852789136889 -0.1950903295045591 0
    outer loop
      vertex 21.862357392907143 18.07431524246931 2.6
      vertex 21.862357392907143 18.07431524246931 14
      vertex 21.75007363408804 18.63880379498005 2.6
    endloop
  endfacet
  facet normal -0.9469301317164274 -0.3214394587593589 0
    outer loop
      vertex 21.75007363408804 18.63880379498005 2.6
      vertex 21.75007363408804 18.63880379498005 14
      vertex 21.565069943666458 19.183807104825974 2.6
    endloop
  endfacet
  facet normal -0.751839813240027 -0.6593458085308508 0
    outer loop
      vertex 20.990754693746567 20.17855028808117 2.6
      vertex 20.990754693746567 20.17855028808117 14
      vertex 20.61126983910799 20.61126983910799 2.6
    endloop
  endfacet
  facet normal -0.8314696091775019 -0.5555702376965599 0
    outer loop
      vertex 20.990754693746567 20.17855028808117 2.6
      vertex 21.310511775314808 19.700000002980232 2.6
      vertex 21.310511775314808 19.700000002980232 14
    endloop
  endfacet
  facet normal -0.8968727403768488 -0.44228869256281184 0
    outer loop
      vertex 21.565069943666458 19.183807104825974 2.6
      vertex 21.565069943666458 19.183807104825974 14
      vertex 21.310511775314808 19.700000002980232 2.6
    endloop
  endfacet
  facet normal -1 0 0
    outer loop
      vertex 21.899999998509884 -17.5 14
      vertex 21.899999998509884 17.5 14
      vertex 21.899999998509884 17.5 2.6
    endloop
  endfacet
  facet normal -0.0654031220742139 -0.9978589237076277 0
    outer loop
      vertex 17.5 21.899999998509884 2.6
      vertex 18.07431524246931 21.862357392907143 14
      vertex 17.5 21.899999998509884 14
    endloop
  endfacet
  facet normal -0.1950903295045591 -0.9807852789136889 0
    outer loop
      vertex 18.07431524246931 21.862357392907143 2.6
      vertex 18.63880379498005 21.75007363408804 14
      vertex 18.07431524246931 21.862357392907143 14
    endloop
  endfacet
  facet normal -0.3214394587593589 -0.9469301317164274 0
    outer loop
      vertex 18.63880379498005 21.75007363408804 2.6
      vertex 19.183807104825974 21.565069943666458 14
      vertex 18.63880379498005 21.75007363408804 14
    endloop
  endfacet
  facet normal -0.44228869256281184 -0.8968727403768488 0
    outer loop
      vertex 19.183807104825974 21.565069943666458 2.6
      vertex 19.700000002980232 21.310511775314808 14
      vertex 19.183807104825974 21.565069943666458 14
    endloop
  endfacet
  facet normal -0.5555702376965599 -0.8314696091775019 0
    outer loop
      vertex 19.700000002980232 21.310511775314808 2.6
      vertex 20.17855028808117 20.990754693746567 14
      vertex 19.700000002980232 21.310511775314808 14
    endloop
  endfacet
  facet normal -0.6593458085308508 -0.751839813240027 0
    outer loop
      vertex 20.17855028808117 20.990754693746567 2.6
      vertex 20.61126983910799 20.61126983910799 14
      vertex 20.17855028808117 20.990754693746567 14
    endloop
  endfacet
  facet normal -0.9978589237076277 -0.0654031220742139 0
    outer loop
      vertex 21.862357392907143 18.07431524246931 2.6
      vertex 21.899999998509884 17.5 14
      vertex 21.862357392907143 18.07431524246931 14
    endloop
  endfacet
  facet normal -0.9469301317164274 -0.3214394587593589 0
    outer loop
      vertex 21.565069943666458 19.183807104825974 2.6
      vertex 21.75007363408804 18.63880379498005 14
      vertex 21.565069943666458 19.183807104825974 14
    endloop
  endfacet
  facet normal -0.9807852789136889 -0.1950903295045591 0
    outer loop
      vertex 21.75007363408804 18.63880379498005 2.6
      vertex 21.862357392907143 18.07431524246931 14
      vertex 21.75007363408804 18.63880379498005 14
    endloop
  endfacet
  facet normal -0.751839813240027 -0.6593458085308508 0
    outer loop
      vertex 20.61126983910799 20.61126983910799 2.6
      vertex 20.990754693746567 20.17855028808117 14
      vertex 20.61126983910799 20.61126983910799 14
    endloop
  endfacet
  facet normal -0.8314696091775019 -0.5555702376965599 0
    outer loop
      vertex 20.990754693746567 20.17855028808117 2.6
      vertex 21.310511775314808 19.700000002980232 14
      vertex 20.990754693746567 20.17855028808117 14
    endloop
  endfacet
  facet normal -0.8968727403768488 -0.44228869256281184 0
    outer loop
      vertex 21.310511775314808 19.700000002980232 2.6
      vertex 21.565069943666458 19.183807104825974 14
      vertex 21.310511775314808 19.700000002980232 14
    endloop
  endfacet
  facet normal 0 0 -1
    outer loop
      vertex -5.077461376786232 -13.096073143184185 0.010000000000000009
      vertex -5.542562581598759 -12.399999998509884 0.010000000000000009
      vertex -3.8960731476545334 -11.677461378276348 0.010000000000000009
    endloop
  endfacet
  facet normal 0.6593458155107156 0.75183980711885 0
    outer loop
      vertex -3.8960731476545334 -14.277461379766464 0
      vertex -4.525483399629593 -13.725483402609825 0
      vertex -4.525483399629593 -13.725483402609825 0.010000000000000009
    endloop
  endfacet
  facet normal 0 0 -1
    outer loop
      vertex -3.8960731476545334 -14.277461379766464 0.010000000000000009
      vertex -4.525483399629593 -13.725483402609825 0.010000000000000009
      vertex -3.2000000029802322 -12.142562583088875 0.010000000000000009
    endloop
  endfacet
  facet normal 0 0 -1
    outer loop
      vertex -3.2000000029802322 -14.742562584578991 0.010000000000000009
      vertex -3.8960731476545334 -14.277461379766464 0.010000000000000009
      vertex -2.449173964560032 -12.512829005718231 0.010000000000000009
    endloop
  endfacet
  facet normal 0 0 -1
    outer loop
      vertex -3.2000000029802322 -12.142562583088875 0.010000000000000009
      vertex -4.525483399629593 -13.725483402609825 0.010000000000000009
      vertex -5.077461376786232 -13.096073143184185 0.010000000000000009
    endloop
  endfacet
  facet normal 0 0 -1
    outer loop
      vertex -3.2000000029802322 -12.142562583088875 0.010000000000000009
      vertex -5.077461376786232 -13.096073143184185 0.010000000000000009
      vertex -3.8960731476545334 -11.677461378276348 0.010000000000000009
    endloop
  endfacet
  facet normal 0 0 -1
    outer loop
      vertex -2.449173964560032 -12.512829005718231 0.010000000000000009
      vertex -3.8960731476545334 -14.277461379766464 0.010000000000000009
      vertex -3.2000000029802322 -12.142562583088875 0.010000000000000009
    endloop
  endfacet
  facet normal 0.06540312836072096 0.9978589232955883 0
    outer loop
      vertex -0.8353676274418831 -15.545247115194798 0.010000000000000009
      vertex 0 -15.600000001490116 0
      vertex -0.8353676274418831 -15.545247115194798 0
    endloop
  endfacet
  facet normal 0 0 -1
    outer loop
      vertex -0.8353676274418831 -15.545247115194798 0.010000000000000009
      vertex 0 -13 0.010000000000000009
      vertex 0 -15.600000001490116 0.010000000000000009
    endloop
  endfacet
  facet normal 0 0 -1
    outer loop
      vertex -2.449173964560032 -15.112829007208347 0.010000000000000009
      vertex -3.2000000029802322 -14.742562584578991 0.010000000000000009
      vertex -1.6564418897032738 -12.781925290822983 0.010000000000000009
    endloop
  endfacet
  facet normal 0 0 -1
    outer loop
      vertex -1.6564418897032738 -12.781925290822983 0.010000000000000009
      vertex -3.2000000029802322 -14.742562584578991 0.010000000000000009
      vertex -2.449173964560032 -12.512829005718231 0.010000000000000009
    endloop
  endfacet
  facet normal 0 0 -1
    outer loop
      vertex -1.6564418897032738 -15.381925284862518 0.010000000000000009
      vertex -2.449173964560032 -15.112829007208347 0.010000000000000009
      vertex -1.6564418897032738 -12.781925290822983 0.010000000000000009
    endloop
  endfacet
  facet normal 0 0 -1
    outer loop
      vertex -0.8353676274418831 -15.545247115194798 0.010000000000000009
      vertex -1.6564418897032738 -15.381925284862518 0.010000000000000009
      vertex -0.8353676274418831 -12.945247113704681 0.010000000000000009
    endloop
  endfacet
  facet normal 0 0 -1
    outer loop
      vertex -0.8353676274418831 -12.945247113704681 0.010000000000000009
      vertex -1.6564418897032738 -15.381925284862518 0.010000000000000009
      vertex -1.6564418897032738 -12.781925290822983 0.010000000000000009
    endloop
  endfacet
  facet normal 0 0 -1
    outer loop
      vertex 0 -13 0.010000000000000009
      vertex -0.8353676274418831 -15.545247115194798 0.010000000000000009
      vertex -0.8353676274418831 -12.945247113704681 0.010000000000000009
    endloop
  endfacet
  facet normal -0.06540312836072096 -0.9978589232955883 0
    outer loop
      vertex -0.8353676274418831 -12.945247113704681 0
      vertex 0 -13 0
      vertex 0 -13 0.010000000000000009
    endloop
  endfacet
  facet normal 0 0 -1
    outer loop
      vertex -6.181925289332867 -10.856441885232925 0.010000000000000009
      vertex -6.2926084622740746 -10.299999997019768 0.010000000000000009
      vertex -5.208473265171051 -10.299999997019768 0.010000000000000009
    endloop
  endfacet
  facet normal 0 0 -1
    outer loop
      vertex -7.450609661638737 -6.250609666109085 0.010000000000000009
      vertex -7.700724683701992 -5.965408146381378 0.010000000000000009
      vertex -7 -5.9000000059604645 0.010000000000000009
    endloop
  endfacet
  facet normal 0 0 -1
    outer loop
      vertex -6.850000001490116 -6.711473673582077 0.010000000000000009
      vertex -6.878207251429558 -6.512293495237827 0.010000000000000009
      vertex -6.785640642046928 -6.700000002980232 0.010000000000000009
    endloop
  endfacet
  facet normal 0 0 -1
    outer loop
      vertex -6.742577463388443 -6.764448598027229 0.010000000000000009
      vertex -6.850000001490116 -6.711473673582077 0.010000000000000009
      vertex -6.785640642046928 -6.700000002980232 0.010000000000000009
    endloop
  endfacet
  facet normal -0.8968727346086598 -0.442288704259542 0
    outer loop
      vertex -6.785640642046928 -6.700000002980232 0.010000000000000009
      vertex -6.786557143129925 -6.698141522705555 0
      vertex -6.785640642046928 -6.700000002980232 0
    endloop
  endfacet
  facet normal 0 0 -1
    outer loop
      vertex -7.16540814191103 -6.50072468817234 0.010000000000000009
      vertex -7.450609661638737 -6.250609666109085 0.010000000000000009
      vertex -6.945481322705746 -6.3141104727983475 0.010000000000000009
    endloop
  endfacet
  facet normal 0.5555702398623978 0.8314696077303353 0
    outer loop
      vertex -7.16540814191103 -6.50072468817234 0.010000000000000009
      vertex -6.850000001490116 -6.711473673582077 0
      vertex -7.16540814191103 -6.50072468817234 0
    endloop
  endfacet
  facet normal 0 0 -1
    outer loop
      vertex -7.16540814191103 -6.50072468817234 0.010000000000000009
      vertex -6.945481322705746 -6.3141104727983475 0.010000000000000009
      vertex -6.878207251429558 -6.512293495237827 0.010000000000000009
    endloop
  endfacet
  facet normal 0 0 -1
    outer loop
      vertex -6.945481322705746 -6.3141104727983475 0.010000000000000009
      vertex -7.450609661638737 -6.250609666109085 0.010000000000000009
      vertex -6.98631177842617 -6.10884191095829 0.010000000000000009
    endloop
  endfacet
  facet normal 0 0 -1
    outer loop
      vertex -6.98631177842617 -6.10884191095829 0.010000000000000009
      vertex -7.450609661638737 -6.250609666109085 0.010000000000000009
      vertex -7 -5.9000000059604645 0.010000000000000009
    endloop
  endfacet
  facet normal 0 0 -1
    outer loop
      vertex -6.878207251429558 -6.512293495237827 0.010000000000000009
      vertex -6.850000001490116 -6.711473673582077 0.010000000000000009
      vertex -7.16540814191103 -6.50072468817234 0.010000000000000009
    endloop
  endfacet
  facet normal -0.9807852802787097 -0.1950903226421365 0
    outer loop
      vertex -6.945481322705746 -6.3141104727983475 0
      vertex -6.945481322705746 -6.3141104727983475 0.010000000000000009
      vertex -6.98631177842617 -6.10884191095829 0
    endloop
  endfacet
  facet normal -0.9807852802787097 -0.1950903226421365 0
    outer loop
      vertex -6.98631177842617 -6.10884191095829 0
      vertex -6.945481322705746 -6.3141104727983475 0.010000000000000009
      vertex -6.98631177842617 -6.10884191095829 0.010000000000000009
    endloop
  endfacet
  facet normal 0.8968727460018552 0.4422886811564273 0
    outer loop
      vertex -7.911473669111729 -5.6500000059604645 0
      vertex -8.079250641167164 -5.309781953692436 0
      vertex -8.079250641167164 -5.309781953692436 0.010000000000000009
    endloop
  endfacet
  facet normal 0 0 -1
    outer loop
      vertex -7.700724683701992 -5.965408146381378 0.010000000000000009
      vertex -7.911473669111729 -5.6500000059604645 0.010000000000000009
      vertex -6.98631177842617 -5.691158093512058 0.010000000000000009
    endloop
  endfacet
  facet normal 0 0 -1
    outer loop
      vertex -7.911473669111729 -5.6500000059604645 0.010000000000000009
      vertex -8.079250641167164 -5.309781953692436 0.010000000000000009
      vertex -6.945481322705746 -5.485889531672001 0.010000000000000009
    endloop
  endfacet
  facet normal 0 0 -1
    outer loop
      vertex -8.201184891164303 -4.950575232505798 0.010000000000000009
      vertex -8.275190100073814 -4.578525960445404 0.010000000000000009
      vertex -6.785640642046928 -5.100000001490116 0.010000000000000009
    endloop
  endfacet
  facet normal 0 0 -1
    outer loop
      vertex -8.275190100073814 -4.578525960445404 0.010000000000000009
      vertex -8.299999997019768 -4.200000002980232 0.010000000000000009
      vertex -6.669365346431732 -4.925981715321541 0.010000000000000009
    endloop
  endfacet
  facet normal 0 0 -1
    outer loop
      vertex -8.079250641167164 -5.309781953692436 0.010000000000000009
      vertex -8.201184891164303 -4.950575232505798 0.010000000000000009
      vertex -6.785640642046928 -5.100000001490116 0.010000000000000009
    endloop
  endfacet
  facet normal 0 0 -1
    outer loop
      vertex -8.275190100073814 -3.8214740455150604 0.010000000000000009
      vertex -6.531370848417282 -4.768629156053066 0.010000000000000009
      vertex -8.299999997019768 -4.200000002980232 0.010000000000000009
    endloop
  endfacet
  facet normal 0 0 -1
    outer loop
      vertex -8.201184891164303 -3.449424773454666 0.010000000000000009
      vertex -6.374018281698227 -4.630634658038616 0.010000000000000009
      vertex -8.275190100073814 -3.8214740455150604 0.010000000000000009
    endloop
  endfacet
  facet normal 0 0 -1
    outer loop
      vertex -6.374018281698227 -4.630634658038616 0.010000000000000009
      vertex -8.201184891164303 -3.449424773454666 0.010000000000000009
      vertex -8.079250641167164 -3.0902180522680283 0.010000000000000009
    endloop
  endfacet
  facet normal 0.8968727460018552 -0.4422886811564273 0
    outer loop
      vertex -8.079250641167164 -3.0902180522680283 0
      vertex -7.911473669111729 -2.75 0.010000000000000009
      vertex -8.079250641167164 -3.0902180522680283 0.010000000000000009
    endloop
  endfacet
  facet normal 0 0 -1
    outer loop
      vertex -6.199999995529652 -4.514359354972839 0.010000000000000009
      vertex -8.079250641167164 -3.0902180522680283 0.010000000000000009
      vertex -7.911473669111729 -2.75 0.010000000000000009
    endloop
  endfacet
  facet normal 0 0 -1
    outer loop
      vertex -7 -5.9000000059604645 0.010000000000000009
      vertex -7.700724683701992 -5.965408146381378 0.010000000000000009
      vertex -6.98631177842617 -5.691158093512058 0.010000000000000009
    endloop
  endfacet
  facet normal 0 0 -1
    outer loop
      vertex -6.98631177842617 -5.691158093512058 0.010000000000000009
      vertex -7.911473669111729 -5.6500000059604645 0.010000000000000009
      vertex -6.945481322705746 -5.485889531672001 0.010000000000000009
    endloop
  endfacet
  facet normal 0 0 -1
    outer loop
      vertex -6.945481322705746 -5.485889531672001 0.010000000000000009
      vertex -8.079250641167164 -5.309781953692436 0.010000000000000009
      vertex -6.878207251429558 -5.287706509232521 0.010000000000000009
    endloop
  endfacet
  facet normal 0 0 -1
    outer loop
      vertex -6.878207251429558 -5.287706509232521 0.010000000000000009
      vertex -8.079250641167164 -5.309781953692436 0.010000000000000009
      vertex -6.785640642046928 -5.100000001490116 0.010000000000000009
    endloop
  endfacet
  facet normal -0.9469301290955746 0.32143946648014177 0
    outer loop
      vertex -6.945481322705746 -5.485889531672001 0.010000000000000009
      vertex -6.94481524279212 -5.483927323529036 0
      vertex -6.945481322705746 -5.485889531672001 0
    endloop
  endfacet
  facet normal 0 0 -1
    outer loop
      vertex -6.785640642046928 -5.100000001490116 0.010000000000000009
      vertex -8.275190100073814 -4.578525960445404 0.010000000000000009
      vertex -6.669365346431732 -4.925981715321541 0.010000000000000009
    endloop
  endfacet
  facet normal 0 0 -1
    outer loop
      vertex -6.669365346431732 -4.925981715321541 0.010000000000000009
      vertex -8.299999997019768 -4.200000002980232 0.010000000000000009
      vertex -6.531370848417282 -4.768629156053066 0.010000000000000009
    endloop
  endfacet
  facet normal 0 0 -1
    outer loop
      vertex -6.531370848417282 -4.768629156053066 0.010000000000000009
      vertex -8.275190100073814 -3.8214740455150604 0.010000000000000009
      vertex -6.374018281698227 -4.630634658038616 0.010000000000000009
    endloop
  endfacet
  facet normal -0.8314696251262594 0.5555702138275572 0
    outer loop
      vertex -6.785640642046928 -5.100000001490116 0.010000000000000009
      vertex -6.784489401496283 -5.098277048161714 0
      vertex -6.785640642046928 -5.100000001490116 0
    endloop
  endfacet
  facet normal -0.7518397905569937 0.6593458343958926 -1.3420760493492678e-14
    outer loop
      vertex -6.669365346431732 -4.925981715321541 0.010000000000000009
      vertex -6.531370848417282 -4.768629156053066 0
      vertex -6.6679990642731735 -4.92442376919017 0
    endloop
  endfacet
  facet normal -0.44228867562397756 0.8968727487301573 0
    outer loop
      vertex -6.199999995529652 -4.514359354972839 0
      vertex -6.199999995529652 -4.514359354972839 0.010000000000000009
      vertex -6.198141515254974 -4.513442853963611 0
    endloop
  endfacet
  facet normal 0 0 -1
    outer loop
      vertex -6.374018281698227 -4.630634658038616 0.010000000000000009
      vertex -8.079250641167164 -3.0902180522680283 0.010000000000000009
      vertex -6.199999995529652 -4.514359354972839 0.010000000000000009
    endloop
  endfacet
  facet normal 0 0 -1
    outer loop
      vertex -6.012293487787247 -4.421792753040791 0.010000000000000009
      vertex -6.199999995529652 -4.514359354972839 0.010000000000000009
      vertex -7.911473669111729 -2.75 0.010000000000000009
    endloop
  endfacet
  facet normal 0 0 -1
    outer loop
      vertex -6.012293487787247 -4.421792753040791 0.010000000000000009
      vertex -7.911473669111729 -2.75 0.010000000000000009
      vertex -7.700724683701992 -2.4345918595790863 0.010000000000000009
    endloop
  endfacet
  facet normal 0 0 -1
    outer loop
      vertex -6.012293487787247 -4.421792753040791 0.010000000000000009
      vertex -7.700724683701992 -2.4345918595790863 0.010000000000000009
      vertex -7.450609661638737 -2.1493903398513794 0.010000000000000009
    endloop
  endfacet
  facet normal 0 0 -1
    outer loop
      vertex -5.8141104727983475 -4.354518681764603 0.010000000000000009
      vertex -6.012293487787247 -4.421792753040791 0.010000000000000009
      vertex -7.450609661638737 -2.1493903398513794 0.010000000000000009
    endloop
  endfacet
  facet normal 0 0 -1
    outer loop
      vertex -6.509781949222088 -1.5207493603229523 0.010000000000000009
      vertex -5.6088419035077095 -4.313688226044178 0.010000000000000009
      vertex -5.8141104727983475 -4.354518681764603 0.010000000000000009
    endloop
  endfacet
  facet normal 0.8968727460018552 -0.4422886811564273 0
    outer loop
      vertex -8.079250641167164 -3.0902180522680283 0
      vertex -7.911473669111729 -2.75 0
      vertex -7.911473669111729 -2.75 0.010000000000000009
    endloop
  endfacet
  facet normal 0.6593458181582503 -0.7518398047970243 0
    outer loop
      vertex -7.450609661638737 -2.1493903398513794 0
      vertex -7.16540814191103 -1.899275317788124 0.010000000000000009
      vertex -7.450609661638737 -2.1493903398513794 0.010000000000000009
    endloop
  endfacet
  facet normal 0 0 -1
    outer loop
      vertex -5.8141104727983475 -4.354518681764603 0.010000000000000009
      vertex -7.450609661638737 -2.1493903398513794 0.010000000000000009
      vertex -7.16540814191103 -1.899275317788124 0.010000000000000009
    endloop
  endfacet
  facet normal 0 0 -1
    outer loop
      vertex -5.8141104727983475 -4.354518681764603 0.010000000000000009
      vertex -7.16540814191103 -1.899275317788124 0.010000000000000009
      vertex -6.850000001490116 -1.6885263323783875 0.010000000000000009
    endloop
  endfacet
  facet normal 0.6593458181582503 -0.7518398047970243 0
    outer loop
      vertex -7.450609661638737 -2.1493903398513794 0
      vertex -7.16540814191103 -1.899275317788124 0
      vertex -7.16540814191103 -1.899275317788124 0.010000000000000009
    endloop
  endfacet
  facet normal 0 0 -1
    outer loop
      vertex -5.8141104727983475 -4.354518681764603 0.010000000000000009
      vertex -6.850000001490116 -1.6885263323783875 0.010000000000000009
      vertex -6.509781949222088 -1.5207493603229523 0.010000000000000009
    endloop
  endfacet
  facet normal 0 0 -1
    outer loop
      vertex -5.6088419035077095 -4.313688226044178 0.010000000000000009
      vertex -6.509781949222088 -1.5207493603229523 0.010000000000000009
      vertex -6.15057522803545 -1.3988151103258133 0.010000000000000009
    endloop
  endfacet
  facet normal 0.19509034083736526 -0.9807852766594535 0
    outer loop
      vertex -6.15057522803545 -1.3988151103258133 0
      vertex -5.778525955975056 -1.3248099014163017 0.010000000000000009
      vertex -6.15057522803545 -1.3988151103258133 0.010000000000000009
    endloop
  endfacet
  facet normal 0 0 -1
    outer loop
      vertex -5.542562581598759 -12.399999998509884 0.010000000000000009
      vertex -5.912829011678696 -11.649173967540264 0.010000000000000009
      vertex -4.525483399629593 -11.125483401119709 0.010000000000000009
    endloop
  endfacet
  facet normal 0 0 -1
    outer loop
      vertex -4.525483399629593 -11.125483401119709 0.010000000000000009
      vertex -5.912829011678696 -11.649173967540264 0.010000000000000009
      vertex -5.077461376786232 -10.49607314914465 0.010000000000000009
    endloop
  endfacet
  facet normal 0 0 -1
    outer loop
      vertex -5.077461376786232 -10.49607314914465 0.010000000000000009
      vertex -5.912829011678696 -11.649173967540264 0.010000000000000009
      vertex -6.181925289332867 -10.856441885232925 0.010000000000000009
    endloop
  endfacet
  facet normal 0 0 -1
    outer loop
      vertex -5.077461376786232 -10.49607314914465 0.010000000000000009
      vertex -6.181925289332867 -10.856441885232925 0.010000000000000009
      vertex -5.208473265171051 -10.299999997019768 0.010000000000000009
    endloop
  endfacet
  facet normal 0 0 -1
    outer loop
      vertex -3.8960731476545334 -11.677461378276348 0.010000000000000009
      vertex -5.542562581598759 -12.399999998509884 0.010000000000000009
      vertex -4.525483399629593 -11.125483401119709 0.010000000000000009
    endloop
  endfacet
  facet normal -0.6593458155107156 -0.75183980711885 0
    outer loop
      vertex -3.8960731476545334 -11.677461378276348 0
      vertex -3.8960731476545334 -11.677461378276348 0.010000000000000009
      vertex -4.525483399629593 -11.125483401119709 0
    endloop
  endfacet
  facet normal -0.6593458155107156 -0.75183980711885 0
    outer loop
      vertex -4.525483399629593 -11.125483401119709 0
      vertex -3.8960731476545334 -11.677461378276348 0.010000000000000009
      vertex -4.525483399629593 -11.125483401119709 0.010000000000000009
    endloop
  endfacet
  facet normal -0.44228863063408874 0.8968727709167128 0
    outer loop
      vertex -3.9499999955296516 -6.711473673582077 0
      vertex -4.057422533631325 -6.764448598027229 0
      vertex -4.057422533631325 -6.764448598027229 0.010000000000000009
    endloop
  endfacet
  facet normal 0.8314695872473038 -0.5555702705174193 0
    outer loop
      vertex -4.057422533631325 -6.764448598027229 0
      vertex -4.014359354972839 -6.700000002980232 0
      vertex -4.014359354972839 -6.700000002980232 0.010000000000000009
    endloop
  endfacet
  facet normal 0 0 -1
    outer loop
      vertex -4.057422533631325 -6.764448598027229 0.010000000000000009
      vertex -4.014359354972839 -6.700000002980232 0.010000000000000009
      vertex -3.9499999955296516 -6.711473673582077 0.010000000000000009
    endloop
  endfacet
  facet normal 0 0 -1
    outer loop
      vertex -3.9499999955296516 -6.711473673582077 0.010000000000000009
      vertex -4.014359354972839 -6.700000002980232 0.010000000000000009
      vertex -3.92179274559021 -6.512293495237827 0.010000000000000009
    endloop
  endfacet
  facet normal 0.9469301290956099 -0.32143946648003835 0
    outer loop
      vertex -3.92179274559021 -6.512293495237827 0
      vertex -3.854518674314022 -6.3141104727983475 0
      vertex -3.854518674314022 -6.3141104727983475 0.010000000000000009
    endloop
  endfacet
  facet normal 0 0 -1
    outer loop
      vertex -3.9499999955296516 -6.711473673582077 0.010000000000000009
      vertex -3.92179274559021 -6.512293495237827 0.010000000000000009
      vertex -3.634591855108738 -6.50072468817234 0.010000000000000009
    endloop
  endfacet
  facet normal 0 0 -1
    outer loop
      vertex -3.634591855108738 -6.50072468817234 0.010000000000000009
      vertex -3.92179274559021 -6.512293495237827 0.010000000000000009
      vertex -3.854518674314022 -6.3141104727983475 0.010000000000000009
    endloop
  endfacet
  facet normal 0 0 -1
    outer loop
      vertex -3.8136882185935974 -6.10884191095829 0.010000000000000009
      vertex -3.349390335381031 -6.250609666109085 0.010000000000000009
      vertex -3.854518674314022 -6.3141104727983475 0.010000000000000009
    endloop
  endfacet
  facet normal 0 0 -1
    outer loop
      vertex -3.634591855108738 -6.50072468817234 0.010000000000000009
      vertex -3.854518674314022 -6.3141104727983475 0.010000000000000009
      vertex -3.349390335381031 -6.250609666109085 0.010000000000000009
    endloop
  endfacet
  facet normal -0.6593458181582503 0.7518398047970243 0
    outer loop
      vertex -3.634591855108738 -6.50072468817234 0
      vertex -3.634591855108738 -6.50072468817234 0.010000000000000009
      vertex -3.349390335381031 -6.250609666109085 0
    endloop
  endfacet
  facet normal -0.6593458181582503 0.7518398047970243 0
    outer loop
      vertex -3.349390335381031 -6.250609666109085 0
      vertex -3.634591855108738 -6.50072468817234 0.010000000000000009
      vertex -3.349390335381031 -6.250609666109085 0.010000000000000009
    endloop
  endfacet
  facet normal 0 0 -1
    outer loop
      vertex -3.349390335381031 -6.250609666109085 0.010000000000000009
      vertex -3.8136882185935974 -6.10884191095829 0.010000000000000009
      vertex -3.7999999970197678 -5.9000000059604645 0.010000000000000009
    endloop
  endfacet
  facet normal 0 0 -1
    outer loop
      vertex -3.349390335381031 -6.250609666109085 0.010000000000000009
      vertex -3.7999999970197678 -5.9000000059604645 0.010000000000000009
      vertex -3.0992753133177757 -5.965408146381378 0.010000000000000009
    endloop
  endfacet
  facet normal -0.7518398047970243 0.6593458181582503 0
    outer loop
      vertex -3.0992753133177757 -5.965408146381378 0
      vertex -3.349390335381031 -6.250609666109085 0.010000000000000009
      vertex -3.0992753133177757 -5.965408146381378 0.010000000000000009
    endloop
  endfacet
  facet normal 0.5555702384389738 0.8314696086814369 0
    outer loop
      vertex -4.425981715321541 -4.630634658038616 0
      vertex -4.600000001490116 -4.514359354972839 0.010000000000000009
      vertex -4.425981715321541 -4.630634658038616 0.010000000000000009
    endloop
  endfacet
  facet normal 0.5555702384389738 0.8314696086814369 0
    outer loop
      vertex -4.600000001490116 -4.514359354972839 0
      vertex -4.600000001490116 -4.514359354972839 0.010000000000000009
      vertex -4.425981715321541 -4.630634658038616 0
    endloop
  endfacet
  facet normal -0.06540312894155129 0.9978589232575189 0
    outer loop
      vertex -5.399999998509884 -4.300000004470348 0
      vertex -5.6088419035077095 -4.313688226044178 0
      vertex -5.6088419035077095 -4.313688226044178 0.010000000000000009
    endloop
  endfacet
  facet normal 0 0 -1
    outer loop
      vertex -5.6088419035077095 -4.313688226044178 0.010000000000000009
      vertex -5.778525955975056 -1.3248099014163017 0.010000000000000009
      vertex -5.399999998509884 -4.300000004470348 0.010000000000000009
    endloop
  endfacet
  facet normal 0 0 -1
    outer loop
      vertex -5.399999998509884 -4.300000004470348 0.010000000000000009
      vertex -5.021474041044712 -1.3248099014163017 0.010000000000000009
      vertex -5.191158093512058 -4.313688226044178 0.010000000000000009
    endloop
  endfacet
  facet normal 0.19509031583050307 0.9807852816336279 0
    outer loop
      vertex -5.191158093512058 -4.313688226044178 0
      vertex -5.191158093512058 -4.313688226044178 0.010000000000000009
      vertex -4.98588952422142 -4.354518681764603 0
    endloop
  endfacet
  facet normal 0.19509031583050307 0.9807852816336279 0
    outer loop
      vertex -4.98588952422142 -4.354518681764603 0
      vertex -5.191158093512058 -4.313688226044178 0.010000000000000009
      vertex -4.98588952422142 -4.354518681764603 0.010000000000000009
    endloop
  endfacet
  facet normal 0 0 -1
    outer loop
      vertex -5.191158093512058 -4.313688226044178 0.010000000000000009
      vertex -4.29021804779768 -1.5207493603229523 0.010000000000000009
      vertex -4.98588952422142 -4.354518681764603 0.010000000000000009
    endloop
  endfacet
  facet normal 0 0 -1
    outer loop
      vertex -4.98588952422142 -4.354518681764603 0.010000000000000009
      vertex -3.634591855108738 -1.899275317788124 0.010000000000000009
      vertex -4.787706509232521 -4.421792753040791 0.010000000000000009
    endloop
  endfacet
  facet normal 0.9978589234097973 0.06540312661823 0
    outer loop
      vertex -3.7999999970197678 -5.9000000059604645 0
      vertex -3.8136882185935974 -5.691158093512058 0.010000000000000009
      vertex -3.7999999970197678 -5.9000000059604645 0.010000000000000009
    endloop
  endfacet
  facet normal 0.9807852802787097 0.1950903226421365 0
    outer loop
      vertex -3.8136882185935974 -5.691158093512058 0
      vertex -3.854518674314022 -5.485889531672001 0.010000000000000009
      vertex -3.8136882185935974 -5.691158093512058 0.010000000000000009
    endloop
  endfacet
  facet normal 0.9469301290956099 0.32143946648003835 0
    outer loop
      vertex -3.854518674314022 -5.485889531672001 0
      vertex -3.92179274559021 -5.287706509232521 0.010000000000000009
      vertex -3.854518674314022 -5.485889531672001 0.010000000000000009
    endloop
  endfacet
  facet normal 0.9469301290956101 0.3214394664800373 2.286744643030218e-14
    outer loop
      vertex -3.921126665676584 -5.289668717375486 0
      vertex -3.92179274559021 -5.287706509232521 0.010000000000000009
      vertex -3.854518674314022 -5.485889531672001 0
    endloop
  endfacet
  facet normal 0.9469301290955747 0.3214394664801418 -1.146407508188369e-18
    outer loop
      vertex -3.921126665676584 -5.289668717375486 0
      vertex -3.92179274559021 -5.287706509232521 0.00009803921568627468
      vertex -3.92179274559021 -5.287706509232521 0.010000000000000009
    endloop
  endfacet
  facet normal 0.831469625126175 0.5555702138276835 0
    outer loop
      vertex -4.014359354972839 -5.100000001490116 0
      vertex -4.130634650588036 -4.925981715321541 0.010000000000000009
      vertex -4.014359354972839 -5.100000001490116 0.010000000000000009
    endloop
  endfacet
  facet normal 0.7518397905569935 0.6593458343958931 0
    outer loop
      vertex -4.130634650588036 -4.925981715321541 0
      vertex -4.268629148602486 -4.768629156053066 0.010000000000000009
      vertex -4.130634650588036 -4.925981715321541 0.010000000000000009
    endloop
  endfacet
  facet normal 0.7518397905569937 0.6593458343958926 1.3420760493492678e-14
    outer loop
      vertex -4.268629148602486 -4.768629156053066 0.010000000000000009
      vertex -4.130634650588036 -4.925981715321541 0
      vertex -4.267262866443927 -4.770187102184437 0
    endloop
  endfacet
  facet normal 0.751839790556951 0.6593458343959412 0
    outer loop
      vertex -4.268629148602486 -4.768629156053066 0.010000000000000009
      vertex -4.267262866443927 -4.770187102184437 0
      vertex -4.268629148602486 -4.768629156053066 0.00009803921568627468
    endloop
  endfacet
  facet normal 0 0 -1
    outer loop
      vertex -3.7999999970197678 -5.9000000059604645 0.010000000000000009
      vertex -3.8136882185935974 -5.691158093512058 0.010000000000000009
      vertex -3.0992753133177757 -5.965408146381378 0.010000000000000009
    endloop
  endfacet
  facet normal 0 0 -1
    outer loop
      vertex -3.854518674314022 -5.485889531672001 0.010000000000000009
      vertex -2.888526327908039 -5.6500000059604645 0.010000000000000009
      vertex -3.8136882185935974 -5.691158093512058 0.010000000000000009
    endloop
  endfacet
  facet normal 0 0 -1
    outer loop
      vertex -3.92179274559021 -5.287706509232521 0.010000000000000009
      vertex -2.720749355852604 -5.309781953692436 0.010000000000000009
      vertex -3.854518674314022 -5.485889531672001 0.010000000000000009
    endloop
  endfacet
  facet normal 0 0 -1
    outer loop
      vertex -3.8136882185935974 -5.691158093512058 0.010000000000000009
      vertex -2.888526327908039 -5.6500000059604645 0.010000000000000009
      vertex -3.0992753133177757 -5.965408146381378 0.010000000000000009
    endloop
  endfacet
  facet normal 0 0 -1
    outer loop
      vertex -2.888526327908039 -5.6500000059604645 0.010000000000000009
      vertex -3.854518674314022 -5.485889531672001 0.010000000000000009
      vertex -2.720749355852604 -5.309781953692436 0.010000000000000009
    endloop
  endfacet
  facet normal 0 0 -1
    outer loop
      vertex -2.720749355852604 -5.309781953692436 0.010000000000000009
      vertex -3.92179274559021 -5.287706509232521 0.010000000000000009
      vertex -2.598815105855465 -4.950575232505798 0.010000000000000009
    endloop
  endfacet
  facet normal 0 0 -1
    outer loop
      vertex -3.92179274559021 -5.287706509232521 0.010000000000000009
      vertex -4.014359354972839 -5.100000001490116 0.010000000000000009
      vertex -2.598815105855465 -4.950575232505798 0.010000000000000009
    endloop
  endfacet
  facet normal 0 0 -1
    outer loop
      vertex -4.130634650588036 -4.925981715321541 0.010000000000000009
      vertex -2.5248098969459534 -4.578525960445404 0.010000000000000009
      vertex -4.014359354972839 -5.100000001490116 0.010000000000000009
    endloop
  endfacet
  facet normal 0 0 -1
    outer loop
      vertex -4.268629148602486 -4.768629156053066 0.010000000000000009
      vertex -2.5 -4.200000002980232 0.010000000000000009
      vertex -4.130634650588036 -4.925981715321541 0.010000000000000009
    endloop
  endfacet
  facet normal 0 0 -1
    outer loop
      vertex -2.598815105855465 -4.950575232505798 0.010000000000000009
      vertex -4.014359354972839 -5.100000001490116 0.010000000000000009
      vertex -2.5248098969459534 -4.578525960445404 0.010000000000000009
    endloop
  endfacet
  facet normal 0 0 -1
    outer loop
      vertex -2.5248098969459534 -4.578525960445404 0.010000000000000009
      vertex -4.130634650588036 -4.925981715321541 0.010000000000000009
      vertex -2.5 -4.200000002980232 0.010000000000000009
    endloop
  endfacet
  facet normal 0 0 -1
    outer loop
      vertex -4.787706509232521 -4.421792753040791 0.010000000000000009
      vertex -3.0992753133177757 -2.4345918595790863 0.010000000000000009
      vertex -4.600000001490116 -4.514359354972839 0.010000000000000009
    endloop
  endfacet
  facet normal 0 0 -1
    outer loop
      vertex -4.600000001490116 -4.514359354972839 0.010000000000000009
      vertex -2.720749355852604 -3.0902180522680283 0.010000000000000009
      vertex -4.425981715321541 -4.630634658038616 0.010000000000000009
    endloop
  endfacet
  facet normal 0 0 -1
    outer loop
      vertex -4.425981715321541 -4.630634658038616 0.010000000000000009
      vertex -2.598815105855465 -3.449424773454666 0.010000000000000009
      vertex -4.268629148602486 -4.768629156053066 0.010000000000000009
    endloop
  endfacet
  facet normal 0 0 -1
    outer loop
      vertex -3.0992753133177757 -2.4345918595790863 0.010000000000000009
      vertex -4.787706509232521 -4.421792753040791 0.010000000000000009
      vertex -3.349390335381031 -2.1493903398513794 0.010000000000000009
    endloop
  endfacet
  facet normal 0 0 -1
    outer loop
      vertex -2.5 -4.200000002980232 0.010000000000000009
      vertex -4.268629148602486 -4.768629156053066 0.010000000000000009
      vertex -2.5248098969459534 -3.8214740455150604 0.010000000000000009
    endloop
  endfacet
  facet normal 0 0 -1
    outer loop
      vertex -2.5248098969459534 -3.8214740455150604 0.010000000000000009
      vertex -4.268629148602486 -4.768629156053066 0.010000000000000009
      vertex -2.598815105855465 -3.449424773454666 0.010000000000000009
    endloop
  endfacet
  facet normal 0 0 -1
    outer loop
      vertex -2.598815105855465 -3.449424773454666 0.010000000000000009
      vertex -4.425981715321541 -4.630634658038616 0.010000000000000009
      vertex -2.720749355852604 -3.0902180522680283 0.010000000000000009
    endloop
  endfacet
  facet normal 0 0 -1
    outer loop
      vertex -2.720749355852604 -3.0902180522680283 0.010000000000000009
      vertex -4.600000001490116 -4.514359354972839 0.010000000000000009
      vertex -2.888526327908039 -2.75 0.010000000000000009
    endloop
  endfacet
  facet normal 0 0 -1
    outer loop
      vertex -2.888526327908039 -2.75 0.010000000000000009
      vertex -4.600000001490116 -4.514359354972839 0.010000000000000009
      vertex -3.0992753133177757 -2.4345918595790863 0.010000000000000009
    endloop
  endfacet
  facet normal 0 0 -1
    outer loop
      vertex -5.6088419035077095 -4.313688226044178 0.010000000000000009
      vertex -6.15057522803545 -1.3988151103258133 0.010000000000000009
      vertex -5.778525955975056 -1.3248099014163017 0.010000000000000009
    endloop
  endfacet
  facet normal 0 0 -1
    outer loop
      vertex -5.399999998509884 -4.300000004470348 0.010000000000000009
      vertex -5.778525955975056 -1.3248099014163017 0.010000000000000009
      vertex -5.399999998509884 -1.3000000044703484 0.010000000000000009
    endloop
  endfacet
  facet normal 0 0 -1
    outer loop
      vertex -5.021474041044712 -1.3248099014163017 0.010000000000000009
      vertex -5.399999998509884 -4.300000004470348 0.010000000000000009
      vertex -5.399999998509884 -1.3000000044703484 0.010000000000000009
    endloop
  endfacet
  facet normal 0 0 -1
    outer loop
      vertex -5.191158093512058 -4.313688226044178 0.010000000000000009
      vertex -5.021474041044712 -1.3248099014163017 0.010000000000000009
      vertex -4.649424768984318 -1.3988151103258133 0.010000000000000009
    endloop
  endfacet
  facet normal 0 0 -1
    outer loop
      vertex -4.29021804779768 -1.5207493603229523 0.010000000000000009
      vertex -5.191158093512058 -4.313688226044178 0.010000000000000009
      vertex -4.649424768984318 -1.3988151103258133 0.010000000000000009
    endloop
  endfacet
  facet normal 0 0 -1
    outer loop
      vertex -4.98588952422142 -4.354518681764603 0.010000000000000009
      vertex -4.29021804779768 -1.5207493603229523 0.010000000000000009
      vertex -3.9499999955296516 -1.6885263323783875 0.010000000000000009
    endloop
  endfacet
  facet normal -0.3214394621781937 -0.9469301305558893 0
    outer loop
      vertex -4.649424768984318 -1.3988151103258133 0
      vertex -4.29021804779768 -1.5207493603229523 0
      vertex -4.29021804779768 -1.5207493603229523 0.010000000000000009
    endloop
  endfacet
  facet normal 0.06540311591729081 -0.9978589241111738 0
    outer loop
      vertex -5.778525955975056 -1.3248099014163017 0
      vertex -5.399999998509884 -1.3000000044703484 0
      vertex -5.399999998509884 -1.3000000044703484 0.010000000000000009
    endloop
  endfacet
  facet normal 0 0 -1
    outer loop
      vertex -3.634591855108738 -1.899275317788124 0.010000000000000009
      vertex -4.98588952422142 -4.354518681764603 0.010000000000000009
      vertex -3.9499999955296516 -1.6885263323783875 0.010000000000000009
    endloop
  endfacet
  facet normal 0 0 -1
    outer loop
      vertex -3.349390335381031 -2.1493903398513794 0.010000000000000009
      vertex -4.787706509232521 -4.421792753040791 0.010000000000000009
      vertex -3.634591855108738 -1.899275317788124 0.010000000000000009
    endloop
  endfacet
  facet normal -0.5555702398623978 -0.8314696077303353 0
    outer loop
      vertex -3.9499999955296516 -1.6885263323783875 0
      vertex -3.634591855108738 -1.899275317788124 0
      vertex -3.634591855108738 -1.899275317788124 0.010000000000000009
    endloop
  endfacet
  facet normal -0.9469301305558893 0.3214394621781937 0
    outer loop
      vertex -2.598815105855465 -4.950575232505798 0
      vertex -2.720749355852604 -5.309781953692436 0.010000000000000009
      vertex -2.598815105855465 -4.950575232505798 0.010000000000000009
    endloop
  endfacet
  facet normal -0.9978589241111739 0.06540311591729074 -2.849342281001881e-15
    outer loop
      vertex -2.5248098969459534 -4.578525960445404 0.010000000000000009
      vertex -2.5 -4.200000002980232 0
      vertex -2.524564254401934 -4.574778178688323 0
    endloop
  endfacet
  facet normal -0.9978589241111738 0.06540311591729081 0
    outer loop
      vertex -2.5 -4.200000002980232 0
      vertex -2.5248098969459534 -4.578525960445404 0.010000000000000009
      vertex -2.5 -4.200000002980232 0.010000000000000009
    endloop
  endfacet
  facet normal -0.9807852766594534 -0.19509034083736565 -1.567347920778831e-14
    outer loop
      vertex -2.5248098969459534 -3.8214740455150604 0.010000000000000009
      vertex -2.598815105855465 -3.449424773454666 0
      vertex -2.5255426217866415 -3.8177903893560465 0
    endloop
  endfacet
  facet normal -0.8968727460018552 -0.4422886811564273 0
    outer loop
      vertex -2.720749355852604 -3.0902180522680283 0.010000000000000009
      vertex -2.888526327908039 -2.75 0
      vertex -2.720749355852604 -3.0902180522680283 0
    endloop
  endfacet
  facet normal 0 0 -1
    outer loop
      vertex 0 -15.600000001490116 0.010000000000000009
      vertex 0 -13 0.010000000000000009
      vertex 0.8353676274418831 -15.545247115194798 0.010000000000000009
    endloop
  endfacet
  facet normal -0.19509032779741822 0.9807852792532603 0
    outer loop
      vertex 1.6564418897032738 -15.381925284862518 0
      vertex 0.8353676274418831 -15.545247115194798 0
      vertex 0.8353676274418831 -15.545247115194798 0.010000000000000009
    endloop
  endfacet
  facet normal -0.19509032779741822 0.9807852792532603 0
    outer loop
      vertex 1.6564418897032738 -15.381925284862518 0
      vertex 0.8353676274418831 -15.545247115194798 0.010000000000000009
      vertex 1.6564418897032738 -15.381925284862518 0.010000000000000009
    endloop
  endfacet
  facet normal -0.32143946391764217 0.946930129965426 0
    outer loop
      vertex 2.449173964560032 -15.112829007208347 0
      vertex 1.6564418897032738 -15.381925284862518 0.010000000000000009
      vertex 2.449173964560032 -15.112829007208347 0.010000000000000009
    endloop
  endfacet
  facet normal 0 0 -1
    outer loop
      vertex 0.8353676274418831 -15.545247115194798 0.010000000000000009
      vertex 0 -13 0.010000000000000009
      vertex 0.8353676274418831 -12.945247113704681 0.010000000000000009
    endloop
  endfacet
  facet normal 0 0 -1
    outer loop
      vertex 0.8353676274418831 -15.545247115194798 0.010000000000000009
      vertex 0.8353676274418831 -12.945247113704681 0.010000000000000009
      vertex 1.6564418897032738 -15.381925284862518 0.010000000000000009
    endloop
  endfacet
  facet normal 0 0 -1
    outer loop
      vertex 1.6564418897032738 -15.381925284862518 0.010000000000000009
      vertex 0.8353676274418831 -12.945247113704681 0.010000000000000009
      vertex 1.6564418897032738 -12.781925290822983 0.010000000000000009
    endloop
  endfacet
  facet normal 0 0 -1
    outer loop
      vertex 1.6564418897032738 -15.381925284862518 0.010000000000000009
      vertex 1.6564418897032738 -12.781925290822983 0.010000000000000009
      vertex 2.449173964560032 -15.112829007208347 0.010000000000000009
    endloop
  endfacet
  facet normal 0 0 -1
    outer loop
      vertex 1.6564418897032738 -12.781925290822983 0.010000000000000009
      vertex 3.2000000029802322 -14.742562584578991 0.010000000000000009
      vertex 2.449173964560032 -15.112829007208347 0.010000000000000009
    endloop
  endfacet
  facet normal 0 0 -1
    outer loop
      vertex 3.2000000029802322 -14.742562584578991 0.010000000000000009
      vertex 1.6564418897032738 -12.781925290822983 0.010000000000000009
      vertex 2.449173964560032 -12.512829005718231 0.010000000000000009
    endloop
  endfacet
  facet normal -0.44228868641139557 0.8968727434103917 0
    outer loop
      vertex 3.2000000029802322 -14.742562584578991 0
      vertex 2.449173964560032 -15.112829007208347 0.010000000000000009
      vertex 3.2000000029802322 -14.742562584578991 0.010000000000000009
    endloop
  endfacet
  facet normal -0.5555702322861513 0.8314696127926214 0
    outer loop
      vertex 3.8960731476545334 -14.277461379766464 0
      vertex 3.2000000029802322 -14.742562584578991 0.010000000000000009
      vertex 3.8960731476545334 -14.277461379766464 0.010000000000000009
    endloop
  endfacet
  facet normal 0 0 -1
    outer loop
      vertex 3.2000000029802322 -14.742562584578991 0.010000000000000009
      vertex 2.449173964560032 -12.512829005718231 0.010000000000000009
      vertex 3.8960731476545334 -14.277461379766464 0.010000000000000009
    endloop
  endfacet
  facet normal 0 0 -1
    outer loop
      vertex 3.8960731476545334 -14.277461379766464 0.010000000000000009
      vertex 3.2000000029802322 -12.142562583088875 0.010000000000000009
      vertex 4.525483399629593 -13.725483402609825 0.010000000000000009
    endloop
  endfacet
  facet normal 0 0 -1
    outer loop
      vertex 3.8960731476545334 -14.277461379766464 0.010000000000000009
      vertex 2.449173964560032 -12.512829005718231 0.010000000000000009
      vertex 3.2000000029802322 -12.142562583088875 0.010000000000000009
    endloop
  endfacet
  facet normal 0.5555702322861513 -0.8314696127926214 0
    outer loop
      vertex 3.2000000029802322 -12.142562583088875 0
      vertex 3.8960731476545334 -11.677461378276348 0
      vertex 3.8960731476545334 -11.677461378276348 0.010000000000000009
    endloop
  endfacet
  facet normal 0 0 -1
    outer loop
      vertex 4.525483399629593 -13.725483402609825 0.010000000000000009
      vertex 3.2000000029802322 -12.142562583088875 0.010000000000000009
      vertex 5.077461376786232 -13.096073143184185 0.010000000000000009
    endloop
  endfacet
  facet normal 0 0 -1
    outer loop
      vertex 5.077461376786232 -13.096073143184185 0.010000000000000009
      vertex 3.2000000029802322 -12.142562583088875 0.010000000000000009
      vertex 3.8960731476545334 -11.677461378276348 0.010000000000000009
    endloop
  endfacet
  facet normal -0.7518398109879337 0.6593458110988711 0
    outer loop
      vertex 5.077461376786232 -13.096073143184185 0
      vertex 4.525483399629593 -13.725483402609825 0
      vertex 4.525483399629593 -13.725483402609825 0.010000000000000009
    endloop
  endfacet
  facet normal -0.7518398109879337 0.6593458110988711 0
    outer loop
      vertex 5.077461376786232 -13.096073143184185 0
      vertex 4.525483399629593 -13.725483402609825 0.010000000000000009
      vertex 5.077461376786232 -13.096073143184185 0.010000000000000009
    endloop
  endfacet
  facet normal 0 0 -1
    outer loop
      vertex 5.077461376786232 -13.096073143184185 0.010000000000000009
      vertex 3.8960731476545334 -11.677461378276348 0.010000000000000009
      vertex 5.542562581598759 -12.399999998509884 0.010000000000000009
    endloop
  endfacet
  facet normal -0.8314696127926214 0.5555702322861513 0
    outer loop
      vertex 5.542562581598759 -12.399999998509884 0
      vertex 5.077461376786232 -13.096073143184185 0.010000000000000009
      vertex 5.542562581598759 -12.399999998509884 0.010000000000000009
    endloop
  endfacet
  facet normal -0.8968727381390595 0.4422886971005998 0
    outer loop
      vertex 5.912829011678696 -11.649173967540264 0
      vertex 5.542562581598759 -12.399999998509884 0.010000000000000009
      vertex 5.912829011678696 -11.649173967540264 0.010000000000000009
    endloop
  endfacet
  facet normal 0 0 -1
    outer loop
      vertex 5.542562581598759 -12.399999998509884 0.010000000000000009
      vertex 3.8960731476545334 -11.677461378276348 0.010000000000000009
      vertex 4.525483399629593 -11.125483401119709 0.010000000000000009
    endloop
  endfacet
  facet normal 0 0 -1
    outer loop
      vertex 5.542562581598759 -12.399999998509884 0.010000000000000009
      vertex 4.525483399629593 -11.125483401119709 0.010000000000000009
      vertex 5.912829011678696 -11.649173967540264 0.010000000000000009
    endloop
  endfacet
  facet normal 0 0 -1
    outer loop
      vertex 5.912829011678696 -11.649173967540264 0.010000000000000009
      vertex 4.525483399629593 -11.125483401119709 0.010000000000000009
      vertex 5.077461376786232 -10.49607314914465 0.010000000000000009
    endloop
  endfacet
  facet normal 0 0 -1
    outer loop
      vertex 5.077461376786232 -10.49607314914465 0.010000000000000009
      vertex 5.208473265171051 -10.299999997019768 0.010000000000000009
      vertex 6.181925289332867 -10.856441885232925 0.010000000000000009
    endloop
  endfacet
  facet normal 0 0 -1
    outer loop
      vertex 5.912829011678696 -11.649173967540264 0.010000000000000009
      vertex 5.077461376786232 -10.49607314914465 0.010000000000000009
      vertex 6.181925289332867 -10.856441885232925 0.010000000000000009
    endloop
  endfacet
  facet normal 0 0 -1
    outer loop
      vertex 3.634591855108738 -6.50072468817234 0.010000000000000009
      vertex 3.349390335381031 -6.250609666109085 0.010000000000000009
      vertex 3.854518674314022 -6.3141104727983475 0.010000000000000009
    endloop
  endfacet
  facet normal 0 0 -1
    outer loop
      vertex 3.349390335381031 -6.250609666109085 0.010000000000000009
      vertex 3.0992753133177757 -5.965408146381378 0.010000000000000009
      vertex 3.7999999970197678 -5.9000000059604645 0.010000000000000009
    endloop
  endfacet
  facet normal 0 0 -1
    outer loop
      vertex 3.349390335381031 -6.250609666109085 0.010000000000000009
      vertex 3.7999999970197678 -5.9000000059604645 0.010000000000000009
      vertex 3.8136882185935974 -6.10884191095829 0.010000000000000009
    endloop
  endfacet
  facet normal 0 0 -1
    outer loop
      vertex 3.9499999955296516 -6.711473673582077 0.010000000000000009
      vertex 4.014359354972839 -6.700000002980232 0.010000000000000009
      vertex 4.057422533631325 -6.764448598027229 0.010000000000000009
    endloop
  endfacet
  facet normal 0 0 -1
    outer loop
      vertex 4.014359354972839 -6.700000002980232 0.010000000000000009
      vertex 3.9499999955296516 -6.711473673582077 0.010000000000000009
      vertex 3.92179274559021 -6.512293495237827 0.010000000000000009
    endloop
  endfacet
  facet normal 0.5555702398623978 0.8314696077303353 0
    outer loop
      vertex 3.9499999955296516 -6.711473673582077 0
      vertex 3.634591855108738 -6.50072468817234 0
      vertex 3.634591855108738 -6.50072468817234 0.010000000000000009
    endloop
  endfacet
  facet normal 0 0 -1
    outer loop
      vertex 3.9499999955296516 -6.711473673582077 0.010000000000000009
      vertex 3.634591855108738 -6.50072468817234 0.010000000000000009
      vertex 3.92179274559021 -6.512293495237827 0.010000000000000009
    endloop
  endfacet
  facet normal 0 0 -1
    outer loop
      vertex 3.92179274559021 -6.512293495237827 0.010000000000000009
      vertex 3.634591855108738 -6.50072468817234 0.010000000000000009
      vertex 3.854518674314022 -6.3141104727983475 0.010000000000000009
    endloop
  endfacet
  facet normal 0 0 -1
    outer loop
      vertex 3.854518674314022 -6.3141104727983475 0.010000000000000009
      vertex 3.349390335381031 -6.250609666109085 0.010000000000000009
      vertex 3.8136882185935974 -6.10884191095829 0.010000000000000009
    endloop
  endfacet
  facet normal 0.8968727460018552 0.4422886811564273 0
    outer loop
      vertex 2.720749355852604 -5.309781953692436 0.010000000000000009
      vertex 2.888526327908039 -5.6500000059604645 0
      vertex 2.720749355852604 -5.309781953692436 0
    endloop
  endfacet
  facet normal 0.9469301305558893 -0.3214394621781937 0
    outer loop
      vertex 2.598815105855465 -3.449424773454666 0
      vertex 2.720749355852604 -3.0902180522680283 0.010000000000000009
      vertex 2.598815105855465 -3.449424773454666 0.010000000000000009
    endloop
  endfacet
  facet normal 0.9469301305558893 -0.3214394621781937 0
    outer loop
      vertex 2.598815105855465 -3.449424773454666 0
      vertex 2.720749355852604 -3.0902180522680283 0
      vertex 2.720749355852604 -3.0902180522680283 0.010000000000000009
    endloop
  endfacet
  facet normal 0 0 -1
    outer loop
      vertex 3.0992753133177757 -5.965408146381378 0.010000000000000009
      vertex 2.888526327908039 -5.6500000059604645 0.010000000000000009
      vertex 3.8136882185935974 -5.691158093512058 0.010000000000000009
    endloop
  endfacet
  facet normal 0 0 -1
    outer loop
      vertex 2.888526327908039 -5.6500000059604645 0.010000000000000009
      vertex 2.720749355852604 -5.309781953692436 0.010000000000000009
      vertex 3.854518674314022 -5.485889531672001 0.010000000000000009
    endloop
  endfacet
  facet normal 0 0 -1
    outer loop
      vertex 3.7999999970197678 -5.9000000059604645 0.010000000000000009
      vertex 3.0992753133177757 -5.965408146381378 0.010000000000000009
      vertex 3.8136882185935974 -5.691158093512058 0.010000000000000009
    endloop
  endfacet
  facet normal 0 0 -1
    outer loop
      vertex 3.8136882185935974 -5.691158093512058 0.010000000000000009
      vertex 2.888526327908039 -5.6500000059604645 0.010000000000000009
      vertex 3.854518674314022 -5.485889531672001 0.010000000000000009
    endloop
  endfacet
  facet normal 0 0 -1
    outer loop
      vertex 3.854518674314022 -5.485889531672001 0.010000000000000009
      vertex 2.720749355852604 -5.309781953692436 0.010000000000000009
      vertex 3.92179274559021 -5.287706509232521 0.010000000000000009
    endloop
  endfacet
  facet normal 0 0 -1
    outer loop
      vertex 3.92179274559021 -5.287706509232521 0.010000000000000009
      vertex 2.720749355852604 -5.309781953692436 0.010000000000000009
      vertex 4.014359354972839 -5.100000001490116 0.010000000000000009
    endloop
  endfacet
  facet normal 0 0 -1
    outer loop
      vertex 4.014359354972839 -5.100000001490116 0.010000000000000009
      vertex 2.720749355852604 -5.309781953692436 0.010000000000000009
      vertex 2.598815105855465 -4.950575232505798 0.010000000000000009
    endloop
  endfacet
  facet normal 0 0 -1
    outer loop
      vertex 2.598815105855465 -4.950575232505798 0.010000000000000009
      vertex 2.5248098969459534 -4.578525960445404 0.010000000000000009
      vertex 4.014359354972839 -5.100000001490116 0.010000000000000009
    endloop
  endfacet
  facet normal 0 0 -1
    outer loop
      vertex 2.5248098969459534 -4.578525960445404 0.010000000000000009
      vertex 2.5 -4.200000002980232 0.010000000000000009
      vertex 4.130634650588036 -4.925981715321541 0.010000000000000009
    endloop
  endfacet
  facet normal 0 0 -1
    outer loop
      vertex 4.014359354972839 -5.100000001490116 0.010000000000000009
      vertex 2.5248098969459534 -4.578525960445404 0.010000000000000009
      vertex 4.130634650588036 -4.925981715321541 0.010000000000000009
    endloop
  endfacet
  facet normal 0 0 -1
    outer loop
      vertex 4.130634650588036 -4.925981715321541 0.010000000000000009
      vertex 2.5 -4.200000002980232 0.010000000000000009
      vertex 4.268629148602486 -4.768629156053066 0.010000000000000009
    endloop
  endfacet
  facet normal 0 0 -1
    outer loop
      vertex 2.5248098969459534 -3.8214740455150604 0.010000000000000009
      vertex 4.425981715321541 -4.630634658038616 0.010000000000000009
      vertex 4.268629148602486 -4.768629156053066 0.010000000000000009
    endloop
  endfacet
  facet normal -0.831469625126175 0.5555702138276835 0
    outer loop
      vertex 4.014359354972839 -5.100000001490116 0.010000000000000009
      vertex 4.130634650588036 -4.925981715321541 0
      vertex 4.014359354972839 -5.100000001490116 0
    endloop
  endfacet
  facet normal -0.6593458167485153 0.7518398060333286 0
    outer loop
      vertex 4.268629148602486 -4.768629156053066 0.010000000000000009
      vertex 4.425981715321541 -4.630634658038616 0
      vertex 4.268629148602486 -4.768629156053066 0
    endloop
  endfacet
  facet normal 0 0 -1
    outer loop
      vertex 4.268629148602486 -4.768629156053066 0.010000000000000009
      vertex 2.5 -4.200000002980232 0.010000000000000009
      vertex 2.5248098969459534 -3.8214740455150604 0.010000000000000009
    endloop
  endfacet
  facet normal 0 0 -1
    outer loop
      vertex 4.425981715321541 -4.630634658038616 0.010000000000000009
      vertex 2.5248098969459534 -3.8214740455150604 0.010000000000000009
      vertex 2.598815105855465 -3.449424773454666 0.010000000000000009
    endloop
  endfacet
  facet normal 0 0 -1
    outer loop
      vertex 4.425981715321541 -4.630634658038616 0.010000000000000009
      vertex 2.598815105855465 -3.449424773454666 0.010000000000000009
      vertex 2.720749355852604 -3.0902180522680283 0.010000000000000009
    endloop
  endfacet
  facet normal 0 0 -1
    outer loop
      vertex 2.888526327908039 -2.75 0.010000000000000009
      vertex 4.600000001490116 -4.514359354972839 0.010000000000000009
      vertex 2.720749355852604 -3.0902180522680283 0.010000000000000009
    endloop
  endfacet
  facet normal 0 0 -1
    outer loop
      vertex 4.787706509232521 -4.421792753040791 0.010000000000000009
      vertex 2.888526327908039 -2.75 0.010000000000000009
      vertex 3.0992753133177757 -2.4345918595790863 0.010000000000000009
    endloop
  endfacet
  facet normal 0 0 -1
    outer loop
      vertex 4.425981715321541 -4.630634658038616 0.010000000000000009
      vertex 2.720749355852604 -3.0902180522680283 0.010000000000000009
      vertex 4.600000001490116 -4.514359354972839 0.010000000000000009
    endloop
  endfacet
  facet normal 0 0 -1
    outer loop
      vertex 4.600000001490116 -4.514359354972839 0.010000000000000009
      vertex 2.888526327908039 -2.75 0.010000000000000009
      vertex 4.787706509232521 -4.421792753040791 0.010000000000000009
    endloop
  endfacet
  facet normal 0 0 -1
    outer loop
      vertex 4.787706509232521 -4.421792753040791 0.010000000000000009
      vertex 3.0992753133177757 -2.4345918595790863 0.010000000000000009
      vertex 3.349390335381031 -2.1493903398513794 0.010000000000000009
    endloop
  endfacet
  facet normal 0 0 -1
    outer loop
      vertex 4.787706509232521 -4.421792753040791 0.010000000000000009
      vertex 3.349390335381031 -2.1493903398513794 0.010000000000000009
      vertex 4.98588952422142 -4.354518681764603 0.010000000000000009
    endloop
  endfacet
  facet normal -0.32143947731578243 0.9469301254173703 7.72693296737977e-15
    outer loop
      vertex 4.787706509232521 -4.421792753040791 0.010000000000000009
      vertex 4.98588952422142 -4.354518681764603 0
      vertex 4.789668717301718 -4.421126673127165 0
    endloop
  endfacet
  facet normal 0 0 -1
    outer loop
      vertex 5.191158093512058 -4.313688226044178 0.010000000000000009
      vertex 4.98588952422142 -4.354518681764603 0.010000000000000009
      vertex 4.29021804779768 -1.5207493603229523 0.010000000000000009
    endloop
  endfacet
  facet normal -0.06540312894155129 0.9978589232575189 0
    outer loop
      vertex 5.399999998509884 -4.300000004470348 0
      vertex 5.191158093512058 -4.313688226044178 0
      vertex 5.191158093512058 -4.313688226044178 0.010000000000000009
    endloop
  endfacet
  facet normal 0.06540312894155129 0.9978589232575189 0
    outer loop
      vertex 5.6088419035077095 -4.313688226044178 0
      vertex 5.399999998509884 -4.300000004470348 0.010000000000000009
      vertex 5.6088419035077095 -4.313688226044178 0.010000000000000009
    endloop
  endfacet
  facet normal 0.19509031583050307 0.9807852816336279 0
    outer loop
      vertex 5.8141104727983475 -4.354518681764603 0
      vertex 5.6088419035077095 -4.313688226044178 0.010000000000000009
      vertex 5.8141104727983475 -4.354518681764603 0.010000000000000009
    endloop
  endfacet
  facet normal 0 0 -1
    outer loop
      vertex 5.191158093512058 -4.313688226044178 0.010000000000000009
      vertex 5.021474041044712 -1.3248099014163017 0.010000000000000009
      vertex 5.399999998509884 -4.300000004470348 0.010000000000000009
    endloop
  endfacet
  facet normal 0 0 -1
    outer loop
      vertex 5.399999998509884 -4.300000004470348 0.010000000000000009
      vertex 5.778525955975056 -1.3248099014163017 0.010000000000000009
      vertex 5.6088419035077095 -4.313688226044178 0.010000000000000009
    endloop
  endfacet
  facet normal 0.7518398047970243 -0.6593458181582503 0
    outer loop
      vertex 3.0992753133177757 -2.4345918595790863 0
      vertex 3.349390335381031 -2.1493903398513794 0.010000000000000009
      vertex 3.0992753133177757 -2.4345918595790863 0.010000000000000009
    endloop
  endfacet
  facet normal 0.6593458181582503 -0.7518398047970243 0
    outer loop
      vertex 3.349390335381031 -2.1493903398513794 0
      vertex 3.634591855108738 -1.899275317788124 0.010000000000000009
      vertex 3.349390335381031 -2.1493903398513794 0.010000000000000009
    endloop
  endfacet
  facet normal 0.6593458181582503 -0.7518398047970243 0
    outer loop
      vertex 3.349390335381031 -2.1493903398513794 0
      vertex 3.634591855108738 -1.899275317788124 0
      vertex 3.634591855108738 -1.899275317788124 0.010000000000000009
    endloop
  endfacet
  facet normal 0 0 -1
    outer loop
      vertex 4.98588952422142 -4.354518681764603 0.010000000000000009
      vertex 3.349390335381031 -2.1493903398513794 0.010000000000000009
      vertex 3.634591855108738 -1.899275317788124 0.010000000000000009
    endloop
  endfacet
  facet normal 0 0 -1
    outer loop
      vertex 4.98588952422142 -4.354518681764603 0.010000000000000009
      vertex 3.634591855108738 -1.899275317788124 0.010000000000000009
      vertex 3.9499999955296516 -1.6885263323783875 0.010000000000000009
    endloop
  endfacet
  facet normal 0 0 -1
    outer loop
      vertex 4.29021804779768 -1.5207493603229523 0.010000000000000009
      vertex 4.98588952422142 -4.354518681764603 0.010000000000000009
      vertex 3.9499999955296516 -1.6885263323783875 0.010000000000000009
    endloop
  endfacet
  facet normal 0 0 -1
    outer loop
      vertex 5.191158093512058 -4.313688226044178 0.010000000000000009
      vertex 4.29021804779768 -1.5207493603229523 0.010000000000000009
      vertex 4.649424768984318 -1.3988151103258133 0.010000000000000009
    endloop
  endfacet
  facet normal 0 0 -1
    outer loop
      vertex 5.021474041044712 -1.3248099014163017 0.010000000000000009
      vertex 5.191158093512058 -4.313688226044178 0.010000000000000009
      vertex 4.649424768984318 -1.3988151103258133 0.010000000000000009
    endloop
  endfacet
  facet normal 0 0 -1
    outer loop
      vertex 5.399999998509884 -4.300000004470348 0.010000000000000009
      vertex 5.021474041044712 -1.3248099014163017 0.010000000000000009
      vertex 5.399999998509884 -1.3000000044703484 0.010000000000000009
    endloop
  endfacet
  facet normal 0 0 -1
    outer loop
      vertex 5.778525955975056 -1.3248099014163017 0.010000000000000009
      vertex 5.399999998509884 -4.300000004470348 0.010000000000000009
      vertex 5.399999998509884 -1.3000000044703484 0.010000000000000009
    endloop
  endfacet
  facet normal 0 0 -1
    outer loop
      vertex 5.6088419035077095 -4.313688226044178 0.010000000000000009
      vertex 5.778525955975056 -1.3248099014163017 0.010000000000000009
      vertex 6.15057522803545 -1.3988151103258133 0.010000000000000009
    endloop
  endfacet
  facet normal 0.06540311591729081 -0.9978589241111738 0
    outer loop
      vertex 5.021474041044712 -1.3248099014163017 0
      vertex 5.399999998509884 -1.3000000044703484 0
      vertex 5.399999998509884 -1.3000000044703484 0.010000000000000009
    endloop
  endfacet
  facet normal -0.946930130884986 0.32143946120870615 0
    outer loop
      vertex 6.181925289332867 -10.856441885232925 0
      vertex 5.912829011678696 -11.649173967540264 0.010000000000000009
      vertex 6.181925289332867 -10.856441885232925 0.010000000000000009
    endloop
  endfacet
  facet normal 0 0 -1
    outer loop
      vertex 5.208473265171051 -10.299999997019768 0.010000000000000009
      vertex 6.2926084622740746 -10.299999997019768 0.010000000000000009
      vertex 6.181925289332867 -10.856441885232925 0.010000000000000009
    endloop
  endfacet
  facet normal 0.8314695872473038 -0.5555702705174193 0
    outer loop
      vertex 6.742577463388443 -6.764448598027229 0
      vertex 6.785640642046928 -6.700000002980232 0
      vertex 6.785640642046928 -6.700000002980232 0.010000000000000009
    endloop
  endfacet
  facet normal 0 0 -1
    outer loop
      vertex 6.850000001490116 -6.711473673582077 0.010000000000000009
      vertex 6.742577463388443 -6.764448598027229 0.010000000000000009
      vertex 6.785640642046928 -6.700000002980232 0.010000000000000009
    endloop
  endfacet
  facet normal 0 0 -1
    outer loop
      vertex 6.850000001490116 -6.711473673582077 0.010000000000000009
      vertex 6.785640642046928 -6.700000002980232 0.010000000000000009
      vertex 6.878207251429558 -6.512293495237827 0.010000000000000009
    endloop
  endfacet
  facet normal 0 0 -1
    outer loop
      vertex 6.850000001490116 -6.711473673582077 0.010000000000000009
      vertex 6.878207251429558 -6.512293495237827 0.010000000000000009
      vertex 7.16540814191103 -6.50072468817234 0.010000000000000009
    endloop
  endfacet
  facet normal 0 0 -1
    outer loop
      vertex 7.16540814191103 -6.50072468817234 0.010000000000000009
      vertex 6.878207251429558 -6.512293495237827 0.010000000000000009
      vertex 6.945481322705746 -6.3141104727983475 0.010000000000000009
    endloop
  endfacet
  facet normal 0 0 -1
    outer loop
      vertex 7.16540814191103 -6.50072468817234 0.010000000000000009
      vertex 6.945481322705746 -6.3141104727983475 0.010000000000000009
      vertex 7.450609661638737 -6.250609666109085 0.010000000000000009
    endloop
  endfacet
  facet normal -0.6593458181582503 0.7518398047970243 0
    outer loop
      vertex 7.450609661638737 -6.250609666109085 0
      vertex 7.16540814191103 -6.50072468817234 0
      vertex 7.16540814191103 -6.50072468817234 0.010000000000000009
    endloop
  endfacet
  facet normal 0 0 -1
    outer loop
      vertex 7.450609661638737 -6.250609666109085 0.010000000000000009
      vertex 6.945481322705746 -6.3141104727983475 0.010000000000000009
      vertex 6.98631177842617 -6.10884191095829 0.010000000000000009
    endloop
  endfacet
  facet normal 0 0 -1
    outer loop
      vertex 7.450609661638737 -6.250609666109085 0.010000000000000009
      vertex 6.98631177842617 -6.10884191095829 0.010000000000000009
      vertex 7 -5.9000000059604645 0.010000000000000009
    endloop
  endfacet
  facet normal -0.6593458181582503 0.7518398047970243 0
    outer loop
      vertex 7.450609661638737 -6.250609666109085 0
      vertex 7.16540814191103 -6.50072468817234 0.010000000000000009
      vertex 7.450609661638737 -6.250609666109085 0.010000000000000009
    endloop
  endfacet
  facet normal 0 0 -1
    outer loop
      vertex 7.450609661638737 -6.250609666109085 0.010000000000000009
      vertex 7 -5.9000000059604645 0.010000000000000009
      vertex 7.700724683701992 -5.965408146381378 0.010000000000000009
    endloop
  endfacet
  facet normal -0.7518398047970243 0.6593458181582503 0
    outer loop
      vertex 7.700724683701992 -5.965408146381378 0
      vertex 7.450609661638737 -6.250609666109085 0.010000000000000009
      vertex 7.700724683701992 -5.965408146381378 0.010000000000000009
    endloop
  endfacet
  facet normal 0.7518397905569937 0.6593458343958926 1.2777563163533234e-14
    outer loop
      vertex 6.669365346431732 -4.925981715321541 0
      vertex 6.532737130575841 -4.770187102184437 0
      vertex 6.531370848417282 -4.768629156053066 0.010000000000000009
    endloop
  endfacet
  facet normal 0.5555702384389738 0.8314696086814369 0
    outer loop
      vertex 6.374018281698227 -4.630634658038616 0
      vertex 6.199999995529652 -4.514359354972839 0.010000000000000009
      vertex 6.374018281698227 -4.630634658038616 0.010000000000000009
    endloop
  endfacet
  facet normal 0.5555702384389738 0.8314696086814369 0
    outer loop
      vertex 6.199999995529652 -4.514359354972839 0
      vertex 6.199999995529652 -4.514359354972839 0.010000000000000009
      vertex 6.374018281698227 -4.630634658038616 0
    endloop
  endfacet
  facet normal 0.751839790556951 0.6593458343959412 7.662887526609963e-18
    outer loop
      vertex 6.532737130575841 -4.770187102184437 0
      vertex 6.531370848417282 -4.768629156053066 0.00009803921568627468
      vertex 6.531370848417282 -4.768629156053066 0.010000000000000009
    endloop
  endfacet
  facet normal 0.9978589234097973 0.06540312661823 0
    outer loop
      vertex 7 -5.9000000059604645 0
      vertex 6.98631177842617 -5.691158093512058 0.010000000000000009
      vertex 7 -5.9000000059604645 0.010000000000000009
    endloop
  endfacet
  facet normal 0.9978589234097973 0.06540312661823 0
    outer loop
      vertex 7 -5.9000000059604645 0
      vertex 6.98631177842617 -5.691158093512058 0
      vertex 6.98631177842617 -5.691158093512058 0.010000000000000009
    endloop
  endfacet
  facet normal 0 0 -1
    outer loop
      vertex 7 -5.9000000059604645 0.010000000000000009
      vertex 6.98631177842617 -5.691158093512058 0.010000000000000009
      vertex 7.700724683701992 -5.965408146381378 0.010000000000000009
    endloop
  endfacet
  facet normal 0 0 -1
    outer loop
      vertex 6.945481322705746 -5.485889531672001 0.010000000000000009
      vertex 7.911473669111729 -5.6500000059604645 0.010000000000000009
      vertex 6.98631177842617 -5.691158093512058 0.010000000000000009
    endloop
  endfacet
  facet normal 0 0 -1
    outer loop
      vertex 6.878207251429558 -5.287706509232521 0.010000000000000009
      vertex 8.079250641167164 -5.309781953692436 0.010000000000000009
      vertex 6.945481322705746 -5.485889531672001 0.010000000000000009
    endloop
  endfacet
  facet normal 0.831469625126175 0.5555702138276835 0
    outer loop
      vertex 6.785640642046928 -5.100000001490116 0
      vertex 6.669365346431732 -4.925981715321541 0.010000000000000009
      vertex 6.785640642046928 -5.100000001490116 0.010000000000000009
    endloop
  endfacet
  facet normal 0.7518397905569935 0.6593458343958931 0
    outer loop
      vertex 6.669365346431732 -4.925981715321541 0
      vertex 6.531370848417282 -4.768629156053066 0.010000000000000009
      vertex 6.669365346431732 -4.925981715321541 0.010000000000000009
    endloop
  endfacet
  facet normal 0 0 -1
    outer loop
      vertex 6.785640642046928 -5.100000001490116 0.010000000000000009
      vertex 8.201184891164303 -4.950575232505798 0.010000000000000009
      vertex 6.878207251429558 -5.287706509232521 0.010000000000000009
    endloop
  endfacet
  facet normal 0 0 -1
    outer loop
      vertex 6.669365346431732 -4.925981715321541 0.010000000000000009
      vertex 8.275190100073814 -4.578525960445404 0.010000000000000009
      vertex 6.785640642046928 -5.100000001490116 0.010000000000000009
    endloop
  endfacet
  facet normal 0 0 -1
    outer loop
      vertex 6.531370848417282 -4.768629156053066 0.010000000000000009
      vertex 8.299999997019768 -4.200000002980232 0.010000000000000009
      vertex 6.669365346431732 -4.925981715321541 0.010000000000000009
    endloop
  endfacet
  facet normal 0.32143947731578276 0.9469301254173701 0
    outer loop
      vertex 6.012293487787247 -4.421792753040791 0
      vertex 5.8141104727983475 -4.354518681764603 0.010000000000000009
      vertex 6.012293487787247 -4.421792753040791 0.010000000000000009
    endloop
  endfacet
  facet normal 0 0 -1
    outer loop
      vertex 5.6088419035077095 -4.313688226044178 0.010000000000000009
      vertex 6.509781949222088 -1.5207493603229523 0.010000000000000009
      vertex 5.8141104727983475 -4.354518681764603 0.010000000000000009
    endloop
  endfacet
  facet normal 0 0 -1
    outer loop
      vertex 5.8141104727983475 -4.354518681764603 0.010000000000000009
      vertex 7.16540814191103 -1.899275317788124 0.010000000000000009
      vertex 6.012293487787247 -4.421792753040791 0.010000000000000009
    endloop
  endfacet
  facet normal 0 0 -1
    outer loop
      vertex 6.199999995529652 -4.514359354972839 0.010000000000000009
      vertex 8.079250641167164 -3.0902180522680283 0.010000000000000009
      vertex 6.374018281698227 -4.630634658038616 0.010000000000000009
    endloop
  endfacet
  facet normal 0 0 -1
    outer loop
      vertex 6.012293487787247 -4.421792753040791 0.010000000000000009
      vertex 7.700724683701992 -2.4345918595790863 0.010000000000000009
      vertex 6.199999995529652 -4.514359354972839 0.010000000000000009
    endloop
  endfacet
  facet normal 0 0 -1
    outer loop
      vertex 6.374018281698227 -4.630634658038616 0.010000000000000009
      vertex 8.201184891164303 -3.449424773454666 0.010000000000000009
      vertex 6.531370848417282 -4.768629156053066 0.010000000000000009
    endloop
  endfacet
  facet normal 0 0 -1
    outer loop
      vertex 7.700724683701992 -2.4345918595790863 0.010000000000000009
      vertex 6.012293487787247 -4.421792753040791 0.010000000000000009
      vertex 7.450609661638737 -2.1493903398513794 0.010000000000000009
    endloop
  endfacet
  facet normal 0 0 -1
    outer loop
      vertex 6.199999995529652 -4.514359354972839 0.010000000000000009
      vertex 7.700724683701992 -2.4345918595790863 0.010000000000000009
      vertex 7.911473669111729 -2.75 0.010000000000000009
    endloop
  endfacet
  facet normal 0 0 -1
    outer loop
      vertex 6.98631177842617 -5.691158093512058 0.010000000000000009
      vertex 7.911473669111729 -5.6500000059604645 0.010000000000000009
      vertex 7.700724683701992 -5.965408146381378 0.010000000000000009
    endloop
  endfacet
  facet normal 0 0 -1
    outer loop
      vertex 7.911473669111729 -5.6500000059604645 0.010000000000000009
      vertex 6.945481322705746 -5.485889531672001 0.010000000000000009
      vertex 8.079250641167164 -5.309781953692436 0.010000000000000009
    endloop
  endfacet
  facet normal -0.8968727460018552 0.4422886811564273 0
    outer loop
      vertex 8.079250641167164 -5.309781953692436 0
      vertex 7.911473669111729 -5.6500000059604645 0
      vertex 7.911473669111729 -5.6500000059604645 0.010000000000000009
    endloop
  endfacet
  facet normal 0 0 -1
    outer loop
      vertex 8.079250641167164 -5.309781953692436 0.010000000000000009
      vertex 6.878207251429558 -5.287706509232521 0.010000000000000009
      vertex 8.201184891164303 -4.950575232505798 0.010000000000000009
    endloop
  endfacet
  facet normal -0.8968727460018552 0.4422886811564273 0
    outer loop
      vertex 8.079250641167164 -5.309781953692436 0
      vertex 7.911473669111729 -5.6500000059604645 0.010000000000000009
      vertex 8.079250641167164 -5.309781953692436 0.010000000000000009
    endloop
  endfacet
  facet normal 0 0 -1
    outer loop
      vertex 8.201184891164303 -4.950575232505798 0.010000000000000009
      vertex 6.785640642046928 -5.100000001490116 0.010000000000000009
      vertex 8.275190100073814 -4.578525960445404 0.010000000000000009
    endloop
  endfacet
  facet normal 0 0 -1
    outer loop
      vertex 8.275190100073814 -4.578525960445404 0.010000000000000009
      vertex 6.669365346431732 -4.925981715321541 0.010000000000000009
      vertex 8.299999997019768 -4.200000002980232 0.010000000000000009
    endloop
  endfacet
  facet normal -0.9469301305558893 0.3214394621781937 0
    outer loop
      vertex 8.201184891164303 -4.950575232505798 0
      vertex 8.079250641167164 -5.309781953692436 0.010000000000000009
      vertex 8.201184891164303 -4.950575232505798 0.010000000000000009
    endloop
  endfacet
  facet normal -0.9978589241111738 0.06540311591729081 0
    outer loop
      vertex 8.299999997019768 -4.200000002980232 0
      vertex 8.275190100073814 -4.578525960445404 0
      vertex 8.275190100073814 -4.578525960445404 0.010000000000000009
    endloop
  endfacet
  facet normal 0 0 -1
    outer loop
      vertex 8.299999997019768 -4.200000002980232 0.010000000000000009
      vertex 6.531370848417282 -4.768629156053066 0.010000000000000009
      vertex 8.275190100073814 -3.8214740455150604 0.010000000000000009
    endloop
  endfacet
  facet normal 0 0 -1
    outer loop
      vertex 8.275190100073814 -3.8214740455150604 0.010000000000000009
      vertex 6.531370848417282 -4.768629156053066 0.010000000000000009
      vertex 8.201184891164303 -3.449424773454666 0.010000000000000009
    endloop
  endfacet
  facet normal 0 0 -1
    outer loop
      vertex 8.201184891164303 -3.449424773454666 0.010000000000000009
      vertex 6.374018281698227 -4.630634658038616 0.010000000000000009
      vertex 8.079250641167164 -3.0902180522680283 0.010000000000000009
    endloop
  endfacet
  facet normal 0 0 -1
    outer loop
      vertex 8.079250641167164 -3.0902180522680283 0.010000000000000009
      vertex 6.199999995529652 -4.514359354972839 0.010000000000000009
      vertex 7.911473669111729 -2.75 0.010000000000000009
    endloop
  endfacet
  facet normal -0.9978589241111738 0.06540311591729081 0
    outer loop
      vertex 8.299999997019768 -4.200000002980232 0
      vertex 8.275190100073814 -4.578525960445404 0.010000000000000009
      vertex 8.299999997019768 -4.200000002980232 0.010000000000000009
    endloop
  endfacet
  facet normal -0.9807852766594534 -0.19509034083736565 -1.567347920778831e-14
    outer loop
      vertex 8.275190100073814 -3.8214740455150604 0.010000000000000009
      vertex 8.201184891164303 -3.449424773454666 0
      vertex 8.274457375233126 -3.8177903893560465 0
    endloop
  endfacet
  facet normal 0 0 -1
    outer loop
      vertex 6.509781949222088 -1.5207493603229523 0.010000000000000009
      vertex 5.6088419035077095 -4.313688226044178 0.010000000000000009
      vertex 6.15057522803545 -1.3988151103258133 0.010000000000000009
    endloop
  endfacet
  facet normal 0 0 -1
    outer loop
      vertex 5.8141104727983475 -4.354518681764603 0.010000000000000009
      vertex 6.509781949222088 -1.5207493603229523 0.010000000000000009
      vertex 6.850000001490116 -1.6885263323783875 0.010000000000000009
    endloop
  endfacet
  facet normal 0 0 -1
    outer loop
      vertex 7.16540814191103 -1.899275317788124 0.010000000000000009
      vertex 5.8141104727983475 -4.354518681764603 0.010000000000000009
      vertex 6.850000001490116 -1.6885263323783875 0.010000000000000009
    endloop
  endfacet
  facet normal 0 0 -1
    outer loop
      vertex 7.450609661638737 -2.1493903398513794 0.010000000000000009
      vertex 6.012293487787247 -4.421792753040791 0.010000000000000009
      vertex 7.16540814191103 -1.899275317788124 0.010000000000000009
    endloop
  endfacet
  facet normal -0.5555702398623978 -0.8314696077303353 0
    outer loop
      vertex 7.16540814191103 -1.899275317788124 0.010000000000000009
      vertex 6.850000001490116 -1.6885263323783875 0
      vertex 7.16540814191103 -1.899275317788124 0
    endloop
  endfacet
  facet normal -0.19509034083736526 -0.9807852766594535 0
    outer loop
      vertex 5.778525955975056 -1.3248099014163017 0
      vertex 6.15057522803545 -1.3988151103258133 0
      vertex 6.15057522803545 -1.3988151103258133 0.010000000000000009
    endloop
  endfacet
  facet normal -0.8314696077303353 -0.5555702398623978 0
    outer loop
      vertex 7.700724683701992 -2.4345918595790863 0
      vertex 7.911473669111729 -2.75 0
      vertex 7.911473669111729 -2.75 0.010000000000000009
    endloop
  endfacet
  facet normal -0.8314696107167417 -0.5555702353929249 0
    outer loop
      vertex -15.062177829444408 -13 -1
      vertex -14.553473383188248 -13.761330001056194 -1
      vertex -14.553473383188248 -13.761330001056194 0
    endloop
  endfacet
  facet normal -0.8314696107167417 -0.5555702353929249 0
    outer loop
      vertex -15.062177829444408 -13 -1
      vertex -14.553473383188248 -13.761330001056194 0
      vertex -15.062177829444408 -13 0
    endloop
  endfacet
  facet normal -0.9469301303169256 -0.32143946288215797 0
    outer loop
      vertex -15.46715673059225 -12.178784027695656 -1
      vertex -15.46715673059225 -12.178784027695656 0
      vertex -15.761480785906315 -11.311733312904835 -1
    endloop
  endfacet
  facet normal -0.8968727412631791 -0.4422886907655121 0
    outer loop
      vertex -15.062177829444408 -13 -1
      vertex -15.062177829444408 -13 0
      vertex -15.46715673059225 -12.178784027695656 -1
    endloop
  endfacet
  facet normal -0.8968727412631791 -0.4422886907655121 0
    outer loop
      vertex -15.46715673059225 -12.178784027695656 -1
      vertex -15.062177829444408 -13 0
      vertex -15.46715673059225 -12.178784027695656 0
    endloop
  endfacet
  facet normal -0.6593458179165815 -0.7518398050089622 0
    outer loop
      vertex -13.261330001056194 -15.053473383188248 -1
      vertex -13.261330001056194 -15.053473383188248 0
      vertex -13.9497474655509 -14.4497474655509 -1
    endloop
  endfacet
  facet normal -0.5555702353929249 -0.8314696107167417 0
    outer loop
      vertex -13.261330001056194 -15.053473383188248 -1
      vertex -12.5 -15.562177829444408 -1
      vertex -12.5 -15.562177829444408 0
    endloop
  endfacet
  facet normal -0.4422886907655121 -0.8968727412631791 0
    outer loop
      vertex -12.5 -15.562177829444408 -1
      vertex -11.678784027695656 -15.96715673059225 -1
      vertex -11.678784027695656 -15.96715673059225 0
    endloop
  endfacet
  facet normal -0.5555702353929249 -0.8314696107167417 0
    outer loop
      vertex -13.261330001056194 -15.053473383188248 -1
      vertex -12.5 -15.562177829444408 0
      vertex -13.261330001056194 -15.053473383188248 0
    endloop
  endfacet
  facet normal -0.4422886907655121 -0.8968727412631791 0
    outer loop
      vertex -12.5 -15.562177829444408 -1
      vertex -11.678784027695656 -15.96715673059225 0
      vertex -12.5 -15.562177829444408 0
    endloop
  endfacet
  facet normal -0.7518398050089622 -0.6593458179165815 0
    outer loop
      vertex -14.553473383188248 -13.761330001056194 -1
      vertex -13.9497474655509 -14.4497474655509 -1
      vertex -13.9497474655509 -14.4497474655509 0
    endloop
  endfacet
  facet normal -0.7518398050089622 -0.6593458179165815 0
    outer loop
      vertex -14.553473383188248 -13.761330001056194 -1
      vertex -13.9497474655509 -14.4497474655509 0
      vertex -14.553473383188248 -13.761330001056194 0
    endloop
  endfacet
  facet normal -0.6593458179165815 -0.7518398050089622 0
    outer loop
      vertex -13.9497474655509 -14.4497474655509 -1
      vertex -13.261330001056194 -15.053473383188248 0
      vertex -13.9497474655509 -14.4497474655509 0
    endloop
  endfacet
  facet normal 0 0 -1
    outer loop
      vertex -15.062177829444408 -13 -1
      vertex -15.46715673059225 -12.178784027695656 -1
      vertex -6.2926084622740746 -10.299999997019768 -1
    endloop
  endfacet
  facet normal 0 0 -1
    outer loop
      vertex -15.062177829444408 -13 -1
      vertex -6.2926084622740746 -10.299999997019768 -1
      vertex -14.553473383188248 -13.761330001056194 -1
    endloop
  endfacet
  facet normal -0.9807852807830233 -0.19509032010678037 0
    outer loop
      vertex -15.761480785906315 -11.311733312904835 -1
      vertex -15.761480785906315 -11.311733312904835 0
      vertex -15.94011402875185 -10.413683347404003 -1
    endloop
  endfacet
  facet normal -0.9469301303169256 -0.32143946288215797 0
    outer loop
      vertex -15.761480785906315 -11.311733312904835 -1
      vertex -15.46715673059225 -12.178784027695656 0
      vertex -15.761480785906315 -11.311733312904835 0
    endloop
  endfacet
  facet normal -0.9807852807830233 -0.19509032010678037 0
    outer loop
      vertex -15.94011402875185 -10.413683347404003 -1
      vertex -15.761480785906315 -11.311733312904835 0
      vertex -15.94011402875185 -10.413683347404003 0
    endloop
  endfacet
  facet normal -0.997858923185669 -0.06540313003776756 0
    outer loop
      vertex -15.94011402875185 -10.413683347404003 -1
      vertex -15.94011402875185 -10.413683347404003 0
      vertex -16 -9.5 -1
    endloop
  endfacet
  facet normal -0.997858923185669 0.06540313003776756 0
    outer loop
      vertex -16 -9.5 -1
      vertex -16 -9.5 0
      vertex -15.94011402875185 -8.586316652595997 -1
    endloop
  endfacet
  facet normal -0.997858923185669 -0.06540313003776756 0
    outer loop
      vertex -16 -9.5 -1
      vertex -15.94011402875185 -10.413683347404003 0
      vertex -16 -9.5 0
    endloop
  endfacet
  facet normal -0.997858923185669 0.06540313003776756 0
    outer loop
      vertex -15.94011402875185 -8.586316652595997 -1
      vertex -16 -9.5 0
      vertex -15.94011402875185 -8.586316652595997 0
    endloop
  endfacet
  facet normal -0.9807852807830233 0.19509032010678037 0
    outer loop
      vertex -15.94011402875185 -8.586316652595997 -1
      vertex -15.94011402875185 -8.586316652595997 0
      vertex -15.761480785906315 -7.688266687095165 -1
    endloop
  endfacet
  facet normal -0.9469301303169256 0.32143946288215797 0
    outer loop
      vertex -15.761480785906315 -7.688266687095165 -1
      vertex -15.761480785906315 -7.688266687095165 0
      vertex -15.46715673059225 -6.821215972304344 -1
    endloop
  endfacet
  facet normal -0.9807852807830233 0.19509032010678037 0
    outer loop
      vertex -15.761480785906315 -7.688266687095165 -1
      vertex -15.94011402875185 -8.586316652595997 0
      vertex -15.761480785906315 -7.688266687095165 0
    endloop
  endfacet
  facet normal -0.8968727412631791 0.4422886907655121 0
    outer loop
      vertex -15.46715673059225 -6.821215972304344 -1
      vertex -15.46715673059225 -6.821215972304344 0
      vertex -15.062177829444408 -6 -1
    endloop
  endfacet
  facet normal -0.9469301303169256 0.32143946288215797 0
    outer loop
      vertex -15.46715673059225 -6.821215972304344 -1
      vertex -15.761480785906315 -7.688266687095165 0
      vertex -15.46715673059225 -6.821215972304344 0
    endloop
  endfacet
  facet normal -0.8968727412631791 0.4422886907655121 0
    outer loop
      vertex -15.062177829444408 -6 -1
      vertex -15.46715673059225 -6.821215972304344 0
      vertex -15.062177829444408 -6 0
    endloop
  endfacet
  facet normal 0 0 -1
    outer loop
      vertex -15.46715673059225 -12.178784027695656 -1
      vertex -15.761480785906315 -11.311733312904835 -1
      vertex -6.2926084622740746 -10.299999997019768 -1
    endloop
  endfacet
  facet normal 0 0 -1
    outer loop
      vertex -15.761480785906315 -11.311733312904835 -1
      vertex -15.94011402875185 -10.413683347404003 -1
      vertex -6.2926084622740746 -10.299999997019768 -1
    endloop
  endfacet
  facet normal 0 0 -1
    outer loop
      vertex -15.94011402875185 -10.413683347404003 -1
      vertex -16 -9.5 -1
      vertex -6.2926084622740746 -10.299999997019768 -1
    endloop
  endfacet
  facet normal 0 0 -1
    outer loop
      vertex -16 -9.5 -1
      vertex -15.94011402875185 -8.586316652595997 -1
      vertex -6.2926084622740746 -10.299999997019768 -1
    endloop
  endfacet
  facet normal 0 0 -1
    outer loop
      vertex -15.94011402875185 -8.586316652595997 -1
      vertex -15.761480785906315 -7.688266687095165 -1
      vertex -6.2926084622740746 -10.299999997019768 -1
    endloop
  endfacet
  facet normal 0 0 -1
    outer loop
      vertex -15.761480785906315 -7.688266687095165 -1
      vertex -15.46715673059225 -6.821215972304344 -1
      vertex -6.2926084622740746 -10.299999997019768 -1
    endloop
  endfacet
  facet normal 0 0 -1
    outer loop
      vertex -15.46715673059225 -6.821215972304344 -1
      vertex -15.062177829444408 -6 -1
      vertex -6.2926084622740746 -10.299999997019768 -1
    endloop
  endfacet
  facet normal 0 0 -1
    outer loop
      vertex -15.062177829444408 -6 -1
      vertex -14.553473383188248 -5.238669998943806 -1
      vertex -6.2926084622740746 -10.299999997019768 -1
    endloop
  endfacet
  facet normal -0.8314696107167417 0.5555702353929249 0
    outer loop
      vertex -15.062177829444408 -6 -1
      vertex -15.062177829444408 -6 0
      vertex -14.553473383188248 -5.238669998943806 -1
    endloop
  endfacet
  facet normal -0.8314696107167417 0.5555702353929249 0
    outer loop
      vertex -14.553473383188248 -5.238669998943806 -1
      vertex -15.062177829444408 -6 0
      vertex -14.553473383188248 -5.238669998943806 0
    endloop
  endfacet
  facet normal -0.7518398050089622 0.6593458179165815 0
    outer loop
      vertex -14.553473383188248 -5.238669998943806 -1
      vertex -14.553473383188248 -5.238669998943806 0
      vertex -13.9497474655509 -4.5502525344491005 -1
    endloop
  endfacet
  facet normal -0.7518398050089622 0.6593458179165815 0
    outer loop
      vertex -13.9497474655509 -4.5502525344491005 -1
      vertex -14.553473383188248 -5.238669998943806 0
      vertex -13.9497474655509 -4.5502525344491005 0
    endloop
  endfacet
  facet normal -0.6593458179165815 0.7518398050089622 0
    outer loop
      vertex -13.9497474655509 -4.5502525344491005 -1
      vertex -13.9497474655509 -4.5502525344491005 0
      vertex -13.261330001056194 -3.9465266168117523 -1
    endloop
  endfacet
  facet normal -0.6593458179165815 0.7518398050089622 0
    outer loop
      vertex -13.261330001056194 -3.9465266168117523 -1
      vertex -13.9497474655509 -4.5502525344491005 0
      vertex -13.261330001056194 -3.9465266168117523 0
    endloop
  endfacet
  facet normal -0.5555702353929249 0.8314696107167417 0
    outer loop
      vertex -13.261330001056194 -3.9465266168117523 -1
      vertex -13.261330001056194 -3.9465266168117523 0
      vertex -12.5 -3.4378221705555916 -1
    endloop
  endfacet
  facet normal -0.4422886907655121 0.8968727412631791 0
    outer loop
      vertex -12.5 -3.4378221705555916 -1
      vertex -12.5 -3.4378221705555916 0
      vertex -11.678784027695656 -3.032843269407749 -1
    endloop
  endfacet
  facet normal -0.5555702353929249 0.8314696107167417 0
    outer loop
      vertex -12.5 -3.4378221705555916 -1
      vertex -13.261330001056194 -3.9465266168117523 0
      vertex -12.5 -3.4378221705555916 0
    endloop
  endfacet
  facet normal -0.4422886907655121 0.8968727412631791 0
    outer loop
      vertex -11.678784027695656 -3.032843269407749 -1
      vertex -12.5 -3.4378221705555916 0
      vertex -11.678784027695656 -3.032843269407749 0
    endloop
  endfacet
  facet normal -0.32143946288215797 -0.9469301303169256 0
    outer loop
      vertex -11.678784027695656 -15.96715673059225 -1
      vertex -10.811733312904835 -16.261480785906315 -1
      vertex -10.811733312904835 -16.261480785906315 0
    endloop
  endfacet
  facet normal -0.19509032010678037 -0.9807852807830233 0
    outer loop
      vertex -10.811733312904835 -16.261480785906315 -1
      vertex -9.913683347404003 -16.44011402875185 0
      vertex -10.811733312904835 -16.261480785906315 0
    endloop
  endfacet
  facet normal -0.32143946288215797 -0.9469301303169256 0
    outer loop
      vertex -11.678784027695656 -15.96715673059225 -1
      vertex -10.811733312904835 -16.261480785906315 0
      vertex -11.678784027695656 -15.96715673059225 0
    endloop
  endfacet
  facet normal -0.19509032010678037 -0.9807852807830233 0
    outer loop
      vertex -10.811733312904835 -16.261480785906315 -1
      vertex -9.913683347404003 -16.44011402875185 -1
      vertex -9.913683347404003 -16.44011402875185 0
    endloop
  endfacet
  facet normal -0.06540313003776756 -0.997858923185669 0
    outer loop
      vertex -9.913683347404003 -16.44011402875185 -1
      vertex -9 -16.5 -1
      vertex -9 -16.5 0
    endloop
  endfacet
  facet normal -0.06540313003776756 -0.997858923185669 0
    outer loop
      vertex -9.913683347404003 -16.44011402875185 -1
      vertex -9 -16.5 0
      vertex -9.913683347404003 -16.44011402875185 0
    endloop
  endfacet
  facet normal 0 0 -1
    outer loop
      vertex -10.811733312904835 -16.261480785906315 -1
      vertex -5.912829011678696 -11.649173967540264 -1
      vertex -9.913683347404003 -16.44011402875185 -1
    endloop
  endfacet
  facet normal 0 0 -1
    outer loop
      vertex -13.261330001056194 -15.053473383188248 -1
      vertex -13.9497474655509 -14.4497474655509 -1
      vertex -6.181925289332867 -10.856441885232925 -1
    endloop
  endfacet
  facet normal 0 0 -1
    outer loop
      vertex -13.261330001056194 -15.053473383188248 -1
      vertex -6.181925289332867 -10.856441885232925 -1
      vertex -12.5 -15.562177829444408 -1
    endloop
  endfacet
  facet normal 0 0 -1
    outer loop
      vertex -14.553473383188248 -13.761330001056194 -1
      vertex -6.2926084622740746 -10.299999997019768 -1
      vertex -13.9497474655509 -14.4497474655509 -1
    endloop
  endfacet
  facet normal 0 0 -1
    outer loop
      vertex -12.5 -15.562177829444408 -1
      vertex -6.181925289332867 -10.856441885232925 -1
      vertex -11.678784027695656 -15.96715673059225 -1
    endloop
  endfacet
  facet normal 0 0 -1
    outer loop
      vertex -11.678784027695656 -15.96715673059225 -1
      vertex -6.181925289332867 -10.856441885232925 -1
      vertex -10.811733312904835 -16.261480785906315 -1
    endloop
  endfacet
  facet normal 0 0 -1
    outer loop
      vertex -9.913683347404003 -16.44011402875185 -1
      vertex -5.912829011678696 -11.649173967540264 -1
      vertex -9 -16.5 -1
    endloop
  endfacet
  facet normal 0 0 -1
    outer loop
      vertex -13.9497474655509 -14.4497474655509 -1
      vertex -6.2926084622740746 -10.299999997019768 -1
      vertex -6.181925289332867 -10.856441885232925 -1
    endloop
  endfacet
  facet normal 0 0 -1
    outer loop
      vertex -10.811733312904835 -16.261480785906315 -1
      vertex -6.181925289332867 -10.856441885232925 -1
      vertex -5.912829011678696 -11.649173967540264 -1
    endloop
  endfacet
  facet normal 0 0 -1
    outer loop
      vertex -9 -16.5 -1
      vertex -5.912829011678696 -11.649173967540264 -1
      vertex -5.542562581598759 -12.399999998509884 -1
    endloop
  endfacet
  facet normal 0 0 -1
    outer loop
      vertex -9 -16.5 -1
      vertex -5.542562581598759 -12.399999998509884 -1
      vertex -5.077461376786232 -13.096073143184185 -1
    endloop
  endfacet
  facet normal 0 0 -1
    outer loop
      vertex -9 -16.5 -1
      vertex -5.077461376786232 -13.096073143184185 -1
      vertex -4.525483399629593 -13.725483402609825 -1
    endloop
  endfacet
  facet normal 0 0 -1
    outer loop
      vertex -9 -16.5 -1
      vertex -4.525483399629593 -13.725483402609825 -1
      vertex -3.8960731476545334 -14.277461379766464 -1
    endloop
  endfacet
  facet normal 0 0 -1
    outer loop
      vertex -9 -16.5 -1
      vertex -3.8960731476545334 -14.277461379766464 -1
      vertex -3.2000000029802322 -14.742562584578991 -1
    endloop
  endfacet
  facet normal 0 0 -1
    outer loop
      vertex -9 -16.5 -1
      vertex -3.2000000029802322 -14.742562584578991 -1
      vertex -2.449173964560032 -15.112829007208347 -1
    endloop
  endfacet
  facet normal 0 -1 0
    outer loop
      vertex -9 -16.5 -1
      vertex 9 -16.5 0
      vertex -9 -16.5 0
    endloop
  endfacet
  facet normal 0 0 -1
    outer loop
      vertex -9 -16.5 -1
      vertex -2.449173964560032 -15.112829007208347 -1
      vertex -1.6564418897032738 -15.381925284862518 -1
    endloop
  endfacet
  facet normal 0 0 -1
    outer loop
      vertex -9 -16.5 -1
      vertex -1.6564418897032738 -15.381925284862518 -1
      vertex -0.8353676274418831 -15.545247115194798 -1
    endloop
  endfacet
  facet normal 0 0 -1
    outer loop
      vertex -9 -16.5 -1
      vertex -0.8353676274418831 -15.545247115194798 -1
      vertex 0 -15.600000001490116 -1
    endloop
  endfacet
  facet normal 0.44228868641139546 0.8968727434103917 0
    outer loop
      vertex -3.2000000029802322 -14.742562584578991 -1
      vertex -3.2000000029802322 -14.742562584578991 0.010000000000000009
      vertex -2.449173964560032 -15.112829007208347 -1
    endloop
  endfacet
  facet normal 0.7518398109879337 0.659345811098871 0
    outer loop
      vertex -5.077461376786232 -13.096073143184185 -1
      vertex -5.077461376786232 -13.096073143184185 0.010000000000000009
      vertex -4.525483399629593 -13.725483402609825 -1
    endloop
  endfacet
  facet normal 0.7518398109879337 0.659345811098871 0
    outer loop
      vertex -4.525483399629593 -13.725483402609825 -1
      vertex -5.077461376786232 -13.096073143184185 0.010000000000000009
      vertex -4.525483399629593 -13.725483402609825 0
    endloop
  endfacet
  facet normal 0.8314696127926214 0.5555702322861513 0
    outer loop
      vertex -5.077461376786232 -13.096073143184185 -1
      vertex -5.542562581598759 -12.399999998509884 -1
      vertex -5.542562581598759 -12.399999998509884 0.010000000000000009
    endloop
  endfacet
  facet normal 0.8968727381390594 0.44228869710059976 0
    outer loop
      vertex -5.542562581598759 -12.399999998509884 -1
      vertex -5.912829011678696 -11.649173967540264 -1
      vertex -5.912829011678696 -11.649173967540264 0.010000000000000009
    endloop
  endfacet
  facet normal 0.8314696127926214 0.5555702322861513 0
    outer loop
      vertex -5.077461376786232 -13.096073143184185 -1
      vertex -5.542562581598759 -12.399999998509884 0.010000000000000009
      vertex -5.077461376786232 -13.096073143184185 0.010000000000000009
    endloop
  endfacet
  facet normal 0.8968727381390594 0.44228869710059976 0
    outer loop
      vertex -5.542562581598759 -12.399999998509884 -1
      vertex -5.912829011678696 -11.649173967540264 0.010000000000000009
      vertex -5.542562581598759 -12.399999998509884 0.010000000000000009
    endloop
  endfacet
  facet normal 0.6593458155107155 0.75183980711885 0
    outer loop
      vertex -4.525483399629593 -13.725483402609825 -1
      vertex -4.525483399629593 -13.725483402609825 0
      vertex -3.8960731476545334 -14.277461379766464 -1
    endloop
  endfacet
  facet normal 0.5555702322861513 0.8314696127926215 0
    outer loop
      vertex -3.2000000029802322 -14.742562584578991 -1
      vertex -3.8960731476545334 -14.277461379766464 -1
      vertex -3.8960731476545334 -14.277461379766464 0
    endloop
  endfacet
  facet normal 0.6593458155107155 0.75183980711885 0
    outer loop
      vertex -3.8960731476545334 -14.277461379766464 -1
      vertex -4.525483399629593 -13.725483402609825 0
      vertex -3.8960731476545334 -14.277461379766464 0
    endloop
  endfacet
  facet normal 0.5555702322861507 0.8314696127926218 0
    outer loop
      vertex -3.2000000029802322 -14.742562584578991 -1
      vertex -3.8960731476545334 -14.277461379766464 0
      vertex -3.8960731476545334 -14.277461379766464 0.010000000000000009
    endloop
  endfacet
  facet normal 0.5555702322861513 0.8314696127926214 0
    outer loop
      vertex -3.2000000029802322 -14.742562584578991 -1
      vertex -3.8960731476545334 -14.277461379766464 0.010000000000000009
      vertex -3.2000000029802322 -14.742562584578991 0.010000000000000009
    endloop
  endfacet
  facet normal -0.5555702322861513 -0.8314696127926214 0
    outer loop
      vertex -3.8960731476545334 -11.677461378276348 -1
      vertex -3.2000000029802322 -12.142562583088875 -1
      vertex -3.2000000029802322 -12.142562583088875 0.010000000000000009
    endloop
  endfacet
  facet normal -0.5555702322861513 -0.8314696127926215 0
    outer loop
      vertex -3.8960731476545334 -11.677461378276348 -1
      vertex -3.2000000029802322 -12.142562583088875 0.010000000000000009
      vertex -3.8960731476545334 -11.677461378276348 0
    endloop
  endfacet
  facet normal -0.44228868641139546 -0.8968727434103917 0
    outer loop
      vertex -3.2000000029802322 -12.142562583088875 -1
      vertex -2.449173964560032 -12.512829005718231 0.010000000000000009
      vertex -3.2000000029802322 -12.142562583088875 0.010000000000000009
    endloop
  endfacet
  facet normal 0.7518398109879337 0.6593458110988711 0
    outer loop
      vertex -4.525483399629593 -13.725483402609825 0.010000000000000009
      vertex -4.525483399629593 -13.725483402609825 0
      vertex -5.077461376786232 -13.096073143184185 0.010000000000000009
    endloop
  endfacet
  facet normal 0.6593458155107156 0.75183980711885 0
    outer loop
      vertex -3.8960731476545334 -14.277461379766464 0.010000000000000009
      vertex -3.8960731476545334 -14.277461379766464 0
      vertex -4.525483399629593 -13.725483402609825 0.010000000000000009
    endloop
  endfacet
  facet normal -0.5555702322861513 -0.8314696127926214 0
    outer loop
      vertex -3.8960731476545334 -11.677461378276348 0.010000000000000009
      vertex -3.8960731476545334 -11.677461378276348 0
      vertex -3.2000000029802322 -12.142562583088875 0.010000000000000009
    endloop
  endfacet
  facet normal 0 0 -1
    outer loop
      vertex -9 -16.5 -1
      vertex 0 -15.600000001490116 -1
      vertex 0.8353676274418831 -15.545247115194798 -1
    endloop
  endfacet
  facet normal 0.3214394639176422 0.9469301299654262 0
    outer loop
      vertex -2.449173964560032 -15.112829007208347 -1
      vertex -2.449173964560032 -15.112829007208347 0.010000000000000009
      vertex -1.6564418897032738 -15.381925284862518 -1
    endloop
  endfacet
  facet normal 0.44228868641139546 0.8968727434103917 0
    outer loop
      vertex -2.449173964560032 -15.112829007208347 -1
      vertex -3.2000000029802322 -14.742562584578991 0.010000000000000009
      vertex -2.449173964560032 -15.112829007208347 0.010000000000000009
    endloop
  endfacet
  facet normal 0.3214394639176422 0.9469301299654262 0
    outer loop
      vertex -1.6564418897032738 -15.381925284862518 -1
      vertex -2.449173964560032 -15.112829007208347 0.010000000000000009
      vertex -1.6564418897032738 -15.381925284862518 0.010000000000000009
    endloop
  endfacet
  facet normal 0.19509032779741828 0.9807852792532604 0
    outer loop
      vertex -1.6564418897032738 -15.381925284862518 -1
      vertex -1.6564418897032738 -15.381925284862518 0.010000000000000009
      vertex -0.8353676274418831 -15.545247115194798 -1
    endloop
  endfacet
  facet normal 0.06540312836072096 0.9978589232955885 0
    outer loop
      vertex -0.8353676274418831 -15.545247115194798 -1
      vertex -0.8353676274418831 -15.545247115194798 0
      vertex 0 -15.600000001490116 -1
    endloop
  endfacet
  facet normal 0.19509032779741825 0.9807852792532604 0
    outer loop
      vertex -0.8353676274418831 -15.545247115194798 -1
      vertex -1.6564418897032738 -15.381925284862518 0.010000000000000009
      vertex -0.8353676274418831 -15.545247115194798 0
    endloop
  endfacet
  facet normal 0.06540312836072096 0.9978589232955885 0
    outer loop
      vertex 0 -15.600000001490116 -1
      vertex -0.8353676274418831 -15.545247115194798 0
      vertex 0 -15.600000001490116 0
    endloop
  endfacet
  facet normal 0.19509032779741822 0.9807852792532603 0
    outer loop
      vertex -0.8353676274418831 -15.545247115194798 0.010000000000000009
      vertex -0.8353676274418831 -15.545247115194798 0
      vertex -1.6564418897032738 -15.381925284862518 0.010000000000000009
    endloop
  endfacet
  facet normal 0.06540312836072096 0.9978589232955883 0
    outer loop
      vertex 0 -15.600000001490116 0
      vertex -0.8353676274418831 -15.545247115194798 0.010000000000000009
      vertex 0 -15.600000001490116 0.010000000000000009
    endloop
  endfacet
  facet normal -0.44228868641139546 -0.8968727434103917 0
    outer loop
      vertex -3.2000000029802322 -12.142562583088875 -1
      vertex -2.449173964560032 -12.512829005718231 -1
      vertex -2.449173964560032 -12.512829005718231 0.010000000000000009
    endloop
  endfacet
  facet normal -0.3214394718979105 -0.9469301272564902 0
    outer loop
      vertex -1.6564418897032738 -12.781925290822983 -1
      vertex -1.6564418897032738 -12.781925290822983 0.010000000000000009
      vertex -2.449173964560032 -12.512829005718231 -1
    endloop
  endfacet
  facet normal -0.3214394718979105 -0.9469301272564902 0
    outer loop
      vertex -2.449173964560032 -12.512829005718231 -1
      vertex -1.6564418897032738 -12.781925290822983 0.010000000000000009
      vertex -2.449173964560032 -12.512829005718231 0.010000000000000009
    endloop
  endfacet
  facet normal -0.1950903192363197 -0.9807852809561688 0
    outer loop
      vertex -1.6564418897032738 -12.781925290822983 -1
      vertex -0.8353676274418831 -12.945247113704681 -1
      vertex -0.8353676274418831 -12.945247113704681 0
    endloop
  endfacet
  facet normal -0.06540312836072096 -0.9978589232955885 0
    outer loop
      vertex -0.8353676274418831 -12.945247113704681 -1
      vertex 0 -13 -1
      vertex 0 -13 0
    endloop
  endfacet
  facet normal -0.1950903192363201 -0.9807852809561687 0
    outer loop
      vertex -1.6564418897032738 -12.781925290822983 -1
      vertex -0.8353676274418831 -12.945247113704681 0
      vertex -0.8353676274418831 -12.945247113704681 0.010000000000000009
    endloop
  endfacet
  facet normal -0.1950903192363197 -0.9807852809561687 0
    outer loop
      vertex -1.6564418897032738 -12.781925290822983 -1
      vertex -0.8353676274418831 -12.945247113704681 0.010000000000000009
      vertex -1.6564418897032738 -12.781925290822983 0.010000000000000009
    endloop
  endfacet
  facet normal -0.06540312836072096 -0.9978589232955885 0
    outer loop
      vertex -0.8353676274418831 -12.945247113704681 -1
      vertex 0 -13 0
      vertex -0.8353676274418831 -12.945247113704681 0
    endloop
  endfacet
  facet normal -0.06540312836072096 -0.9978589232955883 0
    outer loop
      vertex -0.8353676274418831 -12.945247113704681 0.010000000000000009
      vertex -0.8353676274418831 -12.945247113704681 0
      vertex 0 -13 0.010000000000000009
    endloop
  endfacet
  facet normal 0 0 -1
    outer loop
      vertex -14.553473383188248 -5.238669998943806 -1
      vertex -13.9497474655509 -4.5502525344491005 -1
      vertex -6.2926084622740746 -10.299999997019768 -1
    endloop
  endfacet
  facet normal 0 0 -1
    outer loop
      vertex -13.9497474655509 -4.5502525344491005 -1
      vertex -13.261330001056194 -3.9465266168117523 -1
      vertex -6.2926084622740746 -10.299999997019768 -1
    endloop
  endfacet
  facet normal 0 0 -1
    outer loop
      vertex -13.261330001056194 -3.9465266168117523 -1
      vertex -12.5 -3.4378221705555916 -1
      vertex -6.2926084622740746 -10.299999997019768 -1
    endloop
  endfacet
  facet normal 0.9469301308849859 0.3214394612087062 0
    outer loop
      vertex -6.181925289332867 -10.856441885232925 -1
      vertex -6.181925289332867 -10.856441885232925 0.010000000000000009
      vertex -5.912829011678696 -11.649173967540264 -1
    endloop
  endfacet
  facet normal 0.980785280522107 0.1950903214184955 0
    outer loop
      vertex -6.181925289332867 -10.856441885232925 -1
      vertex -6.2926084622740746 -10.299999997019768 -1
      vertex -6.2926084622740746 -10.299999997019768 0.010000000000000009
    endloop
  endfacet
  facet normal 0.9469301308849859 0.3214394612087062 0
    outer loop
      vertex -5.912829011678696 -11.649173967540264 -1
      vertex -6.181925289332867 -10.856441885232925 0.010000000000000009
      vertex -5.912829011678696 -11.649173967540264 0.010000000000000009
    endloop
  endfacet
  facet normal 0.980785280522107 0.1950903214184955 0
    outer loop
      vertex -6.181925289332867 -10.856441885232925 -1
      vertex -6.2926084622740746 -10.299999997019768 0.010000000000000009
      vertex -6.181925289332867 -10.856441885232925 0.010000000000000009
    endloop
  endfacet
  facet normal 0 -1 0
    outer loop
      vertex -6.2926084622740746 -10.299999997019768 -1
      vertex -5.208473265171051 -10.299999997019768 0.010000000000000009
      vertex -6.2926084622740746 -10.299999997019768 0.010000000000000009
    endloop
  endfacet
  facet normal 0.6593458181582503 0.7518398047970242 0
    outer loop
      vertex -7.450609661638737 -6.250609666109085 -1
      vertex -7.450609661638737 -6.250609666109085 0.010000000000000009
      vertex -7.16540814191103 -6.50072468817234 -1
    endloop
  endfacet
  facet normal 0.7518398047970242 0.6593458181582503 0
    outer loop
      vertex -7.700724683701992 -5.965408146381378 -1
      vertex -7.700724683701992 -5.965408146381378 0.010000000000000009
      vertex -7.450609661638737 -6.250609666109085 -1
    endloop
  endfacet
  facet normal 0.7518398047970242 0.6593458181582503 0
    outer loop
      vertex -7.450609661638737 -6.250609666109085 -1
      vertex -7.700724683701992 -5.965408146381378 0.010000000000000009
      vertex -7.450609661638737 -6.250609666109085 0.010000000000000009
    endloop
  endfacet
  facet normal 0 0 -1
    outer loop
      vertex -6.2926084622740746 -10.299999997019768 -1
      vertex -7.700724683701992 -5.965408146381378 -1
      vertex -7.450609661638737 -6.250609666109085 -1
    endloop
  endfacet
  facet normal 0 0 -1
    outer loop
      vertex -6.2926084622740746 -10.299999997019768 -1
      vertex -6.850000001490116 -6.711473673582077 -1
      vertex -6.742577463388443 -6.764448598027229 -1
    endloop
  endfacet
  facet normal 0 0 -1
    outer loop
      vertex -6.2926084622740746 -10.299999997019768 -1
      vertex -7.16540814191103 -6.50072468817234 -1
      vertex -6.850000001490116 -6.711473673582077 -1
    endloop
  endfacet
  facet normal 0 0 -1
    outer loop
      vertex -6.2926084622740746 -10.299999997019768 -1
      vertex -7.450609661638737 -6.250609666109085 -1
      vertex -7.16540814191103 -6.50072468817234 -1
    endloop
  endfacet
  facet normal 0 0 -1
    outer loop
      vertex -6.2926084622740746 -10.299999997019768 -1
      vertex -7.911473669111729 -5.6500000059604645 -1
      vertex -7.700724683701992 -5.965408146381378 -1
    endloop
  endfacet
  facet normal 0.4422886306340888 0.8968727709167129 0
    outer loop
      vertex -6.850000001490116 -6.711473673582077 -1
      vertex -6.850000001490116 -6.711473673582077 0
      vertex -6.742577463388443 -6.764448598027229 -1
    endloop
  endfacet
  facet normal -0.8968727346087052 -0.44228870425944977 -2.1294793285758435e-16
    outer loop
      vertex -6.785640642046928 -6.700000002980232 -1
      vertex -6.786557143129925 -6.698141522705555 0
      vertex -6.878207251429558 -6.512293495237827 -1
    endloop
  endfacet
  facet normal -0.8314695872473037 -0.5555702705174191 0
    outer loop
      vertex -6.785640642046928 -6.700000002980232 -1
      vertex -6.742577463388443 -6.764448598027229 -1
      vertex -6.742577463388443 -6.764448598027229 0.010000000000000009
    endloop
  endfacet
  facet normal 0.5555702398623978 0.8314696077303353 0
    outer loop
      vertex -6.850000001490116 -6.711473673582077 -1
      vertex -7.16540814191103 -6.50072468817234 -1
      vertex -7.16540814191103 -6.50072468817234 0
    endloop
  endfacet
  facet normal -0.9978589232575188 -0.0654031289415513 0
    outer loop
      vertex -6.98631177842617 -6.10884191095829 -1
      vertex -6.98631177842617 -6.10884191095829 0
      vertex -7 -5.9000000059604645 -1
    endloop
  endfacet
  facet normal -0.9469301290956099 -0.3214394664800384 0
    outer loop
      vertex -6.878207251429558 -6.512293495237827 -1
      vertex -6.878207251429558 -6.512293495237827 0.010000000000000009
      vertex -6.945481322705746 -6.3141104727983475 -1
    endloop
  endfacet
  facet normal -0.9807852802787097 -0.1950903226421365 0
    outer loop
      vertex -6.945481322705746 -6.3141104727983475 -1
      vertex -6.945481322705746 -6.3141104727983475 0
      vertex -6.98631177842617 -6.10884191095829 -1
    endloop
  endfacet
  facet normal 0 0 -1
    outer loop
      vertex -6.785640642046928 -6.700000002980232 -1
      vertex -6.878207251429558 -6.512293495237827 -1
      vertex -4.057422533631325 -6.764448598027229 -1
    endloop
  endfacet
  facet normal 0 0 -1
    outer loop
      vertex -6.878207251429558 -6.512293495237827 -1
      vertex -6.945481322705746 -6.3141104727983475 -1
      vertex -4.057422533631325 -6.764448598027229 -1
    endloop
  endfacet
  facet normal 0 0 -1
    outer loop
      vertex -6.945481322705746 -6.3141104727983475 -1
      vertex -6.98631177842617 -6.10884191095829 -1
      vertex -4.057422533631325 -6.764448598027229 -1
    endloop
  endfacet
  facet normal 0 0 -1
    outer loop
      vertex -6.98631177842617 -6.10884191095829 -1
      vertex -7 -5.9000000059604645 -1
      vertex -4.057422533631325 -6.764448598027229 -1
    endloop
  endfacet
  facet normal 0 0 -1
    outer loop
      vertex -7 -5.9000000059604645 -1
      vertex -6.98631177842617 -5.691158093512058 -1
      vertex -4.057422533631325 -6.764448598027229 -1
    endloop
  endfacet
  facet normal 0 0 -1
    outer loop
      vertex -6.98631177842617 -5.691158093512058 -1
      vertex -6.945481322705746 -5.485889531672001 -1
      vertex -4.057422533631325 -6.764448598027229 -1
    endloop
  endfacet
  facet normal 0.5555702398623978 0.8314696077303353 0
    outer loop
      vertex -6.850000001490116 -6.711473673582077 -1
      vertex -7.16540814191103 -6.50072468817234 0
      vertex -6.850000001490116 -6.711473673582077 0
    endloop
  endfacet
  facet normal 0.44228863063408946 0.8968727709167125 0
    outer loop
      vertex -6.742577463388443 -6.764448598027229 -1
      vertex -6.850000001490116 -6.711473673582077 0
      vertex -6.850000001490116 -6.711473673582077 0.010000000000000009
    endloop
  endfacet
  facet normal -0.8314695872473037 -0.5555702705174191 0
    outer loop
      vertex -6.785640642046928 -6.700000002980232 -1
      vertex -6.742577463388443 -6.764448598027229 0.010000000000000009
      vertex -6.785640642046928 -6.700000002980232 0
    endloop
  endfacet
  facet normal 0.4422886306340888 0.8968727709167129 0
    outer loop
      vertex -6.742577463388443 -6.764448598027229 -1
      vertex -6.850000001490116 -6.711473673582077 0.010000000000000009
      vertex -6.742577463388443 -6.764448598027229 0.010000000000000009
    endloop
  endfacet
  facet normal -0.8968727346086597 -0.4422887042595419 0
    outer loop
      vertex -6.785640642046928 -6.700000002980232 -1
      vertex -6.785640642046928 -6.700000002980232 0
      vertex -6.786557143129925 -6.698141522705555 0
    endloop
  endfacet
  facet normal 0.6593458181582503 0.7518398047970243 0
    outer loop
      vertex -7.16540814191103 -6.50072468817234 -1
      vertex -7.450609661638737 -6.250609666109085 0.010000000000000009
      vertex -7.16540814191103 -6.50072468817234 0
    endloop
  endfacet
  facet normal -0.9978589232575189 -0.0654031289415513 0
    outer loop
      vertex -7 -5.9000000059604645 -1
      vertex -6.98631177842617 -6.10884191095829 0
      vertex -6.98631177842617 -6.10884191095829 0.010000000000000009
    endloop
  endfacet
  facet normal -0.9978589232575188 -0.06540312894155129 0
    outer loop
      vertex -7 -5.9000000059604645 -1
      vertex -6.98631177842617 -6.10884191095829 0.010000000000000009
      vertex -7 -5.9000000059604645 0.010000000000000009
    endloop
  endfacet
  facet normal -0.8968727346087056 -0.4422887042594489 0
    outer loop
      vertex -6.878207251429558 -6.512293495237827 -1
      vertex -6.786557143129925 -6.698141522705555 0
      vertex -6.878207251429558 -6.512293495237827 0.010000000000000009
    endloop
  endfacet
  facet normal -0.9469301290956099 -0.32143946648003835 0
    outer loop
      vertex -6.945481322705746 -6.3141104727983475 -1
      vertex -6.878207251429558 -6.512293495237827 0.010000000000000009
      vertex -6.945481322705746 -6.3141104727983475 0
    endloop
  endfacet
  facet normal -0.9807852802787097 -0.1950903226421365 0
    outer loop
      vertex -6.98631177842617 -6.10884191095829 -1
      vertex -6.945481322705746 -6.3141104727983475 0
      vertex -6.98631177842617 -6.10884191095829 0
    endloop
  endfacet
  facet normal 0.5555702398623978 0.8314696077303353 0
    outer loop
      vertex -6.850000001490116 -6.711473673582077 0
      vertex -7.16540814191103 -6.50072468817234 0.010000000000000009
      vertex -6.850000001490116 -6.711473673582077 0.010000000000000009
    endloop
  endfacet
  facet normal -0.8968727346087053 -0.44228870425944977 2.1294793285758418e-14
    outer loop
      vertex -6.878207251429558 -6.512293495237827 0.010000000000000009
      vertex -6.786557143129925 -6.698141522705555 0
      vertex -6.785640642046928 -6.700000002980232 0.010000000000000009
    endloop
  endfacet
  facet normal -0.8314695872473038 -0.5555702705174193 0
    outer loop
      vertex -6.785640642046928 -6.700000002980232 0.010000000000000009
      vertex -6.785640642046928 -6.700000002980232 0
      vertex -6.742577463388443 -6.764448598027229 0.010000000000000009
    endloop
  endfacet
  facet normal 0.6593458181582503 0.7518398047970243 0
    outer loop
      vertex -7.16540814191103 -6.50072468817234 0.010000000000000009
      vertex -7.16540814191103 -6.50072468817234 0
      vertex -7.450609661638737 -6.250609666109085 0.010000000000000009
    endloop
  endfacet
  facet normal -0.9469301290956099 -0.32143946648003835 0
    outer loop
      vertex -6.945481322705746 -6.3141104727983475 0.010000000000000009
      vertex -6.945481322705746 -6.3141104727983475 0
      vertex -6.878207251429558 -6.512293495237827 0.010000000000000009
    endloop
  endfacet
  facet normal 0 0 -1
    outer loop
      vertex -12.5 -3.4378221705555916 -1
      vertex -11.678784027695656 -3.032843269407749 -1
      vertex -6.2926084622740746 -10.299999997019768 -1
    endloop
  endfacet
  facet normal 0 0 -1
    outer loop
      vertex -11.678784027695656 -3.032843269407749 -1
      vertex -10.811733312904835 -2.738519214093685 -1
      vertex -6.2926084622740746 -10.299999997019768 -1
    endloop
  endfacet
  facet normal 0 0 -1
    outer loop
      vertex -10.811733312904835 -2.738519214093685 -1
      vertex -10.53005662560463 -2.682490237057209 -1
      vertex -6.2926084622740746 -10.299999997019768 -1
    endloop
  endfacet
  facet normal 0 0 -1
    outer loop
      vertex -10.53005662560463 -2.682490237057209 -1
      vertex -10.609184630215168 -2.4493866562843323 -1
      vertex -6.2926084622740746 -10.299999997019768 -1
    endloop
  endfacet
  facet normal 0 0 -1
    outer loop
      vertex -10.609184630215168 -2.4493866562843323 -1
      vertex -10.752091221511364 -1.7309466749429703 -1
      vertex -6.2926084622740746 -10.299999997019768 -1
    endloop
  endfacet
  facet normal 0 0 -1
    outer loop
      vertex -10.752091221511364 -1.7309466749429703 -1
      vertex -10.799999997019768 -1 -1
      vertex -6.2926084622740746 -10.299999997019768 -1
    endloop
  endfacet
  facet normal 0 0 -1
    outer loop
      vertex -8.079250641167164 -5.309781953692436 -1
      vertex -10.799999997019768 -1 -1
      vertex -8.201184891164303 -4.950575232505798 -1
    endloop
  endfacet
  facet normal 0 0 -1
    outer loop
      vertex -8.079250641167164 -5.309781953692436 -1
      vertex -7.911473669111729 -5.6500000059604645 -1
      vertex -10.799999997019768 -1 -1
    endloop
  endfacet
  facet normal 0 0 -1
    outer loop
      vertex -8.275190100073814 -4.578525960445404 -1
      vertex -8.201184891164303 -4.950575232505798 -1
      vertex -10.799999997019768 -1 -1
    endloop
  endfacet
  facet normal 0 0 -1
    outer loop
      vertex -8.275190100073814 -4.578525960445404 -1
      vertex -10.799999997019768 -1 -1
      vertex -8.299999997019768 -4.200000002980232 -1
    endloop
  endfacet
  facet normal 0 0 -1
    outer loop
      vertex -10.799999997019768 -1 -1
      vertex -8.275190100073814 -3.8214740455150604 -1
      vertex -8.299999997019768 -4.200000002980232 -1
    endloop
  endfacet
  facet normal -0.32143946288215797 0.9469301303169256 0
    outer loop
      vertex -11.678784027695656 -3.032843269407749 -1
      vertex -11.678784027695656 -3.032843269407749 0
      vertex -10.811733312904835 -2.738519214093685 -1
    endloop
  endfacet
  facet normal -0.19509032312121463 0.980785280183415 0
    outer loop
      vertex -10.811733312904835 -2.738519214093685 -1
      vertex -10.811733312904835 -2.738519214093685 0
      vertex -10.53005662560463 -2.682490237057209 -1
    endloop
  endfacet
  facet normal -0.9807852820260391 -0.19509031385771816 0
    outer loop
      vertex -10.609184630215168 -2.4493866562843323 -1
      vertex -10.609184630215168 -2.4493866562843323 0
      vertex -10.752091221511364 -1.7309466749429703 -1
    endloop
  endfacet
  facet normal -0.9469301278124054 -0.3214394702602367 0
    outer loop
      vertex -10.53005662560463 -2.682490237057209 -1
      vertex -10.53005662560463 -2.682490237057209 0
      vertex -10.609184630215168 -2.4493866562843323 -1
    endloop
  endfacet
  facet normal -0.997858923301027 -0.06540312827774519 0
    outer loop
      vertex -10.752091221511364 -1.7309466749429703 -1
      vertex -10.752091221511364 -1.7309466749429703 0
      vertex -10.799999997019768 -1 -1
    endloop
  endfacet
  facet normal -0.32143946288215797 0.9469301303169256 0
    outer loop
      vertex -10.811733312904835 -2.738519214093685 -1
      vertex -11.678784027695656 -3.032843269407749 0
      vertex -10.811733312904835 -2.738519214093685 0
    endloop
  endfacet
  facet normal -0.19509032312121463 0.980785280183415 0
    outer loop
      vertex -10.53005662560463 -2.682490237057209 -1
      vertex -10.811733312904835 -2.738519214093685 0
      vertex -10.53005662560463 -2.682490237057209 0
    endloop
  endfacet
  facet normal -0.9469301278124054 -0.3214394702602367 0
    outer loop
      vertex -10.609184630215168 -2.4493866562843323 -1
      vertex -10.53005662560463 -2.682490237057209 0
      vertex -10.609184630215168 -2.4493866562843323 0
    endloop
  endfacet
  facet normal -0.9807852820260391 -0.19509031385771816 0
    outer loop
      vertex -10.752091221511364 -1.7309466749429703 -1
      vertex -10.609184630215168 -2.4493866562843323 0
      vertex -10.752091221511364 -1.7309466749429703 0
    endloop
  endfacet
  facet normal -0.997858923301027 0.06540312827774519 0
    outer loop
      vertex -10.799999997019768 -1 -1
      vertex -10.799999997019768 -1 0
      vertex -10.752091221511364 -0.2690533250570297 -1
    endloop
  endfacet
  facet normal -0.9807852820260391 0.19509031385771816 0
    outer loop
      vertex -10.752091221511364 -0.2690533250570297 -1
      vertex -10.752091221511364 -0.2690533250570297 0
      vertex -10.609184630215168 0.4493866562843323 -1
    endloop
  endfacet
  facet normal -0.997858923301027 -0.06540312827774519 0
    outer loop
      vertex -10.799999997019768 -1 -1
      vertex -10.752091221511364 -1.7309466749429703 0
      vertex -10.799999997019768 -1 0
    endloop
  endfacet
  facet normal -0.997858923301027 0.06540312827774519 0
    outer loop
      vertex -10.752091221511364 -0.2690533250570297 -1
      vertex -10.799999997019768 -1 0
      vertex -10.752091221511364 -0.2690533250570297 0
    endloop
  endfacet
  facet normal 0 0 -1
    outer loop
      vertex -10.799999997019768 -1 -1
      vertex -10.752091221511364 -0.2690533250570297 -1
      vertex -8.201184891164303 -3.449424773454666 -1
    endloop
  endfacet
  facet normal 0 0 -1
    outer loop
      vertex -10.799999997019768 -1 -1
      vertex -8.201184891164303 -3.449424773454666 -1
      vertex -8.275190100073814 -3.8214740455150604 -1
    endloop
  endfacet
  facet normal 0 0 -1
    outer loop
      vertex -8.201184891164303 -3.449424773454666 -1
      vertex -10.752091221511364 -0.2690533250570297 -1
      vertex -10.609184630215168 0.4493866562843323 -1
    endloop
  endfacet
  facet normal 0 0 -1
    outer loop
      vertex -8.201184891164303 -3.449424773454666 -1
      vertex -10.609184630215168 0.4493866562843323 -1
      vertex -10.3737253844738 1.1430272236466408 -1
    endloop
  endfacet
  facet normal 0 0 -1
    outer loop
      vertex -8.201184891164303 -3.449424773454666 -1
      vertex -10.3737253844738 1.1430272236466408 -1
      vertex -10.049742259085178 1.7999999970197678 -1
    endloop
  endfacet
  facet normal 0 0 -1
    outer loop
      vertex -10.799999997019768 -1 -1
      vertex -7.911473669111729 -5.6500000059604645 -1
      vertex -6.2926084622740746 -10.299999997019768 -1
    endloop
  endfacet
  facet normal 0.9469301305558893 0.3214394621781937 0
    outer loop
      vertex -8.079250641167164 -5.309781953692436 -1
      vertex -8.201184891164303 -4.950575232505798 -1
      vertex -8.201184891164303 -4.950575232505798 0.010000000000000009
    endloop
  endfacet
  facet normal 0.9807852766594536 0.19509034083736526 0
    outer loop
      vertex -8.275190100073814 -4.578525960445404 -1
      vertex -8.275190100073814 -4.578525960445404 0.010000000000000009
      vertex -8.201184891164303 -4.950575232505798 -1
    endloop
  endfacet
  facet normal 0.8314696077303353 0.5555702398623978 0
    outer loop
      vertex -7.911473669111729 -5.6500000059604645 -1
      vertex -7.911473669111729 -5.6500000059604645 0
      vertex -7.700724683701992 -5.965408146381378 -1
    endloop
  endfacet
  facet normal 0.8968727460018551 0.4422886811564273 0
    outer loop
      vertex -8.079250641167164 -5.309781953692436 -1
      vertex -8.079250641167164 -5.309781953692436 0
      vertex -7.911473669111729 -5.6500000059604645 -1
    endloop
  endfacet
  facet normal 0.9469301305558894 0.3214394621781937 0
    outer loop
      vertex -8.079250641167164 -5.309781953692436 -1
      vertex -8.201184891164303 -4.950575232505798 0.010000000000000009
      vertex -8.079250641167164 -5.309781953692436 0
    endloop
  endfacet
  facet normal 0.9807852766594536 0.19509034083736526 0
    outer loop
      vertex -8.201184891164303 -4.950575232505798 -1
      vertex -8.275190100073814 -4.578525960445404 0.010000000000000009
      vertex -8.201184891164303 -4.950575232505798 0.010000000000000009
    endloop
  endfacet
  facet normal 0.9978589241111739 0.06540311591729084 0
    outer loop
      vertex -8.275190100073814 -4.578525960445404 -1
      vertex -8.299999997019768 -4.200000002980232 0.010000000000000009
      vertex -8.275190100073814 -4.578525960445404 0.010000000000000009
    endloop
  endfacet
  facet normal 0.8968727460018551 0.4422886811564273 0
    outer loop
      vertex -7.911473669111729 -5.6500000059604645 -1
      vertex -8.079250641167164 -5.309781953692436 0
      vertex -7.911473669111729 -5.6500000059604645 0
    endloop
  endfacet
  facet normal 0.8314696077303355 0.5555702398623975 0
    outer loop
      vertex -7.700724683701992 -5.965408146381378 -1
      vertex -7.911473669111729 -5.6500000059604645 0
      vertex -7.911473669111729 -5.6500000059604645 0.010000000000000009
    endloop
  endfacet
  facet normal 0.8314696077303353 0.5555702398623978 0
    outer loop
      vertex -7.700724683701992 -5.965408146381378 -1
      vertex -7.911473669111729 -5.6500000059604645 0.010000000000000009
      vertex -7.700724683701992 -5.965408146381378 0.010000000000000009
    endloop
  endfacet
  facet normal 0.9978589241111739 0.06540311591729084 0
    outer loop
      vertex -8.275190100073814 -4.578525960445404 -1
      vertex -8.299999997019768 -4.200000002980232 -1
      vertex -8.299999997019768 -4.200000002980232 0.010000000000000009
    endloop
  endfacet
  facet normal 0.9978589241111739 -0.06540311591729084 0
    outer loop
      vertex -8.299999997019768 -4.200000002980232 -1
      vertex -8.275190100073814 -3.8214740455150604 -1
      vertex -8.275190100073814 -3.8214740455150604 0.010000000000000009
    endloop
  endfacet
  facet normal 0.9807852766594536 -0.19509034083736526 0
    outer loop
      vertex -8.275190100073814 -3.8214740455150604 -1
      vertex -8.201184891164303 -3.449424773454666 -1
      vertex -8.201184891164303 -3.449424773454666 0.010000000000000009
    endloop
  endfacet
  facet normal 0.9469301305558894 -0.3214394621781937 0
    outer loop
      vertex -8.201184891164303 -3.449424773454666 -1
      vertex -8.079250641167164 -3.0902180522680283 -1
      vertex -8.079250641167164 -3.0902180522680283 0
    endloop
  endfacet
  facet normal 0.9978589241111739 -0.06540311591729084 0
    outer loop
      vertex -8.299999997019768 -4.200000002980232 -1
      vertex -8.275190100073814 -3.8214740455150604 0.010000000000000009
      vertex -8.299999997019768 -4.200000002980232 0.010000000000000009
    endloop
  endfacet
  facet normal 0.9807852766594536 -0.19509034083736526 0
    outer loop
      vertex -8.275190100073814 -3.8214740455150604 -1
      vertex -8.201184891164303 -3.449424773454666 0.010000000000000009
      vertex -8.275190100073814 -3.8214740455150604 0.010000000000000009
    endloop
  endfacet
  facet normal 0.9469301305558893 -0.3214394621781937 0
    outer loop
      vertex -8.201184891164303 -3.449424773454666 -1
      vertex -8.079250641167164 -3.0902180522680283 0.010000000000000009
      vertex -8.201184891164303 -3.449424773454666 0.010000000000000009
    endloop
  endfacet
  facet normal 0.9469301305558889 -0.32143946217819486 0
    outer loop
      vertex -8.201184891164303 -3.449424773454666 -1
      vertex -8.079250641167164 -3.0902180522680283 0
      vertex -8.079250641167164 -3.0902180522680283 0.010000000000000009
    endloop
  endfacet
  facet normal 0.8968727460018551 -0.4422886811564273 0
    outer loop
      vertex -8.079250641167164 -3.0902180522680283 -1
      vertex -7.911473669111729 -2.75 0
      vertex -8.079250641167164 -3.0902180522680283 0
    endloop
  endfacet
  facet normal -0.9978589234097973 0.06540312661823 0
    outer loop
      vertex -7 -5.9000000059604645 -1
      vertex -7 -5.9000000059604645 0.010000000000000009
      vertex -6.98631177842617 -5.691158093512058 -1
    endloop
  endfacet
  facet normal -0.9807852802787097 0.1950903226421365 0
    outer loop
      vertex -6.98631177842617 -5.691158093512058 -1
      vertex -6.98631177842617 -5.691158093512058 0.010000000000000009
      vertex -6.945481322705746 -5.485889531672001 -1
    endloop
  endfacet
  facet normal -0.9469301290956099 0.32143946648003835 2.264135084688583e-16
    outer loop
      vertex -6.945481322705746 -5.485889531672001 -1
      vertex -6.94481524279212 -5.483927323529036 0
      vertex -6.878207251429558 -5.287706509232521 -1
    endloop
  endfacet
  facet normal -0.8968727346087052 0.4422887042594498 0
    outer loop
      vertex -6.878207251429558 -5.287706509232521 -1
      vertex -6.878207251429558 -5.287706509232521 0.010000000000000009
      vertex -6.785640642046928 -5.100000001490116 -1
    endloop
  endfacet
  facet normal -0.8314696251261751 0.5555702138276835 -3.146996296988999e-16
    outer loop
      vertex -6.785640642046928 -5.100000001490116 -1
      vertex -6.784489401496283 -5.098277048161714 0
      vertex -6.669365346431732 -4.925981715321541 -1
    endloop
  endfacet
  facet normal -0.7518397905569933 0.659345834395893 1.3285649407712348e-16
    outer loop
      vertex -6.669365346431732 -4.925981715321541 -1
      vertex -6.6679990642731735 -4.92442376919017 0
      vertex -6.531370848417282 -4.768629156053066 -1
    endloop
  endfacet
  facet normal 0 0 -1
    outer loop
      vertex -6.945481322705746 -5.485889531672001 -1
      vertex -6.878207251429558 -5.287706509232521 -1
      vertex -4.057422533631325 -6.764448598027229 -1
    endloop
  endfacet
  facet normal 0 0 -1
    outer loop
      vertex -6.878207251429558 -5.287706509232521 -1
      vertex -6.785640642046928 -5.100000001490116 -1
      vertex -4.057422533631325 -6.764448598027229 -1
    endloop
  endfacet
  facet normal -0.6593458167485153 0.7518398060333286 0
    outer loop
      vertex -6.531370848417282 -4.768629156053066 -1
      vertex -6.531370848417282 -4.768629156053066 0
      vertex -6.374018281698227 -4.630634658038616 -1
    endloop
  endfacet
  facet normal -0.5555702384389737 0.8314696086814368 0
    outer loop
      vertex -6.374018281698227 -4.630634658038616 -1
      vertex -6.374018281698227 -4.630634658038616 0.010000000000000009
      vertex -6.199999995529652 -4.514359354972839 -1
    endloop
  endfacet
  facet normal -0.4422886756240492 0.896872748730122 1.6564270910533988e-16
    outer loop
      vertex -6.199999995529652 -4.514359354972839 -1
      vertex -6.198141515254974 -4.513442853963611 0
      vertex -6.012293487787247 -4.421792753040791 -1
    endloop
  endfacet
  facet normal -0.9978589234097973 0.06540312661823 0
    outer loop
      vertex -6.98631177842617 -5.691158093512058 -1
      vertex -7 -5.9000000059604645 0.010000000000000009
      vertex -6.98631177842617 -5.691158093512058 0.010000000000000009
    endloop
  endfacet
  facet normal -0.9807852802787097 0.1950903226421365 0
    outer loop
      vertex -6.945481322705746 -5.485889531672001 -1
      vertex -6.98631177842617 -5.691158093512058 0.010000000000000009
      vertex -6.945481322705746 -5.485889531672001 0
    endloop
  endfacet
  facet normal -0.9469301290955747 0.32143946648014177 0
    outer loop
      vertex -6.945481322705746 -5.485889531672001 -1
      vertex -6.945481322705746 -5.485889531672001 0
      vertex -6.94481524279212 -5.483927323529036 0
    endloop
  endfacet
  facet normal -0.9469301290956103 0.3214394664800373 0
    outer loop
      vertex -6.878207251429558 -5.287706509232521 -1
      vertex -6.94481524279212 -5.483927323529036 0
      vertex -6.878207251429558 -5.287706509232521 0.010000000000000009
    endloop
  endfacet
  facet normal -0.8968727346087052 0.44228870425944977 0
    outer loop
      vertex -6.785640642046928 -5.100000001490116 -1
      vertex -6.878207251429558 -5.287706509232521 0.010000000000000009
      vertex -6.785640642046928 -5.100000001490116 0
    endloop
  endfacet
  facet normal -0.8314696251262593 0.5555702138275571 0
    outer loop
      vertex -6.785640642046928 -5.100000001490116 -1
      vertex -6.785640642046928 -5.100000001490116 0
      vertex -6.784489401496283 -5.098277048161714 0
    endloop
  endfacet
  facet normal -0.8314696251261742 0.5555702138276848 0
    outer loop
      vertex -6.669365346431732 -4.925981715321541 -1
      vertex -6.784489401496283 -5.098277048161714 0
      vertex -6.669365346431732 -4.925981715321541 0.010000000000000009
    endloop
  endfacet
  facet normal -0.7518397905569512 0.6593458343959412 0
    outer loop
      vertex -6.669365346431732 -4.925981715321541 -1
      vertex -6.669365346431732 -4.925981715321541 0.010000000000000009
      vertex -6.6679990642731735 -4.92442376919017 0
    endloop
  endfacet
  facet normal -0.7518397905569939 0.6593458343958926 0
    outer loop
      vertex -6.531370848417282 -4.768629156053066 -1
      vertex -6.6679990642731735 -4.92442376919017 0
      vertex -6.531370848417282 -4.768629156053066 0
    endloop
  endfacet
  facet normal -0.6593458167485172 0.7518398060333269 0
    outer loop
      vertex -6.374018281698227 -4.630634658038616 -1
      vertex -6.531370848417282 -4.768629156053066 0
      vertex -6.531370848417282 -4.768629156053066 0.010000000000000009
    endloop
  endfacet
  facet normal -0.6593458167485154 0.7518398060333287 0
    outer loop
      vertex -6.374018281698227 -4.630634658038616 -1
      vertex -6.531370848417282 -4.768629156053066 0.010000000000000009
      vertex -6.374018281698227 -4.630634658038616 0.010000000000000009
    endloop
  endfacet
  facet normal -0.5555702384389738 0.8314696086814369 0
    outer loop
      vertex -6.199999995529652 -4.514359354972839 -1
      vertex -6.374018281698227 -4.630634658038616 0.010000000000000009
      vertex -6.199999995529652 -4.514359354972839 0
    endloop
  endfacet
  facet normal -0.44228867562397756 0.8968727487301573 0
    outer loop
      vertex -6.199999995529652 -4.514359354972839 -1
      vertex -6.199999995529652 -4.514359354972839 0
      vertex -6.198141515254974 -4.513442853963611 0
    endloop
  endfacet
  facet normal -0.44228867562404994 0.8968727487301216 0
    outer loop
      vertex -6.012293487787247 -4.421792753040791 -1
      vertex -6.198141515254974 -4.513442853963611 0
      vertex -6.012293487787247 -4.421792753040791 0.010000000000000009
    endloop
  endfacet
  facet normal -0.32143947731578276 0.9469301254173702 0
    outer loop
      vertex -6.012293487787247 -4.421792753040791 -1
      vertex -6.012293487787247 -4.421792753040791 0.010000000000000009
      vertex -5.8141104727983475 -4.354518681764603 -1
    endloop
  endfacet
  facet normal -0.32143947731578276 0.9469301254173702 0
    outer loop
      vertex -5.8141104727983475 -4.354518681764603 -1
      vertex -6.012293487787247 -4.421792753040791 0.010000000000000009
      vertex -5.8141104727983475 -4.354518681764603 0.010000000000000009
    endloop
  endfacet
  facet normal 0.9469301305558893 0.3214394621781937 0
    outer loop
      vertex -8.079250641167164 -5.309781953692436 0.010000000000000009
      vertex -8.079250641167164 -5.309781953692436 0
      vertex -8.201184891164303 -4.950575232505798 0.010000000000000009
    endloop
  endfacet
  facet normal 0.8968727460018552 0.4422886811564273 0
    outer loop
      vertex -7.911473669111729 -5.6500000059604645 0.010000000000000009
      vertex -7.911473669111729 -5.6500000059604645 0
      vertex -8.079250641167164 -5.309781953692436 0.010000000000000009
    endloop
  endfacet
  facet normal -0.9807852802787097 0.1950903226421365 0
    outer loop
      vertex -6.945481322705746 -5.485889531672001 0.010000000000000009
      vertex -6.945481322705746 -5.485889531672001 0
      vertex -6.98631177842617 -5.691158093512058 0.010000000000000009
    endloop
  endfacet
  facet normal -0.9469301290956099 0.32143946648003835 -2.264103606960614e-14
    outer loop
      vertex -6.94481524279212 -5.483927323529036 0
      vertex -6.945481322705746 -5.485889531672001 0.010000000000000009
      vertex -6.878207251429558 -5.287706509232521 0.010000000000000009
    endloop
  endfacet
  facet normal -0.8968727346087053 0.44228870425944977 0
    outer loop
      vertex -6.785640642046928 -5.100000001490116 0.010000000000000009
      vertex -6.785640642046928 -5.100000001490116 0
      vertex -6.878207251429558 -5.287706509232521 0.010000000000000009
    endloop
  endfacet
  facet normal -0.8314696251261748 0.5555702138276835 3.147031965623764e-14
    outer loop
      vertex -6.784489401496283 -5.098277048161714 0
      vertex -6.785640642046928 -5.100000001490116 0.010000000000000009
      vertex -6.669365346431732 -4.925981715321541 0.010000000000000009
    endloop
  endfacet
  facet normal -0.7518397905569935 0.6593458343958931 0
    outer loop
      vertex -6.531370848417282 -4.768629156053066 0
      vertex -6.669365346431732 -4.925981715321541 0.010000000000000009
      vertex -6.531370848417282 -4.768629156053066 0.010000000000000009
    endloop
  endfacet
  facet normal -0.5555702384389738 0.8314696086814369 0
    outer loop
      vertex -6.199999995529652 -4.514359354972839 0.010000000000000009
      vertex -6.199999995529652 -4.514359354972839 0
      vertex -6.374018281698227 -4.630634658038616 0.010000000000000009
    endloop
  endfacet
  facet normal -0.4422886756240492 0.896872748730122 -1.6556432674105975e-14
    outer loop
      vertex -6.198141515254974 -4.513442853963611 0
      vertex -6.199999995529652 -4.514359354972839 0.010000000000000009
      vertex -6.012293487787247 -4.421792753040791 0.010000000000000009
    endloop
  endfacet
  facet normal 0.8968727460018551 -0.4422886811564273 0
    outer loop
      vertex -8.079250641167164 -3.0902180522680283 -1
      vertex -7.911473669111729 -2.75 -1
      vertex -7.911473669111729 -2.75 0
    endloop
  endfacet
  facet normal 0.8314696077303353 -0.5555702398623978 0
    outer loop
      vertex -7.911473669111729 -2.75 -1
      vertex -7.700724683701992 -2.4345918595790863 -1
      vertex -7.700724683701992 -2.4345918595790863 0.010000000000000009
    endloop
  endfacet
  facet normal 0.7518398047970243 -0.6593458181582503 0
    outer loop
      vertex -7.700724683701992 -2.4345918595790863 -1
      vertex -7.450609661638737 -2.1493903398513794 -1
      vertex -7.450609661638737 -2.1493903398513794 0
    endloop
  endfacet
  facet normal 0.8314696077303353 -0.5555702398623978 0
    outer loop
      vertex -7.911473669111729 -2.75 -1
      vertex -7.700724683701992 -2.4345918595790863 0.010000000000000009
      vertex -7.911473669111729 -2.75 0
    endloop
  endfacet
  facet normal 0.7518398047970242 -0.6593458181582503 0
    outer loop
      vertex -7.700724683701992 -2.4345918595790863 -1
      vertex -7.450609661638737 -2.1493903398513794 0.010000000000000009
      vertex -7.700724683701992 -2.4345918595790863 0.010000000000000009
    endloop
  endfacet
  facet normal 0.7518398047970216 -0.6593458181582533 0
    outer loop
      vertex -7.700724683701992 -2.4345918595790863 -1
      vertex -7.450609661638737 -2.1493903398513794 0
      vertex -7.450609661638737 -2.1493903398513794 0.010000000000000009
    endloop
  endfacet
  facet normal 0.6593458181582503 -0.7518398047970243 0
    outer loop
      vertex -7.450609661638737 -2.1493903398513794 -1
      vertex -7.16540814191103 -1.899275317788124 0
      vertex -7.450609661638737 -2.1493903398513794 0
    endloop
  endfacet
  facet normal 0.6593458181582503 -0.7518398047970243 0
    outer loop
      vertex -7.450609661638737 -2.1493903398513794 -1
      vertex -7.16540814191103 -1.899275317788124 -1
      vertex -7.16540814191103 -1.899275317788124 0
    endloop
  endfacet
  facet normal 0.5555702398623978 -0.8314696077303353 0
    outer loop
      vertex -7.16540814191103 -1.899275317788124 -1
      vertex -6.850000001490116 -1.6885263323783875 -1
      vertex -6.850000001490116 -1.6885263323783875 0.010000000000000009
    endloop
  endfacet
  facet normal 0.4422886811564274 -0.8968727460018552 0
    outer loop
      vertex -6.850000001490116 -1.6885263323783875 -1
      vertex -6.509781949222088 -1.5207493603229523 -1
      vertex -6.509781949222088 -1.5207493603229523 0.010000000000000009
    endloop
  endfacet
  facet normal 0.5555702398623978 -0.8314696077303353 0
    outer loop
      vertex -7.16540814191103 -1.899275317788124 -1
      vertex -6.850000001490116 -1.6885263323783875 0.010000000000000009
      vertex -7.16540814191103 -1.899275317788124 0
    endloop
  endfacet
  facet normal 0.4422886811564274 -0.8968727460018552 0
    outer loop
      vertex -6.850000001490116 -1.6885263323783875 -1
      vertex -6.509781949222088 -1.5207493603229523 0.010000000000000009
      vertex -6.850000001490116 -1.6885263323783875 0.010000000000000009
    endloop
  endfacet
  facet normal 0.3214394621781937 -0.9469301305558893 0
    outer loop
      vertex -6.509781949222088 -1.5207493603229523 -1
      vertex -6.15057522803545 -1.3988151103258133 0.010000000000000009
      vertex -6.509781949222088 -1.5207493603229523 0.010000000000000009
    endloop
  endfacet
  facet normal 0.3214394621781937 -0.9469301305558894 0
    outer loop
      vertex -6.509781949222088 -1.5207493603229523 -1
      vertex -6.15057522803545 -1.3988151103258133 -1
      vertex -6.15057522803545 -1.3988151103258133 0
    endloop
  endfacet
  facet normal 0.19509034083736523 -0.9807852766594534 0
    outer loop
      vertex -6.15057522803545 -1.3988151103258133 -1
      vertex -5.778525955975056 -1.3248099014163017 -1
      vertex -5.778525955975056 -1.3248099014163017 0
    endloop
  endfacet
  facet normal 0.3214394621781931 -0.9469301305558895 0
    outer loop
      vertex -6.509781949222088 -1.5207493603229523 -1
      vertex -6.15057522803545 -1.3988151103258133 0
      vertex -6.15057522803545 -1.3988151103258133 0.010000000000000009
    endloop
  endfacet
  facet normal 0.19509034083736523 -0.9807852766594534 0
    outer loop
      vertex -6.15057522803545 -1.3988151103258133 -1
      vertex -5.778525955975056 -1.3248099014163017 0.010000000000000009
      vertex -6.15057522803545 -1.3988151103258133 0
    endloop
  endfacet
  facet normal 0.19509034083736607 -0.9807852766594533 0
    outer loop
      vertex -6.15057522803545 -1.3988151103258133 -1
      vertex -5.778525955975056 -1.3248099014163017 0
      vertex -5.778525955975056 -1.3248099014163017 0.010000000000000009
    endloop
  endfacet
  facet normal 0.8314696077303353 -0.5555702398623978 0
    outer loop
      vertex -7.911473669111729 -2.75 0.010000000000000009
      vertex -7.911473669111729 -2.75 0
      vertex -7.700724683701992 -2.4345918595790863 0.010000000000000009
    endloop
  endfacet
  facet normal 0.5555702398623978 -0.8314696077303353 0
    outer loop
      vertex -7.16540814191103 -1.899275317788124 0.010000000000000009
      vertex -7.16540814191103 -1.899275317788124 0
      vertex -6.850000001490116 -1.6885263323783875 0.010000000000000009
    endloop
  endfacet
  facet normal 0 -1 0
    outer loop
      vertex -6.2926084622740746 -10.299999997019768 -1
      vertex -5.208473265171051 -10.299999997019768 -1
      vertex -5.208473265171051 -10.299999997019768 0.010000000000000009
    endloop
  endfacet
  facet normal -0.8314696188345722 -0.5555702232437331 0
    outer loop
      vertex -5.208473265171051 -10.299999997019768 -1
      vertex -5.077461376786232 -10.49607314914465 -1
      vertex -5.077461376786232 -10.49607314914465 0.010000000000000009
    endloop
  endfacet
  facet normal -0.75183980711885 -0.6593458155107155 0
    outer loop
      vertex -4.525483399629593 -11.125483401119709 -1
      vertex -4.525483399629593 -11.125483401119709 0
      vertex -5.077461376786232 -10.49607314914465 -1
    endloop
  endfacet
  facet normal -0.8314696188345722 -0.5555702232437331 0
    outer loop
      vertex -5.208473265171051 -10.299999997019768 -1
      vertex -5.077461376786232 -10.49607314914465 0.010000000000000009
      vertex -5.208473265171051 -10.299999997019768 0.010000000000000009
    endloop
  endfacet
  facet normal -0.75183980711885 -0.6593458155107155 0
    outer loop
      vertex -5.077461376786232 -10.49607314914465 -1
      vertex -4.525483399629593 -11.125483401119709 0.010000000000000009
      vertex -5.077461376786232 -10.49607314914465 0.010000000000000009
    endloop
  endfacet
  facet normal -0.7518398071188516 -0.6593458155107137 0
    outer loop
      vertex -5.077461376786232 -10.49607314914465 -1
      vertex -4.525483399629593 -11.125483401119709 0
      vertex -4.525483399629593 -11.125483401119709 0.010000000000000009
    endloop
  endfacet
  facet normal 0 0 -1
    outer loop
      vertex -6.2926084622740746 -10.299999997019768 -1
      vertex -4.057422533631325 -6.764448598027229 -1
      vertex -5.208473265171051 -10.299999997019768 -1
    endloop
  endfacet
  facet normal -0.6593458155107155 -0.75183980711885 0
    outer loop
      vertex -4.525483399629593 -11.125483401119709 -1
      vertex -3.8960731476545334 -11.677461378276348 -1
      vertex -3.8960731476545334 -11.677461378276348 0
    endloop
  endfacet
  facet normal -0.6593458155107155 -0.75183980711885 0
    outer loop
      vertex -4.525483399629593 -11.125483401119709 -1
      vertex -3.8960731476545334 -11.677461378276348 0
      vertex -4.525483399629593 -11.125483401119709 0
    endloop
  endfacet
  facet normal 0 0 -1
    outer loop
      vertex -6.2926084622740746 -10.299999997019768 -1
      vertex -6.742577463388443 -6.764448598027229 -1
      vertex -4.057422533631325 -6.764448598027229 -1
    endloop
  endfacet
  facet normal 0 0 -1
    outer loop
      vertex -6.785640642046928 -6.700000002980232 -1
      vertex -4.057422533631325 -6.764448598027229 -1
      vertex -6.742577463388443 -6.764448598027229 -1
    endloop
  endfacet
  facet normal -0.4422886306340888 0.8968727709167129 0
    outer loop
      vertex -4.057422533631325 -6.764448598027229 -1
      vertex -4.057422533631325 -6.764448598027229 0
      vertex -3.9499999955296516 -6.711473673582077 -1
    endloop
  endfacet
  facet normal 0.8314695872473037 -0.5555702705174191 0
    outer loop
      vertex -4.057422533631325 -6.764448598027229 -1
      vertex -4.014359354972839 -6.700000002980232 -1
      vertex -4.014359354972839 -6.700000002980232 0
    endloop
  endfacet
  facet normal -0.5555702398623978 0.8314696077303353 0
    outer loop
      vertex -3.9499999955296516 -6.711473673582077 -1
      vertex -3.9499999955296516 -6.711473673582077 0
      vertex -3.634591855108738 -6.50072468817234 -1
    endloop
  endfacet
  facet normal 0 0 -1
    outer loop
      vertex -4.057422533631325 -6.764448598027229 -1
      vertex -4.787706509232521 -4.421792753040791 -1
      vertex -4.014359354972839 -6.700000002980232 -1
    endloop
  endfacet
  facet normal 0 0 -1
    outer loop
      vertex -4.014359354972839 -6.700000002980232 -1
      vertex -4.787706509232521 -4.421792753040791 -1
      vertex -3.92179274559021 -6.512293495237827 -1
    endloop
  endfacet
  facet normal 0.8968727346087052 -0.44228870425944977 0
    outer loop
      vertex -4.014359354972839 -6.700000002980232 -1
      vertex -3.92179274559021 -6.512293495237827 -1
      vertex -3.92179274559021 -6.512293495237827 0
    endloop
  endfacet
  facet normal 0.9469301290956099 -0.32143946648003835 0
    outer loop
      vertex -3.92179274559021 -6.512293495237827 -1
      vertex -3.854518674314022 -6.3141104727983475 -1
      vertex -3.854518674314022 -6.3141104727983475 0
    endloop
  endfacet
  facet normal 0.9807852802787097 -0.1950903226421365 0
    outer loop
      vertex -3.854518674314022 -6.3141104727983475 -1
      vertex -3.8136882185935974 -6.10884191095829 -1
      vertex -3.8136882185935974 -6.10884191095829 0.010000000000000009
    endloop
  endfacet
  facet normal 0.9978589232575188 -0.0654031289415513 0
    outer loop
      vertex -3.8136882185935974 -6.10884191095829 -1
      vertex -3.7999999970197678 -5.9000000059604645 -1
      vertex -3.7999999970197678 -5.9000000059604645 0
    endloop
  endfacet
  facet normal -0.6593458181582503 0.7518398047970243 0
    outer loop
      vertex -3.634591855108738 -6.50072468817234 -1
      vertex -3.634591855108738 -6.50072468817234 0
      vertex -3.349390335381031 -6.250609666109085 -1
    endloop
  endfacet
  facet normal -0.7518398047970243 0.6593458181582503 0
    outer loop
      vertex -3.349390335381031 -6.250609666109085 -1
      vertex -3.349390335381031 -6.250609666109085 0
      vertex -3.0992753133177757 -5.965408146381378 -1
    endloop
  endfacet
  facet normal 0.8314695872473037 -0.5555702705174191 0
    outer loop
      vertex -4.057422533631325 -6.764448598027229 -1
      vertex -4.014359354972839 -6.700000002980232 0
      vertex -4.057422533631325 -6.764448598027229 0
    endloop
  endfacet
  facet normal -0.4422886306340888 0.8968727709167129 0
    outer loop
      vertex -3.9499999955296516 -6.711473673582077 -1
      vertex -4.057422533631325 -6.764448598027229 0
      vertex -3.9499999955296516 -6.711473673582077 0
    endloop
  endfacet
  facet normal 0.8968727346087052 -0.44228870425944977 0
    outer loop
      vertex -4.014359354972839 -6.700000002980232 -1
      vertex -3.92179274559021 -6.512293495237827 0.010000000000000009
      vertex -4.014359354972839 -6.700000002980232 0
    endloop
  endfacet
  facet normal -0.5555702398623976 0.8314696077303354 0
    outer loop
      vertex -3.634591855108738 -6.50072468817234 -1
      vertex -3.9499999955296516 -6.711473673582077 0
      vertex -3.9499999955296516 -6.711473673582077 0.010000000000000009
    endloop
  endfacet
  facet normal 0.8968727346087043 -0.4422887042594516 0
    outer loop
      vertex -4.014359354972839 -6.700000002980232 -1
      vertex -3.92179274559021 -6.512293495237827 0
      vertex -3.92179274559021 -6.512293495237827 0.010000000000000009
    endloop
  endfacet
  facet normal 0.9469301290956099 -0.32143946648003835 0
    outer loop
      vertex -3.92179274559021 -6.512293495237827 -1
      vertex -3.854518674314022 -6.3141104727983475 0
      vertex -3.92179274559021 -6.512293495237827 0
    endloop
  endfacet
  facet normal -0.5555702398623978 0.8314696077303353 0
    outer loop
      vertex -3.634591855108738 -6.50072468817234 -1
      vertex -3.9499999955296516 -6.711473673582077 0.010000000000000009
      vertex -3.634591855108738 -6.50072468817234 0
    endloop
  endfacet
  facet normal 0.9807852802787097 -0.1950903226421365 0
    outer loop
      vertex -3.854518674314022 -6.3141104727983475 -1
      vertex -3.8136882185935974 -6.10884191095829 0.010000000000000009
      vertex -3.854518674314022 -6.3141104727983475 0
    endloop
  endfacet
  facet normal 0.9978589232575188 -0.06540312894155129 0
    outer loop
      vertex -3.8136882185935974 -6.10884191095829 -1
      vertex -3.7999999970197678 -5.9000000059604645 0.010000000000000009
      vertex -3.8136882185935974 -6.10884191095829 0.010000000000000009
    endloop
  endfacet
  facet normal 0.9978589232575189 -0.0654031289415513 0
    outer loop
      vertex -3.8136882185935974 -6.10884191095829 -1
      vertex -3.7999999970197678 -5.9000000059604645 0
      vertex -3.7999999970197678 -5.9000000059604645 0.010000000000000009
    endloop
  endfacet
  facet normal -0.6593458181582503 0.7518398047970243 0
    outer loop
      vertex -3.349390335381031 -6.250609666109085 -1
      vertex -3.634591855108738 -6.50072468817234 0
      vertex -3.349390335381031 -6.250609666109085 0
    endloop
  endfacet
  facet normal -0.7518398047970216 0.6593458181582533 0
    outer loop
      vertex -3.0992753133177757 -5.965408146381378 -1
      vertex -3.349390335381031 -6.250609666109085 0
      vertex -3.349390335381031 -6.250609666109085 0.010000000000000009
    endloop
  endfacet
  facet normal -0.7518398047970243 0.6593458181582503 0
    outer loop
      vertex -3.0992753133177757 -5.965408146381378 -1
      vertex -3.349390335381031 -6.250609666109085 0.010000000000000009
      vertex -3.0992753133177757 -5.965408146381378 0
    endloop
  endfacet
  facet normal 0.8314695872473038 -0.5555702705174193 0
    outer loop
      vertex -4.057422533631325 -6.764448598027229 0
      vertex -4.014359354972839 -6.700000002980232 0.010000000000000009
      vertex -4.057422533631325 -6.764448598027229 0.010000000000000009
    endloop
  endfacet
  facet normal -0.44228863063408874 0.8968727709167128 0
    outer loop
      vertex -3.9499999955296516 -6.711473673582077 0
      vertex -4.057422533631325 -6.764448598027229 0.010000000000000009
      vertex -3.9499999955296516 -6.711473673582077 0.010000000000000009
    endloop
  endfacet
  facet normal 0.8968727346087053 -0.44228870425944977 0
    outer loop
      vertex -4.014359354972839 -6.700000002980232 0.010000000000000009
      vertex -4.014359354972839 -6.700000002980232 0
      vertex -3.92179274559021 -6.512293495237827 0.010000000000000009
    endloop
  endfacet
  facet normal 0.9469301290956099 -0.32143946648003835 0
    outer loop
      vertex -3.92179274559021 -6.512293495237827 0
      vertex -3.854518674314022 -6.3141104727983475 0.010000000000000009
      vertex -3.92179274559021 -6.512293495237827 0.010000000000000009
    endloop
  endfacet
  facet normal -0.5555702398623978 0.8314696077303353 0
    outer loop
      vertex -3.634591855108738 -6.50072468817234 0.010000000000000009
      vertex -3.634591855108738 -6.50072468817234 0
      vertex -3.9499999955296516 -6.711473673582077 0.010000000000000009
    endloop
  endfacet
  facet normal 0.9807852802787097 -0.1950903226421365 0
    outer loop
      vertex -3.854518674314022 -6.3141104727983475 0.010000000000000009
      vertex -3.854518674314022 -6.3141104727983475 0
      vertex -3.8136882185935974 -6.10884191095829 0.010000000000000009
    endloop
  endfacet
  facet normal 0 0 -1
    outer loop
      vertex -5.208473265171051 -10.299999997019768 -1
      vertex 6.742577463388443 -6.764448598027229 -1
      vertex -5.077461376786232 -10.49607314914465 -1
    endloop
  endfacet
  facet normal 0 0 -1
    outer loop
      vertex -4.525483399629593 -11.125483401119709 -1
      vertex -5.077461376786232 -10.49607314914465 -1
      vertex 6.742577463388443 -6.764448598027229 -1
    endloop
  endfacet
  facet normal 0 0 -1
    outer loop
      vertex -4.525483399629593 -11.125483401119709 -1
      vertex 6.742577463388443 -6.764448598027229 -1
      vertex -3.8960731476545334 -11.677461378276348 -1
    endloop
  endfacet
  facet normal 0 0 -1
    outer loop
      vertex -3.8960731476545334 -11.677461378276348 -1
      vertex 6.742577463388443 -6.764448598027229 -1
      vertex -3.2000000029802322 -12.142562583088875 -1
    endloop
  endfacet
  facet normal 0 0 -1
    outer loop
      vertex -5.208473265171051 -10.299999997019768 -1
      vertex -4.057422533631325 -6.764448598027229 -1
      vertex 4.057422533631325 -6.764448598027229 -1
    endloop
  endfacet
  facet normal 0 0 -1
    outer loop
      vertex -4.057422533631325 -6.764448598027229 -1
      vertex -3.9499999955296516 -6.711473673582077 -1
      vertex 4.057422533631325 -6.764448598027229 -1
    endloop
  endfacet
  facet normal 0 0 -1
    outer loop
      vertex -3.9499999955296516 -6.711473673582077 -1
      vertex -3.634591855108738 -6.50072468817234 -1
      vertex 3.9499999955296516 -6.711473673582077 -1
    endloop
  endfacet
  facet normal 0 0 -1
    outer loop
      vertex -3.634591855108738 -6.50072468817234 -1
      vertex -3.349390335381031 -6.250609666109085 -1
      vertex 3.634591855108738 -6.50072468817234 -1
    endloop
  endfacet
  facet normal 0 0 -1
    outer loop
      vertex -3.349390335381031 -6.250609666109085 -1
      vertex -3.0992753133177757 -5.965408146381378 -1
      vertex 3.349390335381031 -6.250609666109085 -1
    endloop
  endfacet
  facet normal 0 0 -1
    outer loop
      vertex -6.785640642046928 -5.100000001490116 -1
      vertex -6.669365346431732 -4.925981715321541 -1
      vertex -4.057422533631325 -6.764448598027229 -1
    endloop
  endfacet
  facet normal 0 0 -1
    outer loop
      vertex -6.669365346431732 -4.925981715321541 -1
      vertex -6.531370848417282 -4.768629156053066 -1
      vertex -4.057422533631325 -6.764448598027229 -1
    endloop
  endfacet
  facet normal 0 0 -1
    outer loop
      vertex -6.531370848417282 -4.768629156053066 -1
      vertex -6.374018281698227 -4.630634658038616 -1
      vertex -4.057422533631325 -6.764448598027229 -1
    endloop
  endfacet
  facet normal 0 0 -1
    outer loop
      vertex -6.374018281698227 -4.630634658038616 -1
      vertex -6.199999995529652 -4.514359354972839 -1
      vertex -4.057422533631325 -6.764448598027229 -1
    endloop
  endfacet
  facet normal 0 0 -1
    outer loop
      vertex -4.057422533631325 -6.764448598027229 -1
      vertex -6.199999995529652 -4.514359354972839 -1
      vertex -6.012293487787247 -4.421792753040791 -1
    endloop
  endfacet
  facet normal 0 0 -1
    outer loop
      vertex -4.057422533631325 -6.764448598027229 -1
      vertex -6.012293487787247 -4.421792753040791 -1
      vertex -5.8141104727983475 -4.354518681764603 -1
    endloop
  endfacet
  facet normal 0 0 -1
    outer loop
      vertex -4.057422533631325 -6.764448598027229 -1
      vertex -5.8141104727983475 -4.354518681764603 -1
      vertex -5.6088419035077095 -4.313688226044178 -1
    endloop
  endfacet
  facet normal 0 0 -1
    outer loop
      vertex -4.057422533631325 -6.764448598027229 -1
      vertex -5.191158093512058 -4.313688226044178 -1
      vertex -4.98588952422142 -4.354518681764603 -1
    endloop
  endfacet
  facet normal 0 0 -1
    outer loop
      vertex -4.057422533631325 -6.764448598027229 -1
      vertex -4.98588952422142 -4.354518681764603 -1
      vertex -4.787706509232521 -4.421792753040791 -1
    endloop
  endfacet
  facet normal 0 0 -1
    outer loop
      vertex -4.057422533631325 -6.764448598027229 -1
      vertex -5.6088419035077095 -4.313688226044178 -1
      vertex -5.399999998509884 -4.300000004470348 -1
    endloop
  endfacet
  facet normal 0 0 -1
    outer loop
      vertex -4.057422533631325 -6.764448598027229 -1
      vertex -5.399999998509884 -4.300000004470348 -1
      vertex -5.191158093512058 -4.313688226044178 -1
    endloop
  endfacet
  facet normal 0 0 -1
    outer loop
      vertex -4.014359354972839 -5.100000001490116 -1
      vertex -4.787706509232521 -4.421792753040791 -1
      vertex -4.600000001490116 -4.514359354972839 -1
    endloop
  endfacet
  facet normal 0.44228867562404933 0.896872748730122 0
    outer loop
      vertex -4.787706509232521 -4.421792753040791 -1
      vertex -4.787706509232521 -4.421792753040791 0.010000000000000009
      vertex -4.600000001490116 -4.514359354972839 -1
    endloop
  endfacet
  facet normal 0.5555702384389738 0.8314696086814369 0
    outer loop
      vertex -4.425981715321541 -4.630634658038616 -1
      vertex -4.600000001490116 -4.514359354972839 -1
      vertex -4.600000001490116 -4.514359354972839 0
    endloop
  endfacet
  facet normal 0.4422886756240492 0.896872748730122 0
    outer loop
      vertex -4.600000001490116 -4.514359354972839 -1
      vertex -4.787706509232521 -4.421792753040791 0.010000000000000009
      vertex -4.600000001490116 -4.514359354972839 0
    endloop
  endfacet
  facet normal 0.5555702384389738 0.8314696086814369 0
    outer loop
      vertex -4.425981715321541 -4.630634658038616 -1
      vertex -4.600000001490116 -4.514359354972839 0
      vertex -4.425981715321541 -4.630634658038616 0
    endloop
  endfacet
  facet normal -0.19509031583050307 0.9807852816336278 0
    outer loop
      vertex -5.8141104727983475 -4.354518681764603 -1
      vertex -5.8141104727983475 -4.354518681764603 0.010000000000000009
      vertex -5.6088419035077095 -4.313688226044178 -1
    endloop
  endfacet
  facet normal -0.0654031289415513 0.9978589232575188 0
    outer loop
      vertex -5.6088419035077095 -4.313688226044178 -1
      vertex -5.6088419035077095 -4.313688226044178 0
      vertex -5.399999998509884 -4.300000004470348 -1
    endloop
  endfacet
  facet normal 0.0654031289415513 0.9978589232575188 0
    outer loop
      vertex -5.399999998509884 -4.300000004470348 -1
      vertex -5.399999998509884 -4.300000004470348 0
      vertex -5.191158093512058 -4.313688226044178 -1
    endloop
  endfacet
  facet normal 0.19509031583050307 0.9807852816336278 0
    outer loop
      vertex -5.191158093512058 -4.313688226044178 -1
      vertex -5.191158093512058 -4.313688226044178 0
      vertex -4.98588952422142 -4.354518681764603 -1
    endloop
  endfacet
  facet normal 0.32143947731578276 0.9469301254173702 0
    outer loop
      vertex -4.98588952422142 -4.354518681764603 -1
      vertex -4.98588952422142 -4.354518681764603 0
      vertex -4.787706509232521 -4.421792753040791 -1
    endloop
  endfacet
  facet normal -0.19509031583050307 0.9807852816336278 0
    outer loop
      vertex -5.6088419035077095 -4.313688226044178 -1
      vertex -5.8141104727983475 -4.354518681764603 0.010000000000000009
      vertex -5.6088419035077095 -4.313688226044178 0
    endloop
  endfacet
  facet normal -0.0654031289415513 0.9978589232575188 0
    outer loop
      vertex -5.399999998509884 -4.300000004470348 -1
      vertex -5.6088419035077095 -4.313688226044178 0
      vertex -5.399999998509884 -4.300000004470348 0
    endloop
  endfacet
  facet normal 0.0654031289415515 0.9978589232575188 0
    outer loop
      vertex -5.191158093512058 -4.313688226044178 -1
      vertex -5.399999998509884 -4.300000004470348 0
      vertex -5.399999998509884 -4.300000004470348 0.010000000000000009
    endloop
  endfacet
  facet normal 0.0654031289415513 0.9978589232575188 0
    outer loop
      vertex -5.191158093512058 -4.313688226044178 -1
      vertex -5.399999998509884 -4.300000004470348 0.010000000000000009
      vertex -5.191158093512058 -4.313688226044178 0
    endloop
  endfacet
  facet normal 0.19509031583050307 0.9807852816336278 0
    outer loop
      vertex -4.98588952422142 -4.354518681764603 -1
      vertex -5.191158093512058 -4.313688226044178 0
      vertex -4.98588952422142 -4.354518681764603 0
    endloop
  endfacet
  facet normal 0.32143947731578076 0.9469301254173709 0
    outer loop
      vertex -4.787706509232521 -4.421792753040791 -1
      vertex -4.98588952422142 -4.354518681764603 0
      vertex -4.98588952422142 -4.354518681764603 0.010000000000000009
    endloop
  endfacet
  facet normal 0.32143947731578276 0.9469301254173702 0
    outer loop
      vertex -4.787706509232521 -4.421792753040791 -1
      vertex -4.98588952422142 -4.354518681764603 0.010000000000000009
      vertex -4.787706509232521 -4.421792753040791 0.010000000000000009
    endloop
  endfacet
  facet normal 0 0 -1
    outer loop
      vertex -4.787706509232521 -4.421792753040791 -1
      vertex -3.854518674314022 -6.3141104727983475 -1
      vertex -3.92179274559021 -6.512293495237827 -1
    endloop
  endfacet
  facet normal 0 0 -1
    outer loop
      vertex -4.787706509232521 -4.421792753040791 -1
      vertex -3.8136882185935974 -6.10884191095829 -1
      vertex -3.854518674314022 -6.3141104727983475 -1
    endloop
  endfacet
  facet normal 0 0 -1
    outer loop
      vertex -4.787706509232521 -4.421792753040791 -1
      vertex -3.7999999970197678 -5.9000000059604645 -1
      vertex -3.8136882185935974 -6.10884191095829 -1
    endloop
  endfacet
  facet normal 0 0 -1
    outer loop
      vertex -4.787706509232521 -4.421792753040791 -1
      vertex -3.8136882185935974 -5.691158093512058 -1
      vertex -3.7999999970197678 -5.9000000059604645 -1
    endloop
  endfacet
  facet normal 0 0 -1
    outer loop
      vertex -4.787706509232521 -4.421792753040791 -1
      vertex -3.854518674314022 -5.485889531672001 -1
      vertex -3.8136882185935974 -5.691158093512058 -1
    endloop
  endfacet
  facet normal 0.9978589234097973 0.06540312661823 0
    outer loop
      vertex -3.7999999970197678 -5.9000000059604645 -1
      vertex -3.8136882185935974 -5.691158093512058 -1
      vertex -3.8136882185935974 -5.691158093512058 0
    endloop
  endfacet
  facet normal 0.9807852802787097 0.1950903226421365 0
    outer loop
      vertex -3.8136882185935974 -5.691158093512058 -1
      vertex -3.854518674314022 -5.485889531672001 -1
      vertex -3.854518674314022 -5.485889531672001 0
    endloop
  endfacet
  facet normal 0.9469301290956099 0.32143946648003835 -2.228347639438465e-16
    outer loop
      vertex -3.854518674314022 -5.485889531672001 -1
      vertex -3.92179274559021 -5.287706509232521 -1
      vertex -3.921126665676584 -5.289668717375486 0
    endloop
  endfacet
  facet normal 0.8968727346087052 0.44228870425944977 0
    outer loop
      vertex -4.014359354972839 -5.100000001490116 -1
      vertex -4.014359354972839 -5.100000001490116 0
      vertex -3.92179274559021 -5.287706509232521 -1
    endloop
  endfacet
  facet normal 0 0 -1
    outer loop
      vertex -4.014359354972839 -5.100000001490116 -1
      vertex -3.92179274559021 -5.287706509232521 -1
      vertex -4.787706509232521 -4.421792753040791 -1
    endloop
  endfacet
  facet normal 0 0 -1
    outer loop
      vertex -4.014359354972839 -5.100000001490116 -1
      vertex -4.425981715321541 -4.630634658038616 -1
      vertex -4.268629148602486 -4.768629156053066 -1
    endloop
  endfacet
  facet normal 0 0 -1
    outer loop
      vertex -4.787706509232521 -4.421792753040791 -1
      vertex -3.92179274559021 -5.287706509232521 -1
      vertex -3.854518674314022 -5.485889531672001 -1
    endloop
  endfacet
  facet normal 0 0 -1
    outer loop
      vertex -4.014359354972839 -5.100000001490116 -1
      vertex -4.268629148602486 -4.768629156053066 -1
      vertex -4.130634650588036 -4.925981715321541 -1
    endloop
  endfacet
  facet normal 0 0 -1
    outer loop
      vertex -4.014359354972839 -5.100000001490116 -1
      vertex -4.600000001490116 -4.514359354972839 -1
      vertex -4.425981715321541 -4.630634658038616 -1
    endloop
  endfacet
  facet normal 0.8314696251261751 0.5555702138276835 0
    outer loop
      vertex -4.014359354972839 -5.100000001490116 -1
      vertex -4.130634650588036 -4.925981715321541 -1
      vertex -4.130634650588036 -4.925981715321541 0
    endloop
  endfacet
  facet normal 0.7518397905569933 0.659345834395893 -1.3285649407712348e-16
    outer loop
      vertex -4.268629148602486 -4.768629156053066 -1
      vertex -4.267262866443927 -4.770187102184437 0
      vertex -4.130634650588036 -4.925981715321541 -1
    endloop
  endfacet
  facet normal 0.6593458167485153 0.7518398060333286 0
    outer loop
      vertex -4.425981715321541 -4.630634658038616 -1
      vertex -4.425981715321541 -4.630634658038616 0
      vertex -4.268629148602486 -4.768629156053066 -1
    endloop
  endfacet
  facet normal -0.8314696077303353 0.5555702398623978 0
    outer loop
      vertex -3.0992753133177757 -5.965408146381378 -1
      vertex -3.0992753133177757 -5.965408146381378 0
      vertex -2.888526327908039 -5.6500000059604645 -1
    endloop
  endfacet
  facet normal 0.9978589234097973 0.06540312661823 0
    outer loop
      vertex -3.7999999970197678 -5.9000000059604645 -1
      vertex -3.8136882185935974 -5.691158093512058 0.010000000000000009
      vertex -3.7999999970197678 -5.9000000059604645 0
    endloop
  endfacet
  facet normal 0.9978589234097973 0.06540312661823001 0
    outer loop
      vertex -3.7999999970197678 -5.9000000059604645 -1
      vertex -3.8136882185935974 -5.691158093512058 0
      vertex -3.8136882185935974 -5.691158093512058 0.010000000000000009
    endloop
  endfacet
  facet normal 0.9807852802787097 0.1950903226421365 0
    outer loop
      vertex -3.8136882185935974 -5.691158093512058 -1
      vertex -3.854518674314022 -5.485889531672001 0.010000000000000009
      vertex -3.8136882185935974 -5.691158093512058 0
    endloop
  endfacet
  facet normal 0.9807852802787097 0.1950903226421362 0
    outer loop
      vertex -3.8136882185935974 -5.691158093512058 -1
      vertex -3.854518674314022 -5.485889531672001 0
      vertex -3.854518674314022 -5.485889531672001 0.010000000000000009
    endloop
  endfacet
  facet normal 0.9469301290956101 0.3214394664800373 0
    outer loop
      vertex -3.854518674314022 -5.485889531672001 -1
      vertex -3.921126665676584 -5.289668717375486 0
      vertex -3.854518674314022 -5.485889531672001 0
    endloop
  endfacet
  facet normal 0.8968727346087052 0.44228870425944977 0
    outer loop
      vertex -3.92179274559021 -5.287706509232521 -1
      vertex -4.014359354972839 -5.100000001490116 0.010000000000000009
      vertex -3.92179274559021 -5.287706509232521 0.00009803921568627468
    endloop
  endfacet
  facet normal 0.8968727346087043 0.4422887042594516 0
    outer loop
      vertex -3.92179274559021 -5.287706509232521 -1
      vertex -4.014359354972839 -5.100000001490116 0
      vertex -4.014359354972839 -5.100000001490116 0.010000000000000009
    endloop
  endfacet
  facet normal 0.9469301290955747 0.32143946648014177 0
    outer loop
      vertex -3.92179274559021 -5.287706509232521 -1
      vertex -3.92179274559021 -5.287706509232521 0.00009803921568627468
      vertex -3.921126665676584 -5.289668717375486 0
    endloop
  endfacet
  facet normal 0.8314696251261745 0.5555702138276845 0
    outer loop
      vertex -4.014359354972839 -5.100000001490116 -1
      vertex -4.130634650588036 -4.925981715321541 0
      vertex -4.130634650588036 -4.925981715321541 0.010000000000000009
    endloop
  endfacet
  facet normal 0.8314696251261751 0.5555702138276835 0
    outer loop
      vertex -4.014359354972839 -5.100000001490116 -1
      vertex -4.130634650588036 -4.925981715321541 0.010000000000000009
      vertex -4.014359354972839 -5.100000001490116 0
    endloop
  endfacet
  facet normal 0.7518397905569939 0.6593458343958926 0
    outer loop
      vertex -4.130634650588036 -4.925981715321541 -1
      vertex -4.267262866443927 -4.770187102184437 0
      vertex -4.130634650588036 -4.925981715321541 0
    endloop
  endfacet
  facet normal 0.6593458167485154 0.7518398060333287 0
    outer loop
      vertex -4.268629148602486 -4.768629156053066 -1
      vertex -4.425981715321541 -4.630634658038616 0.010000000000000009
      vertex -4.268629148602486 -4.768629156053066 0.00009803921568627468
    endloop
  endfacet
  facet normal 0.6593458167485172 0.7518398060333269 0
    outer loop
      vertex -4.268629148602486 -4.768629156053066 -1
      vertex -4.425981715321541 -4.630634658038616 0
      vertex -4.425981715321541 -4.630634658038616 0.010000000000000009
    endloop
  endfacet
  facet normal 0.7518397905569509 0.6593458343959412 0
    outer loop
      vertex -4.268629148602486 -4.768629156053066 -1
      vertex -4.268629148602486 -4.768629156053066 0.00009803921568627468
      vertex -4.267262866443927 -4.770187102184437 0
    endloop
  endfacet
  facet normal -0.8314696077303355 0.5555702398623975 0
    outer loop
      vertex -2.888526327908039 -5.6500000059604645 -1
      vertex -3.0992753133177757 -5.965408146381378 0
      vertex -3.0992753133177757 -5.965408146381378 0.010000000000000009
    endloop
  endfacet
  facet normal -0.8314696077303353 0.5555702398623978 0
    outer loop
      vertex -2.888526327908039 -5.6500000059604645 -1
      vertex -3.0992753133177757 -5.965408146381378 0.010000000000000009
      vertex -2.888526327908039 -5.6500000059604645 0.010000000000000009
    endloop
  endfacet
  facet normal 0.4422886756240492 0.896872748730122 0
    outer loop
      vertex -4.600000001490116 -4.514359354972839 0.010000000000000009
      vertex -4.600000001490116 -4.514359354972839 0
      vertex -4.787706509232521 -4.421792753040791 0.010000000000000009
    endloop
  endfacet
  facet normal -0.19509031583050307 0.9807852816336279 0
    outer loop
      vertex -5.6088419035077095 -4.313688226044178 0.010000000000000009
      vertex -5.6088419035077095 -4.313688226044178 0
      vertex -5.8141104727983475 -4.354518681764603 0.010000000000000009
    endloop
  endfacet
  facet normal -0.06540312894155129 0.9978589232575189 0
    outer loop
      vertex -5.399999998509884 -4.300000004470348 0
      vertex -5.6088419035077095 -4.313688226044178 0.010000000000000009
      vertex -5.399999998509884 -4.300000004470348 0.010000000000000009
    endloop
  endfacet
  facet normal 0.06540312894155129 0.9978589232575189 0
    outer loop
      vertex -5.191158093512058 -4.313688226044178 0.010000000000000009
      vertex -5.191158093512058 -4.313688226044178 0
      vertex -5.399999998509884 -4.300000004470348 0.010000000000000009
    endloop
  endfacet
  facet normal 0.8968727346087052 0.4422887042594498 0
    outer loop
      vertex -3.92179274559021 -5.287706509232521 0.010000000000000009
      vertex -3.92179274559021 -5.287706509232521 0.00009803921568627468
      vertex -4.014359354972839 -5.100000001490116 0.010000000000000009
    endloop
  endfacet
  facet normal 0.6593458167485154 0.7518398060333286 0
    outer loop
      vertex -4.268629148602486 -4.768629156053066 0.010000000000000009
      vertex -4.268629148602486 -4.768629156053066 0.00009803921568627468
      vertex -4.425981715321541 -4.630634658038616 0.010000000000000009
    endloop
  endfacet
  facet normal -0.3214394621781937 -0.9469301305558894 0
    outer loop
      vertex -4.649424768984318 -1.3988151103258133 -1
      vertex -4.29021804779768 -1.5207493603229523 -1
      vertex -4.29021804779768 -1.5207493603229523 0
    endloop
  endfacet
  facet normal 0.06540311591729082 -0.9978589241111738 0
    outer loop
      vertex -5.778525955975056 -1.3248099014163017 -1
      vertex -5.399999998509884 -1.3000000044703484 -1
      vertex -5.399999998509884 -1.3000000044703484 0
    endloop
  endfacet
  facet normal -0.06540311591729084 -0.9978589241111739 0
    outer loop
      vertex -5.399999998509884 -1.3000000044703484 -1
      vertex -5.021474041044712 -1.3248099014163017 -1
      vertex -5.021474041044712 -1.3248099014163017 0.010000000000000009
    endloop
  endfacet
  facet normal -0.19509034083736523 -0.9807852766594534 0
    outer loop
      vertex -5.021474041044712 -1.3248099014163017 -1
      vertex -4.649424768984318 -1.3988151103258133 -1
      vertex -4.649424768984318 -1.3988151103258133 0
    endloop
  endfacet
  facet normal 0.06540311591729082 -0.9978589241111738 0
    outer loop
      vertex -5.778525955975056 -1.3248099014163017 -1
      vertex -5.399999998509884 -1.3000000044703484 0
      vertex -5.778525955975056 -1.3248099014163017 0
    endloop
  endfacet
  facet normal -0.06540311591729082 -0.9978589241111738 0
    outer loop
      vertex -5.399999998509884 -1.3000000044703484 -1
      vertex -5.021474041044712 -1.3248099014163017 0.010000000000000009
      vertex -5.399999998509884 -1.3000000044703484 0
    endloop
  endfacet
  facet normal -0.19509034083736526 -0.9807852766594536 0
    outer loop
      vertex -5.021474041044712 -1.3248099014163017 -1
      vertex -4.649424768984318 -1.3988151103258133 0.010000000000000009
      vertex -5.021474041044712 -1.3248099014163017 0.010000000000000009
    endloop
  endfacet
  facet normal -0.19509034083736607 -0.9807852766594533 0
    outer loop
      vertex -5.021474041044712 -1.3248099014163017 -1
      vertex -4.649424768984318 -1.3988151103258133 0
      vertex -4.649424768984318 -1.3988151103258133 0.010000000000000009
    endloop
  endfacet
  facet normal -0.3214394621781937 -0.9469301305558894 0
    outer loop
      vertex -4.649424768984318 -1.3988151103258133 -1
      vertex -4.29021804779768 -1.5207493603229523 0
      vertex -4.649424768984318 -1.3988151103258133 0
    endloop
  endfacet
  facet normal -0.4422886811564273 -0.8968727460018551 0
    outer loop
      vertex -4.29021804779768 -1.5207493603229523 -1
      vertex -3.9499999955296516 -1.6885263323783875 -1
      vertex -3.9499999955296516 -1.6885263323783875 0
    endloop
  endfacet
  facet normal -0.5555702398623978 -0.8314696077303353 0
    outer loop
      vertex -3.9499999955296516 -1.6885263323783875 -1
      vertex -3.634591855108738 -1.899275317788124 -1
      vertex -3.634591855108738 -1.899275317788124 0
    endloop
  endfacet
  facet normal -0.8314696077303353 -0.5555702398623978 0
    outer loop
      vertex -2.888526327908039 -2.75 -1
      vertex -2.888526327908039 -2.75 0
      vertex -3.0992753133177757 -2.4345918595790863 -1
    endloop
  endfacet
  facet normal -0.7518398047970242 -0.6593458181582503 0
    outer loop
      vertex -3.349390335381031 -2.1493903398513794 -1
      vertex -3.0992753133177757 -2.4345918595790863 -1
      vertex -3.0992753133177757 -2.4345918595790863 0.010000000000000009
    endloop
  endfacet
  facet normal -0.6593458181582503 -0.7518398047970242 0
    outer loop
      vertex -3.634591855108738 -1.899275317788124 -1
      vertex -3.349390335381031 -2.1493903398513794 -1
      vertex -3.349390335381031 -2.1493903398513794 0.010000000000000009
    endloop
  endfacet
  facet normal -0.4422886811564273 -0.8968727460018551 0
    outer loop
      vertex -4.29021804779768 -1.5207493603229523 -1
      vertex -3.9499999955296516 -1.6885263323783875 0.010000000000000009
      vertex -4.29021804779768 -1.5207493603229523 0
    endloop
  endfacet
  facet normal -0.4422886811564295 -0.8968727460018542 0
    outer loop
      vertex -4.29021804779768 -1.5207493603229523 -1
      vertex -3.9499999955296516 -1.6885263323783875 0
      vertex -3.9499999955296516 -1.6885263323783875 0.010000000000000009
    endloop
  endfacet
  facet normal -0.5555702398623978 -0.8314696077303353 0
    outer loop
      vertex -3.9499999955296516 -1.6885263323783875 -1
      vertex -3.634591855108738 -1.899275317788124 0
      vertex -3.9499999955296516 -1.6885263323783875 0
    endloop
  endfacet
  facet normal -0.8314696077303355 -0.5555702398623975 0
    outer loop
      vertex -3.0992753133177757 -2.4345918595790863 -1
      vertex -2.888526327908039 -2.75 0
      vertex -2.888526327908039 -2.75 0.010000000000000009
    endloop
  endfacet
  facet normal -0.7518398047970242 -0.6593458181582503 0
    outer loop
      vertex -3.349390335381031 -2.1493903398513794 -1
      vertex -3.0992753133177757 -2.4345918595790863 0.010000000000000009
      vertex -3.349390335381031 -2.1493903398513794 0.010000000000000009
    endloop
  endfacet
  facet normal -0.8314696077303353 -0.5555702398623978 0
    outer loop
      vertex -3.0992753133177757 -2.4345918595790863 -1
      vertex -2.888526327908039 -2.75 0.010000000000000009
      vertex -3.0992753133177757 -2.4345918595790863 0.010000000000000009
    endloop
  endfacet
  facet normal -0.6593458181582503 -0.7518398047970243 0
    outer loop
      vertex -3.634591855108738 -1.899275317788124 -1
      vertex -3.349390335381031 -2.1493903398513794 0.010000000000000009
      vertex -3.634591855108738 -1.899275317788124 0
    endloop
  endfacet
  facet normal 0.06540311591729081 -0.9978589241111738 0
    outer loop
      vertex -5.778525955975056 -1.3248099014163017 0.010000000000000009
      vertex -5.778525955975056 -1.3248099014163017 0
      vertex -5.399999998509884 -1.3000000044703484 0.010000000000000009
    endloop
  endfacet
  facet normal -0.06540311591729081 -0.9978589241111738 0
    outer loop
      vertex -5.399999998509884 -1.3000000044703484 0.010000000000000009
      vertex -5.399999998509884 -1.3000000044703484 0
      vertex -5.021474041044712 -1.3248099014163017 0.010000000000000009
    endloop
  endfacet
  facet normal -0.3214394621781937 -0.9469301305558893 0
    outer loop
      vertex -4.649424768984318 -1.3988151103258133 0.010000000000000009
      vertex -4.649424768984318 -1.3988151103258133 0
      vertex -4.29021804779768 -1.5207493603229523 0.010000000000000009
    endloop
  endfacet
  facet normal -0.4422886811564273 -0.8968727460018552 0
    outer loop
      vertex -4.29021804779768 -1.5207493603229523 0.010000000000000009
      vertex -4.29021804779768 -1.5207493603229523 0
      vertex -3.9499999955296516 -1.6885263323783875 0.010000000000000009
    endloop
  endfacet
  facet normal -0.5555702398623978 -0.8314696077303353 0
    outer loop
      vertex -3.9499999955296516 -1.6885263323783875 0.010000000000000009
      vertex -3.9499999955296516 -1.6885263323783875 0
      vertex -3.634591855108738 -1.899275317788124 0.010000000000000009
    endloop
  endfacet
  facet normal -0.6593458181582503 -0.7518398047970243 0
    outer loop
      vertex -3.634591855108738 -1.899275317788124 0.010000000000000009
      vertex -3.634591855108738 -1.899275317788124 0
      vertex -3.349390335381031 -2.1493903398513794 0.010000000000000009
    endloop
  endfacet
  facet normal -0.8968727460018552 0.4422886811564274 0
    outer loop
      vertex -2.888526327908039 -5.6500000059604645 -1
      vertex -2.888526327908039 -5.6500000059604645 0.010000000000000009
      vertex -2.720749355852604 -5.309781953692436 -1
    endloop
  endfacet
  facet normal -0.9469301305558893 0.3214394621781937 0
    outer loop
      vertex -2.720749355852604 -5.309781953692436 -1
      vertex -2.720749355852604 -5.309781953692436 0.010000000000000009
      vertex -2.598815105855465 -4.950575232505798 -1
    endloop
  endfacet
  facet normal -0.9807852766594534 0.19509034083736523 0
    outer loop
      vertex -2.598815105855465 -4.950575232505798 -1
      vertex -2.598815105855465 -4.950575232505798 0
      vertex -2.5248098969459534 -4.578525960445404 -1
    endloop
  endfacet
  facet normal -0.9978589241111738 0.06540311591729082 2.8211170155191046e-17
    outer loop
      vertex -2.5248098969459534 -4.578525960445404 -1
      vertex -2.524564254401934 -4.574778178688323 0
      vertex -2.5 -4.200000002980232 -1
    endloop
  endfacet
  facet normal -0.8968727460018552 0.4422886811564274 0
    outer loop
      vertex -2.720749355852604 -5.309781953692436 -1
      vertex -2.888526327908039 -5.6500000059604645 0.010000000000000009
      vertex -2.720749355852604 -5.309781953692436 0.010000000000000009
    endloop
  endfacet
  facet normal -0.9469301305558894 0.3214394621781937 0
    outer loop
      vertex -2.598815105855465 -4.950575232505798 -1
      vertex -2.720749355852604 -5.309781953692436 0.010000000000000009
      vertex -2.598815105855465 -4.950575232505798 0
    endloop
  endfacet
  facet normal -0.9807852766594537 0.19509034083736396 0
    outer loop
      vertex -2.5248098969459534 -4.578525960445404 -1
      vertex -2.598815105855465 -4.950575232505798 0
      vertex -2.598815105855465 -4.950575232505798 0.010000000000000009
    endloop
  endfacet
  facet normal -0.9807852766594536 0.19509034083736526 0
    outer loop
      vertex -2.5248098969459534 -4.578525960445404 -1
      vertex -2.598815105855465 -4.950575232505798 0.010000000000000009
      vertex -2.5248098969459534 -4.578525960445404 0.010000000000000009
    endloop
  endfacet
  facet normal -0.9978589241111734 0.06540311591729832 0
    outer loop
      vertex -2.5248098969459534 -4.578525960445404 -1
      vertex -2.5248098969459534 -4.578525960445404 0.010000000000000009
      vertex -2.524564254401934 -4.574778178688323 0
    endloop
  endfacet
  facet normal -0.9978589241111738 -0.06540311591729082 0
    outer loop
      vertex -2.5248098969459534 -3.8214740455150604 -1
      vertex -2.5 -4.200000002980232 -1
      vertex -2.5 -4.200000002980232 0
    endloop
  endfacet
  facet normal -0.9807852766594534 -0.19509034083736523 1.5516806466901126e-16
    outer loop
      vertex -2.5248098969459534 -3.8214740455150604 -1
      vertex -2.5255426217866415 -3.8177903893560465 0
      vertex -2.598815105855465 -3.449424773454666 -1
    endloop
  endfacet
  facet normal -0.9469301305558894 -0.3214394621781937 0
    outer loop
      vertex -2.598815105855465 -3.449424773454666 -1
      vertex -2.598815105855465 -3.449424773454666 0
      vertex -2.720749355852604 -3.0902180522680283 -1
    endloop
  endfacet
  facet normal -0.8968727460018551 -0.4422886811564273 0
    outer loop
      vertex -2.720749355852604 -3.0902180522680283 -1
      vertex -2.720749355852604 -3.0902180522680283 0
      vertex -2.888526327908039 -2.75 -1
    endloop
  endfacet
  facet normal -0.9978589241111739 0.06540311591729074 0
    outer loop
      vertex -2.5 -4.200000002980232 -1
      vertex -2.524564254401934 -4.574778178688323 0
      vertex -2.5 -4.200000002980232 0
    endloop
  endfacet
  facet normal -0.9978589241111739 -0.06540311591729084 0
    outer loop
      vertex -2.5248098969459534 -3.8214740455150604 -1
      vertex -2.5 -4.200000002980232 0
      vertex -2.5248098969459534 -3.8214740455150604 0.010000000000000009
    endloop
  endfacet
  facet normal -0.9807852766594615 -0.1950903408373247 0
    outer loop
      vertex -2.5248098969459534 -3.8214740455150604 -1
      vertex -2.5248098969459534 -3.8214740455150604 0.010000000000000009
      vertex -2.5255426217866415 -3.8177903893560465 0
    endloop
  endfacet
  facet normal -0.9807852766594535 -0.19509034083736565 0
    outer loop
      vertex -2.598815105855465 -3.449424773454666 -1
      vertex -2.5255426217866415 -3.8177903893560465 0
      vertex -2.598815105855465 -3.449424773454666 0
    endloop
  endfacet
  facet normal -0.9469301305558889 -0.32143946217819486 0
    outer loop
      vertex -2.720749355852604 -3.0902180522680283 -1
      vertex -2.598815105855465 -3.449424773454666 0
      vertex -2.598815105855465 -3.449424773454666 0.010000000000000009
    endloop
  endfacet
  facet normal -0.9469301305558894 -0.3214394621781937 0
    outer loop
      vertex -2.720749355852604 -3.0902180522680283 -1
      vertex -2.598815105855465 -3.449424773454666 0.010000000000000009
      vertex -2.720749355852604 -3.0902180522680283 0
    endloop
  endfacet
  facet normal 0 0 -1
    outer loop
      vertex -3.0992753133177757 -5.965408146381378 -1
      vertex -2.888526327908039 -5.6500000059604645 -1
      vertex 3.0992753133177757 -5.965408146381378 -1
    endloop
  endfacet
  facet normal 0 0 -1
    outer loop
      vertex -2.888526327908039 -5.6500000059604645 -1
      vertex -2.720749355852604 -5.309781953692436 -1
      vertex 2.888526327908039 -5.6500000059604645 -1
    endloop
  endfacet
  facet normal 0 0 -1
    outer loop
      vertex -2.720749355852604 -5.309781953692436 -1
      vertex -2.598815105855465 -4.950575232505798 -1
      vertex 2.720749355852604 -5.309781953692436 -1
    endloop
  endfacet
  facet normal 0 0 -1
    outer loop
      vertex -2.598815105855465 -4.950575232505798 -1
      vertex -2.5248098969459534 -4.578525960445404 -1
      vertex 2.598815105855465 -4.950575232505798 -1
    endloop
  endfacet
  facet normal 0 0 -1
    outer loop
      vertex -2.5248098969459534 -4.578525960445404 -1
      vertex -2.5 -4.200000002980232 -1
      vertex 2.5248098969459534 -4.578525960445404 -1
    endloop
  endfacet
  facet normal 0 0 -1
    outer loop
      vertex -2.5248098969459534 -3.8214740455150604 -1
      vertex 2.5 -4.200000002980232 -1
      vertex -2.5 -4.200000002980232 -1
    endloop
  endfacet
  facet normal 0 0 -1
    outer loop
      vertex -2.5248098969459534 -3.8214740455150604 -1
      vertex -2.598815105855465 -3.449424773454666 -1
      vertex 2.5248098969459534 -3.8214740455150604 -1
    endloop
  endfacet
  facet normal 0 0 -1
    outer loop
      vertex -2.598815105855465 -3.449424773454666 -1
      vertex -2.720749355852604 -3.0902180522680283 -1
      vertex 2.598815105855465 -3.449424773454666 -1
    endloop
  endfacet
  facet normal 0 0 -1
    outer loop
      vertex -2.720749355852604 -3.0902180522680283 -1
      vertex -2.888526327908039 -2.75 -1
      vertex 2.720749355852604 -3.0902180522680283 -1
    endloop
  endfacet
  facet normal -0.9978589241111738 -0.06540311591729081 0
    outer loop
      vertex -2.5248098969459534 -3.8214740455150604 0.010000000000000009
      vertex -2.5 -4.200000002980232 0
      vertex -2.5 -4.200000002980232 0.010000000000000009
    endloop
  endfacet
  facet normal -0.9807852766594535 -0.19509034083736526 0
    outer loop
      vertex -2.598815105855465 -3.449424773454666 0
      vertex -2.5248098969459534 -3.8214740455150604 0.010000000000000009
      vertex -2.598815105855465 -3.449424773454666 0.010000000000000009
    endloop
  endfacet
  facet normal -0.9469301305558893 -0.3214394621781937 0
    outer loop
      vertex -2.720749355852604 -3.0902180522680283 0.010000000000000009
      vertex -2.720749355852604 -3.0902180522680283 0
      vertex -2.598815105855465 -3.449424773454666 0.010000000000000009
    endloop
  endfacet
  facet normal -0.8968727460018551 -0.4422886811564273 0
    outer loop
      vertex -2.888526327908039 -2.75 -1
      vertex -2.720749355852604 -3.0902180522680283 0
      vertex -2.888526327908039 -2.75 0
    endloop
  endfacet
  facet normal 0 0 -1
    outer loop
      vertex -3.349390335381031 -2.1493903398513794 -1
      vertex 3.0992753133177757 -2.4345918595790863 -1
      vertex -3.0992753133177757 -2.4345918595790863 -1
    endloop
  endfacet
  facet normal 0 0 -1
    outer loop
      vertex -2.888526327908039 -2.75 -1
      vertex -3.0992753133177757 -2.4345918595790863 -1
      vertex 2.888526327908039 -2.75 -1
    endloop
  endfacet
  facet normal 0 0 -1
    outer loop
      vertex -3.634591855108738 -1.899275317788124 -1
      vertex 3.349390335381031 -2.1493903398513794 -1
      vertex -3.349390335381031 -2.1493903398513794 -1
    endloop
  endfacet
  facet normal -0.8968727460018552 -0.4422886811564273 0
    outer loop
      vertex -2.888526327908039 -2.75 0
      vertex -2.720749355852604 -3.0902180522680283 0.010000000000000009
      vertex -2.888526327908039 -2.75 0.010000000000000009
    endloop
  endfacet
  facet normal -0.946930129067185 0.3214394665637754 0
    outer loop
      vertex -10.609184630215168 0.4493866562843323 -1
      vertex -10.609184630215168 0.4493866562843323 0
      vertex -10.3737253844738 1.1430272236466408 -1
    endloop
  endfacet
  facet normal -0.9807852820260391 0.19509031385771816 0
    outer loop
      vertex -10.609184630215168 0.4493866562843323 -1
      vertex -10.752091221511364 -0.2690533250570297 0
      vertex -10.609184630215168 0.4493866562843323 0
    endloop
  endfacet
  facet normal -0.946930129067185 0.3214394665637754 0
    outer loop
      vertex -10.3737253844738 1.1430272236466408 -1
      vertex -10.609184630215168 0.4493866562843323 0
      vertex -10.3737253844738 1.1430272236466408 0
    endloop
  endfacet
  facet normal -0.8968727376485511 0.4422886980952521 0
    outer loop
      vertex -10.3737253844738 1.1430272236466408 -1
      vertex -10.3737253844738 1.1430272236466408 0
      vertex -10.049742259085178 1.7999999970197678 -1
    endloop
  endfacet
  facet normal 0 0 -1
    outer loop
      vertex -8.201184891164303 -3.449424773454666 -1
      vertex -10.049742259085178 1.7999999970197678 -1
      vertex -9.64277870208025 2.4090640023350716 -1
    endloop
  endfacet
  facet normal 0 0 -1
    outer loop
      vertex -8.201184891164303 -3.449424773454666 -1
      vertex -9.64277870208025 2.4090640023350716 -1
      vertex -9.159797973930836 2.9597979709506035 -1
    endloop
  endfacet
  facet normal -0.8314696126004029 0.555570232573827 0
    outer loop
      vertex -10.049742259085178 1.7999999970197678 -1
      vertex -10.049742259085178 1.7999999970197678 0
      vertex -9.64277870208025 2.4090640023350716 -1
    endloop
  endfacet
  facet normal -0.7518398072739245 0.6593458153338869 0
    outer loop
      vertex -9.64277870208025 2.4090640023350716 -1
      vertex -9.64277870208025 2.4090640023350716 0
      vertex -9.159797973930836 2.9597979709506035 -1
    endloop
  endfacet
  facet normal -0.8968727376485511 0.4422886980952521 0
    outer loop
      vertex -10.049742259085178 1.7999999970197678 -1
      vertex -10.3737253844738 1.1430272236466408 0
      vertex -10.049742259085178 1.7999999970197678 0
    endloop
  endfacet
  facet normal -0.8314696126004029 0.555570232573827 0
    outer loop
      vertex -9.64277870208025 2.4090640023350716 -1
      vertex -10.049742259085178 1.7999999970197678 0
      vertex -9.64277870208025 2.4090640023350716 0
    endloop
  endfacet
  facet normal -0.7518398072739245 0.6593458153338869 0
    outer loop
      vertex -9.159797973930836 2.9597979709506035 -1
      vertex -9.64277870208025 2.4090640023350716 0
      vertex -9.159797973930836 2.9597979709506035 0
    endloop
  endfacet
  facet normal -0.6593458210833091 0.7518398022318166 0
    outer loop
      vertex -9.159797973930836 2.9597979709506035 -1
      vertex -9.159797973930836 2.9597979709506035 0
      vertex -8.609064005315304 3.442778706550598 -1
    endloop
  endfacet
  facet normal 0 0 -1
    outer loop
      vertex -8.201184891164303 -3.449424773454666 -1
      vertex -9.159797973930836 2.9597979709506035 -1
      vertex -8.609064005315304 3.442778706550598 -1
    endloop
  endfacet
  facet normal 0 0 -1
    outer loop
      vertex -8.201184891164303 -3.449424773454666 -1
      vertex -8.609064005315304 3.442778706550598 -1
      vertex -8 3.8497422635555267 -1
    endloop
  endfacet
  facet normal 0 0 -1
    outer loop
      vertex -8.201184891164303 -3.449424773454666 -1
      vertex -7.332084029912949 8.356798000633717 -1
      vertex -8.079250641167164 -3.0902180522680283 -1
    endloop
  endfacet
  facet normal 0 0 -1
    outer loop
      vertex -8.201184891164303 -3.449424773454666 -1
      vertex -8 3.8497422635555267 -1
      vertex -7.76765576004982 3.964321754872799 -1
    endloop
  endfacet
  facet normal 0 0 -1
    outer loop
      vertex -8.079250641167164 -3.0902180522680283 -1
      vertex -5.607270419597626 9.680294036865234 -1
      vertex -7.911473669111729 -2.75 -1
    endloop
  endfacet
  facet normal 0 0 -1
    outer loop
      vertex -7.911473669111729 -2.75 -1
      vertex -5.087039992213249 9.856888473033905 -1
      vertex -7.700724683701992 -2.4345918595790863 -1
    endloop
  endfacet
  facet normal -0.555570232573827 0.8314696126004029 0
    outer loop
      vertex -8.609064005315304 3.442778706550598 -1
      vertex -8.609064005315304 3.442778706550598 0
      vertex -8 3.8497422635555267 -1
    endloop
  endfacet
  facet normal 0 0 -1
    outer loop
      vertex -8.201184891164303 -3.449424773454666 -1
      vertex -7.76765576004982 3.964321754872799 -1
      vertex -7.332084029912949 8.356798000633717 -1
    endloop
  endfacet
  facet normal -0.44228866575514036 0.896872753596929 0
    outer loop
      vertex -8 3.8497422635555267 -1
      vertex -8 3.8497422635555267 0
      vertex -7.76765576004982 3.964321754872799 -1
    endloop
  endfacet
  facet normal -0.9469301325134204 -0.32143945641149324 0
    outer loop
      vertex -8.056888468563557 4.712960012257099 -1
      vertex -7.880294039845467 4.192729584872723 -1
      vertex -7.880294039845467 4.192729584872723 0
    endloop
  endfacet
  facet normal -0.8968727366084096 -0.44228870020445055 0
    outer loop
      vertex -7.76765576004982 3.964321754872799 -1
      vertex -7.76765576004982 3.964321754872799 0
      vertex -7.880294039845467 4.192729584872723 -1
    endloop
  endfacet
  facet normal -0.6593458210833091 0.7518398022318166 0
    outer loop
      vertex -8.609064005315304 3.442778706550598 -1
      vertex -9.159797973930836 2.9597979709506035 0
      vertex -8.609064005315304 3.442778706550598 0
    endloop
  endfacet
  facet normal -0.555570232573827 0.8314696126004029 0
    outer loop
      vertex -8 3.8497422635555267 -1
      vertex -8.609064005315304 3.442778706550598 0
      vertex -8 3.8497422635555267 0
    endloop
  endfacet
  facet normal -0.44228866575514036 0.896872753596929 0
    outer loop
      vertex -7.76765576004982 3.964321754872799 -1
      vertex -8 3.8497422635555267 0
      vertex -7.76765576004982 3.964321754872799 0
    endloop
  endfacet
  facet normal -0.8968727366084096 -0.44228870020445055 0
    outer loop
      vertex -7.880294039845467 4.192729584872723 -1
      vertex -7.76765576004982 3.964321754872799 0
      vertex -7.880294039845467 4.192729584872723 0
    endloop
  endfacet
  facet normal -0.9807852804705055 -0.1950903216779139 0
    outer loop
      vertex -8.056888468563557 4.712960012257099 -1
      vertex -8.056888468563557 4.712960012257099 0
      vertex -8.164068415760994 5.25178999453783 -1
    endloop
  endfacet
  facet normal 0 0 -1
    outer loop
      vertex -8.164068415760994 5.25178999453783 -1
      vertex -8.200000002980232 5.799999997019768 -1
      vertex -8.164068415760994 6.348210006952286 -1
    endloop
  endfacet
  facet normal -0.9978589226082154 -0.06540313884800666 0
    outer loop
      vertex -8.164068415760994 5.25178999453783 -1
      vertex -8.164068415760994 5.25178999453783 0
      vertex -8.200000002980232 5.799999997019768 -1
    endloop
  endfacet
  facet normal 0 0 -1
    outer loop
      vertex -8.079250641167164 -3.0902180522680283 -1
      vertex -7.332084029912949 8.356798000633717 -1
      vertex -6.969848483800888 8.769848480820656 -1
    endloop
  endfacet
  facet normal 0 0 -1
    outer loop
      vertex -8.056888468563557 4.712960012257099 -1
      vertex -7.332084029912949 8.356798000633717 -1
      vertex -7.880294039845467 4.192729584872723 -1
    endloop
  endfacet
  facet normal 0 0 -1
    outer loop
      vertex -7.76765576004982 3.964321754872799 -1
      vertex -7.880294039845467 4.192729584872723 -1
      vertex -7.332084029912949 8.356798000633717 -1
    endloop
  endfacet
  facet normal -0.9807852804705055 -0.1950903216779139 0
    outer loop
      vertex -8.164068415760994 5.25178999453783 -1
      vertex -8.056888468563557 4.712960012257099 0
      vertex -8.164068415760994 5.25178999453783 0
    endloop
  endfacet
  facet normal -0.9978589226082154 -0.06540313884800666 0
    outer loop
      vertex -8.200000002980232 5.799999997019768 -1
      vertex -8.164068415760994 5.25178999453783 0
      vertex -8.200000002980232 5.799999997019768 0
    endloop
  endfacet
  facet normal -0.9469301325134204 -0.32143945641149324 0
    outer loop
      vertex -8.056888468563557 4.712960012257099 -1
      vertex -7.880294039845467 4.192729584872723 0
      vertex -8.056888468563557 4.712960012257099 0
    endloop
  endfacet
  facet normal 0 0 -1
    outer loop
      vertex -8.079250641167164 -3.0902180522680283 -1
      vertex -6.969848483800888 8.769848480820656 -1
      vertex -6.556798003613949 9.132084026932716 -1
    endloop
  endfacet
  facet normal 0 0 -1
    outer loop
      vertex -8.079250641167164 -3.0902180522680283 -1
      vertex -6.556798003613949 9.132084026932716 -1
      vertex -6.100000001490116 9.437306694686413 -1
    endloop
  endfacet
  facet normal 0 0 -1
    outer loop
      vertex -8.079250641167164 -3.0902180522680283 -1
      vertex -6.100000001490116 9.437306694686413 -1
      vertex -5.607270419597626 9.680294036865234 -1
    endloop
  endfacet
  facet normal 0 0 -1
    outer loop
      vertex -7.911473669111729 -2.75 -1
      vertex -5.607270419597626 9.680294036865234 -1
      vertex -5.087039992213249 9.856888473033905 -1
    endloop
  endfacet
  facet normal 0 0 -1
    outer loop
      vertex -7.700724683701992 -2.4345918595790863 -1
      vertex -5.087039992213249 9.856888473033905 -1
      vertex -4.946891717612743 9.884765692055225 -1
    endloop
  endfacet
  facet normal 0 0 -1
    outer loop
      vertex -8.164068415760994 5.25178999453783 -1
      vertex -8.164068415760994 6.348210006952286 -1
      vertex -8.056888468563557 6.887039989233017 -1
    endloop
  endfacet
  facet normal -0.9978589226662262 0.06540313796293173 0
    outer loop
      vertex -8.200000002980232 5.799999997019768 -1
      vertex -8.200000002980232 5.799999997019768 0
      vertex -8.164068415760994 6.348210006952286 -1
    endloop
  endfacet
  facet normal -0.9807852804705055 0.1950903216779139 0
    outer loop
      vertex -8.164068415760994 6.348210006952286 -1
      vertex -8.164068415760994 6.348210006952286 0
      vertex -8.056888468563557 6.887039989233017 -1
    endloop
  endfacet
  facet normal 0 0 -1
    outer loop
      vertex -8.056888468563557 4.712960012257099 -1
      vertex -8.164068415760994 5.25178999453783 -1
      vertex -7.332084029912949 8.356798000633717 -1
    endloop
  endfacet
  facet normal 0 0 -1
    outer loop
      vertex -8.164068415760994 5.25178999453783 -1
      vertex -8.056888468563557 6.887039989233017 -1
      vertex -7.880294039845467 7.4072704166173935 -1
    endloop
  endfacet
  facet normal 0 0 -1
    outer loop
      vertex -8.164068415760994 5.25178999453783 -1
      vertex -7.880294039845467 7.4072704166173935 -1
      vertex -7.637306697666645 7.899999998509884 -1
    endloop
  endfacet
  facet normal 0 0 -1
    outer loop
      vertex -8.164068415760994 5.25178999453783 -1
      vertex -7.637306697666645 7.899999998509884 -1
      vertex -7.332084029912949 8.356798000633717 -1
    endloop
  endfacet
  facet normal -0.9469301325134204 0.32143945641149324 0
    outer loop
      vertex -8.056888468563557 6.887039989233017 -1
      vertex -8.056888468563557 6.887039989233017 0
      vertex -7.880294039845467 7.4072704166173935 -1
    endloop
  endfacet
  facet normal -0.9978589226662262 0.06540313796293173 0
    outer loop
      vertex -8.164068415760994 6.348210006952286 -1
      vertex -8.200000002980232 5.799999997019768 0
      vertex -8.164068415760994 6.348210006952286 0
    endloop
  endfacet
  facet normal -0.9807852804705055 0.1950903216779139 0
    outer loop
      vertex -8.056888468563557 6.887039989233017 -1
      vertex -8.164068415760994 6.348210006952286 0
      vertex -8.056888468563557 6.887039989233017 0
    endloop
  endfacet
  facet normal -0.9469301325134204 0.32143945641149324 0
    outer loop
      vertex -7.880294039845467 7.4072704166173935 -1
      vertex -8.056888468563557 6.887039989233017 0
      vertex -7.880294039845467 7.4072704166173935 0
    endloop
  endfacet
  facet normal -0.8968727396566777 0.4422886940231743 0
    outer loop
      vertex -7.880294039845467 7.4072704166173935 -1
      vertex -7.880294039845467 7.4072704166173935 0
      vertex -7.637306697666645 7.899999998509884 -1
    endloop
  endfacet
  facet normal -0.8314696115539245 0.5555702341399925 0
    outer loop
      vertex -7.637306697666645 7.899999998509884 -1
      vertex -7.637306697666645 7.899999998509884 0
      vertex -7.332084029912949 8.356798000633717 -1
    endloop
  endfacet
  facet normal -0.8968727396566777 0.4422886940231743 0
    outer loop
      vertex -7.637306697666645 7.899999998509884 -1
      vertex -7.880294039845467 7.4072704166173935 0
      vertex -7.637306697666645 7.899999998509884 0
    endloop
  endfacet
  facet normal -0.8314696115539245 0.5555702341399925 0
    outer loop
      vertex -7.332084029912949 8.356798000633717 -1
      vertex -7.637306697666645 7.899999998509884 0
      vertex -7.332084029912949 8.356798000633717 0
    endloop
  endfacet
  facet normal -0.7518398102217979 0.6593458119724817 0
    outer loop
      vertex -7.332084029912949 8.356798000633717 -1
      vertex -7.332084029912949 8.356798000633717 0
      vertex -6.969848483800888 8.769848480820656 -1
    endloop
  endfacet
  facet normal -0.7518398102217979 0.6593458119724817 0
    outer loop
      vertex -6.969848483800888 8.769848480820656 -1
      vertex -7.332084029912949 8.356798000633717 0
      vertex -6.969848483800888 8.769848480820656 0
    endloop
  endfacet
  facet normal -0.6593458119724817 0.7518398102217979 0
    outer loop
      vertex -6.969848483800888 8.769848480820656 -1
      vertex -6.969848483800888 8.769848480820656 0
      vertex -6.556798003613949 9.132084026932716 -1
    endloop
  endfacet
  facet normal -0.5555702341399925 0.8314696115539245 0
    outer loop
      vertex -6.556798003613949 9.132084026932716 -1
      vertex -6.556798003613949 9.132084026932716 0
      vertex -6.100000001490116 9.437306694686413 -1
    endloop
  endfacet
  facet normal -0.4422886940231743 0.8968727396566777 0
    outer loop
      vertex -6.100000001490116 9.437306694686413 -1
      vertex -6.100000001490116 9.437306694686413 0
      vertex -5.607270419597626 9.680294036865234 -1
    endloop
  endfacet
  facet normal -0.6593458119724817 0.7518398102217979 0
    outer loop
      vertex -6.556798003613949 9.132084026932716 -1
      vertex -6.969848483800888 8.769848480820656 0
      vertex -6.556798003613949 9.132084026932716 0
    endloop
  endfacet
  facet normal -0.5555702341399925 0.8314696115539245 0
    outer loop
      vertex -6.100000001490116 9.437306694686413 -1
      vertex -6.556798003613949 9.132084026932716 0
      vertex -6.100000001490116 9.437306694686413 0
    endloop
  endfacet
  facet normal 0 0 -1
    outer loop
      vertex -7.700724683701992 -2.4345918595790863 -1
      vertex 0.4480365738272667 12.038730688393116 -1
      vertex -7.450609661638737 -2.1493903398513794 -1
    endloop
  endfacet
  facet normal 0 0 -1
    outer loop
      vertex -7.450609661638737 -2.1493903398513794 -1
      vertex 0.4480365738272667 12.038730688393116 -1
      vertex -7.16540814191103 -1.899275317788124 -1
    endloop
  endfacet
  facet normal 0 0 -1
    outer loop
      vertex -7.16540814191103 -1.899275317788124 -1
      vertex 0.4480365738272667 12.038730688393116 -1
      vertex -6.850000001490116 -1.6885263323783875 -1
    endloop
  endfacet
  facet normal 0 0 -1
    outer loop
      vertex -6.15057522803545 -1.3988151103258133 -1
      vertex 1.656249850988388 10 -1
      vertex -5.778525955975056 -1.3248099014163017 -1
    endloop
  endfacet
  facet normal 0 0 -1
    outer loop
      vertex -5.778525955975056 -1.3248099014163017 -1
      vertex 1.656249850988388 10 -1
      vertex -5.399999998509884 -1.3000000044703484 -1
    endloop
  endfacet
  facet normal 0 0 -1
    outer loop
      vertex -6.850000001490116 -1.6885263323783875 -1
      vertex 0.4480365738272667 12.038730688393116 -1
      vertex -6.509781949222088 -1.5207493603229523 -1
    endloop
  endfacet
  facet normal 0 0 -1
    outer loop
      vertex -6.509781949222088 -1.5207493603229523 -1
      vertex 0.4480365738272667 12.038730688393116 -1
      vertex -6.15057522803545 -1.3988151103258133 -1
    endloop
  endfacet
  facet normal 0 0 -1
    outer loop
      vertex -5.399999998509884 -1.3000000044703484 -1
      vertex 1.656249850988388 10 -1
      vertex -5.021474041044712 -1.3248099014163017 -1
    endloop
  endfacet
  facet normal 0 0 -1
    outer loop
      vertex -5.021474041044712 -1.3248099014163017 -1
      vertex 1.656249850988388 10 -1
      vertex -4.649424768984318 -1.3988151103258133 -1
    endloop
  endfacet
  facet normal 0 0 -1
    outer loop
      vertex -4.649424768984318 -1.3988151103258133 -1
      vertex 6.418543711304665 4.600000001490116 -1
      vertex -4.29021804779768 -1.5207493603229523 -1
    endloop
  endfacet
  facet normal 0 0 -1
    outer loop
      vertex -3.9499999955296516 -1.6885263323783875 -1
      vertex 6.418543711304665 4.600000001490116 -1
      vertex -3.634591855108738 -1.899275317788124 -1
    endloop
  endfacet
  facet normal 0 0 -1
    outer loop
      vertex -4.29021804779768 -1.5207493603229523 -1
      vertex 6.418543711304665 4.600000001490116 -1
      vertex -3.9499999955296516 -1.6885263323783875 -1
    endloop
  endfacet
  facet normal 0 0 -1
    outer loop
      vertex -7.700724683701992 -2.4345918595790863 -1
      vertex -4.946891717612743 9.884765692055225 -1
      vertex 0.4480365738272667 12.038730688393116 -1
    endloop
  endfacet
  facet normal -0.3214394685719019 0.9469301283855177 0
    outer loop
      vertex -5.607270419597626 9.680294036865234 -1
      vertex -5.607270419597626 9.680294036865234 0
      vertex -5.087039992213249 9.856888473033905 -1
    endloop
  endfacet
  facet normal -0.19509028119664293 0.9807852885227302 0
    outer loop
      vertex -5.087039992213249 9.856888473033905 -1
      vertex -5.087039992213249 9.856888473033905 0
      vertex -4.946891717612743 9.884765692055225 -1
    endloop
  endfacet
  facet normal -0.4422886940231743 0.8968727396566777 0
    outer loop
      vertex -5.607270419597626 9.680294036865234 -1
      vertex -6.100000001490116 9.437306694686413 0
      vertex -5.607270419597626 9.680294036865234 0
    endloop
  endfacet
  facet normal -0.3214394685719019 0.9469301283855177 0
    outer loop
      vertex -5.087039992213249 9.856888473033905 -1
      vertex -5.607270419597626 9.680294036865234 0
      vertex -5.087039992213249 9.856888473033905 0
    endloop
  endfacet
  facet normal -0.19509028119664293 0.9807852885227302 0
    outer loop
      vertex -4.946891717612743 9.884765692055225 -1
      vertex -5.087039992213249 9.856888473033905 0
      vertex -4.946891717612743 9.884765692055225 0
    endloop
  endfacet
  facet normal -0.9595434101928856 -0.28156072871657295 0
    outer loop
      vertex -4.946891717612743 9.884765692055225 -1
      vertex -4.946891717612743 9.884765692055225 0
      vertex -6.0557035729289055 13.663535244762897 0
    endloop
  endfacet
  facet normal 0 0 -1
    outer loop
      vertex -6.15057522803545 -1.3988151103258133 -1
      vertex 0.4480365738272667 12.038730688393116 -1
      vertex 0.7627416998147964 11.762741699814796 -1
    endloop
  endfacet
  facet normal 0 0 -1
    outer loop
      vertex -6.15057522803545 -1.3988151103258133 -1
      vertex 1.590962640941143 10.328220941126347 -1
      vertex 1.656249850988388 10 -1
    endloop
  endfacet
  facet normal 0 0 -1
    outer loop
      vertex -6.15057522803545 -1.3988151103258133 -1
      vertex 1.4564145058393478 10.724586986005306 -1
      vertex 1.590962640941143 10.328220941126347 -1
    endloop
  endfacet
  facet normal 0 0 -1
    outer loop
      vertex -6.15057522803545 -1.3988151103258133 -1
      vertex 1.2712812945246696 11.100000001490116 -1
      vertex 1.4564145058393478 10.724586986005306 -1
    endloop
  endfacet
  facet normal 0 0 -1
    outer loop
      vertex -6.15057522803545 -1.3988151103258133 -1
      vertex 0.7627416998147964 11.762741699814796 -1
      vertex 1.038730688393116 11.448036573827267 -1
    endloop
  endfacet
  facet normal 0 0 -1
    outer loop
      vertex -6.15057522803545 -1.3988151103258133 -1
      vertex 1.038730688393116 11.448036573827267 -1
      vertex 1.2712812945246696 11.100000001490116 -1
    endloop
  endfacet
  facet normal 0 0 -1
    outer loop
      vertex -4.649424768984318 -1.3988151103258133 -1
      vertex 1.656249850988388 10 -1
      vertex 2.399999998509884 10 -1
    endloop
  endfacet
  facet normal -0.980785278920942 -0.1950903294680954 0
    outer loop
      vertex -6.0557035729289055 13.663535244762897 -1
      vertex -6.0557035729289055 13.663535244762897 0
      vertex -6.088878318667412 13.830315947532654 -1
    endloop
  endfacet
  facet normal -0.9978589223023538 -0.06540314351455032 0
    outer loop
      vertex -6.088878318667412 13.830315947532654 -1
      vertex -6.088878318667412 13.830315947532654 0
      vertex -6.100000001490116 14 -1
    endloop
  endfacet
  facet normal -0.9978589223023538 0.06540314351455032 0
    outer loop
      vertex -6.100000001490116 14 -1
      vertex -6.100000001490116 14 0
      vertex -6.088878318667412 14.169684052467346 -1
    endloop
  endfacet
  facet normal -0.980785278920942 0.1950903294680954 0
    outer loop
      vertex -6.088878318667412 14.169684052467346 -1
      vertex -6.088878318667412 14.169684052467346 0
      vertex -6.0557035729289055 14.336464755237103 -1
    endloop
  endfacet
  facet normal -0.94693013688022 0.3214394435473153 0
    outer loop
      vertex -6.0557035729289055 14.336464755237103 -1
      vertex -6.0557035729289055 14.336464755237103 0
      vertex -6.001043394207954 14.497488461434841 -1
    endloop
  endfacet
  facet normal -0.8968727340730196 0.44228870534571263 0
    outer loop
      vertex -6.001043394207954 14.497488461434841 -1
      vertex -6.001043394207954 14.497488461434841 0
      vertex -5.925833024084568 14.649999998509884 -1
    endloop
  endfacet
  facet normal -0.980785278920942 -0.1950903294680954 0
    outer loop
      vertex -6.088878318667412 13.830315947532654 -1
      vertex -6.0557035729289055 13.663535244762897 0
      vertex -6.088878318667412 13.830315947532654 0
    endloop
  endfacet
  facet normal -0.9978589223023538 -0.06540314351455032 0
    outer loop
      vertex -6.100000001490116 14 -1
      vertex -6.088878318667412 13.830315947532654 0
      vertex -6.100000001490116 14 0
    endloop
  endfacet
  facet normal -0.9978589223023538 0.06540314351455032 0
    outer loop
      vertex -6.088878318667412 14.169684052467346 -1
      vertex -6.100000001490116 14 0
      vertex -6.088878318667412 14.169684052467346 0
    endloop
  endfacet
  facet normal -0.980785278920942 0.1950903294680954 0
    outer loop
      vertex -6.0557035729289055 14.336464755237103 -1
      vertex -6.088878318667412 14.169684052467346 0
      vertex -6.0557035729289055 14.336464755237103 0
    endloop
  endfacet
  facet normal -0.94693013688022 0.3214394435473153 0
    outer loop
      vertex -6.001043394207954 14.497488461434841 -1
      vertex -6.0557035729289055 14.336464755237103 0
      vertex -6.001043394207954 14.497488461434841 0
    endloop
  endfacet
  facet normal -0.8968727340730196 0.44228870534571263 0
    outer loop
      vertex -5.925833024084568 14.649999998509884 -1
      vertex -6.001043394207954 14.497488461434841 0
      vertex -5.925833024084568 14.649999998509884 0
    endloop
  endfacet
  facet normal -0.8314696200834688 0.5555702213746269 0
    outer loop
      vertex -5.925833024084568 14.649999998509884 -1
      vertex -5.925833024084568 14.649999998509884 0
      vertex -5.831359341740608 14.791389860212803 -1
    endloop
  endfacet
  facet normal -0.9595434101928856 -0.28156072871657295 0
    outer loop
      vertex -4.946891717612743 9.884765692055225 -1
      vertex -6.0557035729289055 13.663535244762897 0
      vertex -6.0557035729289055 13.663535244762897 -1
    endloop
  endfacet
  facet normal 0 0 -1
    outer loop
      vertex -4.946891717612743 9.884765692055225 -1
      vertex -6.0557035729289055 13.663535244762897 -1
      vertex -4.0086101442575455 15.03135934472084 -1
    endloop
  endfacet
  facet normal 0 0 -1
    outer loop
      vertex -6.0557035729289055 13.663535244762897 -1
      vertex -6.088878318667412 13.830315947532654 -1
      vertex -5.297488458454609 15.201043389737606 -1
    endloop
  endfacet
  facet normal 0 0 -1
    outer loop
      vertex -6.088878318667412 13.830315947532654 -1
      vertex -6.100000001490116 14 -1
      vertex -5.297488458454609 15.201043389737606 -1
    endloop
  endfacet
  facet normal 0 0 -1
    outer loop
      vertex -6.100000001490116 14 -1
      vertex -6.088878318667412 14.169684052467346 -1
      vertex -5.297488458454609 15.201043389737606 -1
    endloop
  endfacet
  facet normal 0 0 -1
    outer loop
      vertex -6.088878318667412 14.169684052467346 -1
      vertex -6.0557035729289055 14.336464755237103 -1
      vertex -5.297488458454609 15.201043389737606 -1
    endloop
  endfacet
  facet normal 0 0 -1
    outer loop
      vertex -6.0557035729289055 14.336464755237103 -1
      vertex -6.001043394207954 14.497488461434841 -1
      vertex -5.297488458454609 15.201043389737606 -1
    endloop
  endfacet
  facet normal 0 0 -1
    outer loop
      vertex -6.0557035729289055 13.663535244762897 -1
      vertex -4.302511535584927 15.201043389737606 -1
      vertex -4.149999998509884 15.1258330270648 -1
    endloop
  endfacet
  facet normal 0 0 -1
    outer loop
      vertex -6.0557035729289055 13.663535244762897 -1
      vertex -4.149999998509884 15.1258330270648 -1
      vertex -4.0086101442575455 15.03135934472084 -1
    endloop
  endfacet
  facet normal 0 0 -1
    outer loop
      vertex -6.001043394207954 14.497488461434841 -1
      vertex -5.925833024084568 14.649999998509884 -1
      vertex -5.297488458454609 15.201043389737606 -1
    endloop
  endfacet
  facet normal 0 0 -1
    outer loop
      vertex -5.925833024084568 14.649999998509884 -1
      vertex -5.831359341740608 14.791389860212803 -1
      vertex -5.297488458454609 15.201043389737606 -1
    endloop
  endfacet
  facet normal 0 0 -1
    outer loop
      vertex -5.831359341740608 14.791389860212803 -1
      vertex -5.719238817691803 14.919238813221455 -1
      vertex -5.297488458454609 15.201043389737606 -1
    endloop
  endfacet
  facet normal 0 0 -1
    outer loop
      vertex -5.719238817691803 14.919238813221455 -1
      vertex -5.591389857232571 15.03135934472084 -1
      vertex -5.297488458454609 15.201043389737606 -1
    endloop
  endfacet
  facet normal 0 0 -1
    outer loop
      vertex -6.0557035729289055 13.663535244762897 -1
      vertex -5.297488458454609 15.201043389737606 -1
      vertex -5.136464759707451 15.255703575909138 -1
    endloop
  endfacet
  facet normal 0 0 -1
    outer loop
      vertex -6.0557035729289055 13.663535244762897 -1
      vertex -5.136464759707451 15.255703575909138 -1
      vertex -4.969684049487114 15.288878321647644 -1
    endloop
  endfacet
  facet normal 0 0 -1
    outer loop
      vertex -6.0557035729289055 13.663535244762897 -1
      vertex -4.969684049487114 15.288878321647644 -1
      vertex -4.799999997019768 15.299999997019768 -1
    endloop
  endfacet
  facet normal 0 0 -1
    outer loop
      vertex -6.0557035729289055 13.663535244762897 -1
      vertex -4.799999997019768 15.299999997019768 -1
      vertex -4.630315952003002 15.288878321647644 -1
    endloop
  endfacet
  facet normal 0 0 -1
    outer loop
      vertex -5.591389857232571 15.03135934472084 -1
      vertex -5.450000002980232 15.1258330270648 -1
      vertex -5.297488458454609 15.201043389737606 -1
    endloop
  endfacet
  facet normal -0.7518398032754188 0.6593458198933089 0
    outer loop
      vertex -5.831359341740608 14.791389860212803 -1
      vertex -5.831359341740608 14.791389860212803 0
      vertex -5.719238817691803 14.919238813221455 -1
    endloop
  endfacet
  facet normal -0.6593458229402005 0.7518398006033663 0
    outer loop
      vertex -5.719238817691803 14.919238813221455 -1
      vertex -5.719238817691803 14.919238813221455 0
      vertex -5.591389857232571 15.03135934472084 -1
    endloop
  endfacet
  facet normal -0.5555702416143045 0.8314696065597487 0
    outer loop
      vertex -5.591389857232571 15.03135934472084 -1
      vertex -5.591389857232571 15.03135934472084 0
      vertex -5.450000002980232 15.1258330270648 -1
    endloop
  endfacet
  facet normal -0.4422886527219382 0.8968727600241925 0
    outer loop
      vertex -5.450000002980232 15.1258330270648 -1
      vertex -5.450000002980232 15.1258330270648 0
      vertex -5.297488458454609 15.201043389737606 -1
    endloop
  endfacet
  facet normal -0.3214394961710906 0.9469301190168551 0
    outer loop
      vertex -5.297488458454609 15.201043389737606 -1
      vertex -5.297488458454609 15.201043389737606 0
      vertex -5.136464759707451 15.255703575909138 -1
    endloop
  endfacet
  facet normal 0 0 -1
    outer loop
      vertex -6.0557035729289055 13.663535244762897 -1
      vertex -4.630315952003002 15.288878321647644 -1
      vertex -4.463535241782665 15.255703575909138 -1
    endloop
  endfacet
  facet normal 0 0 -1
    outer loop
      vertex -6.0557035729289055 13.663535244762897 -1
      vertex -4.463535241782665 15.255703575909138 -1
      vertex -4.302511535584927 15.201043389737606 -1
    endloop
  endfacet
  facet normal -0.19509032108454616 0.9807852805885336 0
    outer loop
      vertex -5.136464759707451 15.255703575909138 -1
      vertex -5.136464759707451 15.255703575909138 0
      vertex -4.969684049487114 15.288878321647644 -1
    endloop
  endfacet
  facet normal -0.06540309988743218 0.997858925161826 0
    outer loop
      vertex -4.969684049487114 15.288878321647644 -1
      vertex -4.969684049487114 15.288878321647644 0
      vertex -4.799999997019768 15.299999997019768 -1
    endloop
  endfacet
  facet normal 0.0654031027469034 0.9978589249744063 0
    outer loop
      vertex -4.799999997019768 15.299999997019768 -1
      vertex -4.799999997019768 15.299999997019768 0
      vertex -4.630315952003002 15.288878321647644 -1
    endloop
  endfacet
  facet normal 0.3214394828347892 0.9469301235439198 0
    outer loop
      vertex -4.463535241782665 15.255703575909138 -1
      vertex -4.463535241782665 15.255703575909138 0
      vertex -4.302511535584927 15.201043389737606 -1
    endloop
  endfacet
  facet normal 0.19509032108454616 0.9807852805885336 0
    outer loop
      vertex -4.630315952003002 15.288878321647644 -1
      vertex -4.630315952003002 15.288878321647644 0
      vertex -4.463535241782665 15.255703575909138 -1
    endloop
  endfacet
  facet normal -0.8314696200834688 0.5555702213746269 0
    outer loop
      vertex -5.831359341740608 14.791389860212803 -1
      vertex -5.925833024084568 14.649999998509884 0
      vertex -5.831359341740608 14.791389860212803 0
    endloop
  endfacet
  facet normal -0.7518398032754188 0.6593458198933089 0
    outer loop
      vertex -5.719238817691803 14.919238813221455 -1
      vertex -5.831359341740608 14.791389860212803 0
      vertex -5.719238817691803 14.919238813221455 0
    endloop
  endfacet
  facet normal -0.6593458229402005 0.7518398006033663 0
    outer loop
      vertex -5.591389857232571 15.03135934472084 -1
      vertex -5.719238817691803 14.919238813221455 0
      vertex -5.591389857232571 15.03135934472084 0
    endloop
  endfacet
  facet normal -0.5555702416143045 0.8314696065597487 0
    outer loop
      vertex -5.450000002980232 15.1258330270648 -1
      vertex -5.591389857232571 15.03135934472084 0
      vertex -5.450000002980232 15.1258330270648 0
    endloop
  endfacet
  facet normal -0.4422886527219382 0.8968727600241925 0
    outer loop
      vertex -5.297488458454609 15.201043389737606 -1
      vertex -5.450000002980232 15.1258330270648 0
      vertex -5.297488458454609 15.201043389737606 0
    endloop
  endfacet
  facet normal -0.3214394961710906 0.9469301190168551 0
    outer loop
      vertex -5.136464759707451 15.255703575909138 -1
      vertex -5.297488458454609 15.201043389737606 0
      vertex -5.136464759707451 15.255703575909138 0
    endloop
  endfacet
  facet normal -0.19509032108454616 0.9807852805885336 0
    outer loop
      vertex -4.969684049487114 15.288878321647644 -1
      vertex -5.136464759707451 15.255703575909138 0
      vertex -4.969684049487114 15.288878321647644 0
    endloop
  endfacet
  facet normal -0.06540309988743218 0.997858925161826 0
    outer loop
      vertex -4.799999997019768 15.299999997019768 -1
      vertex -4.969684049487114 15.288878321647644 0
      vertex -4.799999997019768 15.299999997019768 0
    endloop
  endfacet
  facet normal 0.0654031027469034 0.9978589249744063 0
    outer loop
      vertex -4.630315952003002 15.288878321647644 -1
      vertex -4.799999997019768 15.299999997019768 0
      vertex -4.630315952003002 15.288878321647644 0
    endloop
  endfacet
  facet normal 0.19509032108454616 0.9807852805885336 0
    outer loop
      vertex -4.463535241782665 15.255703575909138 -1
      vertex -4.630315952003002 15.288878321647644 0
      vertex -4.463535241782665 15.255703575909138 0
    endloop
  endfacet
  facet normal 0.44228867010214257 0.896872751453225 0
    outer loop
      vertex -4.302511535584927 15.201043389737606 -1
      vertex -4.302511535584927 15.201043389737606 0
      vertex -4.149999998509884 15.1258330270648 -1
    endloop
  endfacet
  facet normal 0.5555702416143045 0.8314696065597487 0
    outer loop
      vertex -4.0086101442575455 15.03135934472084 -1
      vertex -4.149999998509884 15.1258330270648 -1
      vertex -4.149999998509884 15.1258330270648 0
    endloop
  endfacet
  facet normal 0.3214394828347892 0.9469301235439198 0
    outer loop
      vertex -4.302511535584927 15.201043389737606 -1
      vertex -4.463535241782665 15.255703575909138 0
      vertex -4.302511535584927 15.201043389737606 0
    endloop
  endfacet
  facet normal 0.44228867010214257 0.896872751453225 0
    outer loop
      vertex -4.149999998509884 15.1258330270648 -1
      vertex -4.302511535584927 15.201043389737606 0
      vertex -4.149999998509884 15.1258330270648 0
    endloop
  endfacet
  facet normal 0.5555702416143045 0.8314696065597487 0
    outer loop
      vertex -4.0086101442575455 15.03135934472084 -1
      vertex -4.149999998509884 15.1258330270648 0
      vertex -4.0086101442575455 15.03135934472084 0
    endloop
  endfacet
  facet normal 0 0 -1
    outer loop
      vertex -4.946891717612743 9.884765692055225 -1
      vertex -4.0086101442575455 15.03135934472084 -1
      vertex 0.4480365738272667 12.038730688393116 -1
    endloop
  endfacet
  facet normal 0.557473825986903 0.8301945153634324 0
    outer loop
      vertex -4.0086101442575455 15.03135934472084 -1
      vertex -4.0086101442575455 15.03135934472084 0
      vertex 0.4480365738272667 12.038730688393116 -1
    endloop
  endfacet
  facet normal 0.557473825986903 0.8301945153634324 0
    outer loop
      vertex 0.4480365738272667 12.038730688393116 -1
      vertex -4.0086101442575455 15.03135934472084 0
      vertex 0.4480365738272667 12.038730688393116 0
    endloop
  endfacet
  facet normal 0 0 -1
    outer loop
      vertex -9 -16.5 -1
      vertex 0.8353676274418831 -15.545247115194798 -1
      vertex 9 -16.5 -1
    endloop
  endfacet
  facet normal -0.06540312836072096 0.9978589232955885 0
    outer loop
      vertex 0 -15.600000001490116 -1
      vertex 0 -15.600000001490116 0
      vertex 0.8353676274418831 -15.545247115194798 -1
    endloop
  endfacet
  facet normal -0.19509032779741825 0.9807852792532604 0
    outer loop
      vertex 0.8353676274418831 -15.545247115194798 -1
      vertex 0.8353676274418831 -15.545247115194798 0
      vertex 1.6564418897032738 -15.381925284862518 -1
    endloop
  endfacet
  facet normal -0.06540312836072083 0.9978589232955883 0
    outer loop
      vertex 0.8353676274418831 -15.545247115194798 -1
      vertex 0 -15.600000001490116 0
      vertex 0 -15.600000001490116 0.010000000000000009
    endloop
  endfacet
  facet normal -0.06540312836072096 0.9978589232955885 0
    outer loop
      vertex 0.8353676274418831 -15.545247115194798 -1
      vertex 0 -15.600000001490116 0.010000000000000009
      vertex 0.8353676274418831 -15.545247115194798 0
    endloop
  endfacet
  facet normal -0.19509032779741825 0.9807852792532604 0
    outer loop
      vertex 1.6564418897032738 -15.381925284862518 -1
      vertex 0.8353676274418831 -15.545247115194798 0
      vertex 1.6564418897032738 -15.381925284862518 0
    endloop
  endfacet
  facet normal -0.3214394639176422 0.9469301299654261 0
    outer loop
      vertex 1.6564418897032738 -15.381925284862518 -1
      vertex 1.6564418897032738 -15.381925284862518 0
      vertex 2.449173964560032 -15.112829007208347 -1
    endloop
  endfacet
  facet normal -0.4422886864113955 0.8968727434103917 0
    outer loop
      vertex 2.449173964560032 -15.112829007208347 -1
      vertex 2.449173964560032 -15.112829007208347 0
      vertex 3.2000000029802322 -14.742562584578991 -1
    endloop
  endfacet
  facet normal -0.3214394639176413 0.9469301299654264 0
    outer loop
      vertex 2.449173964560032 -15.112829007208347 -1
      vertex 1.6564418897032738 -15.381925284862518 0
      vertex 1.6564418897032738 -15.381925284862518 0.010000000000000009
    endloop
  endfacet
  facet normal -0.3214394639176422 0.9469301299654261 0
    outer loop
      vertex 2.449173964560032 -15.112829007208347 -1
      vertex 1.6564418897032738 -15.381925284862518 0.010000000000000009
      vertex 2.449173964560032 -15.112829007208347 0
    endloop
  endfacet
  facet normal -0.44228868641139374 0.8968727434103925 0
    outer loop
      vertex 3.2000000029802322 -14.742562584578991 -1
      vertex 2.449173964560032 -15.112829007208347 0
      vertex 2.449173964560032 -15.112829007208347 0.010000000000000009
    endloop
  endfacet
  facet normal -0.06540312836072096 0.9978589232955883 0
    outer loop
      vertex 0.8353676274418831 -15.545247115194798 0.010000000000000009
      vertex 0.8353676274418831 -15.545247115194798 0
      vertex 0 -15.600000001490116 0.010000000000000009
    endloop
  endfacet
  facet normal 0.06540312836072094 -0.9978589232955883 0
    outer loop
      vertex 0 -13 -1
      vertex 0.8353676274418831 -12.945247113704681 -1
      vertex 0.8353676274418831 -12.945247113704681 0.010000000000000009
    endloop
  endfacet
  facet normal 0.1950903192363197 -0.9807852809561687 0
    outer loop
      vertex 0.8353676274418831 -12.945247113704681 -1
      vertex 1.6564418897032738 -12.781925290822983 -1
      vertex 1.6564418897032738 -12.781925290822983 0.010000000000000009
    endloop
  endfacet
  facet normal 0.06540312836072096 -0.9978589232955885 0
    outer loop
      vertex 0 -13 -1
      vertex 0.8353676274418831 -12.945247113704681 0.010000000000000009
      vertex 0 -13 0
    endloop
  endfacet
  facet normal 0.1950903192363197 -0.9807852809561687 0
    outer loop
      vertex 0.8353676274418831 -12.945247113704681 -1
      vertex 1.6564418897032738 -12.781925290822983 0.010000000000000009
      vertex 0.8353676274418831 -12.945247113704681 0.010000000000000009
    endloop
  endfacet
  facet normal 0.3214394718979105 -0.9469301272564902 0
    outer loop
      vertex 1.6564418897032738 -12.781925290822983 -1
      vertex 2.449173964560032 -12.512829005718231 -1
      vertex 2.449173964560032 -12.512829005718231 0.010000000000000009
    endloop
  endfacet
  facet normal 0.3214394718979105 -0.9469301272564902 0
    outer loop
      vertex 1.6564418897032738 -12.781925290822983 -1
      vertex 2.449173964560032 -12.512829005718231 0.010000000000000009
      vertex 1.6564418897032738 -12.781925290822983 0.010000000000000009
    endloop
  endfacet
  facet normal 0.44228868641139546 -0.8968727434103917 0
    outer loop
      vertex 2.449173964560032 -12.512829005718231 -1
      vertex 3.2000000029802322 -12.142562583088875 0.010000000000000009
      vertex 2.449173964560032 -12.512829005718231 0.010000000000000009
    endloop
  endfacet
  facet normal 0.06540312836072096 -0.9978589232955883 0
    outer loop
      vertex 0 -13 0.010000000000000009
      vertex 0 -13 0
      vertex 0.8353676274418831 -12.945247113704681 0.010000000000000009
    endloop
  endfacet
  facet normal 0 -1 0
    outer loop
      vertex -9 -16.5 -1
      vertex 9 -16.5 -1
      vertex 9 -16.5 0
    endloop
  endfacet
  facet normal 0 0 -1
    outer loop
      vertex 0.8353676274418831 -15.545247115194798 -1
      vertex 1.6564418897032738 -15.381925284862518 -1
      vertex 9 -16.5 -1
    endloop
  endfacet
  facet normal 0 0 -1
    outer loop
      vertex 1.6564418897032738 -15.381925284862518 -1
      vertex 2.449173964560032 -15.112829007208347 -1
      vertex 9 -16.5 -1
    endloop
  endfacet
  facet normal -0.4422886864113955 0.8968727434103917 0
    outer loop
      vertex 3.2000000029802322 -14.742562584578991 -1
      vertex 2.449173964560032 -15.112829007208347 0.010000000000000009
      vertex 3.2000000029802322 -14.742562584578991 0
    endloop
  endfacet
  facet normal 0 0 -1
    outer loop
      vertex 2.449173964560032 -15.112829007208347 -1
      vertex 3.2000000029802322 -14.742562584578991 -1
      vertex 9 -16.5 -1
    endloop
  endfacet
  facet normal 0 0 -1
    outer loop
      vertex 3.2000000029802322 -14.742562584578991 -1
      vertex 3.8960731476545334 -14.277461379766464 -1
      vertex 9 -16.5 -1
    endloop
  endfacet
  facet normal 0 0 -1
    outer loop
      vertex 3.8960731476545334 -14.277461379766464 -1
      vertex 4.525483399629593 -13.725483402609825 -1
      vertex 9 -16.5 -1
    endloop
  endfacet
  facet normal -0.5555702322861513 0.8314696127926215 0
    outer loop
      vertex 3.2000000029802322 -14.742562584578991 -1
      vertex 3.2000000029802322 -14.742562584578991 0
      vertex 3.8960731476545334 -14.277461379766464 -1
    endloop
  endfacet
  facet normal -0.6593458155107155 0.75183980711885 0
    outer loop
      vertex 3.8960731476545334 -14.277461379766464 -1
      vertex 3.8960731476545334 -14.277461379766464 0
      vertex 4.525483399629593 -13.725483402609825 -1
    endloop
  endfacet
  facet normal -0.5555702322861507 0.8314696127926218 0
    outer loop
      vertex 3.8960731476545334 -14.277461379766464 -1
      vertex 3.2000000029802322 -14.742562584578991 0
      vertex 3.2000000029802322 -14.742562584578991 0.010000000000000009
    endloop
  endfacet
  facet normal -0.5555702322861513 0.8314696127926215 0
    outer loop
      vertex 3.8960731476545334 -14.277461379766464 -1
      vertex 3.2000000029802322 -14.742562584578991 0.010000000000000009
      vertex 3.8960731476545334 -14.277461379766464 0
    endloop
  endfacet
  facet normal -0.6593458155107156 0.7518398071188499 0
    outer loop
      vertex 4.525483399629593 -13.725483402609825 -1
      vertex 3.8960731476545334 -14.277461379766464 0
      vertex 3.8960731476545334 -14.277461379766464 0.010000000000000009
    endloop
  endfacet
  facet normal -0.6593458155107155 0.75183980711885 0
    outer loop
      vertex 4.525483399629593 -13.725483402609825 -1
      vertex 3.8960731476545334 -14.277461379766464 0.010000000000000009
      vertex 4.525483399629593 -13.725483402609825 0
    endloop
  endfacet
  facet normal 0.4422886864113955 -0.8968727434103917 0
    outer loop
      vertex 2.449173964560032 -12.512829005718231 -1
      vertex 3.2000000029802322 -12.142562583088875 -1
      vertex 3.2000000029802322 -12.142562583088875 0
    endloop
  endfacet
  facet normal 0.5555702322861513 -0.8314696127926215 0
    outer loop
      vertex 3.2000000029802322 -12.142562583088875 -1
      vertex 3.8960731476545334 -11.677461378276348 -1
      vertex 3.8960731476545334 -11.677461378276348 0
    endloop
  endfacet
  facet normal 0.44228868641139374 -0.8968727434103925 0
    outer loop
      vertex 2.449173964560032 -12.512829005718231 -1
      vertex 3.2000000029802322 -12.142562583088875 0
      vertex 3.2000000029802322 -12.142562583088875 0.010000000000000009
    endloop
  endfacet
  facet normal 0.5555702322861513 -0.8314696127926215 0
    outer loop
      vertex 3.2000000029802322 -12.142562583088875 -1
      vertex 3.8960731476545334 -11.677461378276348 0
      vertex 3.2000000029802322 -12.142562583088875 0
    endloop
  endfacet
  facet normal -0.7518398109879337 0.659345811098871 0
    outer loop
      vertex 4.525483399629593 -13.725483402609825 -1
      vertex 4.525483399629593 -13.725483402609825 0
      vertex 5.077461376786232 -13.096073143184185 -1
    endloop
  endfacet
  facet normal -0.7518398109879337 0.659345811098871 0
    outer loop
      vertex 5.077461376786232 -13.096073143184185 -1
      vertex 4.525483399629593 -13.725483402609825 0
      vertex 5.077461376786232 -13.096073143184185 0
    endloop
  endfacet
  facet normal -0.8314696127926215 0.5555702322861513 0
    outer loop
      vertex 5.077461376786232 -13.096073143184185 -1
      vertex 5.077461376786232 -13.096073143184185 0
      vertex 5.542562581598759 -12.399999998509884 -1
    endloop
  endfacet
  facet normal -0.8968727381390595 0.4422886971005998 0
    outer loop
      vertex 5.542562581598759 -12.399999998509884 -1
      vertex 5.542562581598759 -12.399999998509884 0
      vertex 5.912829011678696 -11.649173967540264 -1
    endloop
  endfacet
  facet normal -0.8314696127926204 0.555570232286153 0
    outer loop
      vertex 5.542562581598759 -12.399999998509884 -1
      vertex 5.077461376786232 -13.096073143184185 0
      vertex 5.077461376786232 -13.096073143184185 0.010000000000000009
    endloop
  endfacet
  facet normal -0.8314696127926215 0.5555702322861513 0
    outer loop
      vertex 5.542562581598759 -12.399999998509884 -1
      vertex 5.077461376786232 -13.096073143184185 0.010000000000000009
      vertex 5.542562581598759 -12.399999998509884 0
    endloop
  endfacet
  facet normal -0.8968727381390604 0.4422886971005977 0
    outer loop
      vertex 5.912829011678696 -11.649173967540264 -1
      vertex 5.542562581598759 -12.399999998509884 0
      vertex 5.542562581598759 -12.399999998509884 0.010000000000000009
    endloop
  endfacet
  facet normal -0.8968727381390595 0.4422886971005998 0
    outer loop
      vertex 5.912829011678696 -11.649173967540264 -1
      vertex 5.542562581598759 -12.399999998509884 0.010000000000000009
      vertex 5.912829011678696 -11.649173967540264 0
    endloop
  endfacet
  facet normal -0.6593458155107156 0.75183980711885 0
    outer loop
      vertex 4.525483399629593 -13.725483402609825 0.010000000000000009
      vertex 4.525483399629593 -13.725483402609825 0
      vertex 3.8960731476545334 -14.277461379766464 0.010000000000000009
    endloop
  endfacet
  facet normal 0.5555702322861513 -0.8314696127926214 0
    outer loop
      vertex 3.2000000029802322 -12.142562583088875 0
      vertex 3.8960731476545334 -11.677461378276348 0.010000000000000009
      vertex 3.2000000029802322 -12.142562583088875 0.010000000000000009
    endloop
  endfacet
  facet normal 0 0 -1
    outer loop
      vertex 5.912829011678696 -11.649173967540264 -1
      vertex 9.913683347404003 -16.44011402875185 -1
      vertex 9 -16.5 -1
    endloop
  endfacet
  facet normal 0 0 -1
    outer loop
      vertex 4.525483399629593 -13.725483402609825 -1
      vertex 5.077461376786232 -13.096073143184185 -1
      vertex 9 -16.5 -1
    endloop
  endfacet
  facet normal 0 0 -1
    outer loop
      vertex 5.077461376786232 -13.096073143184185 -1
      vertex 5.542562581598759 -12.399999998509884 -1
      vertex 9 -16.5 -1
    endloop
  endfacet
  facet normal 0 0 -1
    outer loop
      vertex 5.542562581598759 -12.399999998509884 -1
      vertex 5.912829011678696 -11.649173967540264 -1
      vertex 9 -16.5 -1
    endloop
  endfacet
  facet normal 0 0 -1
    outer loop
      vertex 5.912829011678696 -11.649173967540264 -1
      vertex 6.181925289332867 -10.856441885232925 -1
      vertex 9.913683347404003 -16.44011402875185 -1
    endloop
  endfacet
  facet normal 0 0 -1
    outer loop
      vertex 6.181925289332867 -10.856441885232925 -1
      vertex 6.2926084622740746 -10.299999997019768 -1
      vertex 10.811733312904835 -16.261480785906315 -1
    endloop
  endfacet
  facet normal 0.06540313003776756 -0.997858923185669 0
    outer loop
      vertex 9 -16.5 -1
      vertex 9.913683347404003 -16.44011402875185 -1
      vertex 9.913683347404003 -16.44011402875185 0
    endloop
  endfacet
  facet normal 0.06540313003776756 -0.997858923185669 0
    outer loop
      vertex 9 -16.5 -1
      vertex 9.913683347404003 -16.44011402875185 0
      vertex 9 -16.5 0
    endloop
  endfacet
  facet normal 0.19509032010678037 -0.9807852807830233 0
    outer loop
      vertex 9.913683347404003 -16.44011402875185 -1
      vertex 10.811733312904835 -16.261480785906315 0
      vertex 9.913683347404003 -16.44011402875185 0
    endloop
  endfacet
  facet normal 0.19509032010678037 -0.9807852807830233 0
    outer loop
      vertex 9.913683347404003 -16.44011402875185 -1
      vertex 10.811733312904835 -16.261480785906315 -1
      vertex 10.811733312904835 -16.261480785906315 0
    endloop
  endfacet
  facet normal 0.32143946288215797 -0.9469301303169256 0
    outer loop
      vertex 10.811733312904835 -16.261480785906315 -1
      vertex 11.678784027695656 -15.96715673059225 0
      vertex 10.811733312904835 -16.261480785906315 0
    endloop
  endfacet
  facet normal 0.32143946288215797 -0.9469301303169256 0
    outer loop
      vertex 10.811733312904835 -16.261480785906315 -1
      vertex 11.678784027695656 -15.96715673059225 -1
      vertex 11.678784027695656 -15.96715673059225 0
    endloop
  endfacet
  facet normal 0 0 -1
    outer loop
      vertex 6.181925289332867 -10.856441885232925 -1
      vertex 10.811733312904835 -16.261480785906315 -1
      vertex 9.913683347404003 -16.44011402875185 -1
    endloop
  endfacet
  facet normal 0 0 -1
    outer loop
      vertex 6.2926084622740746 -10.299999997019768 -1
      vertex 11.678784027695656 -15.96715673059225 -1
      vertex 10.811733312904835 -16.261480785906315 -1
    endloop
  endfacet
  facet normal 0 0 -1
    outer loop
      vertex 6.2926084622740746 -10.299999997019768 -1
      vertex 12.5 -15.562177829444408 -1
      vertex 11.678784027695656 -15.96715673059225 -1
    endloop
  endfacet
  facet normal 0 0 -1
    outer loop
      vertex 6.2926084622740746 -10.299999997019768 -1
      vertex 13.261330001056194 -15.053473383188248 -1
      vertex 12.5 -15.562177829444408 -1
    endloop
  endfacet
  facet normal 0 0 -1
    outer loop
      vertex 6.2926084622740746 -10.299999997019768 -1
      vertex 13.9497474655509 -14.4497474655509 -1
      vertex 13.261330001056194 -15.053473383188248 -1
    endloop
  endfacet
  facet normal 0 0 -1
    outer loop
      vertex 6.2926084622740746 -10.299999997019768 -1
      vertex 14.553473383188248 -13.761330001056194 -1
      vertex 13.9497474655509 -14.4497474655509 -1
    endloop
  endfacet
  facet normal 0 0 -1
    outer loop
      vertex -3.2000000029802322 -12.142562583088875 -1
      vertex 6.742577463388443 -6.764448598027229 -1
      vertex -2.449173964560032 -12.512829005718231 -1
    endloop
  endfacet
  facet normal 0 0 -1
    outer loop
      vertex -1.6564418897032738 -12.781925290822983 -1
      vertex -2.449173964560032 -12.512829005718231 -1
      vertex 6.742577463388443 -6.764448598027229 -1
    endloop
  endfacet
  facet normal 0 0 -1
    outer loop
      vertex -1.6564418897032738 -12.781925290822983 -1
      vertex 6.742577463388443 -6.764448598027229 -1
      vertex -0.8353676274418831 -12.945247113704681 -1
    endloop
  endfacet
  facet normal 0 0 -1
    outer loop
      vertex -0.8353676274418831 -12.945247113704681 -1
      vertex 6.742577463388443 -6.764448598027229 -1
      vertex 0 -13 -1
    endloop
  endfacet
  facet normal 0 0 -1
    outer loop
      vertex 0 -13 -1
      vertex 6.742577463388443 -6.764448598027229 -1
      vertex 0.8353676274418831 -12.945247113704681 -1
    endloop
  endfacet
  facet normal 0 0 -1
    outer loop
      vertex -3.9499999955296516 -6.711473673582077 -1
      vertex 3.9499999955296516 -6.711473673582077 -1
      vertex 4.057422533631325 -6.764448598027229 -1
    endloop
  endfacet
  facet normal 0 0 -1
    outer loop
      vertex -3.349390335381031 -6.250609666109085 -1
      vertex 3.349390335381031 -6.250609666109085 -1
      vertex 3.634591855108738 -6.50072468817234 -1
    endloop
  endfacet
  facet normal 0 0 -1
    outer loop
      vertex -3.634591855108738 -6.50072468817234 -1
      vertex 3.634591855108738 -6.50072468817234 -1
      vertex 3.9499999955296516 -6.711473673582077 -1
    endloop
  endfacet
  facet normal 0 0 -1
    outer loop
      vertex -3.0992753133177757 -5.965408146381378 -1
      vertex 3.0992753133177757 -5.965408146381378 -1
      vertex 3.349390335381031 -6.250609666109085 -1
    endloop
  endfacet
  facet normal 0 0 -1
    outer loop
      vertex -5.208473265171051 -10.299999997019768 -1
      vertex 4.057422533631325 -6.764448598027229 -1
      vertex 6.98631177842617 -5.691158093512058 -1
    endloop
  endfacet
  facet normal 0 0 -1
    outer loop
      vertex -5.208473265171051 -10.299999997019768 -1
      vertex 6.785640642046928 -6.700000002980232 -1
      vertex 6.742577463388443 -6.764448598027229 -1
    endloop
  endfacet
  facet normal 0 0 -1
    outer loop
      vertex -5.208473265171051 -10.299999997019768 -1
      vertex 6.878207251429558 -6.512293495237827 -1
      vertex 6.785640642046928 -6.700000002980232 -1
    endloop
  endfacet
  facet normal 0 0 -1
    outer loop
      vertex -5.208473265171051 -10.299999997019768 -1
      vertex 6.945481322705746 -6.3141104727983475 -1
      vertex 6.878207251429558 -6.512293495237827 -1
    endloop
  endfacet
  facet normal 0 0 -1
    outer loop
      vertex -5.208473265171051 -10.299999997019768 -1
      vertex 6.98631177842617 -6.10884191095829 -1
      vertex 6.945481322705746 -6.3141104727983475 -1
    endloop
  endfacet
  facet normal 0 0 -1
    outer loop
      vertex -5.208473265171051 -10.299999997019768 -1
      vertex 7 -5.9000000059604645 -1
      vertex 6.98631177842617 -6.10884191095829 -1
    endloop
  endfacet
  facet normal 0 0 -1
    outer loop
      vertex -5.208473265171051 -10.299999997019768 -1
      vertex 6.98631177842617 -5.691158093512058 -1
      vertex 7 -5.9000000059604645 -1
    endloop
  endfacet
  facet normal 0 0 -1
    outer loop
      vertex 0.8353676274418831 -12.945247113704681 -1
      vertex 6.742577463388443 -6.764448598027229 -1
      vertex 1.6564418897032738 -12.781925290822983 -1
    endloop
  endfacet
  facet normal 0 0 -1
    outer loop
      vertex 1.6564418897032738 -12.781925290822983 -1
      vertex 6.742577463388443 -6.764448598027229 -1
      vertex 2.449173964560032 -12.512829005718231 -1
    endloop
  endfacet
  facet normal 0.6593458155107155 -0.75183980711885 0
    outer loop
      vertex 3.8960731476545334 -11.677461378276348 -1
      vertex 4.525483399629593 -11.125483401119709 -1
      vertex 4.525483399629593 -11.125483401119709 0.010000000000000009
    endloop
  endfacet
  facet normal 0 0 -1
    outer loop
      vertex 2.449173964560032 -12.512829005718231 -1
      vertex 6.742577463388443 -6.764448598027229 -1
      vertex 3.2000000029802322 -12.142562583088875 -1
    endloop
  endfacet
  facet normal 0.6593458155107155 -0.75183980711885 0
    outer loop
      vertex 3.8960731476545334 -11.677461378276348 -1
      vertex 4.525483399629593 -11.125483401119709 0.010000000000000009
      vertex 3.8960731476545334 -11.677461378276348 0
    endloop
  endfacet
  facet normal 0.75183980711885 -0.6593458155107155 0
    outer loop
      vertex 4.525483399629593 -11.125483401119709 -1
      vertex 5.077461376786232 -10.49607314914465 -1
      vertex 5.077461376786232 -10.49607314914465 0.010000000000000009
    endloop
  endfacet
  facet normal 0.8314696188345722 -0.5555702232437331 0
    outer loop
      vertex 5.077461376786232 -10.49607314914465 -1
      vertex 5.208473265171051 -10.299999997019768 -1
      vertex 5.208473265171051 -10.299999997019768 0.010000000000000009
    endloop
  endfacet
  facet normal 0.75183980711885 -0.6593458155107155 0
    outer loop
      vertex 4.525483399629593 -11.125483401119709 -1
      vertex 5.077461376786232 -10.49607314914465 0.010000000000000009
      vertex 4.525483399629593 -11.125483401119709 0.010000000000000009
    endloop
  endfacet
  facet normal 0.8314696188345722 -0.5555702232437331 0
    outer loop
      vertex 5.077461376786232 -10.49607314914465 -1
      vertex 5.208473265171051 -10.299999997019768 0.010000000000000009
      vertex 5.077461376786232 -10.49607314914465 0.010000000000000009
    endloop
  endfacet
  facet normal 0 -1 0
    outer loop
      vertex 5.208473265171051 -10.299999997019768 -1
      vertex 6.2926084622740746 -10.299999997019768 0.010000000000000009
      vertex 5.208473265171051 -10.299999997019768 0.010000000000000009
    endloop
  endfacet
  facet normal 0 0 -1
    outer loop
      vertex 3.2000000029802322 -12.142562583088875 -1
      vertex 6.742577463388443 -6.764448598027229 -1
      vertex 3.8960731476545334 -11.677461378276348 -1
    endloop
  endfacet
  facet normal 0 0 -1
    outer loop
      vertex 3.8960731476545334 -11.677461378276348 -1
      vertex 6.742577463388443 -6.764448598027229 -1
      vertex 4.525483399629593 -11.125483401119709 -1
    endloop
  endfacet
  facet normal 0 0 -1
    outer loop
      vertex 4.525483399629593 -11.125483401119709 -1
      vertex 6.742577463388443 -6.764448598027229 -1
      vertex 5.077461376786232 -10.49607314914465 -1
    endloop
  endfacet
  facet normal 0 0 -1
    outer loop
      vertex 5.077461376786232 -10.49607314914465 -1
      vertex 6.742577463388443 -6.764448598027229 -1
      vertex 5.208473265171051 -10.299999997019768 -1
    endloop
  endfacet
  facet normal 0.6593458155107156 -0.75183980711885 0
    outer loop
      vertex 3.8960731476545334 -11.677461378276348 0.010000000000000009
      vertex 3.8960731476545334 -11.677461378276348 0
      vertex 4.525483399629593 -11.125483401119709 0.010000000000000009
    endloop
  endfacet
  facet normal 0.7518398047970242 0.6593458181582503 0
    outer loop
      vertex 3.349390335381031 -6.250609666109085 -1
      vertex 3.0992753133177757 -5.965408146381378 -1
      vertex 3.0992753133177757 -5.965408146381378 0.010000000000000009
    endloop
  endfacet
  facet normal 0.6593458181582503 0.7518398047970242 0
    outer loop
      vertex 3.349390335381031 -6.250609666109085 -1
      vertex 3.349390335381031 -6.250609666109085 0.010000000000000009
      vertex 3.634591855108738 -6.50072468817234 -1
    endloop
  endfacet
  facet normal 0.4422886306340888 0.8968727709167129 0
    outer loop
      vertex 3.9499999955296516 -6.711473673582077 -1
      vertex 3.9499999955296516 -6.711473673582077 0
      vertex 4.057422533631325 -6.764448598027229 -1
    endloop
  endfacet
  facet normal -0.8968727346087052 -0.4422887042594498 0
    outer loop
      vertex 3.92179274559021 -6.512293495237827 -1
      vertex 4.014359354972839 -6.700000002980232 -1
      vertex 4.014359354972839 -6.700000002980232 0.010000000000000009
    endloop
  endfacet
  facet normal -0.8314695872473037 -0.5555702705174191 0
    outer loop
      vertex 4.057422533631325 -6.764448598027229 -1
      vertex 4.057422533631325 -6.764448598027229 0.010000000000000009
      vertex 4.014359354972839 -6.700000002980232 -1
    endloop
  endfacet
  facet normal 0.5555702398623978 0.8314696077303353 0
    outer loop
      vertex 3.9499999955296516 -6.711473673582077 -1
      vertex 3.634591855108738 -6.50072468817234 -1
      vertex 3.634591855108738 -6.50072468817234 0
    endloop
  endfacet
  facet normal -0.9807852802787097 -0.1950903226421365 0
    outer loop
      vertex 3.854518674314022 -6.3141104727983475 -1
      vertex 3.854518674314022 -6.3141104727983475 0.010000000000000009
      vertex 3.8136882185935974 -6.10884191095829 -1
    endloop
  endfacet
  facet normal -0.9469301290956099 -0.3214394664800384 0
    outer loop
      vertex 3.854518674314022 -6.3141104727983475 -1
      vertex 3.92179274559021 -6.512293495237827 -1
      vertex 3.92179274559021 -6.512293495237827 0.010000000000000009
    endloop
  endfacet
  facet normal -0.9978589232575188 -0.06540312894155129 0
    outer loop
      vertex 3.8136882185935974 -6.10884191095829 -1
      vertex 3.8136882185935974 -6.10884191095829 0.010000000000000009
      vertex 3.7999999970197678 -5.9000000059604645 -1
    endloop
  endfacet
  facet normal 0.7518398047970242 0.6593458181582503 0
    outer loop
      vertex 3.349390335381031 -6.250609666109085 -1
      vertex 3.0992753133177757 -5.965408146381378 0.010000000000000009
      vertex 3.349390335381031 -6.250609666109085 0.010000000000000009
    endloop
  endfacet
  facet normal 0.6593458181582503 0.7518398047970243 0
    outer loop
      vertex 3.634591855108738 -6.50072468817234 -1
      vertex 3.349390335381031 -6.250609666109085 0.010000000000000009
      vertex 3.634591855108738 -6.50072468817234 0
    endloop
  endfacet
  facet normal 0.5555702398623978 0.8314696077303353 0
    outer loop
      vertex 3.9499999955296516 -6.711473673582077 -1
      vertex 3.634591855108738 -6.50072468817234 0
      vertex 3.9499999955296516 -6.711473673582077 0
    endloop
  endfacet
  facet normal 0.44228863063408946 0.8968727709167125 0
    outer loop
      vertex 4.057422533631325 -6.764448598027229 -1
      vertex 3.9499999955296516 -6.711473673582077 0
      vertex 3.9499999955296516 -6.711473673582077 0.010000000000000009
    endloop
  endfacet
  facet normal -0.8314695872473037 -0.5555702705174191 0
    outer loop
      vertex 4.014359354972839 -6.700000002980232 0.010000000000000009
      vertex 4.014359354972839 -6.700000002980232 -1
      vertex 4.057422533631325 -6.764448598027229 0.010000000000000009
    endloop
  endfacet
  facet normal 0.4422886306340888 0.8968727709167129 0
    outer loop
      vertex 4.057422533631325 -6.764448598027229 -1
      vertex 3.9499999955296516 -6.711473673582077 0.010000000000000009
      vertex 4.057422533631325 -6.764448598027229 0.010000000000000009
    endloop
  endfacet
  facet normal -0.8968727346087052 -0.4422887042594498 0
    outer loop
      vertex 3.92179274559021 -6.512293495237827 -1
      vertex 4.014359354972839 -6.700000002980232 0.010000000000000009
      vertex 3.92179274559021 -6.512293495237827 0.010000000000000009
    endloop
  endfacet
  facet normal -0.9469301290956099 -0.3214394664800384 0
    outer loop
      vertex 3.854518674314022 -6.3141104727983475 -1
      vertex 3.92179274559021 -6.512293495237827 0.010000000000000009
      vertex 3.854518674314022 -6.3141104727983475 0.010000000000000009
    endloop
  endfacet
  facet normal -0.9807852802787097 -0.1950903226421365 0
    outer loop
      vertex 3.8136882185935974 -6.10884191095829 -1
      vertex 3.854518674314022 -6.3141104727983475 0.010000000000000009
      vertex 3.8136882185935974 -6.10884191095829 0.010000000000000009
    endloop
  endfacet
  facet normal -0.9978589232575188 -0.06540312894155129 0
    outer loop
      vertex 3.7999999970197678 -5.9000000059604645 -1
      vertex 3.8136882185935974 -6.10884191095829 0.010000000000000009
      vertex 3.7999999970197678 -5.9000000059604645 0.010000000000000009
    endloop
  endfacet
  facet normal 0 0 -1
    outer loop
      vertex 4.057422533631325 -6.764448598027229 -1
      vertex 4.014359354972839 -6.700000002980232 -1
      vertex 6.98631177842617 -5.691158093512058 -1
    endloop
  endfacet
  facet normal 0 0 -1
    outer loop
      vertex 3.92179274559021 -6.512293495237827 -1
      vertex 6.98631177842617 -5.691158093512058 -1
      vertex 4.014359354972839 -6.700000002980232 -1
    endloop
  endfacet
  facet normal 0 0 -1
    outer loop
      vertex 3.854518674314022 -6.3141104727983475 -1
      vertex 6.98631177842617 -5.691158093512058 -1
      vertex 3.92179274559021 -6.512293495237827 -1
    endloop
  endfacet
  facet normal 0 0 -1
    outer loop
      vertex 3.854518674314022 -6.3141104727983475 -1
      vertex 3.8136882185935974 -6.10884191095829 -1
      vertex 6.98631177842617 -5.691158093512058 -1
    endloop
  endfacet
  facet normal 0 0 -1
    outer loop
      vertex 3.8136882185935974 -6.10884191095829 -1
      vertex 3.7999999970197678 -5.9000000059604645 -1
      vertex 6.98631177842617 -5.691158093512058 -1
    endloop
  endfacet
  facet normal 0.6593458181582503 0.7518398047970243 0
    outer loop
      vertex 3.634591855108738 -6.50072468817234 0.010000000000000009
      vertex 3.634591855108738 -6.50072468817234 0
      vertex 3.349390335381031 -6.250609666109085 0.010000000000000009
    endloop
  endfacet
  facet normal 0.5555702398623978 0.8314696077303353 0
    outer loop
      vertex 3.9499999955296516 -6.711473673582077 0.010000000000000009
      vertex 3.9499999955296516 -6.711473673582077 0
      vertex 3.634591855108738 -6.50072468817234 0.010000000000000009
    endloop
  endfacet
  facet normal 0 0 -1
    outer loop
      vertex -2.888526327908039 -5.6500000059604645 -1
      vertex 2.888526327908039 -5.6500000059604645 -1
      vertex 3.0992753133177757 -5.965408146381378 -1
    endloop
  endfacet
  facet normal 0 0 -1
    outer loop
      vertex -2.720749355852604 -5.309781953692436 -1
      vertex 2.720749355852604 -5.309781953692436 -1
      vertex 2.888526327908039 -5.6500000059604645 -1
    endloop
  endfacet
  facet normal 0 0 -1
    outer loop
      vertex -2.598815105855465 -4.950575232505798 -1
      vertex 2.598815105855465 -4.950575232505798 -1
      vertex 2.720749355852604 -5.309781953692436 -1
    endloop
  endfacet
  facet normal 0 0 -1
    outer loop
      vertex -2.5248098969459534 -4.578525960445404 -1
      vertex 2.5248098969459534 -4.578525960445404 -1
      vertex 2.598815105855465 -4.950575232505798 -1
    endloop
  endfacet
  facet normal 0 0 -1
    outer loop
      vertex -2.5 -4.200000002980232 -1
      vertex 2.5 -4.200000002980232 -1
      vertex 2.5248098969459534 -4.578525960445404 -1
    endloop
  endfacet
  facet normal 0 0 -1
    outer loop
      vertex -2.5248098969459534 -3.8214740455150604 -1
      vertex 2.5248098969459534 -3.8214740455150604 -1
      vertex 2.5 -4.200000002980232 -1
    endloop
  endfacet
  facet normal 0 0 -1
    outer loop
      vertex -2.598815105855465 -3.449424773454666 -1
      vertex 2.598815105855465 -3.449424773454666 -1
      vertex 2.5248098969459534 -3.8214740455150604 -1
    endloop
  endfacet
  facet normal 0 0 -1
    outer loop
      vertex -2.720749355852604 -3.0902180522680283 -1
      vertex 2.720749355852604 -3.0902180522680283 -1
      vertex 2.598815105855465 -3.449424773454666 -1
    endloop
  endfacet
  facet normal 0.8968727460018551 0.4422886811564273 0
    outer loop
      vertex 2.888526327908039 -5.6500000059604645 -1
      vertex 2.720749355852604 -5.309781953692436 -1
      vertex 2.720749355852604 -5.309781953692436 0
    endloop
  endfacet
  facet normal 0.9807852766594536 0.19509034083736526 0
    outer loop
      vertex 2.598815105855465 -4.950575232505798 -1
      vertex 2.5248098969459534 -4.578525960445404 -1
      vertex 2.5248098969459534 -4.578525960445404 0.010000000000000009
    endloop
  endfacet
  facet normal 0.9469301305558893 0.3214394621781937 0
    outer loop
      vertex 2.720749355852604 -5.309781953692436 -1
      vertex 2.598815105855465 -4.950575232505798 -1
      vertex 2.598815105855465 -4.950575232505798 0.010000000000000009
    endloop
  endfacet
  facet normal 0.8968727460018551 0.4422886811564273 0
    outer loop
      vertex 2.888526327908039 -5.6500000059604645 -1
      vertex 2.720749355852604 -5.309781953692436 0
      vertex 2.888526327908039 -5.6500000059604645 0
    endloop
  endfacet
  facet normal 0.9469301305558894 0.3214394621781937 0
    outer loop
      vertex 2.720749355852604 -5.309781953692436 -1
      vertex 2.598815105855465 -4.950575232505798 0.010000000000000009
      vertex 2.720749355852604 -5.309781953692436 0
    endloop
  endfacet
  facet normal 0.9978589241111739 0.06540311591729084 0
    outer loop
      vertex 2.5248098969459534 -4.578525960445404 -1
      vertex 2.5 -4.200000002980232 0.010000000000000009
      vertex 2.5248098969459534 -4.578525960445404 0.010000000000000009
    endloop
  endfacet
  facet normal 0.9807852766594536 0.19509034083736526 0
    outer loop
      vertex 2.598815105855465 -4.950575232505798 -1
      vertex 2.5248098969459534 -4.578525960445404 0.010000000000000009
      vertex 2.598815105855465 -4.950575232505798 0.010000000000000009
    endloop
  endfacet
  facet normal 0.9978589241111739 0.06540311591729084 0
    outer loop
      vertex 2.5248098969459534 -4.578525960445404 -1
      vertex 2.5 -4.200000002980232 -1
      vertex 2.5 -4.200000002980232 0.010000000000000009
    endloop
  endfacet
  facet normal 0.9978589241111739 -0.06540311591729084 0
    outer loop
      vertex 2.5 -4.200000002980232 -1
      vertex 2.5248098969459534 -3.8214740455150604 -1
      vertex 2.5248098969459534 -3.8214740455150604 0.010000000000000009
    endloop
  endfacet
  facet normal 0.9807852766594534 -0.19509034083736523 0
    outer loop
      vertex 2.5248098969459534 -3.8214740455150604 -1
      vertex 2.598815105855465 -3.449424773454666 -1
      vertex 2.598815105855465 -3.449424773454666 0
    endloop
  endfacet
  facet normal 0.9469301305558894 -0.3214394621781937 0
    outer loop
      vertex 2.598815105855465 -3.449424773454666 -1
      vertex 2.720749355852604 -3.0902180522680283 -1
      vertex 2.720749355852604 -3.0902180522680283 0
    endloop
  endfacet
  facet normal 0.9978589241111739 -0.06540311591729084 0
    outer loop
      vertex 2.5 -4.200000002980232 -1
      vertex 2.5248098969459534 -3.8214740455150604 0.010000000000000009
      vertex 2.5 -4.200000002980232 0.010000000000000009
    endloop
  endfacet
  facet normal 0.9807852766594536 -0.19509034083736526 0
    outer loop
      vertex 2.5248098969459534 -3.8214740455150604 -1
      vertex 2.598815105855465 -3.449424773454666 0.010000000000000009
      vertex 2.5248098969459534 -3.8214740455150604 0.010000000000000009
    endloop
  endfacet
  facet normal 0.9807852766594537 -0.19509034083736396 0
    outer loop
      vertex 2.5248098969459534 -3.8214740455150604 -1
      vertex 2.598815105855465 -3.449424773454666 0
      vertex 2.598815105855465 -3.449424773454666 0.010000000000000009
    endloop
  endfacet
  facet normal 0.9469301305558894 -0.3214394621781937 0
    outer loop
      vertex 2.598815105855465 -3.449424773454666 -1
      vertex 2.720749355852604 -3.0902180522680283 0
      vertex 2.598815105855465 -3.449424773454666 0
    endloop
  endfacet
  facet normal 0.8968727460018551 -0.4422886811564273 0
    outer loop
      vertex 2.720749355852604 -3.0902180522680283 -1
      vertex 2.888526327908039 -2.75 0.010000000000000009
      vertex 2.720749355852604 -3.0902180522680283 0
    endloop
  endfacet
  facet normal 0.8968727460018552 0.4422886811564273 0
    outer loop
      vertex 2.888526327908039 -5.6500000059604645 0
      vertex 2.720749355852604 -5.309781953692436 0.010000000000000009
      vertex 2.888526327908039 -5.6500000059604645 0.010000000000000009
    endloop
  endfacet
  facet normal 0.9469301305558893 0.3214394621781937 0
    outer loop
      vertex 2.720749355852604 -5.309781953692436 0.010000000000000009
      vertex 2.720749355852604 -5.309781953692436 0
      vertex 2.598815105855465 -4.950575232505798 0.010000000000000009
    endloop
  endfacet
  facet normal 0.8968727460018552 -0.4422886811564273 0
    outer loop
      vertex 2.720749355852604 -3.0902180522680283 0.010000000000000009
      vertex 2.720749355852604 -3.0902180522680283 0
      vertex 2.888526327908039 -2.75 0.010000000000000009
    endloop
  endfacet
  facet normal 0 0 -1
    outer loop
      vertex -2.888526327908039 -2.75 -1
      vertex 2.888526327908039 -2.75 -1
      vertex 2.720749355852604 -3.0902180522680283 -1
    endloop
  endfacet
  facet normal 0 0 -1
    outer loop
      vertex -3.0992753133177757 -2.4345918595790863 -1
      vertex 3.0992753133177757 -2.4345918595790863 -1
      vertex 2.888526327908039 -2.75 -1
    endloop
  endfacet
  facet normal 0 0 -1
    outer loop
      vertex -3.349390335381031 -2.1493903398513794 -1
      vertex 3.349390335381031 -2.1493903398513794 -1
      vertex 3.0992753133177757 -2.4345918595790863 -1
    endloop
  endfacet
  facet normal 0 0 -1
    outer loop
      vertex -3.634591855108738 -1.899275317788124 -1
      vertex 3.634591855108738 -1.899275317788124 -1
      vertex 3.349390335381031 -2.1493903398513794 -1
    endloop
  endfacet
  facet normal 0.8968727460018552 -0.4422886811564274 0
    outer loop
      vertex 2.720749355852604 -3.0902180522680283 -1
      vertex 2.888526327908039 -2.75 -1
      vertex 2.888526327908039 -2.75 0.010000000000000009
    endloop
  endfacet
  facet normal 0.8314696077303353 0.5555702398623978 0
    outer loop
      vertex 2.888526327908039 -5.6500000059604645 -1
      vertex 2.888526327908039 -5.6500000059604645 0
      vertex 3.0992753133177757 -5.965408146381378 -1
    endloop
  endfacet
  facet normal -0.9978589234097973 0.06540312661823 0
    outer loop
      vertex 3.7999999970197678 -5.9000000059604645 -1
      vertex 3.7999999970197678 -5.9000000059604645 0.010000000000000009
      vertex 3.8136882185935974 -5.691158093512058 -1
    endloop
  endfacet
  facet normal -0.9807852802787097 0.1950903226421365 0
    outer loop
      vertex 3.8136882185935974 -5.691158093512058 -1
      vertex 3.8136882185935974 -5.691158093512058 0.010000000000000009
      vertex 3.854518674314022 -5.485889531672001 -1
    endloop
  endfacet
  facet normal -0.9469301290956099 0.3214394664800384 0
    outer loop
      vertex 3.854518674314022 -5.485889531672001 -1
      vertex 3.854518674314022 -5.485889531672001 0.010000000000000009
      vertex 3.92179274559021 -5.287706509232521 -1
    endloop
  endfacet
  facet normal -0.8968727346087052 0.4422887042594498 0
    outer loop
      vertex 3.92179274559021 -5.287706509232521 -1
      vertex 3.92179274559021 -5.287706509232521 0.010000000000000009
      vertex 4.014359354972839 -5.100000001490116 -1
    endloop
  endfacet
  facet normal -0.8314696251261751 0.5555702138276835 0
    outer loop
      vertex 4.014359354972839 -5.100000001490116 -1
      vertex 4.014359354972839 -5.100000001490116 0
      vertex 4.130634650588036 -4.925981715321541 -1
    endloop
  endfacet
  facet normal -0.7518397905569933 0.659345834395893 0
    outer loop
      vertex 4.130634650588036 -4.925981715321541 -1
      vertex 4.130634650588036 -4.925981715321541 0
      vertex 4.268629148602486 -4.768629156053066 -1
    endloop
  endfacet
  facet normal -0.6593458167485153 0.7518398060333286 0
    outer loop
      vertex 4.268629148602486 -4.768629156053066 -1
      vertex 4.268629148602486 -4.768629156053066 0
      vertex 4.425981715321541 -4.630634658038616 -1
    endloop
  endfacet
  facet normal 0.8314696077303353 0.5555702398623978 0
    outer loop
      vertex 3.0992753133177757 -5.965408146381378 -1
      vertex 2.888526327908039 -5.6500000059604645 0.010000000000000009
      vertex 3.0992753133177757 -5.965408146381378 0.010000000000000009
    endloop
  endfacet
  facet normal 0.8314696077303355 0.5555702398623975 0
    outer loop
      vertex 3.0992753133177757 -5.965408146381378 -1
      vertex 2.888526327908039 -5.6500000059604645 0
      vertex 2.888526327908039 -5.6500000059604645 0.010000000000000009
    endloop
  endfacet
  facet normal -0.9978589234097973 0.06540312661823 0
    outer loop
      vertex 3.8136882185935974 -5.691158093512058 -1
      vertex 3.7999999970197678 -5.9000000059604645 0.010000000000000009
      vertex 3.8136882185935974 -5.691158093512058 0.010000000000000009
    endloop
  endfacet
  facet normal -0.9807852802787097 0.1950903226421365 0
    outer loop
      vertex 3.854518674314022 -5.485889531672001 -1
      vertex 3.8136882185935974 -5.691158093512058 0.010000000000000009
      vertex 3.854518674314022 -5.485889531672001 0.010000000000000009
    endloop
  endfacet
  facet normal -0.9469301290956099 0.3214394664800384 0
    outer loop
      vertex 3.92179274559021 -5.287706509232521 -1
      vertex 3.854518674314022 -5.485889531672001 0.010000000000000009
      vertex 3.92179274559021 -5.287706509232521 0.010000000000000009
    endloop
  endfacet
  facet normal -0.8968727346087052 0.44228870425944977 0
    outer loop
      vertex 4.014359354972839 -5.100000001490116 -1
      vertex 3.92179274559021 -5.287706509232521 0.010000000000000009
      vertex 4.014359354972839 -5.100000001490116 0
    endloop
  endfacet
  facet normal -0.8314696251261751 0.5555702138276835 0
    outer loop
      vertex 4.130634650588036 -4.925981715321541 -1
      vertex 4.014359354972839 -5.100000001490116 0
      vertex 4.130634650588036 -4.925981715321541 0
    endloop
  endfacet
  facet normal -0.7518397905569901 0.6593458343958966 0
    outer loop
      vertex 4.268629148602486 -4.768629156053066 -1
      vertex 4.130634650588036 -4.925981715321541 0
      vertex 4.130634650588036 -4.925981715321541 0.010000000000000009
    endloop
  endfacet
  facet normal -0.7518397905569933 0.659345834395893 0
    outer loop
      vertex 4.268629148602486 -4.768629156053066 -1
      vertex 4.130634650588036 -4.925981715321541 0.010000000000000009
      vertex 4.268629148602486 -4.768629156053066 0
    endloop
  endfacet
  facet normal -0.6593458167485153 0.7518398060333286 0
    outer loop
      vertex 4.425981715321541 -4.630634658038616 -1
      vertex 4.268629148602486 -4.768629156053066 0
      vertex 4.425981715321541 -4.630634658038616 0
    endloop
  endfacet
  facet normal 0 0 -1
    outer loop
      vertex 3.7999999970197678 -5.9000000059604645 -1
      vertex 3.8136882185935974 -5.691158093512058 -1
      vertex 6.98631177842617 -5.691158093512058 -1
    endloop
  endfacet
  facet normal 0 0 -1
    outer loop
      vertex 3.8136882185935974 -5.691158093512058 -1
      vertex 3.854518674314022 -5.485889531672001 -1
      vertex 6.98631177842617 -5.691158093512058 -1
    endloop
  endfacet
  facet normal 0 0 -1
    outer loop
      vertex 3.854518674314022 -5.485889531672001 -1
      vertex 3.92179274559021 -5.287706509232521 -1
      vertex 6.98631177842617 -5.691158093512058 -1
    endloop
  endfacet
  facet normal 0 0 -1
    outer loop
      vertex 3.92179274559021 -5.287706509232521 -1
      vertex 4.014359354972839 -5.100000001490116 -1
      vertex 6.98631177842617 -5.691158093512058 -1
    endloop
  endfacet
  facet normal 0 0 -1
    outer loop
      vertex 4.014359354972839 -5.100000001490116 -1
      vertex 4.130634650588036 -4.925981715321541 -1
      vertex 6.98631177842617 -5.691158093512058 -1
    endloop
  endfacet
  facet normal 0 0 -1
    outer loop
      vertex 4.130634650588036 -4.925981715321541 -1
      vertex 4.268629148602486 -4.768629156053066 -1
      vertex 6.98631177842617 -5.691158093512058 -1
    endloop
  endfacet
  facet normal -0.5555702384389738 0.8314696086814369 0
    outer loop
      vertex 4.425981715321541 -4.630634658038616 -1
      vertex 4.425981715321541 -4.630634658038616 0
      vertex 4.600000001490116 -4.514359354972839 -1
    endloop
  endfacet
  facet normal -0.44228867562404933 0.896872748730122 0
    outer loop
      vertex 4.600000001490116 -4.514359354972839 -1
      vertex 4.600000001490116 -4.514359354972839 0.010000000000000009
      vertex 4.787706509232521 -4.421792753040791 -1
    endloop
  endfacet
  facet normal 0 0 -1
    outer loop
      vertex 4.268629148602486 -4.768629156053066 -1
      vertex 4.425981715321541 -4.630634658038616 -1
      vertex 6.98631177842617 -5.691158093512058 -1
    endloop
  endfacet
  facet normal 0 0 -1
    outer loop
      vertex 4.425981715321541 -4.630634658038616 -1
      vertex 4.600000001490116 -4.514359354972839 -1
      vertex 6.98631177842617 -5.691158093512058 -1
    endloop
  endfacet
  facet normal 0 0 -1
    outer loop
      vertex 6.98631177842617 -5.691158093512058 -1
      vertex 4.600000001490116 -4.514359354972839 -1
      vertex 4.787706509232521 -4.421792753040791 -1
    endloop
  endfacet
  facet normal 0 0 -1
    outer loop
      vertex 6.98631177842617 -5.691158093512058 -1
      vertex 4.787706509232521 -4.421792753040791 -1
      vertex 4.98588952422142 -4.354518681764603 -1
    endloop
  endfacet
  facet normal 0 0 -1
    outer loop
      vertex 6.98631177842617 -5.691158093512058 -1
      vertex 4.98588952422142 -4.354518681764603 -1
      vertex 5.191158093512058 -4.313688226044178 -1
    endloop
  endfacet
  facet normal 0 0 -1
    outer loop
      vertex 6.98631177842617 -5.691158093512058 -1
      vertex 5.191158093512058 -4.313688226044178 -1
      vertex 5.399999998509884 -4.300000004470348 -1
    endloop
  endfacet
  facet normal -0.5555702384389731 0.8314696086814374 0
    outer loop
      vertex 4.600000001490116 -4.514359354972839 -1
      vertex 4.425981715321541 -4.630634658038616 0
      vertex 4.425981715321541 -4.630634658038616 0.010000000000000009
    endloop
  endfacet
  facet normal -0.5555702384389737 0.8314696086814368 0
    outer loop
      vertex 4.600000001490116 -4.514359354972839 -1
      vertex 4.425981715321541 -4.630634658038616 0.010000000000000009
      vertex 4.600000001490116 -4.514359354972839 0.010000000000000009
    endloop
  endfacet
  facet normal -0.44228867562404933 0.896872748730122 0
    outer loop
      vertex 4.787706509232521 -4.421792753040791 -1
      vertex 4.600000001490116 -4.514359354972839 0.010000000000000009
      vertex 4.787706509232521 -4.421792753040791 0.010000000000000009
    endloop
  endfacet
  facet normal -0.32143947731581773 0.9469301254173582 0
    outer loop
      vertex 4.787706509232521 -4.421792753040791 -1
      vertex 4.787706509232521 -4.421792753040791 0.010000000000000009
      vertex 4.789668717301718 -4.421126673127165 0
    endloop
  endfacet
  facet normal -0.32143947731578276 0.9469301254173702 -7.6583680964023e-17
    outer loop
      vertex 4.787706509232521 -4.421792753040791 -1
      vertex 4.789668717301718 -4.421126673127165 0
      vertex 4.98588952422142 -4.354518681764603 -1
    endloop
  endfacet
  facet normal -0.19509031583050307 0.9807852816336278 0
    outer loop
      vertex 4.98588952422142 -4.354518681764603 -1
      vertex 4.98588952422142 -4.354518681764603 0
      vertex 5.191158093512058 -4.313688226044178 -1
    endloop
  endfacet
  facet normal -0.0654031289415513 0.9978589232575188 0
    outer loop
      vertex 5.191158093512058 -4.313688226044178 -1
      vertex 5.191158093512058 -4.313688226044178 0
      vertex 5.399999998509884 -4.300000004470348 -1
    endloop
  endfacet
  facet normal 0.0654031289415513 0.9978589232575188 0
    outer loop
      vertex 5.399999998509884 -4.300000004470348 -1
      vertex 5.399999998509884 -4.300000004470348 0
      vertex 5.6088419035077095 -4.313688226044178 -1
    endloop
  endfacet
  facet normal 0.19509031583050307 0.9807852816336278 0
    outer loop
      vertex 5.6088419035077095 -4.313688226044178 -1
      vertex 5.6088419035077095 -4.313688226044178 0
      vertex 5.8141104727983475 -4.354518681764603 -1
    endloop
  endfacet
  facet normal -0.3214394773157824 0.9469301254173703 0
    outer loop
      vertex 4.98588952422142 -4.354518681764603 -1
      vertex 4.789668717301718 -4.421126673127165 0
      vertex 4.98588952422142 -4.354518681764603 0
    endloop
  endfacet
  facet normal -0.19509031583050412 0.9807852816336275 0
    outer loop
      vertex 5.191158093512058 -4.313688226044178 -1
      vertex 4.98588952422142 -4.354518681764603 0
      vertex 4.98588952422142 -4.354518681764603 0.010000000000000009
    endloop
  endfacet
  facet normal -0.19509031583050307 0.9807852816336278 0
    outer loop
      vertex 5.191158093512058 -4.313688226044178 -1
      vertex 4.98588952422142 -4.354518681764603 0.010000000000000009
      vertex 5.191158093512058 -4.313688226044178 0
    endloop
  endfacet
  facet normal -0.0654031289415513 0.9978589232575188 0
    outer loop
      vertex 5.399999998509884 -4.300000004470348 -1
      vertex 5.191158093512058 -4.313688226044178 0
      vertex 5.399999998509884 -4.300000004470348 0
    endloop
  endfacet
  facet normal 0.0654031289415515 0.9978589232575188 0
    outer loop
      vertex 5.6088419035077095 -4.313688226044178 -1
      vertex 5.399999998509884 -4.300000004470348 0
      vertex 5.399999998509884 -4.300000004470348 0.010000000000000009
    endloop
  endfacet
  facet normal 0.0654031289415513 0.9978589232575188 0
    outer loop
      vertex 5.6088419035077095 -4.313688226044178 -1
      vertex 5.399999998509884 -4.300000004470348 0.010000000000000009
      vertex 5.6088419035077095 -4.313688226044178 0
    endloop
  endfacet
  facet normal 0.19509031583050412 0.9807852816336275 0
    outer loop
      vertex 5.8141104727983475 -4.354518681764603 -1
      vertex 5.6088419035077095 -4.313688226044178 0
      vertex 5.6088419035077095 -4.313688226044178 0.010000000000000009
    endloop
  endfacet
  facet normal 0.19509031583050307 0.9807852816336278 0
    outer loop
      vertex 5.8141104727983475 -4.354518681764603 -1
      vertex 5.6088419035077095 -4.313688226044178 0.010000000000000009
      vertex 5.8141104727983475 -4.354518681764603 0
    endloop
  endfacet
  facet normal -0.8968727346087053 0.44228870425944977 0
    outer loop
      vertex 4.014359354972839 -5.100000001490116 0.010000000000000009
      vertex 4.014359354972839 -5.100000001490116 0
      vertex 3.92179274559021 -5.287706509232521 0.010000000000000009
    endloop
  endfacet
  facet normal -0.831469625126175 0.5555702138276835 0
    outer loop
      vertex 4.130634650588036 -4.925981715321541 0
      vertex 4.014359354972839 -5.100000001490116 0.010000000000000009
      vertex 4.130634650588036 -4.925981715321541 0.010000000000000009
    endloop
  endfacet
  facet normal -0.7518397905569935 0.6593458343958931 0
    outer loop
      vertex 4.268629148602486 -4.768629156053066 0.010000000000000009
      vertex 4.268629148602486 -4.768629156053066 0
      vertex 4.130634650588036 -4.925981715321541 0.010000000000000009
    endloop
  endfacet
  facet normal -0.6593458167485153 0.7518398060333286 0
    outer loop
      vertex 4.425981715321541 -4.630634658038616 0
      vertex 4.268629148602486 -4.768629156053066 0.010000000000000009
      vertex 4.425981715321541 -4.630634658038616 0.010000000000000009
    endloop
  endfacet
  facet normal -0.32143947731578276 0.9469301254173701 0
    outer loop
      vertex 4.98588952422142 -4.354518681764603 0
      vertex 4.787706509232521 -4.421792753040791 0.010000000000000009
      vertex 4.98588952422142 -4.354518681764603 0.010000000000000009
    endloop
  endfacet
  facet normal -0.19509031583050307 0.9807852816336279 0
    outer loop
      vertex 5.191158093512058 -4.313688226044178 0.010000000000000009
      vertex 5.191158093512058 -4.313688226044178 0
      vertex 4.98588952422142 -4.354518681764603 0.010000000000000009
    endloop
  endfacet
  facet normal -0.06540312894155129 0.9978589232575189 0
    outer loop
      vertex 5.399999998509884 -4.300000004470348 0
      vertex 5.191158093512058 -4.313688226044178 0.010000000000000009
      vertex 5.399999998509884 -4.300000004470348 0.010000000000000009
    endloop
  endfacet
  facet normal 0.8314696077303353 -0.5555702398623978 0
    outer loop
      vertex 2.888526327908039 -2.75 -1
      vertex 3.0992753133177757 -2.4345918595790863 -1
      vertex 3.0992753133177757 -2.4345918595790863 0
    endloop
  endfacet
  facet normal 0.7518398047970243 -0.6593458181582503 0
    outer loop
      vertex 3.0992753133177757 -2.4345918595790863 -1
      vertex 3.349390335381031 -2.1493903398513794 -1
      vertex 3.349390335381031 -2.1493903398513794 0
    endloop
  endfacet
  facet normal 0.6593458181582503 -0.7518398047970243 0
    outer loop
      vertex 3.349390335381031 -2.1493903398513794 -1
      vertex 3.634591855108738 -1.899275317788124 -1
      vertex 3.634591855108738 -1.899275317788124 0
    endloop
  endfacet
  facet normal 0.5555702398623978 -0.8314696077303353 0
    outer loop
      vertex 3.634591855108738 -1.899275317788124 -1
      vertex 3.9499999955296516 -1.6885263323783875 -1
      vertex 3.9499999955296516 -1.6885263323783875 0.010000000000000009
    endloop
  endfacet
  facet normal 0.4422886811564274 -0.8968727460018552 0
    outer loop
      vertex 3.9499999955296516 -1.6885263323783875 -1
      vertex 4.29021804779768 -1.5207493603229523 -1
      vertex 4.29021804779768 -1.5207493603229523 0.010000000000000009
    endloop
  endfacet
  facet normal 0.8314696077303353 -0.5555702398623978 0
    outer loop
      vertex 2.888526327908039 -2.75 -1
      vertex 3.0992753133177757 -2.4345918595790863 0.010000000000000009
      vertex 2.888526327908039 -2.75 0.010000000000000009
    endloop
  endfacet
  facet normal 0.8314696077303355 -0.5555702398623975 0
    outer loop
      vertex 2.888526327908039 -2.75 -1
      vertex 3.0992753133177757 -2.4345918595790863 0
      vertex 3.0992753133177757 -2.4345918595790863 0.010000000000000009
    endloop
  endfacet
  facet normal 0.7518398047970243 -0.6593458181582503 0
    outer loop
      vertex 3.0992753133177757 -2.4345918595790863 -1
      vertex 3.349390335381031 -2.1493903398513794 0.010000000000000009
      vertex 3.0992753133177757 -2.4345918595790863 0
    endloop
  endfacet
  facet normal 0.7518398047970216 -0.6593458181582533 0
    outer loop
      vertex 3.0992753133177757 -2.4345918595790863 -1
      vertex 3.349390335381031 -2.1493903398513794 0
      vertex 3.349390335381031 -2.1493903398513794 0.010000000000000009
    endloop
  endfacet
  facet normal 0.6593458181582503 -0.7518398047970243 0
    outer loop
      vertex 3.349390335381031 -2.1493903398513794 -1
      vertex 3.634591855108738 -1.899275317788124 0
      vertex 3.349390335381031 -2.1493903398513794 0
    endloop
  endfacet
  facet normal 0.5555702398623978 -0.8314696077303353 0
    outer loop
      vertex 3.634591855108738 -1.899275317788124 -1
      vertex 3.9499999955296516 -1.6885263323783875 0.010000000000000009
      vertex 3.634591855108738 -1.899275317788124 0
    endloop
  endfacet
  facet normal 0.4422886811564274 -0.8968727460018552 0
    outer loop
      vertex 3.9499999955296516 -1.6885263323783875 -1
      vertex 4.29021804779768 -1.5207493603229523 0.010000000000000009
      vertex 3.9499999955296516 -1.6885263323783875 0.010000000000000009
    endloop
  endfacet
  facet normal 0.3214394621781937 -0.9469301305558893 0
    outer loop
      vertex 4.29021804779768 -1.5207493603229523 -1
      vertex 4.649424768984318 -1.3988151103258133 0.010000000000000009
      vertex 4.29021804779768 -1.5207493603229523 0.010000000000000009
    endloop
  endfacet
  facet normal 0.3214394621781937 -0.9469301305558893 0
    outer loop
      vertex 4.29021804779768 -1.5207493603229523 -1
      vertex 4.649424768984318 -1.3988151103258133 -1
      vertex 4.649424768984318 -1.3988151103258133 0.010000000000000009
    endloop
  endfacet
  facet normal 0.19509034083736523 -0.9807852766594534 0
    outer loop
      vertex 4.649424768984318 -1.3988151103258133 -1
      vertex 5.021474041044712 -1.3248099014163017 -1
      vertex 5.021474041044712 -1.3248099014163017 0
    endloop
  endfacet
  facet normal 0.06540311591729082 -0.9978589241111738 0
    outer loop
      vertex 5.021474041044712 -1.3248099014163017 -1
      vertex 5.399999998509884 -1.3000000044703484 -1
      vertex 5.399999998509884 -1.3000000044703484 0
    endloop
  endfacet
  facet normal -0.06540311591729082 -0.9978589241111738 0
    outer loop
      vertex 5.399999998509884 -1.3000000044703484 -1
      vertex 5.778525955975056 -1.3248099014163017 -1
      vertex 5.778525955975056 -1.3248099014163017 0
    endloop
  endfacet
  facet normal 0.19509034083736526 -0.9807852766594536 0
    outer loop
      vertex 4.649424768984318 -1.3988151103258133 -1
      vertex 5.021474041044712 -1.3248099014163017 0.010000000000000009
      vertex 4.649424768984318 -1.3988151103258133 0.010000000000000009
    endloop
  endfacet
  facet normal 0.19509034083736607 -0.9807852766594533 0
    outer loop
      vertex 4.649424768984318 -1.3988151103258133 -1
      vertex 5.021474041044712 -1.3248099014163017 0
      vertex 5.021474041044712 -1.3248099014163017 0.010000000000000009
    endloop
  endfacet
  facet normal 0.06540311591729082 -0.9978589241111738 0
    outer loop
      vertex 5.021474041044712 -1.3248099014163017 -1
      vertex 5.399999998509884 -1.3000000044703484 0
      vertex 5.021474041044712 -1.3248099014163017 0
    endloop
  endfacet
  facet normal -0.06540311591729082 -0.9978589241111738 0
    outer loop
      vertex 5.399999998509884 -1.3000000044703484 -1
      vertex 5.778525955975056 -1.3248099014163017 0.010000000000000009
      vertex 5.399999998509884 -1.3000000044703484 0
    endloop
  endfacet
  facet normal -0.06540311591729119 -0.9978589241111738 0
    outer loop
      vertex 5.399999998509884 -1.3000000044703484 -1
      vertex 5.778525955975056 -1.3248099014163017 0
      vertex 5.778525955975056 -1.3248099014163017 0.010000000000000009
    endloop
  endfacet
  facet normal 0.5555702398623978 -0.8314696077303353 0
    outer loop
      vertex 3.634591855108738 -1.899275317788124 0.010000000000000009
      vertex 3.634591855108738 -1.899275317788124 0
      vertex 3.9499999955296516 -1.6885263323783875 0.010000000000000009
    endloop
  endfacet
  facet normal 0.06540311591729081 -0.9978589241111738 0
    outer loop
      vertex 5.021474041044712 -1.3248099014163017 0.010000000000000009
      vertex 5.021474041044712 -1.3248099014163017 0
      vertex 5.399999998509884 -1.3000000044703484 0.010000000000000009
    endloop
  endfacet
  facet normal -0.06540311591729081 -0.9978589241111738 0
    outer loop
      vertex 5.399999998509884 -1.3000000044703484 0.010000000000000009
      vertex 5.399999998509884 -1.3000000044703484 0
      vertex 5.778525955975056 -1.3248099014163017 0.010000000000000009
    endloop
  endfacet
  facet normal -0.9469301308849861 0.3214394612087062 0
    outer loop
      vertex 5.912829011678696 -11.649173967540264 -1
      vertex 5.912829011678696 -11.649173967540264 0
      vertex 6.181925289332867 -10.856441885232925 -1
    endloop
  endfacet
  facet normal -0.980785280522107 0.19509032141849547 0
    outer loop
      vertex 6.181925289332867 -10.856441885232925 -1
      vertex 6.181925289332867 -10.856441885232925 0
      vertex 6.2926084622740746 -10.299999997019768 -1
    endloop
  endfacet
  facet normal 0 -1 0
    outer loop
      vertex 5.208473265171051 -10.299999997019768 -1
      vertex 6.2926084622740746 -10.299999997019768 -1
      vertex 6.2926084622740746 -10.299999997019768 0.010000000000000009
    endloop
  endfacet
  facet normal -0.946930130884985 0.321439461208709 0
    outer loop
      vertex 6.181925289332867 -10.856441885232925 -1
      vertex 5.912829011678696 -11.649173967540264 0
      vertex 5.912829011678696 -11.649173967540264 0.010000000000000009
    endloop
  endfacet
  facet normal -0.9469301308849861 0.3214394612087062 0
    outer loop
      vertex 6.181925289332867 -10.856441885232925 -1
      vertex 5.912829011678696 -11.649173967540264 0.010000000000000009
      vertex 6.181925289332867 -10.856441885232925 0
    endloop
  endfacet
  facet normal -0.9807852805221071 0.19509032141849467 0
    outer loop
      vertex 6.2926084622740746 -10.299999997019768 -1
      vertex 6.181925289332867 -10.856441885232925 0
      vertex 6.181925289332867 -10.856441885232925 0.010000000000000009
    endloop
  endfacet
  facet normal -0.980785280522107 0.1950903214184955 0
    outer loop
      vertex 6.2926084622740746 -10.299999997019768 -1
      vertex 6.181925289332867 -10.856441885232925 0.010000000000000009
      vertex 6.2926084622740746 -10.299999997019768 0.010000000000000009
    endloop
  endfacet
  facet normal 0 0 -1
    outer loop
      vertex 5.208473265171051 -10.299999997019768 -1
      vertex 6.742577463388443 -6.764448598027229 -1
      vertex 6.2926084622740746 -10.299999997019768 -1
    endloop
  endfacet
  facet normal 0 0 -1
    outer loop
      vertex 6.2926084622740746 -10.299999997019768 -1
      vertex 6.742577463388443 -6.764448598027229 -1
      vertex 6.850000001490116 -6.711473673582077 -1
    endloop
  endfacet
  facet normal 0 0 -1
    outer loop
      vertex 6.2926084622740746 -10.299999997019768 -1
      vertex 6.850000001490116 -6.711473673582077 -1
      vertex 7.16540814191103 -6.50072468817234 -1
    endloop
  endfacet
  facet normal 0 0 -1
    outer loop
      vertex 6.2926084622740746 -10.299999997019768 -1
      vertex 7.16540814191103 -6.50072468817234 -1
      vertex 7.450609661638737 -6.250609666109085 -1
    endloop
  endfacet
  facet normal 0 0 -1
    outer loop
      vertex 6.2926084622740746 -10.299999997019768 -1
      vertex 7.450609661638737 -6.250609666109085 -1
      vertex 7.700724683701992 -5.965408146381378 -1
    endloop
  endfacet
  facet normal -0.4422886306340888 0.8968727709167129 0
    outer loop
      vertex 6.742577463388443 -6.764448598027229 -1
      vertex 6.742577463388443 -6.764448598027229 0
      vertex 6.850000001490116 -6.711473673582077 -1
    endloop
  endfacet
  facet normal 0.8314695872473037 -0.5555702705174191 0
    outer loop
      vertex 6.742577463388443 -6.764448598027229 -1
      vertex 6.785640642046928 -6.700000002980232 -1
      vertex 6.785640642046928 -6.700000002980232 0
    endloop
  endfacet
  facet normal -0.5555702398623978 0.8314696077303353 0
    outer loop
      vertex 6.850000001490116 -6.711473673582077 -1
      vertex 6.850000001490116 -6.711473673582077 0.010000000000000009
      vertex 7.16540814191103 -6.50072468817234 -1
    endloop
  endfacet
  facet normal 0.8968727346087052 -0.4422887042594498 0
    outer loop
      vertex 6.785640642046928 -6.700000002980232 -1
      vertex 6.878207251429558 -6.512293495237827 -1
      vertex 6.878207251429558 -6.512293495237827 0.010000000000000009
    endloop
  endfacet
  facet normal 0.9469301290956099 -0.3214394664800384 0
    outer loop
      vertex 6.878207251429558 -6.512293495237827 -1
      vertex 6.945481322705746 -6.3141104727983475 -1
      vertex 6.945481322705746 -6.3141104727983475 0.010000000000000009
    endloop
  endfacet
  facet normal 0.9807852802787097 -0.1950903226421365 0
    outer loop
      vertex 6.945481322705746 -6.3141104727983475 -1
      vertex 6.98631177842617 -6.10884191095829 -1
      vertex 6.98631177842617 -6.10884191095829 0.010000000000000009
    endloop
  endfacet
  facet normal -0.6593458181582503 0.7518398047970243 0
    outer loop
      vertex 7.16540814191103 -6.50072468817234 -1
      vertex 7.16540814191103 -6.50072468817234 0
      vertex 7.450609661638737 -6.250609666109085 -1
    endloop
  endfacet
  facet normal 0.9978589232575188 -0.0654031289415513 0
    outer loop
      vertex 6.98631177842617 -6.10884191095829 -1
      vertex 7 -5.9000000059604645 -1
      vertex 7 -5.9000000059604645 0
    endloop
  endfacet
  facet normal -0.44228863063408946 0.8968727709167125 0
    outer loop
      vertex 6.850000001490116 -6.711473673582077 -1
      vertex 6.742577463388443 -6.764448598027229 0
      vertex 6.742577463388443 -6.764448598027229 0.010000000000000009
    endloop
  endfacet
  facet normal 0.8314695872473037 -0.5555702705174191 0
    outer loop
      vertex 6.742577463388443 -6.764448598027229 -1
      vertex 6.785640642046928 -6.700000002980232 0
      vertex 6.742577463388443 -6.764448598027229 0
    endloop
  endfacet
  facet normal -0.4422886306340888 0.8968727709167129 0
    outer loop
      vertex 6.850000001490116 -6.711473673582077 -1
      vertex 6.742577463388443 -6.764448598027229 0.010000000000000009
      vertex 6.850000001490116 -6.711473673582077 0.010000000000000009
    endloop
  endfacet
  facet normal 0.8968727346087052 -0.44228870425944977 0
    outer loop
      vertex 6.785640642046928 -6.700000002980232 -1
      vertex 6.878207251429558 -6.512293495237827 0.010000000000000009
      vertex 6.785640642046928 -6.700000002980232 0
    endloop
  endfacet
  facet normal 0.9469301290956099 -0.3214394664800384 0
    outer loop
      vertex 6.878207251429558 -6.512293495237827 -1
      vertex 6.945481322705746 -6.3141104727983475 0.010000000000000009
      vertex 6.878207251429558 -6.512293495237827 0.010000000000000009
    endloop
  endfacet
  facet normal 0.9807852802787097 -0.1950903226421365 0
    outer loop
      vertex 6.945481322705746 -6.3141104727983475 -1
      vertex 6.98631177842617 -6.10884191095829 0.010000000000000009
      vertex 6.945481322705746 -6.3141104727983475 0.010000000000000009
    endloop
  endfacet
  facet normal -0.5555702398623978 0.8314696077303353 0
    outer loop
      vertex 7.16540814191103 -6.50072468817234 -1
      vertex 6.850000001490116 -6.711473673582077 0.010000000000000009
      vertex 7.16540814191103 -6.50072468817234 0
    endloop
  endfacet
  facet normal 0.9978589232575188 -0.06540312894155129 0
    outer loop
      vertex 6.98631177842617 -6.10884191095829 -1
      vertex 7 -5.9000000059604645 0.010000000000000009
      vertex 6.98631177842617 -6.10884191095829 0.010000000000000009
    endloop
  endfacet
  facet normal 0.9978589232575189 -0.0654031289415513 0
    outer loop
      vertex 6.98631177842617 -6.10884191095829 -1
      vertex 7 -5.9000000059604645 0
      vertex 7 -5.9000000059604645 0.010000000000000009
    endloop
  endfacet
  facet normal -0.7518398047970243 0.6593458181582503 0
    outer loop
      vertex 7.450609661638737 -6.250609666109085 -1
      vertex 7.450609661638737 -6.250609666109085 0
      vertex 7.700724683701992 -5.965408146381378 -1
    endloop
  endfacet
  facet normal -0.6593458181582503 0.7518398047970243 0
    outer loop
      vertex 7.450609661638737 -6.250609666109085 -1
      vertex 7.16540814191103 -6.50072468817234 0
      vertex 7.450609661638737 -6.250609666109085 0
    endloop
  endfacet
  facet normal -0.7518398047970216 0.6593458181582533 0
    outer loop
      vertex 7.700724683701992 -5.965408146381378 -1
      vertex 7.450609661638737 -6.250609666109085 0
      vertex 7.450609661638737 -6.250609666109085 0.010000000000000009
    endloop
  endfacet
  facet normal -0.7518398047970243 0.6593458181582503 0
    outer loop
      vertex 7.700724683701992 -5.965408146381378 -1
      vertex 7.450609661638737 -6.250609666109085 0.010000000000000009
      vertex 7.700724683701992 -5.965408146381378 0
    endloop
  endfacet
  facet normal 0.8314695872473038 -0.5555702705174193 0
    outer loop
      vertex 6.742577463388443 -6.764448598027229 0.010000000000000009
      vertex 6.742577463388443 -6.764448598027229 0
      vertex 6.785640642046928 -6.700000002980232 0.010000000000000009
    endloop
  endfacet
  facet normal 0.8968727346087053 -0.44228870425944977 0
    outer loop
      vertex 6.785640642046928 -6.700000002980232 0.010000000000000009
      vertex 6.785640642046928 -6.700000002980232 0
      vertex 6.878207251429558 -6.512293495237827 0.010000000000000009
    endloop
  endfacet
  facet normal -0.5555702398623978 0.8314696077303353 0
    outer loop
      vertex 7.16540814191103 -6.50072468817234 0.010000000000000009
      vertex 7.16540814191103 -6.50072468817234 0
      vertex 6.850000001490116 -6.711473673582077 0.010000000000000009
    endloop
  endfacet
  facet normal 0 0 -1
    outer loop
      vertex 6.2926084622740746 -10.299999997019768 -1
      vertex 7.700724683701992 -5.965408146381378 -1
      vertex 14.553473383188248 -5.238669998943806 -1
    endloop
  endfacet
  facet normal 0 0 -1
    outer loop
      vertex 6.98631177842617 -5.691158093512058 -1
      vertex 5.6088419035077095 -4.313688226044178 -1
      vertex 5.8141104727983475 -4.354518681764603 -1
    endloop
  endfacet
  facet normal 0 0 -1
    outer loop
      vertex 6.98631177842617 -5.691158093512058 -1
      vertex 5.399999998509884 -4.300000004470348 -1
      vertex 5.6088419035077095 -4.313688226044178 -1
    endloop
  endfacet
  facet normal 0 0 -1
    outer loop
      vertex 6.98631177842617 -5.691158093512058 -1
      vertex 5.8141104727983475 -4.354518681764603 -1
      vertex 6.012293487787247 -4.421792753040791 -1
    endloop
  endfacet
  facet normal 0 0 -1
    outer loop
      vertex 6.785640642046928 -5.100000001490116 -1
      vertex 6.878207251429558 -5.287706509232521 -1
      vertex 6.012293487787247 -4.421792753040791 -1
    endloop
  endfacet
  facet normal 0 0 -1
    outer loop
      vertex 6.374018281698227 -4.630634658038616 -1
      vertex 6.531370848417282 -4.768629156053066 -1
      vertex 6.785640642046928 -5.100000001490116 -1
    endloop
  endfacet
  facet normal 0 0 -1
    outer loop
      vertex 6.785640642046928 -5.100000001490116 -1
      vertex 6.012293487787247 -4.421792753040791 -1
      vertex 6.199999995529652 -4.514359354972839 -1
    endloop
  endfacet
  facet normal 0 0 -1
    outer loop
      vertex 6.374018281698227 -4.630634658038616 -1
      vertex 6.785640642046928 -5.100000001490116 -1
      vertex 6.199999995529652 -4.514359354972839 -1
    endloop
  endfacet
  facet normal 0.4422886756240492 0.896872748730122 0
    outer loop
      vertex 6.012293487787247 -4.421792753040791 -1
      vertex 6.012293487787247 -4.421792753040791 0
      vertex 6.199999995529652 -4.514359354972839 -1
    endloop
  endfacet
  facet normal 0.7518397905569933 0.659345834395893 -1.3896576538274086e-16
    outer loop
      vertex 6.669365346431732 -4.925981715321541 -1
      vertex 6.531370848417282 -4.768629156053066 -1
      vertex 6.532737130575841 -4.770187102184437 0
    endloop
  endfacet
  facet normal 0.5555702384389738 0.8314696086814369 0
    outer loop
      vertex 6.374018281698227 -4.630634658038616 -1
      vertex 6.199999995529652 -4.514359354972839 -1
      vertex 6.199999995529652 -4.514359354972839 0
    endloop
  endfacet
  facet normal 0.6593458167485153 0.7518398060333286 0
    outer loop
      vertex 6.374018281698227 -4.630634658038616 -1
      vertex 6.374018281698227 -4.630634658038616 0
      vertex 6.531370848417282 -4.768629156053066 -1
    endloop
  endfacet
  facet normal 0 0 -1
    outer loop
      vertex 6.98631177842617 -5.691158093512058 -1
      vertex 6.012293487787247 -4.421792753040791 -1
      vertex 6.945481322705746 -5.485889531672001 -1
    endloop
  endfacet
  facet normal 0.9807852802787097 0.1950903226421365 0
    outer loop
      vertex 6.98631177842617 -5.691158093512058 -1
      vertex 6.945481322705746 -5.485889531672001 -1
      vertex 6.945481322705746 -5.485889531672001 0.010000000000000009
    endloop
  endfacet
  facet normal 0.9469301290956099 0.3214394664800384 0
    outer loop
      vertex 6.945481322705746 -5.485889531672001 -1
      vertex 6.878207251429558 -5.287706509232521 -1
      vertex 6.878207251429558 -5.287706509232521 0.010000000000000009
    endloop
  endfacet
  facet normal 0.8968727346087052 0.44228870425944977 0
    outer loop
      vertex 6.785640642046928 -5.100000001490116 -1
      vertex 6.785640642046928 -5.100000001490116 0
      vertex 6.878207251429558 -5.287706509232521 -1
    endloop
  endfacet
  facet normal 0.9978589234097973 0.06540312661823 0
    outer loop
      vertex 6.98631177842617 -5.691158093512058 -1
      vertex 6.98631177842617 -5.691158093512058 0
      vertex 7 -5.9000000059604645 -1
    endloop
  endfacet
  facet normal 0 0 -1
    outer loop
      vertex 6.945481322705746 -5.485889531672001 -1
      vertex 6.012293487787247 -4.421792753040791 -1
      vertex 6.878207251429558 -5.287706509232521 -1
    endloop
  endfacet
  facet normal 0 0 -1
    outer loop
      vertex 6.785640642046928 -5.100000001490116 -1
      vertex 6.531370848417282 -4.768629156053066 -1
      vertex 6.669365346431732 -4.925981715321541 -1
    endloop
  endfacet
  facet normal 0.8314696251261751 0.5555702138276835 0
    outer loop
      vertex 6.785640642046928 -5.100000001490116 -1
      vertex 6.669365346431732 -4.925981715321541 -1
      vertex 6.669365346431732 -4.925981715321541 0
    endloop
  endfacet
  facet normal 0.4422886756240494 0.896872748730122 0
    outer loop
      vertex 6.199999995529652 -4.514359354972839 -1
      vertex 6.012293487787247 -4.421792753040791 0
      vertex 6.012293487787247 -4.421792753040791 0.010000000000000009
    endloop
  endfacet
  facet normal 0.4422886756240492 0.896872748730122 0
    outer loop
      vertex 6.199999995529652 -4.514359354972839 -1
      vertex 6.012293487787247 -4.421792753040791 0.010000000000000009
      vertex 6.199999995529652 -4.514359354972839 0
    endloop
  endfacet
  facet normal 0.5555702384389738 0.8314696086814369 0
    outer loop
      vertex 6.374018281698227 -4.630634658038616 -1
      vertex 6.199999995529652 -4.514359354972839 0
      vertex 6.374018281698227 -4.630634658038616 0
    endloop
  endfacet
  facet normal 0.6593458167485154 0.7518398060333287 0
    outer loop
      vertex 6.531370848417282 -4.768629156053066 -1
      vertex 6.374018281698227 -4.630634658038616 0.010000000000000009
      vertex 6.531370848417282 -4.768629156053066 0.00009803921568627468
    endloop
  endfacet
  facet normal 0.6593458167485172 0.7518398060333269 0
    outer loop
      vertex 6.531370848417282 -4.768629156053066 -1
      vertex 6.374018281698227 -4.630634658038616 0
      vertex 6.374018281698227 -4.630634658038616 0.010000000000000009
    endloop
  endfacet
  facet normal 0.7518397905569509 0.6593458343959412 0
    outer loop
      vertex 6.531370848417282 -4.768629156053066 -1
      vertex 6.531370848417282 -4.768629156053066 0.00009803921568627468
      vertex 6.532737130575841 -4.770187102184437 0
    endloop
  endfacet
  facet normal 0.9807852802787097 0.1950903226421365 0
    outer loop
      vertex 6.98631177842617 -5.691158093512058 -1
      vertex 6.945481322705746 -5.485889531672001 0.010000000000000009
      vertex 6.98631177842617 -5.691158093512058 0
    endloop
  endfacet
  facet normal 0.9469301290956099 0.3214394664800384 0
    outer loop
      vertex 6.945481322705746 -5.485889531672001 -1
      vertex 6.878207251429558 -5.287706509232521 0.010000000000000009
      vertex 6.945481322705746 -5.485889531672001 0.010000000000000009
    endloop
  endfacet
  facet normal 0.8968727346087043 0.4422887042594516 0
    outer loop
      vertex 6.878207251429558 -5.287706509232521 -1
      vertex 6.785640642046928 -5.100000001490116 0
      vertex 6.785640642046928 -5.100000001490116 0.010000000000000009
    endloop
  endfacet
  facet normal 0.8968727346087052 0.4422887042594498 0
    outer loop
      vertex 6.878207251429558 -5.287706509232521 -1
      vertex 6.785640642046928 -5.100000001490116 0.010000000000000009
      vertex 6.878207251429558 -5.287706509232521 0.010000000000000009
    endloop
  endfacet
  facet normal 0.9978589234097973 0.06540312661823 0
    outer loop
      vertex 7 -5.9000000059604645 -1
      vertex 6.98631177842617 -5.691158093512058 0
      vertex 7 -5.9000000059604645 0
    endloop
  endfacet
  facet normal 0.8314696251261751 0.5555702138276835 0
    outer loop
      vertex 6.785640642046928 -5.100000001490116 -1
      vertex 6.669365346431732 -4.925981715321541 0.010000000000000009
      vertex 6.785640642046928 -5.100000001490116 0
    endloop
  endfacet
  facet normal 0.8314696251261745 0.5555702138276845 0
    outer loop
      vertex 6.785640642046928 -5.100000001490116 -1
      vertex 6.669365346431732 -4.925981715321541 0
      vertex 6.669365346431732 -4.925981715321541 0.010000000000000009
    endloop
  endfacet
  facet normal 0.7518397905569939 0.6593458343958926 0
    outer loop
      vertex 6.669365346431732 -4.925981715321541 -1
      vertex 6.532737130575841 -4.770187102184437 0
      vertex 6.669365346431732 -4.925981715321541 0
    endloop
  endfacet
  facet normal 0.32143947731578276 0.9469301254173702 0
    outer loop
      vertex 5.8141104727983475 -4.354518681764603 -1
      vertex 5.8141104727983475 -4.354518681764603 0
      vertex 6.012293487787247 -4.421792753040791 -1
    endloop
  endfacet
  facet normal 0.32143947731578076 0.9469301254173709 0
    outer loop
      vertex 6.012293487787247 -4.421792753040791 -1
      vertex 5.8141104727983475 -4.354518681764603 0
      vertex 5.8141104727983475 -4.354518681764603 0.010000000000000009
    endloop
  endfacet
  facet normal 0.32143947731578276 0.9469301254173702 0
    outer loop
      vertex 6.012293487787247 -4.421792753040791 -1
      vertex 5.8141104727983475 -4.354518681764603 0.010000000000000009
      vertex 6.012293487787247 -4.421792753040791 0
    endloop
  endfacet
  facet normal -0.8314696077303353 0.5555702398623978 0
    outer loop
      vertex 7.700724683701992 -5.965408146381378 -1
      vertex 7.700724683701992 -5.965408146381378 0
      vertex 7.911473669111729 -5.6500000059604645 -1
    endloop
  endfacet
  facet normal -0.8968727460018551 0.4422886811564273 0
    outer loop
      vertex 7.911473669111729 -5.6500000059604645 -1
      vertex 7.911473669111729 -5.6500000059604645 0
      vertex 8.079250641167164 -5.309781953692436 -1
    endloop
  endfacet
  facet normal -0.9469301305558894 0.3214394621781937 0
    outer loop
      vertex 8.079250641167164 -5.309781953692436 -1
      vertex 8.079250641167164 -5.309781953692436 0
      vertex 8.201184891164303 -4.950575232505798 -1
    endloop
  endfacet
  facet normal -0.9807852766594534 0.19509034083736523 0
    outer loop
      vertex 8.201184891164303 -4.950575232505798 -1
      vertex 8.201184891164303 -4.950575232505798 0
      vertex 8.275190100073814 -4.578525960445404 -1
    endloop
  endfacet
  facet normal -0.9978589241111738 0.06540311591729082 0
    outer loop
      vertex 8.275190100073814 -4.578525960445404 -1
      vertex 8.275190100073814 -4.578525960445404 0
      vertex 8.299999997019768 -4.200000002980232 -1
    endloop
  endfacet
  facet normal -0.8314696077303355 0.5555702398623975 0
    outer loop
      vertex 7.911473669111729 -5.6500000059604645 -1
      vertex 7.700724683701992 -5.965408146381378 0
      vertex 7.700724683701992 -5.965408146381378 0.010000000000000009
    endloop
  endfacet
  facet normal -0.8314696077303353 0.5555702398623978 0
    outer loop
      vertex 7.911473669111729 -5.6500000059604645 -1
      vertex 7.700724683701992 -5.965408146381378 0.010000000000000009
      vertex 7.911473669111729 -5.6500000059604645 0
    endloop
  endfacet
  facet normal -0.8968727460018551 0.4422886811564273 0
    outer loop
      vertex 8.079250641167164 -5.309781953692436 -1
      vertex 7.911473669111729 -5.6500000059604645 0
      vertex 8.079250641167164 -5.309781953692436 0
    endloop
  endfacet
  facet normal -0.9469301305558889 0.32143946217819486 0
    outer loop
      vertex 8.201184891164303 -4.950575232505798 -1
      vertex 8.079250641167164 -5.309781953692436 0
      vertex 8.079250641167164 -5.309781953692436 0.010000000000000009
    endloop
  endfacet
  facet normal -0.9469301305558894 0.3214394621781937 0
    outer loop
      vertex 8.201184891164303 -4.950575232505798 -1
      vertex 8.079250641167164 -5.309781953692436 0.010000000000000009
      vertex 8.201184891164303 -4.950575232505798 0
    endloop
  endfacet
  facet normal -0.9807852766594537 0.19509034083736396 0
    outer loop
      vertex 8.275190100073814 -4.578525960445404 -1
      vertex 8.201184891164303 -4.950575232505798 0
      vertex 8.201184891164303 -4.950575232505798 0.010000000000000009
    endloop
  endfacet
  facet normal -0.9807852766594534 0.19509034083736523 0
    outer loop
      vertex 8.275190100073814 -4.578525960445404 -1
      vertex 8.201184891164303 -4.950575232505798 0.010000000000000009
      vertex 8.275190100073814 -4.578525960445404 0
    endloop
  endfacet
  facet normal -0.8968727460018552 -0.4422886811564274 0
    outer loop
      vertex 7.911473669111729 -2.75 -1
      vertex 8.079250641167164 -3.0902180522680283 -1
      vertex 8.079250641167164 -3.0902180522680283 0.010000000000000009
    endloop
  endfacet
  facet normal -0.9978589241111738 -0.06540311591729082 0
    outer loop
      vertex 8.299999997019768 -4.200000002980232 -1
      vertex 8.299999997019768 -4.200000002980232 0
      vertex 8.275190100073814 -3.8214740455150604 -1
    endloop
  endfacet
  facet normal -0.9807852766594534 -0.19509034083736523 1.5516806466901126e-16
    outer loop
      vertex 8.275190100073814 -3.8214740455150604 -1
      vertex 8.274457375233126 -3.8177903893560465 0
      vertex 8.201184891164303 -3.449424773454666 -1
    endloop
  endfacet
  facet normal -0.9469301305558894 -0.3214394621781937 0
    outer loop
      vertex 8.201184891164303 -3.449424773454666 -1
      vertex 8.201184891164303 -3.449424773454666 0
      vertex 8.079250641167164 -3.0902180522680283 -1
    endloop
  endfacet
  facet normal -0.9978589241111738 0.06540311591729082 0
    outer loop
      vertex 8.299999997019768 -4.200000002980232 -1
      vertex 8.275190100073814 -4.578525960445404 0
      vertex 8.299999997019768 -4.200000002980232 0
    endloop
  endfacet
  facet normal -0.9978589241111739 -0.06540311591729084 0
    outer loop
      vertex 8.275190100073814 -3.8214740455150604 -1
      vertex 8.299999997019768 -4.200000002980232 0
      vertex 8.275190100073814 -3.8214740455150604 0.010000000000000009
    endloop
  endfacet
  facet normal -0.9807852766594615 -0.1950903408373247 0
    outer loop
      vertex 8.275190100073814 -3.8214740455150604 -1
      vertex 8.275190100073814 -3.8214740455150604 0.010000000000000009
      vertex 8.274457375233126 -3.8177903893560465 0
    endloop
  endfacet
  facet normal -0.9807852766594535 -0.19509034083736565 0
    outer loop
      vertex 8.201184891164303 -3.449424773454666 -1
      vertex 8.274457375233126 -3.8177903893560465 0
      vertex 8.201184891164303 -3.449424773454666 0
    endloop
  endfacet
  facet normal -0.9469301305558889 -0.32143946217819486 0
    outer loop
      vertex 8.079250641167164 -3.0902180522680283 -1
      vertex 8.201184891164303 -3.449424773454666 0
      vertex 8.201184891164303 -3.449424773454666 0.010000000000000009
    endloop
  endfacet
  facet normal -0.9469301305558893 -0.3214394621781937 0
    outer loop
      vertex 8.079250641167164 -3.0902180522680283 -1
      vertex 8.201184891164303 -3.449424773454666 0.010000000000000009
      vertex 8.079250641167164 -3.0902180522680283 0.010000000000000009
    endloop
  endfacet
  facet normal 0.4422886756240492 0.896872748730122 0
    outer loop
      vertex 6.199999995529652 -4.514359354972839 0.010000000000000009
      vertex 6.199999995529652 -4.514359354972839 0
      vertex 6.012293487787247 -4.421792753040791 0.010000000000000009
    endloop
  endfacet
  facet normal 0.6593458167485154 0.7518398060333286 0
    outer loop
      vertex 6.531370848417282 -4.768629156053066 0.010000000000000009
      vertex 6.531370848417282 -4.768629156053066 0.00009803921568627468
      vertex 6.374018281698227 -4.630634658038616 0.010000000000000009
    endloop
  endfacet
  facet normal 0.9807852802787097 0.1950903226421365 0
    outer loop
      vertex 6.98631177842617 -5.691158093512058 0.010000000000000009
      vertex 6.98631177842617 -5.691158093512058 0
      vertex 6.945481322705746 -5.485889531672001 0.010000000000000009
    endloop
  endfacet
  facet normal -0.8314696077303353 0.5555702398623978 0
    outer loop
      vertex 7.911473669111729 -5.6500000059604645 0.010000000000000009
      vertex 7.911473669111729 -5.6500000059604645 0
      vertex 7.700724683701992 -5.965408146381378 0.010000000000000009
    endloop
  endfacet
  facet normal -0.9807852766594535 0.19509034083736526 0
    outer loop
      vertex 8.275190100073814 -4.578525960445404 0.010000000000000009
      vertex 8.275190100073814 -4.578525960445404 0
      vertex 8.201184891164303 -4.950575232505798 0.010000000000000009
    endloop
  endfacet
  facet normal -0.9978589241111738 -0.06540311591729081 0
    outer loop
      vertex 8.275190100073814 -3.8214740455150604 0.010000000000000009
      vertex 8.299999997019768 -4.200000002980232 0
      vertex 8.299999997019768 -4.200000002980232 0.010000000000000009
    endloop
  endfacet
  facet normal -0.9807852766594535 -0.19509034083736526 0
    outer loop
      vertex 8.201184891164303 -3.449424773454666 0
      vertex 8.275190100073814 -3.8214740455150604 0.010000000000000009
      vertex 8.201184891164303 -3.449424773454666 0.010000000000000009
    endloop
  endfacet
  facet normal -0.3214394621781937 -0.9469301305558893 0
    outer loop
      vertex 6.15057522803545 -1.3988151103258133 -1
      vertex 6.509781949222088 -1.5207493603229523 -1
      vertex 6.509781949222088 -1.5207493603229523 0.010000000000000009
    endloop
  endfacet
  facet normal -0.4422886811564273 -0.8968727460018551 0
    outer loop
      vertex 6.850000001490116 -1.6885263323783875 -1
      vertex 6.850000001490116 -1.6885263323783875 0
      vertex 6.509781949222088 -1.5207493603229523 -1
    endloop
  endfacet
  facet normal -0.5555702398623978 -0.8314696077303353 0
    outer loop
      vertex 6.850000001490116 -1.6885263323783875 -1
      vertex 7.16540814191103 -1.899275317788124 -1
      vertex 7.16540814191103 -1.899275317788124 0
    endloop
  endfacet
  facet normal -0.4422886811564274 -0.8968727460018552 0
    outer loop
      vertex 6.509781949222088 -1.5207493603229523 -1
      vertex 6.850000001490116 -1.6885263323783875 0.010000000000000009
      vertex 6.509781949222088 -1.5207493603229523 0.010000000000000009
    endloop
  endfacet
  facet normal -0.4422886811564295 -0.8968727460018542 0
    outer loop
      vertex 6.509781949222088 -1.5207493603229523 -1
      vertex 6.850000001490116 -1.6885263323783875 0
      vertex 6.850000001490116 -1.6885263323783875 0.010000000000000009
    endloop
  endfacet
  facet normal -0.5555702398623978 -0.8314696077303353 0
    outer loop
      vertex 6.850000001490116 -1.6885263323783875 -1
      vertex 7.16540814191103 -1.899275317788124 0
      vertex 6.850000001490116 -1.6885263323783875 0
    endloop
  endfacet
  facet normal -0.6593458181582503 -0.7518398047970243 0
    outer loop
      vertex 7.16540814191103 -1.899275317788124 -1
      vertex 7.450609661638737 -2.1493903398513794 0.010000000000000009
      vertex 7.16540814191103 -1.899275317788124 0
    endloop
  endfacet
  facet normal -0.19509034083736523 -0.9807852766594534 0
    outer loop
      vertex 5.778525955975056 -1.3248099014163017 -1
      vertex 6.15057522803545 -1.3988151103258133 -1
      vertex 6.15057522803545 -1.3988151103258133 0
    endloop
  endfacet
  facet normal -0.19509034083736523 -0.9807852766594534 0
    outer loop
      vertex 5.778525955975056 -1.3248099014163017 -1
      vertex 6.15057522803545 -1.3988151103258133 0
      vertex 5.778525955975056 -1.3248099014163017 0
    endloop
  endfacet
  facet normal -0.3214394621781937 -0.9469301305558894 0
    outer loop
      vertex 6.15057522803545 -1.3988151103258133 -1
      vertex 6.509781949222088 -1.5207493603229523 0.010000000000000009
      vertex 6.15057522803545 -1.3988151103258133 0
    endloop
  endfacet
  facet normal -0.7518398047970243 -0.6593458181582503 0
    outer loop
      vertex 7.450609661638737 -2.1493903398513794 -1
      vertex 7.700724683701992 -2.4345918595790863 -1
      vertex 7.700724683701992 -2.4345918595790863 0
    endloop
  endfacet
  facet normal -0.8314696077303353 -0.5555702398623978 0
    outer loop
      vertex 7.911473669111729 -2.75 -1
      vertex 7.911473669111729 -2.75 0
      vertex 7.700724683701992 -2.4345918595790863 -1
    endloop
  endfacet
  facet normal -0.6593458181582503 -0.7518398047970242 0
    outer loop
      vertex 7.450609661638737 -2.1493903398513794 -1
      vertex 7.450609661638737 -2.1493903398513794 0.010000000000000009
      vertex 7.16540814191103 -1.899275317788124 -1
    endloop
  endfacet
  facet normal -0.7518398047970216 -0.6593458181582533 0
    outer loop
      vertex 7.450609661638737 -2.1493903398513794 -1
      vertex 7.700724683701992 -2.4345918595790863 0
      vertex 7.700724683701992 -2.4345918595790863 0.010000000000000009
    endloop
  endfacet
  facet normal -0.7518398047970242 -0.6593458181582503 0
    outer loop
      vertex 7.450609661638737 -2.1493903398513794 -1
      vertex 7.700724683701992 -2.4345918595790863 0.010000000000000009
      vertex 7.450609661638737 -2.1493903398513794 0.010000000000000009
    endloop
  endfacet
  facet normal -0.8968727460018551 -0.4422886811564273 0
    outer loop
      vertex 7.911473669111729 -2.75 -1
      vertex 8.079250641167164 -3.0902180522680283 0.010000000000000009
      vertex 7.911473669111729 -2.75 0
    endloop
  endfacet
  facet normal -0.8314696077303353 -0.5555702398623978 0
    outer loop
      vertex 7.700724683701992 -2.4345918595790863 -1
      vertex 7.911473669111729 -2.75 0
      vertex 7.700724683701992 -2.4345918595790863 0
    endloop
  endfacet
  facet normal 0 0 -1
    outer loop
      vertex 7.450609661638737 -2.1493903398513794 -1
      vertex 7.16540814191103 -1.899275317788124 -1
      vertex 11.649742260575294 1.7999999970197678 -1
    endloop
  endfacet
  facet normal 0 0 -1
    outer loop
      vertex 6.850000001490116 -1.6885263323783875 -1
      vertex 10.759797975420952 2.9597979709506035 -1
      vertex 7.16540814191103 -1.899275317788124 -1
    endloop
  endfacet
  facet normal -0.5555702398623978 -0.8314696077303353 0
    outer loop
      vertex 6.850000001490116 -1.6885263323783875 0.010000000000000009
      vertex 6.850000001490116 -1.6885263323783875 0
      vertex 7.16540814191103 -1.899275317788124 0.010000000000000009
    endloop
  endfacet
  facet normal -0.6593458181582503 -0.7518398047970243 0
    outer loop
      vertex 7.16540814191103 -1.899275317788124 0.010000000000000009
      vertex 7.16540814191103 -1.899275317788124 0
      vertex 7.450609661638737 -2.1493903398513794 0.010000000000000009
    endloop
  endfacet
  facet normal -0.19509034083736526 -0.9807852766594535 0
    outer loop
      vertex 5.778525955975056 -1.3248099014163017 0.010000000000000009
      vertex 5.778525955975056 -1.3248099014163017 0
      vertex 6.15057522803545 -1.3988151103258133 0.010000000000000009
    endloop
  endfacet
  facet normal -0.3214394621781937 -0.9469301305558893 0
    outer loop
      vertex 6.15057522803545 -1.3988151103258133 0.010000000000000009
      vertex 6.15057522803545 -1.3988151103258133 0
      vertex 6.509781949222088 -1.5207493603229523 0.010000000000000009
    endloop
  endfacet
  facet normal -0.8968727460018552 -0.4422886811564273 0
    outer loop
      vertex 7.911473669111729 -2.75 0.010000000000000009
      vertex 7.911473669111729 -2.75 0
      vertex 8.079250641167164 -3.0902180522680283 0.010000000000000009
    endloop
  endfacet
  facet normal -0.8314696077303353 -0.5555702398623978 0
    outer loop
      vertex 7.700724683701992 -2.4345918595790863 0.010000000000000009
      vertex 7.700724683701992 -2.4345918595790863 0
      vertex 7.911473669111729 -2.75 0.010000000000000009
    endloop
  endfacet
  facet normal 0 0 -1
    outer loop
      vertex 7.700724683701992 -5.965408146381378 -1
      vertex 7.911473669111729 -5.6500000059604645 -1
      vertex 14.553473383188248 -5.238669998943806 -1
    endloop
  endfacet
  facet normal 0 0 -1
    outer loop
      vertex 7.911473669111729 -5.6500000059604645 -1
      vertex 8.079250641167164 -5.309781953692436 -1
      vertex 13.9497474655509 -4.5502525344491005 -1
    endloop
  endfacet
  facet normal 0 0 -1
    outer loop
      vertex 8.079250641167164 -5.309781953692436 -1
      vertex 8.201184891164303 -4.950575232505798 -1
      vertex 13.261330001056194 -3.9465266168117523 -1
    endloop
  endfacet
  facet normal 0 0 -1
    outer loop
      vertex 8.201184891164303 -4.950575232505798 -1
      vertex 8.275190100073814 -4.578525960445404 -1
      vertex 13.261330001056194 -3.9465266168117523 -1
    endloop
  endfacet
  facet normal 0 0 -1
    outer loop
      vertex 8.299999997019768 -4.200000002980232 -1
      vertex 8.275190100073814 -3.8214740455150604 -1
      vertex 11.959736563265324 -3.171393722295761 -1
    endloop
  endfacet
  facet normal 0 0 -1
    outer loop
      vertex 8.275190100073814 -3.8214740455150604 -1
      vertex 8.201184891164303 -3.449424773454666 -1
      vertex 11.959736563265324 -3.171393722295761 -1
    endloop
  endfacet
  facet normal 0 0 -1
    outer loop
      vertex 8.201184891164303 -3.449424773454666 -1
      vertex 8.079250641167164 -3.0902180522680283 -1
      vertex 11.959736563265324 -3.171393722295761 -1
    endloop
  endfacet
  facet normal 0 0 -1
    outer loop
      vertex 8.275190100073814 -4.578525960445404 -1
      vertex 8.299999997019768 -4.200000002980232 -1
      vertex 13.261330001056194 -3.9465266168117523 -1
    endloop
  endfacet
  facet normal 0 0 -1
    outer loop
      vertex 8.299999997019768 -4.200000002980232 -1
      vertex 11.959736563265324 -3.171393722295761 -1
      vertex 12.5 -3.4378221705555916 -1
    endloop
  endfacet
  facet normal 0 0 -1
    outer loop
      vertex 8.079250641167164 -3.0902180522680283 -1
      vertex 11.973725378513336 -3.1430272236466408 -1
      vertex 11.959736563265324 -3.171393722295761 -1
    endloop
  endfacet
  facet normal 0 0 -1
    outer loop
      vertex 8.299999997019768 -4.200000002980232 -1
      vertex 12.5 -3.4378221705555916 -1
      vertex 13.261330001056194 -3.9465266168117523 -1
    endloop
  endfacet
  facet normal 0 0 -1
    outer loop
      vertex 7.911473669111729 -2.75 -1
      vertex 12.209184624254704 -2.4493866562843323 -1
      vertex 8.079250641167164 -3.0902180522680283 -1
    endloop
  endfacet
  facet normal 0 0 -1
    outer loop
      vertex 7.911473669111729 -2.75 -1
      vertex 7.700724683701992 -2.4345918595790863 -1
      vertex 12.399999998509884 -1 -1
    endloop
  endfacet
  facet normal 0 0 -1
    outer loop
      vertex 7.450609661638737 -2.1493903398513794 -1
      vertex 12.209184624254704 0.4493866562843323 -1
      vertex 7.700724683701992 -2.4345918595790863 -1
    endloop
  endfacet
  facet normal 0 0 -1
    outer loop
      vertex 8.079250641167164 -3.0902180522680283 -1
      vertex 12.209184624254704 -2.4493866562843323 -1
      vertex 11.973725378513336 -3.1430272236466408 -1
    endloop
  endfacet
  facet normal 0 0 -1
    outer loop
      vertex 7.911473669111729 -2.75 -1
      vertex 12.35209122300148 -1.7309466749429703 -1
      vertex 12.209184624254704 -2.4493866562843323 -1
    endloop
  endfacet
  facet normal 0 0 -1
    outer loop
      vertex 7.911473669111729 -2.75 -1
      vertex 12.399999998509884 -1 -1
      vertex 12.35209122300148 -1.7309466749429703 -1
    endloop
  endfacet
  facet normal 0 0 -1
    outer loop
      vertex 7.700724683701992 -2.4345918595790863 -1
      vertex 12.35209122300148 -0.2690533250570297 -1
      vertex 12.399999998509884 -1 -1
    endloop
  endfacet
  facet normal 0 0 -1
    outer loop
      vertex 7.700724683701992 -2.4345918595790863 -1
      vertex 12.209184624254704 0.4493866562843323 -1
      vertex 12.35209122300148 -0.2690533250570297 -1
    endloop
  endfacet
  facet normal 0 0 -1
    outer loop
      vertex 7.450609661638737 -2.1493903398513794 -1
      vertex 11.973725378513336 1.1430272236466408 -1
      vertex 12.209184624254704 0.4493866562843323 -1
    endloop
  endfacet
  facet normal 0.4422886907655121 -0.8968727412631791 0
    outer loop
      vertex 11.678784027695656 -15.96715673059225 -1
      vertex 12.5 -15.562177829444408 -1
      vertex 12.5 -15.562177829444408 0
    endloop
  endfacet
  facet normal 0.5555702353929249 -0.8314696107167417 0
    outer loop
      vertex 12.5 -15.562177829444408 -1
      vertex 13.261330001056194 -15.053473383188248 -1
      vertex 13.261330001056194 -15.053473383188248 0
    endloop
  endfacet
  facet normal 0.4422886907655121 -0.8968727412631791 0
    outer loop
      vertex 11.678784027695656 -15.96715673059225 -1
      vertex 12.5 -15.562177829444408 0
      vertex 11.678784027695656 -15.96715673059225 0
    endloop
  endfacet
  facet normal 0.5555702353929249 -0.8314696107167417 0
    outer loop
      vertex 12.5 -15.562177829444408 -1
      vertex 13.261330001056194 -15.053473383188248 0
      vertex 12.5 -15.562177829444408 0
    endloop
  endfacet
  facet normal 0.6593458179165815 -0.7518398050089622 0
    outer loop
      vertex 13.261330001056194 -15.053473383188248 -1
      vertex 13.9497474655509 -14.4497474655509 0
      vertex 13.261330001056194 -15.053473383188248 0
    endloop
  endfacet
  facet normal 0 0 -1
    outer loop
      vertex 6.2926084622740746 -10.299999997019768 -1
      vertex 15.062177829444408 -13 -1
      vertex 14.553473383188248 -13.761330001056194 -1
    endloop
  endfacet
  facet normal 0 0 -1
    outer loop
      vertex 6.2926084622740746 -10.299999997019768 -1
      vertex 15.46715673059225 -12.178784027695656 -1
      vertex 15.062177829444408 -13 -1
    endloop
  endfacet
  facet normal 0.6593458179165815 -0.7518398050089622 0
    outer loop
      vertex 13.261330001056194 -15.053473383188248 -1
      vertex 13.9497474655509 -14.4497474655509 -1
      vertex 13.9497474655509 -14.4497474655509 0
    endloop
  endfacet
  facet normal 0.7518398050089622 -0.6593458179165815 0
    outer loop
      vertex 13.9497474655509 -14.4497474655509 -1
      vertex 14.553473383188248 -13.761330001056194 -1
      vertex 14.553473383188248 -13.761330001056194 0
    endloop
  endfacet
  facet normal 0.7518398050089622 -0.6593458179165815 0
    outer loop
      vertex 13.9497474655509 -14.4497474655509 -1
      vertex 14.553473383188248 -13.761330001056194 0
      vertex 13.9497474655509 -14.4497474655509 0
    endloop
  endfacet
  facet normal 0.8314696107167417 -0.5555702353929249 0
    outer loop
      vertex 14.553473383188248 -13.761330001056194 -1
      vertex 15.062177829444408 -13 -1
      vertex 15.062177829444408 -13 0
    endloop
  endfacet
  facet normal 0.8314696107167417 -0.5555702353929249 0
    outer loop
      vertex 14.553473383188248 -13.761330001056194 -1
      vertex 15.062177829444408 -13 0
      vertex 14.553473383188248 -13.761330001056194 0
    endloop
  endfacet
  facet normal 0.8968727412631791 -0.4422886907655121 0
    outer loop
      vertex 15.062177829444408 -13 -1
      vertex 15.46715673059225 -12.178784027695656 -1
      vertex 15.46715673059225 -12.178784027695656 0
    endloop
  endfacet
  facet normal 0.8968727412631791 -0.4422886907655121 0
    outer loop
      vertex 15.062177829444408 -13 -1
      vertex 15.46715673059225 -12.178784027695656 0
      vertex 15.062177829444408 -13 0
    endloop
  endfacet
  facet normal 0.9469301303169256 -0.32143946288215797 0
    outer loop
      vertex 15.46715673059225 -12.178784027695656 -1
      vertex 15.761480785906315 -11.311733312904835 0
      vertex 15.46715673059225 -12.178784027695656 0
    endloop
  endfacet
  facet normal 0 0 -1
    outer loop
      vertex 6.2926084622740746 -10.299999997019768 -1
      vertex 15.761480785906315 -11.311733312904835 -1
      vertex 15.46715673059225 -12.178784027695656 -1
    endloop
  endfacet
  facet normal 0 0 -1
    outer loop
      vertex 6.2926084622740746 -10.299999997019768 -1
      vertex 15.94011402875185 -10.413683347404003 -1
      vertex 15.761480785906315 -11.311733312904835 -1
    endloop
  endfacet
  facet normal 0 0 -1
    outer loop
      vertex 6.2926084622740746 -10.299999997019768 -1
      vertex 16 -9.5 -1
      vertex 15.94011402875185 -10.413683347404003 -1
    endloop
  endfacet
  facet normal 0 0 -1
    outer loop
      vertex 6.2926084622740746 -10.299999997019768 -1
      vertex 15.94011402875185 -8.586316652595997 -1
      vertex 16 -9.5 -1
    endloop
  endfacet
  facet normal 0 0 -1
    outer loop
      vertex 6.2926084622740746 -10.299999997019768 -1
      vertex 15.761480785906315 -7.688266687095165 -1
      vertex 15.94011402875185 -8.586316652595997 -1
    endloop
  endfacet
  facet normal 0 0 -1
    outer loop
      vertex 6.2926084622740746 -10.299999997019768 -1
      vertex 15.062177829444408 -6 -1
      vertex 15.46715673059225 -6.821215972304344 -1
    endloop
  endfacet
  facet normal 0 0 -1
    outer loop
      vertex 6.2926084622740746 -10.299999997019768 -1
      vertex 15.46715673059225 -6.821215972304344 -1
      vertex 15.761480785906315 -7.688266687095165 -1
    endloop
  endfacet
  facet normal 0 0 -1
    outer loop
      vertex 6.2926084622740746 -10.299999997019768 -1
      vertex 14.553473383188248 -5.238669998943806 -1
      vertex 15.062177829444408 -6 -1
    endloop
  endfacet
  facet normal 0.9469301303169256 -0.32143946288215797 0
    outer loop
      vertex 15.46715673059225 -12.178784027695656 -1
      vertex 15.761480785906315 -11.311733312904835 -1
      vertex 15.761480785906315 -11.311733312904835 0
    endloop
  endfacet
  facet normal 0.9807852807830233 -0.19509032010678037 0
    outer loop
      vertex 15.761480785906315 -11.311733312904835 -1
      vertex 15.94011402875185 -10.413683347404003 -1
      vertex 15.94011402875185 -10.413683347404003 0
    endloop
  endfacet
  facet normal 0.9807852807830233 -0.19509032010678037 0
    outer loop
      vertex 15.761480785906315 -11.311733312904835 -1
      vertex 15.94011402875185 -10.413683347404003 0
      vertex 15.761480785906315 -11.311733312904835 0
    endloop
  endfacet
  facet normal 0.997858923185669 -0.06540313003776756 0
    outer loop
      vertex 15.94011402875185 -10.413683347404003 -1
      vertex 16 -9.5 -1
      vertex 16 -9.5 0
    endloop
  endfacet
  facet normal 0.997858923185669 0.06540313003776756 0
    outer loop
      vertex 16 -9.5 -1
      vertex 15.94011402875185 -8.586316652595997 -1
      vertex 15.94011402875185 -8.586316652595997 0
    endloop
  endfacet
  facet normal 0.997858923185669 -0.06540313003776756 0
    outer loop
      vertex 15.94011402875185 -10.413683347404003 -1
      vertex 16 -9.5 0
      vertex 15.94011402875185 -10.413683347404003 0
    endloop
  endfacet
  facet normal 0.997858923185669 0.06540313003776756 0
    outer loop
      vertex 16 -9.5 -1
      vertex 15.94011402875185 -8.586316652595997 0
      vertex 16 -9.5 0
    endloop
  endfacet
  facet normal 0.9807852807830233 0.19509032010678037 0
    outer loop
      vertex 15.94011402875185 -8.586316652595997 -1
      vertex 15.761480785906315 -7.688266687095165 -1
      vertex 15.761480785906315 -7.688266687095165 0
    endloop
  endfacet
  facet normal 0.9807852807830233 0.19509032010678037 0
    outer loop
      vertex 15.94011402875185 -8.586316652595997 -1
      vertex 15.761480785906315 -7.688266687095165 0
      vertex 15.94011402875185 -8.586316652595997 0
    endloop
  endfacet
  facet normal 0.9469301303169256 0.32143946288215797 0
    outer loop
      vertex 15.761480785906315 -7.688266687095165 -1
      vertex 15.46715673059225 -6.821215972304344 0
      vertex 15.761480785906315 -7.688266687095165 0
    endloop
  endfacet
  facet normal 0.8968727412631791 0.4422886907655121 0
    outer loop
      vertex 15.46715673059225 -6.821215972304344 -1
      vertex 15.062177829444408 -6 -1
      vertex 15.062177829444408 -6 0
    endloop
  endfacet
  facet normal 0.9469301303169256 0.32143946288215797 0
    outer loop
      vertex 15.761480785906315 -7.688266687095165 -1
      vertex 15.46715673059225 -6.821215972304344 -1
      vertex 15.46715673059225 -6.821215972304344 0
    endloop
  endfacet
  facet normal 0.8968727412631791 0.4422886907655121 0
    outer loop
      vertex 15.46715673059225 -6.821215972304344 -1
      vertex 15.062177829444408 -6 0
      vertex 15.46715673059225 -6.821215972304344 0
    endloop
  endfacet
  facet normal 0 0 -1
    outer loop
      vertex 7.911473669111729 -5.6500000059604645 -1
      vertex 13.9497474655509 -4.5502525344491005 -1
      vertex 14.553473383188248 -5.238669998943806 -1
    endloop
  endfacet
  facet normal 0 0 -1
    outer loop
      vertex 8.079250641167164 -5.309781953692436 -1
      vertex 13.261330001056194 -3.9465266168117523 -1
      vertex 13.9497474655509 -4.5502525344491005 -1
    endloop
  endfacet
  facet normal 0.8968726639402962 -0.44228884756077264 0
    outer loop
      vertex 11.959736563265324 -3.171393722295761 -1
      vertex 11.973725378513336 -3.1430272236466408 -1
      vertex 11.973725378513336 -3.1430272236466408 0
    endloop
  endfacet
  facet normal 0.4422886976730136 0.8968727378567761 0
    outer loop
      vertex 11.959736563265324 -3.171393722295761 -1
      vertex 12.5 -3.4378221705555916 0
      vertex 12.5 -3.4378221705555916 -1
    endloop
  endfacet
  facet normal 0.5555702353929249 0.8314696107167417 0
    outer loop
      vertex 12.5 -3.4378221705555916 -1
      vertex 12.5 -3.4378221705555916 0
      vertex 13.261330001056194 -3.9465266168117523 -1
    endloop
  endfacet
  facet normal 0.8968726639402962 -0.44228884756077264 0
    outer loop
      vertex 11.959736563265324 -3.171393722295761 -1
      vertex 11.973725378513336 -3.1430272236466408 0
      vertex 11.959736563265324 -3.171393722295761 0
    endloop
  endfacet
  facet normal 0.4422886976730136 0.8968727378567761 0
    outer loop
      vertex 11.959736563265324 -3.171393722295761 -1
      vertex 11.959736563265324 -3.171393722295761 0
      vertex 12.5 -3.4378221705555916 0
    endloop
  endfacet
  facet normal 0.5555702353929249 0.8314696107167417 0
    outer loop
      vertex 13.261330001056194 -3.9465266168117523 -1
      vertex 12.5 -3.4378221705555916 0
      vertex 13.261330001056194 -3.9465266168117523 0
    endloop
  endfacet
  facet normal 0.7518398050089622 0.6593458179165815 0
    outer loop
      vertex 14.553473383188248 -5.238669998943806 -1
      vertex 13.9497474655509 -4.5502525344491005 -1
      vertex 13.9497474655509 -4.5502525344491005 0
    endloop
  endfacet
  facet normal 0.7518398050089622 0.6593458179165815 0
    outer loop
      vertex 14.553473383188248 -5.238669998943806 -1
      vertex 13.9497474655509 -4.5502525344491005 0
      vertex 14.553473383188248 -5.238669998943806 0
    endloop
  endfacet
  facet normal 0.6593458179165815 0.7518398050089622 0
    outer loop
      vertex 13.261330001056194 -3.9465266168117523 -1
      vertex 13.261330001056194 -3.9465266168117523 0
      vertex 13.9497474655509 -4.5502525344491005 -1
    endloop
  endfacet
  facet normal 0.6593458179165815 0.7518398050089622 0
    outer loop
      vertex 13.9497474655509 -4.5502525344491005 -1
      vertex 13.261330001056194 -3.9465266168117523 0
      vertex 13.9497474655509 -4.5502525344491005 0
    endloop
  endfacet
  facet normal 0.946930129067185 -0.3214394665637754 0
    outer loop
      vertex 11.973725378513336 -3.1430272236466408 -1
      vertex 12.209184624254704 -2.4493866562843323 -1
      vertex 12.209184624254704 -2.4493866562843323 0
    endloop
  endfacet
  facet normal 0.9807852800798581 -0.19509032364183077 0
    outer loop
      vertex 12.209184624254704 -2.4493866562843323 -1
      vertex 12.35209122300148 -1.7309466749429703 -1
      vertex 12.35209122300148 -1.7309466749429703 0
    endloop
  endfacet
  facet normal 0.946930129067185 -0.3214394665637754 0
    outer loop
      vertex 11.973725378513336 -3.1430272236466408 -1
      vertex 12.209184624254704 -2.4493866562843323 0
      vertex 11.973725378513336 -3.1430272236466408 0
    endloop
  endfacet
  facet normal 0.9807852800798581 -0.19509032364183077 0
    outer loop
      vertex 12.209184624254704 -2.4493866562843323 -1
      vertex 12.35209122300148 -1.7309466749429703 0
      vertex 12.209184624254704 -2.4493866562843323 0
    endloop
  endfacet
  facet normal 0.997858923301027 -0.06540312827774519 0
    outer loop
      vertex 12.35209122300148 -1.7309466749429703 -1
      vertex 12.399999998509884 -1 0
      vertex 12.35209122300148 -1.7309466749429703 0
    endloop
  endfacet
  facet normal 0.997858923301027 -0.06540312827774519 0
    outer loop
      vertex 12.35209122300148 -1.7309466749429703 -1
      vertex 12.399999998509884 -1 -1
      vertex 12.399999998509884 -1 0
    endloop
  endfacet
  facet normal 0.997858923301027 0.06540312827774519 0
    outer loop
      vertex 12.399999998509884 -1 -1
      vertex 12.35209122300148 -0.2690533250570297 -1
      vertex 12.35209122300148 -0.2690533250570297 0
    endloop
  endfacet
  facet normal 0.997858923301027 0.06540312827774519 0
    outer loop
      vertex 12.399999998509884 -1 -1
      vertex 12.35209122300148 -0.2690533250570297 0
      vertex 12.399999998509884 -1 0
    endloop
  endfacet
  facet normal 0.9807852800798581 0.19509032364183077 0
    outer loop
      vertex 12.35209122300148 -0.2690533250570297 -1
      vertex 12.209184624254704 0.4493866562843323 0
      vertex 12.35209122300148 -0.2690533250570297 0
    endloop
  endfacet
  facet normal 0.8314696107167417 0.5555702353929249 0
    outer loop
      vertex 14.553473383188248 -5.238669998943806 -1
      vertex 14.553473383188248 -5.238669998943806 0
      vertex 15.062177829444408 -6 -1
    endloop
  endfacet
  facet normal 0.8314696107167417 0.5555702353929249 0
    outer loop
      vertex 15.062177829444408 -6 -1
      vertex 14.553473383188248 -5.238669998943806 0
      vertex 15.062177829444408 -6 0
    endloop
  endfacet
  facet normal 0 0 -1
    outer loop
      vertex -3.634591855108738 -1.899275317788124 -1
      vertex 6.418543711304665 4.600000001490116 -1
      vertex 3.634591855108738 -1.899275317788124 -1
    endloop
  endfacet
  facet normal 0 0 -1
    outer loop
      vertex -4.649424768984318 -1.3988151103258133 -1
      vertex 6.4568884670734406 4.712960012257099 -1
      vertex 6.418543711304665 4.600000001490116 -1
    endloop
  endfacet
  facet normal 0 0 -1
    outer loop
      vertex -4.649424768984318 -1.3988151103258133 -1
      vertex 6.564068414270878 5.25178999453783 -1
      vertex 6.4568884670734406 4.712960012257099 -1
    endloop
  endfacet
  facet normal 0 0 -1
    outer loop
      vertex -4.649424768984318 -1.3988151103258133 -1
      vertex 6.600000001490116 5.799999997019768 -1
      vertex 6.564068414270878 5.25178999453783 -1
    endloop
  endfacet
  facet normal 0 0 -1
    outer loop
      vertex -4.649424768984318 -1.3988151103258133 -1
      vertex 6.564068414270878 6.348210006952286 -1
      vertex 6.600000001490116 5.799999997019768 -1
    endloop
  endfacet
  facet normal 0 0 -1
    outer loop
      vertex -4.649424768984318 -1.3988151103258133 -1
      vertex 6.4568884670734406 6.887039989233017 -1
      vertex 6.564068414270878 6.348210006952286 -1
    endloop
  endfacet
  facet normal 0 0 -1
    outer loop
      vertex -4.649424768984318 -1.3988151103258133 -1
      vertex 6.2802940383553505 7.4072704166173935 -1
      vertex 6.4568884670734406 6.887039989233017 -1
    endloop
  endfacet
  facet normal 0 0 -1
    outer loop
      vertex -4.649424768984318 -1.3988151103258133 -1
      vertex 4.5 9.437306694686413 -1
      vertex 4.956798002123833 9.132084026932716 -1
    endloop
  endfacet
  facet normal 0 0 -1
    outer loop
      vertex -4.649424768984318 -1.3988151103258133 -1
      vertex 4.956798002123833 9.132084026932716 -1
      vertex 5.369848482310772 8.769848480820656 -1
    endloop
  endfacet
  facet normal 0 0 -1
    outer loop
      vertex -4.649424768984318 -1.3988151103258133 -1
      vertex 5.369848482310772 8.769848480820656 -1
      vertex 5.7320840284228325 8.356798000633717 -1
    endloop
  endfacet
  facet normal 0 0 -1
    outer loop
      vertex -4.649424768984318 -1.3988151103258133 -1
      vertex 6.037306696176529 7.899999998509884 -1
      vertex 6.2802940383553505 7.4072704166173935 -1
    endloop
  endfacet
  facet normal 0 0 -1
    outer loop
      vertex -4.649424768984318 -1.3988151103258133 -1
      vertex 5.7320840284228325 8.356798000633717 -1
      vertex 6.037306696176529 7.899999998509884 -1
    endloop
  endfacet
  facet normal 0 0 -1
    outer loop
      vertex 3.634591855108738 -1.899275317788124 -1
      vertex 6.418543711304665 4.600000001490116 -1
      vertex 3.9499999955296516 -1.6885263323783875 -1
    endloop
  endfacet
  facet normal 0 0 -1
    outer loop
      vertex 3.9499999955296516 -1.6885263323783875 -1
      vertex 6.418543711304665 4.600000001490116 -1
      vertex 4.29021804779768 -1.5207493603229523 -1
    endloop
  endfacet
  facet normal 0 0 -1
    outer loop
      vertex 4.29021804779768 -1.5207493603229523 -1
      vertex 6.418543711304665 4.600000001490116 -1
      vertex 4.649424768984318 -1.3988151103258133 -1
    endloop
  endfacet
  facet normal 0 0 -1
    outer loop
      vertex 4.649424768984318 -1.3988151103258133 -1
      vertex 6.418543711304665 4.600000001490116 -1
      vertex 5.021474041044712 -1.3248099014163017 -1
    endloop
  endfacet
  facet normal 0 0 -1
    outer loop
      vertex 5.021474041044712 -1.3248099014163017 -1
      vertex 6.418543711304665 4.600000001490116 -1
      vertex 5.399999998509884 -1.3000000044703484 -1
    endloop
  endfacet
  facet normal 0 0 -1
    outer loop
      vertex 5.399999998509884 -1.3000000044703484 -1
      vertex 6.418543711304665 4.600000001490116 -1
      vertex 5.778525955975056 -1.3248099014163017 -1
    endloop
  endfacet
  facet normal 0 0 -1
    outer loop
      vertex -4.649424768984318 -1.3988151103258133 -1
      vertex 2.399999998509884 10 -1
      vertex 2.948210008442402 9.964068420231342 -1
    endloop
  endfacet
  facet normal 0 0 -1
    outer loop
      vertex -4.649424768984318 -1.3988151103258133 -1
      vertex 2.948210008442402 9.964068420231342 -1
      vertex 3.487039990723133 9.856888473033905 -1
    endloop
  endfacet
  facet normal 0 0 -1
    outer loop
      vertex -4.649424768984318 -1.3988151103258133 -1
      vertex 3.487039990723133 9.856888473033905 -1
      vertex 4.00727041810751 9.680294036865234 -1
    endloop
  endfacet
  facet normal 0 0 -1
    outer loop
      vertex -4.649424768984318 -1.3988151103258133 -1
      vertex 4.00727041810751 9.680294036865234 -1
      vertex 4.5 9.437306694686413 -1
    endloop
  endfacet
  facet normal 0.8968727416694137 0.4422886899417497 0
    outer loop
      vertex 1.4564145058393478 10.724586986005306 -1
      vertex 1.2712812945246696 11.100000001490116 -1
      vertex 1.2712812945246696 11.100000001490116 0
    endloop
  endfacet
  facet normal 0.75183980711885 0.6593458155107155 0
    outer loop
      vertex 0.7627416998147964 11.762741699814796 -1
      vertex 0.7627416998147964 11.762741699814796 0
      vertex 1.038730688393116 11.448036573827267 -1
    endloop
  endfacet
  facet normal 0.8314696086814369 0.5555702384389738 0
    outer loop
      vertex 1.2712812945246696 11.100000001490116 -1
      vertex 1.038730688393116 11.448036573827267 -1
      vertex 1.038730688393116 11.448036573827267 0
    endloop
  endfacet
  facet normal 0.8968727416694137 0.4422886899417497 0
    outer loop
      vertex 1.4564145058393478 10.724586986005306 -1
      vertex 1.2712812945246696 11.100000001490116 0
      vertex 1.4564145058393478 10.724586986005306 0
    endloop
  endfacet
  facet normal 0.75183980711885 0.6593458155107155 0
    outer loop
      vertex 1.038730688393116 11.448036573827267 -1
      vertex 0.7627416998147964 11.762741699814796 0
      vertex 1.038730688393116 11.448036573827267 0
    endloop
  endfacet
  facet normal 0.8314696086814369 0.5555702384389738 0
    outer loop
      vertex 1.2712812945246696 11.100000001490116 -1
      vertex 1.038730688393116 11.448036573827267 0
      vertex 1.2712812945246696 11.100000001490116 0
    endloop
  endfacet
  facet normal 0.9807852771874976 0.19509033818270785 0
    outer loop
      vertex 1.656249850988388 10 -1
      vertex 1.590962640941143 10.328220941126347 -1
      vertex 1.590962640941143 10.328220941126347 0
    endloop
  endfacet
  facet normal 0 1 0
    outer loop
      vertex 1.656249850988388 10 -1
      vertex 2.399999998509884 10 0
      vertex 2.399999998509884 10 -1
    endloop
  endfacet
  facet normal 0.06540312445929981 0.9978589235513011 0
    outer loop
      vertex 2.399999998509884 10 -1
      vertex 2.399999998509884 10 0
      vertex 2.948210008442402 9.964068420231342 -1
    endloop
  endfacet
  facet normal 0.9807852771874976 0.19509033818270785 0
    outer loop
      vertex 1.656249850988388 10 -1
      vertex 1.590962640941143 10.328220941126347 0
      vertex 1.656249850988388 10 0
    endloop
  endfacet
  facet normal 0 1 0
    outer loop
      vertex 1.656249850988388 10 -1
      vertex 1.656249850988388 10 0
      vertex 2.399999998509884 10 0
    endloop
  endfacet
  facet normal 0.06540312445929981 0.9978589235513011 0
    outer loop
      vertex 2.948210008442402 9.964068420231342 -1
      vertex 2.399999998509884 10 0
      vertex 2.948210008442402 9.964068420231342 0
    endloop
  endfacet
  facet normal 0.9469301345134817 0.32143945051950196 0
    outer loop
      vertex 1.590962640941143 10.328220941126347 -1
      vertex 1.4564145058393478 10.724586986005306 -1
      vertex 1.4564145058393478 10.724586986005306 0
    endloop
  endfacet
  facet normal 0.9469301345134817 0.32143945051950196 0
    outer loop
      vertex 1.590962640941143 10.328220941126347 -1
      vertex 1.4564145058393478 10.724586986005306 0
      vertex 1.590962640941143 10.328220941126347 0
    endloop
  endfacet
  facet normal 0.7518398102217979 0.6593458119724817 0
    outer loop
      vertex 5.369848482310772 8.769848480820656 -1
      vertex 5.369848482310772 8.769848480820656 0
      vertex 5.7320840284228325 8.356798000633717 -1
    endloop
  endfacet
  facet normal 0.8314696115539245 0.5555702341399925 0
    outer loop
      vertex 5.7320840284228325 8.356798000633717 -1
      vertex 5.7320840284228325 8.356798000633717 0
      vertex 6.037306696176529 7.899999998509884 -1
    endloop
  endfacet
  facet normal 0.7518398102217979 0.6593458119724817 0
    outer loop
      vertex 5.7320840284228325 8.356798000633717 -1
      vertex 5.369848482310772 8.769848480820656 0
      vertex 5.7320840284228325 8.356798000633717 0
    endloop
  endfacet
  facet normal 0.1950903216779139 0.9807852804705055 0
    outer loop
      vertex 2.948210008442402 9.964068420231342 -1
      vertex 2.948210008442402 9.964068420231342 0
      vertex 3.487039990723133 9.856888473033905 -1
    endloop
  endfacet
  facet normal 0.3214394685719019 0.9469301283855177 0
    outer loop
      vertex 3.487039990723133 9.856888473033905 -1
      vertex 3.487039990723133 9.856888473033905 0
      vertex 4.00727041810751 9.680294036865234 -1
    endloop
  endfacet
  facet normal 0.4422886940231743 0.8968727396566777 0
    outer loop
      vertex 4.00727041810751 9.680294036865234 -1
      vertex 4.00727041810751 9.680294036865234 0
      vertex 4.5 9.437306694686413 -1
    endloop
  endfacet
  facet normal 0.1950903216779139 0.9807852804705055 0
    outer loop
      vertex 3.487039990723133 9.856888473033905 -1
      vertex 2.948210008442402 9.964068420231342 0
      vertex 3.487039990723133 9.856888473033905 0
    endloop
  endfacet
  facet normal 0.4422886940231743 0.8968727396566777 0
    outer loop
      vertex 4.5 9.437306694686413 -1
      vertex 4.00727041810751 9.680294036865234 0
      vertex 4.5 9.437306694686413 0
    endloop
  endfacet
  facet normal 0.3214394685719019 0.9469301283855177 0
    outer loop
      vertex 4.00727041810751 9.680294036865234 -1
      vertex 3.487039990723133 9.856888473033905 0
      vertex 4.00727041810751 9.680294036865234 0
    endloop
  endfacet
  facet normal 0.5555702341399925 0.8314696115539245 0
    outer loop
      vertex 4.956798002123833 9.132084026932716 -1
      vertex 4.5 9.437306694686413 -1
      vertex 4.5 9.437306694686413 0
    endloop
  endfacet
  facet normal 0.6593458119724817 0.7518398102217979 0
    outer loop
      vertex 4.956798002123833 9.132084026932716 -1
      vertex 4.956798002123833 9.132084026932716 0
      vertex 5.369848482310772 8.769848480820656 -1
    endloop
  endfacet
  facet normal 0.5555702341399925 0.8314696115539245 0
    outer loop
      vertex 4.956798002123833 9.132084026932716 -1
      vertex 4.5 9.437306694686413 0
      vertex 4.956798002123833 9.132084026932716 0
    endloop
  endfacet
  facet normal 0.6593458119724817 0.7518398102217979 0
    outer loop
      vertex 5.369848482310772 8.769848480820656 -1
      vertex 4.956798002123833 9.132084026932716 0
      vertex 5.369848482310772 8.769848480820656 0
    endloop
  endfacet
  facet normal 0 0 -1
    outer loop
      vertex 5.778525955975056 -1.3248099014163017 -1
      vertex 6.418543711304665 4.600000001490116 -1
      vertex 6.15057522803545 -1.3988151103258133 -1
    endloop
  endfacet
  facet normal 0 0 -1
    outer loop
      vertex 6.15057522803545 -1.3988151103258133 -1
      vertex 8.2493866533041 4.409184627234936 -1
      vertex 6.509781949222088 -1.5207493603229523 -1
    endloop
  endfacet
  facet normal 0 0 -1
    outer loop
      vertex 6.15057522803545 -1.3988151103258133 -1
      vertex 6.418543711304665 4.600000001490116 -1
      vertex 6.799999997019768 4.600000001490116 -1
    endloop
  endfacet
  facet normal 0 0 -1
    outer loop
      vertex 6.15057522803545 -1.3988151103258133 -1
      vertex 6.799999997019768 4.600000001490116 -1
      vertex 7.530946679413319 4.552091225981712 -1
    endloop
  endfacet
  facet normal 0 0 -1
    outer loop
      vertex 6.15057522803545 -1.3988151103258133 -1
      vertex 7.530946679413319 4.552091225981712 -1
      vertex 8.2493866533041 4.409184627234936 -1
    endloop
  endfacet
  facet normal 0 0 -1
    outer loop
      vertex 6.850000001490116 -1.6885263323783875 -1
      vertex 6.509781949222088 -1.5207493603229523 -1
      vertex 9.600000001490116 3.8497422635555267 -1
    endloop
  endfacet
  facet normal 0 0 -1
    outer loop
      vertex 6.509781949222088 -1.5207493603229523 -1
      vertex 8.2493866533041 4.409184627234936 -1
      vertex 8.943027220666409 4.173725381493568 -1
    endloop
  endfacet
  facet normal 0 0 -1
    outer loop
      vertex 6.509781949222088 -1.5207493603229523 -1
      vertex 8.943027220666409 4.173725381493568 -1
      vertex 9.600000001490116 3.8497422635555267 -1
    endloop
  endfacet
  facet normal 0.9469301319633301 -0.3214394580320067 0
    outer loop
      vertex 6.418543711304665 4.600000001490116 -1
      vertex 6.4568884670734406 4.712960012257099 -1
      vertex 6.4568884670734406 4.712960012257099 0
    endloop
  endfacet
  facet normal 0.9807852804705055 -0.1950903216779139 0
    outer loop
      vertex 6.4568884670734406 4.712960012257099 -1
      vertex 6.564068414270878 5.25178999453783 -1
      vertex 6.564068414270878 5.25178999453783 0
    endloop
  endfacet
  facet normal 0.9978589226082154 -0.06540313884800666 0
    outer loop
      vertex 6.564068414270878 5.25178999453783 -1
      vertex 6.600000001490116 5.799999997019768 -1
      vertex 6.600000001490116 5.799999997019768 0
    endloop
  endfacet
  facet normal 0 1 0
    outer loop
      vertex 6.418543711304665 4.600000001490116 -1
      vertex 6.799999997019768 4.600000001490116 0
      vertex 6.799999997019768 4.600000001490116 -1
    endloop
  endfacet
  facet normal 0.06540312761393911 0.9978589233445353 0
    outer loop
      vertex 6.799999997019768 4.600000001490116 -1
      vertex 6.799999997019768 4.600000001490116 0
      vertex 7.530946679413319 4.552091225981712 -1
    endloop
  endfacet
  facet normal 0.9469301319633301 -0.3214394580320067 0
    outer loop
      vertex 6.418543711304665 4.600000001490116 -1
      vertex 6.4568884670734406 4.712960012257099 0
      vertex 6.418543711304665 4.600000001490116 0
    endloop
  endfacet
  facet normal 0 1 0
    outer loop
      vertex 6.418543711304665 4.600000001490116 -1
      vertex 6.418543711304665 4.600000001490116 0
      vertex 6.799999997019768 4.600000001490116 0
    endloop
  endfacet
  facet normal 0.9807852804705055 -0.1950903216779139 0
    outer loop
      vertex 6.4568884670734406 4.712960012257099 -1
      vertex 6.564068414270878 5.25178999453783 0
      vertex 6.4568884670734406 4.712960012257099 0
    endloop
  endfacet
  facet normal 0.9978589226082154 -0.06540313884800666 0
    outer loop
      vertex 6.564068414270878 5.25178999453783 -1
      vertex 6.600000001490116 5.799999997019768 0
      vertex 6.564068414270878 5.25178999453783 0
    endloop
  endfacet
  facet normal 0.06540312761393911 0.9978589233445353 0
    outer loop
      vertex 7.530946679413319 4.552091225981712 -1
      vertex 6.799999997019768 4.600000001490116 0
      vertex 7.530946679413319 4.552091225981712 0
    endloop
  endfacet
  facet normal 0.3214394665637754 0.946930129067185 0
    outer loop
      vertex 8.943027220666409 4.173725381493568 -1
      vertex 8.2493866533041 4.409184627234936 -1
      vertex 8.2493866533041 4.409184627234936 0
    endloop
  endfacet
  facet normal 0.3214394665637754 0.946930129067185 0
    outer loop
      vertex 8.943027220666409 4.173725381493568 -1
      vertex 8.2493866533041 4.409184627234936 0
      vertex 8.943027220666409 4.173725381493568 0
    endloop
  endfacet
  facet normal 0.19509032558801184 0.9807852796927388 0
    outer loop
      vertex 7.530946679413319 4.552091225981712 -1
      vertex 7.530946679413319 4.552091225981712 0
      vertex 8.2493866533041 4.409184627234936 -1
    endloop
  endfacet
  facet normal 0.19509032558801184 0.9807852796927388 0
    outer loop
      vertex 8.2493866533041 4.409184627234936 -1
      vertex 7.530946679413319 4.552091225981712 0
      vertex 8.2493866533041 4.409184627234936 0
    endloop
  endfacet
  facet normal 0 0 -1
    outer loop
      vertex 7.16540814191103 -1.899275317788124 -1
      vertex 10.759797975420952 2.9597979709506035 -1
      vertex 11.242778703570366 2.4090640023350716 -1
    endloop
  endfacet
  facet normal 0 0 -1
    outer loop
      vertex 7.16540814191103 -1.899275317788124 -1
      vertex 11.242778703570366 2.4090640023350716 -1
      vertex 11.649742260575294 1.7999999970197678 -1
    endloop
  endfacet
  facet normal 0 0 -1
    outer loop
      vertex 6.850000001490116 -1.6885263323783875 -1
      vertex 9.600000001490116 3.8497422635555267 -1
      vertex 10.20906399935484 3.442778706550598 -1
    endloop
  endfacet
  facet normal 0 0 -1
    outer loop
      vertex 6.850000001490116 -1.6885263323783875 -1
      vertex 10.20906399935484 3.442778706550598 -1
      vertex 10.759797975420952 2.9597979709506035 -1
    endloop
  endfacet
  facet normal 0 0 -1
    outer loop
      vertex 7.450609661638737 -2.1493903398513794 -1
      vertex 11.649742260575294 1.7999999970197678 -1
      vertex 11.973725378513336 1.1430272236466408 -1
    endloop
  endfacet
  facet normal 0.7518398072739245 0.6593458153338869 0
    outer loop
      vertex 10.759797975420952 2.9597979709506035 -1
      vertex 10.759797975420952 2.9597979709506035 0
      vertex 11.242778703570366 2.4090640023350716 -1
    endloop
  endfacet
  facet normal 0.8314696126004029 0.555570232573827 0
    outer loop
      vertex 11.649742260575294 1.7999999970197678 -1
      vertex 11.242778703570366 2.4090640023350716 -1
      vertex 11.242778703570366 2.4090640023350716 0
    endloop
  endfacet
  facet normal 0.8314696126004029 0.555570232573827 0
    outer loop
      vertex 11.649742260575294 1.7999999970197678 -1
      vertex 11.242778703570366 2.4090640023350716 0
      vertex 11.649742260575294 1.7999999970197678 0
    endloop
  endfacet
  facet normal 0.7518398072739245 0.6593458153338869 0
    outer loop
      vertex 11.242778703570366 2.4090640023350716 -1
      vertex 10.759797975420952 2.9597979709506035 0
      vertex 11.242778703570366 2.4090640023350716 0
    endloop
  endfacet
  facet normal 0.44228868587901865 0.8968727436729308 0
    outer loop
      vertex 8.943027220666409 4.173725381493568 -1
      vertex 8.943027220666409 4.173725381493568 0
      vertex 9.600000001490116 3.8497422635555267 -1
    endloop
  endfacet
  facet normal 0.5555702372723236 0.8314696094609677 0
    outer loop
      vertex 9.600000001490116 3.8497422635555267 -1
      vertex 9.600000001490116 3.8497422635555267 0
      vertex 10.20906399935484 3.442778706550598 -1
    endloop
  endfacet
  facet normal 0.44228868587901865 0.8968727436729308 0
    outer loop
      vertex 9.600000001490116 3.8497422635555267 -1
      vertex 8.943027220666409 4.173725381493568 0
      vertex 9.600000001490116 3.8497422635555267 0
    endloop
  endfacet
  facet normal 0.5555702372723236 0.8314696094609677 0
    outer loop
      vertex 10.20906399935484 3.442778706550598 -1
      vertex 9.600000001490116 3.8497422635555267 0
      vertex 10.20906399935484 3.442778706550598 0
    endloop
  endfacet
  facet normal 0.6593458160412012 0.7518398066536266 0
    outer loop
      vertex 10.759797975420952 2.9597979709506035 -1
      vertex 10.20906399935484 3.442778706550598 -1
      vertex 10.20906399935484 3.442778706550598 0
    endloop
  endfacet
  facet normal 0.6593458160412012 0.7518398066536266 0
    outer loop
      vertex 10.759797975420952 2.9597979709506035 -1
      vertex 10.20906399935484 3.442778706550598 0
      vertex 10.759797975420952 2.9597979709506035 0
    endloop
  endfacet
  facet normal 0.9978589226662262 0.06540313796293173 0
    outer loop
      vertex 6.600000001490116 5.799999997019768 -1
      vertex 6.564068414270878 6.348210006952286 -1
      vertex 6.564068414270878 6.348210006952286 0
    endloop
  endfacet
  facet normal 0.9807852804705055 0.1950903216779139 0
    outer loop
      vertex 6.564068414270878 6.348210006952286 -1
      vertex 6.4568884670734406 6.887039989233017 -1
      vertex 6.4568884670734406 6.887039989233017 0
    endloop
  endfacet
  facet normal 0.9469301325134204 0.32143945641149324 0
    outer loop
      vertex 6.4568884670734406 6.887039989233017 -1
      vertex 6.2802940383553505 7.4072704166173935 -1
      vertex 6.2802940383553505 7.4072704166173935 0
    endloop
  endfacet
  facet normal 0.9978589226662262 0.06540313796293173 0
    outer loop
      vertex 6.600000001490116 5.799999997019768 -1
      vertex 6.564068414270878 6.348210006952286 0
      vertex 6.600000001490116 5.799999997019768 0
    endloop
  endfacet
  facet normal 0.9807852804705055 0.1950903216779139 0
    outer loop
      vertex 6.564068414270878 6.348210006952286 -1
      vertex 6.4568884670734406 6.887039989233017 0
      vertex 6.564068414270878 6.348210006952286 0
    endloop
  endfacet
  facet normal 0.9469301325134204 0.32143945641149324 0
    outer loop
      vertex 6.4568884670734406 6.887039989233017 -1
      vertex 6.2802940383553505 7.4072704166173935 0
      vertex 6.4568884670734406 6.887039989233017 0
    endloop
  endfacet
  facet normal 0.8968727396566777 0.4422886940231743 0
    outer loop
      vertex 6.2802940383553505 7.4072704166173935 -1
      vertex 6.037306696176529 7.899999998509884 -1
      vertex 6.037306696176529 7.899999998509884 0
    endloop
  endfacet
  facet normal 0.8968727396566777 0.4422886940231743 0
    outer loop
      vertex 6.2802940383553505 7.4072704166173935 -1
      vertex 6.037306696176529 7.899999998509884 0
      vertex 6.2802940383553505 7.4072704166173935 0
    endloop
  endfacet
  facet normal 0.8314696115539245 0.5555702341399925 0
    outer loop
      vertex 6.037306696176529 7.899999998509884 -1
      vertex 5.7320840284228325 8.356798000633717 0
      vertex 6.037306696176529 7.899999998509884 0
    endloop
  endfacet
  facet normal 0.6593458155107155 0.75183980711885 0
    outer loop
      vertex 0.4480365738272667 12.038730688393116 -1
      vertex 0.4480365738272667 12.038730688393116 0
      vertex 0.7627416998147964 11.762741699814796 -1
    endloop
  endfacet
  facet normal 0.6593458155107155 0.75183980711885 0
    outer loop
      vertex 0.7627416998147964 11.762741699814796 -1
      vertex 0.4480365738272667 12.038730688393116 0
      vertex 0.7627416998147964 11.762741699814796 0
    endloop
  endfacet
  facet normal 0.9807852800798581 0.19509032364183077 0
    outer loop
      vertex 12.35209122300148 -0.2690533250570297 -1
      vertex 12.209184624254704 0.4493866562843323 -1
      vertex 12.209184624254704 0.4493866562843323 0
    endloop
  endfacet
  facet normal 0.946930129067185 0.3214394665637754 0
    outer loop
      vertex 11.973725378513336 1.1430272236466408 -1
      vertex 11.973725378513336 1.1430272236466408 0
      vertex 12.209184624254704 0.4493866562843323 -1
    endloop
  endfacet
  facet normal 0.946930129067185 0.3214394665637754 0
    outer loop
      vertex 12.209184624254704 0.4493866562843323 -1
      vertex 11.973725378513336 1.1430272236466408 0
      vertex 12.209184624254704 0.4493866562843323 0
    endloop
  endfacet
  facet normal 0.8968727416832418 0.44228868991370923 0
    outer loop
      vertex 11.973725378513336 1.1430272236466408 -1
      vertex 11.649742260575294 1.7999999970197678 0
      vertex 11.973725378513336 1.1430272236466408 0
    endloop
  endfacet
  facet normal 0.8968727416832418 0.44228868991370923 0
    outer loop
      vertex 11.973725378513336 1.1430272236466408 -1
      vertex 11.649742260575294 1.7999999970197678 -1
      vertex 11.649742260575294 1.7999999970197678 0
    endloop
  endfacet
endsolid OpenSCAD_Model
