solid OpenSCAD_Model
  facet normal 0 0 1
    outer loop
      vertex -32.409184627234936 -55.94938665628433 2.4
      vertex -26.100000001490116 -45.5 2.4
      vertex -32.55209122598171 -55.23094667494297 2.4
    endloop
  endfacet
  facet normal 0 0 1
    outer loop
      vertex -32.55209122598171 -55.23094667494297 2.4
      vertex -26.100000001490116 -45.5 2.4
      vertex -32.600000001490116 -54.5 2.4
    endloop
  endfacet
  facet normal 0 0 1
    outer loop
      vertex -32.409184627234936 -55.94938665628433 2.4
      vertex -25.445363976061344 -48.79107751697302 2.4
      vertex -25.806962102651596 -47.7258437871933 2.4
    endloop
  endfacet
  facet normal 0 0 1
    outer loop
      vertex -32.409184627234936 -55.94938665628433 2.4
      vertex -24.947818472981453 -49.79999999701977 2.4
      vertex -25.445363976061344 -48.79107751697302 2.4
    endloop
  endfacet
  facet normal 0 0 1
    outer loop
      vertex -32.409184627234936 -55.94938665628433 2.4
      vertex -23.581118315458298 -51.5811183154583 2.4
      vertex -24.322838723659515 -50.73534829169512 2.4
    endloop
  endfacet
  facet normal 0 0 1
    outer loop
      vertex -32.409184627234936 -55.94938665628433 2.4
      vertex -24.322838723659515 -50.73534829169512 2.4
      vertex -24.947818472981453 -49.79999999701977 2.4
    endloop
  endfacet
  facet normal 0 0 1
    outer loop
      vertex -32.409184627234936 -55.94938665628433 2.4
      vertex -25.806962102651596 -47.7258437871933 2.4
      vertex -26.026425808668137 -46.62252525240183 2.4
    endloop
  endfacet
  facet normal 0 0 1
    outer loop
      vertex -32.409184627234936 -55.94938665628433 2.4
      vertex -26.026425808668137 -46.62252525240183 2.4
      vertex -26.100000001490116 -45.5 2.4
    endloop
  endfacet
  facet normal 0 0 1
    outer loop
      vertex -32.600000001490116 -54.5 2.4
      vertex -26.100000001490116 -45.5 2.4
      vertex -32.600000001490116 -3.121153217898423 2.4
    endloop
  endfacet
  facet normal 0 0 1
    outer loop
      vertex -32.17372538149357 -56.64302722364664 2.4
      vertex -31.849742263555527 -57.29999999701977 2.4
      vertex -4.065069943049662 -56.3161928975936 2.4
    endloop
  endfacet
  facet normal 0 0 1
    outer loop
      vertex -31.849742263555527 -57.29999999701977 2.4
      vertex -31.442778706550598 -57.90906400233507 2.4
      vertex -4.250073635671901 -56.86119620154891 2.4
    endloop
  endfacet
  facet normal 0 0 1
    outer loop
      vertex -31.442778706550598 -57.90906400233507 2.4
      vertex -30.959797970950603 -58.4597979709506 2.4
      vertex -4.362357390044766 -57.425684754231774 2.4
    endloop
  endfacet
  facet normal 0 0 1
    outer loop
      vertex -30.959797970950603 -58.4597979709506 2.4
      vertex -30.40906400233507 -58.9427787065506 2.4
      vertex -4.4 -58 2.4
    endloop
  endfacet
  facet normal 0 0 1
    outer loop
      vertex -32.17372538149357 -56.64302722364664 2.4
      vertex -3.81051177665153 -55.8 2.4
      vertex -32.409184627234936 -55.94938665628433 2.4
    endloop
  endfacet
  facet normal 0 0 1
    outer loop
      vertex -32.409184627234936 -55.94938665628433 2.4
      vertex -17.5 -54.100000001490116 2.4
      vertex -18.62252525240183 -54.02642580866814 2.4
    endloop
  endfacet
  facet normal 0 0 1
    outer loop
      vertex -32.409184627234936 -55.94938665628433 2.4
      vertex -22.735348291695118 -52.322838723659515 2.4
      vertex -23.581118315458298 -51.5811183154583 2.4
    endloop
  endfacet
  facet normal 0 0 1
    outer loop
      vertex -32.409184627234936 -55.94938665628433 2.4
      vertex -21.799999997019768 -52.94781847298145 2.4
      vertex -22.735348291695118 -52.322838723659515 2.4
    endloop
  endfacet
  facet normal 0 0 1
    outer loop
      vertex -32.409184627234936 -55.94938665628433 2.4
      vertex -20.79107751697302 -53.445363976061344 2.4
      vertex -21.799999997019768 -52.94781847298145 2.4
    endloop
  endfacet
  facet normal 0 0 1
    outer loop
      vertex -32.409184627234936 -55.94938665628433 2.4
      vertex -19.7258437871933 -53.806962102651596 2.4
      vertex -20.79107751697302 -53.445363976061344 2.4
    endloop
  endfacet
  facet normal 0 0 1
    outer loop
      vertex -32.409184627234936 -55.94938665628433 2.4
      vertex -18.62252525240183 -54.02642580866814 2.4
      vertex -19.7258437871933 -53.806962102651596 2.4
    endloop
  endfacet
  facet normal 0 0 1
    outer loop
      vertex -30.40906400233507 -58.9427787065506 2.4
      vertex -29.799999997019768 -59.34974226355553 2.4
      vertex -4.362357390044766 -58.574315245768226 2.4
    endloop
  endfacet
  facet normal 0 0 1
    outer loop
      vertex -29.799999997019768 -59.34974226355553 2.4
      vertex -29.14302722364664 -59.67372538149357 2.4
      vertex -4.250073635671901 -59.13880379845109 2.4
    endloop
  endfacet
  facet normal 0 0 1
    outer loop
      vertex -29.14302722364664 -59.67372538149357 2.4
      vertex -28.449386656284332 -59.909184627234936 2.4
      vertex -4.065069943049662 -59.6838071024064 2.4
    endloop
  endfacet
  facet normal 0 0 1
    outer loop
      vertex -28.449386656284332 -59.909184627234936 2.4
      vertex -27.73094667494297 -60.05209122598171 2.4
      vertex -4.065069943049662 -59.6838071024064 2.4
    endloop
  endfacet
  facet normal 0 0 1
    outer loop
      vertex -27.73094667494297 -60.05209122598171 2.4
      vertex -27 -60.100000001490116 2.4
      vertex -3.859826318519818 -60.100000001490116 2.4
    endloop
  endfacet
  facet normal 0 0 1
    outer loop
      vertex -32.409184627234936 -55.94938665628433 2.4
      vertex -3.490754697281435 -55.32144971236163 2.4
      vertex -17.5 -54.100000001490116 2.4
    endloop
  endfacet
  facet normal 0.6593458210833091 0.7518398022318166 0
    outer loop
      vertex -30.959797970950603 -58.4597979709506 2.4
      vertex -30.959797970950603 -58.4597979709506 22
      vertex -30.40906400233507 -58.9427787065506 2.4
    endloop
  endfacet
  facet normal 0.8968727416832417 0.4422886899137092 0
    outer loop
      vertex -32.17372538149357 -56.64302722364664 2.4
      vertex -32.17372538149357 -56.64302722364664 22
      vertex -31.849742263555527 -57.29999999701977 2.4
    endloop
  endfacet
  facet normal 0.9469301290671849 0.3214394665637754 0
    outer loop
      vertex -32.17372538149357 -56.64302722364664 2.4
      vertex -32.409184627234936 -55.94938665628433 2.4
      vertex -32.409184627234936 -55.94938665628433 22
    endloop
  endfacet
  facet normal 0.997858923301027 0.06540312827774519 0
    outer loop
      vertex -32.55209122598171 -55.23094667494297 2.4
      vertex -32.600000001490116 -54.5 2.4
      vertex -32.600000001490116 -54.5 22
    endloop
  endfacet
  facet normal 0.9807852800798581 0.1950903236418308 0
    outer loop
      vertex -32.409184627234936 -55.94938665628433 2.4
      vertex -32.55209122598171 -55.23094667494297 2.4
      vertex -32.55209122598171 -55.23094667494297 22
    endloop
  endfacet
  facet normal 0.7518398022318166 0.6593458210833091 0
    outer loop
      vertex -31.442778706550598 -57.90906400233507 2.4
      vertex -31.442778706550598 -57.90906400233507 22
      vertex -30.959797970950603 -58.4597979709506 2.4
    endloop
  endfacet
  facet normal 0.8314696126004028 0.555570232573827 0
    outer loop
      vertex -31.849742263555527 -57.29999999701977 2.4
      vertex -31.849742263555527 -57.29999999701977 22
      vertex -31.442778706550598 -57.90906400233507 2.4
    endloop
  endfacet
  facet normal 0.555570232573827 0.8314696126004028 0
    outer loop
      vertex -30.40906400233507 -58.9427787065506 2.4
      vertex -30.40906400233507 -58.9427787065506 22
      vertex -29.799999997019768 -59.34974226355553 2.4
    endloop
  endfacet
  facet normal 0.4422886899137092 0.8968727416832417 0
    outer loop
      vertex -29.799999997019768 -59.34974226355553 2.4
      vertex -29.799999997019768 -59.34974226355553 22
      vertex -29.14302722364664 -59.67372538149357 2.4
    endloop
  endfacet
  facet normal 0.3214394665637754 0.9469301290671849 0
    outer loop
      vertex -29.14302722364664 -59.67372538149357 2.4
      vertex -29.14302722364664 -59.67372538149357 22
      vertex -28.449386656284332 -59.909184627234936 2.4
    endloop
  endfacet
  facet normal 0.1950903236418308 0.9807852800798581 0
    outer loop
      vertex -28.449386656284332 -59.909184627234936 2.4
      vertex -28.449386656284332 -59.909184627234936 22
      vertex -27.73094667494297 -60.05209122598171 2.4
    endloop
  endfacet
  facet normal 0.06540312827774519 0.997858923301027 0
    outer loop
      vertex -27.73094667494297 -60.05209122598171 2.4
      vertex -27.73094667494297 -60.05209122598171 22
      vertex -27 -60.100000001490116 2.4
    endloop
  endfacet
  facet normal 1 0 0
    outer loop
      vertex -32.600000001490116 -54.5 2.4
      vertex -32.600000001490116 -3.121153217898423 2.4
      vertex -32.600000001490116 -54.5 22
    endloop
  endfacet
  facet normal 0 1 0
    outer loop
      vertex -27 -60.100000001490116 2.4
      vertex -24.45 -60.100000001490116 15.2
      vertex -15.05 -60.100000001490116 15.2
    endloop
  endfacet
  facet normal 0 0 1
    outer loop
      vertex -26.100000001490116 -45.5 2.4
      vertex -31.7 -3.81051177665153 2.4
      vertex -32.17855028763837 -3.490754697281435 2.4
    endloop
  endfacet
  facet normal 0 0 1
    outer loop
      vertex -26.100000001490116 -45.5 2.4
      vertex -31.183807102406394 -4.065069943049662 2.4
      vertex -31.7 -3.81051177665153 2.4
    endloop
  endfacet
  facet normal 0 0 1
    outer loop
      vertex -26.100000001490116 -45.5 2.4
      vertex -32.17855028763837 -3.490754697281435 2.4
      vertex -32.600000001490116 -3.121153217898423 2.4
    endloop
  endfacet
  facet normal 0 0 1
    outer loop
      vertex -26.100000001490116 -45.5 2.4
      vertex -30.638803798451093 -4.250073635671901 2.4
      vertex -31.183807102406394 -4.065069943049662 2.4
    endloop
  endfacet
  facet normal 0 0 1
    outer loop
      vertex -26.100000001490116 -45.5 2.4
      vertex -30.074315245768226 -4.362357390044766 2.4
      vertex -30.638803798451093 -4.250073635671901 2.4
    endloop
  endfacet
  facet normal 0 0 1
    outer loop
      vertex -26.100000001490116 -45.5 2.4
      vertex -29.5 -4.4 2.4
      vertex -30.074315245768226 -4.362357390044766 2.4
    endloop
  endfacet
  facet normal 0 0 1
    outer loop
      vertex -26.100000001490116 -45.5 2.4
      vertex -28.925684754231774 -4.362357390044766 2.4
      vertex -29.5 -4.4 2.4
    endloop
  endfacet
  facet normal 0 0 1
    outer loop
      vertex -26.100000001490116 -45.5 2.4
      vertex -28.361196201548907 -4.250073635671901 2.4
      vertex -28.925684754231774 -4.362357390044766 2.4
    endloop
  endfacet
  facet normal 0 0 1
    outer loop
      vertex -26.100000001490116 -45.5 2.4
      vertex -27.816192897593606 -4.065069943049662 2.4
      vertex -28.361196201548907 -4.250073635671901 2.4
    endloop
  endfacet
  facet normal 0 0 1
    outer loop
      vertex -26.100000001490116 -45.5 2.4
      vertex -27.3 -3.81051177665153 2.4
      vertex -27.816192897593606 -4.065069943049662 2.4
    endloop
  endfacet
  facet normal 0 0 1
    outer loop
      vertex -26.100000001490116 -45.5 2.4
      vertex -26.82144971236163 -3.490754697281435 2.4
      vertex -27.3 -3.81051177665153 2.4
    endloop
  endfacet
  facet normal 0 0 1
    outer loop
      vertex -26.100000001490116 -45.5 2.4
      vertex -26.38873016277919 -3.1112698372208096 2.4
      vertex -26.82144971236163 -3.490754697281435 2.4
    endloop
  endfacet
  facet normal 0 0 1
    outer loop
      vertex -26.100000001490116 -45.5 2.4
      vertex -26.100000001490116 -10.5 2.4
      vertex -26.38873016277919 -3.1112698372208096 2.4
    endloop
  endfacet
  facet normal 0 0 1
    outer loop
      vertex -26.38873016277919 -3.1112698372208096 2.4
      vertex -26.100000001490116 -10.5 2.4
      vertex -26.026425808668137 -9.377474747598171 2.4
    endloop
  endfacet
  facet normal 0 0 1
    outer loop
      vertex -26.38873016277919 -3.1112698372208096 2.4
      vertex -26.026425808668137 -9.377474747598171 2.4
      vertex -25.806962102651596 -8.274156212806702 2.4
    endloop
  endfacet
  facet normal 0 0 1
    outer loop
      vertex -26.38873016277919 -3.1112698372208096 2.4
      vertex -25.806962102651596 -8.274156212806702 2.4
      vertex -25.445363976061344 -7.208922483026981 2.4
    endloop
  endfacet
  facet normal 0 0 1
    outer loop
      vertex -26.38873016277919 -3.1112698372208096 2.4
      vertex -25.445363976061344 -7.208922483026981 2.4
      vertex -24.947818472981453 -6.200000002980232 2.4
    endloop
  endfacet
  facet normal 0 0 1
    outer loop
      vertex -26.38873016277919 -3.1112698372208096 2.4
      vertex -24.947818472981453 -6.200000002980232 2.4
      vertex -24.322838723659515 -5.264651708304882 2.4
    endloop
  endfacet
  facet normal 0 0 1
    outer loop
      vertex -24.322838723659515 -5.264651708304882 2.4
      vertex -23.581118315458298 -4.418881684541702 2.4
      vertex -26.009245302718565 -2.678550287638371 2.4
    endloop
  endfacet
  facet normal 0 0 1
    outer loop
      vertex -26.38873016277919 -3.1112698372208096 2.4
      vertex -24.322838723659515 -5.264651708304882 2.4
      vertex -26.009245302718565 -2.678550287638371 2.4
    endloop
  endfacet
  facet normal 0 0 1
    outer loop
      vertex -26.009245302718565 -2.678550287638371 2.4
      vertex -23.581118315458298 -4.418881684541702 2.4
      vertex -25.68948822334847 -2.2 2.4
    endloop
  endfacet
  facet normal 0 0 1
    outer loop
      vertex -25.68948822334847 -2.2 2.4
      vertex -22.735348291695118 -3.6771612763404846 2.4
      vertex -25.43493005695034 -1.6838071024063952 2.4
    endloop
  endfacet
  facet normal 0 0 1
    outer loop
      vertex -25.43493005695034 -1.6838071024063952 2.4
      vertex -22.735348291695118 -3.6771612763404846 2.4
      vertex -25.249926364328097 -1.1388037984510913 2.4
    endloop
  endfacet
  facet normal 0 0 1
    outer loop
      vertex -25.249926364328097 -1.1388037984510913 2.4
      vertex -22.735348291695118 -3.6771612763404846 2.4
      vertex -25.137642609955236 -0.574315245768227 2.4
    endloop
  endfacet
  facet normal 0 0 1
    outer loop
      vertex -25.137642609955236 -0.574315245768227 2.4
      vertex -22.735348291695118 -3.6771612763404846 2.4
      vertex -25.1 0 2.4
    endloop
  endfacet
  facet normal 0 0 1
    outer loop
      vertex -25.68948822334847 -2.2 2.4
      vertex -23.581118315458298 -4.418881684541702 2.4
      vertex -22.735348291695118 -3.6771612763404846 2.4
    endloop
  endfacet
  facet normal 0 0 1
    outer loop
      vertex -22.735348291695118 -3.6771612763404846 2.4
      vertex -21.799999997019768 -3.052181527018547 2.4
      vertex -21.799999997019768 3.052181527018547 2.4
    endloop
  endfacet
  facet normal 0 0 1
    outer loop
      vertex -21.799999997019768 -3.052181527018547 2.4
      vertex -20.79107751697302 -2.554636023938656 2.4
      vertex -20.79107751697302 2.554636023938656 2.4
    endloop
  endfacet
  facet normal 0 0 1
    outer loop
      vertex -20.79107751697302 -2.554636023938656 2.4
      vertex -19.7258437871933 -2.193037897348404 2.4
      vertex -19.7258437871933 2.193037897348404 2.4
    endloop
  endfacet
  facet normal 0 0 1
    outer loop
      vertex -19.7258437871933 -2.193037897348404 2.4
      vertex -18.62252525240183 -1.9735741913318634 2.4
      vertex -18.62252525240183 1.9735741913318634 2.4
    endloop
  endfacet
  facet normal 0 0 1
    outer loop
      vertex -18.62252525240183 -1.9735741913318634 2.4
      vertex -17.5 -1.8999999985098839 2.4
      vertex -17.5 1.8999999985098839 2.4
    endloop
  endfacet
  facet normal 0 0 1
    outer loop
      vertex -30.959797970950603 -58.4597979709506 2.4
      vertex -4.4 -58 2.4
      vertex -4.362357390044766 -57.425684754231774 2.4
    endloop
  endfacet
  facet normal 0 0 1
    outer loop
      vertex -31.442778706550598 -57.90906400233507 2.4
      vertex -4.362357390044766 -57.425684754231774 2.4
      vertex -4.250073635671901 -56.86119620154891 2.4
    endloop
  endfacet
  facet normal 0 0 1
    outer loop
      vertex -31.849742263555527 -57.29999999701977 2.4
      vertex -4.250073635671901 -56.86119620154891 2.4
      vertex -4.065069943049662 -56.3161928975936 2.4
    endloop
  endfacet
  facet normal 0 0 1
    outer loop
      vertex -32.17372538149357 -56.64302722364664 2.4
      vertex -4.065069943049662 -56.3161928975936 2.4
      vertex -3.81051177665153 -55.8 2.4
    endloop
  endfacet
  facet normal 0 0 1
    outer loop
      vertex -32.409184627234936 -55.94938665628433 2.4
      vertex -3.81051177665153 -55.8 2.4
      vertex -3.490754697281435 -55.32144971236163 2.4
    endloop
  endfacet
  facet normal 0 0 1
    outer loop
      vertex -29.799999997019768 -59.34974226355553 2.4
      vertex -4.250073635671901 -59.13880379845109 2.4
      vertex -4.362357390044766 -58.574315245768226 2.4
    endloop
  endfacet
  facet normal 0 0 1
    outer loop
      vertex -29.14302722364664 -59.67372538149357 2.4
      vertex -4.065069943049662 -59.6838071024064 2.4
      vertex -4.250073635671901 -59.13880379845109 2.4
    endloop
  endfacet
  facet normal 0 0 1
    outer loop
      vertex -27.73094667494297 -60.05209122598171 2.4
      vertex -3.859826318519818 -60.100000001490116 2.4
      vertex -4.065069943049662 -59.6838071024064 2.4
    endloop
  endfacet
  facet normal 0 0 1
    outer loop
      vertex -30.40906400233507 -58.9427787065506 2.4
      vertex -4.362357390044766 -58.574315245768226 2.4
      vertex -4.4 -58 2.4
    endloop
  endfacet
  facet normal 0 0 1
    outer loop
      vertex -17.5 -54.100000001490116 2.4
      vertex -3.490754697281435 -55.32144971236163 2.4
      vertex -3.1112698372208096 -54.88873016277919 2.4
    endloop
  endfacet
  facet normal 0 0 1
    outer loop
      vertex -17.5 -54.100000001490116 2.4
      vertex -3.1112698372208096 -54.88873016277919 2.4
      vertex -2.678550287638371 -54.50924530271857 2.4
    endloop
  endfacet
  facet normal 0 0 1
    outer loop
      vertex -17.5 -54.100000001490116 2.4
      vertex -2.678550287638371 -54.50924530271857 2.4
      vertex -2.2 -54.18948822334847 2.4
    endloop
  endfacet
  facet normal 0 0 1
    outer loop
      vertex -17.5 -54.100000001490116 2.4
      vertex -2.2 -54.18948822334847 2.4
      vertex -2.0185358372305537 -54.100000001490116 2.4
    endloop
  endfacet
  facet normal 0 1 0
    outer loop
      vertex -27 -60.100000001490116 2.4
      vertex -3.859826318519818 -60.100000001490116 19.600000000000005
      vertex -3.859826318519818 -60.100000001490116 2.4
    endloop
  endfacet
  facet normal 0.8968727416832417 0.4422886899137092 0
    outer loop
      vertex -31.849742263555527 -57.29999999701977 2.4
      vertex -32.17372538149357 -56.64302722364664 22
      vertex -31.849742263555527 -57.29999999701977 22
    endloop
  endfacet
  facet normal 0.9807852800798581 0.1950903236418308 0
    outer loop
      vertex -32.409184627234936 -55.94938665628433 2.4
      vertex -32.55209122598171 -55.23094667494297 22
      vertex -32.409184627234936 -55.94938665628433 22
    endloop
  endfacet
  facet normal 0.997858923301027 0.06540312827774519 0
    outer loop
      vertex -32.55209122598171 -55.23094667494297 2.4
      vertex -32.600000001490116 -54.5 22
      vertex -32.55209122598171 -55.23094667494297 22
    endloop
  endfacet
  facet normal 0.9469301290671849 0.3214394665637754 0
    outer loop
      vertex -32.17372538149357 -56.64302722364664 2.4
      vertex -32.409184627234936 -55.94938665628433 22
      vertex -32.17372538149357 -56.64302722364664 22
    endloop
  endfacet
  facet normal 0.8314696126004028 0.555570232573827 0
    outer loop
      vertex -31.442778706550598 -57.90906400233507 2.4
      vertex -31.849742263555527 -57.29999999701977 22
      vertex -31.442778706550598 -57.90906400233507 22
    endloop
  endfacet
  facet normal 0.7518398022318166 0.6593458210833091 0
    outer loop
      vertex -30.959797970950603 -58.4597979709506 2.4
      vertex -31.442778706550598 -57.90906400233507 22
      vertex -30.959797970950603 -58.4597979709506 22
    endloop
  endfacet
  facet normal 0.6593458210833091 0.7518398022318166 0
    outer loop
      vertex -30.40906400233507 -58.9427787065506 2.4
      vertex -30.959797970950603 -58.4597979709506 22
      vertex -30.40906400233507 -58.9427787065506 22
    endloop
  endfacet
  facet normal 0.555570232573827 0.8314696126004028 0
    outer loop
      vertex -29.799999997019768 -59.34974226355553 2.4
      vertex -30.40906400233507 -58.9427787065506 22
      vertex -29.799999997019768 -59.34974226355553 22
    endloop
  endfacet
  facet normal 0.4422886899137092 0.8968727416832417 0
    outer loop
      vertex -29.14302722364664 -59.67372538149357 2.4
      vertex -29.799999997019768 -59.34974226355553 22
      vertex -29.14302722364664 -59.67372538149357 22
    endloop
  endfacet
  facet normal 0.3214394665637754 0.9469301290671849 0
    outer loop
      vertex -28.449386656284332 -59.909184627234936 2.4
      vertex -29.14302722364664 -59.67372538149357 22
      vertex -28.449386656284332 -59.909184627234936 22
    endloop
  endfacet
  facet normal 0.1950903236418308 0.9807852800798581 0
    outer loop
      vertex -27.73094667494297 -60.05209122598171 2.4
      vertex -28.449386656284332 -59.909184627234936 22
      vertex -27.73094667494297 -60.05209122598171 22
    endloop
  endfacet
  facet normal 0.06540312827774519 0.997858923301027 0
    outer loop
      vertex -27 -60.100000001490116 2.4
      vertex -27.73094667494297 -60.05209122598171 22
      vertex -27 -60.100000001490116 22
    endloop
  endfacet
  facet normal 0 1 0
    outer loop
      vertex -27 -60.100000001490116 2.4
      vertex -27 -60.100000001490116 22
      vertex -24.45 -60.100000001490116 15.2
    endloop
  endfacet
  facet normal 0 1 0
    outer loop
      vertex -27 -60.100000001490116 22
      vertex -24.45 -60.100000001490116 18.8
      vertex -24.45 -60.100000001490116 15.2
    endloop
  endfacet
  facet normal 0 1 0
    outer loop
      vertex -27 -60.100000001490116 22
      vertex -15.05 -60.100000001490116 18.8
      vertex -24.45 -60.100000001490116 18.8
    endloop
  endfacet
  facet normal 1 0 0
    outer loop
      vertex -32.600000001490116 -3.121153217898423 2.4
      vertex -32.600000001490116 -3.121153217898423 19.600000000000005
      vertex -32.600000001490116 -54.5 22
    endloop
  endfacet
  facet normal 1 0 0
    outer loop
      vertex -32.600000001490116 -54.5 22
      vertex -32.600000001490116 -3.121153217898423 19.600000000000005
      vertex -32.600000001490116 3.121153217898423 19.600000000000005
    endloop
  endfacet
  facet normal 0 1 0
    outer loop
      vertex -27 -60.100000001490116 2.4
      vertex -15.05 -60.100000001490116 15.2
      vertex -3.859826318519818 -60.100000001490116 19.600000000000005
    endloop
  endfacet
  facet normal 0 1 0
    outer loop
      vertex -3.859826318519818 -60.100000001490116 19.600000000000005
      vertex -15.05 -60.100000001490116 15.2
      vertex -15.05 -60.100000001490116 18.8
    endloop
  endfacet
  facet normal 0 1 0
    outer loop
      vertex -27 -60.100000001490116 22
      vertex -3.859826318519818 -60.100000001490116 19.600000000000005
      vertex -15.05 -60.100000001490116 18.8
    endloop
  endfacet
  facet normal 0 1 0
    outer loop
      vertex -27 -60.100000001490116 22
      vertex 27 -60.100000001490116 22
      vertex -3.859826318519818 -60.100000001490116 19.600000000000005
    endloop
  endfacet
  facet normal 0 0 1
    outer loop
      vertex -32.600000001490116 3.121153217898423 2.4
      vertex -32.17855028763837 3.490754697281435 2.4
      vertex -32.600000001490116 54.5 2.4
    endloop
  endfacet
  facet normal 0 0 1
    outer loop
      vertex -32.17855028763837 3.490754697281435 2.4
      vertex -31.7 3.81051177665153 2.4
      vertex -32.600000001490116 54.5 2.4
    endloop
  endfacet
  facet normal 0 0 1
    outer loop
      vertex -31.7 3.81051177665153 2.4
      vertex -31.183807102406394 4.065069943049662 2.4
      vertex -32.600000001490116 54.5 2.4
    endloop
  endfacet
  facet normal 0 0 1
    outer loop
      vertex -31.183807102406394 4.065069943049662 2.4
      vertex -30.638803798451093 4.250073635671901 2.4
      vertex -32.600000001490116 54.5 2.4
    endloop
  endfacet
  facet normal 0 0 1
    outer loop
      vertex -30.638803798451093 4.250073635671901 2.4
      vertex -30.074315245768226 4.362357390044766 2.4
      vertex -32.600000001490116 54.5 2.4
    endloop
  endfacet
  facet normal 0 0 1
    outer loop
      vertex -30.074315245768226 4.362357390044766 2.4
      vertex -29.5 4.4 2.4
      vertex -32.600000001490116 54.5 2.4
    endloop
  endfacet
  facet normal 0 0 1
    outer loop
      vertex -29.5 4.4 2.4
      vertex -28.925684754231774 4.362357390044766 2.4
      vertex -32.600000001490116 54.5 2.4
    endloop
  endfacet
  facet normal 0 0 1
    outer loop
      vertex -28.925684754231774 4.362357390044766 2.4
      vertex -28.361196201548907 4.250073635671901 2.4
      vertex -32.600000001490116 54.5 2.4
    endloop
  endfacet
  facet normal 0 0 1
    outer loop
      vertex -28.361196201548907 4.250073635671901 2.4
      vertex -27.816192897593606 4.065069943049662 2.4
      vertex -32.600000001490116 54.5 2.4
    endloop
  endfacet
  facet normal 0 0 1
    outer loop
      vertex -27.3 3.81051177665153 2.4
      vertex -32.600000001490116 54.5 2.4
      vertex -27.816192897593606 4.065069943049662 2.4
    endloop
  endfacet
  facet normal 0 0 1
    outer loop
      vertex -26.82144971236163 3.490754697281435 2.4
      vertex -26.38873016277919 3.1112698372208096 2.4
      vertex -32.600000001490116 54.5 2.4
    endloop
  endfacet
  facet normal 0 0 1
    outer loop
      vertex -27.3 3.81051177665153 2.4
      vertex -26.82144971236163 3.490754697281435 2.4
      vertex -32.600000001490116 54.5 2.4
    endloop
  endfacet
  facet normal 0 0 1
    outer loop
      vertex -26.38873016277919 3.1112698372208096 2.4
      vertex -26.009245302718565 2.678550287638371 2.4
      vertex -32.600000001490116 54.5 2.4
    endloop
  endfacet
  facet normal 0 0 1
    outer loop
      vertex -26.009245302718565 2.678550287638371 2.4
      vertex -25.68948822334847 2.2 2.4
      vertex -32.600000001490116 54.5 2.4
    endloop
  endfacet
  facet normal 0 0 1
    outer loop
      vertex -25.68948822334847 2.2 2.4
      vertex -26.100000001490116 10.5 2.4
      vertex -32.600000001490116 54.5 2.4
    endloop
  endfacet
  facet normal 0 0 1
    outer loop
      vertex -25.43493005695034 1.6838071024063952 2.4
      vertex -24.947818472981453 6.200000002980232 2.4
      vertex -25.68948822334847 2.2 2.4
    endloop
  endfacet
  facet normal 0 0 1
    outer loop
      vertex -25.43493005695034 1.6838071024063952 2.4
      vertex -25.249926364328097 1.1388037984510913 2.4
      vertex -24.947818472981453 6.200000002980232 2.4
    endloop
  endfacet
  facet normal 0 0 1
    outer loop
      vertex -22.735348291695118 -3.6771612763404846 2.4
      vertex -24.947818472981453 6.200000002980232 2.4
      vertex -25.1 0 2.4
    endloop
  endfacet
  facet normal 0 0 1
    outer loop
      vertex -25.1 0 2.4
      vertex -24.947818472981453 6.200000002980232 2.4
      vertex -25.137642609955236 0.574315245768227 2.4
    endloop
  endfacet
  facet normal 0 0 1
    outer loop
      vertex -25.249926364328097 1.1388037984510913 2.4
      vertex -25.137642609955236 0.574315245768227 2.4
      vertex -24.947818472981453 6.200000002980232 2.4
    endloop
  endfacet
  facet normal 0 0 1
    outer loop
      vertex -25.68948822334847 2.2 2.4
      vertex -24.947818472981453 6.200000002980232 2.4
      vertex -25.445363976061344 7.208922483026981 2.4
    endloop
  endfacet
  facet normal 0 0 1
    outer loop
      vertex -25.68948822334847 2.2 2.4
      vertex -25.806962102651596 8.274156212806702 2.4
      vertex -26.026425808668137 9.377474747598171 2.4
    endloop
  endfacet
  facet normal 0 0 1
    outer loop
      vertex -25.68948822334847 2.2 2.4
      vertex -26.026425808668137 9.377474747598171 2.4
      vertex -26.100000001490116 10.5 2.4
    endloop
  endfacet
  facet normal 0 0 1
    outer loop
      vertex -25.68948822334847 2.2 2.4
      vertex -25.445363976061344 7.208922483026981 2.4
      vertex -25.806962102651596 8.274156212806702 2.4
    endloop
  endfacet
  facet normal 0 0 1
    outer loop
      vertex -22.735348291695118 -3.6771612763404846 2.4
      vertex -22.735348291695118 3.6771612763404846 2.4
      vertex -23.581118315458298 4.418881684541702 2.4
    endloop
  endfacet
  facet normal 0 0 1
    outer loop
      vertex -22.735348291695118 -3.6771612763404846 2.4
      vertex -24.322838723659515 5.264651708304882 2.4
      vertex -24.947818472981453 6.200000002980232 2.4
    endloop
  endfacet
  facet normal 0 0 1
    outer loop
      vertex -22.735348291695118 -3.6771612763404846 2.4
      vertex -23.581118315458298 4.418881684541702 2.4
      vertex -24.322838723659515 5.264651708304882 2.4
    endloop
  endfacet
  facet normal 0 0 1
    outer loop
      vertex -22.735348291695118 -3.6771612763404846 2.4
      vertex -21.799999997019768 3.052181527018547 2.4
      vertex -22.735348291695118 3.6771612763404846 2.4
    endloop
  endfacet
  facet normal 0 0 1
    outer loop
      vertex -21.799999997019768 -3.052181527018547 2.4
      vertex -20.79107751697302 2.554636023938656 2.4
      vertex -21.799999997019768 3.052181527018547 2.4
    endloop
  endfacet
  facet normal 0 0 1
    outer loop
      vertex -20.79107751697302 -2.554636023938656 2.4
      vertex -19.7258437871933 2.193037897348404 2.4
      vertex -20.79107751697302 2.554636023938656 2.4
    endloop
  endfacet
  facet normal 0 0 1
    outer loop
      vertex -19.7258437871933 -2.193037897348404 2.4
      vertex -18.62252525240183 1.9735741913318634 2.4
      vertex -19.7258437871933 2.193037897348404 2.4
    endloop
  endfacet
  facet normal 0 0 1
    outer loop
      vertex -18.62252525240183 -1.9735741913318634 2.4
      vertex -17.5 1.8999999985098839 2.4
      vertex -18.62252525240183 1.9735741913318634 2.4
    endloop
  endfacet
  facet normal 1 0 0
    outer loop
      vertex -32.600000001490116 3.121153217898423 2.4
      vertex -32.600000001490116 54.5 2.4
      vertex -32.600000001490116 3.121153217898423 19.600000000000005
    endloop
  endfacet
  facet normal 0 0 1
    outer loop
      vertex -26.100000001490116 10.5 2.4
      vertex -26.100000001490116 45.5 2.4
      vertex -32.600000001490116 54.5 2.4
    endloop
  endfacet
  facet normal 0 0 1
    outer loop
      vertex -32.600000001490116 54.5 2.4
      vertex -26.100000001490116 45.5 2.4
      vertex -26.026425808668137 46.62252525240183 2.4
    endloop
  endfacet
  facet normal 0 0 1
    outer loop
      vertex -32.600000001490116 54.5 2.4
      vertex -26.026425808668137 46.62252525240183 2.4
      vertex -25.806962102651596 47.7258437871933 2.4
    endloop
  endfacet
  facet normal 0 0 1
    outer loop
      vertex -32.600000001490116 54.5 2.4
      vertex -25.806962102651596 47.7258437871933 2.4
      vertex -25.445363976061344 48.79107751697302 2.4
    endloop
  endfacet
  facet normal 0 0 1
    outer loop
      vertex -32.600000001490116 54.5 2.4
      vertex -25.445363976061344 48.79107751697302 2.4
      vertex -24.947818472981453 49.79999999701977 2.4
    endloop
  endfacet
  facet normal 0 0 1
    outer loop
      vertex -32.600000001490116 54.5 2.4
      vertex -24.947818472981453 49.79999999701977 2.4
      vertex -24.322838723659515 50.73534829169512 2.4
    endloop
  endfacet
  facet normal 0 0 1
    outer loop
      vertex -32.600000001490116 54.5 2.4
      vertex -24.322838723659515 50.73534829169512 2.4
      vertex -23.581118315458298 51.5811183154583 2.4
    endloop
  endfacet
  facet normal 0 0 1
    outer loop
      vertex -32.600000001490116 54.5 2.4
      vertex -23.581118315458298 51.5811183154583 2.4
      vertex -22.735348291695118 52.322838723659515 2.4
    endloop
  endfacet
  facet normal 0 0 1
    outer loop
      vertex -28.449386656284332 59.909184627234936 2.4
      vertex -27 60.100000001490116 2.4
      vertex -27.73094667494297 60.05209122598171 2.4
    endloop
  endfacet
  facet normal 0 0 1
    outer loop
      vertex -32.600000001490116 54.5 2.4
      vertex -22.735348291695118 52.322838723659515 2.4
      vertex -21.799999997019768 52.94781847298145 2.4
    endloop
  endfacet
  facet normal 0 0 1
    outer loop
      vertex -32.600000001490116 54.5 2.4
      vertex -21.799999997019768 52.94781847298145 2.4
      vertex -20.79107751697302 53.445363976061344 2.4
    endloop
  endfacet
  facet normal 0 0 1
    outer loop
      vertex -32.600000001490116 54.5 2.4
      vertex -20.79107751697302 53.445363976061344 2.4
      vertex -19.7258437871933 53.806962102651596 2.4
    endloop
  endfacet
  facet normal 0 0 1
    outer loop
      vertex -32.600000001490116 54.5 2.4
      vertex -19.7258437871933 53.806962102651596 2.4
      vertex -18.62252525240183 54.02642580866814 2.4
    endloop
  endfacet
  facet normal 0 0 1
    outer loop
      vertex -32.600000001490116 54.5 2.4
      vertex -18.62252525240183 54.02642580866814 2.4
      vertex -17.5 54.100000001490116 2.4
    endloop
  endfacet
  facet normal 0 0 1
    outer loop
      vertex -32.600000001490116 54.5 2.4
      vertex -3.81051177665153 55.8 2.4
      vertex -32.55209122598171 55.23094667494297 2.4
    endloop
  endfacet
  facet normal 0 0 1
    outer loop
      vertex -32.55209122598171 55.23094667494297 2.4
      vertex -3.81051177665153 55.8 2.4
      vertex -32.409184627234936 55.94938665628433 2.4
    endloop
  endfacet
  facet normal 0 0 1
    outer loop
      vertex -32.409184627234936 55.94938665628433 2.4
      vertex -4.065069943049662 56.3161928975936 2.4
      vertex -32.17372538149357 56.64302722364664 2.4
    endloop
  endfacet
  facet normal 0 0 1
    outer loop
      vertex -32.17372538149357 56.64302722364664 2.4
      vertex -4.362357390044766 57.425684754231774 2.4
      vertex -31.849742263555527 57.29999999701977 2.4
    endloop
  endfacet
  facet normal 0 0 1
    outer loop
      vertex -31.849742263555527 57.29999999701977 2.4
      vertex -4.4 58 2.4
      vertex -31.442778706550598 57.90906400233507 2.4
    endloop
  endfacet
  facet normal 0 0 1
    outer loop
      vertex -31.442778706550598 57.90906400233507 2.4
      vertex -4.4 58 2.4
      vertex -30.959797970950603 58.4597979709506 2.4
    endloop
  endfacet
  facet normal 0 0 1
    outer loop
      vertex -30.959797970950603 58.4597979709506 2.4
      vertex -4.362357390044766 58.574315245768226 2.4
      vertex -30.40906400233507 58.9427787065506 2.4
    endloop
  endfacet
  facet normal 0 0 1
    outer loop
      vertex -32.600000001490116 54.5 2.4
      vertex -17.5 54.100000001490116 2.4
      vertex -3.1112698372208096 54.88873016277919 2.4
    endloop
  endfacet
  facet normal 0 0 1
    outer loop
      vertex -30.40906400233507 58.9427787065506 2.4
      vertex -4.250073635671901 59.13880379845109 2.4
      vertex -29.799999997019768 59.34974226355553 2.4
    endloop
  endfacet
  facet normal 0 0 1
    outer loop
      vertex -29.799999997019768 59.34974226355553 2.4
      vertex -4.250073635671901 59.13880379845109 2.4
      vertex -29.14302722364664 59.67372538149357 2.4
    endloop
  endfacet
  facet normal 0 0 1
    outer loop
      vertex -29.14302722364664 59.67372538149357 2.4
      vertex -4.065069943049662 59.6838071024064 2.4
      vertex -28.449386656284332 59.909184627234936 2.4
    endloop
  endfacet
  facet normal 0 0 1
    outer loop
      vertex -28.449386656284332 59.909184627234936 2.4
      vertex -4.065069943049662 59.6838071024064 2.4
      vertex -27 60.100000001490116 2.4
    endloop
  endfacet
  facet normal 0.997858923301027 -0.06540312827774519 0
    outer loop
      vertex -32.600000001490116 54.5 2.4
      vertex -32.55209122598171 55.23094667494297 2.4
      vertex -32.55209122598171 55.23094667494297 22
    endloop
  endfacet
  facet normal 0.9807852800798581 -0.1950903236418308 0
    outer loop
      vertex -32.55209122598171 55.23094667494297 2.4
      vertex -32.409184627234936 55.94938665628433 2.4
      vertex -32.409184627234936 55.94938665628433 22
    endloop
  endfacet
  facet normal 0.9469301290671849 -0.3214394665637754 0
    outer loop
      vertex -32.409184627234936 55.94938665628433 2.4
      vertex -32.17372538149357 56.64302722364664 2.4
      vertex -32.17372538149357 56.64302722364664 22
    endloop
  endfacet
  facet normal 0.8968727416832417 -0.4422886899137092 0
    outer loop
      vertex -32.17372538149357 56.64302722364664 2.4
      vertex -31.849742263555527 57.29999999701977 2.4
      vertex -31.849742263555527 57.29999999701977 22
    endloop
  endfacet
  facet normal 0.8314696126004028 -0.555570232573827 0
    outer loop
      vertex -31.849742263555527 57.29999999701977 2.4
      vertex -31.442778706550598 57.90906400233507 2.4
      vertex -31.442778706550598 57.90906400233507 22
    endloop
  endfacet
  facet normal 0.7518398022318166 -0.6593458210833091 0
    outer loop
      vertex -31.442778706550598 57.90906400233507 2.4
      vertex -30.959797970950603 58.4597979709506 2.4
      vertex -30.959797970950603 58.4597979709506 22
    endloop
  endfacet
  facet normal 0.6593458210833091 -0.7518398022318166 0
    outer loop
      vertex -30.959797970950603 58.4597979709506 2.4
      vertex -30.40906400233507 58.9427787065506 2.4
      vertex -30.40906400233507 58.9427787065506 22
    endloop
  endfacet
  facet normal 0.555570232573827 -0.8314696126004028 0
    outer loop
      vertex -30.40906400233507 58.9427787065506 2.4
      vertex -29.799999997019768 59.34974226355553 2.4
      vertex -29.799999997019768 59.34974226355553 22
    endloop
  endfacet
  facet normal 0.4422886899137092 -0.8968727416832417 0
    outer loop
      vertex -29.799999997019768 59.34974226355553 2.4
      vertex -29.14302722364664 59.67372538149357 2.4
      vertex -29.14302722364664 59.67372538149357 22
    endloop
  endfacet
  facet normal 0.3214394665637754 -0.9469301290671849 0
    outer loop
      vertex -29.14302722364664 59.67372538149357 2.4
      vertex -28.449386656284332 59.909184627234936 2.4
      vertex -28.449386656284332 59.909184627234936 22
    endloop
  endfacet
  facet normal 0.1950903236418308 -0.9807852800798581 0
    outer loop
      vertex -28.449386656284332 59.909184627234936 2.4
      vertex -27.73094667494297 60.05209122598171 2.4
      vertex -27.73094667494297 60.05209122598171 22
    endloop
  endfacet
  facet normal 0.06540312827774519 -0.997858923301027 0
    outer loop
      vertex -27.73094667494297 60.05209122598171 2.4
      vertex -27 60.100000001490116 2.4
      vertex -27 60.100000001490116 22
    endloop
  endfacet
  facet normal 0 -1 0
    outer loop
      vertex -27 60.100000001490116 2.4
      vertex -3.859826318519818 60.100000001490116 2.4
      vertex -27 60.100000001490116 22
    endloop
  endfacet
  facet normal 0 0 1
    outer loop
      vertex -17.5 -1.8999999985098839 2.4
      vertex 17.5 1.8999999985098839 2.4
      vertex -17.5 1.8999999985098839 2.4
    endloop
  endfacet
  facet normal 0 0 1
    outer loop
      vertex -32.600000001490116 54.5 2.4
      vertex -3.490754697281435 55.32144971236163 2.4
      vertex -3.81051177665153 55.8 2.4
    endloop
  endfacet
  facet normal 0 0 1
    outer loop
      vertex -32.409184627234936 55.94938665628433 2.4
      vertex -3.81051177665153 55.8 2.4
      vertex -4.065069943049662 56.3161928975936 2.4
    endloop
  endfacet
  facet normal 0 0 1
    outer loop
      vertex -32.17372538149357 56.64302722364664 2.4
      vertex -4.065069943049662 56.3161928975936 2.4
      vertex -4.250073635671901 56.86119620154891 2.4
    endloop
  endfacet
  facet normal 0 0 1
    outer loop
      vertex -32.17372538149357 56.64302722364664 2.4
      vertex -4.250073635671901 56.86119620154891 2.4
      vertex -4.362357390044766 57.425684754231774 2.4
    endloop
  endfacet
  facet normal 0 0 1
    outer loop
      vertex -31.849742263555527 57.29999999701977 2.4
      vertex -4.362357390044766 57.425684754231774 2.4
      vertex -4.4 58 2.4
    endloop
  endfacet
  facet normal 0 0 1
    outer loop
      vertex -30.959797970950603 58.4597979709506 2.4
      vertex -4.4 58 2.4
      vertex -4.362357390044766 58.574315245768226 2.4
    endloop
  endfacet
  facet normal 0 0 1
    outer loop
      vertex -32.600000001490116 54.5 2.4
      vertex -3.1112698372208096 54.88873016277919 2.4
      vertex -3.490754697281435 55.32144971236163 2.4
    endloop
  endfacet
  facet normal 0 0 1
    outer loop
      vertex -30.40906400233507 58.9427787065506 2.4
      vertex -4.362357390044766 58.574315245768226 2.4
      vertex -4.250073635671901 59.13880379845109 2.4
    endloop
  endfacet
  facet normal 0 0 1
    outer loop
      vertex -29.14302722364664 59.67372538149357 2.4
      vertex -4.250073635671901 59.13880379845109 2.4
      vertex -4.065069943049662 59.6838071024064 2.4
    endloop
  endfacet
  facet normal 0 0 1
    outer loop
      vertex -27 60.100000001490116 2.4
      vertex -4.065069943049662 59.6838071024064 2.4
      vertex -3.859826318519818 60.100000001490116 2.4
    endloop
  endfacet
  facet normal 0 0 1
    outer loop
      vertex -17.5 54.100000001490116 2.4
      vertex -2.678550287638371 54.50924530271857 2.4
      vertex -3.1112698372208096 54.88873016277919 2.4
    endloop
  endfacet
  facet normal 0 0 1
    outer loop
      vertex -17.5 54.100000001490116 2.4
      vertex -2.2 54.18948822334847 2.4
      vertex -2.678550287638371 54.50924530271857 2.4
    endloop
  endfacet
  facet normal 0 0 1
    outer loop
      vertex -17.5 54.100000001490116 2.4
      vertex -2.0185358372305537 54.100000001490116 2.4
      vertex -2.2 54.18948822334847 2.4
    endloop
  endfacet
  facet normal 1 0 0
    outer loop
      vertex -32.600000001490116 -54.5 22
      vertex -32.600000001490116 3.121153217898423 19.600000000000005
      vertex -32.600000001490116 54.5 22
    endloop
  endfacet
  facet normal 1 0 0
    outer loop
      vertex -32.600000001490116 54.5 2.4
      vertex -32.600000001490116 54.5 22
      vertex -32.600000001490116 3.121153217898423 19.600000000000005
    endloop
  endfacet
  facet normal 0.997858923301027 -0.06540312827774519 0
    outer loop
      vertex -32.600000001490116 54.5 2.4
      vertex -32.55209122598171 55.23094667494297 22
      vertex -32.600000001490116 54.5 22
    endloop
  endfacet
  facet normal 0.9807852800798581 -0.1950903236418308 0
    outer loop
      vertex -32.55209122598171 55.23094667494297 2.4
      vertex -32.409184627234936 55.94938665628433 22
      vertex -32.55209122598171 55.23094667494297 22
    endloop
  endfacet
  facet normal 0.9469301290671849 -0.3214394665637754 0
    outer loop
      vertex -32.409184627234936 55.94938665628433 2.4
      vertex -32.17372538149357 56.64302722364664 22
      vertex -32.409184627234936 55.94938665628433 22
    endloop
  endfacet
  facet normal 0.8968727416832417 -0.4422886899137092 0
    outer loop
      vertex -32.17372538149357 56.64302722364664 2.4
      vertex -31.849742263555527 57.29999999701977 22
      vertex -32.17372538149357 56.64302722364664 22
    endloop
  endfacet
  facet normal 0.8314696126004028 -0.555570232573827 0
    outer loop
      vertex -31.849742263555527 57.29999999701977 2.4
      vertex -31.442778706550598 57.90906400233507 22
      vertex -31.849742263555527 57.29999999701977 22
    endloop
  endfacet
  facet normal 0.7518398022318166 -0.6593458210833091 0
    outer loop
      vertex -31.442778706550598 57.90906400233507 2.4
      vertex -30.959797970950603 58.4597979709506 22
      vertex -31.442778706550598 57.90906400233507 22
    endloop
  endfacet
  facet normal 0.6593458210833091 -0.7518398022318166 0
    outer loop
      vertex -30.959797970950603 58.4597979709506 2.4
      vertex -30.40906400233507 58.9427787065506 22
      vertex -30.959797970950603 58.4597979709506 22
    endloop
  endfacet
  facet normal 0.555570232573827 -0.8314696126004028 0
    outer loop
      vertex -30.40906400233507 58.9427787065506 2.4
      vertex -29.799999997019768 59.34974226355553 22
      vertex -30.40906400233507 58.9427787065506 22
    endloop
  endfacet
  facet normal 0.4422886899137092 -0.8968727416832417 0
    outer loop
      vertex -29.799999997019768 59.34974226355553 2.4
      vertex -29.14302722364664 59.67372538149357 22
      vertex -29.799999997019768 59.34974226355553 22
    endloop
  endfacet
  facet normal 0.3214394665637754 -0.9469301290671849 0
    outer loop
      vertex -29.14302722364664 59.67372538149357 2.4
      vertex -28.449386656284332 59.909184627234936 22
      vertex -29.14302722364664 59.67372538149357 22
    endloop
  endfacet
  facet normal 0.1950903236418308 -0.9807852800798581 0
    outer loop
      vertex -28.449386656284332 59.909184627234936 2.4
      vertex -27.73094667494297 60.05209122598171 22
      vertex -28.449386656284332 59.909184627234936 22
    endloop
  endfacet
  facet normal 0.06540312827774519 -0.997858923301027 0
    outer loop
      vertex -27.73094667494297 60.05209122598171 2.4
      vertex -27 60.100000001490116 22
      vertex -27.73094667494297 60.05209122598171 22
    endloop
  endfacet
  facet normal 0 -1 0
    outer loop
      vertex -3.859826318519818 60.100000001490116 2.4
      vertex -3.859826318519818 60.100000001490116 19.600000000000005
      vertex -27 60.100000001490116 22
    endloop
  endfacet
  facet normal 0 -1 0
    outer loop
      vertex -27 60.100000001490116 22
      vertex -3.859826318519818 60.100000001490116 19.600000000000005
      vertex 3.859826318519818 60.100000001490116 19.600000000000005
    endloop
  endfacet
  facet normal 0 0 1
    outer loop
      vertex 4.362357390044766 -58.574315245768226 2.4
      vertex 12 -58.5 2.4
      vertex 4.4 -58 2.4
    endloop
  endfacet
  facet normal 0 0 1
    outer loop
      vertex 4.362357390044766 -57.425684754231774 2.4
      vertex 4.4 -58 2.4
      vertex 12 -55.5 2.4
    endloop
  endfacet
  facet normal 0 0 1
    outer loop
      vertex 4.250073635671901 -56.86119620154891 2.4
      vertex 12 -55.5 2.4
      vertex 4.065069943049662 -56.3161928975936 2.4
    endloop
  endfacet
  facet normal 0 0 1
    outer loop
      vertex 3.81051177665153 -55.8 2.4
      vertex 4.065069943049662 -56.3161928975936 2.4
      vertex 12 -55.5 2.4
    endloop
  endfacet
  facet normal 0 0 1
    outer loop
      vertex 4.362357390044766 -57.425684754231774 2.4
      vertex 12 -55.5 2.4
      vertex 4.250073635671901 -56.86119620154891 2.4
    endloop
  endfacet
  facet normal 0 0 1
    outer loop
      vertex 2.0185358372305537 -54.100000001490116 2.4
      vertex 2.2 -54.18948822334847 2.4
      vertex 17.5 -54.100000001490116 2.4
    endloop
  endfacet
  facet normal 0 0 1
    outer loop
      vertex 2.2 -54.18948822334847 2.4
      vertex 2.678550287638371 -54.50924530271857 2.4
      vertex 17.5 -54.100000001490116 2.4
    endloop
  endfacet
  facet normal 0 0 1
    outer loop
      vertex 3.1112698372208096 -54.88873016277919 2.4
      vertex 17.5 -54.100000001490116 2.4
      vertex 2.678550287638371 -54.50924530271857 2.4
    endloop
  endfacet
  facet normal 0 0 1
    outer loop
      vertex 4.4 -58 2.4
      vertex 12 -58.5 2.4
      vertex 12 -55.5 2.4
    endloop
  endfacet
  facet normal 0 0 1
    outer loop
      vertex 3.859826318519818 -60.100000001490116 2.4
      vertex 27 -60.100000001490116 2.4
      vertex 4.065069943049662 -59.6838071024064 2.4
    endloop
  endfacet
  facet normal 0 0 1
    outer loop
      vertex 4.065069943049662 -59.6838071024064 2.4
      vertex 29.14302722364664 -59.67372538149357 2.4
      vertex 4.250073635671901 -59.13880379845109 2.4
    endloop
  endfacet
  facet normal 0 0 1
    outer loop
      vertex 4.250073635671901 -59.13880379845109 2.4
      vertex 30.40906400233507 -58.9427787065506 2.4
      vertex 4.362357390044766 -58.574315245768226 2.4
    endloop
  endfacet
  facet normal 0 0 1
    outer loop
      vertex 3.1112698372208096 -54.88873016277919 2.4
      vertex 3.490754697281435 -55.32144971236163 2.4
      vertex 32.600000001490116 -54.5 2.4
    endloop
  endfacet
  facet normal 0 0 1
    outer loop
      vertex 3.81051177665153 -55.8 2.4
      vertex 32.600000001490116 -54.5 2.4
      vertex 3.490754697281435 -55.32144971236163 2.4
    endloop
  endfacet
  facet normal 0 0 1
    outer loop
      vertex 4.362357390044766 -58.574315245768226 2.4
      vertex 28 -58.5 2.4
      vertex 12 -58.5 2.4
    endloop
  endfacet
  facet normal 0 0 1
    outer loop
      vertex 3.81051177665153 -55.8 2.4
      vertex 12 -55.5 2.4
      vertex 32.600000001490116 -54.5 2.4
    endloop
  endfacet
  facet normal 0 0 1
    outer loop
      vertex -17.5 -1.8999999985098839 2.4
      vertex 17.5 -1.8999999985098839 2.4
      vertex 17.5 1.8999999985098839 2.4
    endloop
  endfacet
  facet normal 0 0 1
    outer loop
      vertex 4.065069943049662 -59.6838071024064 2.4
      vertex 27 -60.100000001490116 2.4
      vertex 28.449386656284332 -59.909184627234936 2.4
    endloop
  endfacet
  facet normal 0 0 1
    outer loop
      vertex 4.065069943049662 -59.6838071024064 2.4
      vertex 28.449386656284332 -59.909184627234936 2.4
      vertex 29.14302722364664 -59.67372538149357 2.4
    endloop
  endfacet
  facet normal 0 0 1
    outer loop
      vertex 4.362357390044766 -58.574315245768226 2.4
      vertex 30.40906400233507 -58.9427787065506 2.4
      vertex 28 -58.5 2.4
    endloop
  endfacet
  facet normal 0 0 1
    outer loop
      vertex 4.250073635671901 -59.13880379845109 2.4
      vertex 29.14302722364664 -59.67372538149357 2.4
      vertex 29.799999997019768 -59.34974226355553 2.4
    endloop
  endfacet
  facet normal 0 0 1
    outer loop
      vertex 4.250073635671901 -59.13880379845109 2.4
      vertex 29.799999997019768 -59.34974226355553 2.4
      vertex 30.40906400233507 -58.9427787065506 2.4
    endloop
  endfacet
  facet normal 0 0 1
    outer loop
      vertex 3.1112698372208096 -54.88873016277919 2.4
      vertex 32.600000001490116 -54.5 2.4
      vertex 17.5 -54.100000001490116 2.4
    endloop
  endfacet
  facet normal 0 0 1
    outer loop
      vertex 32.600000001490116 -54.5 2.4
      vertex 12 -55.5 2.4
      vertex 28 -55.5 2.4
    endloop
  endfacet
  facet normal 0 0 1
    outer loop
      vertex 17.5 -54.100000001490116 2.4
      vertex 32.600000001490116 -54.5 2.4
      vertex 18.62252525240183 -54.02642580866814 2.4
    endloop
  endfacet
  facet normal 0 0 1
    outer loop
      vertex 18.62252525240183 -54.02642580866814 2.4
      vertex 32.600000001490116 -54.5 2.4
      vertex 19.7258437871933 -53.806962102651596 2.4
    endloop
  endfacet
  facet normal 0 0 1
    outer loop
      vertex 19.7258437871933 -53.806962102651596 2.4
      vertex 32.600000001490116 -54.5 2.4
      vertex 20.79107751697302 -53.445363976061344 2.4
    endloop
  endfacet
  facet normal 0 0 1
    outer loop
      vertex 20.79107751697302 -53.445363976061344 2.4
      vertex 32.600000001490116 -54.5 2.4
      vertex 21.799999997019768 -52.94781847298145 2.4
    endloop
  endfacet
  facet normal 0 0 1
    outer loop
      vertex 21.799999997019768 -52.94781847298145 2.4
      vertex 32.600000001490116 -54.5 2.4
      vertex 22.735348291695118 -52.322838723659515 2.4
    endloop
  endfacet
  facet normal 0 0 1
    outer loop
      vertex 27 -60.100000001490116 2.4
      vertex 27.73094667494297 -60.05209122598171 2.4
      vertex 28.449386656284332 -59.909184627234936 2.4
    endloop
  endfacet
  facet normal 0 0 1
    outer loop
      vertex 30.40906400233507 -58.9427787065506 2.4
      vertex 30.959797970950603 -58.4597979709506 2.4
      vertex 28 -58.5 2.4
    endloop
  endfacet
  facet normal 0 0 1
    outer loop
      vertex 32.409184627234936 -55.94938665628433 2.4
      vertex 28 -55.5 2.4
      vertex 28 -58.5 2.4
    endloop
  endfacet
  facet normal 0 0 1
    outer loop
      vertex 30.959797970950603 -58.4597979709506 2.4
      vertex 31.442778706550598 -57.90906400233507 2.4
      vertex 28 -58.5 2.4
    endloop
  endfacet
  facet normal 0 0 1
    outer loop
      vertex 31.442778706550598 -57.90906400233507 2.4
      vertex 31.849742263555527 -57.29999999701977 2.4
      vertex 28 -58.5 2.4
    endloop
  endfacet
  facet normal 0 0 1
    outer loop
      vertex 22.735348291695118 -52.322838723659515 2.4
      vertex 32.600000001490116 -54.5 2.4
      vertex 23.581118315458298 -51.5811183154583 2.4
    endloop
  endfacet
  facet normal 0 0 1
    outer loop
      vertex 23.581118315458298 -51.5811183154583 2.4
      vertex 32.600000001490116 -54.5 2.4
      vertex 24.322838723659515 -50.73534829169512 2.4
    endloop
  endfacet
  facet normal 0 0 1
    outer loop
      vertex 24.322838723659515 -50.73534829169512 2.4
      vertex 32.600000001490116 -54.5 2.4
      vertex 24.947818472981453 -49.79999999701977 2.4
    endloop
  endfacet
  facet normal 0 0 1
    outer loop
      vertex 24.947818472981453 -49.79999999701977 2.4
      vertex 32.600000001490116 -54.5 2.4
      vertex 25.445363976061344 -48.79107751697302 2.4
    endloop
  endfacet
  facet normal 0 0 1
    outer loop
      vertex 25.445363976061344 -48.79107751697302 2.4
      vertex 32.600000001490116 -54.5 2.4
      vertex 25.806962102651596 -47.7258437871933 2.4
    endloop
  endfacet
  facet normal 0 0 1
    outer loop
      vertex 25.806962102651596 -47.7258437871933 2.4
      vertex 32.600000001490116 -54.5 2.4
      vertex 26.026425808668137 -46.62252525240183 2.4
    endloop
  endfacet
  facet normal 0 0 1
    outer loop
      vertex 26.026425808668137 -46.62252525240183 2.4
      vertex 32.600000001490116 -54.5 2.4
      vertex 26.100000001490116 -45.5 2.4
    endloop
  endfacet
  facet normal 0 0 1
    outer loop
      vertex 31.849742263555527 -57.29999999701977 2.4
      vertex 32.17372538149357 -56.64302722364664 2.4
      vertex 28 -58.5 2.4
    endloop
  endfacet
  facet normal 0 0 1
    outer loop
      vertex 32.17372538149357 -56.64302722364664 2.4
      vertex 32.409184627234936 -55.94938665628433 2.4
      vertex 28 -58.5 2.4
    endloop
  endfacet
  facet normal 0 0 1
    outer loop
      vertex 32.409184627234936 -55.94938665628433 2.4
      vertex 32.55209122598171 -55.23094667494297 2.4
      vertex 28 -55.5 2.4
    endloop
  endfacet
  facet normal 0 0 1
    outer loop
      vertex 32.55209122598171 -55.23094667494297 2.4
      vertex 32.600000001490116 -54.5 2.4
      vertex 28 -55.5 2.4
    endloop
  endfacet
  facet normal 0 0 1
    outer loop
      vertex 26.100000001490116 -45.5 2.4
      vertex 32.600000001490116 -54.5 2.4
      vertex 26.100000001490116 -10.5 2.4
    endloop
  endfacet
  facet normal 0 1 0
    outer loop
      vertex 3.859826318519818 -60.100000001490116 2.4
      vertex 27 -60.100000001490116 22
      vertex 27 -60.100000001490116 2.4
    endloop
  endfacet
  facet normal -0.06540312827774519 0.997858923301027 0
    outer loop
      vertex 27 -60.100000001490116 2.4
      vertex 27 -60.100000001490116 22
      vertex 27.73094667494297 -60.05209122598171 2.4
    endloop
  endfacet
  facet normal -0.1950903236418308 0.9807852800798581 0
    outer loop
      vertex 27.73094667494297 -60.05209122598171 2.4
      vertex 27.73094667494297 -60.05209122598171 22
      vertex 28.449386656284332 -59.909184627234936 2.4
    endloop
  endfacet
  facet normal -0.3214394665637754 0.9469301290671849 0
    outer loop
      vertex 28.449386656284332 -59.909184627234936 2.4
      vertex 28.449386656284332 -59.909184627234936 22
      vertex 29.14302722364664 -59.67372538149357 2.4
    endloop
  endfacet
  facet normal -0.4422886899137092 0.8968727416832417 0
    outer loop
      vertex 29.14302722364664 -59.67372538149357 2.4
      vertex 29.14302722364664 -59.67372538149357 22
      vertex 29.799999997019768 -59.34974226355553 2.4
    endloop
  endfacet
  facet normal -0.555570232573827 0.8314696126004028 0
    outer loop
      vertex 29.799999997019768 -59.34974226355553 2.4
      vertex 29.799999997019768 -59.34974226355553 22
      vertex 30.40906400233507 -58.9427787065506 2.4
    endloop
  endfacet
  facet normal -0.6593458210833091 0.7518398022318166 0
    outer loop
      vertex 30.40906400233507 -58.9427787065506 2.4
      vertex 30.40906400233507 -58.9427787065506 22
      vertex 30.959797970950603 -58.4597979709506 2.4
    endloop
  endfacet
  facet normal -0.7518398022318166 0.6593458210833091 0
    outer loop
      vertex 30.959797970950603 -58.4597979709506 2.4
      vertex 30.959797970950603 -58.4597979709506 22
      vertex 31.442778706550598 -57.90906400233507 2.4
    endloop
  endfacet
  facet normal -0.8314696126004028 0.555570232573827 0
    outer loop
      vertex 31.442778706550598 -57.90906400233507 2.4
      vertex 31.442778706550598 -57.90906400233507 22
      vertex 31.849742263555527 -57.29999999701977 2.4
    endloop
  endfacet
  facet normal -0.8968727416832417 0.4422886899137092 0
    outer loop
      vertex 31.849742263555527 -57.29999999701977 2.4
      vertex 31.849742263555527 -57.29999999701977 22
      vertex 32.17372538149357 -56.64302722364664 2.4
    endloop
  endfacet
  facet normal -0.9469301290671849 0.3214394665637754 0
    outer loop
      vertex 32.17372538149357 -56.64302722364664 2.4
      vertex 32.17372538149357 -56.64302722364664 22
      vertex 32.409184627234936 -55.94938665628433 2.4
    endloop
  endfacet
  facet normal -0.9807852800798581 0.1950903236418308 0
    outer loop
      vertex 32.409184627234936 -55.94938665628433 2.4
      vertex 32.409184627234936 -55.94938665628433 22
      vertex 32.55209122598171 -55.23094667494297 2.4
    endloop
  endfacet
  facet normal -0.997858923301027 0.06540312827774519 0
    outer loop
      vertex 32.55209122598171 -55.23094667494297 2.4
      vertex 32.55209122598171 -55.23094667494297 22
      vertex 32.600000001490116 -54.5 2.4
    endloop
  endfacet
  facet normal 0 0 1
    outer loop
      vertex 17.5 -1.8999999985098839 2.4
      vertex 18.62252525240183 -1.9735741913318634 2.4
      vertex 18.62252525240183 1.9735741913318634 2.4
    endloop
  endfacet
  facet normal 0 0 1
    outer loop
      vertex 18.62252525240183 -1.9735741913318634 2.4
      vertex 19.7258437871933 -2.193037897348404 2.4
      vertex 19.7258437871933 2.193037897348404 2.4
    endloop
  endfacet
  facet normal 0 0 1
    outer loop
      vertex 19.7258437871933 -2.193037897348404 2.4
      vertex 20.79107751697302 -2.554636023938656 2.4
      vertex 20.79107751697302 2.554636023938656 2.4
    endloop
  endfacet
  facet normal 0 0 1
    outer loop
      vertex 20.79107751697302 -2.554636023938656 2.4
      vertex 21.799999997019768 -3.052181527018547 2.4
      vertex 21.799999997019768 3.052181527018547 2.4
    endloop
  endfacet
  facet normal 0 0 1
    outer loop
      vertex 21.799999997019768 -3.052181527018547 2.4
      vertex 22.735348291695118 -3.6771612763404846 2.4
      vertex 22.735348291695118 3.6771612763404846 2.4
    endloop
  endfacet
  facet normal 0 0 1
    outer loop
      vertex 23.581118315458298 -4.418881684541702 2.4
      vertex 24.322838723659515 -5.264651708304882 2.4
      vertex 22.735348291695118 3.6771612763404846 2.4
    endloop
  endfacet
  facet normal 0 0 1
    outer loop
      vertex 24.947818472981453 -6.200000002980232 2.4
      vertex 22.735348291695118 3.6771612763404846 2.4
      vertex 24.322838723659515 -5.264651708304882 2.4
    endloop
  endfacet
  facet normal 0 0 1
    outer loop
      vertex 23.581118315458298 -4.418881684541702 2.4
      vertex 22.735348291695118 3.6771612763404846 2.4
      vertex 22.735348291695118 -3.6771612763404846 2.4
    endloop
  endfacet
  facet normal 0 0 1
    outer loop
      vertex 25.806962102651596 -8.274156212806702 2.4
      vertex 25.68948822334847 -2.2 2.4
      vertex 25.445363976061344 -7.208922483026981 2.4
    endloop
  endfacet
  facet normal 0 0 1
    outer loop
      vertex 26.100000001490116 -10.5 2.4
      vertex 25.68948822334847 -2.2 2.4
      vertex 26.026425808668137 -9.377474747598171 2.4
    endloop
  endfacet
  facet normal 0 0 1
    outer loop
      vertex 26.026425808668137 -9.377474747598171 2.4
      vertex 25.68948822334847 -2.2 2.4
      vertex 25.806962102651596 -8.274156212806702 2.4
    endloop
  endfacet
  facet normal 0 0 1
    outer loop
      vertex 24.947818472981453 -6.200000002980232 2.4
      vertex 25.445363976061344 -7.208922483026981 2.4
      vertex 25.68948822334847 -2.2 2.4
    endloop
  endfacet
  facet normal 0 0 1
    outer loop
      vertex 24.947818472981453 -6.200000002980232 2.4
      vertex 25.249926364328097 -1.1388037984510913 2.4
      vertex 25.137642609955236 -0.574315245768227 2.4
    endloop
  endfacet
  facet normal 0 0 1
    outer loop
      vertex 24.947818472981453 -6.200000002980232 2.4
      vertex 25.137642609955236 -0.574315245768227 2.4
      vertex 25.1 0 2.4
    endloop
  endfacet
  facet normal 0 0 1
    outer loop
      vertex 24.947818472981453 -6.200000002980232 2.4
      vertex 25.1 0 2.4
      vertex 22.735348291695118 3.6771612763404846 2.4
    endloop
  endfacet
  facet normal 0 0 1
    outer loop
      vertex 24.947818472981453 -6.200000002980232 2.4
      vertex 25.43493005695034 -1.6838071024063952 2.4
      vertex 25.249926364328097 -1.1388037984510913 2.4
    endloop
  endfacet
  facet normal 0 0 1
    outer loop
      vertex 24.947818472981453 -6.200000002980232 2.4
      vertex 25.68948822334847 -2.2 2.4
      vertex 25.43493005695034 -1.6838071024063952 2.4
    endloop
  endfacet
  facet normal 0 0 1
    outer loop
      vertex 32.600000001490116 -54.5 2.4
      vertex 25.68948822334847 -2.2 2.4
      vertex 26.100000001490116 -10.5 2.4
    endloop
  endfacet
  facet normal 0 0 1
    outer loop
      vertex 32.600000001490116 -54.5 2.4
      vertex 26.009245302718565 -2.678550287638371 2.4
      vertex 25.68948822334847 -2.2 2.4
    endloop
  endfacet
  facet normal 0 0 1
    outer loop
      vertex 32.600000001490116 -54.5 2.4
      vertex 26.38873016277919 -3.1112698372208096 2.4
      vertex 26.009245302718565 -2.678550287638371 2.4
    endloop
  endfacet
  facet normal 0 0 1
    outer loop
      vertex 32.600000001490116 -54.5 2.4
      vertex 27.3 -3.81051177665153 2.4
      vertex 26.82144971236163 -3.490754697281435 2.4
    endloop
  endfacet
  facet normal 0 0 1
    outer loop
      vertex 32.600000001490116 -54.5 2.4
      vertex 26.82144971236163 -3.490754697281435 2.4
      vertex 26.38873016277919 -3.1112698372208096 2.4
    endloop
  endfacet
  facet normal 0 0 1
    outer loop
      vertex 32.600000001490116 -54.5 2.4
      vertex 27.816192897593606 -4.065069943049662 2.4
      vertex 27.3 -3.81051177665153 2.4
    endloop
  endfacet
  facet normal 0 0 1
    outer loop
      vertex 32.600000001490116 -54.5 2.4
      vertex 28.361196201548907 -4.250073635671901 2.4
      vertex 27.816192897593606 -4.065069943049662 2.4
    endloop
  endfacet
  facet normal 0 0 1
    outer loop
      vertex 32.600000001490116 -54.5 2.4
      vertex 28.925684754231774 -4.362357390044766 2.4
      vertex 28.361196201548907 -4.250073635671901 2.4
    endloop
  endfacet
  facet normal 0 0 1
    outer loop
      vertex 32.600000001490116 -54.5 2.4
      vertex 29.5 -4.4 2.4
      vertex 28.925684754231774 -4.362357390044766 2.4
    endloop
  endfacet
  facet normal 0 0 1
    outer loop
      vertex 32.600000001490116 -54.5 2.4
      vertex 30.074315245768226 -4.362357390044766 2.4
      vertex 29.5 -4.4 2.4
    endloop
  endfacet
  facet normal 0 0 1
    outer loop
      vertex 32.600000001490116 -54.5 2.4
      vertex 30.638803798451093 -4.250073635671901 2.4
      vertex 30.074315245768226 -4.362357390044766 2.4
    endloop
  endfacet
  facet normal 0 0 1
    outer loop
      vertex 32.600000001490116 -54.5 2.4
      vertex 31.183807102406394 -4.065069943049662 2.4
      vertex 30.638803798451093 -4.250073635671901 2.4
    endloop
  endfacet
  facet normal 0 0 1
    outer loop
      vertex 32.600000001490116 -54.5 2.4
      vertex 31.7 -3.81051177665153 2.4
      vertex 31.183807102406394 -4.065069943049662 2.4
    endloop
  endfacet
  facet normal 0 0 1
    outer loop
      vertex 32.600000001490116 -54.5 2.4
      vertex 32.17855028763837 -3.490754697281435 2.4
      vertex 31.7 -3.81051177665153 2.4
    endloop
  endfacet
  facet normal 0 0 1
    outer loop
      vertex 32.600000001490116 -54.5 2.4
      vertex 32.600000001490116 -3.121153217898423 2.4
      vertex 32.17855028763837 -3.490754697281435 2.4
    endloop
  endfacet
  facet normal -1 0 0
    outer loop
      vertex 32.600000001490116 -54.5 2.4
      vertex 32.600000001490116 -3.121153217898423 19.600000000000005
      vertex 32.600000001490116 -3.121153217898423 2.4
    endloop
  endfacet
  facet normal 0 1 0
    outer loop
      vertex 3.859826318519818 -60.100000001490116 2.4
      vertex 3.859826318519818 -60.100000001490116 19.600000000000005
      vertex 27 -60.100000001490116 22
    endloop
  endfacet
  facet normal 0 1 0
    outer loop
      vertex -3.859826318519818 -60.100000001490116 19.600000000000005
      vertex 27 -60.100000001490116 22
      vertex 3.859826318519818 -60.100000001490116 19.600000000000005
    endloop
  endfacet
  facet normal -0.06540312827774519 0.997858923301027 0
    outer loop
      vertex 27.73094667494297 -60.05209122598171 2.4
      vertex 27 -60.100000001490116 22
      vertex 27.73094667494297 -60.05209122598171 22
    endloop
  endfacet
  facet normal -0.1950903236418308 0.9807852800798581 0
    outer loop
      vertex 28.449386656284332 -59.909184627234936 2.4
      vertex 27.73094667494297 -60.05209122598171 22
      vertex 28.449386656284332 -59.909184627234936 22
    endloop
  endfacet
  facet normal -0.3214394665637754 0.9469301290671849 0
    outer loop
      vertex 29.14302722364664 -59.67372538149357 2.4
      vertex 28.449386656284332 -59.909184627234936 22
      vertex 29.14302722364664 -59.67372538149357 22
    endloop
  endfacet
  facet normal -0.4422886899137092 0.8968727416832417 0
    outer loop
      vertex 29.799999997019768 -59.34974226355553 2.4
      vertex 29.14302722364664 -59.67372538149357 22
      vertex 29.799999997019768 -59.34974226355553 22
    endloop
  endfacet
  facet normal -0.555570232573827 0.8314696126004028 0
    outer loop
      vertex 30.40906400233507 -58.9427787065506 2.4
      vertex 29.799999997019768 -59.34974226355553 22
      vertex 30.40906400233507 -58.9427787065506 22
    endloop
  endfacet
  facet normal -0.6593458210833091 0.7518398022318166 0
    outer loop
      vertex 30.959797970950603 -58.4597979709506 2.4
      vertex 30.40906400233507 -58.9427787065506 22
      vertex 30.959797970950603 -58.4597979709506 22
    endloop
  endfacet
  facet normal -0.7518398022318166 0.6593458210833091 0
    outer loop
      vertex 31.442778706550598 -57.90906400233507 2.4
      vertex 30.959797970950603 -58.4597979709506 22
      vertex 31.442778706550598 -57.90906400233507 22
    endloop
  endfacet
  facet normal -0.8314696126004028 0.555570232573827 0
    outer loop
      vertex 31.849742263555527 -57.29999999701977 2.4
      vertex 31.442778706550598 -57.90906400233507 22
      vertex 31.849742263555527 -57.29999999701977 22
    endloop
  endfacet
  facet normal -0.8968727416832417 0.4422886899137092 0
    outer loop
      vertex 32.17372538149357 -56.64302722364664 2.4
      vertex 31.849742263555527 -57.29999999701977 22
      vertex 32.17372538149357 -56.64302722364664 22
    endloop
  endfacet
  facet normal -0.9469301290671849 0.3214394665637754 0
    outer loop
      vertex 32.409184627234936 -55.94938665628433 2.4
      vertex 32.17372538149357 -56.64302722364664 22
      vertex 32.409184627234936 -55.94938665628433 22
    endloop
  endfacet
  facet normal -0.9807852800798581 0.1950903236418308 0
    outer loop
      vertex 32.55209122598171 -55.23094667494297 2.4
      vertex 32.409184627234936 -55.94938665628433 22
      vertex 32.55209122598171 -55.23094667494297 22
    endloop
  endfacet
  facet normal -0.997858923301027 0.06540312827774519 0
    outer loop
      vertex 32.600000001490116 -54.5 2.4
      vertex 32.55209122598171 -55.23094667494297 22
      vertex 32.600000001490116 -54.5 22
    endloop
  endfacet
  facet normal -1 0 0
    outer loop
      vertex 32.600000001490116 -54.5 2.4
      vertex 32.600000001490116 -54.5 22
      vertex 32.600000001490116 -3.121153217898423 19.600000000000005
    endloop
  endfacet
  facet normal -1 0 0
    outer loop
      vertex 32.600000001490116 -54.5 22
      vertex 32.600000001490116 54.5 22
      vertex 32.600000001490116 -3.121153217898423 19.600000000000005
    endloop
  endfacet
  facet normal 0 0 1
    outer loop
      vertex 2.0185358372305537 54.100000001490116 2.4
      vertex 17.5 54.100000001490116 2.4
      vertex 2.2 54.18948822334847 2.4
    endloop
  endfacet
  facet normal 0 0 1
    outer loop
      vertex 2.2 54.18948822334847 2.4
      vertex 17.5 54.100000001490116 2.4
      vertex 2.678550287638371 54.50924530271857 2.4
    endloop
  endfacet
  facet normal 0 0 1
    outer loop
      vertex 2.678550287638371 54.50924530271857 2.4
      vertex 17.5 54.100000001490116 2.4
      vertex 3.1112698372208096 54.88873016277919 2.4
    endloop
  endfacet
  facet normal 0 0 1
    outer loop
      vertex 3.1112698372208096 54.88873016277919 2.4
      vertex 17.5 54.100000001490116 2.4
      vertex 3.490754697281435 55.32144971236163 2.4
    endloop
  endfacet
  facet normal 0 0 1
    outer loop
      vertex 4.362357390044766 58.574315245768226 2.4
      vertex 4.4 58 2.4
      vertex 30.40906400233507 58.9427787065506 2.4
    endloop
  endfacet
  facet normal 0 0 1
    outer loop
      vertex 4.065069943049662 59.6838071024064 2.4
      vertex 27.73094667494297 60.05209122598171 2.4
      vertex 3.859826318519818 60.100000001490116 2.4
    endloop
  endfacet
  facet normal 0 0 1
    outer loop
      vertex 4.250073635671901 59.13880379845109 2.4
      vertex 29.14302722364664 59.67372538149357 2.4
      vertex 4.065069943049662 59.6838071024064 2.4
    endloop
  endfacet
  facet normal 0 0 1
    outer loop
      vertex 4.362357390044766 58.574315245768226 2.4
      vertex 29.799999997019768 59.34974226355553 2.4
      vertex 4.250073635671901 59.13880379845109 2.4
    endloop
  endfacet
  facet normal 0 0 1
    outer loop
      vertex 3.490754697281435 55.32144971236163 2.4
      vertex 32.409184627234936 55.94938665628433 2.4
      vertex 3.81051177665153 55.8 2.4
    endloop
  endfacet
  facet normal 0 0 1
    outer loop
      vertex 3.81051177665153 55.8 2.4
      vertex 32.17372538149357 56.64302722364664 2.4
      vertex 4.065069943049662 56.3161928975936 2.4
    endloop
  endfacet
  facet normal 0 0 1
    outer loop
      vertex 4.065069943049662 56.3161928975936 2.4
      vertex 31.849742263555527 57.29999999701977 2.4
      vertex 4.250073635671901 56.86119620154891 2.4
    endloop
  endfacet
  facet normal 0 0 1
    outer loop
      vertex 4.250073635671901 56.86119620154891 2.4
      vertex 31.442778706550598 57.90906400233507 2.4
      vertex 4.362357390044766 57.425684754231774 2.4
    endloop
  endfacet
  facet normal 0 0 1
    outer loop
      vertex 4.362357390044766 57.425684754231774 2.4
      vertex 30.959797970950603 58.4597979709506 2.4
      vertex 4.4 58 2.4
    endloop
  endfacet
  facet normal 0 -1 0
    outer loop
      vertex 3.859826318519818 60.100000001490116 2.4
      vertex 27 60.100000001490116 2.4
      vertex 3.859826318519818 60.100000001490116 19.600000000000005
    endloop
  endfacet
  facet normal 0 0 1
    outer loop
      vertex 17.5 -1.8999999985098839 2.4
      vertex 18.62252525240183 1.9735741913318634 2.4
      vertex 17.5 1.8999999985098839 2.4
    endloop
  endfacet
  facet normal 0 0 1
    outer loop
      vertex 18.62252525240183 -1.9735741913318634 2.4
      vertex 19.7258437871933 2.193037897348404 2.4
      vertex 18.62252525240183 1.9735741913318634 2.4
    endloop
  endfacet
  facet normal 0 0 1
    outer loop
      vertex 19.7258437871933 -2.193037897348404 2.4
      vertex 20.79107751697302 2.554636023938656 2.4
      vertex 19.7258437871933 2.193037897348404 2.4
    endloop
  endfacet
  facet normal 0 0 1
    outer loop
      vertex 20.79107751697302 -2.554636023938656 2.4
      vertex 21.799999997019768 3.052181527018547 2.4
      vertex 20.79107751697302 2.554636023938656 2.4
    endloop
  endfacet
  facet normal 0 0 1
    outer loop
      vertex 21.799999997019768 -3.052181527018547 2.4
      vertex 22.735348291695118 3.6771612763404846 2.4
      vertex 21.799999997019768 3.052181527018547 2.4
    endloop
  endfacet
  facet normal 0 0 1
    outer loop
      vertex 22.735348291695118 3.6771612763404846 2.4
      vertex 25.68948822334847 2.2 2.4
      vertex 23.581118315458298 4.418881684541702 2.4
    endloop
  endfacet
  facet normal 0 0 1
    outer loop
      vertex 22.735348291695118 3.6771612763404846 2.4
      vertex 25.1 0 2.4
      vertex 25.137642609955236 0.574315245768227 2.4
    endloop
  endfacet
  facet normal 0 0 1
    outer loop
      vertex 22.735348291695118 3.6771612763404846 2.4
      vertex 25.137642609955236 0.574315245768227 2.4
      vertex 25.249926364328097 1.1388037984510913 2.4
    endloop
  endfacet
  facet normal 0 0 1
    outer loop
      vertex 22.735348291695118 3.6771612763404846 2.4
      vertex 25.249926364328097 1.1388037984510913 2.4
      vertex 25.43493005695034 1.6838071024063952 2.4
    endloop
  endfacet
  facet normal 0 0 1
    outer loop
      vertex 22.735348291695118 3.6771612763404846 2.4
      vertex 25.43493005695034 1.6838071024063952 2.4
      vertex 25.68948822334847 2.2 2.4
    endloop
  endfacet
  facet normal 0 0 1
    outer loop
      vertex 23.581118315458298 4.418881684541702 2.4
      vertex 25.68948822334847 2.2 2.4
      vertex 26.009245302718565 2.678550287638371 2.4
    endloop
  endfacet
  facet normal 0 0 1
    outer loop
      vertex 26.009245302718565 2.678550287638371 2.4
      vertex 26.38873016277919 3.1112698372208096 2.4
      vertex 24.322838723659515 5.264651708304882 2.4
    endloop
  endfacet
  facet normal 0 0 1
    outer loop
      vertex 23.581118315458298 4.418881684541702 2.4
      vertex 26.009245302718565 2.678550287638371 2.4
      vertex 24.322838723659515 5.264651708304882 2.4
    endloop
  endfacet
  facet normal 0 0 1
    outer loop
      vertex 24.322838723659515 5.264651708304882 2.4
      vertex 26.38873016277919 3.1112698372208096 2.4
      vertex 24.947818472981453 6.200000002980232 2.4
    endloop
  endfacet
  facet normal 0 0 1
    outer loop
      vertex 24.947818472981453 6.200000002980232 2.4
      vertex 26.38873016277919 3.1112698372208096 2.4
      vertex 25.445363976061344 7.208922483026981 2.4
    endloop
  endfacet
  facet normal 0 0 1
    outer loop
      vertex 25.445363976061344 7.208922483026981 2.4
      vertex 26.38873016277919 3.1112698372208096 2.4
      vertex 25.806962102651596 8.274156212806702 2.4
    endloop
  endfacet
  facet normal 0 0 1
    outer loop
      vertex 25.806962102651596 8.274156212806702 2.4
      vertex 26.38873016277919 3.1112698372208096 2.4
      vertex 26.026425808668137 9.377474747598171 2.4
    endloop
  endfacet
  facet normal 0 0 1
    outer loop
      vertex 26.026425808668137 9.377474747598171 2.4
      vertex 26.38873016277919 3.1112698372208096 2.4
      vertex 26.100000001490116 10.5 2.4
    endloop
  endfacet
  facet normal 0 0 1
    outer loop
      vertex 26.100000001490116 10.5 2.4
      vertex 26.38873016277919 3.1112698372208096 2.4
      vertex 26.100000001490116 45.5 2.4
    endloop
  endfacet
  facet normal 0 0 1
    outer loop
      vertex 26.38873016277919 3.1112698372208096 2.4
      vertex 26.82144971236163 3.490754697281435 2.4
      vertex 26.100000001490116 45.5 2.4
    endloop
  endfacet
  facet normal 0 0 1
    outer loop
      vertex 26.82144971236163 3.490754697281435 2.4
      vertex 27.3 3.81051177665153 2.4
      vertex 26.100000001490116 45.5 2.4
    endloop
  endfacet
  facet normal 0 0 1
    outer loop
      vertex 27.3 3.81051177665153 2.4
      vertex 27.816192897593606 4.065069943049662 2.4
      vertex 26.100000001490116 45.5 2.4
    endloop
  endfacet
  facet normal 0 0 1
    outer loop
      vertex 27.816192897593606 4.065069943049662 2.4
      vertex 28.361196201548907 4.250073635671901 2.4
      vertex 26.100000001490116 45.5 2.4
    endloop
  endfacet
  facet normal 0 0 1
    outer loop
      vertex 28.361196201548907 4.250073635671901 2.4
      vertex 28.925684754231774 4.362357390044766 2.4
      vertex 26.100000001490116 45.5 2.4
    endloop
  endfacet
  facet normal 0 0 1
    outer loop
      vertex 28.925684754231774 4.362357390044766 2.4
      vertex 29.5 4.4 2.4
      vertex 26.100000001490116 45.5 2.4
    endloop
  endfacet
  facet normal 0 0 1
    outer loop
      vertex 29.5 4.4 2.4
      vertex 30.074315245768226 4.362357390044766 2.4
      vertex 26.100000001490116 45.5 2.4
    endloop
  endfacet
  facet normal 0 0 1
    outer loop
      vertex 30.074315245768226 4.362357390044766 2.4
      vertex 30.638803798451093 4.250073635671901 2.4
      vertex 26.100000001490116 45.5 2.4
    endloop
  endfacet
  facet normal 0 0 1
    outer loop
      vertex 30.638803798451093 4.250073635671901 2.4
      vertex 31.183807102406394 4.065069943049662 2.4
      vertex 26.100000001490116 45.5 2.4
    endloop
  endfacet
  facet normal 0 0 1
    outer loop
      vertex 32.17855028763837 3.490754697281435 2.4
      vertex 32.600000001490116 3.121153217898423 2.4
      vertex 26.100000001490116 45.5 2.4
    endloop
  endfacet
  facet normal 0 0 1
    outer loop
      vertex 31.7 3.81051177665153 2.4
      vertex 26.100000001490116 45.5 2.4
      vertex 31.183807102406394 4.065069943049662 2.4
    endloop
  endfacet
  facet normal 0 0 1
    outer loop
      vertex 31.7 3.81051177665153 2.4
      vertex 32.17855028763837 3.490754697281435 2.4
      vertex 26.100000001490116 45.5 2.4
    endloop
  endfacet
  facet normal 0 0 1
    outer loop
      vertex 3.490754697281435 55.32144971236163 2.4
      vertex 17.5 54.100000001490116 2.4
      vertex 32.409184627234936 55.94938665628433 2.4
    endloop
  endfacet
  facet normal 0 0 1
    outer loop
      vertex 3.859826318519818 60.100000001490116 2.4
      vertex 27.73094667494297 60.05209122598171 2.4
      vertex 27 60.100000001490116 2.4
    endloop
  endfacet
  facet normal 0 0 1
    outer loop
      vertex 4.065069943049662 59.6838071024064 2.4
      vertex 28.449386656284332 59.909184627234936 2.4
      vertex 27.73094667494297 60.05209122598171 2.4
    endloop
  endfacet
  facet normal 0 0 1
    outer loop
      vertex 4.065069943049662 59.6838071024064 2.4
      vertex 29.14302722364664 59.67372538149357 2.4
      vertex 28.449386656284332 59.909184627234936 2.4
    endloop
  endfacet
  facet normal 0 0 1
    outer loop
      vertex 4.250073635671901 59.13880379845109 2.4
      vertex 29.799999997019768 59.34974226355553 2.4
      vertex 29.14302722364664 59.67372538149357 2.4
    endloop
  endfacet
  facet normal 0 0 1
    outer loop
      vertex 4.362357390044766 58.574315245768226 2.4
      vertex 30.40906400233507 58.9427787065506 2.4
      vertex 29.799999997019768 59.34974226355553 2.4
    endloop
  endfacet
  facet normal 0 0 1
    outer loop
      vertex 18.62252525240183 54.02642580866814 2.4
      vertex 19.7258437871933 53.806962102651596 2.4
      vertex 32.409184627234936 55.94938665628433 2.4
    endloop
  endfacet
  facet normal 0 0 1
    outer loop
      vertex 19.7258437871933 53.806962102651596 2.4
      vertex 20.79107751697302 53.445363976061344 2.4
      vertex 32.409184627234936 55.94938665628433 2.4
    endloop
  endfacet
  facet normal 0 0 1
    outer loop
      vertex 20.79107751697302 53.445363976061344 2.4
      vertex 21.799999997019768 52.94781847298145 2.4
      vertex 32.409184627234936 55.94938665628433 2.4
    endloop
  endfacet
  facet normal 0 0 1
    outer loop
      vertex 21.799999997019768 52.94781847298145 2.4
      vertex 22.735348291695118 52.322838723659515 2.4
      vertex 32.409184627234936 55.94938665628433 2.4
    endloop
  endfacet
  facet normal 0 0 1
    outer loop
      vertex 22.735348291695118 52.322838723659515 2.4
      vertex 23.581118315458298 51.5811183154583 2.4
      vertex 32.409184627234936 55.94938665628433 2.4
    endloop
  endfacet
  facet normal 0 0 1
    outer loop
      vertex 17.5 54.100000001490116 2.4
      vertex 18.62252525240183 54.02642580866814 2.4
      vertex 32.409184627234936 55.94938665628433 2.4
    endloop
  endfacet
  facet normal 0 0 1
    outer loop
      vertex 3.81051177665153 55.8 2.4
      vertex 32.409184627234936 55.94938665628433 2.4
      vertex 32.17372538149357 56.64302722364664 2.4
    endloop
  endfacet
  facet normal 0 0 1
    outer loop
      vertex 4.4 58 2.4
      vertex 30.959797970950603 58.4597979709506 2.4
      vertex 30.40906400233507 58.9427787065506 2.4
    endloop
  endfacet
  facet normal 0 0 1
    outer loop
      vertex 4.362357390044766 57.425684754231774 2.4
      vertex 31.442778706550598 57.90906400233507 2.4
      vertex 30.959797970950603 58.4597979709506 2.4
    endloop
  endfacet
  facet normal 0 0 1
    outer loop
      vertex 4.250073635671901 56.86119620154891 2.4
      vertex 31.849742263555527 57.29999999701977 2.4
      vertex 31.442778706550598 57.90906400233507 2.4
    endloop
  endfacet
  facet normal 0 0 1
    outer loop
      vertex 4.065069943049662 56.3161928975936 2.4
      vertex 32.17372538149357 56.64302722364664 2.4
      vertex 31.849742263555527 57.29999999701977 2.4
    endloop
  endfacet
  facet normal 0 0 1
    outer loop
      vertex 32.600000001490116 3.121153217898423 2.4
      vertex 32.600000001490116 54.5 2.4
      vertex 26.100000001490116 45.5 2.4
    endloop
  endfacet
  facet normal 0 0 1
    outer loop
      vertex 26.100000001490116 45.5 2.4
      vertex 32.409184627234936 55.94938665628433 2.4
      vertex 26.026425808668137 46.62252525240183 2.4
    endloop
  endfacet
  facet normal 0 0 1
    outer loop
      vertex 26.026425808668137 46.62252525240183 2.4
      vertex 32.409184627234936 55.94938665628433 2.4
      vertex 25.806962102651596 47.7258437871933 2.4
    endloop
  endfacet
  facet normal 0 0 1
    outer loop
      vertex 24.322838723659515 50.73534829169512 2.4
      vertex 24.947818472981453 49.79999999701977 2.4
      vertex 32.409184627234936 55.94938665628433 2.4
    endloop
  endfacet
  facet normal 0 0 1
    outer loop
      vertex 23.581118315458298 51.5811183154583 2.4
      vertex 24.322838723659515 50.73534829169512 2.4
      vertex 32.409184627234936 55.94938665628433 2.4
    endloop
  endfacet
  facet normal 0 0 1
    outer loop
      vertex 24.947818472981453 49.79999999701977 2.4
      vertex 25.445363976061344 48.79107751697302 2.4
      vertex 32.409184627234936 55.94938665628433 2.4
    endloop
  endfacet
  facet normal 0 0 1
    outer loop
      vertex 25.445363976061344 48.79107751697302 2.4
      vertex 25.806962102651596 47.7258437871933 2.4
      vertex 32.409184627234936 55.94938665628433 2.4
    endloop
  endfacet
  facet normal 0 0 1
    outer loop
      vertex 26.100000001490116 45.5 2.4
      vertex 32.600000001490116 54.5 2.4
      vertex 32.55209122598171 55.23094667494297 2.4
    endloop
  endfacet
  facet normal 0 0 1
    outer loop
      vertex 26.100000001490116 45.5 2.4
      vertex 32.55209122598171 55.23094667494297 2.4
      vertex 32.409184627234936 55.94938665628433 2.4
    endloop
  endfacet
  facet normal -1 0 0
    outer loop
      vertex 32.600000001490116 3.121153217898423 2.4
      vertex 32.600000001490116 54.5 22
      vertex 32.600000001490116 54.5 2.4
    endloop
  endfacet
  facet normal -0.06540312827774519 -0.997858923301027 0
    outer loop
      vertex 27 60.100000001490116 2.4
      vertex 27.73094667494297 60.05209122598171 2.4
      vertex 27.73094667494297 60.05209122598171 22
    endloop
  endfacet
  facet normal -0.1950903236418308 -0.9807852800798581 0
    outer loop
      vertex 27.73094667494297 60.05209122598171 2.4
      vertex 28.449386656284332 59.909184627234936 2.4
      vertex 28.449386656284332 59.909184627234936 22
    endloop
  endfacet
  facet normal -0.3214394665637754 -0.9469301290671849 0
    outer loop
      vertex 28.449386656284332 59.909184627234936 2.4
      vertex 29.14302722364664 59.67372538149357 2.4
      vertex 29.14302722364664 59.67372538149357 22
    endloop
  endfacet
  facet normal -0.4422886899137092 -0.8968727416832417 0
    outer loop
      vertex 29.14302722364664 59.67372538149357 2.4
      vertex 29.799999997019768 59.34974226355553 2.4
      vertex 29.799999997019768 59.34974226355553 22
    endloop
  endfacet
  facet normal -0.555570232573827 -0.8314696126004028 0
    outer loop
      vertex 29.799999997019768 59.34974226355553 2.4
      vertex 30.40906400233507 58.9427787065506 2.4
      vertex 30.40906400233507 58.9427787065506 22
    endloop
  endfacet
  facet normal -0.8314696126004028 -0.555570232573827 0
    outer loop
      vertex 31.442778706550598 57.90906400233507 2.4
      vertex 31.849742263555527 57.29999999701977 2.4
      vertex 31.849742263555527 57.29999999701977 22
    endloop
  endfacet
  facet normal -0.7518398022318166 -0.6593458210833091 0
    outer loop
      vertex 30.959797970950603 58.4597979709506 2.4
      vertex 31.442778706550598 57.90906400233507 2.4
      vertex 31.442778706550598 57.90906400233507 22
    endloop
  endfacet
  facet normal -0.9807852800798581 -0.1950903236418308 0
    outer loop
      vertex 32.55209122598171 55.23094667494297 2.4
      vertex 32.55209122598171 55.23094667494297 22
      vertex 32.409184627234936 55.94938665628433 2.4
    endloop
  endfacet
  facet normal -0.997858923301027 -0.06540312827774519 0
    outer loop
      vertex 32.600000001490116 54.5 2.4
      vertex 32.600000001490116 54.5 22
      vertex 32.55209122598171 55.23094667494297 2.4
    endloop
  endfacet
  facet normal -0.9469301290671849 -0.3214394665637754 0
    outer loop
      vertex 32.409184627234936 55.94938665628433 2.4
      vertex 32.409184627234936 55.94938665628433 22
      vertex 32.17372538149357 56.64302722364664 2.4
    endloop
  endfacet
  facet normal -0.8968727416832417 -0.4422886899137092 0
    outer loop
      vertex 31.849742263555527 57.29999999701977 2.4
      vertex 32.17372538149357 56.64302722364664 2.4
      vertex 32.17372538149357 56.64302722364664 22
    endloop
  endfacet
  facet normal -0.6593458210833091 -0.7518398022318166 0
    outer loop
      vertex 30.40906400233507 58.9427787065506 2.4
      vertex 30.959797970950603 58.4597979709506 2.4
      vertex 30.959797970950603 58.4597979709506 22
    endloop
  endfacet
  facet normal 0 -1 0
    outer loop
      vertex -27 60.100000001490116 22
      vertex 3.859826318519818 60.100000001490116 19.600000000000005
      vertex 27 60.100000001490116 22
    endloop
  endfacet
  facet normal -1 0 0
    outer loop
      vertex 32.600000001490116 3.121153217898423 2.4
      vertex 32.600000001490116 3.121153217898423 19.600000000000005
      vertex 32.600000001490116 54.5 22
    endloop
  endfacet
  facet normal -1 0 0
    outer loop
      vertex 32.600000001490116 -3.121153217898423 19.600000000000005
      vertex 32.600000001490116 54.5 22
      vertex 32.600000001490116 3.121153217898423 19.600000000000005
    endloop
  endfacet
  facet normal 0 -1 0
    outer loop
      vertex 27 60.100000001490116 2.4
      vertex 27 60.100000001490116 22
      vertex 3.859826318519818 60.100000001490116 19.600000000000005
    endloop
  endfacet
  facet normal -0.06540312827774519 -0.997858923301027 0
    outer loop
      vertex 27 60.100000001490116 2.4
      vertex 27.73094667494297 60.05209122598171 22
      vertex 27 60.100000001490116 22
    endloop
  endfacet
  facet normal -0.1950903236418308 -0.9807852800798581 0
    outer loop
      vertex 27.73094667494297 60.05209122598171 2.4
      vertex 28.449386656284332 59.909184627234936 22
      vertex 27.73094667494297 60.05209122598171 22
    endloop
  endfacet
  facet normal -0.3214394665637754 -0.9469301290671849 0
    outer loop
      vertex 28.449386656284332 59.909184627234936 2.4
      vertex 29.14302722364664 59.67372538149357 22
      vertex 28.449386656284332 59.909184627234936 22
    endloop
  endfacet
  facet normal -0.4422886899137092 -0.8968727416832417 0
    outer loop
      vertex 29.14302722364664 59.67372538149357 2.4
      vertex 29.799999997019768 59.34974226355553 22
      vertex 29.14302722364664 59.67372538149357 22
    endloop
  endfacet
  facet normal -0.555570232573827 -0.8314696126004028 0
    outer loop
      vertex 29.799999997019768 59.34974226355553 2.4
      vertex 30.40906400233507 58.9427787065506 22
      vertex 29.799999997019768 59.34974226355553 22
    endloop
  endfacet
  facet normal -0.6593458210833091 -0.7518398022318166 0
    outer loop
      vertex 30.40906400233507 58.9427787065506 2.4
      vertex 30.959797970950603 58.4597979709506 22
      vertex 30.40906400233507 58.9427787065506 22
    endloop
  endfacet
  facet normal -0.7518398022318166 -0.6593458210833091 0
    outer loop
      vertex 30.959797970950603 58.4597979709506 2.4
      vertex 31.442778706550598 57.90906400233507 22
      vertex 30.959797970950603 58.4597979709506 22
    endloop
  endfacet
  facet normal -0.8314696126004028 -0.555570232573827 0
    outer loop
      vertex 31.442778706550598 57.90906400233507 2.4
      vertex 31.849742263555527 57.29999999701977 22
      vertex 31.442778706550598 57.90906400233507 22
    endloop
  endfacet
  facet normal -0.9469301290671849 -0.3214394665637754 0
    outer loop
      vertex 32.17372538149357 56.64302722364664 2.4
      vertex 32.409184627234936 55.94938665628433 22
      vertex 32.17372538149357 56.64302722364664 22
    endloop
  endfacet
  facet normal -0.997858923301027 -0.06540312827774519 0
    outer loop
      vertex 32.55209122598171 55.23094667494297 2.4
      vertex 32.600000001490116 54.5 22
      vertex 32.55209122598171 55.23094667494297 22
    endloop
  endfacet
  facet normal -0.9807852800798581 -0.1950903236418308 0
    outer loop
      vertex 32.409184627234936 55.94938665628433 2.4
      vertex 32.55209122598171 55.23094667494297 22
      vertex 32.409184627234936 55.94938665628433 22
    endloop
  endfacet
  facet normal -0.8968727416832417 -0.4422886899137092 0
    outer loop
      vertex 31.849742263555527 57.29999999701977 2.4
      vertex 32.17372538149357 56.64302722364664 22
      vertex 31.849742263555527 57.29999999701977 22
    endloop
  endfacet
  facet normal -0.8968727426523777 -0.44228868794849574 0
    outer loop
      vertex -25.445363976061344 7.208922483026981 2.4
      vertex -24.947818472981453 6.200000002980232 2.4
      vertex -25.445363976061344 7.208922483026981 12
    endloop
  endfacet
  facet normal -0.7518398056034569 -0.6593458172386901 0
    outer loop
      vertex -24.322838723659515 5.264651708304882 2.4
      vertex -23.581118315458298 4.418881684541702 2.4
      vertex -24.322838723659515 5.264651708304882 12
    endloop
  endfacet
  facet normal -0.8314696123823636 -0.5555702329001454 0
    outer loop
      vertex -24.322838723659515 5.264651708304882 2.4
      vertex -24.947818472981453 6.200000002980232 12
      vertex -24.947818472981453 6.200000002980232 2.4
    endloop
  endfacet
  facet normal -0.5555702329001454 -0.8314696123823636 0
    outer loop
      vertex -22.735348291695118 3.6771612763404846 2.4
      vertex -21.799999997019768 3.052181527018547 2.4
      vertex -22.735348291695118 3.6771612763404846 12
    endloop
  endfacet
  facet normal -0.6593458172386901 -0.7518398056034569 0
    outer loop
      vertex -22.735348291695118 3.6771612763404846 2.4
      vertex -23.581118315458298 4.418881684541702 12
      vertex -23.581118315458298 4.418881684541702 2.4
    endloop
  endfacet
  facet normal -0.9807852796739946 -0.195090325682244 0
    outer loop
      vertex -25.806962102651596 8.274156212806702 2.4
      vertex -26.026425808668137 9.377474747598171 12
      vertex -26.026425808668137 9.377474747598171 2.4
    endloop
  endfacet
  facet normal -0.9469301294053805 -0.3214394655674835 0
    outer loop
      vertex -25.445363976061344 7.208922483026981 2.4
      vertex -25.806962102651596 8.274156212806702 12
      vertex -25.806962102651596 8.274156212806702 2.4
    endloop
  endfacet
  facet normal -0.9978589231990364 -0.06540312983382034 0
    outer loop
      vertex -26.026425808668137 9.377474747598171 2.4
      vertex -26.100000001490116 10.5 12
      vertex -26.100000001490116 10.5 2.4
    endloop
  endfacet
  facet normal -0.44228868794849574 -0.8968727426523777 0
    outer loop
      vertex -21.799999997019768 3.052181527018547 2.4
      vertex -20.79107751697302 2.554636023938656 2.4
      vertex -21.799999997019768 3.052181527018547 12
    endloop
  endfacet
  facet normal -0.3214394655674835 -0.9469301294053805 0
    outer loop
      vertex -20.79107751697302 2.554636023938656 2.4
      vertex -19.7258437871933 2.193037897348404 2.4
      vertex -20.79107751697302 2.554636023938656 12
    endloop
  endfacet
  facet normal -0.195090325682244 -0.9807852796739946 0
    outer loop
      vertex -19.7258437871933 2.193037897348404 2.4
      vertex -18.62252525240183 1.9735741913318634 2.4
      vertex -19.7258437871933 2.193037897348404 12
    endloop
  endfacet
  facet normal -0.06540312983382034 -0.9978589231990364 0
    outer loop
      vertex -18.62252525240183 1.9735741913318634 2.4
      vertex -17.5 1.8999999985098839 2.4
      vertex -18.62252525240183 1.9735741913318634 12
    endloop
  endfacet
  facet normal -0.9469301294053805 -0.3214394655674835 0
    outer loop
      vertex -25.445363976061344 7.208922483026981 2.4
      vertex -25.445363976061344 7.208922483026981 12
      vertex -25.806962102651596 8.274156212806702 12
    endloop
  endfacet
  facet normal -0.8314696123823636 -0.5555702329001454 0
    outer loop
      vertex -24.322838723659515 5.264651708304882 2.4
      vertex -24.322838723659515 5.264651708304882 12
      vertex -24.947818472981453 6.200000002980232 12
    endloop
  endfacet
  facet normal -0.8968727426523777 -0.44228868794849574 0
    outer loop
      vertex -24.947818472981453 6.200000002980232 2.4
      vertex -24.947818472981453 6.200000002980232 12
      vertex -25.445363976061344 7.208922483026981 12
    endloop
  endfacet
  facet normal -0.5555702329001454 -0.8314696123823636 0
    outer loop
      vertex -21.799999997019768 3.052181527018547 2.4
      vertex -21.799999997019768 3.052181527018547 12
      vertex -22.735348291695118 3.6771612763404846 12
    endloop
  endfacet
  facet normal -0.7518398056034569 -0.6593458172386901 0
    outer loop
      vertex -23.581118315458298 4.418881684541702 2.4
      vertex -23.581118315458298 4.418881684541702 12
      vertex -24.322838723659515 5.264651708304882 12
    endloop
  endfacet
  facet normal -0.6593458172386901 -0.7518398056034569 0
    outer loop
      vertex -22.735348291695118 3.6771612763404846 2.4
      vertex -22.735348291695118 3.6771612763404846 12
      vertex -23.581118315458298 4.418881684541702 12
    endloop
  endfacet
  facet normal -0.9807852796739946 -0.195090325682244 0
    outer loop
      vertex -25.806962102651596 8.274156212806702 2.4
      vertex -25.806962102651596 8.274156212806702 12
      vertex -26.026425808668137 9.377474747598171 12
    endloop
  endfacet
  facet normal -0.9978589231990364 -0.06540312983382034 0
    outer loop
      vertex -26.026425808668137 9.377474747598171 2.4
      vertex -26.026425808668137 9.377474747598171 12
      vertex -26.100000001490116 10.5 12
    endloop
  endfacet
  facet normal -0.44228868794849574 -0.8968727426523777 0
    outer loop
      vertex -20.79107751697302 2.554636023938656 2.4
      vertex -20.79107751697302 2.554636023938656 12
      vertex -21.799999997019768 3.052181527018547 12
    endloop
  endfacet
  facet normal -0.3214394655674835 -0.9469301294053805 0
    outer loop
      vertex -19.7258437871933 2.193037897348404 2.4
      vertex -19.7258437871933 2.193037897348404 12
      vertex -20.79107751697302 2.554636023938656 12
    endloop
  endfacet
  facet normal -0.195090325682244 -0.9807852796739946 0
    outer loop
      vertex -18.62252525240183 1.9735741913318634 2.4
      vertex -18.62252525240183 1.9735741913318634 12
      vertex -19.7258437871933 2.193037897348404 12
    endloop
  endfacet
  facet normal -0.06540312983382034 -0.9978589231990364 0
    outer loop
      vertex -17.5 1.8999999985098839 2.4
      vertex -17.5 1.8999999985098839 12
      vertex -18.62252525240183 1.9735741913318634 12
    endloop
  endfacet
  facet normal -1 0 0
    outer loop
      vertex -26.100000001490116 10.5 2.4
      vertex -26.100000001490116 10.5 12
      vertex -26.100000001490116 45.5 12
    endloop
  endfacet
  facet normal -1 0 0
    outer loop
      vertex -26.100000001490116 10.5 2.4
      vertex -26.100000001490116 45.5 12
      vertex -26.100000001490116 45.5 2.4
    endloop
  endfacet
  facet normal -0.9978589231990364 0.06540312983382034 0
    outer loop
      vertex -26.100000001490116 45.5 2.4
      vertex -26.026425808668137 46.62252525240183 12
      vertex -26.026425808668137 46.62252525240183 2.4
    endloop
  endfacet
  facet normal -0.9978589231990364 0.06540312983382034 0
    outer loop
      vertex -26.100000001490116 45.5 2.4
      vertex -26.100000001490116 45.5 12
      vertex -26.026425808668137 46.62252525240183 12
    endloop
  endfacet
  facet normal -0.9807852796739946 0.195090325682244 0
    outer loop
      vertex -26.026425808668137 46.62252525240183 2.4
      vertex -25.806962102651596 47.7258437871933 12
      vertex -25.806962102651596 47.7258437871933 2.4
    endloop
  endfacet
  facet normal -0.9469301294053805 0.3214394655674835 0
    outer loop
      vertex -25.806962102651596 47.7258437871933 2.4
      vertex -25.445363976061344 48.79107751697302 12
      vertex -25.445363976061344 48.79107751697302 2.4
    endloop
  endfacet
  facet normal -0.8968727426523777 0.44228868794849574 5.14022379456644e-18
    outer loop
      vertex -25.445363976061344 48.79107751697302 2.4
      vertex -24.947818472981453 49.79999999701977 12
      vertex -24.947818472981453 49.79999999701977 2.4
    endloop
  endfacet
  facet normal -0.8314696123823636 0.5555702329001454 0
    outer loop
      vertex -24.947818472981453 49.79999999701977 2.4
      vertex -24.322838723659515 50.73534829169512 12
      vertex -24.322838723659515 50.73534829169512 2.4
    endloop
  endfacet
  facet normal -0.7518398056034569 0.6593458172386901 0
    outer loop
      vertex -24.322838723659515 50.73534829169512 2.4
      vertex -23.581118315458298 51.5811183154583 12
      vertex -23.581118315458298 51.5811183154583 2.4
    endloop
  endfacet
  facet normal -0.6593458172386901 0.7518398056034569 0
    outer loop
      vertex -23.581118315458298 51.5811183154583 2.4
      vertex -22.735348291695118 52.322838723659515 12
      vertex -22.735348291695118 52.322838723659515 2.4
    endloop
  endfacet
  facet normal -0.5555702329001454 0.8314696123823636 0
    outer loop
      vertex -22.735348291695118 52.322838723659515 2.4
      vertex -21.799999997019768 52.94781847298145 12
      vertex -21.799999997019768 52.94781847298145 2.4
    endloop
  endfacet
  facet normal -0.44228868794849574 0.8968727426523777 5.14022379456644e-18
    outer loop
      vertex -21.799999997019768 52.94781847298145 2.4
      vertex -20.79107751697302 53.445363976061344 12
      vertex -20.79107751697302 53.445363976061344 2.4
    endloop
  endfacet
  facet normal -0.3214394655674835 0.9469301294053805 0
    outer loop
      vertex -20.79107751697302 53.445363976061344 2.4
      vertex -19.7258437871933 53.806962102651596 12
      vertex -19.7258437871933 53.806962102651596 2.4
    endloop
  endfacet
  facet normal -0.195090325682244 0.9807852796739946 0
    outer loop
      vertex -19.7258437871933 53.806962102651596 2.4
      vertex -18.62252525240183 54.02642580866814 12
      vertex -18.62252525240183 54.02642580866814 2.4
    endloop
  endfacet
  facet normal -0.06540312983382034 0.9978589231990364 0
    outer loop
      vertex -18.62252525240183 54.02642580866814 2.4
      vertex -17.5 54.100000001490116 12
      vertex -17.5 54.100000001490116 2.4
    endloop
  endfacet
  facet normal -0.9807852796739946 0.195090325682244 0
    outer loop
      vertex -26.026425808668137 46.62252525240183 2.4
      vertex -26.026425808668137 46.62252525240183 12
      vertex -25.806962102651596 47.7258437871933 12
    endloop
  endfacet
  facet normal -0.9469301294053805 0.3214394655674835 0
    outer loop
      vertex -25.806962102651596 47.7258437871933 2.4
      vertex -25.806962102651596 47.7258437871933 12
      vertex -25.445363976061344 48.79107751697302 12
    endloop
  endfacet
  facet normal -0.8968727426523777 0.44228868794849574 0
    outer loop
      vertex -25.445363976061344 48.79107751697302 2.4
      vertex -25.445363976061344 48.79107751697302 12
      vertex -24.947818472981453 49.79999999701977 12
    endloop
  endfacet
  facet normal -0.8314696123823636 0.5555702329001454 0
    outer loop
      vertex -24.947818472981453 49.79999999701977 2.4
      vertex -24.947818472981453 49.79999999701977 12
      vertex -24.322838723659515 50.73534829169512 12
    endloop
  endfacet
  facet normal -0.7518398056034569 0.6593458172386901 0
    outer loop
      vertex -24.322838723659515 50.73534829169512 2.4
      vertex -24.322838723659515 50.73534829169512 12
      vertex -23.581118315458298 51.5811183154583 12
    endloop
  endfacet
  facet normal -0.6593458172386901 0.7518398056034569 0
    outer loop
      vertex -23.581118315458298 51.5811183154583 2.4
      vertex -23.581118315458298 51.5811183154583 12
      vertex -22.735348291695118 52.322838723659515 12
    endloop
  endfacet
  facet normal -0.5555702329001454 0.8314696123823636 0
    outer loop
      vertex -22.735348291695118 52.322838723659515 2.4
      vertex -22.735348291695118 52.322838723659515 12
      vertex -21.799999997019768 52.94781847298145 12
    endloop
  endfacet
  facet normal -0.44228868794849574 0.8968727426523777 0
    outer loop
      vertex -21.799999997019768 52.94781847298145 2.4
      vertex -21.799999997019768 52.94781847298145 12
      vertex -20.79107751697302 53.445363976061344 12
    endloop
  endfacet
  facet normal -0.3214394655674835 0.9469301294053805 0
    outer loop
      vertex -20.79107751697302 53.445363976061344 2.4
      vertex -20.79107751697302 53.445363976061344 12
      vertex -19.7258437871933 53.806962102651596 12
    endloop
  endfacet
  facet normal -0.195090325682244 0.9807852796739946 0
    outer loop
      vertex -19.7258437871933 53.806962102651596 2.4
      vertex -19.7258437871933 53.806962102651596 12
      vertex -18.62252525240183 54.02642580866814 12
    endloop
  endfacet
  facet normal -0.06540312983382034 0.9978589231990364 0
    outer loop
      vertex -18.62252525240183 54.02642580866814 2.4
      vertex -18.62252525240183 54.02642580866814 12
      vertex -17.5 54.100000001490116 12
    endloop
  endfacet
  facet normal 0 -1 0
    outer loop
      vertex -17.5 1.8999999985098839 2.4
      vertex 17.5 1.8999999985098839 2.4
      vertex -17.5 1.8999999985098839 12
    endloop
  endfacet
  facet normal 0 1 0
    outer loop
      vertex -17.5 54.100000001490116 2.4
      vertex -17.5 54.100000001490116 12
      vertex -2.0185358372305537 54.100000001490116 12
    endloop
  endfacet
  facet normal 0 1 0
    outer loop
      vertex -17.5 54.100000001490116 2.4
      vertex -2.0185358372305537 54.100000001490116 12
      vertex -2.0185358372305537 54.100000001490116 2.4
    endloop
  endfacet
  facet normal 0 0 1
    outer loop
      vertex -25.445363976061344 7.208922483026981 12
      vertex -24.947818472981453 6.200000002980232 12
      vertex -23.96715673059225 7.821215972304344 12
    endloop
  endfacet
  facet normal 0 0 1
    outer loop
      vertex -24.322838723659515 5.264651708304882 12
      vertex -23.56217782944441 7 12
      vertex -24.947818472981453 6.200000002980232 12
    endloop
  endfacet
  facet normal 0 0 1
    outer loop
      vertex -24.947818472981453 6.200000002980232 12
      vertex -23.56217782944441 7 12
      vertex -23.96715673059225 7.821215972304344 12
    endloop
  endfacet
  facet normal 0 0 1
    outer loop
      vertex -24.322838723659515 5.264651708304882 12
      vertex -23.581118315458298 4.418881684541702 12
      vertex -22.4497474655509 5.5502525344491005 12
    endloop
  endfacet
  facet normal 0 0 1
    outer loop
      vertex -24.322838723659515 5.264651708304882 12
      vertex -22.4497474655509 5.5502525344491005 12
      vertex -23.053473383188248 6.238669998943806 12
    endloop
  endfacet
  facet normal 0 0 1
    outer loop
      vertex -24.322838723659515 5.264651708304882 12
      vertex -23.053473383188248 6.238669998943806 12
      vertex -23.56217782944441 7 12
    endloop
  endfacet
  facet normal 0 0 1
    outer loop
      vertex -22.735348291695118 3.6771612763404846 12
      vertex -21.761330001056194 4.946526616811752 12
      vertex -23.581118315458298 4.418881684541702 12
    endloop
  endfacet
  facet normal 0 0 1
    outer loop
      vertex -23.581118315458298 4.418881684541702 12
      vertex -21.761330001056194 4.946526616811752 12
      vertex -22.4497474655509 5.5502525344491005 12
    endloop
  endfacet
  facet normal 0 0 1
    outer loop
      vertex -25.445363976061344 7.208922483026981 12
      vertex -24.261480785906315 8.688266687095165 12
      vertex -25.806962102651596 8.274156212806702 12
    endloop
  endfacet
  facet normal 0 0 1
    outer loop
      vertex -25.806962102651596 8.274156212806702 12
      vertex -24.44011402875185 9.586316652595997 12
      vertex -26.026425808668137 9.377474747598171 12
    endloop
  endfacet
  facet normal 0 0 1
    outer loop
      vertex -26.026425808668137 9.377474747598171 12
      vertex -24.5 10.5 12
      vertex -26.100000001490116 10.5 12
    endloop
  endfacet
  facet normal 0 0 1
    outer loop
      vertex -25.806962102651596 8.274156212806702 12
      vertex -24.261480785906315 8.688266687095165 12
      vertex -24.44011402875185 9.586316652595997 12
    endloop
  endfacet
  facet normal 0 0 1
    outer loop
      vertex -25.445363976061344 7.208922483026981 12
      vertex -23.96715673059225 7.821215972304344 12
      vertex -24.261480785906315 8.688266687095165 12
    endloop
  endfacet
  facet normal 0 0 1
    outer loop
      vertex -26.026425808668137 9.377474747598171 12
      vertex -24.44011402875185 9.586316652595997 12
      vertex -24.5 10.5 12
    endloop
  endfacet
  facet normal 0 0 1
    outer loop
      vertex -22.735348291695118 3.6771612763404846 12
      vertex -21.799999997019768 3.052181527018547 12
      vertex -20.178784027695656 4.032843269407749 12
    endloop
  endfacet
  facet normal 0 0 1
    outer loop
      vertex -21.799999997019768 3.052181527018547 12
      vertex -19.311733312904835 3.738519214093685 12
      vertex -20.178784027695656 4.032843269407749 12
    endloop
  endfacet
  facet normal 0 0 1
    outer loop
      vertex -21.799999997019768 3.052181527018547 12
      vertex -20.79107751697302 2.554636023938656 12
      vertex -17.5 3.5 12
    endloop
  endfacet
  facet normal 0 0 1
    outer loop
      vertex -21.799999997019768 3.052181527018547 12
      vertex -18.413683347404003 3.55988597124815 12
      vertex -19.311733312904835 3.738519214093685 12
    endloop
  endfacet
  facet normal 0 0 1
    outer loop
      vertex -22.735348291695118 3.6771612763404846 12
      vertex -21 4.437822170555592 12
      vertex -21.761330001056194 4.946526616811752 12
    endloop
  endfacet
  facet normal 0 0 1
    outer loop
      vertex -22.735348291695118 3.6771612763404846 12
      vertex -20.178784027695656 4.032843269407749 12
      vertex -21 4.437822170555592 12
    endloop
  endfacet
  facet normal 0 0 1
    outer loop
      vertex -20.79107751697302 2.554636023938656 12
      vertex -19.7258437871933 2.193037897348404 12
      vertex -17.5 3.5 12
    endloop
  endfacet
  facet normal 0 0 1
    outer loop
      vertex -21.799999997019768 3.052181527018547 12
      vertex -17.5 3.5 12
      vertex -18.413683347404003 3.55988597124815 12
    endloop
  endfacet
  facet normal 0 0 1
    outer loop
      vertex -26.100000001490116 10.5 12
      vertex -24.5 10.5 12
      vertex -24.5 45.5 12
    endloop
  endfacet
  facet normal 0 0 1
    outer loop
      vertex -26.100000001490116 10.5 12
      vertex -24.5 45.5 12
      vertex -26.100000001490116 45.5 12
    endloop
  endfacet
  facet normal 0 0 1
    outer loop
      vertex -26.100000001490116 45.5 12
      vertex -24.44011402875185 46.413683347404 12
      vertex -26.026425808668137 46.62252525240183 12
    endloop
  endfacet
  facet normal 0 0 1
    outer loop
      vertex -26.100000001490116 45.5 12
      vertex -24.5 45.5 12
      vertex -24.44011402875185 46.413683347404 12
    endloop
  endfacet
  facet normal 0 0 1
    outer loop
      vertex -26.026425808668137 46.62252525240183 12
      vertex -24.44011402875185 46.413683347404 12
      vertex -24.261480785906315 47.311733312904835 12
    endloop
  endfacet
  facet normal 0 0 1
    outer loop
      vertex -26.026425808668137 46.62252525240183 12
      vertex -24.261480785906315 47.311733312904835 12
      vertex -25.806962102651596 47.7258437871933 12
    endloop
  endfacet
  facet normal 0 0 1
    outer loop
      vertex -25.806962102651596 47.7258437871933 12
      vertex -24.261480785906315 47.311733312904835 12
      vertex -23.96715673059225 48.178784027695656 12
    endloop
  endfacet
  facet normal 0 0 1
    outer loop
      vertex -25.806962102651596 47.7258437871933 12
      vertex -23.96715673059225 48.178784027695656 12
      vertex -25.445363976061344 48.79107751697302 12
    endloop
  endfacet
  facet normal 0 0 1
    outer loop
      vertex -25.445363976061344 48.79107751697302 12
      vertex -23.96715673059225 48.178784027695656 12
      vertex -23.56217782944441 49 12
    endloop
  endfacet
  facet normal 0 0 1
    outer loop
      vertex -25.445363976061344 48.79107751697302 12
      vertex -23.56217782944441 49 12
      vertex -24.947818472981453 49.79999999701977 12
    endloop
  endfacet
  facet normal 0 0 1
    outer loop
      vertex -24.947818472981453 49.79999999701977 12
      vertex -23.56217782944441 49 12
      vertex -23.053473383188248 49.761330001056194 12
    endloop
  endfacet
  facet normal 0 0 1
    outer loop
      vertex -24.947818472981453 49.79999999701977 12
      vertex -22.4497474655509 50.4497474655509 12
      vertex -24.322838723659515 50.73534829169512 12
    endloop
  endfacet
  facet normal 0 0 1
    outer loop
      vertex -24.947818472981453 49.79999999701977 12
      vertex -23.053473383188248 49.761330001056194 12
      vertex -22.4497474655509 50.4497474655509 12
    endloop
  endfacet
  facet normal 0 0 1
    outer loop
      vertex -24.322838723659515 50.73534829169512 12
      vertex -22.4497474655509 50.4497474655509 12
      vertex -21.761330001056194 51.05347338318825 12
    endloop
  endfacet
  facet normal 0 0 1
    outer loop
      vertex -24.322838723659515 50.73534829169512 12
      vertex -21.761330001056194 51.05347338318825 12
      vertex -23.581118315458298 51.5811183154583 12
    endloop
  endfacet
  facet normal 0 0 1
    outer loop
      vertex -23.581118315458298 51.5811183154583 12
      vertex -21.761330001056194 51.05347338318825 12
      vertex -21 51.56217782944441 12
    endloop
  endfacet
  facet normal 0 0 1
    outer loop
      vertex -23.581118315458298 51.5811183154583 12
      vertex -20.178784027695656 51.96715673059225 12
      vertex -22.735348291695118 52.322838723659515 12
    endloop
  endfacet
  facet normal 0 0 1
    outer loop
      vertex -23.581118315458298 51.5811183154583 12
      vertex -21 51.56217782944441 12
      vertex -20.178784027695656 51.96715673059225 12
    endloop
  endfacet
  facet normal 0 0 1
    outer loop
      vertex -22.735348291695118 52.322838723659515 12
      vertex -20.178784027695656 51.96715673059225 12
      vertex -19.311733312904835 52.261480785906315 12
    endloop
  endfacet
  facet normal 0 0 1
    outer loop
      vertex -22.735348291695118 52.322838723659515 12
      vertex -19.311733312904835 52.261480785906315 12
      vertex -18.413683347404003 52.44011402875185 12
    endloop
  endfacet
  facet normal 0 0 1
    outer loop
      vertex -22.735348291695118 52.322838723659515 12
      vertex -18.413683347404003 52.44011402875185 12
      vertex -17.5 52.5 12
    endloop
  endfacet
  facet normal 0 0 1
    outer loop
      vertex -19.7258437871933 53.806962102651596 12
      vertex -17.5 54.100000001490116 12
      vertex -18.62252525240183 54.02642580866814 12
    endloop
  endfacet
  facet normal 0 0 1
    outer loop
      vertex -19.7258437871933 2.193037897348404 12
      vertex 17.5 3.5 12
      vertex -17.5 3.5 12
    endloop
  endfacet
  facet normal 0 0 1
    outer loop
      vertex -19.7258437871933 2.193037897348404 12
      vertex -18.62252525240183 1.9735741913318634 12
      vertex 21.799999997019768 3.052181527018547 12
    endloop
  endfacet
  facet normal 0 0 1
    outer loop
      vertex -18.62252525240183 1.9735741913318634 12
      vertex -17.5 1.8999999985098839 12
      vertex 20.79107751697302 2.554636023938656 12
    endloop
  endfacet
  facet normal 0 0 1
    outer loop
      vertex -21.799999997019768 52.94781847298145 12
      vertex -0.574315245768227 53.637642609955236 12
      vertex -20.79107751697302 53.445363976061344 12
    endloop
  endfacet
  facet normal 0 0 1
    outer loop
      vertex -20.79107751697302 53.445363976061344 12
      vertex -1.1388037984510913 53.7499263643281 12
      vertex -19.7258437871933 53.806962102651596 12
    endloop
  endfacet
  facet normal 0 0 1
    outer loop
      vertex -19.7258437871933 53.806962102651596 12
      vertex -1.6838071024063952 53.934930056950336 12
      vertex -17.5 54.100000001490116 12
    endloop
  endfacet
  facet normal 0 0 1
    outer loop
      vertex -22.735348291695118 52.322838723659515 12
      vertex 19.7258437871933 53.806962102651596 12
      vertex -21.799999997019768 52.94781847298145 12
    endloop
  endfacet
  facet normal 0 0 1
    outer loop
      vertex -21.799999997019768 52.94781847298145 12
      vertex 0 53.6 12
      vertex -0.574315245768227 53.637642609955236 12
    endloop
  endfacet
  facet normal 0 0 1
    outer loop
      vertex -20.79107751697302 53.445363976061344 12
      vertex -0.574315245768227 53.637642609955236 12
      vertex -1.1388037984510913 53.7499263643281 12
    endloop
  endfacet
  facet normal 0 0 1
    outer loop
      vertex -19.7258437871933 53.806962102651596 12
      vertex -1.1388037984510913 53.7499263643281 12
      vertex -1.6838071024063952 53.934930056950336 12
    endloop
  endfacet
  facet normal 0 0 1
    outer loop
      vertex -22.735348291695118 52.322838723659515 12
      vertex -17.5 52.5 12
      vertex 19.7258437871933 53.806962102651596 12
    endloop
  endfacet
  facet normal 0 0 1
    outer loop
      vertex -17.5 54.100000001490116 12
      vertex -1.6838071024063952 53.934930056950336 12
      vertex -2.0185358372305537 54.100000001490116 12
    endloop
  endfacet
  facet normal 0 0 1
    outer loop
      vertex -21.799999997019768 52.94781847298145 12
      vertex 18.62252525240183 54.02642580866814 12
      vertex 0 53.6 12
    endloop
  endfacet
  facet normal 0 -1 0
    outer loop
      vertex -17.5 1.8999999985098839 12
      vertex 17.5 1.8999999985098839 2.4
      vertex 17.5 1.8999999985098839 12
    endloop
  endfacet
  facet normal 0 1 0
    outer loop
      vertex 2.0185358372305537 54.100000001490116 2.4
      vertex 2.0185358372305537 54.100000001490116 12
      vertex 17.5 54.100000001490116 12
    endloop
  endfacet
  facet normal 0 1 0
    outer loop
      vertex 2.0185358372305537 54.100000001490116 2.4
      vertex 17.5 54.100000001490116 12
      vertex 17.5 54.100000001490116 2.4
    endloop
  endfacet
  facet normal 0.06540312983382034 -0.9978589231990364 0
    outer loop
      vertex 17.5 1.8999999985098839 2.4
      vertex 18.62252525240183 1.9735741913318634 2.4
      vertex 17.5 1.8999999985098839 12
    endloop
  endfacet
  facet normal 0.195090325682244 -0.9807852796739946 0
    outer loop
      vertex 18.62252525240183 1.9735741913318634 2.4
      vertex 19.7258437871933 2.193037897348404 2.4
      vertex 18.62252525240183 1.9735741913318634 12
    endloop
  endfacet
  facet normal 0.3214394655674835 -0.9469301294053805 0
    outer loop
      vertex 19.7258437871933 2.193037897348404 2.4
      vertex 20.79107751697302 2.554636023938656 2.4
      vertex 19.7258437871933 2.193037897348404 12
    endloop
  endfacet
  facet normal 0.44228868794849574 -0.8968727426523777 0
    outer loop
      vertex 20.79107751697302 2.554636023938656 2.4
      vertex 21.799999997019768 3.052181527018547 2.4
      vertex 20.79107751697302 2.554636023938656 12
    endloop
  endfacet
  facet normal 0.5555702329001454 -0.8314696123823636 0
    outer loop
      vertex 21.799999997019768 3.052181527018547 2.4
      vertex 22.735348291695118 3.6771612763404846 2.4
      vertex 21.799999997019768 3.052181527018547 12
    endloop
  endfacet
  facet normal 0.6593458172386901 -0.7518398056034569 0
    outer loop
      vertex 22.735348291695118 3.6771612763404846 2.4
      vertex 23.581118315458298 4.418881684541702 2.4
      vertex 22.735348291695118 3.6771612763404846 12
    endloop
  endfacet
  facet normal 0.7518398056034569 -0.6593458172386901 0
    outer loop
      vertex 23.581118315458298 4.418881684541702 2.4
      vertex 24.322838723659515 5.264651708304882 2.4
      vertex 23.581118315458298 4.418881684541702 12
    endloop
  endfacet
  facet normal 0.8314696123823636 -0.5555702329001454 0
    outer loop
      vertex 24.322838723659515 5.264651708304882 2.4
      vertex 24.947818472981453 6.200000002980232 2.4
      vertex 24.322838723659515 5.264651708304882 12
    endloop
  endfacet
  facet normal 0.8968727426523777 -0.44228868794849574 0
    outer loop
      vertex 24.947818472981453 6.200000002980232 2.4
      vertex 25.445363976061344 7.208922483026981 2.4
      vertex 24.947818472981453 6.200000002980232 12
    endloop
  endfacet
  facet normal 0.9469301294053805 -0.3214394655674835 0
    outer loop
      vertex 25.445363976061344 7.208922483026981 2.4
      vertex 25.806962102651596 8.274156212806702 2.4
      vertex 25.445363976061344 7.208922483026981 12
    endloop
  endfacet
  facet normal 0.9807852796739946 -0.195090325682244 0
    outer loop
      vertex 25.806962102651596 8.274156212806702 2.4
      vertex 26.026425808668137 9.377474747598171 2.4
      vertex 25.806962102651596 8.274156212806702 12
    endloop
  endfacet
  facet normal 0.9978589231990364 -0.06540312983382034 0
    outer loop
      vertex 26.026425808668137 9.377474747598171 2.4
      vertex 26.100000001490116 10.5 2.4
      vertex 26.026425808668137 9.377474747598171 12
    endloop
  endfacet
  facet normal 0.06540312983382034 -0.9978589231990364 0
    outer loop
      vertex 18.62252525240183 1.9735741913318634 2.4
      vertex 18.62252525240183 1.9735741913318634 12
      vertex 17.5 1.8999999985098839 12
    endloop
  endfacet
  facet normal 0.195090325682244 -0.9807852796739946 0
    outer loop
      vertex 19.7258437871933 2.193037897348404 2.4
      vertex 19.7258437871933 2.193037897348404 12
      vertex 18.62252525240183 1.9735741913318634 12
    endloop
  endfacet
  facet normal 0.3214394655674835 -0.9469301294053805 0
    outer loop
      vertex 20.79107751697302 2.554636023938656 2.4
      vertex 20.79107751697302 2.554636023938656 12
      vertex 19.7258437871933 2.193037897348404 12
    endloop
  endfacet
  facet normal 0.44228868794849574 -0.8968727426523777 0
    outer loop
      vertex 21.799999997019768 3.052181527018547 2.4
      vertex 21.799999997019768 3.052181527018547 12
      vertex 20.79107751697302 2.554636023938656 12
    endloop
  endfacet
  facet normal 0.5555702329001454 -0.8314696123823636 0
    outer loop
      vertex 22.735348291695118 3.6771612763404846 2.4
      vertex 22.735348291695118 3.6771612763404846 12
      vertex 21.799999997019768 3.052181527018547 12
    endloop
  endfacet
  facet normal 0.6593458172386901 -0.7518398056034569 0
    outer loop
      vertex 23.581118315458298 4.418881684541702 2.4
      vertex 23.581118315458298 4.418881684541702 12
      vertex 22.735348291695118 3.6771612763404846 12
    endloop
  endfacet
  facet normal 0.7518398056034569 -0.6593458172386901 0
    outer loop
      vertex 24.322838723659515 5.264651708304882 2.4
      vertex 24.322838723659515 5.264651708304882 12
      vertex 23.581118315458298 4.418881684541702 12
    endloop
  endfacet
  facet normal 0.8314696123823636 -0.5555702329001454 0
    outer loop
      vertex 24.947818472981453 6.200000002980232 2.4
      vertex 24.947818472981453 6.200000002980232 12
      vertex 24.322838723659515 5.264651708304882 12
    endloop
  endfacet
  facet normal 0.8968727426523777 -0.44228868794849574 0
    outer loop
      vertex 25.445363976061344 7.208922483026981 2.4
      vertex 25.445363976061344 7.208922483026981 12
      vertex 24.947818472981453 6.200000002980232 12
    endloop
  endfacet
  facet normal 0.9469301294053805 -0.3214394655674835 0
    outer loop
      vertex 25.806962102651596 8.274156212806702 2.4
      vertex 25.806962102651596 8.274156212806702 12
      vertex 25.445363976061344 7.208922483026981 12
    endloop
  endfacet
  facet normal 0.9807852796739946 -0.195090325682244 0
    outer loop
      vertex 26.026425808668137 9.377474747598171 2.4
      vertex 26.026425808668137 9.377474747598171 12
      vertex 25.806962102651596 8.274156212806702 12
    endloop
  endfacet
  facet normal 0.9978589231990364 -0.06540312983382034 0
    outer loop
      vertex 26.100000001490116 10.5 2.4
      vertex 26.100000001490116 10.5 12
      vertex 26.026425808668137 9.377474747598171 12
    endloop
  endfacet
  facet normal 1 0 0
    outer loop
      vertex 26.100000001490116 10.5 2.4
      vertex 26.100000001490116 45.5 2.4
      vertex 26.100000001490116 10.5 12
    endloop
  endfacet
  facet normal 0.9978589231990364 0.06540312983382034 0
    outer loop
      vertex 26.100000001490116 45.5 2.4
      vertex 26.026425808668137 46.62252525240183 2.4
      vertex 26.100000001490116 45.5 12
    endloop
  endfacet
  facet normal 1 0 0
    outer loop
      vertex 26.100000001490116 45.5 2.4
      vertex 26.100000001490116 45.5 12
      vertex 26.100000001490116 10.5 12
    endloop
  endfacet
  facet normal 0.9978589231990364 0.06540312983382034 0
    outer loop
      vertex 26.026425808668137 46.62252525240183 2.4
      vertex 26.026425808668137 46.62252525240183 12
      vertex 26.100000001490116 45.5 12
    endloop
  endfacet
  facet normal 0.06540312983382034 0.9978589231990364 0
    outer loop
      vertex 17.5 54.100000001490116 2.4
      vertex 18.62252525240183 54.02642580866814 12
      vertex 18.62252525240183 54.02642580866814 2.4
    endloop
  endfacet
  facet normal 0.195090325682244 0.9807852796739946 0
    outer loop
      vertex 18.62252525240183 54.02642580866814 2.4
      vertex 19.7258437871933 53.806962102651596 12
      vertex 19.7258437871933 53.806962102651596 2.4
    endloop
  endfacet
  facet normal 0.3214394655674835 0.9469301294053805 0
    outer loop
      vertex 19.7258437871933 53.806962102651596 2.4
      vertex 20.79107751697302 53.445363976061344 12
      vertex 20.79107751697302 53.445363976061344 2.4
    endloop
  endfacet
  facet normal 0.44228868794849574 0.8968727426523777 -5.14022379456644e-18
    outer loop
      vertex 20.79107751697302 53.445363976061344 2.4
      vertex 21.799999997019768 52.94781847298145 12
      vertex 21.799999997019768 52.94781847298145 2.4
    endloop
  endfacet
  facet normal 0.5555702329001454 0.8314696123823636 0
    outer loop
      vertex 21.799999997019768 52.94781847298145 2.4
      vertex 22.735348291695118 52.322838723659515 12
      vertex 22.735348291695118 52.322838723659515 2.4
    endloop
  endfacet
  facet normal 0.6593458172386901 0.7518398056034569 0
    outer loop
      vertex 22.735348291695118 52.322838723659515 2.4
      vertex 23.581118315458298 51.5811183154583 12
      vertex 23.581118315458298 51.5811183154583 2.4
    endloop
  endfacet
  facet normal 0.8314696123823636 0.5555702329001454 0
    outer loop
      vertex 24.322838723659515 50.73534829169512 2.4
      vertex 24.947818472981453 49.79999999701977 12
      vertex 24.947818472981453 49.79999999701977 2.4
    endloop
  endfacet
  facet normal 0.9469301294053805 0.3214394655674835 0
    outer loop
      vertex 25.445363976061344 48.79107751697302 2.4
      vertex 25.806962102651596 47.7258437871933 12
      vertex 25.806962102651596 47.7258437871933 2.4
    endloop
  endfacet
  facet normal 0.9807852796739946 0.195090325682244 0
    outer loop
      vertex 26.026425808668137 46.62252525240183 2.4
      vertex 25.806962102651596 47.7258437871933 2.4
      vertex 26.026425808668137 46.62252525240183 12
    endloop
  endfacet
  facet normal 0.8968727426523777 0.44228868794849574 -5.14022379456644e-18
    outer loop
      vertex 24.947818472981453 49.79999999701977 2.4
      vertex 25.445363976061344 48.79107751697302 12
      vertex 25.445363976061344 48.79107751697302 2.4
    endloop
  endfacet
  facet normal 0.7518398056034569 0.6593458172386901 0
    outer loop
      vertex 23.581118315458298 51.5811183154583 2.4
      vertex 24.322838723659515 50.73534829169512 12
      vertex 24.322838723659515 50.73534829169512 2.4
    endloop
  endfacet
  facet normal 0.06540312983382034 0.9978589231990364 0
    outer loop
      vertex 17.5 54.100000001490116 2.4
      vertex 17.5 54.100000001490116 12
      vertex 18.62252525240183 54.02642580866814 12
    endloop
  endfacet
  facet normal 0.195090325682244 0.9807852796739946 0
    outer loop
      vertex 18.62252525240183 54.02642580866814 2.4
      vertex 18.62252525240183 54.02642580866814 12
      vertex 19.7258437871933 53.806962102651596 12
    endloop
  endfacet
  facet normal 0.3214394655674835 0.9469301294053805 0
    outer loop
      vertex 19.7258437871933 53.806962102651596 2.4
      vertex 19.7258437871933 53.806962102651596 12
      vertex 20.79107751697302 53.445363976061344 12
    endloop
  endfacet
  facet normal 0.44228868794849574 0.8968727426523777 0
    outer loop
      vertex 20.79107751697302 53.445363976061344 2.4
      vertex 20.79107751697302 53.445363976061344 12
      vertex 21.799999997019768 52.94781847298145 12
    endloop
  endfacet
  facet normal 0.5555702329001454 0.8314696123823636 0
    outer loop
      vertex 21.799999997019768 52.94781847298145 2.4
      vertex 21.799999997019768 52.94781847298145 12
      vertex 22.735348291695118 52.322838723659515 12
    endloop
  endfacet
  facet normal 0.6593458172386901 0.7518398056034569 0
    outer loop
      vertex 22.735348291695118 52.322838723659515 2.4
      vertex 22.735348291695118 52.322838723659515 12
      vertex 23.581118315458298 51.5811183154583 12
    endloop
  endfacet
  facet normal 0.7518398056034569 0.6593458172386901 0
    outer loop
      vertex 23.581118315458298 51.5811183154583 2.4
      vertex 23.581118315458298 51.5811183154583 12
      vertex 24.322838723659515 50.73534829169512 12
    endloop
  endfacet
  facet normal 0.8314696123823636 0.5555702329001454 0
    outer loop
      vertex 24.322838723659515 50.73534829169512 2.4
      vertex 24.322838723659515 50.73534829169512 12
      vertex 24.947818472981453 49.79999999701977 12
    endloop
  endfacet
  facet normal 0.8968727426523777 0.44228868794849574 0
    outer loop
      vertex 24.947818472981453 49.79999999701977 2.4
      vertex 24.947818472981453 49.79999999701977 12
      vertex 25.445363976061344 48.79107751697302 12
    endloop
  endfacet
  facet normal 0.9469301294053805 0.3214394655674835 0
    outer loop
      vertex 25.445363976061344 48.79107751697302 2.4
      vertex 25.445363976061344 48.79107751697302 12
      vertex 25.806962102651596 47.7258437871933 12
    endloop
  endfacet
  facet normal 0.9807852796739946 0.195090325682244 0
    outer loop
      vertex 25.806962102651596 47.7258437871933 2.4
      vertex 25.806962102651596 47.7258437871933 12
      vertex 26.026425808668137 46.62252525240183 12
    endloop
  endfacet
  facet normal 0 0 1
    outer loop
      vertex -17.5 1.8999999985098839 12
      vertex 17.5 1.8999999985098839 12
      vertex 19.7258437871933 2.193037897348404 12
    endloop
  endfacet
  facet normal 0 0 1
    outer loop
      vertex -19.7258437871933 2.193037897348404 12
      vertex 22.735348291695118 3.6771612763404846 12
      vertex 17.5 3.5 12
    endloop
  endfacet
  facet normal 0 0 1
    outer loop
      vertex -17.5 1.8999999985098839 12
      vertex 19.7258437871933 2.193037897348404 12
      vertex 20.79107751697302 2.554636023938656 12
    endloop
  endfacet
  facet normal 0 0 1
    outer loop
      vertex -18.62252525240183 1.9735741913318634 12
      vertex 20.79107751697302 2.554636023938656 12
      vertex 21.799999997019768 3.052181527018547 12
    endloop
  endfacet
  facet normal 0 0 1
    outer loop
      vertex -19.7258437871933 2.193037897348404 12
      vertex 21.799999997019768 3.052181527018547 12
      vertex 22.735348291695118 3.6771612763404846 12
    endloop
  endfacet
  facet normal 0 0 1
    outer loop
      vertex -21.799999997019768 52.94781847298145 12
      vertex 19.7258437871933 53.806962102651596 12
      vertex 18.62252525240183 54.02642580866814 12
    endloop
  endfacet
  facet normal 0 0 1
    outer loop
      vertex 0 53.6 12
      vertex 18.62252525240183 54.02642580866814 12
      vertex 0.574315245768227 53.637642609955236 12
    endloop
  endfacet
  facet normal 0 0 1
    outer loop
      vertex -17.5 52.5 12
      vertex 17.5 52.5 12
      vertex 19.7258437871933 53.806962102651596 12
    endloop
  endfacet
  facet normal 0 0 1
    outer loop
      vertex 0.574315245768227 53.637642609955236 12
      vertex 18.62252525240183 54.02642580866814 12
      vertex 1.1388037984510913 53.7499263643281 12
    endloop
  endfacet
  facet normal 0 0 1
    outer loop
      vertex 1.6838071024063952 53.934930056950336 12
      vertex 17.5 54.100000001490116 12
      vertex 2.0185358372305537 54.100000001490116 12
    endloop
  endfacet
  facet normal 0 0 1
    outer loop
      vertex 1.1388037984510913 53.7499263643281 12
      vertex 18.62252525240183 54.02642580866814 12
      vertex 1.6838071024063952 53.934930056950336 12
    endloop
  endfacet
  facet normal 0 0 1
    outer loop
      vertex 1.6838071024063952 53.934930056950336 12
      vertex 18.62252525240183 54.02642580866814 12
      vertex 17.5 54.100000001490116 12
    endloop
  endfacet
  facet normal 0 0 1
    outer loop
      vertex 17.5 1.8999999985098839 12
      vertex 18.62252525240183 1.9735741913318634 12
      vertex 19.7258437871933 2.193037897348404 12
    endloop
  endfacet
  facet normal 0 0 1
    outer loop
      vertex 17.5 3.5 12
      vertex 22.735348291695118 3.6771612763404846 12
      vertex 18.413683347404003 3.55988597124815 12
    endloop
  endfacet
  facet normal 0 0 1
    outer loop
      vertex 18.413683347404003 3.55988597124815 12
      vertex 22.735348291695118 3.6771612763404846 12
      vertex 19.311733312904835 3.738519214093685 12
    endloop
  endfacet
  facet normal 0 0 1
    outer loop
      vertex 19.311733312904835 3.738519214093685 12
      vertex 22.735348291695118 3.6771612763404846 12
      vertex 20.178784027695656 4.032843269407749 12
    endloop
  endfacet
  facet normal 0 0 1
    outer loop
      vertex 20.178784027695656 4.032843269407749 12
      vertex 23.581118315458298 4.418881684541702 12
      vertex 21 4.437822170555592 12
    endloop
  endfacet
  facet normal 0 0 1
    outer loop
      vertex 21 4.437822170555592 12
      vertex 23.581118315458298 4.418881684541702 12
      vertex 21.761330001056194 4.946526616811752 12
    endloop
  endfacet
  facet normal 0 0 1
    outer loop
      vertex 20.178784027695656 4.032843269407749 12
      vertex 22.735348291695118 3.6771612763404846 12
      vertex 23.581118315458298 4.418881684541702 12
    endloop
  endfacet
  facet normal 0 0 1
    outer loop
      vertex 21.761330001056194 4.946526616811752 12
      vertex 24.322838723659515 5.264651708304882 12
      vertex 22.4497474655509 5.5502525344491005 12
    endloop
  endfacet
  facet normal 0 0 1
    outer loop
      vertex 21.761330001056194 4.946526616811752 12
      vertex 23.581118315458298 4.418881684541702 12
      vertex 24.322838723659515 5.264651708304882 12
    endloop
  endfacet
  facet normal 0 0 1
    outer loop
      vertex 22.4497474655509 5.5502525344491005 12
      vertex 24.322838723659515 5.264651708304882 12
      vertex 24.947818472981453 6.200000002980232 12
    endloop
  endfacet
  facet normal 0 0 1
    outer loop
      vertex 22.4497474655509 5.5502525344491005 12
      vertex 24.947818472981453 6.200000002980232 12
      vertex 23.053473383188248 6.238669998943806 12
    endloop
  endfacet
  facet normal 0 0 1
    outer loop
      vertex 23.053473383188248 6.238669998943806 12
      vertex 24.947818472981453 6.200000002980232 12
      vertex 23.56217782944441 7 12
    endloop
  endfacet
  facet normal 0 0 1
    outer loop
      vertex 23.56217782944441 7 12
      vertex 25.445363976061344 7.208922483026981 12
      vertex 23.96715673059225 7.821215972304344 12
    endloop
  endfacet
  facet normal 0 0 1
    outer loop
      vertex 23.56217782944441 7 12
      vertex 24.947818472981453 6.200000002980232 12
      vertex 25.445363976061344 7.208922483026981 12
    endloop
  endfacet
  facet normal 0 0 1
    outer loop
      vertex 25.445363976061344 7.208922483026981 12
      vertex 25.806962102651596 8.274156212806702 12
      vertex 23.96715673059225 7.821215972304344 12
    endloop
  endfacet
  facet normal 0 0 1
    outer loop
      vertex 23.96715673059225 7.821215972304344 12
      vertex 25.806962102651596 8.274156212806702 12
      vertex 24.261480785906315 8.688266687095165 12
    endloop
  endfacet
  facet normal 0 0 1
    outer loop
      vertex 24.261480785906315 8.688266687095165 12
      vertex 26.026425808668137 9.377474747598171 12
      vertex 24.44011402875185 9.586316652595997 12
    endloop
  endfacet
  facet normal 0 0 1
    outer loop
      vertex 24.44011402875185 9.586316652595997 12
      vertex 26.100000001490116 10.5 12
      vertex 24.5 10.5 12
    endloop
  endfacet
  facet normal 0 0 1
    outer loop
      vertex 24.261480785906315 8.688266687095165 12
      vertex 25.806962102651596 8.274156212806702 12
      vertex 26.026425808668137 9.377474747598171 12
    endloop
  endfacet
  facet normal 0 0 1
    outer loop
      vertex 24.44011402875185 9.586316652595997 12
      vertex 26.026425808668137 9.377474747598171 12
      vertex 26.100000001490116 10.5 12
    endloop
  endfacet
  facet normal 0 0 1
    outer loop
      vertex 24.5 10.5 12
      vertex 26.100000001490116 10.5 12
      vertex 26.100000001490116 45.5 12
    endloop
  endfacet
  facet normal 0 0 1
    outer loop
      vertex 24.5 10.5 12
      vertex 26.100000001490116 45.5 12
      vertex 24.5 45.5 12
    endloop
  endfacet
  facet normal 0 0 1
    outer loop
      vertex 24.5 45.5 12
      vertex 26.026425808668137 46.62252525240183 12
      vertex 24.44011402875185 46.413683347404 12
    endloop
  endfacet
  facet normal 0 0 1
    outer loop
      vertex 24.5 45.5 12
      vertex 26.100000001490116 45.5 12
      vertex 26.026425808668137 46.62252525240183 12
    endloop
  endfacet
  facet normal 0 0 1
    outer loop
      vertex 17.5 52.5 12
      vertex 18.413683347404003 52.44011402875185 12
      vertex 21.799999997019768 52.94781847298145 12
    endloop
  endfacet
  facet normal 0 0 1
    outer loop
      vertex 17.5 52.5 12
      vertex 20.79107751697302 53.445363976061344 12
      vertex 19.7258437871933 53.806962102651596 12
    endloop
  endfacet
  facet normal 0 0 1
    outer loop
      vertex 18.413683347404003 52.44011402875185 12
      vertex 19.311733312904835 52.261480785906315 12
      vertex 21.799999997019768 52.94781847298145 12
    endloop
  endfacet
  facet normal 0 0 1
    outer loop
      vertex 19.311733312904835 52.261480785906315 12
      vertex 20.178784027695656 51.96715673059225 12
      vertex 21.799999997019768 52.94781847298145 12
    endloop
  endfacet
  facet normal 0 0 1
    outer loop
      vertex 17.5 52.5 12
      vertex 21.799999997019768 52.94781847298145 12
      vertex 20.79107751697302 53.445363976061344 12
    endloop
  endfacet
  facet normal 0 0 1
    outer loop
      vertex 20.178784027695656 51.96715673059225 12
      vertex 21 51.56217782944441 12
      vertex 22.735348291695118 52.322838723659515 12
    endloop
  endfacet
  facet normal 0 0 1
    outer loop
      vertex 21 51.56217782944441 12
      vertex 21.761330001056194 51.05347338318825 12
      vertex 22.735348291695118 52.322838723659515 12
    endloop
  endfacet
  facet normal 0 0 1
    outer loop
      vertex 20.178784027695656 51.96715673059225 12
      vertex 22.735348291695118 52.322838723659515 12
      vertex 21.799999997019768 52.94781847298145 12
    endloop
  endfacet
  facet normal 0 0 1
    outer loop
      vertex 22.4497474655509 50.4497474655509 12
      vertex 23.053473383188248 49.761330001056194 12
      vertex 24.322838723659515 50.73534829169512 12
    endloop
  endfacet
  facet normal 0 0 1
    outer loop
      vertex 23.053473383188248 49.761330001056194 12
      vertex 23.56217782944441 49 12
      vertex 24.322838723659515 50.73534829169512 12
    endloop
  endfacet
  facet normal 0 0 1
    outer loop
      vertex 21.761330001056194 51.05347338318825 12
      vertex 22.4497474655509 50.4497474655509 12
      vertex 23.581118315458298 51.5811183154583 12
    endloop
  endfacet
  facet normal 0 0 1
    outer loop
      vertex 21.761330001056194 51.05347338318825 12
      vertex 23.581118315458298 51.5811183154583 12
      vertex 22.735348291695118 52.322838723659515 12
    endloop
  endfacet
  facet normal 0 0 1
    outer loop
      vertex 22.4497474655509 50.4497474655509 12
      vertex 24.322838723659515 50.73534829169512 12
      vertex 23.581118315458298 51.5811183154583 12
    endloop
  endfacet
  facet normal 0 0 1
    outer loop
      vertex 23.96715673059225 48.178784027695656 12
      vertex 24.261480785906315 47.311733312904835 12
      vertex 25.445363976061344 48.79107751697302 12
    endloop
  endfacet
  facet normal 0 0 1
    outer loop
      vertex 24.44011402875185 46.413683347404 12
      vertex 25.806962102651596 47.7258437871933 12
      vertex 24.261480785906315 47.311733312904835 12
    endloop
  endfacet
  facet normal 0 0 1
    outer loop
      vertex 23.96715673059225 48.178784027695656 12
      vertex 24.947818472981453 49.79999999701977 12
      vertex 23.56217782944441 49 12
    endloop
  endfacet
  facet normal 0 0 1
    outer loop
      vertex 23.56217782944441 49 12
      vertex 24.947818472981453 49.79999999701977 12
      vertex 24.322838723659515 50.73534829169512 12
    endloop
  endfacet
  facet normal 0 0 1
    outer loop
      vertex 23.96715673059225 48.178784027695656 12
      vertex 25.445363976061344 48.79107751697302 12
      vertex 24.947818472981453 49.79999999701977 12
    endloop
  endfacet
  facet normal 0 0 1
    outer loop
      vertex 24.44011402875185 46.413683347404 12
      vertex 26.026425808668137 46.62252525240183 12
      vertex 25.806962102651596 47.7258437871933 12
    endloop
  endfacet
  facet normal 0 0 1
    outer loop
      vertex 24.261480785906315 47.311733312904835 12
      vertex 25.806962102651596 47.7258437871933 12
      vertex 25.445363976061344 48.79107751697302 12
    endloop
  endfacet
  facet normal -0.7518398056034569 -0.6593458172386901 0
    outer loop
      vertex -24.322838723659515 -50.73534829169512 2.4
      vertex -23.581118315458298 -51.5811183154583 2.4
      vertex -24.322838723659515 -50.73534829169512 12
    endloop
  endfacet
  facet normal -0.8968727426523777 -0.44228868794849574 0
    outer loop
      vertex -25.445363976061344 -48.79107751697302 2.4
      vertex -24.947818472981453 -49.79999999701977 2.4
      vertex -25.445363976061344 -48.79107751697302 12
    endloop
  endfacet
  facet normal -0.9807852796739946 -0.195090325682244 0
    outer loop
      vertex -25.806962102651596 -47.7258437871933 2.4
      vertex -26.026425808668137 -46.62252525240183 12
      vertex -26.026425808668137 -46.62252525240183 2.4
    endloop
  endfacet
  facet normal -0.9469301294053805 -0.3214394655674835 0
    outer loop
      vertex -25.806962102651596 -47.7258437871933 2.4
      vertex -25.445363976061344 -48.79107751697302 2.4
      vertex -25.806962102651596 -47.7258437871933 12
    endloop
  endfacet
  facet normal -0.8314696123823636 -0.5555702329001454 0
    outer loop
      vertex -24.947818472981453 -49.79999999701977 2.4
      vertex -24.322838723659515 -50.73534829169512 2.4
      vertex -24.947818472981453 -49.79999999701977 12
    endloop
  endfacet
  facet normal -0.6593458172386901 -0.7518398056034569 0
    outer loop
      vertex -23.581118315458298 -51.5811183154583 2.4
      vertex -22.735348291695118 -52.322838723659515 2.4
      vertex -23.581118315458298 -51.5811183154583 12
    endloop
  endfacet
  facet normal -0.5555702329001454 -0.8314696123823636 0
    outer loop
      vertex -22.735348291695118 -52.322838723659515 2.4
      vertex -21.799999997019768 -52.94781847298145 2.4
      vertex -22.735348291695118 -52.322838723659515 12
    endloop
  endfacet
  facet normal -0.44228868794849574 -0.8968727426523777 0
    outer loop
      vertex -21.799999997019768 -52.94781847298145 2.4
      vertex -20.79107751697302 -53.445363976061344 2.4
      vertex -21.799999997019768 -52.94781847298145 12
    endloop
  endfacet
  facet normal -0.3214394655674835 -0.9469301294053805 0
    outer loop
      vertex -20.79107751697302 -53.445363976061344 2.4
      vertex -19.7258437871933 -53.806962102651596 2.4
      vertex -20.79107751697302 -53.445363976061344 12
    endloop
  endfacet
  facet normal -0.195090325682244 -0.9807852796739946 0
    outer loop
      vertex -19.7258437871933 -53.806962102651596 2.4
      vertex -18.62252525240183 -54.02642580866814 2.4
      vertex -19.7258437871933 -53.806962102651596 12
    endloop
  endfacet
  facet normal -0.06540312983382034 -0.9978589231990364 0
    outer loop
      vertex -18.62252525240183 -54.02642580866814 2.4
      vertex -17.5 -54.100000001490116 2.4
      vertex -18.62252525240183 -54.02642580866814 12
    endloop
  endfacet
  facet normal -0.9807852796739946 -0.195090325682244 0
    outer loop
      vertex -25.806962102651596 -47.7258437871933 2.4
      vertex -25.806962102651596 -47.7258437871933 12
      vertex -26.026425808668137 -46.62252525240183 12
    endloop
  endfacet
  facet normal -0.9469301294053805 -0.3214394655674835 0
    outer loop
      vertex -25.445363976061344 -48.79107751697302 2.4
      vertex -25.445363976061344 -48.79107751697302 12
      vertex -25.806962102651596 -47.7258437871933 12
    endloop
  endfacet
  facet normal -0.8968727426523777 -0.44228868794849574 0
    outer loop
      vertex -24.947818472981453 -49.79999999701977 2.4
      vertex -24.947818472981453 -49.79999999701977 12
      vertex -25.445363976061344 -48.79107751697302 12
    endloop
  endfacet
  facet normal -0.8314696123823636 -0.5555702329001454 0
    outer loop
      vertex -24.322838723659515 -50.73534829169512 2.4
      vertex -24.322838723659515 -50.73534829169512 12
      vertex -24.947818472981453 -49.79999999701977 12
    endloop
  endfacet
  facet normal -0.7518398056034569 -0.6593458172386901 0
    outer loop
      vertex -23.581118315458298 -51.5811183154583 2.4
      vertex -23.581118315458298 -51.5811183154583 12
      vertex -24.322838723659515 -50.73534829169512 12
    endloop
  endfacet
  facet normal -0.6593458172386901 -0.7518398056034569 0
    outer loop
      vertex -22.735348291695118 -52.322838723659515 2.4
      vertex -22.735348291695118 -52.322838723659515 12
      vertex -23.581118315458298 -51.5811183154583 12
    endloop
  endfacet
  facet normal -0.5555702329001454 -0.8314696123823636 0
    outer loop
      vertex -21.799999997019768 -52.94781847298145 2.4
      vertex -21.799999997019768 -52.94781847298145 12
      vertex -22.735348291695118 -52.322838723659515 12
    endloop
  endfacet
  facet normal -0.44228868794849574 -0.8968727426523777 0
    outer loop
      vertex -20.79107751697302 -53.445363976061344 2.4
      vertex -20.79107751697302 -53.445363976061344 12
      vertex -21.799999997019768 -52.94781847298145 12
    endloop
  endfacet
  facet normal -0.3214394655674835 -0.9469301294053805 0
    outer loop
      vertex -19.7258437871933 -53.806962102651596 2.4
      vertex -19.7258437871933 -53.806962102651596 12
      vertex -20.79107751697302 -53.445363976061344 12
    endloop
  endfacet
  facet normal -0.195090325682244 -0.9807852796739946 0
    outer loop
      vertex -18.62252525240183 -54.02642580866814 2.4
      vertex -18.62252525240183 -54.02642580866814 12
      vertex -19.7258437871933 -53.806962102651596 12
    endloop
  endfacet
  facet normal -0.06540312983382034 -0.9978589231990364 0
    outer loop
      vertex -17.5 -54.100000001490116 2.4
      vertex -17.5 -54.100000001490116 12
      vertex -18.62252525240183 -54.02642580866814 12
    endloop
  endfacet
  facet normal -0.9978589231990364 -0.06540312983382034 0
    outer loop
      vertex -26.026425808668137 -46.62252525240183 2.4
      vertex -26.100000001490116 -45.5 12
      vertex -26.100000001490116 -45.5 2.4
    endloop
  endfacet
  facet normal -0.9978589231990364 -0.06540312983382034 0
    outer loop
      vertex -26.026425808668137 -46.62252525240183 2.4
      vertex -26.026425808668137 -46.62252525240183 12
      vertex -26.100000001490116 -45.5 12
    endloop
  endfacet
  facet normal -1 0 0
    outer loop
      vertex -26.100000001490116 -45.5 2.4
      vertex -26.100000001490116 -45.5 12
      vertex -26.100000001490116 -10.5 12
    endloop
  endfacet
  facet normal -1 0 0
    outer loop
      vertex -26.100000001490116 -45.5 2.4
      vertex -26.100000001490116 -10.5 12
      vertex -26.100000001490116 -10.5 2.4
    endloop
  endfacet
  facet normal -0.9978589231990364 0.06540312983382034 0
    outer loop
      vertex -26.100000001490116 -10.5 2.4
      vertex -26.026425808668137 -9.377474747598171 12
      vertex -26.026425808668137 -9.377474747598171 2.4
    endloop
  endfacet
  facet normal -0.9807852796739946 0.195090325682244 0
    outer loop
      vertex -26.026425808668137 -9.377474747598171 2.4
      vertex -25.806962102651596 -8.274156212806702 12
      vertex -25.806962102651596 -8.274156212806702 2.4
    endloop
  endfacet
  facet normal -0.9469301294053805 0.3214394655674835 0
    outer loop
      vertex -25.806962102651596 -8.274156212806702 2.4
      vertex -25.445363976061344 -7.208922483026981 12
      vertex -25.445363976061344 -7.208922483026981 2.4
    endloop
  endfacet
  facet normal -0.8968727426523777 0.44228868794849574 5.14022379456644e-18
    outer loop
      vertex -25.445363976061344 -7.208922483026981 2.4
      vertex -24.947818472981453 -6.200000002980232 12
      vertex -24.947818472981453 -6.200000002980232 2.4
    endloop
  endfacet
  facet normal -0.8314696123823636 0.5555702329001454 0
    outer loop
      vertex -24.947818472981453 -6.200000002980232 2.4
      vertex -24.322838723659515 -5.264651708304882 12
      vertex -24.322838723659515 -5.264651708304882 2.4
    endloop
  endfacet
  facet normal -0.7518398056034569 0.6593458172386901 0
    outer loop
      vertex -24.322838723659515 -5.264651708304882 2.4
      vertex -23.581118315458298 -4.418881684541702 12
      vertex -23.581118315458298 -4.418881684541702 2.4
    endloop
  endfacet
  facet normal -0.6593458172386901 0.7518398056034569 0
    outer loop
      vertex -23.581118315458298 -4.418881684541702 2.4
      vertex -22.735348291695118 -3.6771612763404846 12
      vertex -22.735348291695118 -3.6771612763404846 2.4
    endloop
  endfacet
  facet normal -0.5555702329001454 0.8314696123823636 0
    outer loop
      vertex -22.735348291695118 -3.6771612763404846 2.4
      vertex -21.799999997019768 -3.052181527018547 12
      vertex -21.799999997019768 -3.052181527018547 2.4
    endloop
  endfacet
  facet normal -0.44228868794849574 0.8968727426523777 5.14022379456644e-18
    outer loop
      vertex -21.799999997019768 -3.052181527018547 2.4
      vertex -20.79107751697302 -2.554636023938656 12
      vertex -20.79107751697302 -2.554636023938656 2.4
    endloop
  endfacet
  facet normal -0.3214394655674835 0.9469301294053805 0
    outer loop
      vertex -20.79107751697302 -2.554636023938656 2.4
      vertex -19.7258437871933 -2.193037897348404 12
      vertex -19.7258437871933 -2.193037897348404 2.4
    endloop
  endfacet
  facet normal -0.195090325682244 0.9807852796739946 0
    outer loop
      vertex -19.7258437871933 -2.193037897348404 2.4
      vertex -18.62252525240183 -1.9735741913318634 12
      vertex -18.62252525240183 -1.9735741913318634 2.4
    endloop
  endfacet
  facet normal -0.06540312983382034 0.9978589231990364 0
    outer loop
      vertex -18.62252525240183 -1.9735741913318634 2.4
      vertex -17.5 -1.8999999985098839 12
      vertex -17.5 -1.8999999985098839 2.4
    endloop
  endfacet
  facet normal -0.9978589231990364 0.06540312983382034 0
    outer loop
      vertex -26.100000001490116 -10.5 2.4
      vertex -26.100000001490116 -10.5 12
      vertex -26.026425808668137 -9.377474747598171 12
    endloop
  endfacet
  facet normal -0.9807852796739946 0.195090325682244 0
    outer loop
      vertex -26.026425808668137 -9.377474747598171 2.4
      vertex -26.026425808668137 -9.377474747598171 12
      vertex -25.806962102651596 -8.274156212806702 12
    endloop
  endfacet
  facet normal -0.9469301294053805 0.3214394655674835 0
    outer loop
      vertex -25.806962102651596 -8.274156212806702 2.4
      vertex -25.806962102651596 -8.274156212806702 12
      vertex -25.445363976061344 -7.208922483026981 12
    endloop
  endfacet
  facet normal -0.8968727426523777 0.44228868794849574 0
    outer loop
      vertex -25.445363976061344 -7.208922483026981 2.4
      vertex -25.445363976061344 -7.208922483026981 12
      vertex -24.947818472981453 -6.200000002980232 12
    endloop
  endfacet
  facet normal -0.8314696123823636 0.5555702329001454 0
    outer loop
      vertex -24.947818472981453 -6.200000002980232 2.4
      vertex -24.947818472981453 -6.200000002980232 12
      vertex -24.322838723659515 -5.264651708304882 12
    endloop
  endfacet
  facet normal -0.7518398056034569 0.6593458172386901 0
    outer loop
      vertex -24.322838723659515 -5.264651708304882 2.4
      vertex -24.322838723659515 -5.264651708304882 12
      vertex -23.581118315458298 -4.418881684541702 12
    endloop
  endfacet
  facet normal -0.6593458172386901 0.7518398056034569 0
    outer loop
      vertex -23.581118315458298 -4.418881684541702 2.4
      vertex -23.581118315458298 -4.418881684541702 12
      vertex -22.735348291695118 -3.6771612763404846 12
    endloop
  endfacet
  facet normal -0.5555702329001454 0.8314696123823636 0
    outer loop
      vertex -22.735348291695118 -3.6771612763404846 2.4
      vertex -22.735348291695118 -3.6771612763404846 12
      vertex -21.799999997019768 -3.052181527018547 12
    endloop
  endfacet
  facet normal -0.44228868794849574 0.8968727426523777 0
    outer loop
      vertex -21.799999997019768 -3.052181527018547 2.4
      vertex -21.799999997019768 -3.052181527018547 12
      vertex -20.79107751697302 -2.554636023938656 12
    endloop
  endfacet
  facet normal -0.3214394655674835 0.9469301294053805 0
    outer loop
      vertex -20.79107751697302 -2.554636023938656 2.4
      vertex -20.79107751697302 -2.554636023938656 12
      vertex -19.7258437871933 -2.193037897348404 12
    endloop
  endfacet
  facet normal -0.195090325682244 0.9807852796739946 0
    outer loop
      vertex -19.7258437871933 -2.193037897348404 2.4
      vertex -19.7258437871933 -2.193037897348404 12
      vertex -18.62252525240183 -1.9735741913318634 12
    endloop
  endfacet
  facet normal -0.06540312983382034 0.9978589231990364 0
    outer loop
      vertex -18.62252525240183 -1.9735741913318634 2.4
      vertex -18.62252525240183 -1.9735741913318634 12
      vertex -17.5 -1.8999999985098839 12
    endloop
  endfacet
  facet normal 0 -1 0
    outer loop
      vertex -17.5 -54.100000001490116 2.4
      vertex -2.0185358372305537 -54.100000001490116 2.4
      vertex -17.5 -54.100000001490116 12
    endloop
  endfacet
  facet normal 0 -1 0
    outer loop
      vertex -2.0185358372305537 -54.100000001490116 2.4
      vertex -2.0185358372305537 -54.100000001490116 12
      vertex -17.5 -54.100000001490116 12
    endloop
  endfacet
  facet normal 0 1 0
    outer loop
      vertex -17.5 -1.8999999985098839 2.4
      vertex -17.5 -1.8999999985098839 12
      vertex 17.5 -1.8999999985098839 12
    endloop
  endfacet
  facet normal 0 0 1
    outer loop
      vertex -25.806962102651596 -47.7258437871933 12
      vertex -25.445363976061344 -48.79107751697302 12
      vertex -24.261480785906315 -47.311733312904835 12
    endloop
  endfacet
  facet normal 0 0 1
    outer loop
      vertex -25.806962102651596 -47.7258437871933 12
      vertex -24.44011402875185 -46.413683347404 12
      vertex -26.026425808668137 -46.62252525240183 12
    endloop
  endfacet
  facet normal 0 0 1
    outer loop
      vertex -25.445363976061344 -48.79107751697302 12
      vertex -24.947818472981453 -49.79999999701977 12
      vertex -23.96715673059225 -48.178784027695656 12
    endloop
  endfacet
  facet normal 0 0 1
    outer loop
      vertex -24.947818472981453 -49.79999999701977 12
      vertex -24.322838723659515 -50.73534829169512 12
      vertex -23.56217782944441 -49 12
    endloop
  endfacet
  facet normal 0 0 1
    outer loop
      vertex -24.947818472981453 -49.79999999701977 12
      vertex -23.56217782944441 -49 12
      vertex -23.96715673059225 -48.178784027695656 12
    endloop
  endfacet
  facet normal 0 0 1
    outer loop
      vertex -25.806962102651596 -47.7258437871933 12
      vertex -24.261480785906315 -47.311733312904835 12
      vertex -24.44011402875185 -46.413683347404 12
    endloop
  endfacet
  facet normal 0 0 1
    outer loop
      vertex -25.445363976061344 -48.79107751697302 12
      vertex -23.96715673059225 -48.178784027695656 12
      vertex -24.261480785906315 -47.311733312904835 12
    endloop
  endfacet
  facet normal 0 0 1
    outer loop
      vertex -24.322838723659515 -50.73534829169512 12
      vertex -23.581118315458298 -51.5811183154583 12
      vertex -22.4497474655509 -50.4497474655509 12
    endloop
  endfacet
  facet normal 0 0 1
    outer loop
      vertex -23.581118315458298 -51.5811183154583 12
      vertex -22.735348291695118 -52.322838723659515 12
      vertex -21.761330001056194 -51.05347338318825 12
    endloop
  endfacet
  facet normal 0 0 1
    outer loop
      vertex -23.581118315458298 -51.5811183154583 12
      vertex -21.761330001056194 -51.05347338318825 12
      vertex -22.4497474655509 -50.4497474655509 12
    endloop
  endfacet
  facet normal 0 0 1
    outer loop
      vertex -24.322838723659515 -50.73534829169512 12
      vertex -23.053473383188248 -49.761330001056194 12
      vertex -23.56217782944441 -49 12
    endloop
  endfacet
  facet normal 0 0 1
    outer loop
      vertex -24.322838723659515 -50.73534829169512 12
      vertex -22.4497474655509 -50.4497474655509 12
      vertex -23.053473383188248 -49.761330001056194 12
    endloop
  endfacet
  facet normal 0 0 1
    outer loop
      vertex -22.735348291695118 -52.322838723659515 12
      vertex -21.799999997019768 -52.94781847298145 12
      vertex -20.178784027695656 -51.96715673059225 12
    endloop
  endfacet
  facet normal 0 0 1
    outer loop
      vertex -22.735348291695118 -52.322838723659515 12
      vertex -21 -51.56217782944441 12
      vertex -21.761330001056194 -51.05347338318825 12
    endloop
  endfacet
  facet normal 0 0 1
    outer loop
      vertex -22.735348291695118 -52.322838723659515 12
      vertex -20.178784027695656 -51.96715673059225 12
      vertex -21 -51.56217782944441 12
    endloop
  endfacet
  facet normal 0 0 1
    outer loop
      vertex -21.799999997019768 -52.94781847298145 12
      vertex -20.79107751697302 -53.445363976061344 12
      vertex -17.5 -52.5 12
    endloop
  endfacet
  facet normal 0 0 1
    outer loop
      vertex -21.799999997019768 -52.94781847298145 12
      vertex -19.311733312904835 -52.261480785906315 12
      vertex -20.178784027695656 -51.96715673059225 12
    endloop
  endfacet
  facet normal 0 0 1
    outer loop
      vertex -21.799999997019768 -52.94781847298145 12
      vertex -18.413683347404003 -52.44011402875185 12
      vertex -19.311733312904835 -52.261480785906315 12
    endloop
  endfacet
  facet normal 0 0 1
    outer loop
      vertex -20.79107751697302 -53.445363976061344 12
      vertex -19.7258437871933 -53.806962102651596 12
      vertex -17.5 -52.5 12
    endloop
  endfacet
  facet normal 0 0 1
    outer loop
      vertex -21.799999997019768 -52.94781847298145 12
      vertex -17.5 -52.5 12
      vertex -18.413683347404003 -52.44011402875185 12
    endloop
  endfacet
  facet normal 0 0 1
    outer loop
      vertex -26.026425808668137 -46.62252525240183 12
      vertex -24.5 -45.5 12
      vertex -26.100000001490116 -45.5 12
    endloop
  endfacet
  facet normal 0 0 1
    outer loop
      vertex -26.026425808668137 -46.62252525240183 12
      vertex -24.44011402875185 -46.413683347404 12
      vertex -24.5 -45.5 12
    endloop
  endfacet
  facet normal 0 0 1
    outer loop
      vertex -26.100000001490116 -45.5 12
      vertex -24.5 -45.5 12
      vertex -24.5 -10.5 12
    endloop
  endfacet
  facet normal 0 0 1
    outer loop
      vertex -26.100000001490116 -45.5 12
      vertex -24.5 -10.5 12
      vertex -26.100000001490116 -10.5 12
    endloop
  endfacet
  facet normal 0 0 1
    outer loop
      vertex -26.100000001490116 -10.5 12
      vertex -24.44011402875185 -9.586316652595997 12
      vertex -26.026425808668137 -9.377474747598171 12
    endloop
  endfacet
  facet normal 0 0 1
    outer loop
      vertex -26.026425808668137 -9.377474747598171 12
      vertex -24.261480785906315 -8.688266687095165 12
      vertex -25.806962102651596 -8.274156212806702 12
    endloop
  endfacet
  facet normal 0 0 1
    outer loop
      vertex -26.100000001490116 -10.5 12
      vertex -24.5 -10.5 12
      vertex -24.44011402875185 -9.586316652595997 12
    endloop
  endfacet
  facet normal 0 0 1
    outer loop
      vertex -26.026425808668137 -9.377474747598171 12
      vertex -24.44011402875185 -9.586316652595997 12
      vertex -24.261480785906315 -8.688266687095165 12
    endloop
  endfacet
  facet normal 0 0 1
    outer loop
      vertex -25.806962102651596 -8.274156212806702 12
      vertex -24.261480785906315 -8.688266687095165 12
      vertex -23.96715673059225 -7.821215972304344 12
    endloop
  endfacet
  facet normal 0 0 1
    outer loop
      vertex -25.806962102651596 -8.274156212806702 12
      vertex -23.96715673059225 -7.821215972304344 12
      vertex -25.445363976061344 -7.208922483026981 12
    endloop
  endfacet
  facet normal 0 0 1
    outer loop
      vertex -25.445363976061344 -7.208922483026981 12
      vertex -23.56217782944441 -7 12
      vertex -24.947818472981453 -6.200000002980232 12
    endloop
  endfacet
  facet normal 0 0 1
    outer loop
      vertex -23.96715673059225 -7.821215972304344 12
      vertex -23.56217782944441 -7 12
      vertex -25.445363976061344 -7.208922483026981 12
    endloop
  endfacet
  facet normal 0 0 1
    outer loop
      vertex -24.947818472981453 -6.200000002980232 12
      vertex -23.56217782944441 -7 12
      vertex -23.053473383188248 -6.238669998943806 12
    endloop
  endfacet
  facet normal 0 0 1
    outer loop
      vertex -24.947818472981453 -6.200000002980232 12
      vertex -23.053473383188248 -6.238669998943806 12
      vertex -22.4497474655509 -5.5502525344491005 12
    endloop
  endfacet
  facet normal 0 0 1
    outer loop
      vertex -24.947818472981453 -6.200000002980232 12
      vertex -22.4497474655509 -5.5502525344491005 12
      vertex -24.322838723659515 -5.264651708304882 12
    endloop
  endfacet
  facet normal 0 0 1
    outer loop
      vertex -24.322838723659515 -5.264651708304882 12
      vertex -21.761330001056194 -4.946526616811752 12
      vertex -23.581118315458298 -4.418881684541702 12
    endloop
  endfacet
  facet normal 0 0 1
    outer loop
      vertex -24.322838723659515 -5.264651708304882 12
      vertex -22.4497474655509 -5.5502525344491005 12
      vertex -21.761330001056194 -4.946526616811752 12
    endloop
  endfacet
  facet normal 0 0 1
    outer loop
      vertex -23.581118315458298 -4.418881684541702 12
      vertex -20.178784027695656 -4.032843269407749 12
      vertex -22.735348291695118 -3.6771612763404846 12
    endloop
  endfacet
  facet normal 0 0 1
    outer loop
      vertex -23.581118315458298 -4.418881684541702 12
      vertex -21.761330001056194 -4.946526616811752 12
      vertex -21 -4.437822170555592 12
    endloop
  endfacet
  facet normal 0 0 1
    outer loop
      vertex -23.581118315458298 -4.418881684541702 12
      vertex -21 -4.437822170555592 12
      vertex -20.178784027695656 -4.032843269407749 12
    endloop
  endfacet
  facet normal 0 0 1
    outer loop
      vertex -22.735348291695118 -3.6771612763404846 12
      vertex -20.178784027695656 -4.032843269407749 12
      vertex -19.311733312904835 -3.738519214093685 12
    endloop
  endfacet
  facet normal 0 0 1
    outer loop
      vertex -22.735348291695118 -3.6771612763404846 12
      vertex -19.311733312904835 -3.738519214093685 12
      vertex -18.413683347404003 -3.55988597124815 12
    endloop
  endfacet
  facet normal 0 0 1
    outer loop
      vertex -22.735348291695118 -3.6771612763404846 12
      vertex -18.413683347404003 -3.55988597124815 12
      vertex -17.5 -3.5 12
    endloop
  endfacet
  facet normal 0 0 1
    outer loop
      vertex -19.7258437871933 -2.193037897348404 12
      vertex -17.5 -1.8999999985098839 12
      vertex -18.62252525240183 -1.9735741913318634 12
    endloop
  endfacet
  facet normal 0 0 1
    outer loop
      vertex -18.62252525240183 -54.02642580866814 12
      vertex -17.5 -54.100000001490116 12
      vertex -1.6838071024063952 -53.934930056950336 12
    endloop
  endfacet
  facet normal 0 0 1
    outer loop
      vertex -18.62252525240183 -54.02642580866814 12
      vertex -1.6838071024063952 -53.934930056950336 12
      vertex -1.1388037984510913 -53.7499263643281 12
    endloop
  endfacet
  facet normal 0 0 1
    outer loop
      vertex -17.5 -54.100000001490116 12
      vertex -2.0185358372305537 -54.100000001490116 12
      vertex -1.6838071024063952 -53.934930056950336 12
    endloop
  endfacet
  facet normal 0 0 1
    outer loop
      vertex -18.62252525240183 -54.02642580866814 12
      vertex -1.1388037984510913 -53.7499263643281 12
      vertex -0.574315245768227 -53.637642609955236 12
    endloop
  endfacet
  facet normal 0 0 1
    outer loop
      vertex -19.7258437871933 -53.806962102651596 12
      vertex 17.5 -52.5 12
      vertex -17.5 -52.5 12
    endloop
  endfacet
  facet normal 0 0 1
    outer loop
      vertex -18.62252525240183 -54.02642580866814 12
      vertex -0.574315245768227 -53.637642609955236 12
      vertex 0 -53.6 12
    endloop
  endfacet
  facet normal 0 0 1
    outer loop
      vertex -19.7258437871933 -53.806962102651596 12
      vertex -18.62252525240183 -54.02642580866814 12
      vertex 21.799999997019768 -52.94781847298145 12
    endloop
  endfacet
  facet normal 0 0 1
    outer loop
      vertex -22.735348291695118 -3.6771612763404846 12
      vertex 19.7258437871933 -2.193037897348404 12
      vertex -21.799999997019768 -3.052181527018547 12
    endloop
  endfacet
  facet normal 0 0 1
    outer loop
      vertex -21.799999997019768 -3.052181527018547 12
      vertex 18.62252525240183 -1.9735741913318634 12
      vertex -20.79107751697302 -2.554636023938656 12
    endloop
  endfacet
  facet normal 0 0 1
    outer loop
      vertex -20.79107751697302 -2.554636023938656 12
      vertex 17.5 -1.8999999985098839 12
      vertex -19.7258437871933 -2.193037897348404 12
    endloop
  endfacet
  facet normal 0 0 1
    outer loop
      vertex -22.735348291695118 -3.6771612763404846 12
      vertex -17.5 -3.5 12
      vertex 19.7258437871933 -2.193037897348404 12
    endloop
  endfacet
  facet normal 0 0 1
    outer loop
      vertex -19.7258437871933 -2.193037897348404 12
      vertex 17.5 -1.8999999985098839 12
      vertex -17.5 -1.8999999985098839 12
    endloop
  endfacet
  facet normal 0 -1 0
    outer loop
      vertex 2.0185358372305537 -54.100000001490116 2.4
      vertex 17.5 -54.100000001490116 2.4
      vertex 2.0185358372305537 -54.100000001490116 12
    endloop
  endfacet
  facet normal 0 -1 0
    outer loop
      vertex 17.5 -54.100000001490116 2.4
      vertex 17.5 -54.100000001490116 12
      vertex 2.0185358372305537 -54.100000001490116 12
    endloop
  endfacet
  facet normal 0 1 0
    outer loop
      vertex -17.5 -1.8999999985098839 2.4
      vertex 17.5 -1.8999999985098839 12
      vertex 17.5 -1.8999999985098839 2.4
    endloop
  endfacet
  facet normal 0.06540312983382034 -0.9978589231990364 0
    outer loop
      vertex 17.5 -54.100000001490116 2.4
      vertex 18.62252525240183 -54.02642580866814 2.4
      vertex 17.5 -54.100000001490116 12
    endloop
  endfacet
  facet normal 0.195090325682244 -0.9807852796739946 0
    outer loop
      vertex 18.62252525240183 -54.02642580866814 2.4
      vertex 19.7258437871933 -53.806962102651596 2.4
      vertex 18.62252525240183 -54.02642580866814 12
    endloop
  endfacet
  facet normal 0.3214394655674835 -0.9469301294053805 0
    outer loop
      vertex 19.7258437871933 -53.806962102651596 2.4
      vertex 20.79107751697302 -53.445363976061344 2.4
      vertex 19.7258437871933 -53.806962102651596 12
    endloop
  endfacet
  facet normal 0.44228868794849574 -0.8968727426523777 0
    outer loop
      vertex 20.79107751697302 -53.445363976061344 2.4
      vertex 21.799999997019768 -52.94781847298145 2.4
      vertex 20.79107751697302 -53.445363976061344 12
    endloop
  endfacet
  facet normal 0.5555702329001454 -0.8314696123823636 0
    outer loop
      vertex 21.799999997019768 -52.94781847298145 2.4
      vertex 22.735348291695118 -52.322838723659515 2.4
      vertex 21.799999997019768 -52.94781847298145 12
    endloop
  endfacet
  facet normal 0.6593458172386901 -0.7518398056034569 0
    outer loop
      vertex 22.735348291695118 -52.322838723659515 2.4
      vertex 23.581118315458298 -51.5811183154583 2.4
      vertex 22.735348291695118 -52.322838723659515 12
    endloop
  endfacet
  facet normal 0.7518398056034569 -0.6593458172386901 0
    outer loop
      vertex 23.581118315458298 -51.5811183154583 2.4
      vertex 24.322838723659515 -50.73534829169512 2.4
      vertex 23.581118315458298 -51.5811183154583 12
    endloop
  endfacet
  facet normal 0.8314696123823636 -0.5555702329001454 0
    outer loop
      vertex 24.322838723659515 -50.73534829169512 2.4
      vertex 24.947818472981453 -49.79999999701977 2.4
      vertex 24.322838723659515 -50.73534829169512 12
    endloop
  endfacet
  facet normal 0.8968727426523777 -0.44228868794849574 0
    outer loop
      vertex 24.947818472981453 -49.79999999701977 2.4
      vertex 25.445363976061344 -48.79107751697302 2.4
      vertex 24.947818472981453 -49.79999999701977 12
    endloop
  endfacet
  facet normal 0.9469301294053805 -0.3214394655674835 0
    outer loop
      vertex 25.445363976061344 -48.79107751697302 2.4
      vertex 25.806962102651596 -47.7258437871933 2.4
      vertex 25.445363976061344 -48.79107751697302 12
    endloop
  endfacet
  facet normal 0.9807852796739946 -0.195090325682244 0
    outer loop
      vertex 25.806962102651596 -47.7258437871933 2.4
      vertex 26.026425808668137 -46.62252525240183 2.4
      vertex 25.806962102651596 -47.7258437871933 12
    endloop
  endfacet
  facet normal 0.06540312983382034 -0.9978589231990364 0
    outer loop
      vertex 18.62252525240183 -54.02642580866814 2.4
      vertex 18.62252525240183 -54.02642580866814 12
      vertex 17.5 -54.100000001490116 12
    endloop
  endfacet
  facet normal 0.195090325682244 -0.9807852796739946 0
    outer loop
      vertex 19.7258437871933 -53.806962102651596 2.4
      vertex 19.7258437871933 -53.806962102651596 12
      vertex 18.62252525240183 -54.02642580866814 12
    endloop
  endfacet
  facet normal 0.3214394655674835 -0.9469301294053805 0
    outer loop
      vertex 20.79107751697302 -53.445363976061344 2.4
      vertex 20.79107751697302 -53.445363976061344 12
      vertex 19.7258437871933 -53.806962102651596 12
    endloop
  endfacet
  facet normal 0.44228868794849574 -0.8968727426523777 0
    outer loop
      vertex 21.799999997019768 -52.94781847298145 2.4
      vertex 21.799999997019768 -52.94781847298145 12
      vertex 20.79107751697302 -53.445363976061344 12
    endloop
  endfacet
  facet normal 0.5555702329001454 -0.8314696123823636 0
    outer loop
      vertex 22.735348291695118 -52.322838723659515 2.4
      vertex 22.735348291695118 -52.322838723659515 12
      vertex 21.799999997019768 -52.94781847298145 12
    endloop
  endfacet
  facet normal 0.6593458172386901 -0.7518398056034569 0
    outer loop
      vertex 23.581118315458298 -51.5811183154583 2.4
      vertex 23.581118315458298 -51.5811183154583 12
      vertex 22.735348291695118 -52.322838723659515 12
    endloop
  endfacet
  facet normal 0.7518398056034569 -0.6593458172386901 0
    outer loop
      vertex 24.322838723659515 -50.73534829169512 2.4
      vertex 24.322838723659515 -50.73534829169512 12
      vertex 23.581118315458298 -51.5811183154583 12
    endloop
  endfacet
  facet normal 0.8314696123823636 -0.5555702329001454 0
    outer loop
      vertex 24.947818472981453 -49.79999999701977 2.4
      vertex 24.947818472981453 -49.79999999701977 12
      vertex 24.322838723659515 -50.73534829169512 12
    endloop
  endfacet
  facet normal 0.8968727426523777 -0.44228868794849574 0
    outer loop
      vertex 25.445363976061344 -48.79107751697302 2.4
      vertex 25.445363976061344 -48.79107751697302 12
      vertex 24.947818472981453 -49.79999999701977 12
    endloop
  endfacet
  facet normal 0.9469301294053805 -0.3214394655674835 0
    outer loop
      vertex 25.806962102651596 -47.7258437871933 2.4
      vertex 25.806962102651596 -47.7258437871933 12
      vertex 25.445363976061344 -48.79107751697302 12
    endloop
  endfacet
  facet normal 0.9807852796739946 -0.195090325682244 0
    outer loop
      vertex 26.026425808668137 -46.62252525240183 2.4
      vertex 26.026425808668137 -46.62252525240183 12
      vertex 25.806962102651596 -47.7258437871933 12
    endloop
  endfacet
  facet normal 0.9978589231990364 -0.06540312983382034 0
    outer loop
      vertex 26.026425808668137 -46.62252525240183 2.4
      vertex 26.100000001490116 -45.5 2.4
      vertex 26.026425808668137 -46.62252525240183 12
    endloop
  endfacet
  facet normal 1 0 0
    outer loop
      vertex 26.100000001490116 -45.5 2.4
      vertex 26.100000001490116 -10.5 2.4
      vertex 26.100000001490116 -45.5 12
    endloop
  endfacet
  facet normal 0.9978589231990364 -0.06540312983382034 0
    outer loop
      vertex 26.100000001490116 -45.5 2.4
      vertex 26.100000001490116 -45.5 12
      vertex 26.026425808668137 -46.62252525240183 12
    endloop
  endfacet
  facet normal 1 0 0
    outer loop
      vertex 26.100000001490116 -10.5 2.4
      vertex 26.100000001490116 -10.5 12
      vertex 26.100000001490116 -45.5 12
    endloop
  endfacet
  facet normal 0.06540312983382034 0.9978589231990364 0
    outer loop
      vertex 17.5 -1.8999999985098839 2.4
      vertex 18.62252525240183 -1.9735741913318634 12
      vertex 18.62252525240183 -1.9735741913318634 2.4
    endloop
  endfacet
  facet normal 0.195090325682244 0.9807852796739946 0
    outer loop
      vertex 18.62252525240183 -1.9735741913318634 2.4
      vertex 19.7258437871933 -2.193037897348404 12
      vertex 19.7258437871933 -2.193037897348404 2.4
    endloop
  endfacet
  facet normal 0.3214394655674835 0.9469301294053805 0
    outer loop
      vertex 19.7258437871933 -2.193037897348404 2.4
      vertex 20.79107751697302 -2.554636023938656 12
      vertex 20.79107751697302 -2.554636023938656 2.4
    endloop
  endfacet
  facet normal 0.44228868794849574 0.8968727426523777 -5.14022379456644e-18
    outer loop
      vertex 20.79107751697302 -2.554636023938656 2.4
      vertex 21.799999997019768 -3.052181527018547 12
      vertex 21.799999997019768 -3.052181527018547 2.4
    endloop
  endfacet
  facet normal 0.9978589231990364 0.06540312983382034 0
    outer loop
      vertex 26.100000001490116 -10.5 2.4
      vertex 26.026425808668137 -9.377474747598171 2.4
      vertex 26.100000001490116 -10.5 12
    endloop
  endfacet
  facet normal 0.9469301294053805 0.3214394655674835 0
    outer loop
      vertex 25.806962102651596 -8.274156212806702 2.4
      vertex 25.445363976061344 -7.208922483026981 2.4
      vertex 25.806962102651596 -8.274156212806702 12
    endloop
  endfacet
  facet normal 0.9807852796739946 0.195090325682244 0
    outer loop
      vertex 26.026425808668137 -9.377474747598171 2.4
      vertex 25.806962102651596 -8.274156212806702 2.4
      vertex 26.026425808668137 -9.377474747598171 12
    endloop
  endfacet
  facet normal 0.6593458172386901 0.7518398056034569 0
    outer loop
      vertex 23.581118315458298 -4.418881684541702 2.4
      vertex 22.735348291695118 -3.6771612763404846 2.4
      vertex 23.581118315458298 -4.418881684541702 12
    endloop
  endfacet
  facet normal 0.5555702329001454 0.8314696123823636 0
    outer loop
      vertex 21.799999997019768 -3.052181527018547 2.4
      vertex 22.735348291695118 -3.6771612763404846 12
      vertex 22.735348291695118 -3.6771612763404846 2.4
    endloop
  endfacet
  facet normal 0.8314696123823636 0.5555702329001454 0
    outer loop
      vertex 24.947818472981453 -6.200000002980232 2.4
      vertex 24.322838723659515 -5.264651708304882 2.4
      vertex 24.947818472981453 -6.200000002980232 12
    endloop
  endfacet
  facet normal 0.7518398056034569 0.6593458172386901 0
    outer loop
      vertex 23.581118315458298 -4.418881684541702 2.4
      vertex 24.322838723659515 -5.264651708304882 12
      vertex 24.322838723659515 -5.264651708304882 2.4
    endloop
  endfacet
  facet normal 0.8968727426523777 0.44228868794849574 -5.14022379456644e-18
    outer loop
      vertex 24.947818472981453 -6.200000002980232 2.4
      vertex 25.445363976061344 -7.208922483026981 12
      vertex 25.445363976061344 -7.208922483026981 2.4
    endloop
  endfacet
  facet normal 0.06540312983382034 0.9978589231990364 0
    outer loop
      vertex 17.5 -1.8999999985098839 2.4
      vertex 17.5 -1.8999999985098839 12
      vertex 18.62252525240183 -1.9735741913318634 12
    endloop
  endfacet
  facet normal 0.195090325682244 0.9807852796739946 0
    outer loop
      vertex 18.62252525240183 -1.9735741913318634 2.4
      vertex 18.62252525240183 -1.9735741913318634 12
      vertex 19.7258437871933 -2.193037897348404 12
    endloop
  endfacet
  facet normal 0.3214394655674835 0.9469301294053805 0
    outer loop
      vertex 19.7258437871933 -2.193037897348404 2.4
      vertex 19.7258437871933 -2.193037897348404 12
      vertex 20.79107751697302 -2.554636023938656 12
    endloop
  endfacet
  facet normal 0.44228868794849574 0.8968727426523777 0
    outer loop
      vertex 20.79107751697302 -2.554636023938656 2.4
      vertex 20.79107751697302 -2.554636023938656 12
      vertex 21.799999997019768 -3.052181527018547 12
    endloop
  endfacet
  facet normal 0.9978589231990364 0.06540312983382034 0
    outer loop
      vertex 26.026425808668137 -9.377474747598171 2.4
      vertex 26.026425808668137 -9.377474747598171 12
      vertex 26.100000001490116 -10.5 12
    endloop
  endfacet
  facet normal 0.9807852796739946 0.195090325682244 0
    outer loop
      vertex 25.806962102651596 -8.274156212806702 2.4
      vertex 25.806962102651596 -8.274156212806702 12
      vertex 26.026425808668137 -9.377474747598171 12
    endloop
  endfacet
  facet normal 0.6593458172386901 0.7518398056034569 0
    outer loop
      vertex 22.735348291695118 -3.6771612763404846 2.4
      vertex 22.735348291695118 -3.6771612763404846 12
      vertex 23.581118315458298 -4.418881684541702 12
    endloop
  endfacet
  facet normal 0.7518398056034569 0.6593458172386901 0
    outer loop
      vertex 23.581118315458298 -4.418881684541702 2.4
      vertex 23.581118315458298 -4.418881684541702 12
      vertex 24.322838723659515 -5.264651708304882 12
    endloop
  endfacet
  facet normal 0.5555702329001454 0.8314696123823636 0
    outer loop
      vertex 21.799999997019768 -3.052181527018547 2.4
      vertex 21.799999997019768 -3.052181527018547 12
      vertex 22.735348291695118 -3.6771612763404846 12
    endloop
  endfacet
  facet normal 0.8968727426523777 0.44228868794849574 0
    outer loop
      vertex 24.947818472981453 -6.200000002980232 2.4
      vertex 24.947818472981453 -6.200000002980232 12
      vertex 25.445363976061344 -7.208922483026981 12
    endloop
  endfacet
  facet normal 0.8314696123823636 0.5555702329001454 0
    outer loop
      vertex 24.322838723659515 -5.264651708304882 2.4
      vertex 24.322838723659515 -5.264651708304882 12
      vertex 24.947818472981453 -6.200000002980232 12
    endloop
  endfacet
  facet normal 0.9469301294053805 0.3214394655674835 0
    outer loop
      vertex 25.445363976061344 -7.208922483026981 2.4
      vertex 25.445363976061344 -7.208922483026981 12
      vertex 25.806962102651596 -8.274156212806702 12
    endloop
  endfacet
  facet normal 0 0 1
    outer loop
      vertex -18.62252525240183 -54.02642580866814 12
      vertex 0 -53.6 12
      vertex 21.799999997019768 -52.94781847298145 12
    endloop
  endfacet
  facet normal 0 0 1
    outer loop
      vertex 1.6838071024063952 -53.934930056950336 12
      vertex 2.0185358372305537 -54.100000001490116 12
      vertex 17.5 -54.100000001490116 12
    endloop
  endfacet
  facet normal 0 0 1
    outer loop
      vertex -19.7258437871933 -53.806962102651596 12
      vertex 22.735348291695118 -52.322838723659515 12
      vertex 17.5 -52.5 12
    endloop
  endfacet
  facet normal 0 0 1
    outer loop
      vertex 1.1388037984510913 -53.7499263643281 12
      vertex 1.6838071024063952 -53.934930056950336 12
      vertex 19.7258437871933 -53.806962102651596 12
    endloop
  endfacet
  facet normal 0 0 1
    outer loop
      vertex 0.574315245768227 -53.637642609955236 12
      vertex 1.1388037984510913 -53.7499263643281 12
      vertex 20.79107751697302 -53.445363976061344 12
    endloop
  endfacet
  facet normal 0 0 1
    outer loop
      vertex 0 -53.6 12
      vertex 0.574315245768227 -53.637642609955236 12
      vertex 21.799999997019768 -52.94781847298145 12
    endloop
  endfacet
  facet normal 0 0 1
    outer loop
      vertex -19.7258437871933 -53.806962102651596 12
      vertex 21.799999997019768 -52.94781847298145 12
      vertex 22.735348291695118 -52.322838723659515 12
    endloop
  endfacet
  facet normal 0 0 1
    outer loop
      vertex 1.6838071024063952 -53.934930056950336 12
      vertex 17.5 -54.100000001490116 12
      vertex 19.7258437871933 -53.806962102651596 12
    endloop
  endfacet
  facet normal 0 0 1
    outer loop
      vertex 1.1388037984510913 -53.7499263643281 12
      vertex 19.7258437871933 -53.806962102651596 12
      vertex 20.79107751697302 -53.445363976061344 12
    endloop
  endfacet
  facet normal 0 0 1
    outer loop
      vertex 0.574315245768227 -53.637642609955236 12
      vertex 20.79107751697302 -53.445363976061344 12
      vertex 21.799999997019768 -52.94781847298145 12
    endloop
  endfacet
  facet normal 0 0 1
    outer loop
      vertex -20.79107751697302 -2.554636023938656 12
      vertex 18.62252525240183 -1.9735741913318634 12
      vertex 17.5 -1.8999999985098839 12
    endloop
  endfacet
  facet normal 0 0 1
    outer loop
      vertex -21.799999997019768 -3.052181527018547 12
      vertex 19.7258437871933 -2.193037897348404 12
      vertex 18.62252525240183 -1.9735741913318634 12
    endloop
  endfacet
  facet normal 0 0 1
    outer loop
      vertex -17.5 -3.5 12
      vertex 17.5 -3.5 12
      vertex 19.7258437871933 -2.193037897348404 12
    endloop
  endfacet
  facet normal 0 0 1
    outer loop
      vertex 17.5 -54.100000001490116 12
      vertex 18.62252525240183 -54.02642580866814 12
      vertex 19.7258437871933 -53.806962102651596 12
    endloop
  endfacet
  facet normal 0 0 1
    outer loop
      vertex 17.5 -52.5 12
      vertex 22.735348291695118 -52.322838723659515 12
      vertex 18.413683347404003 -52.44011402875185 12
    endloop
  endfacet
  facet normal 0 0 1
    outer loop
      vertex 18.413683347404003 -52.44011402875185 12
      vertex 22.735348291695118 -52.322838723659515 12
      vertex 19.311733312904835 -52.261480785906315 12
    endloop
  endfacet
  facet normal 0 0 1
    outer loop
      vertex 19.311733312904835 -52.261480785906315 12
      vertex 22.735348291695118 -52.322838723659515 12
      vertex 20.178784027695656 -51.96715673059225 12
    endloop
  endfacet
  facet normal 0 0 1
    outer loop
      vertex 20.178784027695656 -51.96715673059225 12
      vertex 23.581118315458298 -51.5811183154583 12
      vertex 21 -51.56217782944441 12
    endloop
  endfacet
  facet normal 0 0 1
    outer loop
      vertex 20.178784027695656 -51.96715673059225 12
      vertex 22.735348291695118 -52.322838723659515 12
      vertex 23.581118315458298 -51.5811183154583 12
    endloop
  endfacet
  facet normal 0 0 1
    outer loop
      vertex 21 -51.56217782944441 12
      vertex 23.581118315458298 -51.5811183154583 12
      vertex 21.761330001056194 -51.05347338318825 12
    endloop
  endfacet
  facet normal 0 0 1
    outer loop
      vertex 21.761330001056194 -51.05347338318825 12
      vertex 23.581118315458298 -51.5811183154583 12
      vertex 24.322838723659515 -50.73534829169512 12
    endloop
  endfacet
  facet normal 0 0 1
    outer loop
      vertex 21.761330001056194 -51.05347338318825 12
      vertex 24.322838723659515 -50.73534829169512 12
      vertex 22.4497474655509 -50.4497474655509 12
    endloop
  endfacet
  facet normal 0 0 1
    outer loop
      vertex 22.4497474655509 -50.4497474655509 12
      vertex 24.947818472981453 -49.79999999701977 12
      vertex 23.053473383188248 -49.761330001056194 12
    endloop
  endfacet
  facet normal 0 0 1
    outer loop
      vertex 22.4497474655509 -50.4497474655509 12
      vertex 24.322838723659515 -50.73534829169512 12
      vertex 24.947818472981453 -49.79999999701977 12
    endloop
  endfacet
  facet normal 0 0 1
    outer loop
      vertex 23.053473383188248 -49.761330001056194 12
      vertex 24.947818472981453 -49.79999999701977 12
      vertex 23.56217782944441 -49 12
    endloop
  endfacet
  facet normal 0 0 1
    outer loop
      vertex 23.56217782944441 -49 12
      vertex 24.947818472981453 -49.79999999701977 12
      vertex 25.445363976061344 -48.79107751697302 12
    endloop
  endfacet
  facet normal 0 0 1
    outer loop
      vertex 23.56217782944441 -49 12
      vertex 25.445363976061344 -48.79107751697302 12
      vertex 23.96715673059225 -48.178784027695656 12
    endloop
  endfacet
  facet normal 0 0 1
    outer loop
      vertex 23.96715673059225 -48.178784027695656 12
      vertex 25.445363976061344 -48.79107751697302 12
      vertex 25.806962102651596 -47.7258437871933 12
    endloop
  endfacet
  facet normal 0 0 1
    outer loop
      vertex 23.96715673059225 -48.178784027695656 12
      vertex 25.806962102651596 -47.7258437871933 12
      vertex 24.261480785906315 -47.311733312904835 12
    endloop
  endfacet
  facet normal 0 0 1
    outer loop
      vertex 24.261480785906315 -47.311733312904835 12
      vertex 25.806962102651596 -47.7258437871933 12
      vertex 26.026425808668137 -46.62252525240183 12
    endloop
  endfacet
  facet normal 0 0 1
    outer loop
      vertex 24.261480785906315 -47.311733312904835 12
      vertex 26.026425808668137 -46.62252525240183 12
      vertex 24.44011402875185 -46.413683347404 12
    endloop
  endfacet
  facet normal 0 0 1
    outer loop
      vertex 24.44011402875185 -46.413683347404 12
      vertex 26.100000001490116 -45.5 12
      vertex 24.5 -45.5 12
    endloop
  endfacet
  facet normal 0 0 1
    outer loop
      vertex 24.44011402875185 -46.413683347404 12
      vertex 26.026425808668137 -46.62252525240183 12
      vertex 26.100000001490116 -45.5 12
    endloop
  endfacet
  facet normal 0 0 1
    outer loop
      vertex 24.5 -45.5 12
      vertex 26.100000001490116 -45.5 12
      vertex 26.100000001490116 -10.5 12
    endloop
  endfacet
  facet normal 0 0 1
    outer loop
      vertex 24.5 -45.5 12
      vertex 26.100000001490116 -10.5 12
      vertex 24.5 -10.5 12
    endloop
  endfacet
  facet normal 0 0 1
    outer loop
      vertex 17.5 -3.5 12
      vertex 18.413683347404003 -3.55988597124815 12
      vertex 21.799999997019768 -3.052181527018547 12
    endloop
  endfacet
  facet normal 0 0 1
    outer loop
      vertex 17.5 -3.5 12
      vertex 20.79107751697302 -2.554636023938656 12
      vertex 19.7258437871933 -2.193037897348404 12
    endloop
  endfacet
  facet normal 0 0 1
    outer loop
      vertex 20.178784027695656 -4.032843269407749 12
      vertex 21 -4.437822170555592 12
      vertex 22.735348291695118 -3.6771612763404846 12
    endloop
  endfacet
  facet normal 0 0 1
    outer loop
      vertex 21 -4.437822170555592 12
      vertex 21.761330001056194 -4.946526616811752 12
      vertex 22.735348291695118 -3.6771612763404846 12
    endloop
  endfacet
  facet normal 0 0 1
    outer loop
      vertex 18.413683347404003 -3.55988597124815 12
      vertex 19.311733312904835 -3.738519214093685 12
      vertex 21.799999997019768 -3.052181527018547 12
    endloop
  endfacet
  facet normal 0 0 1
    outer loop
      vertex 17.5 -3.5 12
      vertex 21.799999997019768 -3.052181527018547 12
      vertex 20.79107751697302 -2.554636023938656 12
    endloop
  endfacet
  facet normal 0 0 1
    outer loop
      vertex 19.311733312904835 -3.738519214093685 12
      vertex 20.178784027695656 -4.032843269407749 12
      vertex 21.799999997019768 -3.052181527018547 12
    endloop
  endfacet
  facet normal 0 0 1
    outer loop
      vertex 20.178784027695656 -4.032843269407749 12
      vertex 22.735348291695118 -3.6771612763404846 12
      vertex 21.799999997019768 -3.052181527018547 12
    endloop
  endfacet
  facet normal 0 0 1
    outer loop
      vertex 24.5 -10.5 12
      vertex 26.026425808668137 -9.377474747598171 12
      vertex 24.44011402875185 -9.586316652595997 12
    endloop
  endfacet
  facet normal 0 0 1
    outer loop
      vertex 23.96715673059225 -7.821215972304344 12
      vertex 24.261480785906315 -8.688266687095165 12
      vertex 25.445363976061344 -7.208922483026981 12
    endloop
  endfacet
  facet normal 0 0 1
    outer loop
      vertex 24.44011402875185 -9.586316652595997 12
      vertex 25.806962102651596 -8.274156212806702 12
      vertex 24.261480785906315 -8.688266687095165 12
    endloop
  endfacet
  facet normal 0 0 1
    outer loop
      vertex 24.5 -10.5 12
      vertex 26.100000001490116 -10.5 12
      vertex 26.026425808668137 -9.377474747598171 12
    endloop
  endfacet
  facet normal 0 0 1
    outer loop
      vertex 24.44011402875185 -9.586316652595997 12
      vertex 26.026425808668137 -9.377474747598171 12
      vertex 25.806962102651596 -8.274156212806702 12
    endloop
  endfacet
  facet normal 0 0 1
    outer loop
      vertex 24.261480785906315 -8.688266687095165 12
      vertex 25.806962102651596 -8.274156212806702 12
      vertex 25.445363976061344 -7.208922483026981 12
    endloop
  endfacet
  facet normal 0 0 1
    outer loop
      vertex 21.761330001056194 -4.946526616811752 12
      vertex 22.4497474655509 -5.5502525344491005 12
      vertex 23.581118315458298 -4.418881684541702 12
    endloop
  endfacet
  facet normal 0 0 1
    outer loop
      vertex 21.761330001056194 -4.946526616811752 12
      vertex 23.581118315458298 -4.418881684541702 12
      vertex 22.735348291695118 -3.6771612763404846 12
    endloop
  endfacet
  facet normal 0 0 1
    outer loop
      vertex 23.053473383188248 -6.238669998943806 12
      vertex 23.56217782944441 -7 12
      vertex 24.322838723659515 -5.264651708304882 12
    endloop
  endfacet
  facet normal 0 0 1
    outer loop
      vertex 22.4497474655509 -5.5502525344491005 12
      vertex 23.053473383188248 -6.238669998943806 12
      vertex 24.322838723659515 -5.264651708304882 12
    endloop
  endfacet
  facet normal 0 0 1
    outer loop
      vertex 22.4497474655509 -5.5502525344491005 12
      vertex 24.322838723659515 -5.264651708304882 12
      vertex 23.581118315458298 -4.418881684541702 12
    endloop
  endfacet
  facet normal 0 0 1
    outer loop
      vertex 23.96715673059225 -7.821215972304344 12
      vertex 24.947818472981453 -6.200000002980232 12
      vertex 23.56217782944441 -7 12
    endloop
  endfacet
  facet normal 0 0 1
    outer loop
      vertex 23.56217782944441 -7 12
      vertex 24.947818472981453 -6.200000002980232 12
      vertex 24.322838723659515 -5.264651708304882 12
    endloop
  endfacet
  facet normal 0 0 1
    outer loop
      vertex 23.96715673059225 -7.821215972304344 12
      vertex 25.445363976061344 -7.208922483026981 12
      vertex 24.947818472981453 -6.200000002980232 12
    endloop
  endfacet
  facet normal 0.896872741263179 0.4422886907655121 0
    outer loop
      vertex -23.56217782944441 7 2.4
      vertex -23.96715673059225 7.821215972304344 2.4
      vertex -23.56217782944441 7 3.4000000000000004
    endloop
  endfacet
  facet normal 0.6593458179165814 0.7518398050089622 0
    outer loop
      vertex -21.761330001056194 4.946526616811752 2.4
      vertex -22.4497474655509 5.5502525344491005 2.4
      vertex -21.761330001056194 4.946526616811752 3.4000000000000004
    endloop
  endfacet
  facet normal 0.7518398050089622 0.6593458179165813 5.198936330412737e-16
    outer loop
      vertex -23.01035010335701 6.18949732290847 3.085714285714286
      vertex -22.4497474655509 5.5502525344491005 2.4
      vertex -22.916262947361577 6.082211484285918 2.4
    endloop
  endfacet
  facet normal 0.5555702353929249 0.8314696107167417 0
    outer loop
      vertex -21 4.437822170555592 2.4
      vertex -21.761330001056194 4.946526616811752 2.4
      vertex -21 4.437822170555592 3.4000000000000004
    endloop
  endfacet
  facet normal 0.4422886907655121 0.896872741263179 0
    outer loop
      vertex -20.178784027695656 4.032843269407749 2.4
      vertex -21 4.437822170555592 2.4
      vertex -20.178784027695656 4.032843269407749 3.4000000000000004
    endloop
  endfacet
  facet normal 0.32143946288215797 0.9469301303169255 0
    outer loop
      vertex -19.311733312904835 3.738519214093685 2.4
      vertex -20.178784027695656 4.032843269407749 2.4
      vertex -19.311733312904835 3.738519214093685 3.4000000000000004
    endloop
  endfacet
  facet normal 0.19509032010678037 0.9807852807830233 0
    outer loop
      vertex -19.311733312904835 3.738519214093685 2.4
      vertex -18.413683347404003 3.55988597124815 3.4000000000000004
      vertex -18.413683347404003 3.55988597124815 2.4
    endloop
  endfacet
  facet normal 0.8968727412631783 0.44228869076551336 1.3530355744636773e-15
    outer loop
      vertex -23.56217782944441 7 3.4000000000000004
      vertex -23.96715673059225 7.821215972304344 2.4
      vertex -23.92497142838935 7.735672641855975 3.4000000000000004
    endloop
  endfacet
  facet normal 0.7518398050089621 0.6593458179165816 2.1659673978977226e-17
    outer loop
      vertex -23.01035010335701 6.18949732290847 3.085714285714286
      vertex -22.4497474655509 5.5502525344491005 3.4000000000000004
      vertex -22.4497474655509 5.5502525344491005 2.4
    endloop
  endfacet
  facet normal 0.6593458179165818 0.751839805008962 -2.6539045235444025e-16
    outer loop
      vertex -21.761330001056194 4.946526616811752 3.4000000000000004
      vertex -22.4497474655509 5.5502525344491005 2.4
      vertex -22.378037312999368 5.487364418028544 3.4000000000000004
    endloop
  endfacet
  facet normal 0.7518398050089614 0.6593458179165824 2.4272377840210323e-15
    outer loop
      vertex -22.4497474655509 5.5502525344491005 3.4000000000000004
      vertex -23.01035010335701 6.18949732290847 3.085714285714286
      vertex -22.99058526676769 6.166959846392274 3.4000000000000004
    endloop
  endfacet
  facet normal 0.5555702353929254 0.8314696107167415 -4.456655367272471e-16
    outer loop
      vertex -21 4.437822170555592 3.4000000000000004
      vertex -21.761330001056194 4.946526616811752 2.4
      vertex -21.68202479261284 4.893536570326735 3.4000000000000004
    endloop
  endfacet
  facet normal 0.4422886907655129 0.8968727412631786 -8.490798433752989e-16
    outer loop
      vertex -20.178784027695656 4.032843269407749 3.4000000000000004
      vertex -21 4.437822170555592 2.4
      vertex -20.91445666955163 4.395636868352692 3.4000000000000004
    endloop
  endfacet
  facet normal 0.32143946288215786 0.9469301303169256 9.592188645396814e-17
    outer loop
      vertex -19.311733312904835 3.738519214093685 3.4000000000000004
      vertex -20.178784027695656 4.032843269407749 2.4
      vertex -20.088466244904946 4.002184513645868 3.4000000000000004
    endloop
  endfacet
  facet normal 0.1950903201067801 0.9807852807830233 2.706988721191571e-16
    outer loop
      vertex -18.413683347404003 3.55988597124815 3.4000000000000004
      vertex -19.311733312904835 3.738519214093685 2.4
      vertex -19.2181864414985 3.7199115846306086 3.4000000000000004
    endloop
  endfacet
  facet normal 0.8968727412631845 0.44228869076550087 0
    outer loop
      vertex -23.96715673059225 7.821215972304344 12
      vertex -23.92497142838935 7.735672641855975 3.4000000000000004
      vertex -23.96715673059225 7.821215972304344 3.4000000000000004
    endloop
  endfacet
  facet normal 0.8968727412631783 0.44228869076551336 0
    outer loop
      vertex -23.56217782944441 7 12
      vertex -23.56217782944441 7 3.4000000000000004
      vertex -23.92497142838935 7.735672641855975 3.4000000000000004
    endloop
  endfacet
  facet normal 0.7518398050089683 0.6593458179165744 0
    outer loop
      vertex -23.053473383188248 6.238669998943806 12
      vertex -22.99058526676769 6.166959846392274 3.4000000000000004
      vertex -23.053473383188248 6.238669998943806 3.4000000000000004
    endloop
  endfacet
  facet normal 0.8314696107167417 0.5555702353929249 0
    outer loop
      vertex -23.053473383188248 6.238669998943806 12
      vertex -23.053473383188248 6.238669998943806 3.4000000000000004
      vertex -23.56217782944441 7 3.4000000000000004
    endloop
  endfacet
  facet normal 0.7518398050089614 0.6593458179165823 0
    outer loop
      vertex -22.4497474655509 5.5502525344491005 12
      vertex -22.4497474655509 5.5502525344491005 3.4000000000000004
      vertex -22.99058526676769 6.166959846392274 3.4000000000000004
    endloop
  endfacet
  facet normal 0.6593458179165798 0.7518398050089637 0
    outer loop
      vertex -22.4497474655509 5.5502525344491005 12
      vertex -22.378037312999368 5.487364418028544 3.4000000000000004
      vertex -22.4497474655509 5.5502525344491005 3.4000000000000004
    endloop
  endfacet
  facet normal 0.6593458179165818 0.751839805008962 0
    outer loop
      vertex -21.761330001056194 4.946526616811752 12
      vertex -21.761330001056194 4.946526616811752 3.4000000000000004
      vertex -22.378037312999368 5.487364418028544 3.4000000000000004
    endloop
  endfacet
  facet normal 0.9469301303169256 0.32143946288215797 0
    outer loop
      vertex -23.96715673059225 7.821215972304344 12
      vertex -23.96715673059225 7.821215972304344 3.4000000000000004
      vertex -24.261480785906315 8.688266687095165 3.4000000000000004
    endloop
  endfacet
  facet normal 0.9807852807830234 0.1950903201067804 0
    outer loop
      vertex -24.261480785906315 8.688266687095165 12
      vertex -24.261480785906315 8.688266687095165 3.4000000000000004
      vertex -24.44011402875185 9.586316652595997 3.4000000000000004
    endloop
  endfacet
  facet normal 0.997858923185669 0.06540313003776756 0
    outer loop
      vertex -24.44011402875185 9.586316652595997 12
      vertex -24.44011402875185 9.586316652595997 3.4000000000000004
      vertex -24.5 10.5 3.4000000000000004
    endloop
  endfacet
  facet normal 0.5555702353929213 0.8314696107167441 0
    outer loop
      vertex -21.761330001056194 4.946526616811752 12
      vertex -21.68202479261284 4.893536570326735 3.4000000000000004
      vertex -21.761330001056194 4.946526616811752 3.4000000000000004
    endloop
  endfacet
  facet normal 0.5555702353929253 0.8314696107167414 0
    outer loop
      vertex -21 4.437822170555592 12
      vertex -21 4.437822170555592 3.4000000000000004
      vertex -21.68202479261284 4.893536570326735 3.4000000000000004
    endloop
  endfacet
  facet normal 0.4422886907655047 0.8968727412631826 0
    outer loop
      vertex -21 4.437822170555592 12
      vertex -20.91445666955163 4.395636868352692 3.4000000000000004
      vertex -21 4.437822170555592 3.4000000000000004
    endloop
  endfacet
  facet normal 0.44228869076551297 0.8968727412631786 0
    outer loop
      vertex -20.178784027695656 4.032843269407749 12
      vertex -20.178784027695656 4.032843269407749 3.4000000000000004
      vertex -20.91445666955163 4.395636868352692 3.4000000000000004
    endloop
  endfacet
  facet normal 0.321439462882159 0.9469301303169253 0
    outer loop
      vertex -20.178784027695656 4.032843269407749 12
      vertex -20.088466244904946 4.002184513645868 3.4000000000000004
      vertex -20.178784027695656 4.032843269407749 3.4000000000000004
    endloop
  endfacet
  facet normal 0.32143946288215786 0.9469301303169256 0
    outer loop
      vertex -19.311733312904835 3.738519214093685 12
      vertex -19.311733312904835 3.738519214093685 3.4000000000000004
      vertex -20.088466244904946 4.002184513645868 3.4000000000000004
    endloop
  endfacet
  facet normal 0.1950903201067828 0.980785280783023 0
    outer loop
      vertex -19.311733312904835 3.738519214093685 12
      vertex -19.2181864414985 3.7199115846306086 3.4000000000000004
      vertex -19.311733312904835 3.738519214093685 3.4000000000000004
    endloop
  endfacet
  facet normal 0.1950903201067801 0.9807852807830234 0
    outer loop
      vertex -18.413683347404003 3.55988597124815 12
      vertex -18.413683347404003 3.55988597124815 3.4000000000000004
      vertex -19.2181864414985 3.7199115846306086 3.4000000000000004
    endloop
  endfacet
  facet normal 0.06540313003776756 0.997858923185669 0
    outer loop
      vertex -17.5 3.5 12
      vertex -17.5 3.5 3.4000000000000004
      vertex -18.413683347404003 3.55988597124815 3.4000000000000004
    endloop
  endfacet
  facet normal 0.8968727412631791 0.4422886907655121 -1.3877505030157505e-16
    outer loop
      vertex -23.56217782944441 7 12
      vertex -23.92497142838935 7.735672641855975 3.4000000000000004
      vertex -23.96715673059225 7.821215972304344 12
    endloop
  endfacet
  facet normal 0.8314696107167417 0.5555702353929249 0
    outer loop
      vertex -23.56217782944441 7 12
      vertex -23.053473383188248 6.238669998943806 12
      vertex -23.56217782944441 7 3.4000000000000004
    endloop
  endfacet
  facet normal 0.6593458179165815 0.7518398050089622 2.5882476351957766e-17
    outer loop
      vertex -22.4497474655509 5.5502525344491005 12
      vertex -21.761330001056194 4.946526616811752 12
      vertex -22.378037312999368 5.487364418028544 3.4000000000000004
    endloop
  endfacet
  facet normal 0.7518398050089622 0.6593458179165815 -1.0309820244534204e-16
    outer loop
      vertex -23.053473383188248 6.238669998943806 12
      vertex -22.4497474655509 5.5502525344491005 12
      vertex -22.99058526676769 6.166959846392274 3.4000000000000004
    endloop
  endfacet
  facet normal 0.9469301303169256 0.32143946288215797 0
    outer loop
      vertex -24.261480785906315 8.688266687095165 12
      vertex -23.96715673059225 7.821215972304344 12
      vertex -24.261480785906315 8.688266687095165 3.4000000000000004
    endloop
  endfacet
  facet normal 0.9807852807830234 0.1950903201067804 0
    outer loop
      vertex -24.261480785906315 8.688266687095165 12
      vertex -24.44011402875185 9.586316652595997 3.4000000000000004
      vertex -24.44011402875185 9.586316652595997 12
    endloop
  endfacet
  facet normal 0.997858923185669 0.06540313003776756 0
    outer loop
      vertex -24.44011402875185 9.586316652595997 12
      vertex -24.5 10.5 3.4000000000000004
      vertex -24.5 10.5 12
    endloop
  endfacet
  facet normal 0.5555702353929249 0.8314696107167417 4.818585584920064e-17
    outer loop
      vertex -21.761330001056194 4.946526616811752 12
      vertex -21 4.437822170555592 12
      vertex -21.68202479261284 4.893536570326735 3.4000000000000004
    endloop
  endfacet
  facet normal 0.4422886907655121 0.8968727412631791 9.197054189975969e-17
    outer loop
      vertex -21 4.437822170555592 12
      vertex -20.178784027695656 4.032843269407749 12
      vertex -20.91445666955163 4.395636868352692 3.4000000000000004
    endloop
  endfacet
  facet normal 0.32143946288215797 0.9469301303169256 -1.175422560461613e-17
    outer loop
      vertex -20.178784027695656 4.032843269407749 12
      vertex -19.311733312904835 3.738519214093685 12
      vertex -20.088466244904946 4.002184513645868 3.4000000000000004
    endloop
  endfacet
  facet normal 0.1950903201067804 0.9807852807830234 -2.68760273425596e-17
    outer loop
      vertex -19.311733312904835 3.738519214093685 12
      vertex -18.413683347404003 3.55988597124815 12
      vertex -19.2181864414985 3.7199115846306086 3.4000000000000004
    endloop
  endfacet
  facet normal 0.06540313003776756 0.997858923185669 0
    outer loop
      vertex -18.413683347404003 3.55988597124815 12
      vertex -17.5 3.5 12
      vertex -18.413683347404003 3.55988597124815 3.4000000000000004
    endloop
  endfacet
  facet normal 1 0 0
    outer loop
      vertex -24.5 10.5 12
      vertex -24.5 10.5 3.4000000000000004
      vertex -24.5 45.5 3.4000000000000004
    endloop
  endfacet
  facet normal 0.997858923185669 -0.06540313003776756 0
    outer loop
      vertex -24.5 45.5 12
      vertex -24.5 45.5 3.4000000000000004
      vertex -24.44011402875185 46.413683347404 3.4000000000000004
    endloop
  endfacet
  facet normal 0.9807852807830234 -0.1950903201067804 0
    outer loop
      vertex -24.44011402875185 46.413683347404 12
      vertex -24.44011402875185 46.413683347404 3.4000000000000004
      vertex -24.261480785906315 47.311733312904835 3.4000000000000004
    endloop
  endfacet
  facet normal 1 0 0
    outer loop
      vertex -24.5 10.5 12
      vertex -24.5 45.5 3.4000000000000004
      vertex -24.5 45.5 12
    endloop
  endfacet
  facet normal 0.997858923185669 -0.06540313003776756 0
    outer loop
      vertex -24.5 45.5 12
      vertex -24.44011402875185 46.413683347404 3.4000000000000004
      vertex -24.44011402875185 46.413683347404 12
    endloop
  endfacet
  facet normal 0.9469301303169256 -0.32143946288215797 0
    outer loop
      vertex -24.261480785906315 47.311733312904835 12
      vertex -24.261480785906315 47.311733312904835 3.4000000000000004
      vertex -23.96715673059225 48.178784027695656 3.4000000000000004
    endloop
  endfacet
  facet normal 0.8968727412631791 -0.4422886907655121 0
    outer loop
      vertex -23.96715673059225 48.178784027695656 12
      vertex -23.96715673059225 48.178784027695656 3.4000000000000004
      vertex -23.56217782944441 49 3.4000000000000004
    endloop
  endfacet
  facet normal 0.8314696107167417 -0.5555702353929249 0
    outer loop
      vertex -23.56217782944441 49 12
      vertex -23.56217782944441 49 3.4000000000000004
      vertex -23.053473383188248 49.761330001056194 3.4000000000000004
    endloop
  endfacet
  facet normal 0.7518398050089622 -0.6593458179165815 0
    outer loop
      vertex -23.053473383188248 49.761330001056194 12
      vertex -23.053473383188248 49.761330001056194 3.4000000000000004
      vertex -22.4497474655509 50.4497474655509 3.4000000000000004
    endloop
  endfacet
  facet normal 0.6593458179165815 -0.7518398050089622 0
    outer loop
      vertex -22.4497474655509 50.4497474655509 12
      vertex -22.4497474655509 50.4497474655509 3.4000000000000004
      vertex -21.761330001056194 51.05347338318825 3.4000000000000004
    endloop
  endfacet
  facet normal 0.5555702353929249 -0.8314696107167417 0
    outer loop
      vertex -21.761330001056194 51.05347338318825 12
      vertex -21.761330001056194 51.05347338318825 3.4000000000000004
      vertex -21 51.56217782944441 3.4000000000000004
    endloop
  endfacet
  facet normal 0.4422886907655121 -0.8968727412631791 0
    outer loop
      vertex -21 51.56217782944441 12
      vertex -21 51.56217782944441 3.4000000000000004
      vertex -20.178784027695656 51.96715673059225 3.4000000000000004
    endloop
  endfacet
  facet normal 0.32143946288215797 -0.9469301303169256 0
    outer loop
      vertex -20.178784027695656 51.96715673059225 12
      vertex -20.178784027695656 51.96715673059225 3.4000000000000004
      vertex -19.311733312904835 52.261480785906315 3.4000000000000004
    endloop
  endfacet
  facet normal 0.1950903201067804 -0.9807852807830234 0
    outer loop
      vertex -19.311733312904835 52.261480785906315 12
      vertex -19.311733312904835 52.261480785906315 3.4000000000000004
      vertex -18.413683347404003 52.44011402875185 3.4000000000000004
    endloop
  endfacet
  facet normal 0.06540313003776756 -0.997858923185669 0
    outer loop
      vertex -18.413683347404003 52.44011402875185 12
      vertex -18.413683347404003 52.44011402875185 3.4000000000000004
      vertex -17.5 52.5 3.4000000000000004
    endloop
  endfacet
  facet normal 0.9807852807830234 -0.1950903201067804 0
    outer loop
      vertex -24.44011402875185 46.413683347404 12
      vertex -24.261480785906315 47.311733312904835 3.4000000000000004
      vertex -24.261480785906315 47.311733312904835 12
    endloop
  endfacet
  facet normal 0.9469301303169256 -0.32143946288215797 0
    outer loop
      vertex -24.261480785906315 47.311733312904835 12
      vertex -23.96715673059225 48.178784027695656 3.4000000000000004
      vertex -23.96715673059225 48.178784027695656 12
    endloop
  endfacet
  facet normal 0.8968727412631791 -0.4422886907655121 0
    outer loop
      vertex -23.96715673059225 48.178784027695656 12
      vertex -23.56217782944441 49 3.4000000000000004
      vertex -23.56217782944441 49 12
    endloop
  endfacet
  facet normal 0.8314696107167417 -0.5555702353929249 0
    outer loop
      vertex -23.56217782944441 49 12
      vertex -23.053473383188248 49.761330001056194 3.4000000000000004
      vertex -23.053473383188248 49.761330001056194 12
    endloop
  endfacet
  facet normal 0.7518398050089622 -0.6593458179165815 0
    outer loop
      vertex -23.053473383188248 49.761330001056194 12
      vertex -22.4497474655509 50.4497474655509 3.4000000000000004
      vertex -22.4497474655509 50.4497474655509 12
    endloop
  endfacet
  facet normal 0.6593458179165815 -0.7518398050089622 0
    outer loop
      vertex -22.4497474655509 50.4497474655509 12
      vertex -21.761330001056194 51.05347338318825 3.4000000000000004
      vertex -21.761330001056194 51.05347338318825 12
    endloop
  endfacet
  facet normal 0.5555702353929249 -0.8314696107167417 0
    outer loop
      vertex -21.761330001056194 51.05347338318825 12
      vertex -21 51.56217782944441 3.4000000000000004
      vertex -21 51.56217782944441 12
    endloop
  endfacet
  facet normal 0.4422886907655121 -0.8968727412631791 0
    outer loop
      vertex -21 51.56217782944441 12
      vertex -20.178784027695656 51.96715673059225 3.4000000000000004
      vertex -20.178784027695656 51.96715673059225 12
    endloop
  endfacet
  facet normal 0.32143946288215797 -0.9469301303169256 0
    outer loop
      vertex -20.178784027695656 51.96715673059225 12
      vertex -19.311733312904835 52.261480785906315 3.4000000000000004
      vertex -19.311733312904835 52.261480785906315 12
    endloop
  endfacet
  facet normal 0.1950903201067804 -0.9807852807830234 0
    outer loop
      vertex -19.311733312904835 52.261480785906315 12
      vertex -18.413683347404003 52.44011402875185 3.4000000000000004
      vertex -18.413683347404003 52.44011402875185 12
    endloop
  endfacet
  facet normal 0.06540313003776756 -0.997858923185669 0
    outer loop
      vertex -18.413683347404003 52.44011402875185 12
      vertex -17.5 52.5 3.4000000000000004
      vertex -17.5 52.5 12
    endloop
  endfacet
  facet normal 0 1 0
    outer loop
      vertex -17.5 3.5 12
      vertex 17.5 3.5 12
      vertex -17.5 3.5 3.4000000000000004
    endloop
  endfacet
  facet normal 0 -1 0
    outer loop
      vertex -17.5 52.5 12
      vertex -17.5 52.5 3.4000000000000004
      vertex 17.5 52.5 3.4000000000000004
    endloop
  endfacet
  facet normal 0 1 0
    outer loop
      vertex 17.5 3.5 12
      vertex 17.5 3.5 3.4000000000000004
      vertex -17.5 3.5 3.4000000000000004
    endloop
  endfacet
  facet normal 0 -1 0
    outer loop
      vertex -17.5 52.5 12
      vertex 17.5 52.5 3.4000000000000004
      vertex 17.5 52.5 12
    endloop
  endfacet
  facet normal -0.06540313003776756 0.997858923185669 0
    outer loop
      vertex 18.413683347404003 3.55988597124815 12
      vertex 18.413683347404003 3.55988597124815 3.4000000000000004
      vertex 17.5 3.5 3.4000000000000004
    endloop
  endfacet
  facet normal -0.1950903201067804 0.9807852807830234 0
    outer loop
      vertex 19.311733312904835 3.738519214093685 12
      vertex 19.311733312904835 3.738519214093685 3.4000000000000004
      vertex 18.413683347404003 3.55988597124815 3.4000000000000004
    endloop
  endfacet
  facet normal -0.32143946288215797 0.9469301303169256 0
    outer loop
      vertex 20.178784027695656 4.032843269407749 12
      vertex 20.178784027695656 4.032843269407749 3.4000000000000004
      vertex 19.311733312904835 3.738519214093685 3.4000000000000004
    endloop
  endfacet
  facet normal -0.4422886907655121 0.8968727412631791 0
    outer loop
      vertex 21 4.437822170555592 12
      vertex 21 4.437822170555592 3.4000000000000004
      vertex 20.178784027695656 4.032843269407749 3.4000000000000004
    endloop
  endfacet
  facet normal -0.5555702353929249 0.8314696107167417 0
    outer loop
      vertex 21.761330001056194 4.946526616811752 12
      vertex 21.761330001056194 4.946526616811752 3.4000000000000004
      vertex 21 4.437822170555592 3.4000000000000004
    endloop
  endfacet
  facet normal -0.6593458179165815 0.7518398050089622 0
    outer loop
      vertex 22.4497474655509 5.5502525344491005 12
      vertex 22.4497474655509 5.5502525344491005 3.4000000000000004
      vertex 21.761330001056194 4.946526616811752 3.4000000000000004
    endloop
  endfacet
  facet normal -0.7518398050089622 0.6593458179165815 0
    outer loop
      vertex 23.053473383188248 6.238669998943806 12
      vertex 23.053473383188248 6.238669998943806 3.4000000000000004
      vertex 22.4497474655509 5.5502525344491005 3.4000000000000004
    endloop
  endfacet
  facet normal -0.8314696107167417 0.5555702353929249 0
    outer loop
      vertex 23.56217782944441 7 12
      vertex 23.56217782944441 7 3.4000000000000004
      vertex 23.053473383188248 6.238669998943806 3.4000000000000004
    endloop
  endfacet
  facet normal -0.8968727412631791 0.4422886907655121 0
    outer loop
      vertex 23.96715673059225 7.821215972304344 12
      vertex 23.96715673059225 7.821215972304344 3.4000000000000004
      vertex 23.56217782944441 7 3.4000000000000004
    endloop
  endfacet
  facet normal -0.9469301303169256 0.32143946288215797 0
    outer loop
      vertex 24.261480785906315 8.688266687095165 12
      vertex 24.261480785906315 8.688266687095165 3.4000000000000004
      vertex 23.96715673059225 7.821215972304344 3.4000000000000004
    endloop
  endfacet
  facet normal -0.9807852807830234 0.1950903201067804 0
    outer loop
      vertex 24.44011402875185 9.586316652595997 12
      vertex 24.44011402875185 9.586316652595997 3.4000000000000004
      vertex 24.261480785906315 8.688266687095165 3.4000000000000004
    endloop
  endfacet
  facet normal -0.997858923185669 0.06540313003776756 0
    outer loop
      vertex 24.5 10.5 12
      vertex 24.5 10.5 3.4000000000000004
      vertex 24.44011402875185 9.586316652595997 3.4000000000000004
    endloop
  endfacet
  facet normal -0.06540313003776756 0.997858923185669 0
    outer loop
      vertex 17.5 3.5 12
      vertex 18.413683347404003 3.55988597124815 12
      vertex 17.5 3.5 3.4000000000000004
    endloop
  endfacet
  facet normal -0.1950903201067804 0.9807852807830234 0
    outer loop
      vertex 18.413683347404003 3.55988597124815 12
      vertex 19.311733312904835 3.738519214093685 12
      vertex 18.413683347404003 3.55988597124815 3.4000000000000004
    endloop
  endfacet
  facet normal -0.32143946288215797 0.9469301303169256 0
    outer loop
      vertex 19.311733312904835 3.738519214093685 12
      vertex 20.178784027695656 4.032843269407749 12
      vertex 19.311733312904835 3.738519214093685 3.4000000000000004
    endloop
  endfacet
  facet normal -0.4422886907655121 0.8968727412631791 0
    outer loop
      vertex 20.178784027695656 4.032843269407749 12
      vertex 21 4.437822170555592 12
      vertex 20.178784027695656 4.032843269407749 3.4000000000000004
    endloop
  endfacet
  facet normal -0.5555702353929249 0.8314696107167417 0
    outer loop
      vertex 21 4.437822170555592 12
      vertex 21.761330001056194 4.946526616811752 12
      vertex 21 4.437822170555592 3.4000000000000004
    endloop
  endfacet
  facet normal -0.6593458179165815 0.7518398050089622 0
    outer loop
      vertex 21.761330001056194 4.946526616811752 12
      vertex 22.4497474655509 5.5502525344491005 12
      vertex 21.761330001056194 4.946526616811752 3.4000000000000004
    endloop
  endfacet
  facet normal -0.7518398050089622 0.6593458179165815 0
    outer loop
      vertex 22.4497474655509 5.5502525344491005 12
      vertex 23.053473383188248 6.238669998943806 12
      vertex 22.4497474655509 5.5502525344491005 3.4000000000000004
    endloop
  endfacet
  facet normal -0.8314696107167417 0.5555702353929249 0
    outer loop
      vertex 23.053473383188248 6.238669998943806 12
      vertex 23.56217782944441 7 12
      vertex 23.053473383188248 6.238669998943806 3.4000000000000004
    endloop
  endfacet
  facet normal -0.8968727412631791 0.4422886907655121 0
    outer loop
      vertex 23.56217782944441 7 12
      vertex 23.96715673059225 7.821215972304344 12
      vertex 23.56217782944441 7 3.4000000000000004
    endloop
  endfacet
  facet normal -0.9469301303169256 0.32143946288215797 0
    outer loop
      vertex 23.96715673059225 7.821215972304344 12
      vertex 24.261480785906315 8.688266687095165 12
      vertex 23.96715673059225 7.821215972304344 3.4000000000000004
    endloop
  endfacet
  facet normal -0.9807852807830234 0.1950903201067804 0
    outer loop
      vertex 24.261480785906315 8.688266687095165 12
      vertex 24.44011402875185 9.586316652595997 12
      vertex 24.261480785906315 8.688266687095165 3.4000000000000004
    endloop
  endfacet
  facet normal -0.997858923185669 0.06540313003776756 0
    outer loop
      vertex 24.44011402875185 9.586316652595997 12
      vertex 24.5 10.5 12
      vertex 24.44011402875185 9.586316652595997 3.4000000000000004
    endloop
  endfacet
  facet normal -1 0 0
    outer loop
      vertex 24.5 10.5 12
      vertex 24.5 45.5 12
      vertex 24.5 10.5 3.4000000000000004
    endloop
  endfacet
  facet normal -0.06540313003776754 -0.9978589231856689 0
    outer loop
      vertex 18.413683347404003 52.44011402875185 2.4
      vertex 17.5 52.5 3.4000000000000004
      vertex 17.5 52.5 2.4
    endloop
  endfacet
  facet normal -0.19509032010678037 -0.9807852807830233 0
    outer loop
      vertex 18.413683347404003 52.44011402875185 2.4
      vertex 19.311733312904835 52.261480785906315 2.4
      vertex 18.413683347404003 52.44011402875185 3.4000000000000004
    endloop
  endfacet
  facet normal -0.32143946288215797 -0.9469301303169255 0
    outer loop
      vertex 19.311733312904835 52.261480785906315 2.4
      vertex 20.178784027695656 51.96715673059225 2.4
      vertex 19.311733312904835 52.261480785906315 3.4000000000000004
    endloop
  endfacet
  facet normal -0.4422886907655121 -0.896872741263179 0
    outer loop
      vertex 20.178784027695656 51.96715673059225 2.4
      vertex 21 51.56217782944441 2.4
      vertex 20.178784027695656 51.96715673059225 3.4000000000000004
    endloop
  endfacet
  facet normal -0.5555702353929249 -0.8314696107167417 0
    outer loop
      vertex 21 51.56217782944441 2.4
      vertex 21.761330001056194 51.05347338318825 2.4
      vertex 21 51.56217782944441 3.4000000000000004
    endloop
  endfacet
  facet normal -0.7518398050089622 -0.6593458179165814 0
    outer loop
      vertex 22.4497474655509 50.4497474655509 2.4
      vertex 23.053473383188248 49.761330001056194 2.4
      vertex 22.4497474655509 50.4497474655509 3.4000000000000004
    endloop
  endfacet
  facet normal -0.896872741263179 -0.4422886907655121 0
    outer loop
      vertex 23.56217782944441 49 2.4
      vertex 23.96715673059225 48.178784027695656 2.4
      vertex 23.56217782944441 49 3.4000000000000004
    endloop
  endfacet
  facet normal -0.6593458179165814 -0.7518398050089622 0
    outer loop
      vertex 21.761330001056194 51.05347338318825 2.4
      vertex 22.4497474655509 50.4497474655509 2.4
      vertex 21.761330001056194 51.05347338318825 3.4000000000000004
    endloop
  endfacet
  facet normal -0.9469301303169255 -0.32143946288215797 0
    outer loop
      vertex 23.96715673059225 48.178784027695656 2.4
      vertex 24.261480785906315 47.311733312904835 2.4
      vertex 23.96715673059225 48.178784027695656 3.4000000000000004
    endloop
  endfacet
  facet normal -0.06540313003776756 -0.997858923185669 -4.229669844346989e-18
    outer loop
      vertex 17.5 52.5 3.4000000000000004
      vertex 18.413683347404003 52.44011402875185 2.4
      vertex 18.318507998716086 52.446352150756866 3.4000000000000004
    endloop
  endfacet
  facet normal -0.1950903201067801 -0.9807852807830233 2.706988721191571e-16
    outer loop
      vertex 18.413683347404003 52.44011402875185 3.4000000000000004
      vertex 19.311733312904835 52.261480785906315 2.4
      vertex 19.2181864414985 52.28008841536939 3.4000000000000004
    endloop
  endfacet
  facet normal -0.32143946288215497 -0.9469301303169266 2.912437667068621e-15
    outer loop
      vertex 19.311733312904835 52.261480785906315 3.4000000000000004
      vertex 20.178784027695656 51.96715673059225 2.4
      vertex 20.088466244904946 51.997815486354135 3.4000000000000004
    endloop
  endfacet
  facet normal -0.44228869076551036 -0.89687274126318 1.8185469942303787e-15
    outer loop
      vertex 20.178784027695656 51.96715673059225 3.4000000000000004
      vertex 21 51.56217782944441 2.4
      vertex 20.91445666955163 51.60436313164731 3.4000000000000004
    endloop
  endfacet
  facet normal -0.5555702353929275 -0.8314696107167399 -2.9187595958437706e-15
    outer loop
      vertex 21 51.56217782944441 3.4000000000000004
      vertex 21.761330001056194 51.05347338318825 2.4
      vertex 21.68202479261284 51.10646342967326 3.4000000000000004
    endloop
  endfacet
  facet normal -0.6593458179165799 -0.7518398050089636 1.9708555044547136e-15
    outer loop
      vertex 21.761330001056194 51.05347338318825 3.4000000000000004
      vertex 22.4497474655509 50.4497474655509 2.4
      vertex 22.378037312999368 50.51263558197146 3.4000000000000004
    endloop
  endfacet
  facet normal -0.7518398050089614 -0.6593458179165823 9.98202083163105e-16
    outer loop
      vertex 22.4497474655509 50.4497474655509 3.4000000000000004
      vertex 23.053473383188248 49.761330001056194 2.4
      vertex 22.99058526676769 49.833040153607726 3.4000000000000004
    endloop
  endfacet
  facet normal -0.896872741263179 -0.442288690765512 3.7507599119250764e-17
    outer loop
      vertex 23.56217782944441 49 3.4000000000000004
      vertex 23.96715673059225 48.178784027695656 2.4
      vertex 23.92497142838935 48.26432735814402 3.4000000000000004
    endloop
  endfacet
  facet normal -0.9469301303169249 -0.32143946288216013 2.104649401910565e-15
    outer loop
      vertex 23.96715673059225 48.178784027695656 3.4000000000000004
      vertex 24.261480785906315 47.311733312904835 2.4
      vertex 24.230822030144434 47.40205109569555 3.4000000000000004
    endloop
  endfacet
  facet normal -1 0 0
    outer loop
      vertex 24.5 45.5 12
      vertex 24.5 45.5 3.4000000000000004
      vertex 24.5 10.5 3.4000000000000004
    endloop
  endfacet
  facet normal -0.997858923185669 -0.06540313003776756 0
    outer loop
      vertex 24.44011402875185 46.413683347404 12
      vertex 24.44011402875185 46.413683347404 3.4000000000000004
      vertex 24.5 45.5 3.4000000000000004
    endloop
  endfacet
  facet normal -0.997858923185669 -0.06540313003776756 0
    outer loop
      vertex 24.5 45.5 12
      vertex 24.44011402875185 46.413683347404 12
      vertex 24.5 45.5 3.4000000000000004
    endloop
  endfacet
  facet normal -0.9807852807830234 -0.1950903201067804 0
    outer loop
      vertex 24.44011402875185 46.413683347404 12
      vertex 24.261480785906315 47.311733312904835 12
      vertex 24.44011402875185 46.413683347404 3.4000000000000004
    endloop
  endfacet
  facet normal -0.06540313003776756 -0.9978589231856689 0
    outer loop
      vertex 17.5 52.5 12
      vertex 17.5 52.5 3.4000000000000004
      vertex 18.318507998716086 52.446352150756866 3.4000000000000004
    endloop
  endfacet
  facet normal -0.06540313003776756 -0.997858923185669 0
    outer loop
      vertex 18.413683347404003 52.44011402875185 12
      vertex 18.318507998716086 52.446352150756866 3.4000000000000004
      vertex 18.413683347404003 52.44011402875185 3.4000000000000004
    endloop
  endfacet
  facet normal -0.1950903201067801 -0.9807852807830234 0
    outer loop
      vertex 18.413683347404003 52.44011402875185 12
      vertex 18.413683347404003 52.44011402875185 3.4000000000000004
      vertex 19.2181864414985 52.28008841536939 3.4000000000000004
    endloop
  endfacet
  facet normal -0.1950903201067828 -0.980785280783023 0
    outer loop
      vertex 19.311733312904835 52.261480785906315 12
      vertex 19.2181864414985 52.28008841536939 3.4000000000000004
      vertex 19.311733312904835 52.261480785906315 3.4000000000000004
    endloop
  endfacet
  facet normal -0.3214394628821549 -0.9469301303169266 0
    outer loop
      vertex 19.311733312904835 52.261480785906315 12
      vertex 19.311733312904835 52.261480785906315 3.4000000000000004
      vertex 20.088466244904946 51.997815486354135 3.4000000000000004
    endloop
  endfacet
  facet normal -0.321439462882184 -0.9469301303169168 0
    outer loop
      vertex 20.178784027695656 51.96715673059225 12
      vertex 20.088466244904946 51.997815486354135 3.4000000000000004
      vertex 20.178784027695656 51.96715673059225 3.4000000000000004
    endloop
  endfacet
  facet normal -0.4422886907655103 -0.89687274126318 0
    outer loop
      vertex 20.178784027695656 51.96715673059225 12
      vertex 20.178784027695656 51.96715673059225 3.4000000000000004
      vertex 20.91445666955163 51.60436313164731 3.4000000000000004
    endloop
  endfacet
  facet normal -0.4422886907655271 -0.8968727412631716 0
    outer loop
      vertex 21 51.56217782944441 12
      vertex 20.91445666955163 51.60436313164731 3.4000000000000004
      vertex 21 51.56217782944441 3.4000000000000004
    endloop
  endfacet
  facet normal -0.5555702353929276 -0.83146961071674 0
    outer loop
      vertex 21 51.56217782944441 12
      vertex 21 51.56217782944441 3.4000000000000004
      vertex 21.68202479261284 51.10646342967326 3.4000000000000004
    endloop
  endfacet
  facet normal -0.555570235392902 -0.8314696107167571 0
    outer loop
      vertex 21.761330001056194 51.05347338318825 12
      vertex 21.68202479261284 51.10646342967326 3.4000000000000004
      vertex 21.761330001056194 51.05347338318825 3.4000000000000004
    endloop
  endfacet
  facet normal -0.7518398050089614 -0.6593458179165823 0
    outer loop
      vertex 22.4497474655509 50.4497474655509 12
      vertex 22.4497474655509 50.4497474655509 3.4000000000000004
      vertex 22.99058526676769 49.833040153607726 3.4000000000000004
    endloop
  endfacet
  facet normal -0.6593458179165955 -0.7518398050089498 0
    outer loop
      vertex 22.4497474655509 50.4497474655509 12
      vertex 22.378037312999368 50.51263558197146 3.4000000000000004
      vertex 22.4497474655509 50.4497474655509 3.4000000000000004
    endloop
  endfacet
  facet normal -0.896872741263179 -0.4422886907655121 0
    outer loop
      vertex 23.56217782944441 49 12
      vertex 23.56217782944441 49 3.4000000000000004
      vertex 23.92497142838935 48.26432735814402 3.4000000000000004
    endloop
  endfacet
  facet normal -0.946930130316925 -0.32143946288216013 0
    outer loop
      vertex 23.96715673059225 48.178784027695656 12
      vertex 23.96715673059225 48.178784027695656 3.4000000000000004
      vertex 24.230822030144434 47.40205109569555 3.4000000000000004
    endloop
  endfacet
  facet normal -0.8968727412631792 -0.44228869076551197 0
    outer loop
      vertex 23.96715673059225 48.178784027695656 12
      vertex 23.92497142838935 48.26432735814402 3.4000000000000004
      vertex 23.96715673059225 48.178784027695656 3.4000000000000004
    endloop
  endfacet
  facet normal -0.7518398050089683 -0.6593458179165744 0
    outer loop
      vertex 23.053473383188248 49.761330001056194 12
      vertex 22.99058526676769 49.833040153607726 3.4000000000000004
      vertex 23.053473383188248 49.761330001056194 3.4000000000000004
    endloop
  endfacet
  facet normal -0.8314696107167417 -0.5555702353929249 0
    outer loop
      vertex 23.053473383188248 49.761330001056194 12
      vertex 23.053473383188248 49.761330001056194 3.4000000000000004
      vertex 23.56217782944441 49 3.4000000000000004
    endloop
  endfacet
  facet normal -0.6593458179165799 -0.7518398050089635 0
    outer loop
      vertex 21.761330001056194 51.05347338318825 12
      vertex 21.761330001056194 51.05347338318825 3.4000000000000004
      vertex 22.378037312999368 50.51263558197146 3.4000000000000004
    endloop
  endfacet
  facet normal -0.9807852807830234 -0.1950903201067804 0
    outer loop
      vertex 24.261480785906315 47.311733312904835 12
      vertex 24.261480785906315 47.311733312904835 3.4000000000000004
      vertex 24.44011402875185 46.413683347404 3.4000000000000004
    endloop
  endfacet
  facet normal -0.946930130316932 -0.32143946288213926 0
    outer loop
      vertex 24.261480785906315 47.311733312904835 12
      vertex 24.230822030144434 47.40205109569555 3.4000000000000004
      vertex 24.261480785906315 47.311733312904835 3.4000000000000004
    endloop
  endfacet
  facet normal -0.06540313003776756 -0.997858923185669 -4.405906087861449e-19
    outer loop
      vertex 17.5 52.5 12
      vertex 18.318507998716086 52.446352150756866 3.4000000000000004
      vertex 18.413683347404003 52.44011402875185 12
    endloop
  endfacet
  facet normal -0.1950903201067804 -0.9807852807830234 -2.686434297848555e-17
    outer loop
      vertex 18.413683347404003 52.44011402875185 12
      vertex 19.2181864414985 52.28008841536939 3.4000000000000004
      vertex 19.311733312904835 52.261480785906315 12
    endloop
  endfacet
  facet normal -0.32143946288215797 -0.9469301303169256 -3.047987957298082e-16
    outer loop
      vertex 19.311733312904835 52.261480785906315 12
      vertex 20.088466244904946 51.997815486354135 3.4000000000000004
      vertex 20.178784027695656 51.96715673059225 12
    endloop
  endfacet
  facet normal -0.4422886907655121 -0.8968727412631791 -1.8700157706618167e-16
    outer loop
      vertex 20.178784027695656 51.96715673059225 12
      vertex 20.91445666955163 51.60436313164731 3.4000000000000004
      vertex 21 51.56217782944441 12
    endloop
  endfacet
  facet normal -0.5555702353929249 -0.8314696107167417 3.045822497762923e-16
    outer loop
      vertex 21 51.56217782944441 12
      vertex 21.68202479261284 51.10646342967326 3.4000000000000004
      vertex 21.761330001056194 51.05347338318825 12
    endloop
  endfacet
  facet normal -0.6593458179165815 -0.7518398050089622 -2.0619640489068408e-16
    outer loop
      vertex 21.761330001056194 51.05347338318825 12
      vertex 22.378037312999368 50.51263558197146 3.4000000000000004
      vertex 22.4497474655509 50.4497474655509 12
    endloop
  endfacet
  facet normal -0.7518398050089622 -0.6593458179165815 -1.0529226784279417e-16
    outer loop
      vertex 22.4497474655509 50.4497474655509 12
      vertex 22.99058526676769 49.833040153607726 3.4000000000000004
      vertex 23.053473383188248 49.761330001056194 12
    endloop
  endfacet
  facet normal -0.8968727412631791 -0.4422886907655121 -1.2634979137973882e-18
    outer loop
      vertex 23.96715673059225 48.178784027695656 12
      vertex 23.56217782944441 49 12
      vertex 23.92497142838935 48.26432735814402 3.4000000000000004
    endloop
  endfacet
  facet normal -0.8314696107167417 -0.5555702353929249 0
    outer loop
      vertex 23.053473383188248 49.761330001056194 12
      vertex 23.56217782944441 49 3.4000000000000004
      vertex 23.56217782944441 49 12
    endloop
  endfacet
  facet normal -0.9469301303169256 -0.32143946288215797 -2.1821864364686388e-16
    outer loop
      vertex 23.96715673059225 48.178784027695656 12
      vertex 24.230822030144434 47.40205109569555 3.4000000000000004
      vertex 24.261480785906315 47.311733312904835 12
    endloop
  endfacet
  facet normal 0.6593458179165814 0.7518398050089622 0
    outer loop
      vertex -21.761330001056194 -51.05347338318825 2.4
      vertex -22.4497474655509 -50.4497474655509 2.4
      vertex -21.761330001056194 -51.05347338318825 3.4000000000000004
    endloop
  endfacet
  facet normal 0.896872741263179 0.4422886907655121 0
    outer loop
      vertex -23.56217782944441 -49 2.4
      vertex -23.96715673059225 -48.178784027695656 2.4
      vertex -23.56217782944441 -49 3.4000000000000004
    endloop
  endfacet
  facet normal 0.751839805008964 0.6593458179165795 1.0347626349968175e-15
    outer loop
      vertex -23.01035010335701 -49.81050267709153 3.085714285714286
      vertex -22.4497474655509 -50.4497474655509 2.4
      vertex -22.916262947361577 -49.91778851571408 2.4
    endloop
  endfacet
  facet normal 0.5555702353929249 0.8314696107167417 0
    outer loop
      vertex -21 -51.56217782944441 2.4
      vertex -21.761330001056194 -51.05347338318825 2.4
      vertex -21 -51.56217782944441 3.4000000000000004
    endloop
  endfacet
  facet normal 0.4422886907655121 0.896872741263179 0
    outer loop
      vertex -20.178784027695656 -51.96715673059225 2.4
      vertex -21 -51.56217782944441 2.4
      vertex -20.178784027695656 -51.96715673059225 3.4000000000000004
    endloop
  endfacet
  facet normal 0.32143946288215797 0.9469301303169255 0
    outer loop
      vertex -19.311733312904835 -52.261480785906315 2.4
      vertex -20.178784027695656 -51.96715673059225 2.4
      vertex -19.311733312904835 -52.261480785906315 3.4000000000000004
    endloop
  endfacet
  facet normal 0.19509032010678037 0.9807852807830233 0
    outer loop
      vertex -19.311733312904835 -52.261480785906315 2.4
      vertex -18.413683347404003 -52.44011402875185 3.4000000000000004
      vertex -18.413683347404003 -52.44011402875185 2.4
    endloop
  endfacet
  facet normal 0.896872741263179 0.442288690765512 3.7507599119250764e-17
    outer loop
      vertex -23.56217782944441 -49 3.4000000000000004
      vertex -23.96715673059225 -48.178784027695656 2.4
      vertex -23.92497142838935 -48.26432735814402 3.4000000000000004
    endloop
  endfacet
  facet normal 0.7518398050089634 0.65934581791658 2.760574145466293e-17
    outer loop
      vertex -23.01035010335701 -49.81050267709153 3.085714285714286
      vertex -22.4497474655509 -50.4497474655509 3.4000000000000004
      vertex -22.4497474655509 -50.4497474655509 2.4
    endloop
  endfacet
  facet normal 0.6593458179165799 0.7518398050089636 1.9708555044547136e-15
    outer loop
      vertex -21.761330001056194 -51.05347338318825 3.4000000000000004
      vertex -22.4497474655509 -50.4497474655509 2.4
      vertex -22.378037312999368 -50.51263558197146 3.4000000000000004
    endloop
  endfacet
  facet normal 0.7518398050089614 0.6593458179165824 8.025782595598385e-15
    outer loop
      vertex -22.4497474655509 -50.4497474655509 3.4000000000000004
      vertex -23.01035010335701 -49.81050267709153 3.085714285714286
      vertex -22.99058526676769 -49.833040153607726 3.4000000000000004
    endloop
  endfacet
  facet normal 0.5555702353929275 0.8314696107167399 -2.9187595958437706e-15
    outer loop
      vertex -21 -51.56217782944441 3.4000000000000004
      vertex -21.761330001056194 -51.05347338318825 2.4
      vertex -21.68202479261284 -51.10646342967326 3.4000000000000004
    endloop
  endfacet
  facet normal 0.44228869076551036 0.89687274126318 1.8185469942303787e-15
    outer loop
      vertex -20.178784027695656 -51.96715673059225 3.4000000000000004
      vertex -21 -51.56217782944441 2.4
      vertex -20.91445666955163 -51.60436313164731 3.4000000000000004
    endloop
  endfacet
  facet normal 0.32143946288215497 0.9469301303169266 2.912437667068621e-15
    outer loop
      vertex -19.311733312904835 -52.261480785906315 3.4000000000000004
      vertex -20.178784027695656 -51.96715673059225 2.4
      vertex -20.088466244904946 -51.997815486354135 3.4000000000000004
    endloop
  endfacet
  facet normal 0.1950903201067801 0.9807852807830233 2.706988721191571e-16
    outer loop
      vertex -18.413683347404003 -52.44011402875185 3.4000000000000004
      vertex -19.311733312904835 -52.261480785906315 2.4
      vertex -19.2181864414985 -52.28008841536939 3.4000000000000004
    endloop
  endfacet
  facet normal 0.9469301303169256 0.32143946288215797 0
    outer loop
      vertex -23.96715673059225 -48.178784027695656 12
      vertex -23.96715673059225 -48.178784027695656 3.4000000000000004
      vertex -24.261480785906315 -47.311733312904835 3.4000000000000004
    endloop
  endfacet
  facet normal 0.9807852807830234 0.1950903201067804 0
    outer loop
      vertex -24.261480785906315 -47.311733312904835 12
      vertex -24.261480785906315 -47.311733312904835 3.4000000000000004
      vertex -24.44011402875185 -46.413683347404 3.4000000000000004
    endloop
  endfacet
  facet normal 0.6593458179165799 0.7518398050089635 0
    outer loop
      vertex -21.761330001056194 -51.05347338318825 12
      vertex -21.761330001056194 -51.05347338318825 3.4000000000000004
      vertex -22.378037312999368 -50.51263558197146 3.4000000000000004
    endloop
  endfacet
  facet normal 0.8314696107167417 0.5555702353929249 0
    outer loop
      vertex -23.053473383188248 -49.761330001056194 12
      vertex -23.053473383188248 -49.761330001056194 3.4000000000000004
      vertex -23.56217782944441 -49 3.4000000000000004
    endloop
  endfacet
  facet normal 0.7518398050089683 0.6593458179165744 0
    outer loop
      vertex -23.053473383188248 -49.761330001056194 12
      vertex -22.99058526676769 -49.833040153607726 3.4000000000000004
      vertex -23.053473383188248 -49.761330001056194 3.4000000000000004
    endloop
  endfacet
  facet normal 0.8968727412631792 0.44228869076551197 0
    outer loop
      vertex -23.96715673059225 -48.178784027695656 12
      vertex -23.92497142838935 -48.26432735814402 3.4000000000000004
      vertex -23.96715673059225 -48.178784027695656 3.4000000000000004
    endloop
  endfacet
  facet normal 0.896872741263179 0.4422886907655121 0
    outer loop
      vertex -23.56217782944441 -49 12
      vertex -23.56217782944441 -49 3.4000000000000004
      vertex -23.92497142838935 -48.26432735814402 3.4000000000000004
    endloop
  endfacet
  facet normal 0.6593458179165955 0.7518398050089498 0
    outer loop
      vertex -22.4497474655509 -50.4497474655509 12
      vertex -22.378037312999368 -50.51263558197146 3.4000000000000004
      vertex -22.4497474655509 -50.4497474655509 3.4000000000000004
    endloop
  endfacet
  facet normal 0.7518398050089614 0.6593458179165823 0
    outer loop
      vertex -22.4497474655509 -50.4497474655509 12
      vertex -22.4497474655509 -50.4497474655509 3.4000000000000004
      vertex -22.99058526676769 -49.833040153607726 3.4000000000000004
    endloop
  endfacet
  facet normal 0.555570235392902 0.8314696107167571 0
    outer loop
      vertex -21.761330001056194 -51.05347338318825 12
      vertex -21.68202479261284 -51.10646342967326 3.4000000000000004
      vertex -21.761330001056194 -51.05347338318825 3.4000000000000004
    endloop
  endfacet
  facet normal 0.5555702353929276 0.83146961071674 0
    outer loop
      vertex -21 -51.56217782944441 12
      vertex -21 -51.56217782944441 3.4000000000000004
      vertex -21.68202479261284 -51.10646342967326 3.4000000000000004
    endloop
  endfacet
  facet normal 0.4422886907655271 0.8968727412631716 0
    outer loop
      vertex -21 -51.56217782944441 12
      vertex -20.91445666955163 -51.60436313164731 3.4000000000000004
      vertex -21 -51.56217782944441 3.4000000000000004
    endloop
  endfacet
  facet normal 0.4422886907655103 0.89687274126318 0
    outer loop
      vertex -20.178784027695656 -51.96715673059225 12
      vertex -20.178784027695656 -51.96715673059225 3.4000000000000004
      vertex -20.91445666955163 -51.60436313164731 3.4000000000000004
    endloop
  endfacet
  facet normal 0.321439462882184 0.9469301303169168 0
    outer loop
      vertex -20.178784027695656 -51.96715673059225 12
      vertex -20.088466244904946 -51.997815486354135 3.4000000000000004
      vertex -20.178784027695656 -51.96715673059225 3.4000000000000004
    endloop
  endfacet
  facet normal 0.3214394628821549 0.9469301303169266 0
    outer loop
      vertex -19.311733312904835 -52.261480785906315 12
      vertex -19.311733312904835 -52.261480785906315 3.4000000000000004
      vertex -20.088466244904946 -51.997815486354135 3.4000000000000004
    endloop
  endfacet
  facet normal 0.1950903201067828 0.980785280783023 0
    outer loop
      vertex -19.311733312904835 -52.261480785906315 12
      vertex -19.2181864414985 -52.28008841536939 3.4000000000000004
      vertex -19.311733312904835 -52.261480785906315 3.4000000000000004
    endloop
  endfacet
  facet normal 0.1950903201067801 0.9807852807830234 0
    outer loop
      vertex -18.413683347404003 -52.44011402875185 12
      vertex -18.413683347404003 -52.44011402875185 3.4000000000000004
      vertex -19.2181864414985 -52.28008841536939 3.4000000000000004
    endloop
  endfacet
  facet normal 0.06540313003776756 0.997858923185669 0
    outer loop
      vertex -17.5 -52.5 12
      vertex -17.5 -52.5 3.4000000000000004
      vertex -18.413683347404003 -52.44011402875185 3.4000000000000004
    endloop
  endfacet
  facet normal 0.9469301303169256 0.32143946288215797 0
    outer loop
      vertex -24.261480785906315 -47.311733312904835 12
      vertex -23.96715673059225 -48.178784027695656 12
      vertex -24.261480785906315 -47.311733312904835 3.4000000000000004
    endloop
  endfacet
  facet normal 0.8314696107167417 0.5555702353929249 0
    outer loop
      vertex -23.56217782944441 -49 12
      vertex -23.053473383188248 -49.761330001056194 12
      vertex -23.56217782944441 -49 3.4000000000000004
    endloop
  endfacet
  facet normal 0.8968727412631791 0.4422886907655121 -4.835504804596271e-18
    outer loop
      vertex -23.56217782944441 -49 12
      vertex -23.92497142838935 -48.26432735814402 3.4000000000000004
      vertex -23.96715673059225 -48.178784027695656 12
    endloop
  endfacet
  facet normal 0.7518398050089622 0.6593458179165815 -1.0309820244534204e-16
    outer loop
      vertex -23.053473383188248 -49.761330001056194 12
      vertex -22.4497474655509 -50.4497474655509 12
      vertex -22.99058526676769 -49.833040153607726 3.4000000000000004
    endloop
  endfacet
  facet normal 0.6593458179165815 0.7518398050089622 -2.0705981081566212e-16
    outer loop
      vertex -22.4497474655509 -50.4497474655509 12
      vertex -21.761330001056194 -51.05347338318825 12
      vertex -22.378037312999368 -50.51263558197146 3.4000000000000004
    endloop
  endfacet
  facet normal 0.5555702353929249 0.8314696107167417 3.0579982034050554e-16
    outer loop
      vertex -21.761330001056194 -51.05347338318825 12
      vertex -21 -51.56217782944441 12
      vertex -21.68202479261284 -51.10646342967326 3.4000000000000004
    endloop
  endfacet
  facet normal 0.4422886907655121 0.8968727412631791 -1.8590725368416463e-16
    outer loop
      vertex -21 -51.56217782944441 12
      vertex -20.178784027695656 -51.96715673059225 12
      vertex -20.91445666955163 -51.60436313164731 3.4000000000000004
    endloop
  endfacet
  facet normal 0.32143946288215797 0.9469301303169256 -3.051412860853094e-16
    outer loop
      vertex -20.178784027695656 -51.96715673059225 12
      vertex -19.311733312904835 -52.261480785906315 12
      vertex -20.088466244904946 -51.997815486354135 3.4000000000000004
    endloop
  endfacet
  facet normal 0.1950903201067804 0.9807852807830234 -2.68760273425596e-17
    outer loop
      vertex -19.311733312904835 -52.261480785906315 12
      vertex -18.413683347404003 -52.44011402875185 12
      vertex -19.2181864414985 -52.28008841536939 3.4000000000000004
    endloop
  endfacet
  facet normal 0.06540313003776756 0.997858923185669 0
    outer loop
      vertex -18.413683347404003 -52.44011402875185 12
      vertex -17.5 -52.5 12
      vertex -18.413683347404003 -52.44011402875185 3.4000000000000004
    endloop
  endfacet
  facet normal 0.997858923185669 0.06540313003776756 0
    outer loop
      vertex -24.44011402875185 -46.413683347404 12
      vertex -24.44011402875185 -46.413683347404 3.4000000000000004
      vertex -24.5 -45.5 3.4000000000000004
    endloop
  endfacet
  facet normal 1 0 0
    outer loop
      vertex -24.5 -45.5 12
      vertex -24.5 -45.5 3.4000000000000004
      vertex -24.5 -10.5 3.4000000000000004
    endloop
  endfacet
  facet normal 0.9807852807830234 0.1950903201067804 0
    outer loop
      vertex -24.261480785906315 -47.311733312904835 12
      vertex -24.44011402875185 -46.413683347404 3.4000000000000004
      vertex -24.44011402875185 -46.413683347404 12
    endloop
  endfacet
  facet normal 0.997858923185669 0.06540313003776756 0
    outer loop
      vertex -24.44011402875185 -46.413683347404 12
      vertex -24.5 -45.5 3.4000000000000004
      vertex -24.5 -45.5 12
    endloop
  endfacet
  facet normal 1 0 0
    outer loop
      vertex -24.5 -45.5 12
      vertex -24.5 -10.5 3.4000000000000004
      vertex -24.5 -10.5 12
    endloop
  endfacet
  facet normal 0.997858923185669 -0.06540313003776756 0
    outer loop
      vertex -24.5 -10.5 12
      vertex -24.5 -10.5 3.4000000000000004
      vertex -24.44011402875185 -9.586316652595997 3.4000000000000004
    endloop
  endfacet
  facet normal 0.9807852807830234 -0.1950903201067804 0
    outer loop
      vertex -24.44011402875185 -9.586316652595997 12
      vertex -24.44011402875185 -9.586316652595997 3.4000000000000004
      vertex -24.261480785906315 -8.688266687095165 3.4000000000000004
    endloop
  endfacet
  facet normal 0.9469301303169256 -0.32143946288215797 0
    outer loop
      vertex -24.261480785906315 -8.688266687095165 12
      vertex -24.261480785906315 -8.688266687095165 3.4000000000000004
      vertex -23.96715673059225 -7.821215972304344 3.4000000000000004
    endloop
  endfacet
  facet normal 0.8968727412631791 -0.4422886907655121 0
    outer loop
      vertex -23.96715673059225 -7.821215972304344 12
      vertex -23.96715673059225 -7.821215972304344 3.4000000000000004
      vertex -23.56217782944441 -7 3.4000000000000004
    endloop
  endfacet
  facet normal 0.8314696107167417 -0.5555702353929249 0
    outer loop
      vertex -23.56217782944441 -7 12
      vertex -23.56217782944441 -7 3.4000000000000004
      vertex -23.053473383188248 -6.238669998943806 3.4000000000000004
    endloop
  endfacet
  facet normal 0.7518398050089622 -0.6593458179165815 0
    outer loop
      vertex -23.053473383188248 -6.238669998943806 12
      vertex -23.053473383188248 -6.238669998943806 3.4000000000000004
      vertex -22.4497474655509 -5.5502525344491005 3.4000000000000004
    endloop
  endfacet
  facet normal 0.6593458179165815 -0.7518398050089622 0
    outer loop
      vertex -22.4497474655509 -5.5502525344491005 12
      vertex -22.4497474655509 -5.5502525344491005 3.4000000000000004
      vertex -21.761330001056194 -4.946526616811752 3.4000000000000004
    endloop
  endfacet
  facet normal 0.5555702353929249 -0.8314696107167417 0
    outer loop
      vertex -21.761330001056194 -4.946526616811752 12
      vertex -21.761330001056194 -4.946526616811752 3.4000000000000004
      vertex -21 -4.437822170555592 3.4000000000000004
    endloop
  endfacet
  facet normal 0.4422886907655121 -0.8968727412631791 0
    outer loop
      vertex -21 -4.437822170555592 12
      vertex -21 -4.437822170555592 3.4000000000000004
      vertex -20.178784027695656 -4.032843269407749 3.4000000000000004
    endloop
  endfacet
  facet normal 0.32143946288215797 -0.9469301303169256 0
    outer loop
      vertex -20.178784027695656 -4.032843269407749 12
      vertex -20.178784027695656 -4.032843269407749 3.4000000000000004
      vertex -19.311733312904835 -3.738519214093685 3.4000000000000004
    endloop
  endfacet
  facet normal 0.1950903201067804 -0.9807852807830234 0
    outer loop
      vertex -19.311733312904835 -3.738519214093685 12
      vertex -19.311733312904835 -3.738519214093685 3.4000000000000004
      vertex -18.413683347404003 -3.55988597124815 3.4000000000000004
    endloop
  endfacet
  facet normal 0.06540313003776756 -0.997858923185669 0
    outer loop
      vertex -18.413683347404003 -3.55988597124815 12
      vertex -18.413683347404003 -3.55988597124815 3.4000000000000004
      vertex -17.5 -3.5 3.4000000000000004
    endloop
  endfacet
  facet normal 0.997858923185669 -0.06540313003776756 0
    outer loop
      vertex -24.5 -10.5 12
      vertex -24.44011402875185 -9.586316652595997 3.4000000000000004
      vertex -24.44011402875185 -9.586316652595997 12
    endloop
  endfacet
  facet normal 0.9807852807830234 -0.1950903201067804 0
    outer loop
      vertex -24.44011402875185 -9.586316652595997 12
      vertex -24.261480785906315 -8.688266687095165 3.4000000000000004
      vertex -24.261480785906315 -8.688266687095165 12
    endloop
  endfacet
  facet normal 0.9469301303169256 -0.32143946288215797 0
    outer loop
      vertex -24.261480785906315 -8.688266687095165 12
      vertex -23.96715673059225 -7.821215972304344 3.4000000000000004
      vertex -23.96715673059225 -7.821215972304344 12
    endloop
  endfacet
  facet normal 0.8968727412631791 -0.4422886907655121 0
    outer loop
      vertex -23.96715673059225 -7.821215972304344 12
      vertex -23.56217782944441 -7 3.4000000000000004
      vertex -23.56217782944441 -7 12
    endloop
  endfacet
  facet normal 0.8314696107167417 -0.5555702353929249 0
    outer loop
      vertex -23.56217782944441 -7 12
      vertex -23.053473383188248 -6.238669998943806 3.4000000000000004
      vertex -23.053473383188248 -6.238669998943806 12
    endloop
  endfacet
  facet normal 0.7518398050089622 -0.6593458179165815 0
    outer loop
      vertex -23.053473383188248 -6.238669998943806 12
      vertex -22.4497474655509 -5.5502525344491005 3.4000000000000004
      vertex -22.4497474655509 -5.5502525344491005 12
    endloop
  endfacet
  facet normal 0.6593458179165815 -0.7518398050089622 0
    outer loop
      vertex -22.4497474655509 -5.5502525344491005 12
      vertex -21.761330001056194 -4.946526616811752 3.4000000000000004
      vertex -21.761330001056194 -4.946526616811752 12
    endloop
  endfacet
  facet normal 0.5555702353929249 -0.8314696107167417 0
    outer loop
      vertex -21.761330001056194 -4.946526616811752 12
      vertex -21 -4.437822170555592 3.4000000000000004
      vertex -21 -4.437822170555592 12
    endloop
  endfacet
  facet normal 0.4422886907655121 -0.8968727412631791 0
    outer loop
      vertex -21 -4.437822170555592 12
      vertex -20.178784027695656 -4.032843269407749 3.4000000000000004
      vertex -20.178784027695656 -4.032843269407749 12
    endloop
  endfacet
  facet normal 0.32143946288215797 -0.9469301303169256 0
    outer loop
      vertex -20.178784027695656 -4.032843269407749 12
      vertex -19.311733312904835 -3.738519214093685 3.4000000000000004
      vertex -19.311733312904835 -3.738519214093685 12
    endloop
  endfacet
  facet normal 0.1950903201067804 -0.9807852807830234 0
    outer loop
      vertex -19.311733312904835 -3.738519214093685 12
      vertex -18.413683347404003 -3.55988597124815 3.4000000000000004
      vertex -18.413683347404003 -3.55988597124815 12
    endloop
  endfacet
  facet normal 0.06540313003776756 -0.997858923185669 0
    outer loop
      vertex -18.413683347404003 -3.55988597124815 12
      vertex -17.5 -3.5 3.4000000000000004
      vertex -17.5 -3.5 12
    endloop
  endfacet
  facet normal 0 1 0
    outer loop
      vertex -17.5 -52.5 12
      vertex 17.5 -52.5 12
      vertex -17.5 -52.5 3.4000000000000004
    endloop
  endfacet
  facet normal 0 -1 0
    outer loop
      vertex -17.5 -3.5 12
      vertex -17.5 -3.5 3.4000000000000004
      vertex 17.5 -3.5 3.4000000000000004
    endloop
  endfacet
  facet normal 0 1 0
    outer loop
      vertex 17.5 -52.5 12
      vertex 17.5 -52.5 3.4000000000000004
      vertex -17.5 -52.5 3.4000000000000004
    endloop
  endfacet
  facet normal 0 -1 0
    outer loop
      vertex -17.5 -3.5 12
      vertex 17.5 -3.5 3.4000000000000004
      vertex 17.5 -3.5 12
    endloop
  endfacet
  facet normal -0.06540313003776756 0.997858923185669 0
    outer loop
      vertex 18.413683347404003 -52.44011402875185 12
      vertex 18.413683347404003 -52.44011402875185 3.4000000000000004
      vertex 17.5 -52.5 3.4000000000000004
    endloop
  endfacet
  facet normal -0.1950903201067804 0.9807852807830234 0
    outer loop
      vertex 19.311733312904835 -52.261480785906315 12
      vertex 19.311733312904835 -52.261480785906315 3.4000000000000004
      vertex 18.413683347404003 -52.44011402875185 3.4000000000000004
    endloop
  endfacet
  facet normal -0.32143946288215797 0.9469301303169256 0
    outer loop
      vertex 20.178784027695656 -51.96715673059225 12
      vertex 20.178784027695656 -51.96715673059225 3.4000000000000004
      vertex 19.311733312904835 -52.261480785906315 3.4000000000000004
    endloop
  endfacet
  facet normal -0.4422886907655121 0.8968727412631791 0
    outer loop
      vertex 21 -51.56217782944441 12
      vertex 21 -51.56217782944441 3.4000000000000004
      vertex 20.178784027695656 -51.96715673059225 3.4000000000000004
    endloop
  endfacet
  facet normal -0.5555702353929249 0.8314696107167417 0
    outer loop
      vertex 21.761330001056194 -51.05347338318825 12
      vertex 21.761330001056194 -51.05347338318825 3.4000000000000004
      vertex 21 -51.56217782944441 3.4000000000000004
    endloop
  endfacet
  facet normal -0.6593458179165815 0.7518398050089622 0
    outer loop
      vertex 22.4497474655509 -50.4497474655509 12
      vertex 22.4497474655509 -50.4497474655509 3.4000000000000004
      vertex 21.761330001056194 -51.05347338318825 3.4000000000000004
    endloop
  endfacet
  facet normal -0.7518398050089622 0.6593458179165815 0
    outer loop
      vertex 23.053473383188248 -49.761330001056194 12
      vertex 23.053473383188248 -49.761330001056194 3.4000000000000004
      vertex 22.4497474655509 -50.4497474655509 3.4000000000000004
    endloop
  endfacet
  facet normal -0.8314696107167417 0.5555702353929249 0
    outer loop
      vertex 23.56217782944441 -49 12
      vertex 23.56217782944441 -49 3.4000000000000004
      vertex 23.053473383188248 -49.761330001056194 3.4000000000000004
    endloop
  endfacet
  facet normal -0.8968727412631791 0.4422886907655121 0
    outer loop
      vertex 23.96715673059225 -48.178784027695656 12
      vertex 23.96715673059225 -48.178784027695656 3.4000000000000004
      vertex 23.56217782944441 -49 3.4000000000000004
    endloop
  endfacet
  facet normal -0.9469301303169256 0.32143946288215797 0
    outer loop
      vertex 24.261480785906315 -47.311733312904835 12
      vertex 24.261480785906315 -47.311733312904835 3.4000000000000004
      vertex 23.96715673059225 -48.178784027695656 3.4000000000000004
    endloop
  endfacet
  facet normal -0.06540313003776756 0.997858923185669 0
    outer loop
      vertex 17.5 -52.5 12
      vertex 18.413683347404003 -52.44011402875185 12
      vertex 17.5 -52.5 3.4000000000000004
    endloop
  endfacet
  facet normal -0.1950903201067804 0.9807852807830234 0
    outer loop
      vertex 18.413683347404003 -52.44011402875185 12
      vertex 19.311733312904835 -52.261480785906315 12
      vertex 18.413683347404003 -52.44011402875185 3.4000000000000004
    endloop
  endfacet
  facet normal -0.32143946288215797 0.9469301303169256 0
    outer loop
      vertex 19.311733312904835 -52.261480785906315 12
      vertex 20.178784027695656 -51.96715673059225 12
      vertex 19.311733312904835 -52.261480785906315 3.4000000000000004
    endloop
  endfacet
  facet normal -0.4422886907655121 0.8968727412631791 0
    outer loop
      vertex 20.178784027695656 -51.96715673059225 12
      vertex 21 -51.56217782944441 12
      vertex 20.178784027695656 -51.96715673059225 3.4000000000000004
    endloop
  endfacet
  facet normal -0.5555702353929249 0.8314696107167417 0
    outer loop
      vertex 21 -51.56217782944441 12
      vertex 21.761330001056194 -51.05347338318825 12
      vertex 21 -51.56217782944441 3.4000000000000004
    endloop
  endfacet
  facet normal -0.6593458179165815 0.7518398050089622 0
    outer loop
      vertex 21.761330001056194 -51.05347338318825 12
      vertex 22.4497474655509 -50.4497474655509 12
      vertex 21.761330001056194 -51.05347338318825 3.4000000000000004
    endloop
  endfacet
  facet normal -0.7518398050089622 0.6593458179165815 0
    outer loop
      vertex 22.4497474655509 -50.4497474655509 12
      vertex 23.053473383188248 -49.761330001056194 12
      vertex 22.4497474655509 -50.4497474655509 3.4000000000000004
    endloop
  endfacet
  facet normal -0.8314696107167417 0.5555702353929249 0
    outer loop
      vertex 23.053473383188248 -49.761330001056194 12
      vertex 23.56217782944441 -49 12
      vertex 23.053473383188248 -49.761330001056194 3.4000000000000004
    endloop
  endfacet
  facet normal -0.8968727412631791 0.4422886907655121 0
    outer loop
      vertex 23.56217782944441 -49 12
      vertex 23.96715673059225 -48.178784027695656 12
      vertex 23.56217782944441 -49 3.4000000000000004
    endloop
  endfacet
  facet normal -0.9469301303169256 0.32143946288215797 0
    outer loop
      vertex 23.96715673059225 -48.178784027695656 12
      vertex 24.261480785906315 -47.311733312904835 12
      vertex 23.96715673059225 -48.178784027695656 3.4000000000000004
    endloop
  endfacet
  facet normal -0.9807852807830234 0.1950903201067804 0
    outer loop
      vertex 24.261480785906315 -47.311733312904835 12
      vertex 24.44011402875185 -46.413683347404 12
      vertex 24.261480785906315 -47.311733312904835 3.4000000000000004
    endloop
  endfacet
  facet normal -0.9807852807830234 0.1950903201067804 0
    outer loop
      vertex 24.44011402875185 -46.413683347404 12
      vertex 24.44011402875185 -46.413683347404 3.4000000000000004
      vertex 24.261480785906315 -47.311733312904835 3.4000000000000004
    endloop
  endfacet
  facet normal -0.997858923185669 0.06540313003776756 0
    outer loop
      vertex 24.5 -45.5 12
      vertex 24.5 -45.5 3.4000000000000004
      vertex 24.44011402875185 -46.413683347404 3.4000000000000004
    endloop
  endfacet
  facet normal -0.997858923185669 0.06540313003776756 0
    outer loop
      vertex 24.44011402875185 -46.413683347404 12
      vertex 24.5 -45.5 12
      vertex 24.44011402875185 -46.413683347404 3.4000000000000004
    endloop
  endfacet
  facet normal -1 0 0
    outer loop
      vertex 24.5 -45.5 12
      vertex 24.5 -10.5 12
      vertex 24.5 -45.5 3.4000000000000004
    endloop
  endfacet
  facet normal -0.19509032010678037 -0.9807852807830233 0
    outer loop
      vertex 18.413683347404003 -3.55988597124815 2.4
      vertex 19.311733312904835 -3.738519214093685 2.4
      vertex 18.413683347404003 -3.55988597124815 3.4000000000000004
    endloop
  endfacet
  facet normal -0.32143946288215797 -0.9469301303169255 0
    outer loop
      vertex 19.311733312904835 -3.738519214093685 2.4
      vertex 20.178784027695656 -4.032843269407749 2.4
      vertex 19.311733312904835 -3.738519214093685 3.4000000000000004
    endloop
  endfacet
  facet normal -0.4422886907655121 -0.896872741263179 0
    outer loop
      vertex 20.178784027695656 -4.032843269407749 2.4
      vertex 21 -4.437822170555592 2.4
      vertex 20.178784027695656 -4.032843269407749 3.4000000000000004
    endloop
  endfacet
  facet normal -0.5555702353929249 -0.8314696107167417 0
    outer loop
      vertex 21 -4.437822170555592 2.4
      vertex 21.761330001056194 -4.946526616811752 2.4
      vertex 21 -4.437822170555592 3.4000000000000004
    endloop
  endfacet
  facet normal -0.9469301303169255 -0.32143946288215797 0
    outer loop
      vertex 23.96715673059225 -7.821215972304344 2.4
      vertex 24.261480785906315 -8.688266687095165 2.4
      vertex 23.96715673059225 -7.821215972304344 3.4000000000000004
    endloop
  endfacet
  facet normal -0.6593458179165814 -0.7518398050089622 0
    outer loop
      vertex 21.761330001056194 -4.946526616811752 2.4
      vertex 22.4497474655509 -5.5502525344491005 2.4
      vertex 21.761330001056194 -4.946526616811752 3.4000000000000004
    endloop
  endfacet
  facet normal -0.7518398050089622 -0.6593458179165814 0
    outer loop
      vertex 22.4497474655509 -5.5502525344491005 2.4
      vertex 23.053473383188248 -6.238669998943806 2.4
      vertex 22.4497474655509 -5.5502525344491005 3.4000000000000004
    endloop
  endfacet
  facet normal -0.896872741263179 -0.4422886907655121 0
    outer loop
      vertex 23.56217782944441 -7 2.4
      vertex 23.96715673059225 -7.821215972304344 2.4
      vertex 23.56217782944441 -7 3.4000000000000004
    endloop
  endfacet
  facet normal -0.1950903201067801 -0.9807852807830233 2.706988721191571e-16
    outer loop
      vertex 18.413683347404003 -3.55988597124815 3.4000000000000004
      vertex 19.311733312904835 -3.738519214093685 2.4
      vertex 19.2181864414985 -3.7199115846306086 3.4000000000000004
    endloop
  endfacet
  facet normal -0.32143946288215786 -0.9469301303169256 9.592188645396814e-17
    outer loop
      vertex 19.311733312904835 -3.738519214093685 3.4000000000000004
      vertex 20.178784027695656 -4.032843269407749 2.4
      vertex 20.088466244904946 -4.002184513645868 3.4000000000000004
    endloop
  endfacet
  facet normal -0.4422886907655129 -0.8968727412631786 -8.490798433752989e-16
    outer loop
      vertex 20.178784027695656 -4.032843269407749 3.4000000000000004
      vertex 21 -4.437822170555592 2.4
      vertex 20.91445666955163 -4.395636868352692 3.4000000000000004
    endloop
  endfacet
  facet normal -0.5555702353929254 -0.8314696107167415 -4.456655367272471e-16
    outer loop
      vertex 21 -4.437822170555592 3.4000000000000004
      vertex 21.761330001056194 -4.946526616811752 2.4
      vertex 21.68202479261284 -4.893536570326735 3.4000000000000004
    endloop
  endfacet
  facet normal -0.9469301303169252 -0.3214394628821595 1.4672638893406657e-15
    outer loop
      vertex 23.96715673059225 -7.821215972304344 3.4000000000000004
      vertex 24.261480785906315 -8.688266687095165 2.4
      vertex 24.230822030144434 -8.597948904304454 3.4000000000000004
    endloop
  endfacet
  facet normal -0.7518398050089614 -0.6593458179165823 9.98202083163105e-16
    outer loop
      vertex 22.4497474655509 -5.5502525344491005 3.4000000000000004
      vertex 23.053473383188248 -6.238669998943806 2.4
      vertex 22.99058526676769 -6.166959846392274 3.4000000000000004
    endloop
  endfacet
  facet normal -0.6593458179165818 -0.751839805008962 -2.6539045235444025e-16
    outer loop
      vertex 21.761330001056194 -4.946526616811752 3.4000000000000004
      vertex 22.4497474655509 -5.5502525344491005 2.4
      vertex 22.378037312999368 -5.487364418028544 3.4000000000000004
    endloop
  endfacet
  facet normal -0.8968727412631783 -0.44228869076551336 1.3530355744636773e-15
    outer loop
      vertex 23.56217782944441 -7 3.4000000000000004
      vertex 23.96715673059225 -7.821215972304344 2.4
      vertex 23.92497142838935 -7.735672641855975 3.4000000000000004
    endloop
  endfacet
  facet normal -1 0 0
    outer loop
      vertex 24.5 -10.5 12
      vertex 24.5 -10.5 3.4000000000000004
      vertex 24.5 -45.5 3.4000000000000004
    endloop
  endfacet
  facet normal -0.06540313003776756 -0.997858923185669 0
    outer loop
      vertex 17.5 -3.5 12
      vertex 17.5 -3.5 3.4000000000000004
      vertex 18.413683347404003 -3.55988597124815 3.4000000000000004
    endloop
  endfacet
  facet normal -0.1950903201067801 -0.9807852807830234 0
    outer loop
      vertex 18.413683347404003 -3.55988597124815 12
      vertex 18.413683347404003 -3.55988597124815 3.4000000000000004
      vertex 19.2181864414985 -3.7199115846306086 3.4000000000000004
    endloop
  endfacet
  facet normal -0.1950903201067828 -0.980785280783023 0
    outer loop
      vertex 19.311733312904835 -3.738519214093685 12
      vertex 19.2181864414985 -3.7199115846306086 3.4000000000000004
      vertex 19.311733312904835 -3.738519214093685 3.4000000000000004
    endloop
  endfacet
  facet normal -0.32143946288215786 -0.9469301303169256 0
    outer loop
      vertex 19.311733312904835 -3.738519214093685 12
      vertex 19.311733312904835 -3.738519214093685 3.4000000000000004
      vertex 20.088466244904946 -4.002184513645868 3.4000000000000004
    endloop
  endfacet
  facet normal -0.321439462882159 -0.9469301303169253 0
    outer loop
      vertex 20.178784027695656 -4.032843269407749 12
      vertex 20.088466244904946 -4.002184513645868 3.4000000000000004
      vertex 20.178784027695656 -4.032843269407749 3.4000000000000004
    endloop
  endfacet
  facet normal -0.44228869076551297 -0.8968727412631786 0
    outer loop
      vertex 20.178784027695656 -4.032843269407749 12
      vertex 20.178784027695656 -4.032843269407749 3.4000000000000004
      vertex 20.91445666955163 -4.395636868352692 3.4000000000000004
    endloop
  endfacet
  facet normal -0.4422886907655047 -0.8968727412631826 0
    outer loop
      vertex 21 -4.437822170555592 12
      vertex 20.91445666955163 -4.395636868352692 3.4000000000000004
      vertex 21 -4.437822170555592 3.4000000000000004
    endloop
  endfacet
  facet normal -0.5555702353929253 -0.8314696107167414 0
    outer loop
      vertex 21 -4.437822170555592 12
      vertex 21 -4.437822170555592 3.4000000000000004
      vertex 21.68202479261284 -4.893536570326735 3.4000000000000004
    endloop
  endfacet
  facet normal -0.5555702353929213 -0.8314696107167441 0
    outer loop
      vertex 21.761330001056194 -4.946526616811752 12
      vertex 21.68202479261284 -4.893536570326735 3.4000000000000004
      vertex 21.761330001056194 -4.946526616811752 3.4000000000000004
    endloop
  endfacet
  facet normal -0.9469301303169252 -0.3214394628821595 0
    outer loop
      vertex 23.96715673059225 -7.821215972304344 12
      vertex 23.96715673059225 -7.821215972304344 3.4000000000000004
      vertex 24.230822030144434 -8.597948904304454 3.4000000000000004
    endloop
  endfacet
  facet normal -0.997858923185669 -0.06540313003776756 0
    outer loop
      vertex 24.44011402875185 -9.586316652595997 12
      vertex 24.44011402875185 -9.586316652595997 3.4000000000000004
      vertex 24.5 -10.5 3.4000000000000004
    endloop
  endfacet
  facet normal -0.9807852807830234 -0.1950903201067804 0
    outer loop
      vertex 24.261480785906315 -8.688266687095165 12
      vertex 24.261480785906315 -8.688266687095165 3.4000000000000004
      vertex 24.44011402875185 -9.586316652595997 3.4000000000000004
    endloop
  endfacet
  facet normal -0.9469301303169301 -0.321439462882145 0
    outer loop
      vertex 24.261480785906315 -8.688266687095165 12
      vertex 24.230822030144434 -8.597948904304454 3.4000000000000004
      vertex 24.261480785906315 -8.688266687095165 3.4000000000000004
    endloop
  endfacet
  facet normal -0.6593458179165818 -0.751839805008962 0
    outer loop
      vertex 21.761330001056194 -4.946526616811752 12
      vertex 21.761330001056194 -4.946526616811752 3.4000000000000004
      vertex 22.378037312999368 -5.487364418028544 3.4000000000000004
    endloop
  endfacet
  facet normal -0.6593458179165798 -0.7518398050089637 0
    outer loop
      vertex 22.4497474655509 -5.5502525344491005 12
      vertex 22.378037312999368 -5.487364418028544 3.4000000000000004
      vertex 22.4497474655509 -5.5502525344491005 3.4000000000000004
    endloop
  endfacet
  facet normal -0.7518398050089614 -0.6593458179165823 0
    outer loop
      vertex 22.4497474655509 -5.5502525344491005 12
      vertex 22.4497474655509 -5.5502525344491005 3.4000000000000004
      vertex 22.99058526676769 -6.166959846392274 3.4000000000000004
    endloop
  endfacet
  facet normal -0.8314696107167417 -0.5555702353929249 0
    outer loop
      vertex 23.053473383188248 -6.238669998943806 12
      vertex 23.053473383188248 -6.238669998943806 3.4000000000000004
      vertex 23.56217782944441 -7 3.4000000000000004
    endloop
  endfacet
  facet normal -0.7518398050089683 -0.6593458179165744 0
    outer loop
      vertex 23.053473383188248 -6.238669998943806 12
      vertex 22.99058526676769 -6.166959846392274 3.4000000000000004
      vertex 23.053473383188248 -6.238669998943806 3.4000000000000004
    endloop
  endfacet
  facet normal -0.8968727412631783 -0.44228869076551336 0
    outer loop
      vertex 23.56217782944441 -7 12
      vertex 23.56217782944441 -7 3.4000000000000004
      vertex 23.92497142838935 -7.735672641855975 3.4000000000000004
    endloop
  endfacet
  facet normal -0.8968727412631845 -0.44228869076550087 0
    outer loop
      vertex 23.96715673059225 -7.821215972304344 12
      vertex 23.92497142838935 -7.735672641855975 3.4000000000000004
      vertex 23.96715673059225 -7.821215972304344 3.4000000000000004
    endloop
  endfacet
  facet normal -0.06540313003776756 -0.997858923185669 0
    outer loop
      vertex 17.5 -3.5 12
      vertex 18.413683347404003 -3.55988597124815 3.4000000000000004
      vertex 18.413683347404003 -3.55988597124815 12
    endloop
  endfacet
  facet normal -0.1950903201067804 -0.9807852807830234 -2.686434297848555e-17
    outer loop
      vertex 18.413683347404003 -3.55988597124815 12
      vertex 19.2181864414985 -3.7199115846306086 3.4000000000000004
      vertex 19.311733312904835 -3.738519214093685 12
    endloop
  endfacet
  facet normal -0.32143946288215797 -0.9469301303169256 -1.224663196339945e-17
    outer loop
      vertex 19.311733312904835 -3.738519214093685 12
      vertex 20.088466244904946 -4.002184513645868 3.4000000000000004
      vertex 20.178784027695656 -4.032843269407749 12
    endloop
  endfacet
  facet normal -0.4422886907655121 -0.8968727412631791 9.497641345377367e-17
    outer loop
      vertex 20.178784027695656 -4.032843269407749 12
      vertex 20.91445666955163 -4.395636868352692 3.4000000000000004
      vertex 21 -4.437822170555592 12
    endloop
  endfacet
  facet normal -0.5555702353929249 -0.8314696107167417 5.080205840009873e-17
    outer loop
      vertex 21 -4.437822170555592 12
      vertex 21.68202479261284 -4.893536570326735 3.4000000000000004
      vertex 21.761330001056194 -4.946526616811752 12
    endloop
  endfacet
  facet normal -0.997858923185669 -0.06540313003776756 0
    outer loop
      vertex 24.5 -10.5 12
      vertex 24.44011402875185 -9.586316652595997 12
      vertex 24.5 -10.5 3.4000000000000004
    endloop
  endfacet
  facet normal -0.9807852807830234 -0.1950903201067804 0
    outer loop
      vertex 24.44011402875185 -9.586316652595997 12
      vertex 24.261480785906315 -8.688266687095165 12
      vertex 24.44011402875185 -9.586316652595997 3.4000000000000004
    endloop
  endfacet
  facet normal -0.9469301303169256 -0.32143946288215797 -1.5124887121840888e-16
    outer loop
      vertex 23.96715673059225 -7.821215972304344 12
      vertex 24.230822030144434 -8.597948904304454 3.4000000000000004
      vertex 24.261480785906315 -8.688266687095165 12
    endloop
  endfacet
  facet normal -0.7518398050089622 -0.6593458179165815 -1.0529226784279417e-16
    outer loop
      vertex 22.4497474655509 -5.5502525344491005 12
      vertex 22.99058526676769 -6.166959846392274 3.4000000000000004
      vertex 23.053473383188248 -6.238669998943806 12
    endloop
  endfacet
  facet normal -0.6593458179165815 -0.7518398050089622 2.6435436524446678e-17
    outer loop
      vertex 21.761330001056194 -4.946526616811752 12
      vertex 22.378037312999368 -5.487364418028544 3.4000000000000004
      vertex 22.4497474655509 -5.5502525344491005 12
    endloop
  endfacet
  facet normal -0.8314696107167417 -0.5555702353929249 0
    outer loop
      vertex 23.053473383188248 -6.238669998943806 12
      vertex 23.56217782944441 -7 3.4000000000000004
      vertex 23.56217782944441 -7 12
    endloop
  endfacet
  facet normal -0.8968727412631791 -0.4422886907655121 -1.3829766201217527e-16
    outer loop
      vertex 23.96715673059225 -7.821215972304344 12
      vertex 23.56217782944441 -7 12
      vertex 23.92497142838935 -7.735672641855975 3.4000000000000004
    endloop
  endfacet
  facet normal -0.9978589232386034 -0.06540312923014413 0
    outer loop
      vertex -4.4 -58 2.4
      vertex -4.362357390044766 -58.574315245768226 2.4
      vertex -4.4 -58 19.600000000000005
    endloop
  endfacet
  facet normal -0.8968727415326884 -0.4422886902190011 0
    outer loop
      vertex -3.859826318519818 -60.100000001490116 2.4
      vertex -3.859826318519818 -60.100000001490116 19.600000000000005
      vertex -4.065069943049662 -59.6838071024064 2.4
    endloop
  endfacet
  facet normal -0.9469301294951055 -0.3214394653031623 5.169421464199371e-19
    outer loop
      vertex -4.065069943049662 -59.6838071024064 2.4
      vertex -4.250073635671901 -59.13880379845109 19.600000000000005
      vertex -4.250073635671901 -59.13880379845109 2.4
    endloop
  endfacet
  facet normal -0.9807852804032311 -0.19509032201612556 1.27164611966341e-19
    outer loop
      vertex -4.250073635671901 -59.13880379845109 2.4
      vertex -4.362357390044766 -58.574315245768226 19.600000000000005
      vertex -4.362357390044766 -58.574315245768226 2.4
    endloop
  endfacet
  facet normal -0.9978589232386034 0.06540312923014413 -2.432954575338688e-20
    outer loop
      vertex -4.4 -58 2.4
      vertex -4.362357390044766 -57.425684754231774 19.600000000000005
      vertex -4.362357390044766 -57.425684754231774 2.4
    endloop
  endfacet
  facet normal -0.9807852804032311 0.19509032201612556 -1.27164611966341e-19
    outer loop
      vertex -4.362357390044766 -57.425684754231774 2.4
      vertex -4.250073635671901 -56.86119620154891 19.600000000000005
      vertex -4.250073635671901 -56.86119620154891 2.4
    endloop
  endfacet
  facet normal -0.9469301294951055 0.3214394653031623 -5.169421464199371e-19
    outer loop
      vertex -4.250073635671901 -56.86119620154891 2.4
      vertex -4.065069943049662 -56.3161928975936 19.600000000000005
      vertex -4.065069943049662 -56.3161928975936 2.4
    endloop
  endfacet
  facet normal -0.8968727415326885 0.44228869021900113 -2.45417278788647e-19
    outer loop
      vertex -4.065069943049662 -56.3161928975936 2.4
      vertex -3.81051177665153 -55.8 19.600000000000005
      vertex -3.81051177665153 -55.8 2.4
    endloop
  endfacet
  facet normal -0.8314696123025451 0.5555702330196023 -8.249835761543877e-19
    outer loop
      vertex -3.81051177665153 -55.8 2.4
      vertex -3.490754697281435 -55.32144971236163 19.600000000000005
      vertex -3.490754697281435 -55.32144971236163 2.4
    endloop
  endfacet
  facet normal -0.7518398074789764 0.6593458151000698 6.104820948491081e-19
    outer loop
      vertex -3.490754697281435 -55.32144971236163 2.4
      vertex -3.1112698372208096 -54.88873016277919 19.600000000000005
      vertex -3.1112698372208096 -54.88873016277919 2.4
    endloop
  endfacet
  facet normal -0.4422886902190039 0.8968727415326869 -4.369988621395141e-19
    outer loop
      vertex -2.2 -54.18948822334847 2.4
      vertex -2.0185358372305537 -54.100000001490116 12
      vertex -2.0185358372305537 -54.100000001490116 2.4
    endloop
  endfacet
  facet normal -0.6593458151000645 0.7518398074789813 5.415542285827073e-19
    outer loop
      vertex -3.1112698372208096 -54.88873016277919 2.4
      vertex -2.678550287638371 -54.50924530271857 19.600000000000005
      vertex -2.678550287638371 -54.50924530271857 2.4
    endloop
  endfacet
  facet normal -0.5555702330196068 0.8314696123025422 -7.482876340214975e-19
    outer loop
      vertex -2.678550287638371 -54.50924530271857 2.4
      vertex -2.2 -54.18948822334847 19.600000000000005
      vertex -2.2 -54.18948822334847 2.4
    endloop
  endfacet
  facet normal -0.442288690219004 0.896872741532687 0
    outer loop
      vertex -2.2 -54.18948822334847 2.4
      vertex -2.2 -54.18948822334847 19.600000000000005
      vertex -2.0185358372305537 -54.100000001490116 12
    endloop
  endfacet
  facet normal -0.9978589232386034 0.06540312923014413 0
    outer loop
      vertex -4.4 -58 2.4
      vertex -4.4 -58 19.600000000000005
      vertex -4.362357390044766 -57.425684754231774 19.600000000000005
    endloop
  endfacet
  facet normal -0.8968727415326884 -0.4422886902190011 0
    outer loop
      vertex -4.065069943049662 -59.6838071024064 2.4
      vertex -3.859826318519818 -60.100000001490116 19.600000000000005
      vertex -4.065069943049662 -59.6838071024064 19.600000000000005
    endloop
  endfacet
  facet normal -0.9469301294951055 -0.3214394653031623 0
    outer loop
      vertex -4.065069943049662 -59.6838071024064 2.4
      vertex -4.065069943049662 -59.6838071024064 19.600000000000005
      vertex -4.250073635671901 -59.13880379845109 19.600000000000005
    endloop
  endfacet
  facet normal -0.9807852804032311 -0.19509032201612556 0
    outer loop
      vertex -4.250073635671901 -59.13880379845109 2.4
      vertex -4.250073635671901 -59.13880379845109 19.600000000000005
      vertex -4.362357390044766 -58.574315245768226 19.600000000000005
    endloop
  endfacet
  facet normal -0.9978589232386034 -0.06540312923014413 0
    outer loop
      vertex -4.362357390044766 -58.574315245768226 2.4
      vertex -4.362357390044766 -58.574315245768226 19.600000000000005
      vertex -4.4 -58 19.600000000000005
    endloop
  endfacet
  facet normal -0.9807852804032311 0.19509032201612556 0
    outer loop
      vertex -4.362357390044766 -57.425684754231774 2.4
      vertex -4.362357390044766 -57.425684754231774 19.600000000000005
      vertex -4.250073635671901 -56.86119620154891 19.600000000000005
    endloop
  endfacet
  facet normal -0.9469301294951055 0.3214394653031623 0
    outer loop
      vertex -4.250073635671901 -56.86119620154891 2.4
      vertex -4.250073635671901 -56.86119620154891 19.600000000000005
      vertex -4.065069943049662 -56.3161928975936 19.600000000000005
    endloop
  endfacet
  facet normal -0.8968727415326885 0.44228869021900113 0
    outer loop
      vertex -4.065069943049662 -56.3161928975936 2.4
      vertex -4.065069943049662 -56.3161928975936 19.600000000000005
      vertex -3.81051177665153 -55.8 19.600000000000005
    endloop
  endfacet
  facet normal -0.8314696123025451 0.5555702330196023 0
    outer loop
      vertex -3.81051177665153 -55.8 2.4
      vertex -3.81051177665153 -55.8 19.600000000000005
      vertex -3.490754697281435 -55.32144971236163 19.600000000000005
    endloop
  endfacet
  facet normal -0.7518398074789764 0.6593458151000698 0
    outer loop
      vertex -3.490754697281435 -55.32144971236163 2.4
      vertex -3.490754697281435 -55.32144971236163 19.600000000000005
      vertex -3.1112698372208096 -54.88873016277919 19.600000000000005
    endloop
  endfacet
  facet normal -0.6593458151000645 0.7518398074789813 0
    outer loop
      vertex -3.1112698372208096 -54.88873016277919 2.4
      vertex -3.1112698372208096 -54.88873016277919 19.600000000000005
      vertex -2.678550287638371 -54.50924530271857 19.600000000000005
    endloop
  endfacet
  facet normal -0.5555702330196068 0.8314696123025422 0
    outer loop
      vertex -2.678550287638371 -54.50924530271857 2.4
      vertex -2.678550287638371 -54.50924530271857 19.600000000000005
      vertex -2.2 -54.18948822334847 19.600000000000005
    endloop
  endfacet
  facet normal -0.4422886902190044 0.8968727415326868 -8.135834303242656e-19
    outer loop
      vertex -2.0185358372305537 -54.100000001490116 12
      vertex -1.6838071024063952 -53.934930056950336 19.600000000000005
      vertex -1.6838071024063952 -53.934930056950336 12
    endloop
  endfacet
  facet normal -0.32143946530316136 0.9469301294951057 -2.8299364065622333e-19
    outer loop
      vertex -1.6838071024063952 -53.934930056950336 12
      vertex -1.1388037984510913 -53.7499263643281 19.600000000000005
      vertex -1.1388037984510913 -53.7499263643281 12
    endloop
  endfacet
  facet normal -0.19509032201612064 0.980785280403232 7.889153029643964e-19
    outer loop
      vertex -1.1388037984510913 -53.7499263643281 12
      vertex -0.574315245768227 -53.637642609955236 19.600000000000005
      vertex -0.574315245768227 -53.637642609955236 12
    endloop
  endfacet
  facet normal -0.06540312923014399 0.9978589232386035 3.0564146745208737e-19
    outer loop
      vertex -0.574315245768227 -53.637642609955236 12
      vertex 0 -53.6 19.600000000000005
      vertex 0 -53.6 12
    endloop
  endfacet
  facet normal -0.4422886902190042 0.8968727415326868 -7.152630717550886e-18
    outer loop
      vertex -2.0185358372305537 -54.100000001490116 12
      vertex -2.2 -54.18948822334847 19.600000000000005
      vertex -1.6838071024063952 -53.934930056950336 19.600000000000005
    endloop
  endfacet
  facet normal -0.32143946530316136 0.9469301294951057 0
    outer loop
      vertex -1.6838071024063952 -53.934930056950336 12
      vertex -1.6838071024063952 -53.934930056950336 19.600000000000005
      vertex -1.1388037984510913 -53.7499263643281 19.600000000000005
    endloop
  endfacet
  facet normal -0.19509032201612064 0.980785280403232 0
    outer loop
      vertex -1.1388037984510913 -53.7499263643281 12
      vertex -1.1388037984510913 -53.7499263643281 19.600000000000005
      vertex -0.574315245768227 -53.637642609955236 19.600000000000005
    endloop
  endfacet
  facet normal -0.06540312923014399 0.9978589232386035 0
    outer loop
      vertex -0.574315245768227 -53.637642609955236 12
      vertex -0.574315245768227 -53.637642609955236 19.600000000000005
      vertex 0 -53.6 19.600000000000005
    endloop
  endfacet
  facet normal 0 0 1
    outer loop
      vertex -3.859826318519818 -60.100000001490116 19.600000000000005
      vertex -4.065069943049662 -56.3161928975936 19.600000000000005
      vertex -4.065069943049662 -59.6838071024064 19.600000000000005
    endloop
  endfacet
  facet normal 0 0 1
    outer loop
      vertex -3.859826318519818 -60.100000001490116 19.600000000000005
      vertex -1.4142135623730951 -59.41421356237309 19.600000000000005
      vertex -1.5867066805824703 -59.21752285801744 19.600000000000005
    endloop
  endfacet
  facet normal 0 0 1
    outer loop
      vertex -3.859826318519818 -60.100000001490116 19.600000000000005
      vertex -1.8477590650225735 -58.76536686473018 19.600000000000005
      vertex -1.9318516525781366 -58.51763809020504 19.600000000000005
    endloop
  endfacet
  facet normal 0 0 1
    outer loop
      vertex -3.859826318519818 -60.100000001490116 19.600000000000005
      vertex -1.7320508075688772 -59 19.600000000000005
      vertex -1.8477590650225735 -58.76536686473018 19.600000000000005
    endloop
  endfacet
  facet normal 0 0 1
    outer loop
      vertex -3.859826318519818 -60.100000001490116 19.600000000000005
      vertex -1.9828897227476208 -58.261052384440106 19.600000000000005
      vertex -2 -58 19.600000000000005
    endloop
  endfacet
  facet normal 0 0 1
    outer loop
      vertex -3.859826318519818 -60.100000001490116 19.600000000000005
      vertex -1.9318516525781366 -58.51763809020504 19.600000000000005
      vertex -1.9828897227476208 -58.261052384440106 19.600000000000005
    endloop
  endfacet
  facet normal 0 0 1
    outer loop
      vertex -3.859826318519818 -60.100000001490116 19.600000000000005
      vertex -1.5867066805824703 -59.21752285801744 19.600000000000005
      vertex -1.7320508075688772 -59 19.600000000000005
    endloop
  endfacet
  facet normal 0 0 1
    outer loop
      vertex -4.250073635671901 -59.13880379845109 19.600000000000005
      vertex -4.362357390044766 -57.425684754231774 19.600000000000005
      vertex -4.362357390044766 -58.574315245768226 19.600000000000005
    endloop
  endfacet
  facet normal 0 0 1
    outer loop
      vertex -4.065069943049662 -59.6838071024064 19.600000000000005
      vertex -4.250073635671901 -56.86119620154891 19.600000000000005
      vertex -4.250073635671901 -59.13880379845109 19.600000000000005
    endloop
  endfacet
  facet normal 0 0 1
    outer loop
      vertex -4.4 -58 19.600000000000005
      vertex -4.362357390044766 -58.574315245768226 19.600000000000005
      vertex -4.362357390044766 -57.425684754231774 19.600000000000005
    endloop
  endfacet
  facet normal 0 0 1
    outer loop
      vertex -4.250073635671901 -59.13880379845109 19.600000000000005
      vertex -4.250073635671901 -56.86119620154891 19.600000000000005
      vertex -4.362357390044766 -57.425684754231774 19.600000000000005
    endloop
  endfacet
  facet normal 0 0 1
    outer loop
      vertex -4.065069943049662 -59.6838071024064 19.600000000000005
      vertex -4.065069943049662 -56.3161928975936 19.600000000000005
      vertex -4.250073635671901 -56.86119620154891 19.600000000000005
    endloop
  endfacet
  facet normal 0 0 1
    outer loop
      vertex -3.859826318519818 -60.100000001490116 19.600000000000005
      vertex -3.81051177665153 -55.8 19.600000000000005
      vertex -4.065069943049662 -56.3161928975936 19.600000000000005
    endloop
  endfacet
  facet normal 0 0 1
    outer loop
      vertex -3.859826318519818 -60.100000001490116 19.600000000000005
      vertex -3.490754697281435 -55.32144971236163 19.600000000000005
      vertex -3.81051177665153 -55.8 19.600000000000005
    endloop
  endfacet
  facet normal 0 0 1
    outer loop
      vertex -3.859826318519818 -60.100000001490116 19.600000000000005
      vertex -3.1112698372208096 -54.88873016277919 19.600000000000005
      vertex -3.490754697281435 -55.32144971236163 19.600000000000005
    endloop
  endfacet
  facet normal 0 0 1
    outer loop
      vertex -3.859826318519818 -60.100000001490116 19.600000000000005
      vertex -2 -58 19.600000000000005
      vertex -2.2 -54.18948822334847 19.600000000000005
    endloop
  endfacet
  facet normal 0 0 1
    outer loop
      vertex -3.859826318519818 -60.100000001490116 19.600000000000005
      vertex -2.678550287638371 -54.50924530271857 19.600000000000005
      vertex -3.1112698372208096 -54.88873016277919 19.600000000000005
    endloop
  endfacet
  facet normal 0 0 1
    outer loop
      vertex -3.859826318519818 -60.100000001490116 19.600000000000005
      vertex -2.2 -54.18948822334847 19.600000000000005
      vertex -2.678550287638371 -54.50924530271857 19.600000000000005
    endloop
  endfacet
  facet normal 0 0 1
    outer loop
      vertex -3.859826318519818 -60.100000001490116 19.600000000000005
      vertex -1.2175228580174413 -59.58670668058247 19.600000000000005
      vertex -1.4142135623730951 -59.41421356237309 19.600000000000005
    endloop
  endfacet
  facet normal 0 0 1
    outer loop
      vertex -3.859826318519818 -60.100000001490116 19.600000000000005
      vertex -1 -59.732050807568875 19.600000000000005
      vertex -1.2175228580174413 -59.58670668058247 19.600000000000005
    endloop
  endfacet
  facet normal 0 0 1
    outer loop
      vertex -3.859826318519818 -60.100000001490116 19.600000000000005
      vertex -0.7653668647301796 -59.84775906502257 19.600000000000005
      vertex -1 -59.732050807568875 19.600000000000005
    endloop
  endfacet
  facet normal 0 0 1
    outer loop
      vertex -3.859826318519818 -60.100000001490116 19.600000000000005
      vertex -0.5176380902050415 -59.93185165257814 19.600000000000005
      vertex -0.7653668647301796 -59.84775906502257 19.600000000000005
    endloop
  endfacet
  facet normal 0 0 1
    outer loop
      vertex -3.859826318519818 -60.100000001490116 19.600000000000005
      vertex -0.26105238444010315 -59.98288972274762 19.600000000000005
      vertex -0.5176380902050415 -59.93185165257814 19.600000000000005
    endloop
  endfacet
  facet normal 0 0 1
    outer loop
      vertex -3.859826318519818 -60.100000001490116 19.600000000000005
      vertex 0 -60 19.600000000000005
      vertex -0.26105238444010315 -59.98288972274762 19.600000000000005
    endloop
  endfacet
  facet normal 0 0 1
    outer loop
      vertex -2 -58 19.600000000000005
      vertex -1.9828897227476208 -57.738947615559894 19.600000000000005
      vertex -2.2 -54.18948822334847 19.600000000000005
    endloop
  endfacet
  facet normal 0 0 1
    outer loop
      vertex -1.9828897227476208 -57.738947615559894 19.600000000000005
      vertex -1.9318516525781366 -57.48236190979496 19.600000000000005
      vertex -2.2 -54.18948822334847 19.600000000000005
    endloop
  endfacet
  facet normal 0 0 1
    outer loop
      vertex -1.9318516525781366 -57.48236190979496 19.600000000000005
      vertex -1.8477590650225735 -57.23463313526982 19.600000000000005
      vertex -2.2 -54.18948822334847 19.600000000000005
    endloop
  endfacet
  facet normal 0 0 1
    outer loop
      vertex -1.8477590650225735 -57.23463313526982 19.600000000000005
      vertex -1.7320508075688772 -57 19.600000000000005
      vertex -2.2 -54.18948822334847 19.600000000000005
    endloop
  endfacet
  facet normal 0 0 1
    outer loop
      vertex -1.7320508075688772 -57 19.600000000000005
      vertex -1.5867066805824703 -56.78247714198256 19.600000000000005
      vertex -2.2 -54.18948822334847 19.600000000000005
    endloop
  endfacet
  facet normal 0 0 1
    outer loop
      vertex -1.5867066805824703 -56.78247714198256 19.600000000000005
      vertex -1.6838071024063952 -53.934930056950336 19.600000000000005
      vertex -2.2 -54.18948822334847 19.600000000000005
    endloop
  endfacet
  facet normal 0 0 1
    outer loop
      vertex -1.5867066805824703 -56.78247714198256 19.600000000000005
      vertex -1.4142135623730951 -56.58578643762691 19.600000000000005
      vertex -1.6838071024063952 -53.934930056950336 19.600000000000005
    endloop
  endfacet
  facet normal 0 0 1
    outer loop
      vertex -1.4142135623730951 -56.58578643762691 19.600000000000005
      vertex -1.2175228580174413 -56.41329331941753 19.600000000000005
      vertex -1.6838071024063952 -53.934930056950336 19.600000000000005
    endloop
  endfacet
  facet normal 0 0 1
    outer loop
      vertex -1.2175228580174413 -56.41329331941753 19.600000000000005
      vertex -1 -56.267949192431125 19.600000000000005
      vertex -1.6838071024063952 -53.934930056950336 19.600000000000005
    endloop
  endfacet
  facet normal 0 0 1
    outer loop
      vertex -1 -56.267949192431125 19.600000000000005
      vertex -0.7653668647301796 -56.15224093497743 19.600000000000005
      vertex -1.1388037984510913 -53.7499263643281 19.600000000000005
    endloop
  endfacet
  facet normal 0 0 1
    outer loop
      vertex -0.7653668647301796 -56.15224093497743 19.600000000000005
      vertex -0.5176380902050415 -56.06814834742186 19.600000000000005
      vertex -1.1388037984510913 -53.7499263643281 19.600000000000005
    endloop
  endfacet
  facet normal 0 0 1
    outer loop
      vertex -0.5176380902050415 -56.06814834742186 19.600000000000005
      vertex -0.26105238444010315 -56.01711027725238 19.600000000000005
      vertex -0.574315245768227 -53.637642609955236 19.600000000000005
    endloop
  endfacet
  facet normal 0 0 1
    outer loop
      vertex -0.26105238444010315 -56.01711027725238 19.600000000000005
      vertex 0 -56 19.600000000000005
      vertex 0 -53.6 19.600000000000005
    endloop
  endfacet
  facet normal 0 0 1
    outer loop
      vertex -1 -56.267949192431125 19.600000000000005
      vertex -1.1388037984510913 -53.7499263643281 19.600000000000005
      vertex -1.6838071024063952 -53.934930056950336 19.600000000000005
    endloop
  endfacet
  facet normal 0 0 1
    outer loop
      vertex -0.5176380902050415 -56.06814834742186 19.600000000000005
      vertex -0.574315245768227 -53.637642609955236 19.600000000000005
      vertex -1.1388037984510913 -53.7499263643281 19.600000000000005
    endloop
  endfacet
  facet normal 0 0 1
    outer loop
      vertex -0.26105238444010315 -56.01711027725238 19.600000000000005
      vertex 0 -53.6 19.600000000000005
      vertex -0.574315245768227 -53.637642609955236 19.600000000000005
    endloop
  endfacet
  facet normal 0.8968727415326884 -0.4422886902190011 4.1502129774212813e-19
    outer loop
      vertex 3.859826318519818 -60.100000001490116 2.4
      vertex 4.065069943049662 -59.6838071024064 2.4
      vertex 4.065069943049662 -59.6838071024064 19.600000000000005
    endloop
  endfacet
  facet normal 0.9469301294951055 -0.3214394653031623 0
    outer loop
      vertex 4.065069943049662 -59.6838071024064 2.4
      vertex 4.250073635671901 -59.13880379845109 2.4
      vertex 4.065069943049662 -59.6838071024064 19.600000000000005
    endloop
  endfacet
  facet normal 0.9807852804032311 -0.19509032201612556 0
    outer loop
      vertex 4.250073635671901 -59.13880379845109 2.4
      vertex 4.362357390044766 -58.574315245768226 2.4
      vertex 4.250073635671901 -59.13880379845109 19.600000000000005
    endloop
  endfacet
  facet normal 0.6593458151000645 0.7518398074789813 0
    outer loop
      vertex 3.1112698372208096 -54.88873016277919 2.4
      vertex 2.678550287638371 -54.50924530271857 2.4
      vertex 3.1112698372208096 -54.88873016277919 19.600000000000005
    endloop
  endfacet
  facet normal 0.9978589232386034 -0.06540312923014413 0
    outer loop
      vertex 4.362357390044766 -58.574315245768226 2.4
      vertex 4.4 -58 2.4
      vertex 4.362357390044766 -58.574315245768226 19.600000000000005
    endloop
  endfacet
  facet normal 0.9807852804032311 0.19509032201612556 0
    outer loop
      vertex 4.362357390044766 -57.425684754231774 2.4
      vertex 4.250073635671901 -56.86119620154891 2.4
      vertex 4.362357390044766 -57.425684754231774 19.600000000000005
    endloop
  endfacet
  facet normal 0.9469301294951055 0.3214394653031623 0
    outer loop
      vertex 4.250073635671901 -56.86119620154891 2.4
      vertex 4.065069943049662 -56.3161928975936 2.4
      vertex 4.250073635671901 -56.86119620154891 19.600000000000005
    endloop
  endfacet
  facet normal 0.7518398074789764 0.6593458151000698 -6.104820948491081e-19
    outer loop
      vertex 3.1112698372208096 -54.88873016277919 2.4
      vertex 3.490754697281435 -55.32144971236163 19.600000000000005
      vertex 3.490754697281435 -55.32144971236163 2.4
    endloop
  endfacet
  facet normal 0.8314696123025451 0.5555702330196023 0
    outer loop
      vertex 3.81051177665153 -55.8 2.4
      vertex 3.490754697281435 -55.32144971236163 2.4
      vertex 3.81051177665153 -55.8 19.600000000000005
    endloop
  endfacet
  facet normal 0.8968727415326885 0.44228869021900113 2.45417278788647e-19
    outer loop
      vertex 3.81051177665153 -55.8 2.4
      vertex 4.065069943049662 -56.3161928975936 19.600000000000005
      vertex 4.065069943049662 -56.3161928975936 2.4
    endloop
  endfacet
  facet normal 0.4422886902190039 0.8968727415326869 0
    outer loop
      vertex 2.0185358372305537 -54.100000001490116 2.4
      vertex 2.0185358372305537 -54.100000001490116 12
      vertex 2.2 -54.18948822334847 2.4
    endloop
  endfacet
  facet normal 0.5555702330196068 0.8314696123025422 7.482876340214975e-19
    outer loop
      vertex 2.2 -54.18948822334847 2.4
      vertex 2.678550287638371 -54.50924530271857 19.600000000000005
      vertex 2.678550287638371 -54.50924530271857 2.4
    endloop
  endfacet
  facet normal 0.9978589232386034 0.06540312923014413 2.432954575338688e-20
    outer loop
      vertex 4.362357390044766 -57.425684754231774 2.4
      vertex 4.4 -58 19.600000000000005
      vertex 4.4 -58 2.4
    endloop
  endfacet
  facet normal 0.442288690219004 0.896872741532687 0
    outer loop
      vertex 2.2 -54.18948822334847 2.4
      vertex 2.0185358372305537 -54.100000001490116 12
      vertex 2.2 -54.18948822334847 19.600000000000005
    endloop
  endfacet
  facet normal 0.8968727415326884 -0.4422886902190011 0
    outer loop
      vertex 3.859826318519818 -60.100000001490116 2.4
      vertex 4.065069943049662 -59.6838071024064 19.600000000000005
      vertex 3.859826318519818 -60.100000001490116 19.600000000000005
    endloop
  endfacet
  facet normal 0.9469301294951055 -0.3214394653031623 0
    outer loop
      vertex 4.250073635671901 -59.13880379845109 2.4
      vertex 4.250073635671901 -59.13880379845109 19.600000000000005
      vertex 4.065069943049662 -59.6838071024064 19.600000000000005
    endloop
  endfacet
  facet normal 0.9807852804032311 -0.19509032201612556 0
    outer loop
      vertex 4.362357390044766 -58.574315245768226 2.4
      vertex 4.362357390044766 -58.574315245768226 19.600000000000005
      vertex 4.250073635671901 -59.13880379845109 19.600000000000005
    endloop
  endfacet
  facet normal 0.7518398074789764 0.6593458151000698 0
    outer loop
      vertex 3.1112698372208096 -54.88873016277919 2.4
      vertex 3.1112698372208096 -54.88873016277919 19.600000000000005
      vertex 3.490754697281435 -55.32144971236163 19.600000000000005
    endloop
  endfacet
  facet normal 0.9978589232386034 0.06540312923014413 0
    outer loop
      vertex 4.362357390044766 -57.425684754231774 2.4
      vertex 4.362357390044766 -57.425684754231774 19.600000000000005
      vertex 4.4 -58 19.600000000000005
    endloop
  endfacet
  facet normal 0.9807852804032311 0.19509032201612556 0
    outer loop
      vertex 4.250073635671901 -56.86119620154891 2.4
      vertex 4.250073635671901 -56.86119620154891 19.600000000000005
      vertex 4.362357390044766 -57.425684754231774 19.600000000000005
    endloop
  endfacet
  facet normal 0.8314696123025451 0.5555702330196023 0
    outer loop
      vertex 3.490754697281435 -55.32144971236163 2.4
      vertex 3.490754697281435 -55.32144971236163 19.600000000000005
      vertex 3.81051177665153 -55.8 19.600000000000005
    endloop
  endfacet
  facet normal 0.8968727415326885 0.44228869021900113 0
    outer loop
      vertex 3.81051177665153 -55.8 2.4
      vertex 3.81051177665153 -55.8 19.600000000000005
      vertex 4.065069943049662 -56.3161928975936 19.600000000000005
    endloop
  endfacet
  facet normal 0.9469301294951055 0.3214394653031623 0
    outer loop
      vertex 4.065069943049662 -56.3161928975936 2.4
      vertex 4.065069943049662 -56.3161928975936 19.600000000000005
      vertex 4.250073635671901 -56.86119620154891 19.600000000000005
    endloop
  endfacet
  facet normal 0.06540312923014399 0.9978589232386035 -3.0564146745208737e-19
    outer loop
      vertex 0 -53.6 12
      vertex 0.574315245768227 -53.637642609955236 19.600000000000005
      vertex 0.574315245768227 -53.637642609955236 12
    endloop
  endfacet
  facet normal 0.19509032201612064 0.980785280403232 -7.889153029643964e-19
    outer loop
      vertex 0.574315245768227 -53.637642609955236 12
      vertex 1.1388037984510913 -53.7499263643281 19.600000000000005
      vertex 1.1388037984510913 -53.7499263643281 12
    endloop
  endfacet
  facet normal 0.32143946530316136 0.9469301294951057 2.8299364065622333e-19
    outer loop
      vertex 1.1388037984510913 -53.7499263643281 12
      vertex 1.6838071024063952 -53.934930056950336 19.600000000000005
      vertex 1.6838071024063952 -53.934930056950336 12
    endloop
  endfacet
  facet normal 0.4422886902190044 0.8968727415326868 -1.3886143558944225e-17
    outer loop
      vertex 1.6838071024063952 -53.934930056950336 12
      vertex 2.2 -54.18948822334847 19.600000000000005
      vertex 2.0185358372305537 -54.100000001490116 12
    endloop
  endfacet
  facet normal 0.5555702330196068 0.8314696123025422 0
    outer loop
      vertex 2.2 -54.18948822334847 2.4
      vertex 2.2 -54.18948822334847 19.600000000000005
      vertex 2.678550287638371 -54.50924530271857 19.600000000000005
    endloop
  endfacet
  facet normal 0.6593458151000645 0.7518398074789813 0
    outer loop
      vertex 2.678550287638371 -54.50924530271857 2.4
      vertex 2.678550287638371 -54.50924530271857 19.600000000000005
      vertex 3.1112698372208096 -54.88873016277919 19.600000000000005
    endloop
  endfacet
  facet normal 0.9978589232386034 -0.06540312923014413 0
    outer loop
      vertex 4.4 -58 2.4
      vertex 4.4 -58 19.600000000000005
      vertex 4.362357390044766 -58.574315245768226 19.600000000000005
    endloop
  endfacet
  facet normal 0.06540312923014399 0.9978589232386035 0
    outer loop
      vertex 0 -53.6 12
      vertex 0 -53.6 19.600000000000005
      vertex 0.574315245768227 -53.637642609955236 19.600000000000005
    endloop
  endfacet
  facet normal 0.19509032201612064 0.980785280403232 0
    outer loop
      vertex 0.574315245768227 -53.637642609955236 12
      vertex 0.574315245768227 -53.637642609955236 19.600000000000005
      vertex 1.1388037984510913 -53.7499263643281 19.600000000000005
    endloop
  endfacet
  facet normal 0.32143946530316136 0.9469301294951057 0
    outer loop
      vertex 1.1388037984510913 -53.7499263643281 12
      vertex 1.1388037984510913 -53.7499263643281 19.600000000000005
      vertex 1.6838071024063952 -53.934930056950336 19.600000000000005
    endloop
  endfacet
  facet normal 0.4422886902190042 0.8968727415326868 0
    outer loop
      vertex 1.6838071024063952 -53.934930056950336 12
      vertex 1.6838071024063952 -53.934930056950336 19.600000000000005
      vertex 2.2 -54.18948822334847 19.600000000000005
    endloop
  endfacet
  facet normal 0 0 1
    outer loop
      vertex -3.859826318519818 -60.100000001490116 19.600000000000005
      vertex 3.859826318519818 -60.100000001490116 19.600000000000005
      vertex 0 -60 19.600000000000005
    endloop
  endfacet
  facet normal 0 0 1
    outer loop
      vertex 0 -60 19.600000000000005
      vertex 3.859826318519818 -60.100000001490116 19.600000000000005
      vertex 0.26105238444010315 -59.98288972274762 19.600000000000005
    endloop
  endfacet
  facet normal 0 0 1
    outer loop
      vertex 0.26105238444010315 -59.98288972274762 19.600000000000005
      vertex 3.859826318519818 -60.100000001490116 19.600000000000005
      vertex 0.5176380902050415 -59.93185165257814 19.600000000000005
    endloop
  endfacet
  facet normal 0 0 1
    outer loop
      vertex 0.5176380902050415 -59.93185165257814 19.600000000000005
      vertex 3.859826318519818 -60.100000001490116 19.600000000000005
      vertex 0.7653668647301796 -59.84775906502257 19.600000000000005
    endloop
  endfacet
  facet normal 0 0 1
    outer loop
      vertex 0.7653668647301796 -59.84775906502257 19.600000000000005
      vertex 3.859826318519818 -60.100000001490116 19.600000000000005
      vertex 1 -59.732050807568875 19.600000000000005
    endloop
  endfacet
  facet normal 0 0 1
    outer loop
      vertex 1 -59.732050807568875 19.600000000000005
      vertex 3.859826318519818 -60.100000001490116 19.600000000000005
      vertex 1.2175228580174413 -59.58670668058247 19.600000000000005
    endloop
  endfacet
  facet normal 0 0 1
    outer loop
      vertex 1.2175228580174413 -59.58670668058247 19.600000000000005
      vertex 3.859826318519818 -60.100000001490116 19.600000000000005
      vertex 1.4142135623730951 -59.41421356237309 19.600000000000005
    endloop
  endfacet
  facet normal 0 0 1
    outer loop
      vertex 0 -56 19.600000000000005
      vertex 0.26105238444010315 -56.01711027725238 19.600000000000005
      vertex 0 -53.6 19.600000000000005
    endloop
  endfacet
  facet normal 0 0 1
    outer loop
      vertex 0.26105238444010315 -56.01711027725238 19.600000000000005
      vertex 0.5176380902050415 -56.06814834742186 19.600000000000005
      vertex 0.574315245768227 -53.637642609955236 19.600000000000005
    endloop
  endfacet
  facet normal 0 0 1
    outer loop
      vertex 0.5176380902050415 -56.06814834742186 19.600000000000005
      vertex 0.7653668647301796 -56.15224093497743 19.600000000000005
      vertex 0.574315245768227 -53.637642609955236 19.600000000000005
    endloop
  endfacet
  facet normal 0 0 1
    outer loop
      vertex 0.7653668647301796 -56.15224093497743 19.600000000000005
      vertex 1 -56.267949192431125 19.600000000000005
      vertex 1.1388037984510913 -53.7499263643281 19.600000000000005
    endloop
  endfacet
  facet normal 0 0 1
    outer loop
      vertex 2 -58 19.600000000000005
      vertex 2.2 -54.18948822334847 19.600000000000005
      vertex 1.9828897227476208 -57.738947615559894 19.600000000000005
    endloop
  endfacet
  facet normal 0 0 1
    outer loop
      vertex 1.5867066805824703 -56.78247714198256 19.600000000000005
      vertex 1.6838071024063952 -53.934930056950336 19.600000000000005
      vertex 1.4142135623730951 -56.58578643762691 19.600000000000005
    endloop
  endfacet
  facet normal 0 0 1
    outer loop
      vertex 1 -56.267949192431125 19.600000000000005
      vertex 1.2175228580174413 -56.41329331941753 19.600000000000005
      vertex 1.1388037984510913 -53.7499263643281 19.600000000000005
    endloop
  endfacet
  facet normal 0 0 1
    outer loop
      vertex 1.2175228580174413 -56.41329331941753 19.600000000000005
      vertex 1.4142135623730951 -56.58578643762691 19.600000000000005
      vertex 1.1388037984510913 -53.7499263643281 19.600000000000005
    endloop
  endfacet
  facet normal 0 0 1
    outer loop
      vertex 1.4142135623730951 -56.58578643762691 19.600000000000005
      vertex 1.6838071024063952 -53.934930056950336 19.600000000000005
      vertex 1.1388037984510913 -53.7499263643281 19.600000000000005
    endloop
  endfacet
  facet normal 0 0 1
    outer loop
      vertex 1.8477590650225735 -57.23463313526982 19.600000000000005
      vertex 1.9318516525781366 -57.48236190979496 19.600000000000005
      vertex 1.6838071024063952 -53.934930056950336 19.600000000000005
    endloop
  endfacet
  facet normal 0 0 1
    outer loop
      vertex 1.8477590650225735 -57.23463313526982 19.600000000000005
      vertex 1.6838071024063952 -53.934930056950336 19.600000000000005
      vertex 1.7320508075688772 -57 19.600000000000005
    endloop
  endfacet
  facet normal 0 0 1
    outer loop
      vertex 1.5867066805824703 -56.78247714198256 19.600000000000005
      vertex 1.7320508075688772 -57 19.600000000000005
      vertex 1.6838071024063952 -53.934930056950336 19.600000000000005
    endloop
  endfacet
  facet normal 0 0 1
    outer loop
      vertex 1.9828897227476208 -57.738947615559894 19.600000000000005
      vertex 2.2 -54.18948822334847 19.600000000000005
      vertex 1.9318516525781366 -57.48236190979496 19.600000000000005
    endloop
  endfacet
  facet normal 0 0 1
    outer loop
      vertex 1.9318516525781366 -57.48236190979496 19.600000000000005
      vertex 2.2 -54.18948822334847 19.600000000000005
      vertex 1.6838071024063952 -53.934930056950336 19.600000000000005
    endloop
  endfacet
  facet normal 0 0 1
    outer loop
      vertex 1.4142135623730951 -59.41421356237309 19.600000000000005
      vertex 3.859826318519818 -60.100000001490116 19.600000000000005
      vertex 1.5867066805824703 -59.21752285801744 19.600000000000005
    endloop
  endfacet
  facet normal 0 0 1
    outer loop
      vertex 1.5867066805824703 -59.21752285801744 19.600000000000005
      vertex 3.859826318519818 -60.100000001490116 19.600000000000005
      vertex 1.7320508075688772 -59 19.600000000000005
    endloop
  endfacet
  facet normal 0 0 1
    outer loop
      vertex 1.7320508075688772 -59 19.600000000000005
      vertex 3.859826318519818 -60.100000001490116 19.600000000000005
      vertex 1.8477590650225735 -58.76536686473018 19.600000000000005
    endloop
  endfacet
  facet normal 0 0 1
    outer loop
      vertex 1.8477590650225735 -58.76536686473018 19.600000000000005
      vertex 3.859826318519818 -60.100000001490116 19.600000000000005
      vertex 1.9318516525781366 -58.51763809020504 19.600000000000005
    endloop
  endfacet
  facet normal 0 0 1
    outer loop
      vertex 1.9318516525781366 -58.51763809020504 19.600000000000005
      vertex 3.859826318519818 -60.100000001490116 19.600000000000005
      vertex 1.9828897227476208 -58.261052384440106 19.600000000000005
    endloop
  endfacet
  facet normal 0 0 1
    outer loop
      vertex 1.9828897227476208 -58.261052384440106 19.600000000000005
      vertex 3.859826318519818 -60.100000001490116 19.600000000000005
      vertex 2 -58 19.600000000000005
    endloop
  endfacet
  facet normal 0 0 1
    outer loop
      vertex 2 -58 19.600000000000005
      vertex 3.859826318519818 -60.100000001490116 19.600000000000005
      vertex 2.2 -54.18948822334847 19.600000000000005
    endloop
  endfacet
  facet normal 0 0 1
    outer loop
      vertex 3.859826318519818 -60.100000001490116 19.600000000000005
      vertex 2.678550287638371 -54.50924530271857 19.600000000000005
      vertex 2.2 -54.18948822334847 19.600000000000005
    endloop
  endfacet
  facet normal 0 0 1
    outer loop
      vertex 3.859826318519818 -60.100000001490116 19.600000000000005
      vertex 3.1112698372208096 -54.88873016277919 19.600000000000005
      vertex 2.678550287638371 -54.50924530271857 19.600000000000005
    endloop
  endfacet
  facet normal 0 0 1
    outer loop
      vertex 3.859826318519818 -60.100000001490116 19.600000000000005
      vertex 3.490754697281435 -55.32144971236163 19.600000000000005
      vertex 3.1112698372208096 -54.88873016277919 19.600000000000005
    endloop
  endfacet
  facet normal 0 0 1
    outer loop
      vertex 3.859826318519818 -60.100000001490116 19.600000000000005
      vertex 3.81051177665153 -55.8 19.600000000000005
      vertex 3.490754697281435 -55.32144971236163 19.600000000000005
    endloop
  endfacet
  facet normal 0 0 1
    outer loop
      vertex 3.859826318519818 -60.100000001490116 19.600000000000005
      vertex 4.065069943049662 -59.6838071024064 19.600000000000005
      vertex 3.81051177665153 -55.8 19.600000000000005
    endloop
  endfacet
  facet normal 0 0 1
    outer loop
      vertex 4.065069943049662 -59.6838071024064 19.600000000000005
      vertex 4.250073635671901 -59.13880379845109 19.600000000000005
      vertex 4.065069943049662 -56.3161928975936 19.600000000000005
    endloop
  endfacet
  facet normal 0 0 1
    outer loop
      vertex 4.250073635671901 -59.13880379845109 19.600000000000005
      vertex 4.362357390044766 -58.574315245768226 19.600000000000005
      vertex 4.250073635671901 -56.86119620154891 19.600000000000005
    endloop
  endfacet
  facet normal 0 0 1
    outer loop
      vertex 4.362357390044766 -58.574315245768226 19.600000000000005
      vertex 4.4 -58 19.600000000000005
      vertex 4.362357390044766 -57.425684754231774 19.600000000000005
    endloop
  endfacet
  facet normal 0 0 1
    outer loop
      vertex 4.362357390044766 -58.574315245768226 19.600000000000005
      vertex 4.362357390044766 -57.425684754231774 19.600000000000005
      vertex 4.250073635671901 -56.86119620154891 19.600000000000005
    endloop
  endfacet
  facet normal 0 0 1
    outer loop
      vertex 4.065069943049662 -59.6838071024064 19.600000000000005
      vertex 4.065069943049662 -56.3161928975936 19.600000000000005
      vertex 3.81051177665153 -55.8 19.600000000000005
    endloop
  endfacet
  facet normal 0 0 1
    outer loop
      vertex 4.250073635671901 -59.13880379845109 19.600000000000005
      vertex 4.250073635671901 -56.86119620154891 19.600000000000005
      vertex 4.065069943049662 -56.3161928975936 19.600000000000005
    endloop
  endfacet
  facet normal 0 0 1
    outer loop
      vertex 0.26105238444010315 -56.01711027725238 19.600000000000005
      vertex 0.574315245768227 -53.637642609955236 19.600000000000005
      vertex 0 -53.6 19.600000000000005
    endloop
  endfacet
  facet normal 0 0 1
    outer loop
      vertex 0.7653668647301796 -56.15224093497743 19.600000000000005
      vertex 1.1388037984510913 -53.7499263643281 19.600000000000005
      vertex 0.574315245768227 -53.637642609955236 19.600000000000005
    endloop
  endfacet
  facet normal -0.9978589232386034 -0.06540312923014413 0
    outer loop
      vertex -4.4 58 2.4
      vertex -4.362357390044766 57.425684754231774 2.4
      vertex -4.4 58 19.600000000000005
    endloop
  endfacet
  facet normal -0.4422886902190039 -0.8968727415326869 4.369988621395141e-19
    outer loop
      vertex -2.2 54.18948822334847 2.4
      vertex -2.0185358372305537 54.100000001490116 2.4
      vertex -2.0185358372305537 54.100000001490116 12
    endloop
  endfacet
  facet normal -0.5555702330196068 -0.8314696123025422 0
    outer loop
      vertex -2.678550287638371 54.50924530271857 2.4
      vertex -2.2 54.18948822334847 2.4
      vertex -2.678550287638371 54.50924530271857 19.600000000000005
    endloop
  endfacet
  facet normal -0.8968727415326885 -0.44228869021900113 0
    outer loop
      vertex -4.065069943049662 56.3161928975936 2.4
      vertex -3.81051177665153 55.8 2.4
      vertex -4.065069943049662 56.3161928975936 19.600000000000005
    endloop
  endfacet
  facet normal -0.8314696123025451 -0.5555702330196023 8.249835761543877e-19
    outer loop
      vertex -3.490754697281435 55.32144971236163 2.4
      vertex -3.81051177665153 55.8 19.600000000000005
      vertex -3.81051177665153 55.8 2.4
    endloop
  endfacet
  facet normal -0.7518398074789764 -0.6593458151000698 0
    outer loop
      vertex -3.490754697281435 55.32144971236163 2.4
      vertex -3.1112698372208096 54.88873016277919 2.4
      vertex -3.490754697281435 55.32144971236163 19.600000000000005
    endloop
  endfacet
  facet normal -0.9469301294951055 -0.3214394653031623 5.169421464199371e-19
    outer loop
      vertex -4.065069943049662 56.3161928975936 2.4
      vertex -4.250073635671901 56.86119620154891 19.600000000000005
      vertex -4.250073635671901 56.86119620154891 2.4
    endloop
  endfacet
  facet normal -0.9807852804032311 -0.19509032201612556 1.27164611966341e-19
    outer loop
      vertex -4.250073635671901 56.86119620154891 2.4
      vertex -4.362357390044766 57.425684754231774 19.600000000000005
      vertex -4.362357390044766 57.425684754231774 2.4
    endloop
  endfacet
  facet normal -0.9978589232386034 0.06540312923014413 -2.432954575338688e-20
    outer loop
      vertex -4.4 58 2.4
      vertex -4.362357390044766 58.574315245768226 19.600000000000005
      vertex -4.362357390044766 58.574315245768226 2.4
    endloop
  endfacet
  facet normal -0.6593458151000645 -0.7518398074789813 -5.415542285827073e-19
    outer loop
      vertex -2.678550287638371 54.50924530271857 2.4
      vertex -3.1112698372208096 54.88873016277919 19.600000000000005
      vertex -3.1112698372208096 54.88873016277919 2.4
    endloop
  endfacet
  facet normal -0.9807852804032311 0.19509032201612556 -1.27164611966341e-19
    outer loop
      vertex -4.362357390044766 58.574315245768226 2.4
      vertex -4.250073635671901 59.13880379845109 19.600000000000005
      vertex -4.250073635671901 59.13880379845109 2.4
    endloop
  endfacet
  facet normal -0.9469301294951055 0.3214394653031623 -5.169421464199371e-19
    outer loop
      vertex -4.250073635671901 59.13880379845109 2.4
      vertex -4.065069943049662 59.6838071024064 19.600000000000005
      vertex -4.065069943049662 59.6838071024064 2.4
    endloop
  endfacet
  facet normal -0.8968727415326884 0.4422886902190011 0
    outer loop
      vertex -4.065069943049662 59.6838071024064 2.4
      vertex -4.065069943049662 59.6838071024064 19.600000000000005
      vertex -3.859826318519818 60.100000001490116 2.4
    endloop
  endfacet
  facet normal -0.442288690219004 -0.896872741532687 0
    outer loop
      vertex -2.2 54.18948822334847 2.4
      vertex -2.0185358372305537 54.100000001490116 12
      vertex -2.2 54.18948822334847 19.600000000000005
    endloop
  endfacet
  facet normal -0.9978589232386034 0.06540312923014413 0
    outer loop
      vertex -4.4 58 2.4
      vertex -4.4 58 19.600000000000005
      vertex -4.362357390044766 58.574315245768226 19.600000000000005
    endloop
  endfacet
  facet normal -0.6593458151000645 -0.7518398074789813 0
    outer loop
      vertex -2.678550287638371 54.50924530271857 2.4
      vertex -2.678550287638371 54.50924530271857 19.600000000000005
      vertex -3.1112698372208096 54.88873016277919 19.600000000000005
    endloop
  endfacet
  facet normal -0.5555702330196068 -0.8314696123025422 0
    outer loop
      vertex -2.2 54.18948822334847 2.4
      vertex -2.2 54.18948822334847 19.600000000000005
      vertex -2.678550287638371 54.50924530271857 19.600000000000005
    endloop
  endfacet
  facet normal -0.4422886902190044 -0.8968727415326868 -1.155252433190642e-17
    outer loop
      vertex -2.0185358372305537 54.100000001490116 12
      vertex -1.6838071024063952 53.934930056950336 12
      vertex -2.2 54.18948822334847 19.600000000000005
    endloop
  endfacet
  facet normal -0.32143946530316136 -0.9469301294951057 0
    outer loop
      vertex -1.6838071024063952 53.934930056950336 12
      vertex -1.1388037984510913 53.7499263643281 12
      vertex -1.6838071024063952 53.934930056950336 19.600000000000005
    endloop
  endfacet
  facet normal -0.19509032201612064 -0.980785280403232 0
    outer loop
      vertex -1.1388037984510913 53.7499263643281 12
      vertex -0.574315245768227 53.637642609955236 12
      vertex -1.1388037984510913 53.7499263643281 19.600000000000005
    endloop
  endfacet
  facet normal -0.06540312923014399 -0.9978589232386035 0
    outer loop
      vertex -0.574315245768227 53.637642609955236 12
      vertex 0 53.6 12
      vertex -0.574315245768227 53.637642609955236 19.600000000000005
    endloop
  endfacet
  facet normal -0.9469301294951055 -0.3214394653031623 0
    outer loop
      vertex -4.065069943049662 56.3161928975936 2.4
      vertex -4.065069943049662 56.3161928975936 19.600000000000005
      vertex -4.250073635671901 56.86119620154891 19.600000000000005
    endloop
  endfacet
  facet normal -0.8968727415326885 -0.44228869021900113 0
    outer loop
      vertex -3.81051177665153 55.8 2.4
      vertex -3.81051177665153 55.8 19.600000000000005
      vertex -4.065069943049662 56.3161928975936 19.600000000000005
    endloop
  endfacet
  facet normal -0.8314696123025451 -0.5555702330196023 0
    outer loop
      vertex -3.490754697281435 55.32144971236163 2.4
      vertex -3.490754697281435 55.32144971236163 19.600000000000005
      vertex -3.81051177665153 55.8 19.600000000000005
    endloop
  endfacet
  facet normal -0.9807852804032311 -0.19509032201612556 0
    outer loop
      vertex -4.250073635671901 56.86119620154891 2.4
      vertex -4.250073635671901 56.86119620154891 19.600000000000005
      vertex -4.362357390044766 57.425684754231774 19.600000000000005
    endloop
  endfacet
  facet normal -0.9978589232386034 -0.06540312923014413 0
    outer loop
      vertex -4.362357390044766 57.425684754231774 2.4
      vertex -4.362357390044766 57.425684754231774 19.600000000000005
      vertex -4.4 58 19.600000000000005
    endloop
  endfacet
  facet normal -0.7518398074789764 -0.6593458151000698 0
    outer loop
      vertex -3.1112698372208096 54.88873016277919 2.4
      vertex -3.1112698372208096 54.88873016277919 19.600000000000005
      vertex -3.490754697281435 55.32144971236163 19.600000000000005
    endloop
  endfacet
  facet normal -0.9807852804032311 0.19509032201612556 0
    outer loop
      vertex -4.362357390044766 58.574315245768226 2.4
      vertex -4.362357390044766 58.574315245768226 19.600000000000005
      vertex -4.250073635671901 59.13880379845109 19.600000000000005
    endloop
  endfacet
  facet normal -0.9469301294951055 0.3214394653031623 0
    outer loop
      vertex -4.250073635671901 59.13880379845109 2.4
      vertex -4.250073635671901 59.13880379845109 19.600000000000005
      vertex -4.065069943049662 59.6838071024064 19.600000000000005
    endloop
  endfacet
  facet normal -0.8968727415326884 0.4422886902190011 0
    outer loop
      vertex -3.859826318519818 60.100000001490116 2.4
      vertex -4.065069943049662 59.6838071024064 19.600000000000005
      vertex -3.859826318519818 60.100000001490116 19.600000000000005
    endloop
  endfacet
  facet normal -0.4422886902190042 -0.8968727415326868 0
    outer loop
      vertex -1.6838071024063952 53.934930056950336 12
      vertex -1.6838071024063952 53.934930056950336 19.600000000000005
      vertex -2.2 54.18948822334847 19.600000000000005
    endloop
  endfacet
  facet normal -0.32143946530316136 -0.9469301294951057 0
    outer loop
      vertex -1.1388037984510913 53.7499263643281 12
      vertex -1.1388037984510913 53.7499263643281 19.600000000000005
      vertex -1.6838071024063952 53.934930056950336 19.600000000000005
    endloop
  endfacet
  facet normal -0.19509032201612064 -0.980785280403232 0
    outer loop
      vertex -0.574315245768227 53.637642609955236 12
      vertex -0.574315245768227 53.637642609955236 19.600000000000005
      vertex -1.1388037984510913 53.7499263643281 19.600000000000005
    endloop
  endfacet
  facet normal -0.06540312923014399 -0.9978589232386035 -3.0564146745208737e-19
    outer loop
      vertex -0.574315245768227 53.637642609955236 19.600000000000005
      vertex 0 53.6 12
      vertex 0 53.6 19.600000000000005
    endloop
  endfacet
  facet normal 0 0 1
    outer loop
      vertex -1.1388037984510913 53.7499263643281 19.600000000000005
      vertex -0.574315245768227 53.637642609955236 19.600000000000005
      vertex -0.7653668647301796 56.15224093497743 19.600000000000005
    endloop
  endfacet
  facet normal 0 0 1
    outer loop
      vertex -0.574315245768227 53.637642609955236 19.600000000000005
      vertex 0 53.6 19.600000000000005
      vertex -0.26105238444010315 56.01711027725238 19.600000000000005
    endloop
  endfacet
  facet normal 0 0 1
    outer loop
      vertex -4.065069943049662 56.3161928975936 19.600000000000005
      vertex -4.250073635671901 59.13880379845109 19.600000000000005
      vertex -4.250073635671901 56.86119620154891 19.600000000000005
    endloop
  endfacet
  facet normal 0 0 1
    outer loop
      vertex -4.065069943049662 56.3161928975936 19.600000000000005
      vertex -3.81051177665153 55.8 19.600000000000005
      vertex -4.065069943049662 59.6838071024064 19.600000000000005
    endloop
  endfacet
  facet normal 0 0 1
    outer loop
      vertex -4.250073635671901 56.86119620154891 19.600000000000005
      vertex -4.362357390044766 58.574315245768226 19.600000000000005
      vertex -4.362357390044766 57.425684754231774 19.600000000000005
    endloop
  endfacet
  facet normal 0 0 1
    outer loop
      vertex -4.4 58 19.600000000000005
      vertex -4.362357390044766 57.425684754231774 19.600000000000005
      vertex -4.362357390044766 58.574315245768226 19.600000000000005
    endloop
  endfacet
  facet normal 0 0 1
    outer loop
      vertex -4.250073635671901 56.86119620154891 19.600000000000005
      vertex -4.250073635671901 59.13880379845109 19.600000000000005
      vertex -4.362357390044766 58.574315245768226 19.600000000000005
    endloop
  endfacet
  facet normal 0 0 1
    outer loop
      vertex -4.065069943049662 56.3161928975936 19.600000000000005
      vertex -4.065069943049662 59.6838071024064 19.600000000000005
      vertex -4.250073635671901 59.13880379845109 19.600000000000005
    endloop
  endfacet
  facet normal 0 0 1
    outer loop
      vertex -3.81051177665153 55.8 19.600000000000005
      vertex -3.859826318519818 60.100000001490116 19.600000000000005
      vertex -4.065069943049662 59.6838071024064 19.600000000000005
    endloop
  endfacet
  facet normal 0 0 1
    outer loop
      vertex -3.490754697281435 55.32144971236163 19.600000000000005
      vertex -3.859826318519818 60.100000001490116 19.600000000000005
      vertex -3.81051177665153 55.8 19.600000000000005
    endloop
  endfacet
  facet normal 0 0 1
    outer loop
      vertex -3.490754697281435 55.32144971236163 19.600000000000005
      vertex -3.1112698372208096 54.88873016277919 19.600000000000005
      vertex -3.859826318519818 60.100000001490116 19.600000000000005
    endloop
  endfacet
  facet normal 0 0 1
    outer loop
      vertex -2.678550287638371 54.50924530271857 19.600000000000005
      vertex -3.859826318519818 60.100000001490116 19.600000000000005
      vertex -3.1112698372208096 54.88873016277919 19.600000000000005
    endloop
  endfacet
  facet normal 0 0 1
    outer loop
      vertex -2.678550287638371 54.50924530271857 19.600000000000005
      vertex -2.2 54.18948822334847 19.600000000000005
      vertex -3.859826318519818 60.100000001490116 19.600000000000005
    endloop
  endfacet
  facet normal 0 0 1
    outer loop
      vertex -2.2 54.18948822334847 19.600000000000005
      vertex -2 58 19.600000000000005
      vertex -3.859826318519818 60.100000001490116 19.600000000000005
    endloop
  endfacet
  facet normal 0 0 1
    outer loop
      vertex -3.859826318519818 60.100000001490116 19.600000000000005
      vertex -2 58 19.600000000000005
      vertex -1.9828897227476208 58.261052384440106 19.600000000000005
    endloop
  endfacet
  facet normal 0 0 1
    outer loop
      vertex -3.859826318519818 60.100000001490116 19.600000000000005
      vertex -1.9828897227476208 58.261052384440106 19.600000000000005
      vertex -1.9318516525781366 58.51763809020504 19.600000000000005
    endloop
  endfacet
  facet normal 0 0 1
    outer loop
      vertex -3.859826318519818 60.100000001490116 19.600000000000005
      vertex -1.9318516525781366 58.51763809020504 19.600000000000005
      vertex -1.8477590650225735 58.76536686473018 19.600000000000005
    endloop
  endfacet
  facet normal 0 0 1
    outer loop
      vertex -3.859826318519818 60.100000001490116 19.600000000000005
      vertex -1.8477590650225735 58.76536686473018 19.600000000000005
      vertex -1.7320508075688772 59 19.600000000000005
    endloop
  endfacet
  facet normal 0 0 1
    outer loop
      vertex -3.859826318519818 60.100000001490116 19.600000000000005
      vertex -1.7320508075688772 59 19.600000000000005
      vertex -1.5867066805824703 59.21752285801744 19.600000000000005
    endloop
  endfacet
  facet normal 0 0 1
    outer loop
      vertex -3.859826318519818 60.100000001490116 19.600000000000005
      vertex -1.5867066805824703 59.21752285801744 19.600000000000005
      vertex -1.4142135623730951 59.41421356237309 19.600000000000005
    endloop
  endfacet
  facet normal 0 0 1
    outer loop
      vertex -2.2 54.18948822334847 19.600000000000005
      vertex -1.6838071024063952 53.934930056950336 19.600000000000005
      vertex -1.9318516525781366 57.48236190979496 19.600000000000005
    endloop
  endfacet
  facet normal 0 0 1
    outer loop
      vertex -2.2 54.18948822334847 19.600000000000005
      vertex -1.9318516525781366 57.48236190979496 19.600000000000005
      vertex -1.9828897227476208 57.738947615559894 19.600000000000005
    endloop
  endfacet
  facet normal 0 0 1
    outer loop
      vertex -1.6838071024063952 53.934930056950336 19.600000000000005
      vertex -1.5867066805824703 56.78247714198256 19.600000000000005
      vertex -1.7320508075688772 57 19.600000000000005
    endloop
  endfacet
  facet normal 0 0 1
    outer loop
      vertex -1.6838071024063952 53.934930056950336 19.600000000000005
      vertex -1.7320508075688772 57 19.600000000000005
      vertex -1.8477590650225735 57.23463313526982 19.600000000000005
    endloop
  endfacet
  facet normal 0 0 1
    outer loop
      vertex -1.6838071024063952 53.934930056950336 19.600000000000005
      vertex -1.8477590650225735 57.23463313526982 19.600000000000005
      vertex -1.9318516525781366 57.48236190979496 19.600000000000005
    endloop
  endfacet
  facet normal 0 0 1
    outer loop
      vertex -1.6838071024063952 53.934930056950336 19.600000000000005
      vertex -1.1388037984510913 53.7499263643281 19.600000000000005
      vertex -1.4142135623730951 56.58578643762691 19.600000000000005
    endloop
  endfacet
  facet normal 0 0 1
    outer loop
      vertex -1.1388037984510913 53.7499263643281 19.600000000000005
      vertex -1.2175228580174413 56.41329331941753 19.600000000000005
      vertex -1.4142135623730951 56.58578643762691 19.600000000000005
    endloop
  endfacet
  facet normal 0 0 1
    outer loop
      vertex -1.1388037984510913 53.7499263643281 19.600000000000005
      vertex -1 56.267949192431125 19.600000000000005
      vertex -1.2175228580174413 56.41329331941753 19.600000000000005
    endloop
  endfacet
  facet normal 0 0 1
    outer loop
      vertex -1.6838071024063952 53.934930056950336 19.600000000000005
      vertex -1.4142135623730951 56.58578643762691 19.600000000000005
      vertex -1.5867066805824703 56.78247714198256 19.600000000000005
    endloop
  endfacet
  facet normal 0 0 1
    outer loop
      vertex -2.2 54.18948822334847 19.600000000000005
      vertex -1.9828897227476208 57.738947615559894 19.600000000000005
      vertex -2 58 19.600000000000005
    endloop
  endfacet
  facet normal 0 0 1
    outer loop
      vertex -1.1388037984510913 53.7499263643281 19.600000000000005
      vertex -0.7653668647301796 56.15224093497743 19.600000000000005
      vertex -1 56.267949192431125 19.600000000000005
    endloop
  endfacet
  facet normal 0 0 1
    outer loop
      vertex -0.574315245768227 53.637642609955236 19.600000000000005
      vertex -0.5176380902050415 56.06814834742186 19.600000000000005
      vertex -0.7653668647301796 56.15224093497743 19.600000000000005
    endloop
  endfacet
  facet normal 0 0 1
    outer loop
      vertex -0.574315245768227 53.637642609955236 19.600000000000005
      vertex -0.26105238444010315 56.01711027725238 19.600000000000005
      vertex -0.5176380902050415 56.06814834742186 19.600000000000005
    endloop
  endfacet
  facet normal 0 0 1
    outer loop
      vertex -0.26105238444010315 56.01711027725238 19.600000000000005
      vertex 0 53.6 19.600000000000005
      vertex 0 56 19.600000000000005
    endloop
  endfacet
  facet normal 0 0 1
    outer loop
      vertex -3.859826318519818 60.100000001490116 19.600000000000005
      vertex -1.4142135623730951 59.41421356237309 19.600000000000005
      vertex -1.2175228580174413 59.58670668058247 19.600000000000005
    endloop
  endfacet
  facet normal 0 0 1
    outer loop
      vertex -3.859826318519818 60.100000001490116 19.600000000000005
      vertex -1.2175228580174413 59.58670668058247 19.600000000000005
      vertex -1 59.732050807568875 19.600000000000005
    endloop
  endfacet
  facet normal 0 0 1
    outer loop
      vertex -3.859826318519818 60.100000001490116 19.600000000000005
      vertex -1 59.732050807568875 19.600000000000005
      vertex -0.7653668647301796 59.84775906502257 19.600000000000005
    endloop
  endfacet
  facet normal 0 0 1
    outer loop
      vertex -3.859826318519818 60.100000001490116 19.600000000000005
      vertex -0.7653668647301796 59.84775906502257 19.600000000000005
      vertex -0.5176380902050415 59.93185165257814 19.600000000000005
    endloop
  endfacet
  facet normal 0 0 1
    outer loop
      vertex -3.859826318519818 60.100000001490116 19.600000000000005
      vertex -0.5176380902050415 59.93185165257814 19.600000000000005
      vertex -0.26105238444010315 59.98288972274762 19.600000000000005
    endloop
  endfacet
  facet normal 0 0 1
    outer loop
      vertex -3.859826318519818 60.100000001490116 19.600000000000005
      vertex -0.26105238444010315 59.98288972274762 19.600000000000005
      vertex 0 60 19.600000000000005
    endloop
  endfacet
  facet normal 0.4422886902190039 -0.8968727415326869 0
    outer loop
      vertex 2.0185358372305537 54.100000001490116 2.4
      vertex 2.2 54.18948822334847 2.4
      vertex 2.0185358372305537 54.100000001490116 12
    endloop
  endfacet
  facet normal 0.5555702330196068 -0.8314696123025422 0
    outer loop
      vertex 2.2 54.18948822334847 2.4
      vertex 2.678550287638371 54.50924530271857 2.4
      vertex 2.2 54.18948822334847 19.600000000000005
    endloop
  endfacet
  facet normal 0.6593458151000645 -0.7518398074789813 0
    outer loop
      vertex 2.678550287638371 54.50924530271857 2.4
      vertex 3.1112698372208096 54.88873016277919 2.4
      vertex 2.678550287638371 54.50924530271857 19.600000000000005
    endloop
  endfacet
  facet normal 0.7518398074789764 -0.6593458151000698 0
    outer loop
      vertex 3.1112698372208096 54.88873016277919 2.4
      vertex 3.490754697281435 55.32144971236163 2.4
      vertex 3.1112698372208096 54.88873016277919 19.600000000000005
    endloop
  endfacet
  facet normal 0.8314696123025451 -0.5555702330196023 0
    outer loop
      vertex 3.490754697281435 55.32144971236163 2.4
      vertex 3.81051177665153 55.8 2.4
      vertex 3.490754697281435 55.32144971236163 19.600000000000005
    endloop
  endfacet
  facet normal 0.8968727415326885 -0.44228869021900113 0
    outer loop
      vertex 3.81051177665153 55.8 2.4
      vertex 4.065069943049662 56.3161928975936 2.4
      vertex 3.81051177665153 55.8 19.600000000000005
    endloop
  endfacet
  facet normal 0.9469301294951055 -0.3214394653031623 0
    outer loop
      vertex 4.065069943049662 56.3161928975936 2.4
      vertex 4.250073635671901 56.86119620154891 2.4
      vertex 4.065069943049662 56.3161928975936 19.600000000000005
    endloop
  endfacet
  facet normal 0.9807852804032311 -0.19509032201612556 0
    outer loop
      vertex 4.250073635671901 56.86119620154891 2.4
      vertex 4.362357390044766 57.425684754231774 2.4
      vertex 4.250073635671901 56.86119620154891 19.600000000000005
    endloop
  endfacet
  facet normal 0.9978589232386034 -0.06540312923014413 0
    outer loop
      vertex 4.362357390044766 57.425684754231774 2.4
      vertex 4.4 58 2.4
      vertex 4.362357390044766 57.425684754231774 19.600000000000005
    endloop
  endfacet
  facet normal 0.9807852804032311 0.19509032201612556 0
    outer loop
      vertex 4.362357390044766 58.574315245768226 2.4
      vertex 4.250073635671901 59.13880379845109 2.4
      vertex 4.362357390044766 58.574315245768226 19.600000000000005
    endloop
  endfacet
  facet normal 0.9469301294951055 0.3214394653031623 0
    outer loop
      vertex 4.250073635671901 59.13880379845109 2.4
      vertex 4.065069943049662 59.6838071024064 2.4
      vertex 4.250073635671901 59.13880379845109 19.600000000000005
    endloop
  endfacet
  facet normal 0.8968727415326884 0.4422886902190011 -4.1502129774212813e-19
    outer loop
      vertex 4.065069943049662 59.6838071024064 2.4
      vertex 3.859826318519818 60.100000001490116 2.4
      vertex 3.859826318519818 60.100000001490116 19.600000000000005
    endloop
  endfacet
  facet normal 0.9978589232386034 0.06540312923014413 2.432954575338688e-20
    outer loop
      vertex 4.362357390044766 58.574315245768226 2.4
      vertex 4.4 58 19.600000000000005
      vertex 4.4 58 2.4
    endloop
  endfacet
  facet normal 0.442288690219004 -0.896872741532687 0
    outer loop
      vertex 2.2 54.18948822334847 2.4
      vertex 2.2 54.18948822334847 19.600000000000005
      vertex 2.0185358372305537 54.100000001490116 12
    endloop
  endfacet
  facet normal 0.06540312923014399 -0.9978589232386035 0
    outer loop
      vertex 0 53.6 12
      vertex 0.574315245768227 53.637642609955236 12
      vertex 0 53.6 19.600000000000005
    endloop
  endfacet
  facet normal 0.19509032201612064 -0.980785280403232 0
    outer loop
      vertex 0.574315245768227 53.637642609955236 12
      vertex 1.1388037984510913 53.7499263643281 12
      vertex 0.574315245768227 53.637642609955236 19.600000000000005
    endloop
  endfacet
  facet normal 0.32143946530316136 -0.9469301294951057 0
    outer loop
      vertex 1.1388037984510913 53.7499263643281 12
      vertex 1.6838071024063952 53.934930056950336 12
      vertex 1.1388037984510913 53.7499263643281 19.600000000000005
    endloop
  endfacet
  facet normal 0.4422886902190044 -0.8968727415326868 0
    outer loop
      vertex 1.6838071024063952 53.934930056950336 12
      vertex 2.0185358372305537 54.100000001490116 12
      vertex 1.6838071024063952 53.934930056950336 19.600000000000005
    endloop
  endfacet
  facet normal 0.5555702330196068 -0.8314696123025422 0
    outer loop
      vertex 2.678550287638371 54.50924530271857 2.4
      vertex 2.678550287638371 54.50924530271857 19.600000000000005
      vertex 2.2 54.18948822334847 19.600000000000005
    endloop
  endfacet
  facet normal 0.6593458151000645 -0.7518398074789813 0
    outer loop
      vertex 3.1112698372208096 54.88873016277919 2.4
      vertex 3.1112698372208096 54.88873016277919 19.600000000000005
      vertex 2.678550287638371 54.50924530271857 19.600000000000005
    endloop
  endfacet
  facet normal 0.7518398074789764 -0.6593458151000698 0
    outer loop
      vertex 3.490754697281435 55.32144971236163 2.4
      vertex 3.490754697281435 55.32144971236163 19.600000000000005
      vertex 3.1112698372208096 54.88873016277919 19.600000000000005
    endloop
  endfacet
  facet normal 0.8314696123025451 -0.5555702330196023 0
    outer loop
      vertex 3.81051177665153 55.8 2.4
      vertex 3.81051177665153 55.8 19.600000000000005
      vertex 3.490754697281435 55.32144971236163 19.600000000000005
    endloop
  endfacet
  facet normal 0.8968727415326885 -0.44228869021900113 0
    outer loop
      vertex 4.065069943049662 56.3161928975936 2.4
      vertex 4.065069943049662 56.3161928975936 19.600000000000005
      vertex 3.81051177665153 55.8 19.600000000000005
    endloop
  endfacet
  facet normal 0.9469301294951055 -0.3214394653031623 0
    outer loop
      vertex 4.250073635671901 56.86119620154891 2.4
      vertex 4.250073635671901 56.86119620154891 19.600000000000005
      vertex 4.065069943049662 56.3161928975936 19.600000000000005
    endloop
  endfacet
  facet normal 0.9807852804032311 -0.19509032201612556 0
    outer loop
      vertex 4.362357390044766 57.425684754231774 2.4
      vertex 4.362357390044766 57.425684754231774 19.600000000000005
      vertex 4.250073635671901 56.86119620154891 19.600000000000005
    endloop
  endfacet
  facet normal 0.9978589232386034 0.06540312923014413 0
    outer loop
      vertex 4.362357390044766 58.574315245768226 2.4
      vertex 4.362357390044766 58.574315245768226 19.600000000000005
      vertex 4.4 58 19.600000000000005
    endloop
  endfacet
  facet normal 0.9807852804032311 0.19509032201612556 0
    outer loop
      vertex 4.250073635671901 59.13880379845109 2.4
      vertex 4.250073635671901 59.13880379845109 19.600000000000005
      vertex 4.362357390044766 58.574315245768226 19.600000000000005
    endloop
  endfacet
  facet normal 0.9469301294951055 0.3214394653031623 0
    outer loop
      vertex 4.065069943049662 59.6838071024064 2.4
      vertex 4.065069943049662 59.6838071024064 19.600000000000005
      vertex 4.250073635671901 59.13880379845109 19.600000000000005
    endloop
  endfacet
  facet normal 0.8968727415326884 0.4422886902190011 0
    outer loop
      vertex 4.065069943049662 59.6838071024064 2.4
      vertex 3.859826318519818 60.100000001490116 19.600000000000005
      vertex 4.065069943049662 59.6838071024064 19.600000000000005
    endloop
  endfacet
  facet normal 0.9978589232386034 -0.06540312923014413 0
    outer loop
      vertex 4.4 58 2.4
      vertex 4.4 58 19.600000000000005
      vertex 4.362357390044766 57.425684754231774 19.600000000000005
    endloop
  endfacet
  facet normal 0.06540312923014399 -0.9978589232386035 0
    outer loop
      vertex 0.574315245768227 53.637642609955236 12
      vertex 0.574315245768227 53.637642609955236 19.600000000000005
      vertex 0 53.6 19.600000000000005
    endloop
  endfacet
  facet normal 0.19509032201612064 -0.980785280403232 0
    outer loop
      vertex 1.1388037984510913 53.7499263643281 12
      vertex 1.1388037984510913 53.7499263643281 19.600000000000005
      vertex 0.574315245768227 53.637642609955236 19.600000000000005
    endloop
  endfacet
  facet normal 0.32143946530316136 -0.9469301294951057 0
    outer loop
      vertex 1.6838071024063952 53.934930056950336 12
      vertex 1.6838071024063952 53.934930056950336 19.600000000000005
      vertex 1.1388037984510913 53.7499263643281 19.600000000000005
    endloop
  endfacet
  facet normal 0.4422886902190042 -0.8968727415326868 -7.152630717550886e-18
    outer loop
      vertex 2.0185358372305537 54.100000001490116 12
      vertex 2.2 54.18948822334847 19.600000000000005
      vertex 1.6838071024063952 53.934930056950336 19.600000000000005
    endloop
  endfacet
  facet normal 0 0 1
    outer loop
      vertex 0 53.6 19.600000000000005
      vertex 0.574315245768227 53.637642609955236 19.600000000000005
      vertex 0.26105238444010315 56.01711027725238 19.600000000000005
    endloop
  endfacet
  facet normal 0 0 1
    outer loop
      vertex 0.574315245768227 53.637642609955236 19.600000000000005
      vertex 1.1388037984510913 53.7499263643281 19.600000000000005
      vertex 0.5176380902050415 56.06814834742186 19.600000000000005
    endloop
  endfacet
  facet normal 0 0 1
    outer loop
      vertex 1.1388037984510913 53.7499263643281 19.600000000000005
      vertex 1.6838071024063952 53.934930056950336 19.600000000000005
      vertex 1 56.267949192431125 19.600000000000005
    endloop
  endfacet
  facet normal 0 0 1
    outer loop
      vertex 0 53.6 19.600000000000005
      vertex 0.26105238444010315 56.01711027725238 19.600000000000005
      vertex 0 56 19.600000000000005
    endloop
  endfacet
  facet normal 0 0 1
    outer loop
      vertex 0.574315245768227 53.637642609955236 19.600000000000005
      vertex 0.5176380902050415 56.06814834742186 19.600000000000005
      vertex 0.26105238444010315 56.01711027725238 19.600000000000005
    endloop
  endfacet
  facet normal 0 0 1
    outer loop
      vertex 1.1388037984510913 53.7499263643281 19.600000000000005
      vertex 0.7653668647301796 56.15224093497743 19.600000000000005
      vertex 0.5176380902050415 56.06814834742186 19.600000000000005
    endloop
  endfacet
  facet normal 0 0 1
    outer loop
      vertex 1.1388037984510913 53.7499263643281 19.600000000000005
      vertex 1 56.267949192431125 19.600000000000005
      vertex 0.7653668647301796 56.15224093497743 19.600000000000005
    endloop
  endfacet
  facet normal 0 0 1
    outer loop
      vertex 1.6838071024063952 53.934930056950336 19.600000000000005
      vertex 1.2175228580174413 56.41329331941753 19.600000000000005
      vertex 1 56.267949192431125 19.600000000000005
    endloop
  endfacet
  facet normal 0 0 1
    outer loop
      vertex 1.6838071024063952 53.934930056950336 19.600000000000005
      vertex 1.4142135623730951 56.58578643762691 19.600000000000005
      vertex 1.2175228580174413 56.41329331941753 19.600000000000005
    endloop
  endfacet
  facet normal 0 0 1
    outer loop
      vertex 1.6838071024063952 53.934930056950336 19.600000000000005
      vertex 1.5867066805824703 56.78247714198256 19.600000000000005
      vertex 1.4142135623730951 56.58578643762691 19.600000000000005
    endloop
  endfacet
  facet normal 0 0 1
    outer loop
      vertex 1.6838071024063952 53.934930056950336 19.600000000000005
      vertex 2.2 54.18948822334847 19.600000000000005
      vertex 1.5867066805824703 56.78247714198256 19.600000000000005
    endloop
  endfacet
  facet normal 0 0 1
    outer loop
      vertex 2.2 54.18948822334847 19.600000000000005
      vertex 1.7320508075688772 57 19.600000000000005
      vertex 1.5867066805824703 56.78247714198256 19.600000000000005
    endloop
  endfacet
  facet normal 0 0 1
    outer loop
      vertex 2.2 54.18948822334847 19.600000000000005
      vertex 1.8477590650225735 57.23463313526982 19.600000000000005
      vertex 1.7320508075688772 57 19.600000000000005
    endloop
  endfacet
  facet normal 0 0 1
    outer loop
      vertex 2.2 54.18948822334847 19.600000000000005
      vertex 1.9318516525781366 57.48236190979496 19.600000000000005
      vertex 1.8477590650225735 57.23463313526982 19.600000000000005
    endloop
  endfacet
  facet normal 0 0 1
    outer loop
      vertex 2.2 54.18948822334847 19.600000000000005
      vertex 1.9828897227476208 57.738947615559894 19.600000000000005
      vertex 1.9318516525781366 57.48236190979496 19.600000000000005
    endloop
  endfacet
  facet normal 0 0 1
    outer loop
      vertex 2.2 54.18948822334847 19.600000000000005
      vertex 2 58 19.600000000000005
      vertex 1.9828897227476208 57.738947615559894 19.600000000000005
    endloop
  endfacet
  facet normal 0 0 1
    outer loop
      vertex -3.859826318519818 60.100000001490116 19.600000000000005
      vertex 0 60 19.600000000000005
      vertex 3.859826318519818 60.100000001490116 19.600000000000005
    endloop
  endfacet
  facet normal 0 0 1
    outer loop
      vertex 0 60 19.600000000000005
      vertex 0.26105238444010315 59.98288972274762 19.600000000000005
      vertex 3.859826318519818 60.100000001490116 19.600000000000005
    endloop
  endfacet
  facet normal 0 0 1
    outer loop
      vertex 0.26105238444010315 59.98288972274762 19.600000000000005
      vertex 0.5176380902050415 59.93185165257814 19.600000000000005
      vertex 3.859826318519818 60.100000001490116 19.600000000000005
    endloop
  endfacet
  facet normal 0 0 1
    outer loop
      vertex 0.5176380902050415 59.93185165257814 19.600000000000005
      vertex 0.7653668647301796 59.84775906502257 19.600000000000005
      vertex 3.859826318519818 60.100000001490116 19.600000000000005
    endloop
  endfacet
  facet normal 0 0 1
    outer loop
      vertex 0.7653668647301796 59.84775906502257 19.600000000000005
      vertex 1 59.732050807568875 19.600000000000005
      vertex 3.859826318519818 60.100000001490116 19.600000000000005
    endloop
  endfacet
  facet normal 0 0 1
    outer loop
      vertex 1 59.732050807568875 19.600000000000005
      vertex 1.2175228580174413 59.58670668058247 19.600000000000005
      vertex 3.859826318519818 60.100000001490116 19.600000000000005
    endloop
  endfacet
  facet normal 0 0 1
    outer loop
      vertex 1.4142135623730951 59.41421356237309 19.600000000000005
      vertex 3.859826318519818 60.100000001490116 19.600000000000005
      vertex 1.2175228580174413 59.58670668058247 19.600000000000005
    endloop
  endfacet
  facet normal 0 0 1
    outer loop
      vertex 2.2 54.18948822334847 19.600000000000005
      vertex 2.678550287638371 54.50924530271857 19.600000000000005
      vertex 3.859826318519818 60.100000001490116 19.600000000000005
    endloop
  endfacet
  facet normal 0 0 1
    outer loop
      vertex 2.678550287638371 54.50924530271857 19.600000000000005
      vertex 3.1112698372208096 54.88873016277919 19.600000000000005
      vertex 3.859826318519818 60.100000001490116 19.600000000000005
    endloop
  endfacet
  facet normal 0 0 1
    outer loop
      vertex 2.2 54.18948822334847 19.600000000000005
      vertex 3.859826318519818 60.100000001490116 19.600000000000005
      vertex 2 58 19.600000000000005
    endloop
  endfacet
  facet normal 0 0 1
    outer loop
      vertex 3.1112698372208096 54.88873016277919 19.600000000000005
      vertex 3.490754697281435 55.32144971236163 19.600000000000005
      vertex 3.859826318519818 60.100000001490116 19.600000000000005
    endloop
  endfacet
  facet normal 0 0 1
    outer loop
      vertex 3.490754697281435 55.32144971236163 19.600000000000005
      vertex 3.81051177665153 55.8 19.600000000000005
      vertex 3.859826318519818 60.100000001490116 19.600000000000005
    endloop
  endfacet
  facet normal 0 0 1
    outer loop
      vertex 3.81051177665153 55.8 19.600000000000005
      vertex 4.065069943049662 56.3161928975936 19.600000000000005
      vertex 3.859826318519818 60.100000001490116 19.600000000000005
    endloop
  endfacet
  facet normal 0 0 1
    outer loop
      vertex 4.065069943049662 56.3161928975936 19.600000000000005
      vertex 4.250073635671901 56.86119620154891 19.600000000000005
      vertex 4.065069943049662 59.6838071024064 19.600000000000005
    endloop
  endfacet
  facet normal 0 0 1
    outer loop
      vertex 4.250073635671901 56.86119620154891 19.600000000000005
      vertex 4.362357390044766 57.425684754231774 19.600000000000005
      vertex 4.250073635671901 59.13880379845109 19.600000000000005
    endloop
  endfacet
  facet normal 0 0 1
    outer loop
      vertex 4.362357390044766 57.425684754231774 19.600000000000005
      vertex 4.4 58 19.600000000000005
      vertex 4.362357390044766 58.574315245768226 19.600000000000005
    endloop
  endfacet
  facet normal 0 0 1
    outer loop
      vertex 4.250073635671901 56.86119620154891 19.600000000000005
      vertex 4.250073635671901 59.13880379845109 19.600000000000005
      vertex 4.065069943049662 59.6838071024064 19.600000000000005
    endloop
  endfacet
  facet normal 0 0 1
    outer loop
      vertex 4.362357390044766 57.425684754231774 19.600000000000005
      vertex 4.362357390044766 58.574315245768226 19.600000000000005
      vertex 4.250073635671901 59.13880379845109 19.600000000000005
    endloop
  endfacet
  facet normal 0 0 1
    outer loop
      vertex 1.5867066805824703 59.21752285801744 19.600000000000005
      vertex 1.7320508075688772 59 19.600000000000005
      vertex 3.859826318519818 60.100000001490116 19.600000000000005
    endloop
  endfacet
  facet normal 0 0 1
    outer loop
      vertex 1.9828897227476208 58.261052384440106 19.600000000000005
      vertex 3.859826318519818 60.100000001490116 19.600000000000005
      vertex 1.9318516525781366 58.51763809020504 19.600000000000005
    endloop
  endfacet
  facet normal 0 0 1
    outer loop
      vertex 2 58 19.600000000000005
      vertex 3.859826318519818 60.100000001490116 19.600000000000005
      vertex 1.9828897227476208 58.261052384440106 19.600000000000005
    endloop
  endfacet
  facet normal 0 0 1
    outer loop
      vertex 1.7320508075688772 59 19.600000000000005
      vertex 1.8477590650225735 58.76536686473018 19.600000000000005
      vertex 3.859826318519818 60.100000001490116 19.600000000000005
    endloop
  endfacet
  facet normal 0 0 1
    outer loop
      vertex 1.9318516525781366 58.51763809020504 19.600000000000005
      vertex 3.859826318519818 60.100000001490116 19.600000000000005
      vertex 1.8477590650225735 58.76536686473018 19.600000000000005
    endloop
  endfacet
  facet normal 0 0 1
    outer loop
      vertex 1.4142135623730951 59.41421356237309 19.600000000000005
      vertex 1.5867066805824703 59.21752285801744 19.600000000000005
      vertex 3.859826318519818 60.100000001490116 19.600000000000005
    endloop
  endfacet
  facet normal 0 0 1
    outer loop
      vertex 4.065069943049662 56.3161928975936 19.600000000000005
      vertex 4.065069943049662 59.6838071024064 19.600000000000005
      vertex 3.859826318519818 60.100000001490116 19.600000000000005
    endloop
  endfacet
  facet normal -0.9978589232386034 -0.06540312923014398 -1.3505088096720144e-19
    outer loop
      vertex 25.137642609955236 -0.574315245768227 2.4
      vertex 25.1 0 19.600000000000005
      vertex 25.1 0 2.4
    endloop
  endfacet
  facet normal -0.8314696123025451 -0.5555702330196025 0
    outer loop
      vertex 25.68948822334847 -2.2 2.4
      vertex 26.009245302718565 -2.678550287638371 2.4
      vertex 25.68948822334847 -2.2 19.600000000000005
    endloop
  endfacet
  facet normal -0.7518398074789782 -0.659345815100068 0
    outer loop
      vertex 26.009245302718565 -2.678550287638371 2.4
      vertex 26.38873016277919 -3.1112698372208096 2.4
      vertex 26.009245302718565 -2.678550287638371 19.600000000000005
    endloop
  endfacet
  facet normal -0.9469301294951038 -0.3214394653031669 0
    outer loop
      vertex 25.249926364328097 -1.1388037984510913 2.4
      vertex 25.43493005695034 -1.6838071024063952 2.4
      vertex 25.249926364328097 -1.1388037984510913 19.600000000000005
    endloop
  endfacet
  facet normal -0.8968727415326893 -0.4422886902189993 -3.7909443974881493e-19
    outer loop
      vertex 25.68948822334847 -2.2 2.4
      vertex 25.43493005695034 -1.6838071024063952 19.600000000000005
      vertex 25.43493005695034 -1.6838071024063952 2.4
    endloop
  endfacet
  facet normal -0.980785280403232 -0.19509032201612062 0
    outer loop
      vertex 25.137642609955236 -0.574315245768227 2.4
      vertex 25.249926364328097 -1.1388037984510913 2.4
      vertex 25.137642609955236 -0.574315245768227 19.600000000000005
    endloop
  endfacet
  facet normal -0.32143946530316414 -0.9469301294951048 0
    outer loop
      vertex 27.816192897593606 -4.065069943049662 2.4
      vertex 28.361196201548907 -4.250073635671901 2.4
      vertex 27.816192897593606 -4.065069943049662 19.600000000000005
    endloop
  endfacet
  facet normal -0.659345815100067 -0.7518398074789793 0
    outer loop
      vertex 26.38873016277919 -3.1112698372208096 2.4
      vertex 26.82144971236163 -3.490754697281435 2.4
      vertex 26.38873016277919 -3.1112698372208096 19.600000000000005
    endloop
  endfacet
  facet normal -0.5555702330196023 -0.8314696123025451 0
    outer loop
      vertex 26.82144971236163 -3.490754697281435 2.4
      vertex 27.3 -3.81051177665153 2.4
      vertex 26.82144971236163 -3.490754697281435 19.600000000000005
    endloop
  endfacet
  facet normal -0.44228869021900113 -0.8968727415326885 2.45417278788647e-19
    outer loop
      vertex 27.816192897593606 -4.065069943049662 2.4
      vertex 27.3 -3.81051177665153 19.600000000000005
      vertex 27.3 -3.81051177665153 2.4
    endloop
  endfacet
  facet normal -0.19509032201612556 -0.9807852804032311 0
    outer loop
      vertex 28.361196201548907 -4.250073635671901 2.4
      vertex 28.925684754231774 -4.362357390044766 2.4
      vertex 28.361196201548907 -4.250073635671901 19.600000000000005
    endloop
  endfacet
  facet normal -0.06540312923014413 -0.9978589232386034 0
    outer loop
      vertex 28.925684754231774 -4.362357390044766 2.4
      vertex 29.5 -4.4 2.4
      vertex 28.925684754231774 -4.362357390044766 19.600000000000005
    endloop
  endfacet
  facet normal 0.06540312923014413 -0.9978589232386034 0
    outer loop
      vertex 29.5 -4.4 2.4
      vertex 30.074315245768226 -4.362357390044766 2.4
      vertex 29.5 -4.4 19.600000000000005
    endloop
  endfacet
  facet normal 0.19509032201612556 -0.9807852804032311 0
    outer loop
      vertex 30.074315245768226 -4.362357390044766 2.4
      vertex 30.638803798451093 -4.250073635671901 2.4
      vertex 30.074315245768226 -4.362357390044766 19.600000000000005
    endloop
  endfacet
  facet normal 0.32143946530316414 -0.9469301294951048 0
    outer loop
      vertex 30.638803798451093 -4.250073635671901 2.4
      vertex 31.183807102406394 -4.065069943049662 2.4
      vertex 30.638803798451093 -4.250073635671901 19.600000000000005
    endloop
  endfacet
  facet normal 0.44228869021900113 -0.8968727415326885 0
    outer loop
      vertex 31.183807102406394 -4.065069943049662 2.4
      vertex 31.7 -3.81051177665153 2.4
      vertex 31.183807102406394 -4.065069943049662 19.600000000000005
    endloop
  endfacet
  facet normal 0.5555702330195995 -0.831469612302547 0
    outer loop
      vertex 31.7 -3.81051177665153 2.4
      vertex 32.17855028763837 -3.490754697281435 2.4
      vertex 31.7 -3.81051177665153 19.600000000000005
    endloop
  endfacet
  facet normal 0.6593458151000701 -0.7518398074789764 1.2272711451005513e-18
    outer loop
      vertex 32.17855028763837 -3.490754697281435 2.4
      vertex 32.600000001490116 -3.121153217898423 2.4
      vertex 32.600000001490116 -3.121153217898423 19.600000000000005
    endloop
  endfacet
  facet normal -0.9978589232386034 -0.06540312923014398 0
    outer loop
      vertex 25.137642609955236 -0.574315245768227 2.4
      vertex 25.137642609955236 -0.574315245768227 19.600000000000005
      vertex 25.1 0 19.600000000000005
    endloop
  endfacet
  facet normal -0.8968727415326893 -0.4422886902189993 0
    outer loop
      vertex 25.68948822334847 -2.2 2.4
      vertex 25.68948822334847 -2.2 19.600000000000005
      vertex 25.43493005695034 -1.6838071024063952 19.600000000000005
    endloop
  endfacet
  facet normal -0.8314696123025451 -0.5555702330196025 0
    outer loop
      vertex 26.009245302718565 -2.678550287638371 2.4
      vertex 26.009245302718565 -2.678550287638371 19.600000000000005
      vertex 25.68948822334847 -2.2 19.600000000000005
    endloop
  endfacet
  facet normal -0.9469301294951038 -0.3214394653031669 0
    outer loop
      vertex 25.43493005695034 -1.6838071024063952 2.4
      vertex 25.43493005695034 -1.6838071024063952 19.600000000000005
      vertex 25.249926364328097 -1.1388037984510913 19.600000000000005
    endloop
  endfacet
  facet normal -0.980785280403232 -0.19509032201612062 0
    outer loop
      vertex 25.249926364328097 -1.1388037984510913 2.4
      vertex 25.249926364328097 -1.1388037984510913 19.600000000000005
      vertex 25.137642609955236 -0.574315245768227 19.600000000000005
    endloop
  endfacet
  facet normal -0.44228869021900113 -0.8968727415326885 0
    outer loop
      vertex 27.816192897593606 -4.065069943049662 2.4
      vertex 27.816192897593606 -4.065069943049662 19.600000000000005
      vertex 27.3 -3.81051177665153 19.600000000000005
    endloop
  endfacet
  facet normal -0.32143946530316414 -0.9469301294951048 0
    outer loop
      vertex 28.361196201548907 -4.250073635671901 2.4
      vertex 28.361196201548907 -4.250073635671901 19.600000000000005
      vertex 27.816192897593606 -4.065069943049662 19.600000000000005
    endloop
  endfacet
  facet normal -0.7518398074789782 -0.659345815100068 0
    outer loop
      vertex 26.38873016277919 -3.1112698372208096 2.4
      vertex 26.38873016277919 -3.1112698372208096 19.600000000000005
      vertex 26.009245302718565 -2.678550287638371 19.600000000000005
    endloop
  endfacet
  facet normal -0.659345815100067 -0.7518398074789793 0
    outer loop
      vertex 26.82144971236163 -3.490754697281435 2.4
      vertex 26.82144971236163 -3.490754697281435 19.600000000000005
      vertex 26.38873016277919 -3.1112698372208096 19.600000000000005
    endloop
  endfacet
  facet normal -0.5555702330196023 -0.8314696123025451 0
    outer loop
      vertex 27.3 -3.81051177665153 2.4
      vertex 27.3 -3.81051177665153 19.600000000000005
      vertex 26.82144971236163 -3.490754697281435 19.600000000000005
    endloop
  endfacet
  facet normal -0.19509032201612556 -0.9807852804032311 0
    outer loop
      vertex 28.925684754231774 -4.362357390044766 2.4
      vertex 28.925684754231774 -4.362357390044766 19.600000000000005
      vertex 28.361196201548907 -4.250073635671901 19.600000000000005
    endloop
  endfacet
  facet normal -0.06540312923014413 -0.9978589232386034 0
    outer loop
      vertex 29.5 -4.4 2.4
      vertex 29.5 -4.4 19.600000000000005
      vertex 28.925684754231774 -4.362357390044766 19.600000000000005
    endloop
  endfacet
  facet normal 0.06540312923014413 -0.9978589232386034 0
    outer loop
      vertex 30.074315245768226 -4.362357390044766 2.4
      vertex 30.074315245768226 -4.362357390044766 19.600000000000005
      vertex 29.5 -4.4 19.600000000000005
    endloop
  endfacet
  facet normal 0.19509032201612556 -0.9807852804032311 0
    outer loop
      vertex 30.638803798451093 -4.250073635671901 2.4
      vertex 30.638803798451093 -4.250073635671901 19.600000000000005
      vertex 30.074315245768226 -4.362357390044766 19.600000000000005
    endloop
  endfacet
  facet normal 0.32143946530316414 -0.9469301294951048 0
    outer loop
      vertex 31.183807102406394 -4.065069943049662 2.4
      vertex 31.183807102406394 -4.065069943049662 19.600000000000005
      vertex 30.638803798451093 -4.250073635671901 19.600000000000005
    endloop
  endfacet
  facet normal 0.44228869021900113 -0.8968727415326885 0
    outer loop
      vertex 31.7 -3.81051177665153 2.4
      vertex 31.7 -3.81051177665153 19.600000000000005
      vertex 31.183807102406394 -4.065069943049662 19.600000000000005
    endloop
  endfacet
  facet normal 0.5555702330195995 -0.831469612302547 0
    outer loop
      vertex 32.17855028763837 -3.490754697281435 2.4
      vertex 32.17855028763837 -3.490754697281435 19.600000000000005
      vertex 31.7 -3.81051177665153 19.600000000000005
    endloop
  endfacet
  facet normal 0.6593458151000701 -0.7518398074789764 0
    outer loop
      vertex 32.17855028763837 -3.490754697281435 2.4
      vertex 32.600000001490116 -3.121153217898423 19.600000000000005
      vertex 32.17855028763837 -3.490754697281435 19.600000000000005
    endloop
  endfacet
  facet normal 0 0 1
    outer loop
      vertex 25.249926364328097 -1.1388037984510913 19.600000000000005
      vertex 25.43493005695034 -1.6838071024063952 19.600000000000005
      vertex 25.249926364328097 1.1388037984510913 19.600000000000005
    endloop
  endfacet
  facet normal 0 0 1
    outer loop
      vertex 25.137642609955236 -0.574315245768227 19.600000000000005
      vertex 25.249926364328097 -1.1388037984510913 19.600000000000005
      vertex 25.137642609955236 0.574315245768227 19.600000000000005
    endloop
  endfacet
  facet normal 0 0 1
    outer loop
      vertex 25.68948822334847 -2.2 19.600000000000005
      vertex 25.43493005695034 1.6838071024063952 19.600000000000005
      vertex 25.43493005695034 -1.6838071024063952 19.600000000000005
    endloop
  endfacet
  facet normal 0 0 1
    outer loop
      vertex 26.009245302718565 -2.678550287638371 19.600000000000005
      vertex 26.38873016277919 -3.1112698372208096 19.600000000000005
      vertex 26.009245302718565 2.678550287638371 19.600000000000005
    endloop
  endfacet
  facet normal 0 0 1
    outer loop
      vertex 25.68948822334847 -2.2 19.600000000000005
      vertex 26.009245302718565 -2.678550287638371 19.600000000000005
      vertex 25.68948822334847 2.2 19.600000000000005
    endloop
  endfacet
  facet normal 0 0 1
    outer loop
      vertex 26.38873016277919 -3.1112698372208096 19.600000000000005
      vertex 26.82144971236163 -3.490754697281435 19.600000000000005
      vertex 26.38873016277919 3.1112698372208096 19.600000000000005
    endloop
  endfacet
  facet normal 0 0 1
    outer loop
      vertex 26.82144971236163 -3.490754697281435 19.600000000000005
      vertex 27.3 -3.81051177665153 19.600000000000005
      vertex 26.82144971236163 3.490754697281435 19.600000000000005
    endloop
  endfacet
  facet normal 0 0 1
    outer loop
      vertex 27.816192897593606 -4.065069943049662 19.600000000000005
      vertex 27.568148347421864 -0.5176380902050415 19.600000000000005
      vertex 27.3 -3.81051177665153 19.600000000000005
    endloop
  endfacet
  facet normal 0 0 1
    outer loop
      vertex 27.816192897593606 -4.065069943049662 19.600000000000005
      vertex 27.91329331941753 -1.2175228580174413 19.600000000000005
      vertex 27.76794919243112 -1 19.600000000000005
    endloop
  endfacet
  facet normal 0 0 1
    outer loop
      vertex 27.816192897593606 -4.065069943049662 19.600000000000005
      vertex 28.361196201548907 -4.250073635671901 19.600000000000005
      vertex 28.085786437626904 -1.4142135623730951 19.600000000000005
    endloop
  endfacet
  facet normal 0 0 1
    outer loop
      vertex 27.816192897593606 -4.065069943049662 19.600000000000005
      vertex 28.085786437626904 -1.4142135623730951 19.600000000000005
      vertex 27.91329331941753 -1.2175228580174413 19.600000000000005
    endloop
  endfacet
  facet normal 0 0 1
    outer loop
      vertex 28.361196201548907 -4.250073635671901 19.600000000000005
      vertex 28.5 -1.7320508075688772 19.600000000000005
      vertex 28.282477141982557 -1.5867066805824703 19.600000000000005
    endloop
  endfacet
  facet normal 0 0 1
    outer loop
      vertex 28.361196201548907 -4.250073635671901 19.600000000000005
      vertex 28.282477141982557 -1.5867066805824703 19.600000000000005
      vertex 28.085786437626904 -1.4142135623730951 19.600000000000005
    endloop
  endfacet
  facet normal 0 0 1
    outer loop
      vertex 27.3 -3.81051177665153 19.600000000000005
      vertex 27.568148347421864 -0.5176380902050415 19.600000000000005
      vertex 27.517110277252378 -0.26105238444010315 19.600000000000005
    endloop
  endfacet
  facet normal 0 0 1
    outer loop
      vertex 27.3 -3.81051177665153 19.600000000000005
      vertex 27.517110277252378 -0.26105238444010315 19.600000000000005
      vertex 27.5 0 19.600000000000005
    endloop
  endfacet
  facet normal 0 0 1
    outer loop
      vertex 27.816192897593606 -4.065069943049662 19.600000000000005
      vertex 27.652240934977428 -0.7653668647301796 19.600000000000005
      vertex 27.568148347421864 -0.5176380902050415 19.600000000000005
    endloop
  endfacet
  facet normal 0 0 1
    outer loop
      vertex 27.816192897593606 -4.065069943049662 19.600000000000005
      vertex 27.76794919243112 -1 19.600000000000005
      vertex 27.652240934977428 -0.7653668647301796 19.600000000000005
    endloop
  endfacet
  facet normal 0 0 1
    outer loop
      vertex 28.361196201548907 -4.250073635671901 19.600000000000005
      vertex 28.925684754231774 -4.362357390044766 19.600000000000005
      vertex 28.73463313526982 -1.8477590650225735 19.600000000000005
    endloop
  endfacet
  facet normal 0 0 1
    outer loop
      vertex 28.361196201548907 -4.250073635671901 19.600000000000005
      vertex 28.73463313526982 -1.8477590650225735 19.600000000000005
      vertex 28.5 -1.7320508075688772 19.600000000000005
    endloop
  endfacet
  facet normal 0 0 1
    outer loop
      vertex 28.925684754231774 -4.362357390044766 19.600000000000005
      vertex 28.98236190979496 -1.9318516525781366 19.600000000000005
      vertex 28.73463313526982 -1.8477590650225735 19.600000000000005
    endloop
  endfacet
  facet normal 0 0 1
    outer loop
      vertex 28.925684754231774 -4.362357390044766 19.600000000000005
      vertex 29.5 -4.4 19.600000000000005
      vertex 29.238947615559898 -1.9828897227476208 19.600000000000005
    endloop
  endfacet
  facet normal 0 0 1
    outer loop
      vertex 28.925684754231774 -4.362357390044766 19.600000000000005
      vertex 29.238947615559898 -1.9828897227476208 19.600000000000005
      vertex 28.98236190979496 -1.9318516525781366 19.600000000000005
    endloop
  endfacet
  facet normal 0 0 1
    outer loop
      vertex 29.5 -4.4 19.600000000000005
      vertex 29.5 -2 19.600000000000005
      vertex 29.238947615559898 -1.9828897227476208 19.600000000000005
    endloop
  endfacet
  facet normal 0 0 1
    outer loop
      vertex 29.5 -4.4 19.600000000000005
      vertex 30.074315245768226 -4.362357390044766 19.600000000000005
      vertex 29.761052384440102 -1.9828897227476208 19.600000000000005
    endloop
  endfacet
  facet normal 0 0 1
    outer loop
      vertex 29.5 -4.4 19.600000000000005
      vertex 29.761052384440102 -1.9828897227476208 19.600000000000005
      vertex 29.5 -2 19.600000000000005
    endloop
  endfacet
  facet normal 0 0 1
    outer loop
      vertex 30.074315245768226 -4.362357390044766 19.600000000000005
      vertex 30.01763809020504 -1.9318516525781366 19.600000000000005
      vertex 29.761052384440102 -1.9828897227476208 19.600000000000005
    endloop
  endfacet
  facet normal 0 0 1
    outer loop
      vertex 30.074315245768226 -4.362357390044766 19.600000000000005
      vertex 30.638803798451093 -4.250073635671901 19.600000000000005
      vertex 30.01763809020504 -1.9318516525781366 19.600000000000005
    endloop
  endfacet
  facet normal 0 0 1
    outer loop
      vertex 30.01763809020504 -1.9318516525781366 19.600000000000005
      vertex 30.638803798451093 -4.250073635671901 19.600000000000005
      vertex 30.26536686473018 -1.8477590650225735 19.600000000000005
    endloop
  endfacet
  facet normal 0 0 1
    outer loop
      vertex 30.26536686473018 -1.8477590650225735 19.600000000000005
      vertex 30.638803798451093 -4.250073635671901 19.600000000000005
      vertex 30.5 -1.7320508075688772 19.600000000000005
    endloop
  endfacet
  facet normal 0 0 1
    outer loop
      vertex 30.5 -1.7320508075688772 19.600000000000005
      vertex 30.638803798451093 -4.250073635671901 19.600000000000005
      vertex 31.183807102406394 -4.065069943049662 19.600000000000005
    endloop
  endfacet
  facet normal 0 0 1
    outer loop
      vertex 30.5 -1.7320508075688772 19.600000000000005
      vertex 31.183807102406394 -4.065069943049662 19.600000000000005
      vertex 30.717522858017443 -1.5867066805824703 19.600000000000005
    endloop
  endfacet
  facet normal 0 0 1
    outer loop
      vertex 31.183807102406394 -4.065069943049662 19.600000000000005
      vertex 30.914213562373096 -1.4142135623730951 19.600000000000005
      vertex 30.717522858017443 -1.5867066805824703 19.600000000000005
    endloop
  endfacet
  facet normal 0 0 1
    outer loop
      vertex 31.183807102406394 -4.065069943049662 19.600000000000005
      vertex 31.08670668058247 -1.2175228580174413 19.600000000000005
      vertex 30.914213562373096 -1.4142135623730951 19.600000000000005
    endloop
  endfacet
  facet normal 0 0 1
    outer loop
      vertex 31.183807102406394 -4.065069943049662 19.600000000000005
      vertex 31.7 -3.81051177665153 19.600000000000005
      vertex 31.08670668058247 -1.2175228580174413 19.600000000000005
    endloop
  endfacet
  facet normal 0 0 1
    outer loop
      vertex 31.7 -3.81051177665153 19.600000000000005
      vertex 31.23205080756888 -1 19.600000000000005
      vertex 31.08670668058247 -1.2175228580174413 19.600000000000005
    endloop
  endfacet
  facet normal 0 0 1
    outer loop
      vertex 31.7 -3.81051177665153 19.600000000000005
      vertex 31.347759065022572 -0.7653668647301796 19.600000000000005
      vertex 31.23205080756888 -1 19.600000000000005
    endloop
  endfacet
  facet normal 0 0 1
    outer loop
      vertex 31.7 -3.81051177665153 19.600000000000005
      vertex 31.431851652578136 -0.5176380902050415 19.600000000000005
      vertex 31.347759065022572 -0.7653668647301796 19.600000000000005
    endloop
  endfacet
  facet normal 0 0 1
    outer loop
      vertex 31.7 -3.81051177665153 19.600000000000005
      vertex 31.482889722747622 -0.26105238444010315 19.600000000000005
      vertex 31.431851652578136 -0.5176380902050415 19.600000000000005
    endloop
  endfacet
  facet normal 0 0 1
    outer loop
      vertex 31.7 -3.81051177665153 19.600000000000005
      vertex 31.5 0 19.600000000000005
      vertex 31.482889722747622 -0.26105238444010315 19.600000000000005
    endloop
  endfacet
  facet normal 0 0 1
    outer loop
      vertex 31.7 -3.81051177665153 19.600000000000005
      vertex 32.17855028763837 -3.490754697281435 19.600000000000005
      vertex 31.7 3.81051177665153 19.600000000000005
    endloop
  endfacet
  facet normal 0 0 1
    outer loop
      vertex 32.17855028763837 -3.490754697281435 19.600000000000005
      vertex 32.600000001490116 -3.121153217898423 19.600000000000005
      vertex 32.600000001490116 3.121153217898423 19.600000000000005
    endloop
  endfacet
  facet normal -0.9978589232386034 0.06540312923014398 1.3505088096720144e-19
    outer loop
      vertex 25.1 0 2.4
      vertex 25.137642609955236 0.574315245768227 19.600000000000005
      vertex 25.137642609955236 0.574315245768227 2.4
    endloop
  endfacet
  facet normal -0.980785280403232 0.19509032201612062 3.4859048270519844e-19
    outer loop
      vertex 25.137642609955236 0.574315245768227 2.4
      vertex 25.249926364328097 1.1388037984510913 19.600000000000005
      vertex 25.249926364328097 1.1388037984510913 2.4
    endloop
  endfacet
  facet normal -0.9469301294951038 0.3214394653031669 6.051192159654279e-19
    outer loop
      vertex 25.249926364328097 1.1388037984510913 2.4
      vertex 25.43493005695034 1.6838071024063952 19.600000000000005
      vertex 25.43493005695034 1.6838071024063952 2.4
    endloop
  endfacet
  facet normal -0.8968727415326893 0.4422886902189993 3.7909443974881493e-19
    outer loop
      vertex 25.43493005695034 1.6838071024063952 2.4
      vertex 25.68948822334847 2.2 19.600000000000005
      vertex 25.68948822334847 2.2 2.4
    endloop
  endfacet
  facet normal -0.8314696123025451 0.5555702330196025 1.3420914199998065e-18
    outer loop
      vertex 25.68948822334847 2.2 2.4
      vertex 26.009245302718565 2.678550287638371 19.600000000000005
      vertex 26.009245302718565 2.678550287638371 2.4
    endloop
  endfacet
  facet normal -0.7518398074789782 0.659345815100068 -1.1740589727638109e-18
    outer loop
      vertex 26.009245302718565 2.678550287638371 2.4
      vertex 26.38873016277919 3.1112698372208096 19.600000000000005
      vertex 26.38873016277919 3.1112698372208096 2.4
    endloop
  endfacet
  facet normal -0.659345815100067 0.7518398074789793 -5.837449152975963e-19
    outer loop
      vertex 26.38873016277919 3.1112698372208096 2.4
      vertex 26.82144971236163 3.490754697281435 19.600000000000005
      vertex 26.82144971236163 3.490754697281435 2.4
    endloop
  endfacet
  facet normal -0.5555702330196023 0.8314696123025451 -8.249835761543877e-19
    outer loop
      vertex 26.82144971236163 3.490754697281435 2.4
      vertex 27.3 3.81051177665153 19.600000000000005
      vertex 27.3 3.81051177665153 2.4
    endloop
  endfacet
  facet normal -0.44228869021900113 0.8968727415326885 -2.45417278788647e-19
    outer loop
      vertex 27.3 3.81051177665153 2.4
      vertex 27.816192897593606 4.065069943049662 19.600000000000005
      vertex 27.816192897593606 4.065069943049662 2.4
    endloop
  endfacet
  facet normal -0.32143946530316414 0.9469301294951048 3.789353374614415e-19
    outer loop
      vertex 27.816192897593606 4.065069943049662 2.4
      vertex 28.361196201548907 4.250073635671901 19.600000000000005
      vertex 28.361196201548907 4.250073635671901 2.4
    endloop
  endfacet
  facet normal -0.19509032201612556 0.9807852804032311 -1.27164611966341e-19
    outer loop
      vertex 28.361196201548907 4.250073635671901 2.4
      vertex 28.925684754231774 4.362357390044766 19.600000000000005
      vertex 28.925684754231774 4.362357390044766 2.4
    endloop
  endfacet
  facet normal -0.06540312923014413 0.9978589232386034 -2.432954575338688e-20
    outer loop
      vertex 28.925684754231774 4.362357390044766 2.4
      vertex 29.5 4.4 19.600000000000005
      vertex 29.5 4.4 2.4
    endloop
  endfacet
  facet normal 0.06540312923014413 0.9978589232386034 2.432954575338688e-20
    outer loop
      vertex 29.5 4.4 2.4
      vertex 30.074315245768226 4.362357390044766 19.600000000000005
      vertex 30.074315245768226 4.362357390044766 2.4
    endloop
  endfacet
  facet normal 0.19509032201612556 0.9807852804032311 1.27164611966341e-19
    outer loop
      vertex 30.074315245768226 4.362357390044766 2.4
      vertex 30.638803798451093 4.250073635671901 19.600000000000005
      vertex 30.638803798451093 4.250073635671901 2.4
    endloop
  endfacet
  facet normal 0.44228869021900113 0.8968727415326885 0
    outer loop
      vertex 31.7 3.81051177665153 2.4
      vertex 31.183807102406394 4.065069943049662 2.4
      vertex 31.7 3.81051177665153 19.600000000000005
    endloop
  endfacet
  facet normal 0.5555702330195995 0.831469612302547 1.0243135308098509e-18
    outer loop
      vertex 31.7 3.81051177665153 2.4
      vertex 32.17855028763837 3.490754697281435 19.600000000000005
      vertex 32.17855028763837 3.490754697281435 2.4
    endloop
  endfacet
  facet normal 0.6593458151000701 0.7518398074789764 0
    outer loop
      vertex 32.17855028763837 3.490754697281435 2.4
      vertex 32.17855028763837 3.490754697281435 19.600000000000005
      vertex 32.600000001490116 3.121153217898423 2.4
    endloop
  endfacet
  facet normal 0.32143946530316414 0.9469301294951048 -3.789353374614415e-19
    outer loop
      vertex 30.638803798451093 4.250073635671901 2.4
      vertex 31.183807102406394 4.065069943049662 19.600000000000005
      vertex 31.183807102406394 4.065069943049662 2.4
    endloop
  endfacet
  facet normal -0.9978589232386034 0.06540312923014398 0
    outer loop
      vertex 25.1 0 2.4
      vertex 25.1 0 19.600000000000005
      vertex 25.137642609955236 0.574315245768227 19.600000000000005
    endloop
  endfacet
  facet normal -0.980785280403232 0.19509032201612062 0
    outer loop
      vertex 25.137642609955236 0.574315245768227 2.4
      vertex 25.137642609955236 0.574315245768227 19.600000000000005
      vertex 25.249926364328097 1.1388037984510913 19.600000000000005
    endloop
  endfacet
  facet normal -0.9469301294951038 0.3214394653031669 0
    outer loop
      vertex 25.249926364328097 1.1388037984510913 2.4
      vertex 25.249926364328097 1.1388037984510913 19.600000000000005
      vertex 25.43493005695034 1.6838071024063952 19.600000000000005
    endloop
  endfacet
  facet normal -0.8968727415326893 0.4422886902189993 0
    outer loop
      vertex 25.43493005695034 1.6838071024063952 2.4
      vertex 25.43493005695034 1.6838071024063952 19.600000000000005
      vertex 25.68948822334847 2.2 19.600000000000005
    endloop
  endfacet
  facet normal -0.8314696123025451 0.5555702330196025 0
    outer loop
      vertex 25.68948822334847 2.2 2.4
      vertex 25.68948822334847 2.2 19.600000000000005
      vertex 26.009245302718565 2.678550287638371 19.600000000000005
    endloop
  endfacet
  facet normal -0.7518398074789782 0.659345815100068 0
    outer loop
      vertex 26.009245302718565 2.678550287638371 2.4
      vertex 26.009245302718565 2.678550287638371 19.600000000000005
      vertex 26.38873016277919 3.1112698372208096 19.600000000000005
    endloop
  endfacet
  facet normal -0.659345815100067 0.7518398074789793 0
    outer loop
      vertex 26.38873016277919 3.1112698372208096 2.4
      vertex 26.38873016277919 3.1112698372208096 19.600000000000005
      vertex 26.82144971236163 3.490754697281435 19.600000000000005
    endloop
  endfacet
  facet normal -0.5555702330196023 0.8314696123025451 0
    outer loop
      vertex 26.82144971236163 3.490754697281435 2.4
      vertex 26.82144971236163 3.490754697281435 19.600000000000005
      vertex 27.3 3.81051177665153 19.600000000000005
    endloop
  endfacet
  facet normal -0.44228869021900113 0.8968727415326885 0
    outer loop
      vertex 27.3 3.81051177665153 2.4
      vertex 27.3 3.81051177665153 19.600000000000005
      vertex 27.816192897593606 4.065069943049662 19.600000000000005
    endloop
  endfacet
  facet normal -0.32143946530316414 0.9469301294951048 0
    outer loop
      vertex 27.816192897593606 4.065069943049662 2.4
      vertex 27.816192897593606 4.065069943049662 19.600000000000005
      vertex 28.361196201548907 4.250073635671901 19.600000000000005
    endloop
  endfacet
  facet normal -0.19509032201612556 0.9807852804032311 0
    outer loop
      vertex 28.361196201548907 4.250073635671901 2.4
      vertex 28.361196201548907 4.250073635671901 19.600000000000005
      vertex 28.925684754231774 4.362357390044766 19.600000000000005
    endloop
  endfacet
  facet normal -0.06540312923014413 0.9978589232386034 0
    outer loop
      vertex 28.925684754231774 4.362357390044766 2.4
      vertex 28.925684754231774 4.362357390044766 19.600000000000005
      vertex 29.5 4.4 19.600000000000005
    endloop
  endfacet
  facet normal 0.06540312923014413 0.9978589232386034 0
    outer loop
      vertex 29.5 4.4 2.4
      vertex 29.5 4.4 19.600000000000005
      vertex 30.074315245768226 4.362357390044766 19.600000000000005
    endloop
  endfacet
  facet normal 0.19509032201612556 0.9807852804032311 0
    outer loop
      vertex 30.074315245768226 4.362357390044766 2.4
      vertex 30.074315245768226 4.362357390044766 19.600000000000005
      vertex 30.638803798451093 4.250073635671901 19.600000000000005
    endloop
  endfacet
  facet normal 0.5555702330195995 0.831469612302547 0
    outer loop
      vertex 31.7 3.81051177665153 2.4
      vertex 31.7 3.81051177665153 19.600000000000005
      vertex 32.17855028763837 3.490754697281435 19.600000000000005
    endloop
  endfacet
  facet normal 0.6593458151000701 0.7518398074789764 0
    outer loop
      vertex 32.600000001490116 3.121153217898423 2.4
      vertex 32.17855028763837 3.490754697281435 19.600000000000005
      vertex 32.600000001490116 3.121153217898423 19.600000000000005
    endloop
  endfacet
  facet normal 0.32143946530316414 0.9469301294951048 0
    outer loop
      vertex 30.638803798451093 4.250073635671901 2.4
      vertex 30.638803798451093 4.250073635671901 19.600000000000005
      vertex 31.183807102406394 4.065069943049662 19.600000000000005
    endloop
  endfacet
  facet normal 0.44228869021900113 0.8968727415326885 0
    outer loop
      vertex 31.183807102406394 4.065069943049662 2.4
      vertex 31.183807102406394 4.065069943049662 19.600000000000005
      vertex 31.7 3.81051177665153 19.600000000000005
    endloop
  endfacet
  facet normal 0 0 1
    outer loop
      vertex 25.137642609955236 -0.574315245768227 19.600000000000005
      vertex 25.137642609955236 0.574315245768227 19.600000000000005
      vertex 25.1 0 19.600000000000005
    endloop
  endfacet
  facet normal 0 0 1
    outer loop
      vertex 25.249926364328097 -1.1388037984510913 19.600000000000005
      vertex 25.249926364328097 1.1388037984510913 19.600000000000005
      vertex 25.137642609955236 0.574315245768227 19.600000000000005
    endloop
  endfacet
  facet normal 0 0 1
    outer loop
      vertex 25.43493005695034 -1.6838071024063952 19.600000000000005
      vertex 25.43493005695034 1.6838071024063952 19.600000000000005
      vertex 25.249926364328097 1.1388037984510913 19.600000000000005
    endloop
  endfacet
  facet normal 0 0 1
    outer loop
      vertex 25.68948822334847 -2.2 19.600000000000005
      vertex 25.68948822334847 2.2 19.600000000000005
      vertex 25.43493005695034 1.6838071024063952 19.600000000000005
    endloop
  endfacet
  facet normal 0 0 1
    outer loop
      vertex 26.009245302718565 -2.678550287638371 19.600000000000005
      vertex 26.009245302718565 2.678550287638371 19.600000000000005
      vertex 25.68948822334847 2.2 19.600000000000005
    endloop
  endfacet
  facet normal 0 0 1
    outer loop
      vertex 26.38873016277919 -3.1112698372208096 19.600000000000005
      vertex 26.38873016277919 3.1112698372208096 19.600000000000005
      vertex 26.009245302718565 2.678550287638371 19.600000000000005
    endloop
  endfacet
  facet normal 0 0 1
    outer loop
      vertex 26.82144971236163 -3.490754697281435 19.600000000000005
      vertex 26.82144971236163 3.490754697281435 19.600000000000005
      vertex 26.38873016277919 3.1112698372208096 19.600000000000005
    endloop
  endfacet
  facet normal 0 0 1
    outer loop
      vertex 27.3 -3.81051177665153 19.600000000000005
      vertex 27.3 3.81051177665153 19.600000000000005
      vertex 26.82144971236163 3.490754697281435 19.600000000000005
    endloop
  endfacet
  facet normal 0 0 1
    outer loop
      vertex 27.3 -3.81051177665153 19.600000000000005
      vertex 27.5 0 19.600000000000005
      vertex 27.3 3.81051177665153 19.600000000000005
    endloop
  endfacet
  facet normal 0 0 1
    outer loop
      vertex 27.3 3.81051177665153 19.600000000000005
      vertex 27.5 0 19.600000000000005
      vertex 27.517110277252378 0.26105238444010315 19.600000000000005
    endloop
  endfacet
  facet normal 0 0 1
    outer loop
      vertex 27.3 3.81051177665153 19.600000000000005
      vertex 27.517110277252378 0.26105238444010315 19.600000000000005
      vertex 27.568148347421864 0.5176380902050415 19.600000000000005
    endloop
  endfacet
  facet normal 0 0 1
    outer loop
      vertex 27.3 3.81051177665153 19.600000000000005
      vertex 27.568148347421864 0.5176380902050415 19.600000000000005
      vertex 27.652240934977428 0.7653668647301796 19.600000000000005
    endloop
  endfacet
  facet normal 0 0 1
    outer loop
      vertex 27.3 3.81051177665153 19.600000000000005
      vertex 27.652240934977428 0.7653668647301796 19.600000000000005
      vertex 27.76794919243112 1 19.600000000000005
    endloop
  endfacet
  facet normal 0 0 1
    outer loop
      vertex 27.3 3.81051177665153 19.600000000000005
      vertex 27.76794919243112 1 19.600000000000005
      vertex 27.91329331941753 1.2175228580174413 19.600000000000005
    endloop
  endfacet
  facet normal 0 0 1
    outer loop
      vertex 27.3 3.81051177665153 19.600000000000005
      vertex 27.91329331941753 1.2175228580174413 19.600000000000005
      vertex 27.816192897593606 4.065069943049662 19.600000000000005
    endloop
  endfacet
  facet normal 0 0 1
    outer loop
      vertex 27.91329331941753 1.2175228580174413 19.600000000000005
      vertex 28.085786437626904 1.4142135623730951 19.600000000000005
      vertex 27.816192897593606 4.065069943049662 19.600000000000005
    endloop
  endfacet
  facet normal 0 0 1
    outer loop
      vertex 28.085786437626904 1.4142135623730951 19.600000000000005
      vertex 28.282477141982557 1.5867066805824703 19.600000000000005
      vertex 27.816192897593606 4.065069943049662 19.600000000000005
    endloop
  endfacet
  facet normal 0 0 1
    outer loop
      vertex 28.282477141982557 1.5867066805824703 19.600000000000005
      vertex 28.5 1.7320508075688772 19.600000000000005
      vertex 27.816192897593606 4.065069943049662 19.600000000000005
    endloop
  endfacet
  facet normal 0 0 1
    outer loop
      vertex 27.816192897593606 4.065069943049662 19.600000000000005
      vertex 28.5 1.7320508075688772 19.600000000000005
      vertex 28.361196201548907 4.250073635671901 19.600000000000005
    endloop
  endfacet
  facet normal 0 0 1
    outer loop
      vertex 28.361196201548907 4.250073635671901 19.600000000000005
      vertex 28.5 1.7320508075688772 19.600000000000005
      vertex 28.73463313526982 1.8477590650225735 19.600000000000005
    endloop
  endfacet
  facet normal 0 0 1
    outer loop
      vertex 28.361196201548907 4.250073635671901 19.600000000000005
      vertex 28.73463313526982 1.8477590650225735 19.600000000000005
      vertex 28.98236190979496 1.9318516525781366 19.600000000000005
    endloop
  endfacet
  facet normal 0 0 1
    outer loop
      vertex 28.361196201548907 4.250073635671901 19.600000000000005
      vertex 28.98236190979496 1.9318516525781366 19.600000000000005
      vertex 28.925684754231774 4.362357390044766 19.600000000000005
    endloop
  endfacet
  facet normal 0 0 1
    outer loop
      vertex 28.98236190979496 1.9318516525781366 19.600000000000005
      vertex 29.238947615559898 1.9828897227476208 19.600000000000005
      vertex 28.925684754231774 4.362357390044766 19.600000000000005
    endloop
  endfacet
  facet normal 0 0 1
    outer loop
      vertex 29.238947615559898 1.9828897227476208 19.600000000000005
      vertex 29.5 2 19.600000000000005
      vertex 29.5 4.4 19.600000000000005
    endloop
  endfacet
  facet normal 0 0 1
    outer loop
      vertex 29.238947615559898 1.9828897227476208 19.600000000000005
      vertex 29.5 4.4 19.600000000000005
      vertex 28.925684754231774 4.362357390044766 19.600000000000005
    endloop
  endfacet
  facet normal 0 0 1
    outer loop
      vertex 29.5 2 19.600000000000005
      vertex 29.761052384440102 1.9828897227476208 19.600000000000005
      vertex 29.5 4.4 19.600000000000005
    endloop
  endfacet
  facet normal 0 0 1
    outer loop
      vertex 30.01763809020504 1.9318516525781366 19.600000000000005
      vertex 30.074315245768226 4.362357390044766 19.600000000000005
      vertex 29.761052384440102 1.9828897227476208 19.600000000000005
    endloop
  endfacet
  facet normal 0 0 1
    outer loop
      vertex 29.761052384440102 1.9828897227476208 19.600000000000005
      vertex 30.074315245768226 4.362357390044766 19.600000000000005
      vertex 29.5 4.4 19.600000000000005
    endloop
  endfacet
  facet normal 0 0 1
    outer loop
      vertex 30.01763809020504 1.9318516525781366 19.600000000000005
      vertex 30.26536686473018 1.8477590650225735 19.600000000000005
      vertex 30.074315245768226 4.362357390044766 19.600000000000005
    endloop
  endfacet
  facet normal 0 0 1
    outer loop
      vertex 30.26536686473018 1.8477590650225735 19.600000000000005
      vertex 30.5 1.7320508075688772 19.600000000000005
      vertex 30.638803798451093 4.250073635671901 19.600000000000005
    endloop
  endfacet
  facet normal 0 0 1
    outer loop
      vertex 30.5 1.7320508075688772 19.600000000000005
      vertex 30.717522858017443 1.5867066805824703 19.600000000000005
      vertex 30.638803798451093 4.250073635671901 19.600000000000005
    endloop
  endfacet
  facet normal 0 0 1
    outer loop
      vertex 30.26536686473018 1.8477590650225735 19.600000000000005
      vertex 30.638803798451093 4.250073635671901 19.600000000000005
      vertex 30.074315245768226 4.362357390044766 19.600000000000005
    endloop
  endfacet
  facet normal 0 0 1
    outer loop
      vertex 31.7 -3.81051177665153 19.600000000000005
      vertex 31.7 3.81051177665153 19.600000000000005
      vertex 31.5 0 19.600000000000005
    endloop
  endfacet
  facet normal 0 0 1
    outer loop
      vertex 31.347759065022572 0.7653668647301796 19.600000000000005
      vertex 31.183807102406394 4.065069943049662 19.600000000000005
      vertex 31.23205080756888 1 19.600000000000005
    endloop
  endfacet
  facet normal 0 0 1
    outer loop
      vertex 31.431851652578136 0.5176380902050415 19.600000000000005
      vertex 31.183807102406394 4.065069943049662 19.600000000000005
      vertex 31.347759065022572 0.7653668647301796 19.600000000000005
    endloop
  endfacet
  facet normal 0 0 1
    outer loop
      vertex 31.5 0 19.600000000000005
      vertex 31.7 3.81051177665153 19.600000000000005
      vertex 31.482889722747622 0.26105238444010315 19.600000000000005
    endloop
  endfacet
  facet normal 0 0 1
    outer loop
      vertex 31.431851652578136 0.5176380902050415 19.600000000000005
      vertex 31.482889722747622 0.26105238444010315 19.600000000000005
      vertex 31.7 3.81051177665153 19.600000000000005
    endloop
  endfacet
  facet normal 0 0 1
    outer loop
      vertex 30.717522858017443 1.5867066805824703 19.600000000000005
      vertex 30.914213562373096 1.4142135623730951 19.600000000000005
      vertex 30.638803798451093 4.250073635671901 19.600000000000005
    endloop
  endfacet
  facet normal 0 0 1
    outer loop
      vertex 31.08670668058247 1.2175228580174413 19.600000000000005
      vertex 31.23205080756888 1 19.600000000000005
      vertex 31.183807102406394 4.065069943049662 19.600000000000005
    endloop
  endfacet
  facet normal 0 0 1
    outer loop
      vertex 30.914213562373096 1.4142135623730951 19.600000000000005
      vertex 31.08670668058247 1.2175228580174413 19.600000000000005
      vertex 31.183807102406394 4.065069943049662 19.600000000000005
    endloop
  endfacet
  facet normal 0 0 1
    outer loop
      vertex 30.914213562373096 1.4142135623730951 19.600000000000005
      vertex 31.183807102406394 4.065069943049662 19.600000000000005
      vertex 30.638803798451093 4.250073635671901 19.600000000000005
    endloop
  endfacet
  facet normal 0 0 1
    outer loop
      vertex 31.431851652578136 0.5176380902050415 19.600000000000005
      vertex 31.7 3.81051177665153 19.600000000000005
      vertex 31.183807102406394 4.065069943049662 19.600000000000005
    endloop
  endfacet
  facet normal 0 0 1
    outer loop
      vertex 32.17855028763837 -3.490754697281435 19.600000000000005
      vertex 32.17855028763837 3.490754697281435 19.600000000000005
      vertex 31.7 3.81051177665153 19.600000000000005
    endloop
  endfacet
  facet normal 0 0 1
    outer loop
      vertex 32.17855028763837 -3.490754697281435 19.600000000000005
      vertex 32.600000001490116 3.121153217898423 19.600000000000005
      vertex 32.17855028763837 3.490754697281435 19.600000000000005
    endloop
  endfacet
  facet normal -0.32143946530316414 -0.9469301294951048 0
    outer loop
      vertex -31.183807102406394 -4.065069943049662 2.4
      vertex -30.638803798451093 -4.250073635671901 2.4
      vertex -31.183807102406394 -4.065069943049662 19.600000000000005
    endloop
  endfacet
  facet normal -0.6593458151000701 -0.7518398074789764 -1.2272711451005513e-18
    outer loop
      vertex -32.600000001490116 -3.121153217898423 2.4
      vertex -32.17855028763837 -3.490754697281435 2.4
      vertex -32.17855028763837 -3.490754697281435 19.600000000000005
    endloop
  endfacet
  facet normal -0.5555702330195995 -0.831469612302547 0
    outer loop
      vertex -32.17855028763837 -3.490754697281435 2.4
      vertex -31.7 -3.81051177665153 2.4
      vertex -32.17855028763837 -3.490754697281435 19.600000000000005
    endloop
  endfacet
  facet normal -0.44228869021900113 -0.8968727415326885 2.45417278788647e-19
    outer loop
      vertex -31.183807102406394 -4.065069943049662 2.4
      vertex -31.7 -3.81051177665153 19.600000000000005
      vertex -31.7 -3.81051177665153 2.4
    endloop
  endfacet
  facet normal -0.19509032201612556 -0.9807852804032311 0
    outer loop
      vertex -30.638803798451093 -4.250073635671901 2.4
      vertex -30.074315245768226 -4.362357390044766 2.4
      vertex -30.638803798451093 -4.250073635671901 19.600000000000005
    endloop
  endfacet
  facet normal -0.06540312923014413 -0.9978589232386034 0
    outer loop
      vertex -30.074315245768226 -4.362357390044766 2.4
      vertex -29.5 -4.4 2.4
      vertex -30.074315245768226 -4.362357390044766 19.600000000000005
    endloop
  endfacet
  facet normal 0.06540312923014413 -0.9978589232386034 0
    outer loop
      vertex -29.5 -4.4 2.4
      vertex -28.925684754231774 -4.362357390044766 2.4
      vertex -29.5 -4.4 19.600000000000005
    endloop
  endfacet
  facet normal 0.19509032201612556 -0.9807852804032311 0
    outer loop
      vertex -28.925684754231774 -4.362357390044766 2.4
      vertex -28.361196201548907 -4.250073635671901 2.4
      vertex -28.925684754231774 -4.362357390044766 19.600000000000005
    endloop
  endfacet
  facet normal 0.32143946530316414 -0.9469301294951048 0
    outer loop
      vertex -28.361196201548907 -4.250073635671901 2.4
      vertex -27.816192897593606 -4.065069943049662 2.4
      vertex -28.361196201548907 -4.250073635671901 19.600000000000005
    endloop
  endfacet
  facet normal 0.44228869021900113 -0.8968727415326885 0
    outer loop
      vertex -27.816192897593606 -4.065069943049662 2.4
      vertex -27.3 -3.81051177665153 2.4
      vertex -27.816192897593606 -4.065069943049662 19.600000000000005
    endloop
  endfacet
  facet normal 0.5555702330196023 -0.8314696123025451 0
    outer loop
      vertex -27.3 -3.81051177665153 2.4
      vertex -26.82144971236163 -3.490754697281435 2.4
      vertex -27.3 -3.81051177665153 19.600000000000005
    endloop
  endfacet
  facet normal 0.659345815100067 -0.7518398074789793 0
    outer loop
      vertex -26.82144971236163 -3.490754697281435 2.4
      vertex -26.38873016277919 -3.1112698372208096 2.4
      vertex -26.82144971236163 -3.490754697281435 19.600000000000005
    endloop
  endfacet
  facet normal 0.7518398074789782 -0.659345815100068 0
    outer loop
      vertex -26.38873016277919 -3.1112698372208096 2.4
      vertex -26.009245302718565 -2.678550287638371 2.4
      vertex -26.38873016277919 -3.1112698372208096 19.600000000000005
    endloop
  endfacet
  facet normal 0.8314696123025451 -0.5555702330196025 0
    outer loop
      vertex -26.009245302718565 -2.678550287638371 2.4
      vertex -25.68948822334847 -2.2 2.4
      vertex -26.009245302718565 -2.678550287638371 19.600000000000005
    endloop
  endfacet
  facet normal 0.8968727415326893 -0.4422886902189993 0
    outer loop
      vertex -25.68948822334847 -2.2 2.4
      vertex -25.43493005695034 -1.6838071024063952 2.4
      vertex -25.68948822334847 -2.2 19.600000000000005
    endloop
  endfacet
  facet normal 0.9469301294951038 -0.3214394653031669 0
    outer loop
      vertex -25.43493005695034 -1.6838071024063952 2.4
      vertex -25.249926364328097 -1.1388037984510913 2.4
      vertex -25.43493005695034 -1.6838071024063952 19.600000000000005
    endloop
  endfacet
  facet normal 0.980785280403232 -0.19509032201612062 0
    outer loop
      vertex -25.249926364328097 -1.1388037984510913 2.4
      vertex -25.137642609955236 -0.574315245768227 2.4
      vertex -25.249926364328097 -1.1388037984510913 19.600000000000005
    endloop
  endfacet
  facet normal 0.9978589232386034 -0.06540312923014398 0
    outer loop
      vertex -25.137642609955236 -0.574315245768227 2.4
      vertex -25.1 0 2.4
      vertex -25.137642609955236 -0.574315245768227 19.600000000000005
    endloop
  endfacet
  facet normal -0.44228869021900113 -0.8968727415326885 0
    outer loop
      vertex -31.183807102406394 -4.065069943049662 2.4
      vertex -31.183807102406394 -4.065069943049662 19.600000000000005
      vertex -31.7 -3.81051177665153 19.600000000000005
    endloop
  endfacet
  facet normal -0.32143946530316414 -0.9469301294951048 0
    outer loop
      vertex -30.638803798451093 -4.250073635671901 2.4
      vertex -30.638803798451093 -4.250073635671901 19.600000000000005
      vertex -31.183807102406394 -4.065069943049662 19.600000000000005
    endloop
  endfacet
  facet normal -0.6593458151000701 -0.7518398074789764 0
    outer loop
      vertex -32.600000001490116 -3.121153217898423 2.4
      vertex -32.17855028763837 -3.490754697281435 19.600000000000005
      vertex -32.600000001490116 -3.121153217898423 19.600000000000005
    endloop
  endfacet
  facet normal -0.5555702330195995 -0.831469612302547 0
    outer loop
      vertex -31.7 -3.81051177665153 2.4
      vertex -31.7 -3.81051177665153 19.600000000000005
      vertex -32.17855028763837 -3.490754697281435 19.600000000000005
    endloop
  endfacet
  facet normal -0.19509032201612556 -0.9807852804032311 0
    outer loop
      vertex -30.074315245768226 -4.362357390044766 2.4
      vertex -30.074315245768226 -4.362357390044766 19.600000000000005
      vertex -30.638803798451093 -4.250073635671901 19.600000000000005
    endloop
  endfacet
  facet normal -0.06540312923014413 -0.9978589232386034 0
    outer loop
      vertex -29.5 -4.4 2.4
      vertex -29.5 -4.4 19.600000000000005
      vertex -30.074315245768226 -4.362357390044766 19.600000000000005
    endloop
  endfacet
  facet normal 0.06540312923014413 -0.9978589232386034 0
    outer loop
      vertex -28.925684754231774 -4.362357390044766 2.4
      vertex -28.925684754231774 -4.362357390044766 19.600000000000005
      vertex -29.5 -4.4 19.600000000000005
    endloop
  endfacet
  facet normal 0.19509032201612556 -0.9807852804032311 0
    outer loop
      vertex -28.361196201548907 -4.250073635671901 2.4
      vertex -28.361196201548907 -4.250073635671901 19.600000000000005
      vertex -28.925684754231774 -4.362357390044766 19.600000000000005
    endloop
  endfacet
  facet normal 0.32143946530316414 -0.9469301294951048 0
    outer loop
      vertex -27.816192897593606 -4.065069943049662 2.4
      vertex -27.816192897593606 -4.065069943049662 19.600000000000005
      vertex -28.361196201548907 -4.250073635671901 19.600000000000005
    endloop
  endfacet
  facet normal 0.44228869021900113 -0.8968727415326885 0
    outer loop
      vertex -27.3 -3.81051177665153 2.4
      vertex -27.3 -3.81051177665153 19.600000000000005
      vertex -27.816192897593606 -4.065069943049662 19.600000000000005
    endloop
  endfacet
  facet normal 0.5555702330196023 -0.8314696123025451 0
    outer loop
      vertex -26.82144971236163 -3.490754697281435 2.4
      vertex -26.82144971236163 -3.490754697281435 19.600000000000005
      vertex -27.3 -3.81051177665153 19.600000000000005
    endloop
  endfacet
  facet normal 0.659345815100067 -0.7518398074789793 0
    outer loop
      vertex -26.38873016277919 -3.1112698372208096 2.4
      vertex -26.38873016277919 -3.1112698372208096 19.600000000000005
      vertex -26.82144971236163 -3.490754697281435 19.600000000000005
    endloop
  endfacet
  facet normal 0.7518398074789782 -0.659345815100068 0
    outer loop
      vertex -26.009245302718565 -2.678550287638371 2.4
      vertex -26.009245302718565 -2.678550287638371 19.600000000000005
      vertex -26.38873016277919 -3.1112698372208096 19.600000000000005
    endloop
  endfacet
  facet normal 0.8314696123025451 -0.5555702330196025 0
    outer loop
      vertex -25.68948822334847 -2.2 2.4
      vertex -25.68948822334847 -2.2 19.600000000000005
      vertex -26.009245302718565 -2.678550287638371 19.600000000000005
    endloop
  endfacet
  facet normal 0.8968727415326893 -0.4422886902189993 0
    outer loop
      vertex -25.43493005695034 -1.6838071024063952 2.4
      vertex -25.43493005695034 -1.6838071024063952 19.600000000000005
      vertex -25.68948822334847 -2.2 19.600000000000005
    endloop
  endfacet
  facet normal 0.9469301294951038 -0.3214394653031669 0
    outer loop
      vertex -25.249926364328097 -1.1388037984510913 2.4
      vertex -25.249926364328097 -1.1388037984510913 19.600000000000005
      vertex -25.43493005695034 -1.6838071024063952 19.600000000000005
    endloop
  endfacet
  facet normal 0.980785280403232 -0.19509032201612062 0
    outer loop
      vertex -25.137642609955236 -0.574315245768227 2.4
      vertex -25.137642609955236 -0.574315245768227 19.600000000000005
      vertex -25.249926364328097 -1.1388037984510913 19.600000000000005
    endloop
  endfacet
  facet normal 0.9978589232386034 -0.06540312923014398 1.3505088096720144e-19
    outer loop
      vertex -25.137642609955236 -0.574315245768227 19.600000000000005
      vertex -25.1 0 2.4
      vertex -25.1 0 19.600000000000005
    endloop
  endfacet
  facet normal 0 0 1
    outer loop
      vertex -32.600000001490116 -3.121153217898423 19.600000000000005
      vertex -32.17855028763837 -3.490754697281435 19.600000000000005
      vertex -32.17855028763837 3.490754697281435 19.600000000000005
    endloop
  endfacet
  facet normal 0 0 1
    outer loop
      vertex -32.17855028763837 -3.490754697281435 19.600000000000005
      vertex -31.7 -3.81051177665153 19.600000000000005
      vertex -32.17855028763837 3.490754697281435 19.600000000000005
    endloop
  endfacet
  facet normal 0 0 1
    outer loop
      vertex -31.183807102406394 -4.065069943049662 19.600000000000005
      vertex -31.431851652578136 -0.5176380902050415 19.600000000000005
      vertex -31.7 -3.81051177665153 19.600000000000005
    endloop
  endfacet
  facet normal 0 0 1
    outer loop
      vertex -31.183807102406394 -4.065069943049662 19.600000000000005
      vertex -30.638803798451093 -4.250073635671901 19.600000000000005
      vertex -30.914213562373096 -1.4142135623730951 19.600000000000005
    endloop
  endfacet
  facet normal 0 0 1
    outer loop
      vertex -31.183807102406394 -4.065069943049662 19.600000000000005
      vertex -30.914213562373096 -1.4142135623730951 19.600000000000005
      vertex -31.08670668058247 -1.2175228580174413 19.600000000000005
    endloop
  endfacet
  facet normal 0 0 1
    outer loop
      vertex -31.183807102406394 -4.065069943049662 19.600000000000005
      vertex -31.08670668058247 -1.2175228580174413 19.600000000000005
      vertex -31.23205080756888 -1 19.600000000000005
    endloop
  endfacet
  facet normal 0 0 1
    outer loop
      vertex -30.638803798451093 -4.250073635671901 19.600000000000005
      vertex -30.717522858017443 -1.5867066805824703 19.600000000000005
      vertex -30.914213562373096 -1.4142135623730951 19.600000000000005
    endloop
  endfacet
  facet normal 0 0 1
    outer loop
      vertex -31.7 -3.81051177665153 19.600000000000005
      vertex -31.431851652578136 -0.5176380902050415 19.600000000000005
      vertex -31.482889722747622 -0.26105238444010315 19.600000000000005
    endloop
  endfacet
  facet normal 0 0 1
    outer loop
      vertex -31.7 -3.81051177665153 19.600000000000005
      vertex -31.482889722747622 -0.26105238444010315 19.600000000000005
      vertex -31.5 0 19.600000000000005
    endloop
  endfacet
  facet normal 0 0 1
    outer loop
      vertex -31.183807102406394 -4.065069943049662 19.600000000000005
      vertex -31.347759065022572 -0.7653668647301796 19.600000000000005
      vertex -31.431851652578136 -0.5176380902050415 19.600000000000005
    endloop
  endfacet
  facet normal 0 0 1
    outer loop
      vertex -31.183807102406394 -4.065069943049662 19.600000000000005
      vertex -31.23205080756888 -1 19.600000000000005
      vertex -31.347759065022572 -0.7653668647301796 19.600000000000005
    endloop
  endfacet
  facet normal 0 0 1
    outer loop
      vertex -30.638803798451093 -4.250073635671901 19.600000000000005
      vertex -30.074315245768226 -4.362357390044766 19.600000000000005
      vertex -30.26536686473018 -1.8477590650225735 19.600000000000005
    endloop
  endfacet
  facet normal 0 0 1
    outer loop
      vertex -30.638803798451093 -4.250073635671901 19.600000000000005
      vertex -30.5 -1.7320508075688772 19.600000000000005
      vertex -30.717522858017443 -1.5867066805824703 19.600000000000005
    endloop
  endfacet
  facet normal 0 0 1
    outer loop
      vertex -30.638803798451093 -4.250073635671901 19.600000000000005
      vertex -30.26536686473018 -1.8477590650225735 19.600000000000005
      vertex -30.5 -1.7320508075688772 19.600000000000005
    endloop
  endfacet
  facet normal 0 0 1
    outer loop
      vertex -30.074315245768226 -4.362357390044766 19.600000000000005
      vertex -30.01763809020504 -1.9318516525781366 19.600000000000005
      vertex -30.26536686473018 -1.8477590650225735 19.600000000000005
    endloop
  endfacet
  facet normal 0 0 1
    outer loop
      vertex -30.074315245768226 -4.362357390044766 19.600000000000005
      vertex -29.5 -4.4 19.600000000000005
      vertex -29.761052384440102 -1.9828897227476208 19.600000000000005
    endloop
  endfacet
  facet normal 0 0 1
    outer loop
      vertex -30.074315245768226 -4.362357390044766 19.600000000000005
      vertex -29.761052384440102 -1.9828897227476208 19.600000000000005
      vertex -30.01763809020504 -1.9318516525781366 19.600000000000005
    endloop
  endfacet
  facet normal 0 0 1
    outer loop
      vertex -29.5 -4.4 19.600000000000005
      vertex -29.5 -2 19.600000000000005
      vertex -29.761052384440102 -1.9828897227476208 19.600000000000005
    endloop
  endfacet
  facet normal 0 0 1
    outer loop
      vertex -29.5 -4.4 19.600000000000005
      vertex -28.925684754231774 -4.362357390044766 19.600000000000005
      vertex -29.238947615559898 -1.9828897227476208 19.600000000000005
    endloop
  endfacet
  facet normal 0 0 1
    outer loop
      vertex -29.5 -4.4 19.600000000000005
      vertex -29.238947615559898 -1.9828897227476208 19.600000000000005
      vertex -29.5 -2 19.600000000000005
    endloop
  endfacet
  facet normal 0 0 1
    outer loop
      vertex -28.925684754231774 -4.362357390044766 19.600000000000005
      vertex -28.98236190979496 -1.9318516525781366 19.600000000000005
      vertex -29.238947615559898 -1.9828897227476208 19.600000000000005
    endloop
  endfacet
  facet normal 0 0 1
    outer loop
      vertex -28.925684754231774 -4.362357390044766 19.600000000000005
      vertex -28.361196201548907 -4.250073635671901 19.600000000000005
      vertex -28.98236190979496 -1.9318516525781366 19.600000000000005
    endloop
  endfacet
  facet normal 0 0 1
    outer loop
      vertex -28.98236190979496 -1.9318516525781366 19.600000000000005
      vertex -28.361196201548907 -4.250073635671901 19.600000000000005
      vertex -28.73463313526982 -1.8477590650225735 19.600000000000005
    endloop
  endfacet
  facet normal 0 0 1
    outer loop
      vertex -28.73463313526982 -1.8477590650225735 19.600000000000005
      vertex -28.361196201548907 -4.250073635671901 19.600000000000005
      vertex -28.5 -1.7320508075688772 19.600000000000005
    endloop
  endfacet
  facet normal 0 0 1
    outer loop
      vertex -28.5 -1.7320508075688772 19.600000000000005
      vertex -28.361196201548907 -4.250073635671901 19.600000000000005
      vertex -27.816192897593606 -4.065069943049662 19.600000000000005
    endloop
  endfacet
  facet normal 0 0 1
    outer loop
      vertex -28.5 -1.7320508075688772 19.600000000000005
      vertex -27.816192897593606 -4.065069943049662 19.600000000000005
      vertex -28.282477141982557 -1.5867066805824703 19.600000000000005
    endloop
  endfacet
  facet normal 0 0 1
    outer loop
      vertex -27.816192897593606 -4.065069943049662 19.600000000000005
      vertex -28.085786437626904 -1.4142135623730951 19.600000000000005
      vertex -28.282477141982557 -1.5867066805824703 19.600000000000005
    endloop
  endfacet
  facet normal 0 0 1
    outer loop
      vertex -27.816192897593606 -4.065069943049662 19.600000000000005
      vertex -27.91329331941753 -1.2175228580174413 19.600000000000005
      vertex -28.085786437626904 -1.4142135623730951 19.600000000000005
    endloop
  endfacet
  facet normal 0 0 1
    outer loop
      vertex -27.816192897593606 -4.065069943049662 19.600000000000005
      vertex -27.3 -3.81051177665153 19.600000000000005
      vertex -27.91329331941753 -1.2175228580174413 19.600000000000005
    endloop
  endfacet
  facet normal 0 0 1
    outer loop
      vertex -27.91329331941753 -1.2175228580174413 19.600000000000005
      vertex -27.3 -3.81051177665153 19.600000000000005
      vertex -27.76794919243112 -1 19.600000000000005
    endloop
  endfacet
  facet normal 0 0 1
    outer loop
      vertex -27.76794919243112 -1 19.600000000000005
      vertex -27.3 -3.81051177665153 19.600000000000005
      vertex -27.652240934977428 -0.7653668647301796 19.600000000000005
    endloop
  endfacet
  facet normal 0 0 1
    outer loop
      vertex -27.652240934977428 -0.7653668647301796 19.600000000000005
      vertex -27.3 -3.81051177665153 19.600000000000005
      vertex -27.568148347421864 -0.5176380902050415 19.600000000000005
    endloop
  endfacet
  facet normal 0 0 1
    outer loop
      vertex -27.568148347421864 -0.5176380902050415 19.600000000000005
      vertex -27.3 -3.81051177665153 19.600000000000005
      vertex -27.517110277252378 -0.26105238444010315 19.600000000000005
    endloop
  endfacet
  facet normal 0 0 1
    outer loop
      vertex -27.517110277252378 -0.26105238444010315 19.600000000000005
      vertex -27.3 -3.81051177665153 19.600000000000005
      vertex -27.5 0 19.600000000000005
    endloop
  endfacet
  facet normal 0 0 1
    outer loop
      vertex -27.3 -3.81051177665153 19.600000000000005
      vertex -26.82144971236163 -3.490754697281435 19.600000000000005
      vertex -27.3 3.81051177665153 19.600000000000005
    endloop
  endfacet
  facet normal 0 0 1
    outer loop
      vertex -26.82144971236163 -3.490754697281435 19.600000000000005
      vertex -26.38873016277919 -3.1112698372208096 19.600000000000005
      vertex -26.82144971236163 3.490754697281435 19.600000000000005
    endloop
  endfacet
  facet normal 0 0 1
    outer loop
      vertex -26.38873016277919 -3.1112698372208096 19.600000000000005
      vertex -26.009245302718565 -2.678550287638371 19.600000000000005
      vertex -26.38873016277919 3.1112698372208096 19.600000000000005
    endloop
  endfacet
  facet normal 0 0 1
    outer loop
      vertex -26.009245302718565 -2.678550287638371 19.600000000000005
      vertex -25.68948822334847 -2.2 19.600000000000005
      vertex -26.009245302718565 2.678550287638371 19.600000000000005
    endloop
  endfacet
  facet normal 0 0 1
    outer loop
      vertex -25.68948822334847 -2.2 19.600000000000005
      vertex -25.43493005695034 -1.6838071024063952 19.600000000000005
      vertex -25.68948822334847 2.2 19.600000000000005
    endloop
  endfacet
  facet normal 0 0 1
    outer loop
      vertex -25.43493005695034 -1.6838071024063952 19.600000000000005
      vertex -25.249926364328097 -1.1388037984510913 19.600000000000005
      vertex -25.43493005695034 1.6838071024063952 19.600000000000005
    endloop
  endfacet
  facet normal 0 0 1
    outer loop
      vertex -25.249926364328097 -1.1388037984510913 19.600000000000005
      vertex -25.137642609955236 -0.574315245768227 19.600000000000005
      vertex -25.249926364328097 1.1388037984510913 19.600000000000005
    endloop
  endfacet
  facet normal -0.6593458151000701 0.7518398074789764 0
    outer loop
      vertex -32.600000001490116 3.121153217898423 2.4
      vertex -32.600000001490116 3.121153217898423 19.600000000000005
      vertex -32.17855028763837 3.490754697281435 2.4
    endloop
  endfacet
  facet normal -0.5555702330195995 0.831469612302547 -1.0243135308098509e-18
    outer loop
      vertex -32.17855028763837 3.490754697281435 2.4
      vertex -31.7 3.81051177665153 19.600000000000005
      vertex -31.7 3.81051177665153 2.4
    endloop
  endfacet
  facet normal -0.44228869021900113 0.8968727415326885 -2.45417278788647e-19
    outer loop
      vertex -31.7 3.81051177665153 2.4
      vertex -31.183807102406394 4.065069943049662 19.600000000000005
      vertex -31.183807102406394 4.065069943049662 2.4
    endloop
  endfacet
  facet normal -0.32143946530316414 0.9469301294951048 3.789353374614415e-19
    outer loop
      vertex -31.183807102406394 4.065069943049662 2.4
      vertex -30.638803798451093 4.250073635671901 19.600000000000005
      vertex -30.638803798451093 4.250073635671901 2.4
    endloop
  endfacet
  facet normal -0.19509032201612556 0.9807852804032311 -1.27164611966341e-19
    outer loop
      vertex -30.638803798451093 4.250073635671901 2.4
      vertex -30.074315245768226 4.362357390044766 19.600000000000005
      vertex -30.074315245768226 4.362357390044766 2.4
    endloop
  endfacet
  facet normal -0.06540312923014413 0.9978589232386034 -2.432954575338688e-20
    outer loop
      vertex -30.074315245768226 4.362357390044766 2.4
      vertex -29.5 4.4 19.600000000000005
      vertex -29.5 4.4 2.4
    endloop
  endfacet
  facet normal 0.06540312923014413 0.9978589232386034 2.432954575338688e-20
    outer loop
      vertex -29.5 4.4 2.4
      vertex -28.925684754231774 4.362357390044766 19.600000000000005
      vertex -28.925684754231774 4.362357390044766 2.4
    endloop
  endfacet
  facet normal 0.19509032201612556 0.9807852804032311 1.27164611966341e-19
    outer loop
      vertex -28.925684754231774 4.362357390044766 2.4
      vertex -28.361196201548907 4.250073635671901 19.600000000000005
      vertex -28.361196201548907 4.250073635671901 2.4
    endloop
  endfacet
  facet normal 0.44228869021900113 0.8968727415326885 0
    outer loop
      vertex -27.3 3.81051177665153 2.4
      vertex -27.816192897593606 4.065069943049662 2.4
      vertex -27.3 3.81051177665153 19.600000000000005
    endloop
  endfacet
  facet normal 0.5555702330196023 0.8314696123025451 8.249835761543877e-19
    outer loop
      vertex -27.3 3.81051177665153 2.4
      vertex -26.82144971236163 3.490754697281435 19.600000000000005
      vertex -26.82144971236163 3.490754697281435 2.4
    endloop
  endfacet
  facet normal 0.659345815100067 0.7518398074789793 5.837449152975963e-19
    outer loop
      vertex -26.82144971236163 3.490754697281435 2.4
      vertex -26.38873016277919 3.1112698372208096 19.600000000000005
      vertex -26.38873016277919 3.1112698372208096 2.4
    endloop
  endfacet
  facet normal 0.32143946530316414 0.9469301294951048 -3.789353374614415e-19
    outer loop
      vertex -28.361196201548907 4.250073635671901 2.4
      vertex -27.816192897593606 4.065069943049662 19.600000000000005
      vertex -27.816192897593606 4.065069943049662 2.4
    endloop
  endfacet
  facet normal 0.980785280403232 0.19509032201612062 -3.4859048270519844e-19
    outer loop
      vertex -25.249926364328097 1.1388037984510913 2.4
      vertex -25.137642609955236 0.574315245768227 19.600000000000005
      vertex -25.137642609955236 0.574315245768227 2.4
    endloop
  endfacet
  facet normal 0.8968727415326893 0.4422886902189993 0
    outer loop
      vertex -25.43493005695034 1.6838071024063952 2.4
      vertex -25.68948822334847 2.2 2.4
      vertex -25.43493005695034 1.6838071024063952 19.600000000000005
    endloop
  endfacet
  facet normal 0.9469301294951038 0.3214394653031669 -6.051192159654279e-19
    outer loop
      vertex -25.43493005695034 1.6838071024063952 2.4
      vertex -25.249926364328097 1.1388037984510913 19.600000000000005
      vertex -25.249926364328097 1.1388037984510913 2.4
    endloop
  endfacet
  facet normal 0.7518398074789782 0.659345815100068 1.1740589727638109e-18
    outer loop
      vertex -26.38873016277919 3.1112698372208096 2.4
      vertex -26.009245302718565 2.678550287638371 19.600000000000005
      vertex -26.009245302718565 2.678550287638371 2.4
    endloop
  endfacet
  facet normal 0.8314696123025451 0.5555702330196025 -1.3420914199998065e-18
    outer loop
      vertex -26.009245302718565 2.678550287638371 2.4
      vertex -25.68948822334847 2.2 19.600000000000005
      vertex -25.68948822334847 2.2 2.4
    endloop
  endfacet
  facet normal 0.9978589232386034 0.06540312923014398 0
    outer loop
      vertex -25.1 0 2.4
      vertex -25.137642609955236 0.574315245768227 2.4
      vertex -25.1 0 19.600000000000005
    endloop
  endfacet
  facet normal -0.6593458151000701 0.7518398074789764 0
    outer loop
      vertex -32.17855028763837 3.490754697281435 2.4
      vertex -32.600000001490116 3.121153217898423 19.600000000000005
      vertex -32.17855028763837 3.490754697281435 19.600000000000005
    endloop
  endfacet
  facet normal -0.5555702330195995 0.831469612302547 0
    outer loop
      vertex -32.17855028763837 3.490754697281435 2.4
      vertex -32.17855028763837 3.490754697281435 19.600000000000005
      vertex -31.7 3.81051177665153 19.600000000000005
    endloop
  endfacet
  facet normal -0.44228869021900113 0.8968727415326885 0
    outer loop
      vertex -31.7 3.81051177665153 2.4
      vertex -31.7 3.81051177665153 19.600000000000005
      vertex -31.183807102406394 4.065069943049662 19.600000000000005
    endloop
  endfacet
  facet normal -0.32143946530316414 0.9469301294951048 0
    outer loop
      vertex -31.183807102406394 4.065069943049662 2.4
      vertex -31.183807102406394 4.065069943049662 19.600000000000005
      vertex -30.638803798451093 4.250073635671901 19.600000000000005
    endloop
  endfacet
  facet normal -0.19509032201612556 0.9807852804032311 0
    outer loop
      vertex -30.638803798451093 4.250073635671901 2.4
      vertex -30.638803798451093 4.250073635671901 19.600000000000005
      vertex -30.074315245768226 4.362357390044766 19.600000000000005
    endloop
  endfacet
  facet normal -0.06540312923014413 0.9978589232386034 0
    outer loop
      vertex -30.074315245768226 4.362357390044766 2.4
      vertex -30.074315245768226 4.362357390044766 19.600000000000005
      vertex -29.5 4.4 19.600000000000005
    endloop
  endfacet
  facet normal 0.06540312923014413 0.9978589232386034 0
    outer loop
      vertex -29.5 4.4 2.4
      vertex -29.5 4.4 19.600000000000005
      vertex -28.925684754231774 4.362357390044766 19.600000000000005
    endloop
  endfacet
  facet normal 0.19509032201612556 0.9807852804032311 0
    outer loop
      vertex -28.925684754231774 4.362357390044766 2.4
      vertex -28.925684754231774 4.362357390044766 19.600000000000005
      vertex -28.361196201548907 4.250073635671901 19.600000000000005
    endloop
  endfacet
  facet normal 0.5555702330196023 0.8314696123025451 0
    outer loop
      vertex -27.3 3.81051177665153 2.4
      vertex -27.3 3.81051177665153 19.600000000000005
      vertex -26.82144971236163 3.490754697281435 19.600000000000005
    endloop
  endfacet
  facet normal 0.659345815100067 0.7518398074789793 0
    outer loop
      vertex -26.82144971236163 3.490754697281435 2.4
      vertex -26.82144971236163 3.490754697281435 19.600000000000005
      vertex -26.38873016277919 3.1112698372208096 19.600000000000005
    endloop
  endfacet
  facet normal 0.7518398074789782 0.659345815100068 0
    outer loop
      vertex -26.38873016277919 3.1112698372208096 2.4
      vertex -26.38873016277919 3.1112698372208096 19.600000000000005
      vertex -26.009245302718565 2.678550287638371 19.600000000000005
    endloop
  endfacet
  facet normal 0.32143946530316414 0.9469301294951048 0
    outer loop
      vertex -28.361196201548907 4.250073635671901 2.4
      vertex -28.361196201548907 4.250073635671901 19.600000000000005
      vertex -27.816192897593606 4.065069943049662 19.600000000000005
    endloop
  endfacet
  facet normal 0.44228869021900113 0.8968727415326885 0
    outer loop
      vertex -27.816192897593606 4.065069943049662 2.4
      vertex -27.816192897593606 4.065069943049662 19.600000000000005
      vertex -27.3 3.81051177665153 19.600000000000005
    endloop
  endfacet
  facet normal 0.980785280403232 0.19509032201612062 0
    outer loop
      vertex -25.249926364328097 1.1388037984510913 2.4
      vertex -25.249926364328097 1.1388037984510913 19.600000000000005
      vertex -25.137642609955236 0.574315245768227 19.600000000000005
    endloop
  endfacet
  facet normal 0.9469301294951038 0.3214394653031669 0
    outer loop
      vertex -25.43493005695034 1.6838071024063952 2.4
      vertex -25.43493005695034 1.6838071024063952 19.600000000000005
      vertex -25.249926364328097 1.1388037984510913 19.600000000000005
    endloop
  endfacet
  facet normal 0.8314696123025451 0.5555702330196025 0
    outer loop
      vertex -26.009245302718565 2.678550287638371 2.4
      vertex -26.009245302718565 2.678550287638371 19.600000000000005
      vertex -25.68948822334847 2.2 19.600000000000005
    endloop
  endfacet
  facet normal 0.8968727415326893 0.4422886902189993 0
    outer loop
      vertex -25.68948822334847 2.2 2.4
      vertex -25.68948822334847 2.2 19.600000000000005
      vertex -25.43493005695034 1.6838071024063952 19.600000000000005
    endloop
  endfacet
  facet normal 0.9978589232386034 0.06540312923014398 0
    outer loop
      vertex -25.137642609955236 0.574315245768227 2.4
      vertex -25.137642609955236 0.574315245768227 19.600000000000005
      vertex -25.1 0 19.600000000000005
    endloop
  endfacet
  facet normal 0 0 1
    outer loop
      vertex -32.600000001490116 -3.121153217898423 19.600000000000005
      vertex -32.17855028763837 3.490754697281435 19.600000000000005
      vertex -32.600000001490116 3.121153217898423 19.600000000000005
    endloop
  endfacet
  facet normal 0 0 1
    outer loop
      vertex -31.7 -3.81051177665153 19.600000000000005
      vertex -31.7 3.81051177665153 19.600000000000005
      vertex -32.17855028763837 3.490754697281435 19.600000000000005
    endloop
  endfacet
  facet normal 0 0 1
    outer loop
      vertex -31.7 -3.81051177665153 19.600000000000005
      vertex -31.5 0 19.600000000000005
      vertex -31.7 3.81051177665153 19.600000000000005
    endloop
  endfacet
  facet normal 0 0 1
    outer loop
      vertex -31.5 0 19.600000000000005
      vertex -31.482889722747622 0.26105238444010315 19.600000000000005
      vertex -31.7 3.81051177665153 19.600000000000005
    endloop
  endfacet
  facet normal 0 0 1
    outer loop
      vertex -31.482889722747622 0.26105238444010315 19.600000000000005
      vertex -31.431851652578136 0.5176380902050415 19.600000000000005
      vertex -31.7 3.81051177665153 19.600000000000005
    endloop
  endfacet
  facet normal 0 0 1
    outer loop
      vertex -31.431851652578136 0.5176380902050415 19.600000000000005
      vertex -31.347759065022572 0.7653668647301796 19.600000000000005
      vertex -31.7 3.81051177665153 19.600000000000005
    endloop
  endfacet
  facet normal 0 0 1
    outer loop
      vertex -31.347759065022572 0.7653668647301796 19.600000000000005
      vertex -31.23205080756888 1 19.600000000000005
      vertex -31.7 3.81051177665153 19.600000000000005
    endloop
  endfacet
  facet normal 0 0 1
    outer loop
      vertex -31.23205080756888 1 19.600000000000005
      vertex -31.08670668058247 1.2175228580174413 19.600000000000005
      vertex -31.7 3.81051177665153 19.600000000000005
    endloop
  endfacet
  facet normal 0 0 1
    outer loop
      vertex -31.08670668058247 1.2175228580174413 19.600000000000005
      vertex -31.183807102406394 4.065069943049662 19.600000000000005
      vertex -31.7 3.81051177665153 19.600000000000005
    endloop
  endfacet
  facet normal 0 0 1
    outer loop
      vertex -31.08670668058247 1.2175228580174413 19.600000000000005
      vertex -30.914213562373096 1.4142135623730951 19.600000000000005
      vertex -31.183807102406394 4.065069943049662 19.600000000000005
    endloop
  endfacet
  facet normal 0 0 1
    outer loop
      vertex -30.914213562373096 1.4142135623730951 19.600000000000005
      vertex -30.717522858017443 1.5867066805824703 19.600000000000005
      vertex -31.183807102406394 4.065069943049662 19.600000000000005
    endloop
  endfacet
  facet normal 0 0 1
    outer loop
      vertex -30.717522858017443 1.5867066805824703 19.600000000000005
      vertex -30.5 1.7320508075688772 19.600000000000005
      vertex -31.183807102406394 4.065069943049662 19.600000000000005
    endloop
  endfacet
  facet normal 0 0 1
    outer loop
      vertex -31.183807102406394 4.065069943049662 19.600000000000005
      vertex -30.5 1.7320508075688772 19.600000000000005
      vertex -30.638803798451093 4.250073635671901 19.600000000000005
    endloop
  endfacet
  facet normal 0 0 1
    outer loop
      vertex -30.638803798451093 4.250073635671901 19.600000000000005
      vertex -30.5 1.7320508075688772 19.600000000000005
      vertex -30.26536686473018 1.8477590650225735 19.600000000000005
    endloop
  endfacet
  facet normal 0 0 1
    outer loop
      vertex -30.638803798451093 4.250073635671901 19.600000000000005
      vertex -30.26536686473018 1.8477590650225735 19.600000000000005
      vertex -30.01763809020504 1.9318516525781366 19.600000000000005
    endloop
  endfacet
  facet normal 0 0 1
    outer loop
      vertex -30.638803798451093 4.250073635671901 19.600000000000005
      vertex -30.01763809020504 1.9318516525781366 19.600000000000005
      vertex -30.074315245768226 4.362357390044766 19.600000000000005
    endloop
  endfacet
  facet normal 0 0 1
    outer loop
      vertex -30.01763809020504 1.9318516525781366 19.600000000000005
      vertex -29.761052384440102 1.9828897227476208 19.600000000000005
      vertex -30.074315245768226 4.362357390044766 19.600000000000005
    endloop
  endfacet
  facet normal 0 0 1
    outer loop
      vertex -29.761052384440102 1.9828897227476208 19.600000000000005
      vertex -29.5 2 19.600000000000005
      vertex -29.5 4.4 19.600000000000005
    endloop
  endfacet
  facet normal 0 0 1
    outer loop
      vertex -29.761052384440102 1.9828897227476208 19.600000000000005
      vertex -29.5 4.4 19.600000000000005
      vertex -30.074315245768226 4.362357390044766 19.600000000000005
    endloop
  endfacet
  facet normal 0 0 1
    outer loop
      vertex -29.5 2 19.600000000000005
      vertex -29.238947615559898 1.9828897227476208 19.600000000000005
      vertex -29.5 4.4 19.600000000000005
    endloop
  endfacet
  facet normal 0 0 1
    outer loop
      vertex -28.98236190979496 1.9318516525781366 19.600000000000005
      vertex -28.925684754231774 4.362357390044766 19.600000000000005
      vertex -29.238947615559898 1.9828897227476208 19.600000000000005
    endloop
  endfacet
  facet normal 0 0 1
    outer loop
      vertex -29.238947615559898 1.9828897227476208 19.600000000000005
      vertex -28.925684754231774 4.362357390044766 19.600000000000005
      vertex -29.5 4.4 19.600000000000005
    endloop
  endfacet
  facet normal 0 0 1
    outer loop
      vertex -28.98236190979496 1.9318516525781366 19.600000000000005
      vertex -28.73463313526982 1.8477590650225735 19.600000000000005
      vertex -28.925684754231774 4.362357390044766 19.600000000000005
    endloop
  endfacet
  facet normal 0 0 1
    outer loop
      vertex -28.73463313526982 1.8477590650225735 19.600000000000005
      vertex -28.5 1.7320508075688772 19.600000000000005
      vertex -28.361196201548907 4.250073635671901 19.600000000000005
    endloop
  endfacet
  facet normal 0 0 1
    outer loop
      vertex -28.73463313526982 1.8477590650225735 19.600000000000005
      vertex -28.361196201548907 4.250073635671901 19.600000000000005
      vertex -28.925684754231774 4.362357390044766 19.600000000000005
    endloop
  endfacet
  facet normal 0 0 1
    outer loop
      vertex -27.3 -3.81051177665153 19.600000000000005
      vertex -27.3 3.81051177665153 19.600000000000005
      vertex -27.5 0 19.600000000000005
    endloop
  endfacet
  facet normal 0 0 1
    outer loop
      vertex -27.652240934977428 0.7653668647301796 19.600000000000005
      vertex -27.816192897593606 4.065069943049662 19.600000000000005
      vertex -27.76794919243112 1 19.600000000000005
    endloop
  endfacet
  facet normal 0 0 1
    outer loop
      vertex -27.652240934977428 0.7653668647301796 19.600000000000005
      vertex -27.568148347421864 0.5176380902050415 19.600000000000005
      vertex -27.816192897593606 4.065069943049662 19.600000000000005
    endloop
  endfacet
  facet normal 0 0 1
    outer loop
      vertex -27.5 0 19.600000000000005
      vertex -27.3 3.81051177665153 19.600000000000005
      vertex -27.517110277252378 0.26105238444010315 19.600000000000005
    endloop
  endfacet
  facet normal 0 0 1
    outer loop
      vertex -27.517110277252378 0.26105238444010315 19.600000000000005
      vertex -27.3 3.81051177665153 19.600000000000005
      vertex -27.568148347421864 0.5176380902050415 19.600000000000005
    endloop
  endfacet
  facet normal 0 0 1
    outer loop
      vertex -28.282477141982557 1.5867066805824703 19.600000000000005
      vertex -28.085786437626904 1.4142135623730951 19.600000000000005
      vertex -28.361196201548907 4.250073635671901 19.600000000000005
    endloop
  endfacet
  facet normal 0 0 1
    outer loop
      vertex -28.5 1.7320508075688772 19.600000000000005
      vertex -28.282477141982557 1.5867066805824703 19.600000000000005
      vertex -28.361196201548907 4.250073635671901 19.600000000000005
    endloop
  endfacet
  facet normal 0 0 1
    outer loop
      vertex -28.085786437626904 1.4142135623730951 19.600000000000005
      vertex -27.91329331941753 1.2175228580174413 19.600000000000005
      vertex -27.816192897593606 4.065069943049662 19.600000000000005
    endloop
  endfacet
  facet normal 0 0 1
    outer loop
      vertex -28.085786437626904 1.4142135623730951 19.600000000000005
      vertex -27.816192897593606 4.065069943049662 19.600000000000005
      vertex -28.361196201548907 4.250073635671901 19.600000000000005
    endloop
  endfacet
  facet normal 0 0 1
    outer loop
      vertex -27.91329331941753 1.2175228580174413 19.600000000000005
      vertex -27.76794919243112 1 19.600000000000005
      vertex -27.816192897593606 4.065069943049662 19.600000000000005
    endloop
  endfacet
  facet normal 0 0 1
    outer loop
      vertex -27.568148347421864 0.5176380902050415 19.600000000000005
      vertex -27.3 3.81051177665153 19.600000000000005
      vertex -27.816192897593606 4.065069943049662 19.600000000000005
    endloop
  endfacet
  facet normal 0 0 1
    outer loop
      vertex -26.82144971236163 -3.490754697281435 19.600000000000005
      vertex -26.82144971236163 3.490754697281435 19.600000000000005
      vertex -27.3 3.81051177665153 19.600000000000005
    endloop
  endfacet
  facet normal 0 0 1
    outer loop
      vertex -26.38873016277919 -3.1112698372208096 19.600000000000005
      vertex -26.38873016277919 3.1112698372208096 19.600000000000005
      vertex -26.82144971236163 3.490754697281435 19.600000000000005
    endloop
  endfacet
  facet normal 0 0 1
    outer loop
      vertex -25.68948822334847 -2.2 19.600000000000005
      vertex -25.68948822334847 2.2 19.600000000000005
      vertex -26.009245302718565 2.678550287638371 19.600000000000005
    endloop
  endfacet
  facet normal 0 0 1
    outer loop
      vertex -26.009245302718565 -2.678550287638371 19.600000000000005
      vertex -26.009245302718565 2.678550287638371 19.600000000000005
      vertex -26.38873016277919 3.1112698372208096 19.600000000000005
    endloop
  endfacet
  facet normal 0 0 1
    outer loop
      vertex -25.43493005695034 -1.6838071024063952 19.600000000000005
      vertex -25.43493005695034 1.6838071024063952 19.600000000000005
      vertex -25.68948822334847 2.2 19.600000000000005
    endloop
  endfacet
  facet normal 0 0 1
    outer loop
      vertex -25.137642609955236 -0.574315245768227 19.600000000000005
      vertex -25.137642609955236 0.574315245768227 19.600000000000005
      vertex -25.249926364328097 1.1388037984510913 19.600000000000005
    endloop
  endfacet
  facet normal 0 0 1
    outer loop
      vertex -25.249926364328097 -1.1388037984510913 19.600000000000005
      vertex -25.249926364328097 1.1388037984510913 19.600000000000005
      vertex -25.43493005695034 1.6838071024063952 19.600000000000005
    endloop
  endfacet
  facet normal 0 0 1
    outer loop
      vertex -25.137642609955236 -0.574315245768227 19.600000000000005
      vertex -25.1 0 19.600000000000005
      vertex -25.137642609955236 0.574315245768227 19.600000000000005
    endloop
  endfacet
  facet normal 0 0 1
    outer loop
      vertex -0.7653668647301796 -59.84775906502257 12.590000000000003
      vertex -0.5176380902050415 -59.93185165257814 12.590000000000003
      vertex -0.5176380902050415 -56.06814834742186 12.590000000000003
    endloop
  endfacet
  facet normal 0 0 1
    outer loop
      vertex -0.5176380902050415 -59.93185165257814 12.590000000000003
      vertex -0.26105238444010315 -59.98288972274762 12.590000000000003
      vertex -0.26105238444010315 -56.01711027725238 12.590000000000003
    endloop
  endfacet
  facet normal 0 0 1
    outer loop
      vertex -0.26105238444010315 -59.98288972274762 12.590000000000003
      vertex 0 -60 12.590000000000003
      vertex 0 -56 12.590000000000003
    endloop
  endfacet
  facet normal 0 0 1
    outer loop
      vertex -1.9828897227476208 -58.261052384440106 12.590000000000003
      vertex -1.9828897227476208 -57.738947615559894 12.590000000000003
      vertex -2 -58 12.590000000000003
    endloop
  endfacet
  facet normal 0 0 1
    outer loop
      vertex -1.9318516525781366 -58.51763809020504 12.590000000000003
      vertex -1.9318516525781366 -57.48236190979496 12.590000000000003
      vertex -1.9828897227476208 -58.261052384440106 12.590000000000003
    endloop
  endfacet
  facet normal 0 0 1
    outer loop
      vertex -1.9828897227476208 -58.261052384440106 12.590000000000003
      vertex -1.9318516525781366 -57.48236190979496 12.590000000000003
      vertex -1.9828897227476208 -57.738947615559894 12.590000000000003
    endloop
  endfacet
  facet normal 0 0 1
    outer loop
      vertex -1.8477590650225735 -58.76536686473018 12.590000000000003
      vertex -1.8477590650225735 -57.23463313526982 12.590000000000003
      vertex -1.9318516525781366 -58.51763809020504 12.590000000000003
    endloop
  endfacet
  facet normal 0 0 1
    outer loop
      vertex -1.8477590650225735 -58.76536686473018 12.590000000000003
      vertex -1.7320508075688772 -59 12.590000000000003
      vertex -1.7320508075688772 -57 12.590000000000003
    endloop
  endfacet
  facet normal 0 0 1
    outer loop
      vertex -1.9318516525781366 -58.51763809020504 12.590000000000003
      vertex -1.8477590650225735 -57.23463313526982 12.590000000000003
      vertex -1.9318516525781366 -57.48236190979496 12.590000000000003
    endloop
  endfacet
  facet normal 0 0 1
    outer loop
      vertex -1.8477590650225735 -58.76536686473018 12.590000000000003
      vertex -1.7320508075688772 -57 12.590000000000003
      vertex -1.8477590650225735 -57.23463313526982 12.590000000000003
    endloop
  endfacet
  facet normal 0 0 1
    outer loop
      vertex -1.7320508075688772 -59 12.590000000000003
      vertex -1.5867066805824703 -56.78247714198256 12.590000000000003
      vertex -1.7320508075688772 -57 12.590000000000003
    endloop
  endfacet
  facet normal 0 0 1
    outer loop
      vertex -1.7320508075688772 -59 12.590000000000003
      vertex -1.5867066805824703 -59.21752285801744 12.590000000000003
      vertex -1.5867066805824703 -56.78247714198256 12.590000000000003
    endloop
  endfacet
  facet normal 0 0 1
    outer loop
      vertex -1.5867066805824703 -59.21752285801744 12.590000000000003
      vertex -1.4142135623730951 -59.41421356237309 12.590000000000003
      vertex -1.4142135623730951 -56.58578643762691 12.590000000000003
    endloop
  endfacet
  facet normal 0 0 1
    outer loop
      vertex -1.2175228580174413 -59.58670668058247 12.590000000000003
      vertex -1.2175228580174413 -56.41329331941753 12.590000000000003
      vertex -1.4142135623730951 -59.41421356237309 12.590000000000003
    endloop
  endfacet
  facet normal 0 0 1
    outer loop
      vertex -1.5867066805824703 -59.21752285801744 12.590000000000003
      vertex -1.4142135623730951 -56.58578643762691 12.590000000000003
      vertex -1.5867066805824703 -56.78247714198256 12.590000000000003
    endloop
  endfacet
  facet normal 0 0 1
    outer loop
      vertex -1.4142135623730951 -59.41421356237309 12.590000000000003
      vertex -1.2175228580174413 -56.41329331941753 12.590000000000003
      vertex -1.4142135623730951 -56.58578643762691 12.590000000000003
    endloop
  endfacet
  facet normal 0 0 1
    outer loop
      vertex -1.2175228580174413 -59.58670668058247 12.590000000000003
      vertex -1 -56.267949192431125 12.590000000000003
      vertex -1.2175228580174413 -56.41329331941753 12.590000000000003
    endloop
  endfacet
  facet normal 0 0 1
    outer loop
      vertex -1.2175228580174413 -59.58670668058247 12.590000000000003
      vertex -1 -59.732050807568875 12.590000000000003
      vertex -1 -56.267949192431125 12.590000000000003
    endloop
  endfacet
  facet normal 0 0 1
    outer loop
      vertex -1 -59.732050807568875 12.590000000000003
      vertex -0.7653668647301796 -59.84775906502257 12.590000000000003
      vertex -0.7653668647301796 -56.15224093497743 12.590000000000003
    endloop
  endfacet
  facet normal 0 0 1
    outer loop
      vertex -1 -59.732050807568875 12.590000000000003
      vertex -0.7653668647301796 -56.15224093497743 12.590000000000003
      vertex -1 -56.267949192431125 12.590000000000003
    endloop
  endfacet
  facet normal 0 0 1
    outer loop
      vertex -0.7653668647301796 -59.84775906502257 12.590000000000003
      vertex -0.5176380902050415 -56.06814834742186 12.590000000000003
      vertex -0.7653668647301796 -56.15224093497743 12.590000000000003
    endloop
  endfacet
  facet normal 0 0 1
    outer loop
      vertex -0.5176380902050415 -59.93185165257814 12.590000000000003
      vertex -0.26105238444010315 -56.01711027725238 12.590000000000003
      vertex -0.5176380902050415 -56.06814834742186 12.590000000000003
    endloop
  endfacet
  facet normal 0 0 1
    outer loop
      vertex -0.26105238444010315 -59.98288972274762 12.590000000000003
      vertex 0 -56 12.590000000000003
      vertex -0.26105238444010315 -56.01711027725238 12.590000000000003
    endloop
  endfacet
  facet normal 0.8968727415326857 0.44228869021900635 0
    outer loop
      vertex -1.8477590650225735 -58.76536686473018 12.590000000000003
      vertex -1.8477590650225735 -58.76536686473018 19.600000000000005
      vertex -1.7320508075688772 -59 12.590000000000003
    endloop
  endfacet
  facet normal 0.9469301294951076 0.3214394653031559 5.288718478321595e-19
    outer loop
      vertex -1.8477590650225735 -58.76536686473018 12.590000000000003
      vertex -1.9318516525781366 -58.51763809020504 12.590000000000003
      vertex -1.9318516525781366 -58.51763809020504 19.600000000000005
    endloop
  endfacet
  facet normal 0.8314696123025428 0.5555702330196057 0
    outer loop
      vertex -1.7320508075688772 -59 12.590000000000003
      vertex -1.7320508075688772 -59 19.600000000000005
      vertex -1.5867066805824703 -59.21752285801744 12.590000000000003
    endloop
  endfacet
  facet normal 0.5555702330195877 0.8314696123025548 0
    outer loop
      vertex -1.2175228580174413 -59.58670668058247 12.590000000000003
      vertex -1.2175228580174413 -59.58670668058247 19.600000000000005
      vertex -1 -59.732050807568875 12.590000000000003
    endloop
  endfacet
  facet normal 0.7518398074789766 0.6593458151000697 0
    outer loop
      vertex -1.5867066805824703 -59.21752285801744 12.590000000000003
      vertex -1.5867066805824703 -59.21752285801744 19.600000000000005
      vertex -1.4142135623730951 -59.41421356237309 12.590000000000003
    endloop
  endfacet
  facet normal 0.6593458151000815 0.7518398074789663 5.134108299458812e-19
    outer loop
      vertex -1.2175228580174413 -59.58670668058247 12.590000000000003
      vertex -1.4142135623730951 -59.41421356237309 12.590000000000003
      vertex -1.4142135623730951 -59.41421356237309 19.600000000000005
    endloop
  endfacet
  facet normal 0.44228869021900424 0.8968727415326868 0
    outer loop
      vertex -1 -59.732050807568875 12.590000000000003
      vertex -1 -59.732050807568875 19.600000000000005
      vertex -0.7653668647301796 -59.84775906502257 12.590000000000003
    endloop
  endfacet
  facet normal 0.32143946530317474 0.9469301294951011 0
    outer loop
      vertex -0.7653668647301796 -59.84775906502257 12.590000000000003
      vertex -0.7653668647301796 -59.84775906502257 19.600000000000005
      vertex -0.5176380902050415 -59.93185165257814 12.590000000000003
    endloop
  endfacet
  facet normal 0.19509032201612297 0.9807852804032315 0
    outer loop
      vertex -0.5176380902050415 -59.93185165257814 12.590000000000003
      vertex -0.5176380902050415 -59.93185165257814 19.600000000000005
      vertex -0.26105238444010315 -59.98288972274762 12.590000000000003
    endloop
  endfacet
  facet normal 0.06540312923013906 0.9978589232386037 0
    outer loop
      vertex -0.26105238444010315 -59.98288972274762 12.590000000000003
      vertex -0.26105238444010315 -59.98288972274762 19.600000000000005
      vertex 0 -60 12.590000000000003
    endloop
  endfacet
  facet normal 0.9807852804032299 0.19509032201613113 -3.8793993602505e-19
    outer loop
      vertex -1.9318516525781366 -58.51763809020504 12.590000000000003
      vertex -1.9828897227476208 -58.261052384440106 12.590000000000003
      vertex -1.9828897227476208 -58.261052384440106 19.600000000000005
    endloop
  endfacet
  facet normal 0.9978589232386035 0.06540312923014263 -1.178602995978431e-19
    outer loop
      vertex -1.9828897227476208 -58.261052384440106 12.590000000000003
      vertex -2 -58 12.590000000000003
      vertex -2 -58 19.600000000000005
    endloop
  endfacet
  facet normal 0.9978589232386035 -0.06540312923014263 1.178602995978431e-19
    outer loop
      vertex -2 -58 12.590000000000003
      vertex -1.9828897227476208 -57.738947615559894 12.590000000000003
      vertex -1.9828897227476208 -57.738947615559894 19.600000000000005
    endloop
  endfacet
  facet normal 0.9807852804032299 -0.19509032201613113 3.8793993602505e-19
    outer loop
      vertex -1.9828897227476208 -57.738947615559894 12.590000000000003
      vertex -1.9318516525781366 -57.48236190979496 12.590000000000003
      vertex -1.9318516525781366 -57.48236190979496 19.600000000000005
    endloop
  endfacet
  facet normal 0.9469301294951076 -0.3214394653031559 -5.288718478321595e-19
    outer loop
      vertex -1.9318516525781366 -57.48236190979496 12.590000000000003
      vertex -1.8477590650225735 -57.23463313526982 12.590000000000003
      vertex -1.8477590650225735 -57.23463313526982 19.600000000000005
    endloop
  endfacet
  facet normal 0.8968727415326857 -0.44228869021900635 -5.440057526311168e-19
    outer loop
      vertex -1.8477590650225735 -57.23463313526982 12.590000000000003
      vertex -1.7320508075688772 -57 12.590000000000003
      vertex -1.7320508075688772 -57 19.600000000000005
    endloop
  endfacet
  facet normal 0.8314696123025428 -0.5555702330196057 1.9522349805325854e-19
    outer loop
      vertex -1.7320508075688772 -57 12.590000000000003
      vertex -1.5867066805824703 -56.78247714198256 12.590000000000003
      vertex -1.5867066805824703 -56.78247714198256 19.600000000000005
    endloop
  endfacet
  facet normal 0.7518398074789766 -0.6593458151000697 1.3780178660163282e-18
    outer loop
      vertex -1.5867066805824703 -56.78247714198256 12.590000000000003
      vertex -1.4142135623730951 -56.58578643762691 12.590000000000003
      vertex -1.4142135623730951 -56.58578643762691 19.600000000000005
    endloop
  endfacet
  facet normal 0.6593458151000815 -0.7518398074789663 -5.134108299458812e-19
    outer loop
      vertex -1.4142135623730951 -56.58578643762691 12.590000000000003
      vertex -1.2175228580174413 -56.41329331941753 12.590000000000003
      vertex -1.2175228580174413 -56.41329331941753 19.600000000000005
    endloop
  endfacet
  facet normal 0.5555702330195877 -0.8314696123025548 -1.8760895090624e-18
    outer loop
      vertex -1.2175228580174413 -56.41329331941753 12.590000000000003
      vertex -1 -56.267949192431125 12.590000000000003
      vertex -1 -56.267949192431125 19.600000000000005
    endloop
  endfacet
  facet normal 0.44228869021900424 -0.8968727415326868 2.9473175414927837e-19
    outer loop
      vertex -1 -56.267949192431125 12.590000000000003
      vertex -0.7653668647301796 -56.15224093497743 12.590000000000003
      vertex -0.7653668647301796 -56.15224093497743 19.600000000000005
    endloop
  endfacet
  facet normal 0.32143946530317474 -0.9469301294951011 2.9517565294243653e-19
    outer loop
      vertex -0.7653668647301796 -56.15224093497743 12.590000000000003
      vertex -0.5176380902050415 -56.06814834742186 12.590000000000003
      vertex -0.5176380902050415 -56.06814834742186 19.600000000000005
    endloop
  endfacet
  facet normal 0.19509032201612297 -0.9807852804032315 9.229741728748832e-21
    outer loop
      vertex -0.5176380902050415 -56.06814834742186 12.590000000000003
      vertex -0.26105238444010315 -56.01711027725238 12.590000000000003
      vertex -0.26105238444010315 -56.01711027725238 19.600000000000005
    endloop
  endfacet
  facet normal 0.06540312923013906 -0.9978589232386037 -2.1785743328122753e-19
    outer loop
      vertex -0.26105238444010315 -56.01711027725238 12.590000000000003
      vertex 0 -56 12.590000000000003
      vertex 0 -56 19.600000000000005
    endloop
  endfacet
  facet normal 0.9469301294951076 0.3214394653031559 0
    outer loop
      vertex -1.8477590650225735 -58.76536686473018 12.590000000000003
      vertex -1.9318516525781366 -58.51763809020504 19.600000000000005
      vertex -1.8477590650225735 -58.76536686473018 19.600000000000005
    endloop
  endfacet
  facet normal 0.8968727415326857 0.44228869021900635 0
    outer loop
      vertex -1.7320508075688772 -59 12.590000000000003
      vertex -1.8477590650225735 -58.76536686473018 19.600000000000005
      vertex -1.7320508075688772 -59 19.600000000000005
    endloop
  endfacet
  facet normal 0.8314696123025428 0.5555702330196057 0
    outer loop
      vertex -1.5867066805824703 -59.21752285801744 12.590000000000003
      vertex -1.7320508075688772 -59 19.600000000000005
      vertex -1.5867066805824703 -59.21752285801744 19.600000000000005
    endloop
  endfacet
  facet normal 0.7518398074789766 0.6593458151000697 0
    outer loop
      vertex -1.4142135623730951 -59.41421356237309 12.590000000000003
      vertex -1.5867066805824703 -59.21752285801744 19.600000000000005
      vertex -1.4142135623730951 -59.41421356237309 19.600000000000005
    endloop
  endfacet
  facet normal 0.6593458151000815 0.7518398074789663 0
    outer loop
      vertex -1.2175228580174413 -59.58670668058247 12.590000000000003
      vertex -1.4142135623730951 -59.41421356237309 19.600000000000005
      vertex -1.2175228580174413 -59.58670668058247 19.600000000000005
    endloop
  endfacet
  facet normal 0.5555702330195877 0.8314696123025548 0
    outer loop
      vertex -1 -59.732050807568875 12.590000000000003
      vertex -1.2175228580174413 -59.58670668058247 19.600000000000005
      vertex -1 -59.732050807568875 19.600000000000005
    endloop
  endfacet
  facet normal 0.44228869021900424 0.8968727415326868 0
    outer loop
      vertex -0.7653668647301796 -59.84775906502257 12.590000000000003
      vertex -1 -59.732050807568875 19.600000000000005
      vertex -0.7653668647301796 -59.84775906502257 19.600000000000005
    endloop
  endfacet
  facet normal 0.32143946530317474 0.9469301294951011 0
    outer loop
      vertex -0.5176380902050415 -59.93185165257814 12.590000000000003
      vertex -0.7653668647301796 -59.84775906502257 19.600000000000005
      vertex -0.5176380902050415 -59.93185165257814 19.600000000000005
    endloop
  endfacet
  facet normal 0.19509032201612297 0.9807852804032315 0
    outer loop
      vertex -0.26105238444010315 -59.98288972274762 12.590000000000003
      vertex -0.5176380902050415 -59.93185165257814 19.600000000000005
      vertex -0.26105238444010315 -59.98288972274762 19.600000000000005
    endloop
  endfacet
  facet normal 0.06540312923013906 0.9978589232386037 2.1785743328122753e-19
    outer loop
      vertex -0.26105238444010315 -59.98288972274762 19.600000000000005
      vertex 0 -60 19.600000000000005
      vertex 0 -60 12.590000000000003
    endloop
  endfacet
  facet normal 0.9807852804032299 0.19509032201613113 0
    outer loop
      vertex -1.9318516525781366 -58.51763809020504 12.590000000000003
      vertex -1.9828897227476208 -58.261052384440106 19.600000000000005
      vertex -1.9318516525781366 -58.51763809020504 19.600000000000005
    endloop
  endfacet
  facet normal 0.9978589232386035 0.06540312923014263 0
    outer loop
      vertex -1.9828897227476208 -58.261052384440106 12.590000000000003
      vertex -2 -58 19.600000000000005
      vertex -1.9828897227476208 -58.261052384440106 19.600000000000005
    endloop
  endfacet
  facet normal 0.9978589232386035 -0.06540312923014263 0
    outer loop
      vertex -2 -58 12.590000000000003
      vertex -1.9828897227476208 -57.738947615559894 19.600000000000005
      vertex -2 -58 19.600000000000005
    endloop
  endfacet
  facet normal 0.9807852804032299 -0.19509032201613113 0
    outer loop
      vertex -1.9828897227476208 -57.738947615559894 12.590000000000003
      vertex -1.9318516525781366 -57.48236190979496 19.600000000000005
      vertex -1.9828897227476208 -57.738947615559894 19.600000000000005
    endloop
  endfacet
  facet normal 0.9469301294951076 -0.3214394653031559 0
    outer loop
      vertex -1.9318516525781366 -57.48236190979496 12.590000000000003
      vertex -1.8477590650225735 -57.23463313526982 19.600000000000005
      vertex -1.9318516525781366 -57.48236190979496 19.600000000000005
    endloop
  endfacet
  facet normal 0.8968727415326857 -0.44228869021900635 0
    outer loop
      vertex -1.8477590650225735 -57.23463313526982 12.590000000000003
      vertex -1.7320508075688772 -57 19.600000000000005
      vertex -1.8477590650225735 -57.23463313526982 19.600000000000005
    endloop
  endfacet
  facet normal 0.8314696123025428 -0.5555702330196057 0
    outer loop
      vertex -1.7320508075688772 -57 12.590000000000003
      vertex -1.5867066805824703 -56.78247714198256 19.600000000000005
      vertex -1.7320508075688772 -57 19.600000000000005
    endloop
  endfacet
  facet normal 0.7518398074789766 -0.6593458151000697 0
    outer loop
      vertex -1.5867066805824703 -56.78247714198256 12.590000000000003
      vertex -1.4142135623730951 -56.58578643762691 19.600000000000005
      vertex -1.5867066805824703 -56.78247714198256 19.600000000000005
    endloop
  endfacet
  facet normal 0.6593458151000815 -0.7518398074789663 0
    outer loop
      vertex -1.4142135623730951 -56.58578643762691 12.590000000000003
      vertex -1.2175228580174413 -56.41329331941753 19.600000000000005
      vertex -1.4142135623730951 -56.58578643762691 19.600000000000005
    endloop
  endfacet
  facet normal 0.5555702330195877 -0.8314696123025548 0
    outer loop
      vertex -1.2175228580174413 -56.41329331941753 12.590000000000003
      vertex -1 -56.267949192431125 19.600000000000005
      vertex -1.2175228580174413 -56.41329331941753 19.600000000000005
    endloop
  endfacet
  facet normal 0.44228869021900424 -0.8968727415326868 0
    outer loop
      vertex -1 -56.267949192431125 12.590000000000003
      vertex -0.7653668647301796 -56.15224093497743 19.600000000000005
      vertex -1 -56.267949192431125 19.600000000000005
    endloop
  endfacet
  facet normal 0.32143946530317474 -0.9469301294951011 0
    outer loop
      vertex -0.7653668647301796 -56.15224093497743 12.590000000000003
      vertex -0.5176380902050415 -56.06814834742186 19.600000000000005
      vertex -0.7653668647301796 -56.15224093497743 19.600000000000005
    endloop
  endfacet
  facet normal 0.19509032201612297 -0.9807852804032315 0
    outer loop
      vertex -0.5176380902050415 -56.06814834742186 12.590000000000003
      vertex -0.26105238444010315 -56.01711027725238 19.600000000000005
      vertex -0.5176380902050415 -56.06814834742186 19.600000000000005
    endloop
  endfacet
  facet normal 0.06540312923013906 -0.9978589232386037 0
    outer loop
      vertex -0.26105238444010315 -56.01711027725238 12.590000000000003
      vertex 0 -56 19.600000000000005
      vertex -0.26105238444010315 -56.01711027725238 19.600000000000005
    endloop
  endfacet
  facet normal 0 0 1
    outer loop
      vertex 0 -60 12.590000000000003
      vertex 0.26105238444010315 -59.98288972274762 12.590000000000003
      vertex 0.26105238444010315 -56.01711027725238 12.590000000000003
    endloop
  endfacet
  facet normal 0 0 1
    outer loop
      vertex 0.26105238444010315 -59.98288972274762 12.590000000000003
      vertex 0.5176380902050415 -59.93185165257814 12.590000000000003
      vertex 0.5176380902050415 -56.06814834742186 12.590000000000003
    endloop
  endfacet
  facet normal 0 0 1
    outer loop
      vertex 0.5176380902050415 -59.93185165257814 12.590000000000003
      vertex 0.7653668647301796 -59.84775906502257 12.590000000000003
      vertex 0.7653668647301796 -56.15224093497743 12.590000000000003
    endloop
  endfacet
  facet normal 0 0 1
    outer loop
      vertex 0.7653668647301796 -59.84775906502257 12.590000000000003
      vertex 1 -59.732050807568875 12.590000000000003
      vertex 1 -56.267949192431125 12.590000000000003
    endloop
  endfacet
  facet normal 0 0 1
    outer loop
      vertex 0 -60 12.590000000000003
      vertex 0.26105238444010315 -56.01711027725238 12.590000000000003
      vertex 0 -56 12.590000000000003
    endloop
  endfacet
  facet normal 0 0 1
    outer loop
      vertex 0.26105238444010315 -59.98288972274762 12.590000000000003
      vertex 0.5176380902050415 -56.06814834742186 12.590000000000003
      vertex 0.26105238444010315 -56.01711027725238 12.590000000000003
    endloop
  endfacet
  facet normal 0 0 1
    outer loop
      vertex 0.5176380902050415 -59.93185165257814 12.590000000000003
      vertex 0.7653668647301796 -56.15224093497743 12.590000000000003
      vertex 0.5176380902050415 -56.06814834742186 12.590000000000003
    endloop
  endfacet
  facet normal 0 0 1
    outer loop
      vertex 0.7653668647301796 -59.84775906502257 12.590000000000003
      vertex 1 -56.267949192431125 12.590000000000003
      vertex 0.7653668647301796 -56.15224093497743 12.590000000000003
    endloop
  endfacet
  facet normal 0 0 1
    outer loop
      vertex 1 -59.732050807568875 12.590000000000003
      vertex 1.2175228580174413 -56.41329331941753 12.590000000000003
      vertex 1 -56.267949192431125 12.590000000000003
    endloop
  endfacet
  facet normal 0 0 1
    outer loop
      vertex 1 -59.732050807568875 12.590000000000003
      vertex 1.2175228580174413 -59.58670668058247 12.590000000000003
      vertex 1.2175228580174413 -56.41329331941753 12.590000000000003
    endloop
  endfacet
  facet normal 0 0 1
    outer loop
      vertex 1.2175228580174413 -59.58670668058247 12.590000000000003
      vertex 1.4142135623730951 -59.41421356237309 12.590000000000003
      vertex 1.4142135623730951 -56.58578643762691 12.590000000000003
    endloop
  endfacet
  facet normal 0 0 1
    outer loop
      vertex 1.4142135623730951 -59.41421356237309 12.590000000000003
      vertex 1.5867066805824703 -59.21752285801744 12.590000000000003
      vertex 1.5867066805824703 -56.78247714198256 12.590000000000003
    endloop
  endfacet
  facet normal 0 0 1
    outer loop
      vertex 1.5867066805824703 -59.21752285801744 12.590000000000003
      vertex 1.7320508075688772 -57 12.590000000000003
      vertex 1.5867066805824703 -56.78247714198256 12.590000000000003
    endloop
  endfacet
  facet normal 0 0 1
    outer loop
      vertex 1.2175228580174413 -59.58670668058247 12.590000000000003
      vertex 1.4142135623730951 -56.58578643762691 12.590000000000003
      vertex 1.2175228580174413 -56.41329331941753 12.590000000000003
    endloop
  endfacet
  facet normal 0 0 1
    outer loop
      vertex 1.4142135623730951 -59.41421356237309 12.590000000000003
      vertex 1.5867066805824703 -56.78247714198256 12.590000000000003
      vertex 1.4142135623730951 -56.58578643762691 12.590000000000003
    endloop
  endfacet
  facet normal 0 0 1
    outer loop
      vertex 1.5867066805824703 -59.21752285801744 12.590000000000003
      vertex 1.7320508075688772 -59 12.590000000000003
      vertex 1.7320508075688772 -57 12.590000000000003
    endloop
  endfacet
  facet normal 0 0 1
    outer loop
      vertex 1.7320508075688772 -59 12.590000000000003
      vertex 1.8477590650225735 -58.76536686473018 12.590000000000003
      vertex 1.8477590650225735 -57.23463313526982 12.590000000000003
    endloop
  endfacet
  facet normal 0 0 1
    outer loop
      vertex 1.8477590650225735 -58.76536686473018 12.590000000000003
      vertex 1.9318516525781366 -58.51763809020504 12.590000000000003
      vertex 1.9318516525781366 -57.48236190979496 12.590000000000003
    endloop
  endfacet
  facet normal 0 0 1
    outer loop
      vertex 1.7320508075688772 -59 12.590000000000003
      vertex 1.8477590650225735 -57.23463313526982 12.590000000000003
      vertex 1.7320508075688772 -57 12.590000000000003
    endloop
  endfacet
  facet normal 0 0 1
    outer loop
      vertex 1.8477590650225735 -58.76536686473018 12.590000000000003
      vertex 1.9318516525781366 -57.48236190979496 12.590000000000003
      vertex 1.8477590650225735 -57.23463313526982 12.590000000000003
    endloop
  endfacet
  facet normal 0 0 1
    outer loop
      vertex 1.9318516525781366 -58.51763809020504 12.590000000000003
      vertex 1.9828897227476208 -58.261052384440106 12.590000000000003
      vertex 1.9828897227476208 -57.738947615559894 12.590000000000003
    endloop
  endfacet
  facet normal 0 0 1
    outer loop
      vertex 1.9318516525781366 -58.51763809020504 12.590000000000003
      vertex 1.9828897227476208 -57.738947615559894 12.590000000000003
      vertex 1.9318516525781366 -57.48236190979496 12.590000000000003
    endloop
  endfacet
  facet normal 0 0 1
    outer loop
      vertex 1.9828897227476208 -58.261052384440106 12.590000000000003
      vertex 2 -58 12.590000000000003
      vertex 1.9828897227476208 -57.738947615559894 12.590000000000003
    endloop
  endfacet
  facet normal -0.06540312923013906 0.9978589232386037 0
    outer loop
      vertex 0 -60 12.590000000000003
      vertex 0 -60 19.600000000000005
      vertex 0.26105238444010315 -59.98288972274762 12.590000000000003
    endloop
  endfacet
  facet normal -0.19509032201612297 0.9807852804032315 0
    outer loop
      vertex 0.26105238444010315 -59.98288972274762 12.590000000000003
      vertex 0.26105238444010315 -59.98288972274762 19.600000000000005
      vertex 0.5176380902050415 -59.93185165257814 12.590000000000003
    endloop
  endfacet
  facet normal -0.32143946530317474 0.9469301294951011 0
    outer loop
      vertex 0.5176380902050415 -59.93185165257814 12.590000000000003
      vertex 0.5176380902050415 -59.93185165257814 19.600000000000005
      vertex 0.7653668647301796 -59.84775906502257 12.590000000000003
    endloop
  endfacet
  facet normal -0.44228869021900424 0.8968727415326868 0
    outer loop
      vertex 0.7653668647301796 -59.84775906502257 12.590000000000003
      vertex 0.7653668647301796 -59.84775906502257 19.600000000000005
      vertex 1 -59.732050807568875 12.590000000000003
    endloop
  endfacet
  facet normal -0.5555702330195877 0.8314696123025548 0
    outer loop
      vertex 1 -59.732050807568875 12.590000000000003
      vertex 1 -59.732050807568875 19.600000000000005
      vertex 1.2175228580174413 -59.58670668058247 12.590000000000003
    endloop
  endfacet
  facet normal -0.6593458151000815 0.7518398074789663 0
    outer loop
      vertex 1.2175228580174413 -59.58670668058247 12.590000000000003
      vertex 1.2175228580174413 -59.58670668058247 19.600000000000005
      vertex 1.4142135623730951 -59.41421356237309 12.590000000000003
    endloop
  endfacet
  facet normal -0.7518398074789766 0.6593458151000697 0
    outer loop
      vertex 1.4142135623730951 -59.41421356237309 12.590000000000003
      vertex 1.4142135623730951 -59.41421356237309 19.600000000000005
      vertex 1.5867066805824703 -59.21752285801744 12.590000000000003
    endloop
  endfacet
  facet normal -0.8314696123025428 0.5555702330196057 0
    outer loop
      vertex 1.5867066805824703 -59.21752285801744 12.590000000000003
      vertex 1.5867066805824703 -59.21752285801744 19.600000000000005
      vertex 1.7320508075688772 -59 12.590000000000003
    endloop
  endfacet
  facet normal -0.8968727415326857 0.44228869021900635 0
    outer loop
      vertex 1.7320508075688772 -59 12.590000000000003
      vertex 1.7320508075688772 -59 19.600000000000005
      vertex 1.8477590650225735 -58.76536686473018 12.590000000000003
    endloop
  endfacet
  facet normal -0.9469301294951076 0.3214394653031559 0
    outer loop
      vertex 1.8477590650225735 -58.76536686473018 12.590000000000003
      vertex 1.8477590650225735 -58.76536686473018 19.600000000000005
      vertex 1.9318516525781366 -58.51763809020504 12.590000000000003
    endloop
  endfacet
  facet normal -0.06540312923013906 -0.9978589232386037 2.1785743328122753e-19
    outer loop
      vertex 0 -56 12.590000000000003
      vertex 0.26105238444010315 -56.01711027725238 12.590000000000003
      vertex 0.26105238444010315 -56.01711027725238 19.600000000000005
    endloop
  endfacet
  facet normal -0.19509032201612297 -0.9807852804032315 -9.229741728748832e-21
    outer loop
      vertex 0.26105238444010315 -56.01711027725238 12.590000000000003
      vertex 0.5176380902050415 -56.06814834742186 12.590000000000003
      vertex 0.5176380902050415 -56.06814834742186 19.600000000000005
    endloop
  endfacet
  facet normal -0.32143946530317474 -0.9469301294951011 -2.9517565294243653e-19
    outer loop
      vertex 0.5176380902050415 -56.06814834742186 12.590000000000003
      vertex 0.7653668647301796 -56.15224093497743 12.590000000000003
      vertex 0.7653668647301796 -56.15224093497743 19.600000000000005
    endloop
  endfacet
  facet normal -0.44228869021900424 -0.8968727415326868 -2.9473175414927837e-19
    outer loop
      vertex 0.7653668647301796 -56.15224093497743 12.590000000000003
      vertex 1 -56.267949192431125 12.590000000000003
      vertex 1 -56.267949192431125 19.600000000000005
    endloop
  endfacet
  facet normal -0.7518398074789766 -0.6593458151000697 0
    outer loop
      vertex 1.5867066805824703 -56.78247714198256 12.590000000000003
      vertex 1.5867066805824703 -56.78247714198256 19.600000000000005
      vertex 1.4142135623730951 -56.58578643762691 12.590000000000003
    endloop
  endfacet
  facet normal -0.9807852804032299 0.19509032201613113 0
    outer loop
      vertex 1.9318516525781366 -58.51763809020504 12.590000000000003
      vertex 1.9318516525781366 -58.51763809020504 19.600000000000005
      vertex 1.9828897227476208 -58.261052384440106 12.590000000000003
    endloop
  endfacet
  facet normal -0.9978589232386035 0.06540312923014263 0
    outer loop
      vertex 1.9828897227476208 -58.261052384440106 12.590000000000003
      vertex 1.9828897227476208 -58.261052384440106 19.600000000000005
      vertex 2 -58 12.590000000000003
    endloop
  endfacet
  facet normal -0.9978589232386035 -0.06540312923014263 0
    outer loop
      vertex 2 -58 12.590000000000003
      vertex 2 -58 19.600000000000005
      vertex 1.9828897227476208 -57.738947615559894 12.590000000000003
    endloop
  endfacet
  facet normal -0.9807852804032299 -0.19509032201613113 0
    outer loop
      vertex 1.9828897227476208 -57.738947615559894 12.590000000000003
      vertex 1.9828897227476208 -57.738947615559894 19.600000000000005
      vertex 1.9318516525781366 -57.48236190979496 12.590000000000003
    endloop
  endfacet
  facet normal -0.9469301294951076 -0.3214394653031559 5.288718478321595e-19
    outer loop
      vertex 1.8477590650225735 -57.23463313526982 12.590000000000003
      vertex 1.9318516525781366 -57.48236190979496 12.590000000000003
      vertex 1.9318516525781366 -57.48236190979496 19.600000000000005
    endloop
  endfacet
  facet normal -0.8968727415326857 -0.44228869021900635 0
    outer loop
      vertex 1.8477590650225735 -57.23463313526982 12.590000000000003
      vertex 1.8477590650225735 -57.23463313526982 19.600000000000005
      vertex 1.7320508075688772 -57 12.590000000000003
    endloop
  endfacet
  facet normal -0.8314696123025428 -0.5555702330196057 -1.9522349805325854e-19
    outer loop
      vertex 1.5867066805824703 -56.78247714198256 12.590000000000003
      vertex 1.7320508075688772 -57 12.590000000000003
      vertex 1.7320508075688772 -57 19.600000000000005
    endloop
  endfacet
  facet normal -0.5555702330195877 -0.8314696123025548 1.8760895090624e-18
    outer loop
      vertex 1 -56.267949192431125 12.590000000000003
      vertex 1.2175228580174413 -56.41329331941753 12.590000000000003
      vertex 1.2175228580174413 -56.41329331941753 19.600000000000005
    endloop
  endfacet
  facet normal -0.6593458151000815 -0.7518398074789663 5.134108299458812e-19
    outer loop
      vertex 1.2175228580174413 -56.41329331941753 12.590000000000003
      vertex 1.4142135623730951 -56.58578643762691 12.590000000000003
      vertex 1.4142135623730951 -56.58578643762691 19.600000000000005
    endloop
  endfacet
  facet normal -0.06540312923013906 0.9978589232386037 0
    outer loop
      vertex 0.26105238444010315 -59.98288972274762 12.590000000000003
      vertex 0 -60 19.600000000000005
      vertex 0.26105238444010315 -59.98288972274762 19.600000000000005
    endloop
  endfacet
  facet normal -0.19509032201612297 0.9807852804032315 0
    outer loop
      vertex 0.5176380902050415 -59.93185165257814 12.590000000000003
      vertex 0.26105238444010315 -59.98288972274762 19.600000000000005
      vertex 0.5176380902050415 -59.93185165257814 19.600000000000005
    endloop
  endfacet
  facet normal -0.32143946530317474 0.9469301294951011 0
    outer loop
      vertex 0.7653668647301796 -59.84775906502257 12.590000000000003
      vertex 0.5176380902050415 -59.93185165257814 19.600000000000005
      vertex 0.7653668647301796 -59.84775906502257 19.600000000000005
    endloop
  endfacet
  facet normal -0.44228869021900424 0.8968727415326868 0
    outer loop
      vertex 1 -59.732050807568875 12.590000000000003
      vertex 0.7653668647301796 -59.84775906502257 19.600000000000005
      vertex 1 -59.732050807568875 19.600000000000005
    endloop
  endfacet
  facet normal -0.5555702330195877 0.8314696123025548 0
    outer loop
      vertex 1.2175228580174413 -59.58670668058247 12.590000000000003
      vertex 1 -59.732050807568875 19.600000000000005
      vertex 1.2175228580174413 -59.58670668058247 19.600000000000005
    endloop
  endfacet
  facet normal -0.6593458151000815 0.7518398074789663 0
    outer loop
      vertex 1.4142135623730951 -59.41421356237309 12.590000000000003
      vertex 1.2175228580174413 -59.58670668058247 19.600000000000005
      vertex 1.4142135623730951 -59.41421356237309 19.600000000000005
    endloop
  endfacet
  facet normal -0.7518398074789766 0.6593458151000697 0
    outer loop
      vertex 1.5867066805824703 -59.21752285801744 12.590000000000003
      vertex 1.4142135623730951 -59.41421356237309 19.600000000000005
      vertex 1.5867066805824703 -59.21752285801744 19.600000000000005
    endloop
  endfacet
  facet normal -0.8314696123025428 0.5555702330196057 0
    outer loop
      vertex 1.7320508075688772 -59 12.590000000000003
      vertex 1.5867066805824703 -59.21752285801744 19.600000000000005
      vertex 1.7320508075688772 -59 19.600000000000005
    endloop
  endfacet
  facet normal -0.8968727415326857 0.44228869021900635 0
    outer loop
      vertex 1.8477590650225735 -58.76536686473018 12.590000000000003
      vertex 1.7320508075688772 -59 19.600000000000005
      vertex 1.8477590650225735 -58.76536686473018 19.600000000000005
    endloop
  endfacet
  facet normal -0.9469301294951076 0.3214394653031559 0
    outer loop
      vertex 1.9318516525781366 -58.51763809020504 12.590000000000003
      vertex 1.8477590650225735 -58.76536686473018 19.600000000000005
      vertex 1.9318516525781366 -58.51763809020504 19.600000000000005
    endloop
  endfacet
  facet normal -0.06540312923013906 -0.9978589232386037 0
    outer loop
      vertex 0 -56 12.590000000000003
      vertex 0.26105238444010315 -56.01711027725238 19.600000000000005
      vertex 0 -56 19.600000000000005
    endloop
  endfacet
  facet normal -0.19509032201612297 -0.9807852804032315 0
    outer loop
      vertex 0.26105238444010315 -56.01711027725238 12.590000000000003
      vertex 0.5176380902050415 -56.06814834742186 19.600000000000005
      vertex 0.26105238444010315 -56.01711027725238 19.600000000000005
    endloop
  endfacet
  facet normal -0.32143946530317474 -0.9469301294951011 0
    outer loop
      vertex 0.5176380902050415 -56.06814834742186 12.590000000000003
      vertex 0.7653668647301796 -56.15224093497743 19.600000000000005
      vertex 0.5176380902050415 -56.06814834742186 19.600000000000005
    endloop
  endfacet
  facet normal -0.44228869021900424 -0.8968727415326868 0
    outer loop
      vertex 0.7653668647301796 -56.15224093497743 12.590000000000003
      vertex 1 -56.267949192431125 19.600000000000005
      vertex 0.7653668647301796 -56.15224093497743 19.600000000000005
    endloop
  endfacet
  facet normal -0.5555702330195877 -0.8314696123025548 0
    outer loop
      vertex 1 -56.267949192431125 12.590000000000003
      vertex 1.2175228580174413 -56.41329331941753 19.600000000000005
      vertex 1 -56.267949192431125 19.600000000000005
    endloop
  endfacet
  facet normal -0.7518398074789766 -0.6593458151000697 0
    outer loop
      vertex 1.4142135623730951 -56.58578643762691 12.590000000000003
      vertex 1.5867066805824703 -56.78247714198256 19.600000000000005
      vertex 1.4142135623730951 -56.58578643762691 19.600000000000005
    endloop
  endfacet
  facet normal -0.8314696123025428 -0.5555702330196057 0
    outer loop
      vertex 1.5867066805824703 -56.78247714198256 12.590000000000003
      vertex 1.7320508075688772 -57 19.600000000000005
      vertex 1.5867066805824703 -56.78247714198256 19.600000000000005
    endloop
  endfacet
  facet normal -0.9807852804032299 0.19509032201613113 0
    outer loop
      vertex 1.9828897227476208 -58.261052384440106 12.590000000000003
      vertex 1.9318516525781366 -58.51763809020504 19.600000000000005
      vertex 1.9828897227476208 -58.261052384440106 19.600000000000005
    endloop
  endfacet
  facet normal -0.9978589232386035 0.06540312923014263 0
    outer loop
      vertex 2 -58 12.590000000000003
      vertex 1.9828897227476208 -58.261052384440106 19.600000000000005
      vertex 2 -58 19.600000000000005
    endloop
  endfacet
  facet normal -0.9978589232386035 -0.06540312923014263 0
    outer loop
      vertex 1.9828897227476208 -57.738947615559894 12.590000000000003
      vertex 2 -58 19.600000000000005
      vertex 1.9828897227476208 -57.738947615559894 19.600000000000005
    endloop
  endfacet
  facet normal -0.9469301294951076 -0.3214394653031559 0
    outer loop
      vertex 1.8477590650225735 -57.23463313526982 12.590000000000003
      vertex 1.9318516525781366 -57.48236190979496 19.600000000000005
      vertex 1.8477590650225735 -57.23463313526982 19.600000000000005
    endloop
  endfacet
  facet normal -0.8968727415326857 -0.44228869021900635 0
    outer loop
      vertex 1.7320508075688772 -57 12.590000000000003
      vertex 1.8477590650225735 -57.23463313526982 19.600000000000005
      vertex 1.7320508075688772 -57 19.600000000000005
    endloop
  endfacet
  facet normal -0.9807852804032299 -0.19509032201613113 0
    outer loop
      vertex 1.9318516525781366 -57.48236190979496 12.590000000000003
      vertex 1.9828897227476208 -57.738947615559894 19.600000000000005
      vertex 1.9318516525781366 -57.48236190979496 19.600000000000005
    endloop
  endfacet
  facet normal -0.6593458151000815 -0.7518398074789663 0
    outer loop
      vertex 1.2175228580174413 -56.41329331941753 12.590000000000003
      vertex 1.4142135623730951 -56.58578643762691 19.600000000000005
      vertex 1.2175228580174413 -56.41329331941753 19.600000000000005
    endloop
  endfacet
  facet normal 0 0 1
    outer loop
      vertex -1.9828897227476208 57.738947615559894 12.590000000000003
      vertex -1.9828897227476208 58.261052384440106 12.590000000000003
      vertex -2 58 12.590000000000003
    endloop
  endfacet
  facet normal 0 0 1
    outer loop
      vertex -1.9318516525781366 57.48236190979496 12.590000000000003
      vertex -1.9318516525781366 58.51763809020504 12.590000000000003
      vertex -1.9828897227476208 57.738947615559894 12.590000000000003
    endloop
  endfacet
  facet normal 0 0 1
    outer loop
      vertex -1.9828897227476208 57.738947615559894 12.590000000000003
      vertex -1.9318516525781366 58.51763809020504 12.590000000000003
      vertex -1.9828897227476208 58.261052384440106 12.590000000000003
    endloop
  endfacet
  facet normal 0 0 1
    outer loop
      vertex -1.9318516525781366 57.48236190979496 12.590000000000003
      vertex -1.8477590650225735 57.23463313526982 12.590000000000003
      vertex -1.8477590650225735 58.76536686473018 12.590000000000003
    endloop
  endfacet
  facet normal 0 0 1
    outer loop
      vertex -1.7320508075688772 57 12.590000000000003
      vertex -1.7320508075688772 59 12.590000000000003
      vertex -1.8477590650225735 57.23463313526982 12.590000000000003
    endloop
  endfacet
  facet normal 0 0 1
    outer loop
      vertex -1.9318516525781366 57.48236190979496 12.590000000000003
      vertex -1.8477590650225735 58.76536686473018 12.590000000000003
      vertex -1.9318516525781366 58.51763809020504 12.590000000000003
    endloop
  endfacet
  facet normal 0 0 1
    outer loop
      vertex -1.8477590650225735 57.23463313526982 12.590000000000003
      vertex -1.7320508075688772 59 12.590000000000003
      vertex -1.8477590650225735 58.76536686473018 12.590000000000003
    endloop
  endfacet
  facet normal 0 0 1
    outer loop
      vertex -1.7320508075688772 57 12.590000000000003
      vertex -1.5867066805824703 59.21752285801744 12.590000000000003
      vertex -1.7320508075688772 59 12.590000000000003
    endloop
  endfacet
  facet normal 0 0 1
    outer loop
      vertex -1.4142135623730951 56.58578643762691 12.590000000000003
      vertex -1.4142135623730951 59.41421356237309 12.590000000000003
      vertex -1.5867066805824703 56.78247714198256 12.590000000000003
    endloop
  endfacet
  facet normal 0 0 1
    outer loop
      vertex -1.4142135623730951 56.58578643762691 12.590000000000003
      vertex -1.2175228580174413 56.41329331941753 12.590000000000003
      vertex -1.2175228580174413 59.58670668058247 12.590000000000003
    endloop
  endfacet
  facet normal 0 0 1
    outer loop
      vertex -1.7320508075688772 57 12.590000000000003
      vertex -1.5867066805824703 56.78247714198256 12.590000000000003
      vertex -1.5867066805824703 59.21752285801744 12.590000000000003
    endloop
  endfacet
  facet normal 0 0 1
    outer loop
      vertex -1.5867066805824703 56.78247714198256 12.590000000000003
      vertex -1.4142135623730951 59.41421356237309 12.590000000000003
      vertex -1.5867066805824703 59.21752285801744 12.590000000000003
    endloop
  endfacet
  facet normal 0 0 1
    outer loop
      vertex -1.4142135623730951 56.58578643762691 12.590000000000003
      vertex -1.2175228580174413 59.58670668058247 12.590000000000003
      vertex -1.4142135623730951 59.41421356237309 12.590000000000003
    endloop
  endfacet
  facet normal 0 0 1
    outer loop
      vertex -1.2175228580174413 56.41329331941753 12.590000000000003
      vertex -1 59.732050807568875 12.590000000000003
      vertex -1.2175228580174413 59.58670668058247 12.590000000000003
    endloop
  endfacet
  facet normal 0 0 1
    outer loop
      vertex -1.2175228580174413 56.41329331941753 12.590000000000003
      vertex -1 56.267949192431125 12.590000000000003
      vertex -1 59.732050807568875 12.590000000000003
    endloop
  endfacet
  facet normal 0 0 1
    outer loop
      vertex -1 56.267949192431125 12.590000000000003
      vertex -0.7653668647301796 56.15224093497743 12.590000000000003
      vertex -0.7653668647301796 59.84775906502257 12.590000000000003
    endloop
  endfacet
  facet normal 0 0 1
    outer loop
      vertex -0.7653668647301796 56.15224093497743 12.590000000000003
      vertex -0.5176380902050415 56.06814834742186 12.590000000000003
      vertex -0.5176380902050415 59.93185165257814 12.590000000000003
    endloop
  endfacet
  facet normal 0 0 1
    outer loop
      vertex -0.5176380902050415 56.06814834742186 12.590000000000003
      vertex -0.26105238444010315 56.01711027725238 12.590000000000003
      vertex -0.26105238444010315 59.98288972274762 12.590000000000003
    endloop
  endfacet
  facet normal 0 0 1
    outer loop
      vertex -0.26105238444010315 56.01711027725238 12.590000000000003
      vertex 0 56 12.590000000000003
      vertex 0 60 12.590000000000003
    endloop
  endfacet
  facet normal 0 0 1
    outer loop
      vertex -1 56.267949192431125 12.590000000000003
      vertex -0.7653668647301796 59.84775906502257 12.590000000000003
      vertex -1 59.732050807568875 12.590000000000003
    endloop
  endfacet
  facet normal 0 0 1
    outer loop
      vertex -0.7653668647301796 56.15224093497743 12.590000000000003
      vertex -0.5176380902050415 59.93185165257814 12.590000000000003
      vertex -0.7653668647301796 59.84775906502257 12.590000000000003
    endloop
  endfacet
  facet normal 0 0 1
    outer loop
      vertex -0.5176380902050415 56.06814834742186 12.590000000000003
      vertex -0.26105238444010315 59.98288972274762 12.590000000000003
      vertex -0.5176380902050415 59.93185165257814 12.590000000000003
    endloop
  endfacet
  facet normal 0 0 1
    outer loop
      vertex -0.26105238444010315 56.01711027725238 12.590000000000003
      vertex 0 60 12.590000000000003
      vertex -0.26105238444010315 59.98288972274762 12.590000000000003
    endloop
  endfacet
  facet normal 0.6593458151000815 0.7518398074789663 0
    outer loop
      vertex -1.4142135623730951 56.58578643762691 12.590000000000003
      vertex -1.4142135623730951 56.58578643762691 19.600000000000005
      vertex -1.2175228580174413 56.41329331941753 12.590000000000003
    endloop
  endfacet
  facet normal 0.5555702330195877 0.8314696123025548 0
    outer loop
      vertex -1.2175228580174413 56.41329331941753 12.590000000000003
      vertex -1.2175228580174413 56.41329331941753 19.600000000000005
      vertex -1 56.267949192431125 12.590000000000003
    endloop
  endfacet
  facet normal 0.8314696123025428 0.5555702330196057 0
    outer loop
      vertex -1.7320508075688772 57 12.590000000000003
      vertex -1.7320508075688772 57 19.600000000000005
      vertex -1.5867066805824703 56.78247714198256 12.590000000000003
    endloop
  endfacet
  facet normal 0.8968727415326857 0.44228869021900635 5.440057526311168e-19
    outer loop
      vertex -1.7320508075688772 57 12.590000000000003
      vertex -1.8477590650225735 57.23463313526982 12.590000000000003
      vertex -1.8477590650225735 57.23463313526982 19.600000000000005
    endloop
  endfacet
  facet normal 0.9469301294951076 0.3214394653031559 0
    outer loop
      vertex -1.9318516525781366 57.48236190979496 12.590000000000003
      vertex -1.9318516525781366 57.48236190979496 19.600000000000005
      vertex -1.8477590650225735 57.23463313526982 12.590000000000003
    endloop
  endfacet
  facet normal 0.9807852804032299 0.19509032201613113 -3.8793993602505e-19
    outer loop
      vertex -1.9318516525781366 57.48236190979496 12.590000000000003
      vertex -1.9828897227476208 57.738947615559894 12.590000000000003
      vertex -1.9828897227476208 57.738947615559894 19.600000000000005
    endloop
  endfacet
  facet normal 0.9978589232386035 0.06540312923014263 -1.178602995978431e-19
    outer loop
      vertex -1.9828897227476208 57.738947615559894 12.590000000000003
      vertex -2 58 12.590000000000003
      vertex -2 58 19.600000000000005
    endloop
  endfacet
  facet normal 0.9978589232386035 -0.06540312923014263 1.178602995978431e-19
    outer loop
      vertex -2 58 12.590000000000003
      vertex -1.9828897227476208 58.261052384440106 12.590000000000003
      vertex -1.9828897227476208 58.261052384440106 19.600000000000005
    endloop
  endfacet
  facet normal 0.9807852804032299 -0.19509032201613113 3.8793993602505e-19
    outer loop
      vertex -1.9828897227476208 58.261052384440106 12.590000000000003
      vertex -1.9318516525781366 58.51763809020504 12.590000000000003
      vertex -1.9318516525781366 58.51763809020504 19.600000000000005
    endloop
  endfacet
  facet normal 0.7518398074789766 0.6593458151000697 -1.3780178660163282e-18
    outer loop
      vertex -1.4142135623730951 56.58578643762691 12.590000000000003
      vertex -1.5867066805824703 56.78247714198256 12.590000000000003
      vertex -1.5867066805824703 56.78247714198256 19.600000000000005
    endloop
  endfacet
  facet normal 0.44228869021900424 0.8968727415326868 0
    outer loop
      vertex -1 56.267949192431125 12.590000000000003
      vertex -1 56.267949192431125 19.600000000000005
      vertex -0.7653668647301796 56.15224093497743 12.590000000000003
    endloop
  endfacet
  facet normal 0.32143946530317474 0.9469301294951011 0
    outer loop
      vertex -0.7653668647301796 56.15224093497743 12.590000000000003
      vertex -0.7653668647301796 56.15224093497743 19.600000000000005
      vertex -0.5176380902050415 56.06814834742186 12.590000000000003
    endloop
  endfacet
  facet normal 0.19509032201612297 0.9807852804032315 0
    outer loop
      vertex -0.5176380902050415 56.06814834742186 12.590000000000003
      vertex -0.5176380902050415 56.06814834742186 19.600000000000005
      vertex -0.26105238444010315 56.01711027725238 12.590000000000003
    endloop
  endfacet
  facet normal 0.06540312923013906 0.9978589232386037 0
    outer loop
      vertex -0.26105238444010315 56.01711027725238 12.590000000000003
      vertex -0.26105238444010315 56.01711027725238 19.600000000000005
      vertex 0 56 12.590000000000003
    endloop
  endfacet
  facet normal 0.9469301294951076 -0.3214394653031559 -5.288718478321595e-19
    outer loop
      vertex -1.9318516525781366 58.51763809020504 12.590000000000003
      vertex -1.8477590650225735 58.76536686473018 12.590000000000003
      vertex -1.8477590650225735 58.76536686473018 19.600000000000005
    endloop
  endfacet
  facet normal 0.8968727415326857 -0.44228869021900635 -5.440057526311168e-19
    outer loop
      vertex -1.8477590650225735 58.76536686473018 12.590000000000003
      vertex -1.7320508075688772 59 12.590000000000003
      vertex -1.7320508075688772 59 19.600000000000005
    endloop
  endfacet
  facet normal 0.8314696123025428 -0.5555702330196057 1.9522349805325854e-19
    outer loop
      vertex -1.7320508075688772 59 12.590000000000003
      vertex -1.5867066805824703 59.21752285801744 12.590000000000003
      vertex -1.5867066805824703 59.21752285801744 19.600000000000005
    endloop
  endfacet
  facet normal 0.7518398074789766 -0.6593458151000697 1.3780178660163282e-18
    outer loop
      vertex -1.5867066805824703 59.21752285801744 12.590000000000003
      vertex -1.4142135623730951 59.41421356237309 12.590000000000003
      vertex -1.4142135623730951 59.41421356237309 19.600000000000005
    endloop
  endfacet
  facet normal 0.6593458151000815 -0.7518398074789663 -5.134108299458812e-19
    outer loop
      vertex -1.4142135623730951 59.41421356237309 12.590000000000003
      vertex -1.2175228580174413 59.58670668058247 12.590000000000003
      vertex -1.2175228580174413 59.58670668058247 19.600000000000005
    endloop
  endfacet
  facet normal 0.5555702330195877 -0.8314696123025548 -1.8760895090624e-18
    outer loop
      vertex -1.2175228580174413 59.58670668058247 12.590000000000003
      vertex -1 59.732050807568875 12.590000000000003
      vertex -1 59.732050807568875 19.600000000000005
    endloop
  endfacet
  facet normal 0.44228869021900424 -0.8968727415326868 2.9473175414927837e-19
    outer loop
      vertex -1 59.732050807568875 12.590000000000003
      vertex -0.7653668647301796 59.84775906502257 12.590000000000003
      vertex -0.7653668647301796 59.84775906502257 19.600000000000005
    endloop
  endfacet
  facet normal 0.32143946530317474 -0.9469301294951011 2.9517565294243653e-19
    outer loop
      vertex -0.7653668647301796 59.84775906502257 12.590000000000003
      vertex -0.5176380902050415 59.93185165257814 12.590000000000003
      vertex -0.5176380902050415 59.93185165257814 19.600000000000005
    endloop
  endfacet
  facet normal 0.19509032201612297 -0.9807852804032315 9.229741728748832e-21
    outer loop
      vertex -0.5176380902050415 59.93185165257814 12.590000000000003
      vertex -0.26105238444010315 59.98288972274762 12.590000000000003
      vertex -0.26105238444010315 59.98288972274762 19.600000000000005
    endloop
  endfacet
  facet normal 0.06540312923013906 -0.9978589232386037 -2.1785743328122753e-19
    outer loop
      vertex -0.26105238444010315 59.98288972274762 12.590000000000003
      vertex 0 60 12.590000000000003
      vertex 0 60 19.600000000000005
    endloop
  endfacet
  facet normal 0.6593458151000815 0.7518398074789663 0
    outer loop
      vertex -1.2175228580174413 56.41329331941753 12.590000000000003
      vertex -1.4142135623730951 56.58578643762691 19.600000000000005
      vertex -1.2175228580174413 56.41329331941753 19.600000000000005
    endloop
  endfacet
  facet normal 0.9807852804032299 0.19509032201613113 0
    outer loop
      vertex -1.9318516525781366 57.48236190979496 12.590000000000003
      vertex -1.9828897227476208 57.738947615559894 19.600000000000005
      vertex -1.9318516525781366 57.48236190979496 19.600000000000005
    endloop
  endfacet
  facet normal 0.8968727415326857 0.44228869021900635 0
    outer loop
      vertex -1.7320508075688772 57 12.590000000000003
      vertex -1.8477590650225735 57.23463313526982 19.600000000000005
      vertex -1.7320508075688772 57 19.600000000000005
    endloop
  endfacet
  facet normal 0.9469301294951076 0.3214394653031559 0
    outer loop
      vertex -1.8477590650225735 57.23463313526982 12.590000000000003
      vertex -1.9318516525781366 57.48236190979496 19.600000000000005
      vertex -1.8477590650225735 57.23463313526982 19.600000000000005
    endloop
  endfacet
  facet normal 0.9978589232386035 0.06540312923014263 0
    outer loop
      vertex -1.9828897227476208 57.738947615559894 12.590000000000003
      vertex -2 58 19.600000000000005
      vertex -1.9828897227476208 57.738947615559894 19.600000000000005
    endloop
  endfacet
  facet normal 0.9978589232386035 -0.06540312923014263 0
    outer loop
      vertex -2 58 12.590000000000003
      vertex -1.9828897227476208 58.261052384440106 19.600000000000005
      vertex -2 58 19.600000000000005
    endloop
  endfacet
  facet normal 0.9807852804032299 -0.19509032201613113 0
    outer loop
      vertex -1.9828897227476208 58.261052384440106 12.590000000000003
      vertex -1.9318516525781366 58.51763809020504 19.600000000000005
      vertex -1.9828897227476208 58.261052384440106 19.600000000000005
    endloop
  endfacet
  facet normal 0.8314696123025428 0.5555702330196057 0
    outer loop
      vertex -1.5867066805824703 56.78247714198256 12.590000000000003
      vertex -1.7320508075688772 57 19.600000000000005
      vertex -1.5867066805824703 56.78247714198256 19.600000000000005
    endloop
  endfacet
  facet normal 0.7518398074789766 0.6593458151000697 0
    outer loop
      vertex -1.4142135623730951 56.58578643762691 12.590000000000003
      vertex -1.5867066805824703 56.78247714198256 19.600000000000005
      vertex -1.4142135623730951 56.58578643762691 19.600000000000005
    endloop
  endfacet
  facet normal 0.5555702330195877 0.8314696123025548 0
    outer loop
      vertex -1 56.267949192431125 12.590000000000003
      vertex -1.2175228580174413 56.41329331941753 19.600000000000005
      vertex -1 56.267949192431125 19.600000000000005
    endloop
  endfacet
  facet normal 0.44228869021900424 0.8968727415326868 0
    outer loop
      vertex -0.7653668647301796 56.15224093497743 12.590000000000003
      vertex -1 56.267949192431125 19.600000000000005
      vertex -0.7653668647301796 56.15224093497743 19.600000000000005
    endloop
  endfacet
  facet normal 0.32143946530317474 0.9469301294951011 0
    outer loop
      vertex -0.5176380902050415 56.06814834742186 12.590000000000003
      vertex -0.7653668647301796 56.15224093497743 19.600000000000005
      vertex -0.5176380902050415 56.06814834742186 19.600000000000005
    endloop
  endfacet
  facet normal 0.19509032201612297 0.9807852804032315 0
    outer loop
      vertex -0.26105238444010315 56.01711027725238 12.590000000000003
      vertex -0.5176380902050415 56.06814834742186 19.600000000000005
      vertex -0.26105238444010315 56.01711027725238 19.600000000000005
    endloop
  endfacet
  facet normal 0.06540312923013906 0.9978589232386037 2.1785743328122753e-19
    outer loop
      vertex -0.26105238444010315 56.01711027725238 19.600000000000005
      vertex 0 56 19.600000000000005
      vertex 0 56 12.590000000000003
    endloop
  endfacet
  facet normal 0.9469301294951076 -0.3214394653031559 0
    outer loop
      vertex -1.9318516525781366 58.51763809020504 12.590000000000003
      vertex -1.8477590650225735 58.76536686473018 19.600000000000005
      vertex -1.9318516525781366 58.51763809020504 19.600000000000005
    endloop
  endfacet
  facet normal 0.8968727415326857 -0.44228869021900635 0
    outer loop
      vertex -1.8477590650225735 58.76536686473018 12.590000000000003
      vertex -1.7320508075688772 59 19.600000000000005
      vertex -1.8477590650225735 58.76536686473018 19.600000000000005
    endloop
  endfacet
  facet normal 0.8314696123025428 -0.5555702330196057 0
    outer loop
      vertex -1.7320508075688772 59 12.590000000000003
      vertex -1.5867066805824703 59.21752285801744 19.600000000000005
      vertex -1.7320508075688772 59 19.600000000000005
    endloop
  endfacet
  facet normal 0.7518398074789766 -0.6593458151000697 0
    outer loop
      vertex -1.5867066805824703 59.21752285801744 12.590000000000003
      vertex -1.4142135623730951 59.41421356237309 19.600000000000005
      vertex -1.5867066805824703 59.21752285801744 19.600000000000005
    endloop
  endfacet
  facet normal 0.6593458151000815 -0.7518398074789663 0
    outer loop
      vertex -1.4142135623730951 59.41421356237309 12.590000000000003
      vertex -1.2175228580174413 59.58670668058247 19.600000000000005
      vertex -1.4142135623730951 59.41421356237309 19.600000000000005
    endloop
  endfacet
  facet normal 0.5555702330195877 -0.8314696123025548 0
    outer loop
      vertex -1.2175228580174413 59.58670668058247 12.590000000000003
      vertex -1 59.732050807568875 19.600000000000005
      vertex -1.2175228580174413 59.58670668058247 19.600000000000005
    endloop
  endfacet
  facet normal 0.44228869021900424 -0.8968727415326868 0
    outer loop
      vertex -1 59.732050807568875 12.590000000000003
      vertex -0.7653668647301796 59.84775906502257 19.600000000000005
      vertex -1 59.732050807568875 19.600000000000005
    endloop
  endfacet
  facet normal 0.32143946530317474 -0.9469301294951011 0
    outer loop
      vertex -0.7653668647301796 59.84775906502257 12.590000000000003
      vertex -0.5176380902050415 59.93185165257814 19.600000000000005
      vertex -0.7653668647301796 59.84775906502257 19.600000000000005
    endloop
  endfacet
  facet normal 0.19509032201612297 -0.9807852804032315 0
    outer loop
      vertex -0.5176380902050415 59.93185165257814 12.590000000000003
      vertex -0.26105238444010315 59.98288972274762 19.600000000000005
      vertex -0.5176380902050415 59.93185165257814 19.600000000000005
    endloop
  endfacet
  facet normal 0.06540312923013906 -0.9978589232386037 0
    outer loop
      vertex -0.26105238444010315 59.98288972274762 12.590000000000003
      vertex 0 60 19.600000000000005
      vertex -0.26105238444010315 59.98288972274762 19.600000000000005
    endloop
  endfacet
  facet normal 0 0 1
    outer loop
      vertex 0 56 12.590000000000003
      vertex 0.26105238444010315 56.01711027725238 12.590000000000003
      vertex 0.26105238444010315 59.98288972274762 12.590000000000003
    endloop
  endfacet
  facet normal 0 0 1
    outer loop
      vertex 0.26105238444010315 56.01711027725238 12.590000000000003
      vertex 0.5176380902050415 56.06814834742186 12.590000000000003
      vertex 0.5176380902050415 59.93185165257814 12.590000000000003
    endloop
  endfacet
  facet normal 0 0 1
    outer loop
      vertex 0.5176380902050415 56.06814834742186 12.590000000000003
      vertex 0.7653668647301796 56.15224093497743 12.590000000000003
      vertex 0.7653668647301796 59.84775906502257 12.590000000000003
    endloop
  endfacet
  facet normal 0 0 1
    outer loop
      vertex 0.7653668647301796 56.15224093497743 12.590000000000003
      vertex 1 56.267949192431125 12.590000000000003
      vertex 1 59.732050807568875 12.590000000000003
    endloop
  endfacet
  facet normal 0 0 1
    outer loop
      vertex 0.7653668647301796 56.15224093497743 12.590000000000003
      vertex 1 59.732050807568875 12.590000000000003
      vertex 0.7653668647301796 59.84775906502257 12.590000000000003
    endloop
  endfacet
  facet normal 0 0 1
    outer loop
      vertex 1 56.267949192431125 12.590000000000003
      vertex 1.2175228580174413 59.58670668058247 12.590000000000003
      vertex 1 59.732050807568875 12.590000000000003
    endloop
  endfacet
  facet normal 0 0 1
    outer loop
      vertex 1 56.267949192431125 12.590000000000003
      vertex 1.2175228580174413 56.41329331941753 12.590000000000003
      vertex 1.2175228580174413 59.58670668058247 12.590000000000003
    endloop
  endfacet
  facet normal 0 0 1
    outer loop
      vertex 1.2175228580174413 56.41329331941753 12.590000000000003
      vertex 1.4142135623730951 56.58578643762691 12.590000000000003
      vertex 1.4142135623730951 59.41421356237309 12.590000000000003
    endloop
  endfacet
  facet normal 0 0 1
    outer loop
      vertex 1.4142135623730951 56.58578643762691 12.590000000000003
      vertex 1.5867066805824703 56.78247714198256 12.590000000000003
      vertex 1.5867066805824703 59.21752285801744 12.590000000000003
    endloop
  endfacet
  facet normal 0 0 1
    outer loop
      vertex 1.2175228580174413 56.41329331941753 12.590000000000003
      vertex 1.4142135623730951 59.41421356237309 12.590000000000003
      vertex 1.2175228580174413 59.58670668058247 12.590000000000003
    endloop
  endfacet
  facet normal 0 0 1
    outer loop
      vertex 1.4142135623730951 56.58578643762691 12.590000000000003
      vertex 1.5867066805824703 59.21752285801744 12.590000000000003
      vertex 1.4142135623730951 59.41421356237309 12.590000000000003
    endloop
  endfacet
  facet normal 0 0 1
    outer loop
      vertex 1.5867066805824703 56.78247714198256 12.590000000000003
      vertex 1.7320508075688772 59 12.590000000000003
      vertex 1.5867066805824703 59.21752285801744 12.590000000000003
    endloop
  endfacet
  facet normal 0 0 1
    outer loop
      vertex 1.5867066805824703 56.78247714198256 12.590000000000003
      vertex 1.7320508075688772 57 12.590000000000003
      vertex 1.7320508075688772 59 12.590000000000003
    endloop
  endfacet
  facet normal 0 0 1
    outer loop
      vertex 1.7320508075688772 57 12.590000000000003
      vertex 1.8477590650225735 57.23463313526982 12.590000000000003
      vertex 1.8477590650225735 58.76536686473018 12.590000000000003
    endloop
  endfacet
  facet normal 0 0 1
    outer loop
      vertex 1.8477590650225735 57.23463313526982 12.590000000000003
      vertex 1.9318516525781366 57.48236190979496 12.590000000000003
      vertex 1.9318516525781366 58.51763809020504 12.590000000000003
    endloop
  endfacet
  facet normal 0 0 1
    outer loop
      vertex 1.7320508075688772 57 12.590000000000003
      vertex 1.8477590650225735 58.76536686473018 12.590000000000003
      vertex 1.7320508075688772 59 12.590000000000003
    endloop
  endfacet
  facet normal 0 0 1
    outer loop
      vertex 1.8477590650225735 57.23463313526982 12.590000000000003
      vertex 1.9318516525781366 58.51763809020504 12.590000000000003
      vertex 1.8477590650225735 58.76536686473018 12.590000000000003
    endloop
  endfacet
  facet normal 0 0 1
    outer loop
      vertex 1.9318516525781366 57.48236190979496 12.590000000000003
      vertex 1.9828897227476208 57.738947615559894 12.590000000000003
      vertex 1.9828897227476208 58.261052384440106 12.590000000000003
    endloop
  endfacet
  facet normal 0 0 1
    outer loop
      vertex 1.9318516525781366 57.48236190979496 12.590000000000003
      vertex 1.9828897227476208 58.261052384440106 12.590000000000003
      vertex 1.9318516525781366 58.51763809020504 12.590000000000003
    endloop
  endfacet
  facet normal 0 0 1
    outer loop
      vertex 1.9828897227476208 57.738947615559894 12.590000000000003
      vertex 2 58 12.590000000000003
      vertex 1.9828897227476208 58.261052384440106 12.590000000000003
    endloop
  endfacet
  facet normal 0 0 1
    outer loop
      vertex 0 56 12.590000000000003
      vertex 0.26105238444010315 59.98288972274762 12.590000000000003
      vertex 0 60 12.590000000000003
    endloop
  endfacet
  facet normal 0 0 1
    outer loop
      vertex 0.26105238444010315 56.01711027725238 12.590000000000003
      vertex 0.5176380902050415 59.93185165257814 12.590000000000003
      vertex 0.26105238444010315 59.98288972274762 12.590000000000003
    endloop
  endfacet
  facet normal 0 0 1
    outer loop
      vertex 0.5176380902050415 56.06814834742186 12.590000000000003
      vertex 0.7653668647301796 59.84775906502257 12.590000000000003
      vertex 0.5176380902050415 59.93185165257814 12.590000000000003
    endloop
  endfacet
  facet normal -0.06540312923013906 0.9978589232386037 0
    outer loop
      vertex 0 56 12.590000000000003
      vertex 0 56 19.600000000000005
      vertex 0.26105238444010315 56.01711027725238 12.590000000000003
    endloop
  endfacet
  facet normal -0.19509032201612297 0.9807852804032315 0
    outer loop
      vertex 0.26105238444010315 56.01711027725238 12.590000000000003
      vertex 0.26105238444010315 56.01711027725238 19.600000000000005
      vertex 0.5176380902050415 56.06814834742186 12.590000000000003
    endloop
  endfacet
  facet normal -0.32143946530317474 0.9469301294951011 0
    outer loop
      vertex 0.5176380902050415 56.06814834742186 12.590000000000003
      vertex 0.5176380902050415 56.06814834742186 19.600000000000005
      vertex 0.7653668647301796 56.15224093497743 12.590000000000003
    endloop
  endfacet
  facet normal -0.44228869021900424 0.8968727415326868 0
    outer loop
      vertex 0.7653668647301796 56.15224093497743 12.590000000000003
      vertex 0.7653668647301796 56.15224093497743 19.600000000000005
      vertex 1 56.267949192431125 12.590000000000003
    endloop
  endfacet
  facet normal -0.5555702330195877 0.8314696123025548 0
    outer loop
      vertex 1 56.267949192431125 12.590000000000003
      vertex 1 56.267949192431125 19.600000000000005
      vertex 1.2175228580174413 56.41329331941753 12.590000000000003
    endloop
  endfacet
  facet normal -0.6593458151000815 0.7518398074789663 0
    outer loop
      vertex 1.2175228580174413 56.41329331941753 12.590000000000003
      vertex 1.2175228580174413 56.41329331941753 19.600000000000005
      vertex 1.4142135623730951 56.58578643762691 12.590000000000003
    endloop
  endfacet
  facet normal -0.7518398074789766 0.6593458151000697 0
    outer loop
      vertex 1.4142135623730951 56.58578643762691 12.590000000000003
      vertex 1.4142135623730951 56.58578643762691 19.600000000000005
      vertex 1.5867066805824703 56.78247714198256 12.590000000000003
    endloop
  endfacet
  facet normal -0.8314696123025428 0.5555702330196057 0
    outer loop
      vertex 1.5867066805824703 56.78247714198256 12.590000000000003
      vertex 1.5867066805824703 56.78247714198256 19.600000000000005
      vertex 1.7320508075688772 57 12.590000000000003
    endloop
  endfacet
  facet normal -0.8968727415326857 0.44228869021900635 0
    outer loop
      vertex 1.7320508075688772 57 12.590000000000003
      vertex 1.7320508075688772 57 19.600000000000005
      vertex 1.8477590650225735 57.23463313526982 12.590000000000003
    endloop
  endfacet
  facet normal -0.9469301294951076 0.3214394653031559 0
    outer loop
      vertex 1.8477590650225735 57.23463313526982 12.590000000000003
      vertex 1.8477590650225735 57.23463313526982 19.600000000000005
      vertex 1.9318516525781366 57.48236190979496 12.590000000000003
    endloop
  endfacet
  facet normal -0.9807852804032299 0.19509032201613113 0
    outer loop
      vertex 1.9318516525781366 57.48236190979496 12.590000000000003
      vertex 1.9318516525781366 57.48236190979496 19.600000000000005
      vertex 1.9828897227476208 57.738947615559894 12.590000000000003
    endloop
  endfacet
  facet normal -0.9978589232386035 0.06540312923014263 0
    outer loop
      vertex 1.9828897227476208 57.738947615559894 12.590000000000003
      vertex 1.9828897227476208 57.738947615559894 19.600000000000005
      vertex 2 58 12.590000000000003
    endloop
  endfacet
  facet normal -0.9978589232386035 -0.06540312923014263 0
    outer loop
      vertex 2 58 12.590000000000003
      vertex 2 58 19.600000000000005
      vertex 1.9828897227476208 58.261052384440106 12.590000000000003
    endloop
  endfacet
  facet normal -0.9807852804032299 -0.19509032201613113 0
    outer loop
      vertex 1.9828897227476208 58.261052384440106 12.590000000000003
      vertex 1.9828897227476208 58.261052384440106 19.600000000000005
      vertex 1.9318516525781366 58.51763809020504 12.590000000000003
    endloop
  endfacet
  facet normal -0.06540312923013906 -0.9978589232386037 2.1785743328122753e-19
    outer loop
      vertex 0 60 12.590000000000003
      vertex 0.26105238444010315 59.98288972274762 12.590000000000003
      vertex 0.26105238444010315 59.98288972274762 19.600000000000005
    endloop
  endfacet
  facet normal -0.19509032201612297 -0.9807852804032315 -9.229741728748832e-21
    outer loop
      vertex 0.26105238444010315 59.98288972274762 12.590000000000003
      vertex 0.5176380902050415 59.93185165257814 12.590000000000003
      vertex 0.5176380902050415 59.93185165257814 19.600000000000005
    endloop
  endfacet
  facet normal -0.32143946530317474 -0.9469301294951011 -2.9517565294243653e-19
    outer loop
      vertex 0.5176380902050415 59.93185165257814 12.590000000000003
      vertex 0.7653668647301796 59.84775906502257 12.590000000000003
      vertex 0.7653668647301796 59.84775906502257 19.600000000000005
    endloop
  endfacet
  facet normal -0.44228869021900424 -0.8968727415326868 -2.9473175414927837e-19
    outer loop
      vertex 0.7653668647301796 59.84775906502257 12.590000000000003
      vertex 1 59.732050807568875 12.590000000000003
      vertex 1 59.732050807568875 19.600000000000005
    endloop
  endfacet
  facet normal -0.6593458151000815 -0.7518398074789663 0
    outer loop
      vertex 1.4142135623730951 59.41421356237309 12.590000000000003
      vertex 1.4142135623730951 59.41421356237309 19.600000000000005
      vertex 1.2175228580174413 59.58670668058247 12.590000000000003
    endloop
  endfacet
  facet normal -0.7518398074789766 -0.6593458151000697 -1.3780178660163282e-18
    outer loop
      vertex 1.4142135623730951 59.41421356237309 12.590000000000003
      vertex 1.5867066805824703 59.21752285801744 12.590000000000003
      vertex 1.5867066805824703 59.21752285801744 19.600000000000005
    endloop
  endfacet
  facet normal -0.5555702330195877 -0.8314696123025548 1.8760895090624e-18
    outer loop
      vertex 1 59.732050807568875 12.590000000000003
      vertex 1.2175228580174413 59.58670668058247 12.590000000000003
      vertex 1.2175228580174413 59.58670668058247 19.600000000000005
    endloop
  endfacet
  facet normal -0.8314696123025428 -0.5555702330196057 -1.9522349805325854e-19
    outer loop
      vertex 1.5867066805824703 59.21752285801744 12.590000000000003
      vertex 1.7320508075688772 59 12.590000000000003
      vertex 1.7320508075688772 59 19.600000000000005
    endloop
  endfacet
  facet normal -0.9469301294951076 -0.3214394653031559 0
    outer loop
      vertex 1.9318516525781366 58.51763809020504 12.590000000000003
      vertex 1.9318516525781366 58.51763809020504 19.600000000000005
      vertex 1.8477590650225735 58.76536686473018 12.590000000000003
    endloop
  endfacet
  facet normal -0.8968727415326857 -0.44228869021900635 5.440057526311168e-19
    outer loop
      vertex 1.7320508075688772 59 12.590000000000003
      vertex 1.8477590650225735 58.76536686473018 12.590000000000003
      vertex 1.8477590650225735 58.76536686473018 19.600000000000005
    endloop
  endfacet
  facet normal -0.06540312923013906 0.9978589232386037 0
    outer loop
      vertex 0.26105238444010315 56.01711027725238 12.590000000000003
      vertex 0 56 19.600000000000005
      vertex 0.26105238444010315 56.01711027725238 19.600000000000005
    endloop
  endfacet
  facet normal -0.19509032201612297 0.9807852804032315 0
    outer loop
      vertex 0.5176380902050415 56.06814834742186 12.590000000000003
      vertex 0.26105238444010315 56.01711027725238 19.600000000000005
      vertex 0.5176380902050415 56.06814834742186 19.600000000000005
    endloop
  endfacet
  facet normal -0.32143946530317474 0.9469301294951011 0
    outer loop
      vertex 0.7653668647301796 56.15224093497743 12.590000000000003
      vertex 0.5176380902050415 56.06814834742186 19.600000000000005
      vertex 0.7653668647301796 56.15224093497743 19.600000000000005
    endloop
  endfacet
  facet normal -0.44228869021900424 0.8968727415326868 0
    outer loop
      vertex 1 56.267949192431125 12.590000000000003
      vertex 0.7653668647301796 56.15224093497743 19.600000000000005
      vertex 1 56.267949192431125 19.600000000000005
    endloop
  endfacet
  facet normal -0.5555702330195877 0.8314696123025548 0
    outer loop
      vertex 1.2175228580174413 56.41329331941753 12.590000000000003
      vertex 1 56.267949192431125 19.600000000000005
      vertex 1.2175228580174413 56.41329331941753 19.600000000000005
    endloop
  endfacet
  facet normal -0.6593458151000815 0.7518398074789663 0
    outer loop
      vertex 1.4142135623730951 56.58578643762691 12.590000000000003
      vertex 1.2175228580174413 56.41329331941753 19.600000000000005
      vertex 1.4142135623730951 56.58578643762691 19.600000000000005
    endloop
  endfacet
  facet normal -0.7518398074789766 0.6593458151000697 0
    outer loop
      vertex 1.5867066805824703 56.78247714198256 12.590000000000003
      vertex 1.4142135623730951 56.58578643762691 19.600000000000005
      vertex 1.5867066805824703 56.78247714198256 19.600000000000005
    endloop
  endfacet
  facet normal -0.8314696123025428 0.5555702330196057 0
    outer loop
      vertex 1.7320508075688772 57 12.590000000000003
      vertex 1.5867066805824703 56.78247714198256 19.600000000000005
      vertex 1.7320508075688772 57 19.600000000000005
    endloop
  endfacet
  facet normal -0.8968727415326857 0.44228869021900635 0
    outer loop
      vertex 1.8477590650225735 57.23463313526982 12.590000000000003
      vertex 1.7320508075688772 57 19.600000000000005
      vertex 1.8477590650225735 57.23463313526982 19.600000000000005
    endloop
  endfacet
  facet normal -0.9469301294951076 0.3214394653031559 0
    outer loop
      vertex 1.9318516525781366 57.48236190979496 12.590000000000003
      vertex 1.8477590650225735 57.23463313526982 19.600000000000005
      vertex 1.9318516525781366 57.48236190979496 19.600000000000005
    endloop
  endfacet
  facet normal -0.9807852804032299 0.19509032201613113 0
    outer loop
      vertex 1.9828897227476208 57.738947615559894 12.590000000000003
      vertex 1.9318516525781366 57.48236190979496 19.600000000000005
      vertex 1.9828897227476208 57.738947615559894 19.600000000000005
    endloop
  endfacet
  facet normal -0.9978589232386035 0.06540312923014263 0
    outer loop
      vertex 2 58 12.590000000000003
      vertex 1.9828897227476208 57.738947615559894 19.600000000000005
      vertex 2 58 19.600000000000005
    endloop
  endfacet
  facet normal -0.9978589232386035 -0.06540312923014263 0
    outer loop
      vertex 1.9828897227476208 58.261052384440106 12.590000000000003
      vertex 2 58 19.600000000000005
      vertex 1.9828897227476208 58.261052384440106 19.600000000000005
    endloop
  endfacet
  facet normal -0.9807852804032299 -0.19509032201613113 0
    outer loop
      vertex 1.9318516525781366 58.51763809020504 12.590000000000003
      vertex 1.9828897227476208 58.261052384440106 19.600000000000005
      vertex 1.9318516525781366 58.51763809020504 19.600000000000005
    endloop
  endfacet
  facet normal -0.06540312923013906 -0.9978589232386037 0
    outer loop
      vertex 0 60 12.590000000000003
      vertex 0.26105238444010315 59.98288972274762 19.600000000000005
      vertex 0 60 19.600000000000005
    endloop
  endfacet
  facet normal -0.19509032201612297 -0.9807852804032315 0
    outer loop
      vertex 0.26105238444010315 59.98288972274762 12.590000000000003
      vertex 0.5176380902050415 59.93185165257814 19.600000000000005
      vertex 0.26105238444010315 59.98288972274762 19.600000000000005
    endloop
  endfacet
  facet normal -0.32143946530317474 -0.9469301294951011 0
    outer loop
      vertex 0.5176380902050415 59.93185165257814 12.590000000000003
      vertex 0.7653668647301796 59.84775906502257 19.600000000000005
      vertex 0.5176380902050415 59.93185165257814 19.600000000000005
    endloop
  endfacet
  facet normal -0.44228869021900424 -0.8968727415326868 0
    outer loop
      vertex 0.7653668647301796 59.84775906502257 12.590000000000003
      vertex 1 59.732050807568875 19.600000000000005
      vertex 0.7653668647301796 59.84775906502257 19.600000000000005
    endloop
  endfacet
  facet normal -0.5555702330195877 -0.8314696123025548 0
    outer loop
      vertex 1 59.732050807568875 12.590000000000003
      vertex 1.2175228580174413 59.58670668058247 19.600000000000005
      vertex 1 59.732050807568875 19.600000000000005
    endloop
  endfacet
  facet normal -0.6593458151000815 -0.7518398074789663 0
    outer loop
      vertex 1.2175228580174413 59.58670668058247 12.590000000000003
      vertex 1.4142135623730951 59.41421356237309 19.600000000000005
      vertex 1.2175228580174413 59.58670668058247 19.600000000000005
    endloop
  endfacet
  facet normal -0.7518398074789766 -0.6593458151000697 0
    outer loop
      vertex 1.4142135623730951 59.41421356237309 12.590000000000003
      vertex 1.5867066805824703 59.21752285801744 19.600000000000005
      vertex 1.4142135623730951 59.41421356237309 19.600000000000005
    endloop
  endfacet
  facet normal -0.8314696123025428 -0.5555702330196057 0
    outer loop
      vertex 1.5867066805824703 59.21752285801744 12.590000000000003
      vertex 1.7320508075688772 59 19.600000000000005
      vertex 1.5867066805824703 59.21752285801744 19.600000000000005
    endloop
  endfacet
  facet normal -0.8968727415326857 -0.44228869021900635 0
    outer loop
      vertex 1.7320508075688772 59 12.590000000000003
      vertex 1.8477590650225735 58.76536686473018 19.600000000000005
      vertex 1.7320508075688772 59 19.600000000000005
    endloop
  endfacet
  facet normal -0.9469301294951076 -0.3214394653031559 0
    outer loop
      vertex 1.8477590650225735 58.76536686473018 12.590000000000003
      vertex 1.9318516525781366 58.51763809020504 19.600000000000005
      vertex 1.8477590650225735 58.76536686473018 19.600000000000005
    endloop
  endfacet
  facet normal 0 0 1
    outer loop
      vertex 27.568148347421864 -0.5176380902050415 12.590000000000003
      vertex 27.568148347421864 0.5176380902050415 12.590000000000003
      vertex 27.517110277252378 -0.26105238444010315 12.590000000000003
    endloop
  endfacet
  facet normal 0 0 1
    outer loop
      vertex 27.76794919243112 -1 12.590000000000003
      vertex 27.76794919243112 1 12.590000000000003
      vertex 27.652240934977428 -0.7653668647301796 12.590000000000003
    endloop
  endfacet
  facet normal 0 0 1
    outer loop
      vertex 27.568148347421864 -0.5176380902050415 12.590000000000003
      vertex 27.652240934977428 -0.7653668647301796 12.590000000000003
      vertex 27.652240934977428 0.7653668647301796 12.590000000000003
    endloop
  endfacet
  facet normal 0 0 1
    outer loop
      vertex 27.76794919243112 -1 12.590000000000003
      vertex 27.91329331941753 -1.2175228580174413 12.590000000000003
      vertex 27.91329331941753 1.2175228580174413 12.590000000000003
    endloop
  endfacet
  facet normal 0 0 1
    outer loop
      vertex 27.91329331941753 -1.2175228580174413 12.590000000000003
      vertex 28.085786437626904 -1.4142135623730951 12.590000000000003
      vertex 28.085786437626904 1.4142135623730951 12.590000000000003
    endloop
  endfacet
  facet normal 0 0 1
    outer loop
      vertex 28.282477141982557 -1.5867066805824703 12.590000000000003
      vertex 28.5 -1.7320508075688772 12.590000000000003
      vertex 28.5 1.7320508075688772 12.590000000000003
    endloop
  endfacet
  facet normal 0 0 1
    outer loop
      vertex 28.085786437626904 -1.4142135623730951 12.590000000000003
      vertex 28.282477141982557 -1.5867066805824703 12.590000000000003
      vertex 28.282477141982557 1.5867066805824703 12.590000000000003
    endloop
  endfacet
  facet normal 0 0 1
    outer loop
      vertex 28.5 -1.7320508075688772 12.590000000000003
      vertex 28.73463313526982 -1.8477590650225735 12.590000000000003
      vertex 28.73463313526982 1.8477590650225735 12.590000000000003
    endloop
  endfacet
  facet normal 0 0 1
    outer loop
      vertex 28.73463313526982 -1.8477590650225735 12.590000000000003
      vertex 28.98236190979496 -1.9318516525781366 12.590000000000003
      vertex 28.98236190979496 1.9318516525781366 12.590000000000003
    endloop
  endfacet
  facet normal 0 0 1
    outer loop
      vertex 29.238947615559898 -1.9828897227476208 12.590000000000003
      vertex 29.238947615559898 1.9828897227476208 12.590000000000003
      vertex 28.98236190979496 -1.9318516525781366 12.590000000000003
    endloop
  endfacet
  facet normal 0 0 1
    outer loop
      vertex 29.238947615559898 -1.9828897227476208 12.590000000000003
      vertex 29.5 -2 12.590000000000003
      vertex 29.5 2 12.590000000000003
    endloop
  endfacet
  facet normal 0 0 1
    outer loop
      vertex 29.5 -2 12.590000000000003
      vertex 29.761052384440102 -1.9828897227476208 12.590000000000003
      vertex 29.761052384440102 1.9828897227476208 12.590000000000003
    endloop
  endfacet
  facet normal 0 0 1
    outer loop
      vertex 29.761052384440102 -1.9828897227476208 12.590000000000003
      vertex 30.01763809020504 -1.9318516525781366 12.590000000000003
      vertex 30.01763809020504 1.9318516525781366 12.590000000000003
    endloop
  endfacet
  facet normal 0 0 1
    outer loop
      vertex 30.01763809020504 -1.9318516525781366 12.590000000000003
      vertex 30.26536686473018 -1.8477590650225735 12.590000000000003
      vertex 30.26536686473018 1.8477590650225735 12.590000000000003
    endloop
  endfacet
  facet normal 0 0 1
    outer loop
      vertex 30.26536686473018 -1.8477590650225735 12.590000000000003
      vertex 30.5 -1.7320508075688772 12.590000000000003
      vertex 30.5 1.7320508075688772 12.590000000000003
    endloop
  endfacet
  facet normal 0 0 1
    outer loop
      vertex 30.5 -1.7320508075688772 12.590000000000003
      vertex 30.717522858017443 -1.5867066805824703 12.590000000000003
      vertex 30.717522858017443 1.5867066805824703 12.590000000000003
    endloop
  endfacet
  facet normal 0 0 1
    outer loop
      vertex 30.717522858017443 -1.5867066805824703 12.590000000000003
      vertex 30.914213562373096 -1.4142135623730951 12.590000000000003
      vertex 30.914213562373096 1.4142135623730951 12.590000000000003
    endloop
  endfacet
  facet normal 0 0 1
    outer loop
      vertex 30.914213562373096 -1.4142135623730951 12.590000000000003
      vertex 31.08670668058247 -1.2175228580174413 12.590000000000003
      vertex 31.08670668058247 1.2175228580174413 12.590000000000003
    endloop
  endfacet
  facet normal 0 0 1
    outer loop
      vertex 31.08670668058247 -1.2175228580174413 12.590000000000003
      vertex 31.23205080756888 -1 12.590000000000003
      vertex 31.23205080756888 1 12.590000000000003
    endloop
  endfacet
  facet normal 0 0 1
    outer loop
      vertex 31.23205080756888 -1 12.590000000000003
      vertex 31.347759065022572 -0.7653668647301796 12.590000000000003
      vertex 31.347759065022572 0.7653668647301796 12.590000000000003
    endloop
  endfacet
  facet normal 0 0 1
    outer loop
      vertex 31.347759065022572 -0.7653668647301796 12.590000000000003
      vertex 31.431851652578136 -0.5176380902050415 12.590000000000003
      vertex 31.431851652578136 0.5176380902050415 12.590000000000003
    endloop
  endfacet
  facet normal 0 0 1
    outer loop
      vertex 31.431851652578136 -0.5176380902050415 12.590000000000003
      vertex 31.482889722747622 -0.26105238444010315 12.590000000000003
      vertex 31.482889722747622 0.26105238444010315 12.590000000000003
    endloop
  endfacet
  facet normal 0.8314696123025423 0.5555702330196066 0
    outer loop
      vertex 27.76794919243112 -1 12.590000000000003
      vertex 27.76794919243112 -1 19.600000000000005
      vertex 27.91329331941753 -1.2175228580174413 12.590000000000003
    endloop
  endfacet
  facet normal 0.9469301294951052 0.32143946530316253 0
    outer loop
      vertex 27.568148347421864 -0.5176380902050415 12.590000000000003
      vertex 27.568148347421864 -0.5176380902050415 19.600000000000005
      vertex 27.652240934977428 -0.7653668647301796 12.590000000000003
    endloop
  endfacet
  facet normal 0.980785280403229 0.19509032201613605 -4.7038904242736085e-19
    outer loop
      vertex 27.568148347421864 -0.5176380902050415 12.590000000000003
      vertex 27.517110277252378 -0.26105238444010315 12.590000000000003
      vertex 27.517110277252378 -0.26105238444010315 19.600000000000005
    endloop
  endfacet
  facet normal 0.9978589232386037 0.06540312923013906 2.1785743328122753e-19
    outer loop
      vertex 27.517110277252378 -0.26105238444010315 12.590000000000003
      vertex 27.5 0 12.590000000000003
      vertex 27.5 0 19.600000000000005
    endloop
  endfacet
  facet normal 0.8968727415326923 0.44228869021899336 2.05338496138266e-19
    outer loop
      vertex 27.76794919243112 -1 12.590000000000003
      vertex 27.652240934977428 -0.7653668647301796 12.590000000000003
      vertex 27.652240934977428 -0.7653668647301796 19.600000000000005
    endloop
  endfacet
  facet normal 0.6593458151000697 0.7518398074789766 0
    outer loop
      vertex 28.085786437626904 -1.4142135623730951 12.590000000000003
      vertex 28.085786437626904 -1.4142135623730951 19.600000000000005
      vertex 28.282477141982557 -1.5867066805824703 12.590000000000003
    endloop
  endfacet
  facet normal 0.7518398074789797 0.6593458151000661 0
    outer loop
      vertex 27.91329331941753 -1.2175228580174413 12.590000000000003
      vertex 27.91329331941753 -1.2175228580174413 19.600000000000005
      vertex 28.085786437626904 -1.4142135623730951 12.590000000000003
    endloop
  endfacet
  facet normal 0.5555702330195996 0.8314696123025471 0
    outer loop
      vertex 28.282477141982557 -1.5867066805824703 12.590000000000003
      vertex 28.282477141982557 -1.5867066805824703 19.600000000000005
      vertex 28.5 -1.7320508075688772 12.590000000000003
    endloop
  endfacet
  facet normal 0.06540312923014352 0.9978589232386035 0
    outer loop
      vertex 29.238947615559898 -1.9828897227476208 12.590000000000003
      vertex 29.238947615559898 -1.9828897227476208 19.600000000000005
      vertex 29.5 -2 12.590000000000003
    endloop
  endfacet
  facet normal 0.442288690219001 0.8968727415326885 0
    outer loop
      vertex 28.5 -1.7320508075688772 12.590000000000003
      vertex 28.5 -1.7320508075688772 19.600000000000005
      vertex 28.73463313526982 -1.8477590650225735 12.590000000000003
    endloop
  endfacet
  facet normal 0.3214394653031601 0.9469301294951061 0
    outer loop
      vertex 28.73463313526982 -1.8477590650225735 12.590000000000003
      vertex 28.73463313526982 -1.8477590650225735 19.600000000000005
      vertex 28.98236190979496 -1.9318516525781366 12.590000000000003
    endloop
  endfacet
  facet normal 0.19509032201612853 0.9807852804032304 6.045597882187827e-20
    outer loop
      vertex 29.238947615559898 -1.9828897227476208 12.590000000000003
      vertex 28.98236190979496 -1.9318516525781366 12.590000000000003
      vertex 28.98236190979496 -1.9318516525781366 19.600000000000005
    endloop
  endfacet
  facet normal -0.06540312923014352 0.9978589232386035 0
    outer loop
      vertex 29.5 -2 12.590000000000003
      vertex 29.5 -2 19.600000000000005
      vertex 29.761052384440102 -1.9828897227476208 12.590000000000003
    endloop
  endfacet
  facet normal -0.19509032201612853 0.9807852804032304 0
    outer loop
      vertex 29.761052384440102 -1.9828897227476208 12.590000000000003
      vertex 29.761052384440102 -1.9828897227476208 19.600000000000005
      vertex 30.01763809020504 -1.9318516525781366 12.590000000000003
    endloop
  endfacet
  facet normal -0.3214394653031601 0.9469301294951061 0
    outer loop
      vertex 30.01763809020504 -1.9318516525781366 12.590000000000003
      vertex 30.01763809020504 -1.9318516525781366 19.600000000000005
      vertex 30.26536686473018 -1.8477590650225735 12.590000000000003
    endloop
  endfacet
  facet normal -0.442288690219001 0.8968727415326885 0
    outer loop
      vertex 30.26536686473018 -1.8477590650225735 12.590000000000003
      vertex 30.26536686473018 -1.8477590650225735 19.600000000000005
      vertex 30.5 -1.7320508075688772 12.590000000000003
    endloop
  endfacet
  facet normal -0.5555702330195996 0.8314696123025471 0
    outer loop
      vertex 30.5 -1.7320508075688772 12.590000000000003
      vertex 30.5 -1.7320508075688772 19.600000000000005
      vertex 30.717522858017443 -1.5867066805824703 12.590000000000003
    endloop
  endfacet
  facet normal -0.6593458151000697 0.7518398074789766 0
    outer loop
      vertex 30.717522858017443 -1.5867066805824703 12.590000000000003
      vertex 30.717522858017443 -1.5867066805824703 19.600000000000005
      vertex 30.914213562373096 -1.4142135623730951 12.590000000000003
    endloop
  endfacet
  facet normal -0.7518398074789797 0.6593458151000661 0
    outer loop
      vertex 30.914213562373096 -1.4142135623730951 12.590000000000003
      vertex 30.914213562373096 -1.4142135623730951 19.600000000000005
      vertex 31.08670668058247 -1.2175228580174413 12.590000000000003
    endloop
  endfacet
  facet normal -0.8314696123025423 0.5555702330196066 0
    outer loop
      vertex 31.08670668058247 -1.2175228580174413 12.590000000000003
      vertex 31.08670668058247 -1.2175228580174413 19.600000000000005
      vertex 31.23205080756888 -1 12.590000000000003
    endloop
  endfacet
  facet normal -0.8968727415326923 0.44228869021899336 0
    outer loop
      vertex 31.23205080756888 -1 12.590000000000003
      vertex 31.23205080756888 -1 19.600000000000005
      vertex 31.347759065022572 -0.7653668647301796 12.590000000000003
    endloop
  endfacet
  facet normal -0.9469301294951052 0.32143946530316253 0
    outer loop
      vertex 31.347759065022572 -0.7653668647301796 12.590000000000003
      vertex 31.347759065022572 -0.7653668647301796 19.600000000000005
      vertex 31.431851652578136 -0.5176380902050415 12.590000000000003
    endloop
  endfacet
  facet normal -0.980785280403229 0.19509032201613605 0
    outer loop
      vertex 31.431851652578136 -0.5176380902050415 12.590000000000003
      vertex 31.431851652578136 -0.5176380902050415 19.600000000000005
      vertex 31.482889722747622 -0.26105238444010315 12.590000000000003
    endloop
  endfacet
  facet normal -0.9978589232386037 0.06540312923013906 0
    outer loop
      vertex 31.482889722747622 -0.26105238444010315 12.590000000000003
      vertex 31.482889722747622 -0.26105238444010315 19.600000000000005
      vertex 31.5 0 12.590000000000003
    endloop
  endfacet
  facet normal 0.8314696123025423 0.5555702330196066 0
    outer loop
      vertex 27.91329331941753 -1.2175228580174413 12.590000000000003
      vertex 27.76794919243112 -1 19.600000000000005
      vertex 27.91329331941753 -1.2175228580174413 19.600000000000005
    endloop
  endfacet
  facet normal 0.980785280403229 0.19509032201613605 0
    outer loop
      vertex 27.568148347421864 -0.5176380902050415 12.590000000000003
      vertex 27.517110277252378 -0.26105238444010315 19.600000000000005
      vertex 27.568148347421864 -0.5176380902050415 19.600000000000005
    endloop
  endfacet
  facet normal 0.9978589232386037 0.06540312923013906 0
    outer loop
      vertex 27.517110277252378 -0.26105238444010315 12.590000000000003
      vertex 27.5 0 19.600000000000005
      vertex 27.517110277252378 -0.26105238444010315 19.600000000000005
    endloop
  endfacet
  facet normal 0.8968727415326923 0.44228869021899336 0
    outer loop
      vertex 27.76794919243112 -1 12.590000000000003
      vertex 27.652240934977428 -0.7653668647301796 19.600000000000005
      vertex 27.76794919243112 -1 19.600000000000005
    endloop
  endfacet
  facet normal 0.9469301294951052 0.32143946530316253 0
    outer loop
      vertex 27.652240934977428 -0.7653668647301796 12.590000000000003
      vertex 27.568148347421864 -0.5176380902050415 19.600000000000005
      vertex 27.652240934977428 -0.7653668647301796 19.600000000000005
    endloop
  endfacet
  facet normal 0.7518398074789797 0.6593458151000661 0
    outer loop
      vertex 28.085786437626904 -1.4142135623730951 12.590000000000003
      vertex 27.91329331941753 -1.2175228580174413 19.600000000000005
      vertex 28.085786437626904 -1.4142135623730951 19.600000000000005
    endloop
  endfacet
  facet normal 0.6593458151000697 0.7518398074789766 0
    outer loop
      vertex 28.282477141982557 -1.5867066805824703 12.590000000000003
      vertex 28.085786437626904 -1.4142135623730951 19.600000000000005
      vertex 28.282477141982557 -1.5867066805824703 19.600000000000005
    endloop
  endfacet
  facet normal 0.5555702330195996 0.8314696123025471 0
    outer loop
      vertex 28.5 -1.7320508075688772 12.590000000000003
      vertex 28.282477141982557 -1.5867066805824703 19.600000000000005
      vertex 28.5 -1.7320508075688772 19.600000000000005
    endloop
  endfacet
  facet normal 0.19509032201612853 0.9807852804032304 0
    outer loop
      vertex 29.238947615559898 -1.9828897227476208 12.590000000000003
      vertex 28.98236190979496 -1.9318516525781366 19.600000000000005
      vertex 29.238947615559898 -1.9828897227476208 19.600000000000005
    endloop
  endfacet
  facet normal 0.06540312923014352 0.9978589232386035 0
    outer loop
      vertex 29.5 -2 12.590000000000003
      vertex 29.238947615559898 -1.9828897227476208 19.600000000000005
      vertex 29.5 -2 19.600000000000005
    endloop
  endfacet
  facet normal 0.442288690219001 0.8968727415326885 0
    outer loop
      vertex 28.73463313526982 -1.8477590650225735 12.590000000000003
      vertex 28.5 -1.7320508075688772 19.600000000000005
      vertex 28.73463313526982 -1.8477590650225735 19.600000000000005
    endloop
  endfacet
  facet normal 0.3214394653031601 0.9469301294951061 0
    outer loop
      vertex 28.98236190979496 -1.9318516525781366 12.590000000000003
      vertex 28.73463313526982 -1.8477590650225735 19.600000000000005
      vertex 28.98236190979496 -1.9318516525781366 19.600000000000005
    endloop
  endfacet
  facet normal -0.06540312923014352 0.9978589232386035 0
    outer loop
      vertex 29.761052384440102 -1.9828897227476208 12.590000000000003
      vertex 29.5 -2 19.600000000000005
      vertex 29.761052384440102 -1.9828897227476208 19.600000000000005
    endloop
  endfacet
  facet normal -0.19509032201612853 0.9807852804032304 0
    outer loop
      vertex 30.01763809020504 -1.9318516525781366 12.590000000000003
      vertex 29.761052384440102 -1.9828897227476208 19.600000000000005
      vertex 30.01763809020504 -1.9318516525781366 19.600000000000005
    endloop
  endfacet
  facet normal -0.3214394653031601 0.9469301294951061 0
    outer loop
      vertex 30.26536686473018 -1.8477590650225735 12.590000000000003
      vertex 30.01763809020504 -1.9318516525781366 19.600000000000005
      vertex 30.26536686473018 -1.8477590650225735 19.600000000000005
    endloop
  endfacet
  facet normal -0.442288690219001 0.8968727415326885 0
    outer loop
      vertex 30.5 -1.7320508075688772 12.590000000000003
      vertex 30.26536686473018 -1.8477590650225735 19.600000000000005
      vertex 30.5 -1.7320508075688772 19.600000000000005
    endloop
  endfacet
  facet normal -0.5555702330195996 0.8314696123025471 0
    outer loop
      vertex 30.717522858017443 -1.5867066805824703 12.590000000000003
      vertex 30.5 -1.7320508075688772 19.600000000000005
      vertex 30.717522858017443 -1.5867066805824703 19.600000000000005
    endloop
  endfacet
  facet normal -0.6593458151000697 0.7518398074789766 0
    outer loop
      vertex 30.914213562373096 -1.4142135623730951 12.590000000000003
      vertex 30.717522858017443 -1.5867066805824703 19.600000000000005
      vertex 30.914213562373096 -1.4142135623730951 19.600000000000005
    endloop
  endfacet
  facet normal -0.7518398074789797 0.6593458151000661 0
    outer loop
      vertex 31.08670668058247 -1.2175228580174413 12.590000000000003
      vertex 30.914213562373096 -1.4142135623730951 19.600000000000005
      vertex 31.08670668058247 -1.2175228580174413 19.600000000000005
    endloop
  endfacet
  facet normal -0.8314696123025423 0.5555702330196066 0
    outer loop
      vertex 31.23205080756888 -1 12.590000000000003
      vertex 31.08670668058247 -1.2175228580174413 19.600000000000005
      vertex 31.23205080756888 -1 19.600000000000005
    endloop
  endfacet
  facet normal -0.8968727415326923 0.44228869021899336 0
    outer loop
      vertex 31.347759065022572 -0.7653668647301796 12.590000000000003
      vertex 31.23205080756888 -1 19.600000000000005
      vertex 31.347759065022572 -0.7653668647301796 19.600000000000005
    endloop
  endfacet
  facet normal -0.9469301294951052 0.32143946530316253 0
    outer loop
      vertex 31.431851652578136 -0.5176380902050415 12.590000000000003
      vertex 31.347759065022572 -0.7653668647301796 19.600000000000005
      vertex 31.431851652578136 -0.5176380902050415 19.600000000000005
    endloop
  endfacet
  facet normal -0.980785280403229 0.19509032201613605 0
    outer loop
      vertex 31.482889722747622 -0.26105238444010315 12.590000000000003
      vertex 31.431851652578136 -0.5176380902050415 19.600000000000005
      vertex 31.482889722747622 -0.26105238444010315 19.600000000000005
    endloop
  endfacet
  facet normal -0.9978589232386037 0.06540312923013906 -2.1785743328122753e-19
    outer loop
      vertex 31.482889722747622 -0.26105238444010315 19.600000000000005
      vertex 31.5 0 19.600000000000005
      vertex 31.5 0 12.590000000000003
    endloop
  endfacet
  facet normal 0 0 1
    outer loop
      vertex 27.517110277252378 -0.26105238444010315 12.590000000000003
      vertex 27.517110277252378 0.26105238444010315 12.590000000000003
      vertex 27.5 0 12.590000000000003
    endloop
  endfacet
  facet normal 0 0 1
    outer loop
      vertex 27.517110277252378 -0.26105238444010315 12.590000000000003
      vertex 27.568148347421864 0.5176380902050415 12.590000000000003
      vertex 27.517110277252378 0.26105238444010315 12.590000000000003
    endloop
  endfacet
  facet normal 0 0 1
    outer loop
      vertex 27.568148347421864 -0.5176380902050415 12.590000000000003
      vertex 27.652240934977428 0.7653668647301796 12.590000000000003
      vertex 27.568148347421864 0.5176380902050415 12.590000000000003
    endloop
  endfacet
  facet normal 0 0 1
    outer loop
      vertex 27.652240934977428 -0.7653668647301796 12.590000000000003
      vertex 27.76794919243112 1 12.590000000000003
      vertex 27.652240934977428 0.7653668647301796 12.590000000000003
    endloop
  endfacet
  facet normal 0 0 1
    outer loop
      vertex 27.76794919243112 -1 12.590000000000003
      vertex 27.91329331941753 1.2175228580174413 12.590000000000003
      vertex 27.76794919243112 1 12.590000000000003
    endloop
  endfacet
  facet normal 0 0 1
    outer loop
      vertex 27.91329331941753 -1.2175228580174413 12.590000000000003
      vertex 28.085786437626904 1.4142135623730951 12.590000000000003
      vertex 27.91329331941753 1.2175228580174413 12.590000000000003
    endloop
  endfacet
  facet normal 0 0 1
    outer loop
      vertex 28.085786437626904 -1.4142135623730951 12.590000000000003
      vertex 28.282477141982557 1.5867066805824703 12.590000000000003
      vertex 28.085786437626904 1.4142135623730951 12.590000000000003
    endloop
  endfacet
  facet normal 0 0 1
    outer loop
      vertex 28.282477141982557 -1.5867066805824703 12.590000000000003
      vertex 28.5 1.7320508075688772 12.590000000000003
      vertex 28.282477141982557 1.5867066805824703 12.590000000000003
    endloop
  endfacet
  facet normal 0 0 1
    outer loop
      vertex 28.5 -1.7320508075688772 12.590000000000003
      vertex 28.73463313526982 1.8477590650225735 12.590000000000003
      vertex 28.5 1.7320508075688772 12.590000000000003
    endloop
  endfacet
  facet normal 0 0 1
    outer loop
      vertex 28.73463313526982 -1.8477590650225735 12.590000000000003
      vertex 28.98236190979496 1.9318516525781366 12.590000000000003
      vertex 28.73463313526982 1.8477590650225735 12.590000000000003
    endloop
  endfacet
  facet normal 0 0 1
    outer loop
      vertex 28.98236190979496 -1.9318516525781366 12.590000000000003
      vertex 29.238947615559898 1.9828897227476208 12.590000000000003
      vertex 28.98236190979496 1.9318516525781366 12.590000000000003
    endloop
  endfacet
  facet normal 0 0 1
    outer loop
      vertex 29.238947615559898 -1.9828897227476208 12.590000000000003
      vertex 29.5 2 12.590000000000003
      vertex 29.238947615559898 1.9828897227476208 12.590000000000003
    endloop
  endfacet
  facet normal 0 0 1
    outer loop
      vertex 29.5 -2 12.590000000000003
      vertex 29.761052384440102 1.9828897227476208 12.590000000000003
      vertex 29.5 2 12.590000000000003
    endloop
  endfacet
  facet normal 0 0 1
    outer loop
      vertex 29.761052384440102 -1.9828897227476208 12.590000000000003
      vertex 30.01763809020504 1.9318516525781366 12.590000000000003
      vertex 29.761052384440102 1.9828897227476208 12.590000000000003
    endloop
  endfacet
  facet normal 0 0 1
    outer loop
      vertex 30.01763809020504 -1.9318516525781366 12.590000000000003
      vertex 30.26536686473018 1.8477590650225735 12.590000000000003
      vertex 30.01763809020504 1.9318516525781366 12.590000000000003
    endloop
  endfacet
  facet normal 0 0 1
    outer loop
      vertex 30.26536686473018 -1.8477590650225735 12.590000000000003
      vertex 30.5 1.7320508075688772 12.590000000000003
      vertex 30.26536686473018 1.8477590650225735 12.590000000000003
    endloop
  endfacet
  facet normal 0 0 1
    outer loop
      vertex 30.5 -1.7320508075688772 12.590000000000003
      vertex 30.717522858017443 1.5867066805824703 12.590000000000003
      vertex 30.5 1.7320508075688772 12.590000000000003
    endloop
  endfacet
  facet normal 0 0 1
    outer loop
      vertex 30.717522858017443 -1.5867066805824703 12.590000000000003
      vertex 30.914213562373096 1.4142135623730951 12.590000000000003
      vertex 30.717522858017443 1.5867066805824703 12.590000000000003
    endloop
  endfacet
  facet normal 0 0 1
    outer loop
      vertex 30.914213562373096 -1.4142135623730951 12.590000000000003
      vertex 31.08670668058247 1.2175228580174413 12.590000000000003
      vertex 30.914213562373096 1.4142135623730951 12.590000000000003
    endloop
  endfacet
  facet normal 0 0 1
    outer loop
      vertex 31.08670668058247 -1.2175228580174413 12.590000000000003
      vertex 31.23205080756888 1 12.590000000000003
      vertex 31.08670668058247 1.2175228580174413 12.590000000000003
    endloop
  endfacet
  facet normal 0 0 1
    outer loop
      vertex 31.23205080756888 -1 12.590000000000003
      vertex 31.347759065022572 0.7653668647301796 12.590000000000003
      vertex 31.23205080756888 1 12.590000000000003
    endloop
  endfacet
  facet normal 0 0 1
    outer loop
      vertex 31.347759065022572 -0.7653668647301796 12.590000000000003
      vertex 31.431851652578136 0.5176380902050415 12.590000000000003
      vertex 31.347759065022572 0.7653668647301796 12.590000000000003
    endloop
  endfacet
  facet normal 0 0 1
    outer loop
      vertex 31.431851652578136 -0.5176380902050415 12.590000000000003
      vertex 31.482889722747622 0.26105238444010315 12.590000000000003
      vertex 31.431851652578136 0.5176380902050415 12.590000000000003
    endloop
  endfacet
  facet normal 0 0 1
    outer loop
      vertex 31.482889722747622 -0.26105238444010315 12.590000000000003
      vertex 31.5 0 12.590000000000003
      vertex 31.482889722747622 0.26105238444010315 12.590000000000003
    endloop
  endfacet
  facet normal 0.9978589232386037 -0.06540312923013906 -2.1785743328122753e-19
    outer loop
      vertex 27.5 0 12.590000000000003
      vertex 27.517110277252378 0.26105238444010315 12.590000000000003
      vertex 27.517110277252378 0.26105238444010315 19.600000000000005
    endloop
  endfacet
  facet normal 0.980785280403229 -0.19509032201613605 4.7038904242736085e-19
    outer loop
      vertex 27.517110277252378 0.26105238444010315 12.590000000000003
      vertex 27.568148347421864 0.5176380902050415 12.590000000000003
      vertex 27.568148347421864 0.5176380902050415 19.600000000000005
    endloop
  endfacet
  facet normal 0.9469301294951052 -0.32143946530316253 9.114129621309043e-19
    outer loop
      vertex 27.568148347421864 0.5176380902050415 12.590000000000003
      vertex 27.652240934977428 0.7653668647301796 12.590000000000003
      vertex 27.652240934977428 0.7653668647301796 19.600000000000005
    endloop
  endfacet
  facet normal 0.8968727415326923 -0.44228869021899336 -2.05338496138266e-19
    outer loop
      vertex 27.652240934977428 0.7653668647301796 12.590000000000003
      vertex 27.76794919243112 1 12.590000000000003
      vertex 27.76794919243112 1 19.600000000000005
    endloop
  endfacet
  facet normal 0.8314696123025423 -0.5555702330196066 9.367187483208268e-19
    outer loop
      vertex 27.76794919243112 1 12.590000000000003
      vertex 27.91329331941753 1.2175228580174413 12.590000000000003
      vertex 27.91329331941753 1.2175228580174413 19.600000000000005
    endloop
  endfacet
  facet normal 0.7518398074789797 -0.6593458151000661 1.7141089562007674e-18
    outer loop
      vertex 27.91329331941753 1.2175228580174413 12.590000000000003
      vertex 28.085786437626904 1.4142135623730951 12.590000000000003
      vertex 28.085786437626904 1.4142135623730951 19.600000000000005
    endloop
  endfacet
  facet normal 0.6593458151000697 -0.7518398074789766 1.3780178660163282e-18
    outer loop
      vertex 28.085786437626904 1.4142135623730951 12.590000000000003
      vertex 28.282477141982557 1.5867066805824703 12.590000000000003
      vertex 28.282477141982557 1.5867066805824703 19.600000000000005
    endloop
  endfacet
  facet normal 0.5555702330195996 -0.8314696123025471 1.7699621934985878e-18
    outer loop
      vertex 28.282477141982557 1.5867066805824703 12.590000000000003
      vertex 28.5 1.7320508075688772 12.590000000000003
      vertex 28.5 1.7320508075688772 19.600000000000005
    endloop
  endfacet
  facet normal 0.442288690219001 -0.8968727415326885 3.74018806320557e-19
    outer loop
      vertex 28.5 1.7320508075688772 12.590000000000003
      vertex 28.73463313526982 1.8477590650225735 12.590000000000003
      vertex 28.73463313526982 1.8477590650225735 19.600000000000005
    endloop
  endfacet
  facet normal 0.3214394653031601 -0.9469301294951061 -7.385056564254678e-19
    outer loop
      vertex 28.73463313526982 1.8477590650225735 12.590000000000003
      vertex 28.98236190979496 1.9318516525781366 12.590000000000003
      vertex 28.98236190979496 1.9318516525781366 19.600000000000005
    endloop
  endfacet
  facet normal 0.19509032201612853 -0.9807852804032304 -6.045597882187827e-20
    outer loop
      vertex 28.98236190979496 1.9318516525781366 12.590000000000003
      vertex 29.238947615559898 1.9828897227476208 12.590000000000003
      vertex 29.238947615559898 1.9828897227476208 19.600000000000005
    endloop
  endfacet
  facet normal 0.06540312923014352 -0.9978589232386035 7.827567927012465e-20
    outer loop
      vertex 29.238947615559898 1.9828897227476208 12.590000000000003
      vertex 29.5 2 12.590000000000003
      vertex 29.5 2 19.600000000000005
    endloop
  endfacet
  facet normal -0.19509032201612853 -0.9807852804032304 0
    outer loop
      vertex 30.01763809020504 1.9318516525781366 12.590000000000003
      vertex 30.01763809020504 1.9318516525781366 19.600000000000005
      vertex 29.761052384440102 1.9828897227476208 12.590000000000003
    endloop
  endfacet
  facet normal -0.3214394653031601 -0.9469301294951061 7.385056564254678e-19
    outer loop
      vertex 30.01763809020504 1.9318516525781366 12.590000000000003
      vertex 30.26536686473018 1.8477590650225735 12.590000000000003
      vertex 30.26536686473018 1.8477590650225735 19.600000000000005
    endloop
  endfacet
  facet normal -0.442288690219001 -0.8968727415326885 -3.74018806320557e-19
    outer loop
      vertex 30.26536686473018 1.8477590650225735 12.590000000000003
      vertex 30.5 1.7320508075688772 12.590000000000003
      vertex 30.5 1.7320508075688772 19.600000000000005
    endloop
  endfacet
  facet normal -0.06540312923014352 -0.9978589232386035 -7.827567927012465e-20
    outer loop
      vertex 29.5 2 12.590000000000003
      vertex 29.761052384440102 1.9828897227476208 12.590000000000003
      vertex 29.761052384440102 1.9828897227476208 19.600000000000005
    endloop
  endfacet
  facet normal -0.5555702330195996 -0.8314696123025471 -1.7699621934985878e-18
    outer loop
      vertex 30.5 1.7320508075688772 12.590000000000003
      vertex 30.717522858017443 1.5867066805824703 12.590000000000003
      vertex 30.717522858017443 1.5867066805824703 19.600000000000005
    endloop
  endfacet
  facet normal -0.6593458151000697 -0.7518398074789766 -1.3780178660163282e-18
    outer loop
      vertex 30.717522858017443 1.5867066805824703 12.590000000000003
      vertex 30.914213562373096 1.4142135623730951 12.590000000000003
      vertex 30.914213562373096 1.4142135623730951 19.600000000000005
    endloop
  endfacet
  facet normal -0.7518398074789797 -0.6593458151000661 -1.7141089562007674e-18
    outer loop
      vertex 30.914213562373096 1.4142135623730951 12.590000000000003
      vertex 31.08670668058247 1.2175228580174413 12.590000000000003
      vertex 31.08670668058247 1.2175228580174413 19.600000000000005
    endloop
  endfacet
  facet normal -0.9469301294951052 -0.32143946530316253 0
    outer loop
      vertex 31.431851652578136 0.5176380902050415 12.590000000000003
      vertex 31.431851652578136 0.5176380902050415 19.600000000000005
      vertex 31.347759065022572 0.7653668647301796 12.590000000000003
    endloop
  endfacet
  facet normal -0.8968727415326923 -0.44228869021899336 0
    outer loop
      vertex 31.347759065022572 0.7653668647301796 12.590000000000003
      vertex 31.347759065022572 0.7653668647301796 19.600000000000005
      vertex 31.23205080756888 1 12.590000000000003
    endloop
  endfacet
  facet normal -0.9978589232386037 -0.06540312923013906 0
    outer loop
      vertex 31.5 0 12.590000000000003
      vertex 31.5 0 19.600000000000005
      vertex 31.482889722747622 0.26105238444010315 12.590000000000003
    endloop
  endfacet
  facet normal -0.980785280403229 -0.19509032201613605 -4.7038904242736085e-19
    outer loop
      vertex 31.431851652578136 0.5176380902050415 12.590000000000003
      vertex 31.482889722747622 0.26105238444010315 12.590000000000003
      vertex 31.482889722747622 0.26105238444010315 19.600000000000005
    endloop
  endfacet
  facet normal -0.8314696123025423 -0.5555702330196066 -9.367187483208268e-19
    outer loop
      vertex 31.08670668058247 1.2175228580174413 12.590000000000003
      vertex 31.23205080756888 1 12.590000000000003
      vertex 31.23205080756888 1 19.600000000000005
    endloop
  endfacet
  facet normal 0.9978589232386037 -0.06540312923013906 0
    outer loop
      vertex 27.5 0 12.590000000000003
      vertex 27.517110277252378 0.26105238444010315 19.600000000000005
      vertex 27.5 0 19.600000000000005
    endloop
  endfacet
  facet normal 0.980785280403229 -0.19509032201613605 0
    outer loop
      vertex 27.517110277252378 0.26105238444010315 12.590000000000003
      vertex 27.568148347421864 0.5176380902050415 19.600000000000005
      vertex 27.517110277252378 0.26105238444010315 19.600000000000005
    endloop
  endfacet
  facet normal 0.9469301294951052 -0.32143946530316253 0
    outer loop
      vertex 27.568148347421864 0.5176380902050415 12.590000000000003
      vertex 27.652240934977428 0.7653668647301796 19.600000000000005
      vertex 27.568148347421864 0.5176380902050415 19.600000000000005
    endloop
  endfacet
  facet normal 0.8968727415326923 -0.44228869021899336 0
    outer loop
      vertex 27.652240934977428 0.7653668647301796 12.590000000000003
      vertex 27.76794919243112 1 19.600000000000005
      vertex 27.652240934977428 0.7653668647301796 19.600000000000005
    endloop
  endfacet
  facet normal 0.8314696123025423 -0.5555702330196066 0
    outer loop
      vertex 27.76794919243112 1 12.590000000000003
      vertex 27.91329331941753 1.2175228580174413 19.600000000000005
      vertex 27.76794919243112 1 19.600000000000005
    endloop
  endfacet
  facet normal 0.7518398074789797 -0.6593458151000661 0
    outer loop
      vertex 27.91329331941753 1.2175228580174413 12.590000000000003
      vertex 28.085786437626904 1.4142135623730951 19.600000000000005
      vertex 27.91329331941753 1.2175228580174413 19.600000000000005
    endloop
  endfacet
  facet normal 0.6593458151000697 -0.7518398074789766 0
    outer loop
      vertex 28.085786437626904 1.4142135623730951 12.590000000000003
      vertex 28.282477141982557 1.5867066805824703 19.600000000000005
      vertex 28.085786437626904 1.4142135623730951 19.600000000000005
    endloop
  endfacet
  facet normal 0.5555702330195996 -0.8314696123025471 0
    outer loop
      vertex 28.282477141982557 1.5867066805824703 12.590000000000003
      vertex 28.5 1.7320508075688772 19.600000000000005
      vertex 28.282477141982557 1.5867066805824703 19.600000000000005
    endloop
  endfacet
  facet normal 0.442288690219001 -0.8968727415326885 0
    outer loop
      vertex 28.5 1.7320508075688772 12.590000000000003
      vertex 28.73463313526982 1.8477590650225735 19.600000000000005
      vertex 28.5 1.7320508075688772 19.600000000000005
    endloop
  endfacet
  facet normal 0.3214394653031601 -0.9469301294951061 0
    outer loop
      vertex 28.73463313526982 1.8477590650225735 12.590000000000003
      vertex 28.98236190979496 1.9318516525781366 19.600000000000005
      vertex 28.73463313526982 1.8477590650225735 19.600000000000005
    endloop
  endfacet
  facet normal 0.19509032201612853 -0.9807852804032304 0
    outer loop
      vertex 28.98236190979496 1.9318516525781366 12.590000000000003
      vertex 29.238947615559898 1.9828897227476208 19.600000000000005
      vertex 28.98236190979496 1.9318516525781366 19.600000000000005
    endloop
  endfacet
  facet normal 0.06540312923014352 -0.9978589232386035 0
    outer loop
      vertex 29.238947615559898 1.9828897227476208 12.590000000000003
      vertex 29.5 2 19.600000000000005
      vertex 29.238947615559898 1.9828897227476208 19.600000000000005
    endloop
  endfacet
  facet normal -0.3214394653031601 -0.9469301294951061 0
    outer loop
      vertex 30.01763809020504 1.9318516525781366 12.590000000000003
      vertex 30.26536686473018 1.8477590650225735 19.600000000000005
      vertex 30.01763809020504 1.9318516525781366 19.600000000000005
    endloop
  endfacet
  facet normal -0.442288690219001 -0.8968727415326885 0
    outer loop
      vertex 30.26536686473018 1.8477590650225735 12.590000000000003
      vertex 30.5 1.7320508075688772 19.600000000000005
      vertex 30.26536686473018 1.8477590650225735 19.600000000000005
    endloop
  endfacet
  facet normal -0.5555702330195996 -0.8314696123025471 0
    outer loop
      vertex 30.5 1.7320508075688772 12.590000000000003
      vertex 30.717522858017443 1.5867066805824703 19.600000000000005
      vertex 30.5 1.7320508075688772 19.600000000000005
    endloop
  endfacet
  facet normal -0.06540312923014352 -0.9978589232386035 0
    outer loop
      vertex 29.5 2 12.590000000000003
      vertex 29.761052384440102 1.9828897227476208 19.600000000000005
      vertex 29.5 2 19.600000000000005
    endloop
  endfacet
  facet normal -0.19509032201612853 -0.9807852804032304 0
    outer loop
      vertex 29.761052384440102 1.9828897227476208 12.590000000000003
      vertex 30.01763809020504 1.9318516525781366 19.600000000000005
      vertex 29.761052384440102 1.9828897227476208 19.600000000000005
    endloop
  endfacet
  facet normal -0.6593458151000697 -0.7518398074789766 0
    outer loop
      vertex 30.717522858017443 1.5867066805824703 12.590000000000003
      vertex 30.914213562373096 1.4142135623730951 19.600000000000005
      vertex 30.717522858017443 1.5867066805824703 19.600000000000005
    endloop
  endfacet
  facet normal -0.7518398074789797 -0.6593458151000661 0
    outer loop
      vertex 30.914213562373096 1.4142135623730951 12.590000000000003
      vertex 31.08670668058247 1.2175228580174413 19.600000000000005
      vertex 30.914213562373096 1.4142135623730951 19.600000000000005
    endloop
  endfacet
  facet normal -0.8314696123025423 -0.5555702330196066 0
    outer loop
      vertex 31.08670668058247 1.2175228580174413 12.590000000000003
      vertex 31.23205080756888 1 19.600000000000005
      vertex 31.08670668058247 1.2175228580174413 19.600000000000005
    endloop
  endfacet
  facet normal -0.8968727415326923 -0.44228869021899336 0
    outer loop
      vertex 31.23205080756888 1 12.590000000000003
      vertex 31.347759065022572 0.7653668647301796 19.600000000000005
      vertex 31.23205080756888 1 19.600000000000005
    endloop
  endfacet
  facet normal -0.9469301294951052 -0.32143946530316253 0
    outer loop
      vertex 31.347759065022572 0.7653668647301796 12.590000000000003
      vertex 31.431851652578136 0.5176380902050415 19.600000000000005
      vertex 31.347759065022572 0.7653668647301796 19.600000000000005
    endloop
  endfacet
  facet normal -0.9978589232386037 -0.06540312923013906 0
    outer loop
      vertex 31.482889722747622 0.26105238444010315 12.590000000000003
      vertex 31.5 0 19.600000000000005
      vertex 31.482889722747622 0.26105238444010315 19.600000000000005
    endloop
  endfacet
  facet normal -0.980785280403229 -0.19509032201613605 0
    outer loop
      vertex 31.431851652578136 0.5176380902050415 12.590000000000003
      vertex 31.482889722747622 0.26105238444010315 19.600000000000005
      vertex 31.431851652578136 0.5176380902050415 19.600000000000005
    endloop
  endfacet
  facet normal 0 0 1
    outer loop
      vertex -31.482889722747622 -0.26105238444010315 12.590000000000003
      vertex -31.431851652578136 -0.5176380902050415 12.590000000000003
      vertex -31.431851652578136 0.5176380902050415 12.590000000000003
    endloop
  endfacet
  facet normal 0 0 1
    outer loop
      vertex -31.347759065022572 -0.7653668647301796 12.590000000000003
      vertex -31.347759065022572 0.7653668647301796 12.590000000000003
      vertex -31.431851652578136 -0.5176380902050415 12.590000000000003
    endloop
  endfacet
  facet normal 0 0 1
    outer loop
      vertex -31.23205080756888 -1 12.590000000000003
      vertex -31.23205080756888 1 12.590000000000003
      vertex -31.347759065022572 -0.7653668647301796 12.590000000000003
    endloop
  endfacet
  facet normal 0 0 1
    outer loop
      vertex -31.23205080756888 -1 12.590000000000003
      vertex -31.08670668058247 -1.2175228580174413 12.590000000000003
      vertex -31.08670668058247 1.2175228580174413 12.590000000000003
    endloop
  endfacet
  facet normal 0 0 1
    outer loop
      vertex -31.08670668058247 -1.2175228580174413 12.590000000000003
      vertex -30.914213562373096 -1.4142135623730951 12.590000000000003
      vertex -30.914213562373096 1.4142135623730951 12.590000000000003
    endloop
  endfacet
  facet normal 0 0 1
    outer loop
      vertex -30.914213562373096 -1.4142135623730951 12.590000000000003
      vertex -30.717522858017443 -1.5867066805824703 12.590000000000003
      vertex -30.717522858017443 1.5867066805824703 12.590000000000003
    endloop
  endfacet
  facet normal 0 0 1
    outer loop
      vertex -30.717522858017443 -1.5867066805824703 12.590000000000003
      vertex -30.5 -1.7320508075688772 12.590000000000003
      vertex -30.5 1.7320508075688772 12.590000000000003
    endloop
  endfacet
  facet normal 0 0 1
    outer loop
      vertex -30.5 -1.7320508075688772 12.590000000000003
      vertex -30.26536686473018 -1.8477590650225735 12.590000000000003
      vertex -30.26536686473018 1.8477590650225735 12.590000000000003
    endloop
  endfacet
  facet normal 0 0 1
    outer loop
      vertex -30.26536686473018 -1.8477590650225735 12.590000000000003
      vertex -30.01763809020504 -1.9318516525781366 12.590000000000003
      vertex -30.01763809020504 1.9318516525781366 12.590000000000003
    endloop
  endfacet
  facet normal 0 0 1
    outer loop
      vertex -29.761052384440102 -1.9828897227476208 12.590000000000003
      vertex -29.761052384440102 1.9828897227476208 12.590000000000003
      vertex -30.01763809020504 -1.9318516525781366 12.590000000000003
    endloop
  endfacet
  facet normal 0 0 1
    outer loop
      vertex -29.761052384440102 -1.9828897227476208 12.590000000000003
      vertex -29.5 -2 12.590000000000003
      vertex -29.5 2 12.590000000000003
    endloop
  endfacet
  facet normal 0 0 1
    outer loop
      vertex -29.5 -2 12.590000000000003
      vertex -29.238947615559898 -1.9828897227476208 12.590000000000003
      vertex -29.238947615559898 1.9828897227476208 12.590000000000003
    endloop
  endfacet
  facet normal 0 0 1
    outer loop
      vertex -29.238947615559898 -1.9828897227476208 12.590000000000003
      vertex -28.98236190979496 -1.9318516525781366 12.590000000000003
      vertex -28.98236190979496 1.9318516525781366 12.590000000000003
    endloop
  endfacet
  facet normal 0 0 1
    outer loop
      vertex -28.98236190979496 -1.9318516525781366 12.590000000000003
      vertex -28.73463313526982 -1.8477590650225735 12.590000000000003
      vertex -28.73463313526982 1.8477590650225735 12.590000000000003
    endloop
  endfacet
  facet normal 0 0 1
    outer loop
      vertex -28.73463313526982 -1.8477590650225735 12.590000000000003
      vertex -28.5 -1.7320508075688772 12.590000000000003
      vertex -28.5 1.7320508075688772 12.590000000000003
    endloop
  endfacet
  facet normal 0 0 1
    outer loop
      vertex -28.5 -1.7320508075688772 12.590000000000003
      vertex -28.282477141982557 -1.5867066805824703 12.590000000000003
      vertex -28.282477141982557 1.5867066805824703 12.590000000000003
    endloop
  endfacet
  facet normal 0 0 1
    outer loop
      vertex -28.282477141982557 -1.5867066805824703 12.590000000000003
      vertex -28.085786437626904 -1.4142135623730951 12.590000000000003
      vertex -28.085786437626904 1.4142135623730951 12.590000000000003
    endloop
  endfacet
  facet normal 0 0 1
    outer loop
      vertex -28.085786437626904 -1.4142135623730951 12.590000000000003
      vertex -27.91329331941753 -1.2175228580174413 12.590000000000003
      vertex -27.91329331941753 1.2175228580174413 12.590000000000003
    endloop
  endfacet
  facet normal 0 0 1
    outer loop
      vertex -27.91329331941753 -1.2175228580174413 12.590000000000003
      vertex -27.76794919243112 -1 12.590000000000003
      vertex -27.76794919243112 1 12.590000000000003
    endloop
  endfacet
  facet normal 0 0 1
    outer loop
      vertex -27.76794919243112 -1 12.590000000000003
      vertex -27.652240934977428 -0.7653668647301796 12.590000000000003
      vertex -27.652240934977428 0.7653668647301796 12.590000000000003
    endloop
  endfacet
  facet normal 0 0 1
    outer loop
      vertex -27.652240934977428 -0.7653668647301796 12.590000000000003
      vertex -27.568148347421864 -0.5176380902050415 12.590000000000003
      vertex -27.568148347421864 0.5176380902050415 12.590000000000003
    endloop
  endfacet
  facet normal 0 0 1
    outer loop
      vertex -27.568148347421864 -0.5176380902050415 12.590000000000003
      vertex -27.517110277252378 -0.26105238444010315 12.590000000000003
      vertex -27.517110277252378 0.26105238444010315 12.590000000000003
    endloop
  endfacet
  facet normal 0.8314696123025423 0.5555702330196066 0
    outer loop
      vertex -31.23205080756888 -1 12.590000000000003
      vertex -31.23205080756888 -1 19.600000000000005
      vertex -31.08670668058247 -1.2175228580174413 12.590000000000003
    endloop
  endfacet
  facet normal 0.980785280403229 0.19509032201613605 0
    outer loop
      vertex -31.482889722747622 -0.26105238444010315 12.590000000000003
      vertex -31.482889722747622 -0.26105238444010315 19.600000000000005
      vertex -31.431851652578136 -0.5176380902050415 12.590000000000003
    endloop
  endfacet
  facet normal 0.9978589232386037 0.06540312923013906 2.1785743328122753e-19
    outer loop
      vertex -31.482889722747622 -0.26105238444010315 12.590000000000003
      vertex -31.5 0 12.590000000000003
      vertex -31.5 0 19.600000000000005
    endloop
  endfacet
  facet normal 0.8968727415326923 0.44228869021899336 2.05338496138266e-19
    outer loop
      vertex -31.23205080756888 -1 12.590000000000003
      vertex -31.347759065022572 -0.7653668647301796 12.590000000000003
      vertex -31.347759065022572 -0.7653668647301796 19.600000000000005
    endloop
  endfacet
  facet normal 0.9469301294951052 0.32143946530316253 -9.114129621309043e-19
    outer loop
      vertex -31.347759065022572 -0.7653668647301796 12.590000000000003
      vertex -31.431851652578136 -0.5176380902050415 12.590000000000003
      vertex -31.431851652578136 -0.5176380902050415 19.600000000000005
    endloop
  endfacet
  facet normal 0.7518398074789797 0.6593458151000661 0
    outer loop
      vertex -31.08670668058247 -1.2175228580174413 12.590000000000003
      vertex -31.08670668058247 -1.2175228580174413 19.600000000000005
      vertex -30.914213562373096 -1.4142135623730951 12.590000000000003
    endloop
  endfacet
  facet normal 0.6593458151000697 0.7518398074789766 0
    outer loop
      vertex -30.914213562373096 -1.4142135623730951 12.590000000000003
      vertex -30.914213562373096 -1.4142135623730951 19.600000000000005
      vertex -30.717522858017443 -1.5867066805824703 12.590000000000003
    endloop
  endfacet
  facet normal 0.5555702330195996 0.8314696123025471 0
    outer loop
      vertex -30.717522858017443 -1.5867066805824703 12.590000000000003
      vertex -30.717522858017443 -1.5867066805824703 19.600000000000005
      vertex -30.5 -1.7320508075688772 12.590000000000003
    endloop
  endfacet
  facet normal 0.06540312923014352 0.9978589232386035 0
    outer loop
      vertex -29.761052384440102 -1.9828897227476208 12.590000000000003
      vertex -29.761052384440102 -1.9828897227476208 19.600000000000005
      vertex -29.5 -2 12.590000000000003
    endloop
  endfacet
  facet normal 0.442288690219001 0.8968727415326885 0
    outer loop
      vertex -30.5 -1.7320508075688772 12.590000000000003
      vertex -30.5 -1.7320508075688772 19.600000000000005
      vertex -30.26536686473018 -1.8477590650225735 12.590000000000003
    endloop
  endfacet
  facet normal 0.3214394653031601 0.9469301294951061 0
    outer loop
      vertex -30.26536686473018 -1.8477590650225735 12.590000000000003
      vertex -30.26536686473018 -1.8477590650225735 19.600000000000005
      vertex -30.01763809020504 -1.9318516525781366 12.590000000000003
    endloop
  endfacet
  facet normal 0.19509032201612853 0.9807852804032304 6.045597882187827e-20
    outer loop
      vertex -29.761052384440102 -1.9828897227476208 12.590000000000003
      vertex -30.01763809020504 -1.9318516525781366 12.590000000000003
      vertex -30.01763809020504 -1.9318516525781366 19.600000000000005
    endloop
  endfacet
  facet normal -0.06540312923014352 0.9978589232386035 0
    outer loop
      vertex -29.5 -2 12.590000000000003
      vertex -29.5 -2 19.600000000000005
      vertex -29.238947615559898 -1.9828897227476208 12.590000000000003
    endloop
  endfacet
  facet normal -0.19509032201612853 0.9807852804032304 0
    outer loop
      vertex -29.238947615559898 -1.9828897227476208 12.590000000000003
      vertex -29.238947615559898 -1.9828897227476208 19.600000000000005
      vertex -28.98236190979496 -1.9318516525781366 12.590000000000003
    endloop
  endfacet
  facet normal -0.3214394653031601 0.9469301294951061 0
    outer loop
      vertex -28.98236190979496 -1.9318516525781366 12.590000000000003
      vertex -28.98236190979496 -1.9318516525781366 19.600000000000005
      vertex -28.73463313526982 -1.8477590650225735 12.590000000000003
    endloop
  endfacet
  facet normal -0.442288690219001 0.8968727415326885 0
    outer loop
      vertex -28.73463313526982 -1.8477590650225735 12.590000000000003
      vertex -28.73463313526982 -1.8477590650225735 19.600000000000005
      vertex -28.5 -1.7320508075688772 12.590000000000003
    endloop
  endfacet
  facet normal -0.5555702330195996 0.8314696123025471 0
    outer loop
      vertex -28.5 -1.7320508075688772 12.590000000000003
      vertex -28.5 -1.7320508075688772 19.600000000000005
      vertex -28.282477141982557 -1.5867066805824703 12.590000000000003
    endloop
  endfacet
  facet normal -0.6593458151000697 0.7518398074789766 0
    outer loop
      vertex -28.282477141982557 -1.5867066805824703 12.590000000000003
      vertex -28.282477141982557 -1.5867066805824703 19.600000000000005
      vertex -28.085786437626904 -1.4142135623730951 12.590000000000003
    endloop
  endfacet
  facet normal -0.7518398074789797 0.6593458151000661 0
    outer loop
      vertex -28.085786437626904 -1.4142135623730951 12.590000000000003
      vertex -28.085786437626904 -1.4142135623730951 19.600000000000005
      vertex -27.91329331941753 -1.2175228580174413 12.590000000000003
    endloop
  endfacet
  facet normal -0.8314696123025423 0.5555702330196066 0
    outer loop
      vertex -27.91329331941753 -1.2175228580174413 12.590000000000003
      vertex -27.91329331941753 -1.2175228580174413 19.600000000000005
      vertex -27.76794919243112 -1 12.590000000000003
    endloop
  endfacet
  facet normal -0.8968727415326923 0.44228869021899336 0
    outer loop
      vertex -27.76794919243112 -1 12.590000000000003
      vertex -27.76794919243112 -1 19.600000000000005
      vertex -27.652240934977428 -0.7653668647301796 12.590000000000003
    endloop
  endfacet
  facet normal -0.9469301294951052 0.32143946530316253 0
    outer loop
      vertex -27.652240934977428 -0.7653668647301796 12.590000000000003
      vertex -27.652240934977428 -0.7653668647301796 19.600000000000005
      vertex -27.568148347421864 -0.5176380902050415 12.590000000000003
    endloop
  endfacet
  facet normal -0.980785280403229 0.19509032201613605 0
    outer loop
      vertex -27.568148347421864 -0.5176380902050415 12.590000000000003
      vertex -27.568148347421864 -0.5176380902050415 19.600000000000005
      vertex -27.517110277252378 -0.26105238444010315 12.590000000000003
    endloop
  endfacet
  facet normal -0.9978589232386037 0.06540312923013906 0
    outer loop
      vertex -27.517110277252378 -0.26105238444010315 12.590000000000003
      vertex -27.517110277252378 -0.26105238444010315 19.600000000000005
      vertex -27.5 0 12.590000000000003
    endloop
  endfacet
  facet normal 0.980785280403229 0.19509032201613605 0
    outer loop
      vertex -31.431851652578136 -0.5176380902050415 12.590000000000003
      vertex -31.482889722747622 -0.26105238444010315 19.600000000000005
      vertex -31.431851652578136 -0.5176380902050415 19.600000000000005
    endloop
  endfacet
  facet normal 0.9978589232386037 0.06540312923013906 0
    outer loop
      vertex -31.482889722747622 -0.26105238444010315 12.590000000000003
      vertex -31.5 0 19.600000000000005
      vertex -31.482889722747622 -0.26105238444010315 19.600000000000005
    endloop
  endfacet
  facet normal 0.9469301294951052 0.32143946530316253 0
    outer loop
      vertex -31.347759065022572 -0.7653668647301796 12.590000000000003
      vertex -31.431851652578136 -0.5176380902050415 19.600000000000005
      vertex -31.347759065022572 -0.7653668647301796 19.600000000000005
    endloop
  endfacet
  facet normal 0.8968727415326923 0.44228869021899336 0
    outer loop
      vertex -31.23205080756888 -1 12.590000000000003
      vertex -31.347759065022572 -0.7653668647301796 19.600000000000005
      vertex -31.23205080756888 -1 19.600000000000005
    endloop
  endfacet
  facet normal 0.8314696123025423 0.5555702330196066 0
    outer loop
      vertex -31.08670668058247 -1.2175228580174413 12.590000000000003
      vertex -31.23205080756888 -1 19.600000000000005
      vertex -31.08670668058247 -1.2175228580174413 19.600000000000005
    endloop
  endfacet
  facet normal 0.7518398074789797 0.6593458151000661 0
    outer loop
      vertex -30.914213562373096 -1.4142135623730951 12.590000000000003
      vertex -31.08670668058247 -1.2175228580174413 19.600000000000005
      vertex -30.914213562373096 -1.4142135623730951 19.600000000000005
    endloop
  endfacet
  facet normal 0.6593458151000697 0.7518398074789766 0
    outer loop
      vertex -30.717522858017443 -1.5867066805824703 12.590000000000003
      vertex -30.914213562373096 -1.4142135623730951 19.600000000000005
      vertex -30.717522858017443 -1.5867066805824703 19.600000000000005
    endloop
  endfacet
  facet normal 0.19509032201612853 0.9807852804032304 0
    outer loop
      vertex -29.761052384440102 -1.9828897227476208 12.590000000000003
      vertex -30.01763809020504 -1.9318516525781366 19.600000000000005
      vertex -29.761052384440102 -1.9828897227476208 19.600000000000005
    endloop
  endfacet
  facet normal 0.06540312923014352 0.9978589232386035 0
    outer loop
      vertex -29.5 -2 12.590000000000003
      vertex -29.761052384440102 -1.9828897227476208 19.600000000000005
      vertex -29.5 -2 19.600000000000005
    endloop
  endfacet
  facet normal 0.5555702330195996 0.8314696123025471 0
    outer loop
      vertex -30.5 -1.7320508075688772 12.590000000000003
      vertex -30.717522858017443 -1.5867066805824703 19.600000000000005
      vertex -30.5 -1.7320508075688772 19.600000000000005
    endloop
  endfacet
  facet normal 0.442288690219001 0.8968727415326885 0
    outer loop
      vertex -30.26536686473018 -1.8477590650225735 12.590000000000003
      vertex -30.5 -1.7320508075688772 19.600000000000005
      vertex -30.26536686473018 -1.8477590650225735 19.600000000000005
    endloop
  endfacet
  facet normal 0.3214394653031601 0.9469301294951061 0
    outer loop
      vertex -30.01763809020504 -1.9318516525781366 12.590000000000003
      vertex -30.26536686473018 -1.8477590650225735 19.600000000000005
      vertex -30.01763809020504 -1.9318516525781366 19.600000000000005
    endloop
  endfacet
  facet normal -0.06540312923014352 0.9978589232386035 0
    outer loop
      vertex -29.238947615559898 -1.9828897227476208 12.590000000000003
      vertex -29.5 -2 19.600000000000005
      vertex -29.238947615559898 -1.9828897227476208 19.600000000000005
    endloop
  endfacet
  facet normal -0.19509032201612853 0.9807852804032304 0
    outer loop
      vertex -28.98236190979496 -1.9318516525781366 12.590000000000003
      vertex -29.238947615559898 -1.9828897227476208 19.600000000000005
      vertex -28.98236190979496 -1.9318516525781366 19.600000000000005
    endloop
  endfacet
  facet normal -0.3214394653031601 0.9469301294951061 0
    outer loop
      vertex -28.73463313526982 -1.8477590650225735 12.590000000000003
      vertex -28.98236190979496 -1.9318516525781366 19.600000000000005
      vertex -28.73463313526982 -1.8477590650225735 19.600000000000005
    endloop
  endfacet
  facet normal -0.442288690219001 0.8968727415326885 0
    outer loop
      vertex -28.5 -1.7320508075688772 12.590000000000003
      vertex -28.73463313526982 -1.8477590650225735 19.600000000000005
      vertex -28.5 -1.7320508075688772 19.600000000000005
    endloop
  endfacet
  facet normal -0.5555702330195996 0.8314696123025471 0
    outer loop
      vertex -28.282477141982557 -1.5867066805824703 12.590000000000003
      vertex -28.5 -1.7320508075688772 19.600000000000005
      vertex -28.282477141982557 -1.5867066805824703 19.600000000000005
    endloop
  endfacet
  facet normal -0.6593458151000697 0.7518398074789766 0
    outer loop
      vertex -28.085786437626904 -1.4142135623730951 12.590000000000003
      vertex -28.282477141982557 -1.5867066805824703 19.600000000000005
      vertex -28.085786437626904 -1.4142135623730951 19.600000000000005
    endloop
  endfacet
  facet normal -0.7518398074789797 0.6593458151000661 0
    outer loop
      vertex -27.91329331941753 -1.2175228580174413 12.590000000000003
      vertex -28.085786437626904 -1.4142135623730951 19.600000000000005
      vertex -27.91329331941753 -1.2175228580174413 19.600000000000005
    endloop
  endfacet
  facet normal -0.8314696123025423 0.5555702330196066 0
    outer loop
      vertex -27.76794919243112 -1 12.590000000000003
      vertex -27.91329331941753 -1.2175228580174413 19.600000000000005
      vertex -27.76794919243112 -1 19.600000000000005
    endloop
  endfacet
  facet normal -0.8968727415326923 0.44228869021899336 0
    outer loop
      vertex -27.652240934977428 -0.7653668647301796 12.590000000000003
      vertex -27.76794919243112 -1 19.600000000000005
      vertex -27.652240934977428 -0.7653668647301796 19.600000000000005
    endloop
  endfacet
  facet normal -0.9469301294951052 0.32143946530316253 0
    outer loop
      vertex -27.568148347421864 -0.5176380902050415 12.590000000000003
      vertex -27.652240934977428 -0.7653668647301796 19.600000000000005
      vertex -27.568148347421864 -0.5176380902050415 19.600000000000005
    endloop
  endfacet
  facet normal -0.980785280403229 0.19509032201613605 0
    outer loop
      vertex -27.517110277252378 -0.26105238444010315 12.590000000000003
      vertex -27.568148347421864 -0.5176380902050415 19.600000000000005
      vertex -27.517110277252378 -0.26105238444010315 19.600000000000005
    endloop
  endfacet
  facet normal -0.9978589232386037 0.06540312923013906 -2.1785743328122753e-19
    outer loop
      vertex -27.517110277252378 -0.26105238444010315 19.600000000000005
      vertex -27.5 0 19.600000000000005
      vertex -27.5 0 12.590000000000003
    endloop
  endfacet
  facet normal 0 0 1
    outer loop
      vertex -31.482889722747622 -0.26105238444010315 12.590000000000003
      vertex -31.482889722747622 0.26105238444010315 12.590000000000003
      vertex -31.5 0 12.590000000000003
    endloop
  endfacet
  facet normal 0 0 1
    outer loop
      vertex -31.482889722747622 -0.26105238444010315 12.590000000000003
      vertex -31.431851652578136 0.5176380902050415 12.590000000000003
      vertex -31.482889722747622 0.26105238444010315 12.590000000000003
    endloop
  endfacet
  facet normal 0 0 1
    outer loop
      vertex -31.431851652578136 -0.5176380902050415 12.590000000000003
      vertex -31.347759065022572 0.7653668647301796 12.590000000000003
      vertex -31.431851652578136 0.5176380902050415 12.590000000000003
    endloop
  endfacet
  facet normal 0 0 1
    outer loop
      vertex -31.347759065022572 -0.7653668647301796 12.590000000000003
      vertex -31.23205080756888 1 12.590000000000003
      vertex -31.347759065022572 0.7653668647301796 12.590000000000003
    endloop
  endfacet
  facet normal 0 0 1
    outer loop
      vertex -31.23205080756888 -1 12.590000000000003
      vertex -31.08670668058247 1.2175228580174413 12.590000000000003
      vertex -31.23205080756888 1 12.590000000000003
    endloop
  endfacet
  facet normal 0 0 1
    outer loop
      vertex -31.08670668058247 -1.2175228580174413 12.590000000000003
      vertex -30.914213562373096 1.4142135623730951 12.590000000000003
      vertex -31.08670668058247 1.2175228580174413 12.590000000000003
    endloop
  endfacet
  facet normal 0 0 1
    outer loop
      vertex -30.914213562373096 -1.4142135623730951 12.590000000000003
      vertex -30.717522858017443 1.5867066805824703 12.590000000000003
      vertex -30.914213562373096 1.4142135623730951 12.590000000000003
    endloop
  endfacet
  facet normal 0 0 1
    outer loop
      vertex -30.717522858017443 -1.5867066805824703 12.590000000000003
      vertex -30.5 1.7320508075688772 12.590000000000003
      vertex -30.717522858017443 1.5867066805824703 12.590000000000003
    endloop
  endfacet
  facet normal 0 0 1
    outer loop
      vertex -30.5 -1.7320508075688772 12.590000000000003
      vertex -30.26536686473018 1.8477590650225735 12.590000000000003
      vertex -30.5 1.7320508075688772 12.590000000000003
    endloop
  endfacet
  facet normal 0 0 1
    outer loop
      vertex -30.26536686473018 -1.8477590650225735 12.590000000000003
      vertex -30.01763809020504 1.9318516525781366 12.590000000000003
      vertex -30.26536686473018 1.8477590650225735 12.590000000000003
    endloop
  endfacet
  facet normal 0 0 1
    outer loop
      vertex -30.01763809020504 -1.9318516525781366 12.590000000000003
      vertex -29.761052384440102 1.9828897227476208 12.590000000000003
      vertex -30.01763809020504 1.9318516525781366 12.590000000000003
    endloop
  endfacet
  facet normal 0 0 1
    outer loop
      vertex -29.761052384440102 -1.9828897227476208 12.590000000000003
      vertex -29.5 2 12.590000000000003
      vertex -29.761052384440102 1.9828897227476208 12.590000000000003
    endloop
  endfacet
  facet normal 0 0 1
    outer loop
      vertex -29.5 -2 12.590000000000003
      vertex -29.238947615559898 1.9828897227476208 12.590000000000003
      vertex -29.5 2 12.590000000000003
    endloop
  endfacet
  facet normal 0 0 1
    outer loop
      vertex -29.238947615559898 -1.9828897227476208 12.590000000000003
      vertex -28.98236190979496 1.9318516525781366 12.590000000000003
      vertex -29.238947615559898 1.9828897227476208 12.590000000000003
    endloop
  endfacet
  facet normal 0 0 1
    outer loop
      vertex -28.98236190979496 -1.9318516525781366 12.590000000000003
      vertex -28.73463313526982 1.8477590650225735 12.590000000000003
      vertex -28.98236190979496 1.9318516525781366 12.590000000000003
    endloop
  endfacet
  facet normal 0 0 1
    outer loop
      vertex -28.73463313526982 -1.8477590650225735 12.590000000000003
      vertex -28.5 1.7320508075688772 12.590000000000003
      vertex -28.73463313526982 1.8477590650225735 12.590000000000003
    endloop
  endfacet
  facet normal 0 0 1
    outer loop
      vertex -28.282477141982557 -1.5867066805824703 12.590000000000003
      vertex -28.085786437626904 1.4142135623730951 12.590000000000003
      vertex -28.282477141982557 1.5867066805824703 12.590000000000003
    endloop
  endfacet
  facet normal 0 0 1
    outer loop
      vertex -28.5 -1.7320508075688772 12.590000000000003
      vertex -28.282477141982557 1.5867066805824703 12.590000000000003
      vertex -28.5 1.7320508075688772 12.590000000000003
    endloop
  endfacet
  facet normal 0 0 1
    outer loop
      vertex -28.085786437626904 -1.4142135623730951 12.590000000000003
      vertex -27.91329331941753 1.2175228580174413 12.590000000000003
      vertex -28.085786437626904 1.4142135623730951 12.590000000000003
    endloop
  endfacet
  facet normal 0 0 1
    outer loop
      vertex -27.91329331941753 -1.2175228580174413 12.590000000000003
      vertex -27.76794919243112 1 12.590000000000003
      vertex -27.91329331941753 1.2175228580174413 12.590000000000003
    endloop
  endfacet
  facet normal 0 0 1
    outer loop
      vertex -27.652240934977428 -0.7653668647301796 12.590000000000003
      vertex -27.568148347421864 0.5176380902050415 12.590000000000003
      vertex -27.652240934977428 0.7653668647301796 12.590000000000003
    endloop
  endfacet
  facet normal 0 0 1
    outer loop
      vertex -27.76794919243112 -1 12.590000000000003
      vertex -27.652240934977428 0.7653668647301796 12.590000000000003
      vertex -27.76794919243112 1 12.590000000000003
    endloop
  endfacet
  facet normal 0 0 1
    outer loop
      vertex -27.568148347421864 -0.5176380902050415 12.590000000000003
      vertex -27.517110277252378 0.26105238444010315 12.590000000000003
      vertex -27.568148347421864 0.5176380902050415 12.590000000000003
    endloop
  endfacet
  facet normal 0 0 1
    outer loop
      vertex -27.517110277252378 -0.26105238444010315 12.590000000000003
      vertex -27.5 0 12.590000000000003
      vertex -27.517110277252378 0.26105238444010315 12.590000000000003
    endloop
  endfacet
  facet normal 0.9978589232386037 -0.06540312923013906 -2.1785743328122753e-19
    outer loop
      vertex -31.5 0 12.590000000000003
      vertex -31.482889722747622 0.26105238444010315 12.590000000000003
      vertex -31.482889722747622 0.26105238444010315 19.600000000000005
    endloop
  endfacet
  facet normal 0.980785280403229 -0.19509032201613605 4.7038904242736085e-19
    outer loop
      vertex -31.482889722747622 0.26105238444010315 12.590000000000003
      vertex -31.431851652578136 0.5176380902050415 12.590000000000003
      vertex -31.431851652578136 0.5176380902050415 19.600000000000005
    endloop
  endfacet
  facet normal 0.9469301294951052 -0.32143946530316253 9.114129621309043e-19
    outer loop
      vertex -31.431851652578136 0.5176380902050415 12.590000000000003
      vertex -31.347759065022572 0.7653668647301796 12.590000000000003
      vertex -31.347759065022572 0.7653668647301796 19.600000000000005
    endloop
  endfacet
  facet normal 0.8968727415326923 -0.44228869021899336 -2.05338496138266e-19
    outer loop
      vertex -31.347759065022572 0.7653668647301796 12.590000000000003
      vertex -31.23205080756888 1 12.590000000000003
      vertex -31.23205080756888 1 19.600000000000005
    endloop
  endfacet
  facet normal 0.8314696123025423 -0.5555702330196066 9.367187483208268e-19
    outer loop
      vertex -31.23205080756888 1 12.590000000000003
      vertex -31.08670668058247 1.2175228580174413 12.590000000000003
      vertex -31.08670668058247 1.2175228580174413 19.600000000000005
    endloop
  endfacet
  facet normal 0.7518398074789797 -0.6593458151000661 1.7141089562007674e-18
    outer loop
      vertex -31.08670668058247 1.2175228580174413 12.590000000000003
      vertex -30.914213562373096 1.4142135623730951 12.590000000000003
      vertex -30.914213562373096 1.4142135623730951 19.600000000000005
    endloop
  endfacet
  facet normal 0.6593458151000697 -0.7518398074789766 1.3780178660163282e-18
    outer loop
      vertex -30.914213562373096 1.4142135623730951 12.590000000000003
      vertex -30.717522858017443 1.5867066805824703 12.590000000000003
      vertex -30.717522858017443 1.5867066805824703 19.600000000000005
    endloop
  endfacet
  facet normal 0.5555702330195996 -0.8314696123025471 1.7699621934985878e-18
    outer loop
      vertex -30.717522858017443 1.5867066805824703 12.590000000000003
      vertex -30.5 1.7320508075688772 12.590000000000003
      vertex -30.5 1.7320508075688772 19.600000000000005
    endloop
  endfacet
  facet normal 0.442288690219001 -0.8968727415326885 3.74018806320557e-19
    outer loop
      vertex -30.5 1.7320508075688772 12.590000000000003
      vertex -30.26536686473018 1.8477590650225735 12.590000000000003
      vertex -30.26536686473018 1.8477590650225735 19.600000000000005
    endloop
  endfacet
  facet normal 0.3214394653031601 -0.9469301294951061 -7.385056564254678e-19
    outer loop
      vertex -30.26536686473018 1.8477590650225735 12.590000000000003
      vertex -30.01763809020504 1.9318516525781366 12.590000000000003
      vertex -30.01763809020504 1.9318516525781366 19.600000000000005
    endloop
  endfacet
  facet normal 0.19509032201612853 -0.9807852804032304 -6.045597882187827e-20
    outer loop
      vertex -30.01763809020504 1.9318516525781366 12.590000000000003
      vertex -29.761052384440102 1.9828897227476208 12.590000000000003
      vertex -29.761052384440102 1.9828897227476208 19.600000000000005
    endloop
  endfacet
  facet normal 0.06540312923014352 -0.9978589232386035 7.827567927012465e-20
    outer loop
      vertex -29.761052384440102 1.9828897227476208 12.590000000000003
      vertex -29.5 2 12.590000000000003
      vertex -29.5 2 19.600000000000005
    endloop
  endfacet
  facet normal -0.19509032201612853 -0.9807852804032304 0
    outer loop
      vertex -28.98236190979496 1.9318516525781366 12.590000000000003
      vertex -28.98236190979496 1.9318516525781366 19.600000000000005
      vertex -29.238947615559898 1.9828897227476208 12.590000000000003
    endloop
  endfacet
  facet normal -0.3214394653031601 -0.9469301294951061 7.385056564254678e-19
    outer loop
      vertex -28.98236190979496 1.9318516525781366 12.590000000000003
      vertex -28.73463313526982 1.8477590650225735 12.590000000000003
      vertex -28.73463313526982 1.8477590650225735 19.600000000000005
    endloop
  endfacet
  facet normal -0.442288690219001 -0.8968727415326885 -3.74018806320557e-19
    outer loop
      vertex -28.73463313526982 1.8477590650225735 12.590000000000003
      vertex -28.5 1.7320508075688772 12.590000000000003
      vertex -28.5 1.7320508075688772 19.600000000000005
    endloop
  endfacet
  facet normal -0.06540312923014352 -0.9978589232386035 -7.827567927012465e-20
    outer loop
      vertex -29.5 2 12.590000000000003
      vertex -29.238947615559898 1.9828897227476208 12.590000000000003
      vertex -29.238947615559898 1.9828897227476208 19.600000000000005
    endloop
  endfacet
  facet normal -0.5555702330195996 -0.8314696123025471 -1.7699621934985878e-18
    outer loop
      vertex -28.5 1.7320508075688772 12.590000000000003
      vertex -28.282477141982557 1.5867066805824703 12.590000000000003
      vertex -28.282477141982557 1.5867066805824703 19.600000000000005
    endloop
  endfacet
  facet normal -0.7518398074789797 -0.6593458151000661 -1.7141089562007674e-18
    outer loop
      vertex -28.085786437626904 1.4142135623730951 12.590000000000003
      vertex -27.91329331941753 1.2175228580174413 12.590000000000003
      vertex -27.91329331941753 1.2175228580174413 19.600000000000005
    endloop
  endfacet
  facet normal -0.6593458151000697 -0.7518398074789766 -1.3780178660163282e-18
    outer loop
      vertex -28.282477141982557 1.5867066805824703 12.590000000000003
      vertex -28.085786437626904 1.4142135623730951 12.590000000000003
      vertex -28.085786437626904 1.4142135623730951 19.600000000000005
    endloop
  endfacet
  facet normal -0.8968727415326923 -0.44228869021899336 0
    outer loop
      vertex -27.652240934977428 0.7653668647301796 12.590000000000003
      vertex -27.652240934977428 0.7653668647301796 19.600000000000005
      vertex -27.76794919243112 1 12.590000000000003
    endloop
  endfacet
  facet normal -0.9978589232386037 -0.06540312923013906 0
    outer loop
      vertex -27.5 0 12.590000000000003
      vertex -27.5 0 19.600000000000005
      vertex -27.517110277252378 0.26105238444010315 12.590000000000003
    endloop
  endfacet
  facet normal -0.980785280403229 -0.19509032201613605 0
    outer loop
      vertex -27.517110277252378 0.26105238444010315 12.590000000000003
      vertex -27.517110277252378 0.26105238444010315 19.600000000000005
      vertex -27.568148347421864 0.5176380902050415 12.590000000000003
    endloop
  endfacet
  facet normal -0.9469301294951052 -0.32143946530316253 -9.114129621309043e-19
    outer loop
      vertex -27.652240934977428 0.7653668647301796 12.590000000000003
      vertex -27.568148347421864 0.5176380902050415 12.590000000000003
      vertex -27.568148347421864 0.5176380902050415 19.600000000000005
    endloop
  endfacet
  facet normal -0.8314696123025423 -0.5555702330196066 -9.367187483208268e-19
    outer loop
      vertex -27.91329331941753 1.2175228580174413 12.590000000000003
      vertex -27.76794919243112 1 12.590000000000003
      vertex -27.76794919243112 1 19.600000000000005
    endloop
  endfacet
  facet normal 0.9978589232386037 -0.06540312923013906 0
    outer loop
      vertex -31.5 0 12.590000000000003
      vertex -31.482889722747622 0.26105238444010315 19.600000000000005
      vertex -31.5 0 19.600000000000005
    endloop
  endfacet
  facet normal 0.980785280403229 -0.19509032201613605 0
    outer loop
      vertex -31.482889722747622 0.26105238444010315 12.590000000000003
      vertex -31.431851652578136 0.5176380902050415 19.600000000000005
      vertex -31.482889722747622 0.26105238444010315 19.600000000000005
    endloop
  endfacet
  facet normal 0.9469301294951052 -0.32143946530316253 0
    outer loop
      vertex -31.431851652578136 0.5176380902050415 12.590000000000003
      vertex -31.347759065022572 0.7653668647301796 19.600000000000005
      vertex -31.431851652578136 0.5176380902050415 19.600000000000005
    endloop
  endfacet
  facet normal 0.8968727415326923 -0.44228869021899336 0
    outer loop
      vertex -31.347759065022572 0.7653668647301796 12.590000000000003
      vertex -31.23205080756888 1 19.600000000000005
      vertex -31.347759065022572 0.7653668647301796 19.600000000000005
    endloop
  endfacet
  facet normal 0.8314696123025423 -0.5555702330196066 0
    outer loop
      vertex -31.23205080756888 1 12.590000000000003
      vertex -31.08670668058247 1.2175228580174413 19.600000000000005
      vertex -31.23205080756888 1 19.600000000000005
    endloop
  endfacet
  facet normal 0.7518398074789797 -0.6593458151000661 0
    outer loop
      vertex -31.08670668058247 1.2175228580174413 12.590000000000003
      vertex -30.914213562373096 1.4142135623730951 19.600000000000005
      vertex -31.08670668058247 1.2175228580174413 19.600000000000005
    endloop
  endfacet
  facet normal 0.6593458151000697 -0.7518398074789766 0
    outer loop
      vertex -30.914213562373096 1.4142135623730951 12.590000000000003
      vertex -30.717522858017443 1.5867066805824703 19.600000000000005
      vertex -30.914213562373096 1.4142135623730951 19.600000000000005
    endloop
  endfacet
  facet normal 0.5555702330195996 -0.8314696123025471 0
    outer loop
      vertex -30.717522858017443 1.5867066805824703 12.590000000000003
      vertex -30.5 1.7320508075688772 19.600000000000005
      vertex -30.717522858017443 1.5867066805824703 19.600000000000005
    endloop
  endfacet
  facet normal 0.442288690219001 -0.8968727415326885 0
    outer loop
      vertex -30.5 1.7320508075688772 12.590000000000003
      vertex -30.26536686473018 1.8477590650225735 19.600000000000005
      vertex -30.5 1.7320508075688772 19.600000000000005
    endloop
  endfacet
  facet normal 0.3214394653031601 -0.9469301294951061 0
    outer loop
      vertex -30.26536686473018 1.8477590650225735 12.590000000000003
      vertex -30.01763809020504 1.9318516525781366 19.600000000000005
      vertex -30.26536686473018 1.8477590650225735 19.600000000000005
    endloop
  endfacet
  facet normal 0.19509032201612853 -0.9807852804032304 0
    outer loop
      vertex -30.01763809020504 1.9318516525781366 12.590000000000003
      vertex -29.761052384440102 1.9828897227476208 19.600000000000005
      vertex -30.01763809020504 1.9318516525781366 19.600000000000005
    endloop
  endfacet
  facet normal 0.06540312923014352 -0.9978589232386035 0
    outer loop
      vertex -29.761052384440102 1.9828897227476208 12.590000000000003
      vertex -29.5 2 19.600000000000005
      vertex -29.761052384440102 1.9828897227476208 19.600000000000005
    endloop
  endfacet
  facet normal -0.3214394653031601 -0.9469301294951061 0
    outer loop
      vertex -28.98236190979496 1.9318516525781366 12.590000000000003
      vertex -28.73463313526982 1.8477590650225735 19.600000000000005
      vertex -28.98236190979496 1.9318516525781366 19.600000000000005
    endloop
  endfacet
  facet normal -0.442288690219001 -0.8968727415326885 0
    outer loop
      vertex -28.73463313526982 1.8477590650225735 12.590000000000003
      vertex -28.5 1.7320508075688772 19.600000000000005
      vertex -28.73463313526982 1.8477590650225735 19.600000000000005
    endloop
  endfacet
  facet normal -0.06540312923014352 -0.9978589232386035 0
    outer loop
      vertex -29.5 2 12.590000000000003
      vertex -29.238947615559898 1.9828897227476208 19.600000000000005
      vertex -29.5 2 19.600000000000005
    endloop
  endfacet
  facet normal -0.19509032201612853 -0.9807852804032304 0
    outer loop
      vertex -29.238947615559898 1.9828897227476208 12.590000000000003
      vertex -28.98236190979496 1.9318516525781366 19.600000000000005
      vertex -29.238947615559898 1.9828897227476208 19.600000000000005
    endloop
  endfacet
  facet normal -0.5555702330195996 -0.8314696123025471 0
    outer loop
      vertex -28.5 1.7320508075688772 12.590000000000003
      vertex -28.282477141982557 1.5867066805824703 19.600000000000005
      vertex -28.5 1.7320508075688772 19.600000000000005
    endloop
  endfacet
  facet normal -0.6593458151000697 -0.7518398074789766 0
    outer loop
      vertex -28.282477141982557 1.5867066805824703 12.590000000000003
      vertex -28.085786437626904 1.4142135623730951 19.600000000000005
      vertex -28.282477141982557 1.5867066805824703 19.600000000000005
    endloop
  endfacet
  facet normal -0.7518398074789797 -0.6593458151000661 0
    outer loop
      vertex -28.085786437626904 1.4142135623730951 12.590000000000003
      vertex -27.91329331941753 1.2175228580174413 19.600000000000005
      vertex -28.085786437626904 1.4142135623730951 19.600000000000005
    endloop
  endfacet
  facet normal -0.9469301294951052 -0.32143946530316253 0
    outer loop
      vertex -27.652240934977428 0.7653668647301796 12.590000000000003
      vertex -27.568148347421864 0.5176380902050415 19.600000000000005
      vertex -27.652240934977428 0.7653668647301796 19.600000000000005
    endloop
  endfacet
  facet normal -0.8968727415326923 -0.44228869021899336 0
    outer loop
      vertex -27.76794919243112 1 12.590000000000003
      vertex -27.652240934977428 0.7653668647301796 19.600000000000005
      vertex -27.76794919243112 1 19.600000000000005
    endloop
  endfacet
  facet normal -0.9978589232386037 -0.06540312923013906 0
    outer loop
      vertex -27.517110277252378 0.26105238444010315 12.590000000000003
      vertex -27.5 0 19.600000000000005
      vertex -27.517110277252378 0.26105238444010315 19.600000000000005
    endloop
  endfacet
  facet normal -0.980785280403229 -0.19509032201613605 0
    outer loop
      vertex -27.568148347421864 0.5176380902050415 12.590000000000003
      vertex -27.517110277252378 0.26105238444010315 19.600000000000005
      vertex -27.568148347421864 0.5176380902050415 19.600000000000005
    endloop
  endfacet
  facet normal -0.8314696123025423 -0.5555702330196066 0
    outer loop
      vertex -27.91329331941753 1.2175228580174413 12.590000000000003
      vertex -27.76794919243112 1 19.600000000000005
      vertex -27.91329331941753 1.2175228580174413 19.600000000000005
    endloop
  endfacet
  facet normal 0 0 -1
    outer loop
      vertex -34.93155889213085 -55.54420953989029 0
      vertex -35 -54.5 0
      vertex -24.5 -45.5 0
    endloop
  endfacet
  facet normal 0 0 -1
    outer loop
      vertex -34.72740661352873 -56.57055236399174 0
      vertex -34.93155889213085 -55.54420953989029 0
      vertex -24.5 -45.5 0
    endloop
  endfacet
  facet normal 0 0 -1
    outer loop
      vertex -34.72740661352873 -56.57055236399174 0
      vertex -23.96715673059225 -48.178784027695656 0
      vertex -23.56217782944441 -49 0
    endloop
  endfacet
  facet normal 0 0 -1
    outer loop
      vertex -34.72740661352873 -56.57055236399174 0
      vertex -23.56217782944441 -49 0
      vertex -23.053473383188248 -49.761330001056194 0
    endloop
  endfacet
  facet normal 0 0 -1
    outer loop
      vertex -34.72740661352873 -56.57055236399174 0
      vertex -23.053473383188248 -49.761330001056194 0
      vertex -22.4497474655509 -50.4497474655509 0
    endloop
  endfacet
  facet normal 0 0 -1
    outer loop
      vertex -34.72740661352873 -56.57055236399174 0
      vertex -22.4497474655509 -50.4497474655509 0
      vertex -21.761330001056194 -51.05347338318825 0
    endloop
  endfacet
  facet normal 0 0 -1
    outer loop
      vertex -34.72740661352873 -56.57055236399174 0
      vertex -24.261480785906315 -47.311733312904835 0
      vertex -23.96715673059225 -48.178784027695656 0
    endloop
  endfacet
  facet normal 0 0 -1
    outer loop
      vertex -34.72740661352873 -56.57055236399174 0
      vertex -24.44011402875185 -46.413683347404 0
      vertex -24.261480785906315 -47.311733312904835 0
    endloop
  endfacet
  facet normal 0 0 -1
    outer loop
      vertex -34.72740661352873 -56.57055236399174 0
      vertex -24.5 -45.5 0
      vertex -24.44011402875185 -46.413683347404 0
    endloop
  endfacet
  facet normal 0 0 -1
    outer loop
      vertex -35 -54.5 0
      vertex -24.5 -10.5 0
      vertex -24.5 -45.5 0
    endloop
  endfacet
  facet normal 0 0 -1
    outer loop
      vertex -34.72740661352873 -56.57055236399174 0
      vertex -21.761330001056194 -51.05347338318825 0
      vertex -21 -51.56217782944441 0
    endloop
  endfacet
  facet normal 0 0 -1
    outer loop
      vertex -34.72740661352873 -56.57055236399174 0
      vertex -21 -51.56217782944441 0
      vertex -20.178784027695656 -51.96715673059225 0
    endloop
  endfacet
  facet normal 0 0 -1
    outer loop
      vertex -34.72740661352873 -56.57055236399174 0
      vertex -20.178784027695656 -51.96715673059225 0
      vertex -19.311733312904835 -52.261480785906315 0
    endloop
  endfacet
  facet normal 0 0 -1
    outer loop
      vertex -34.72740661352873 -56.57055236399174 0
      vertex -19.311733312904835 -52.261480785906315 0
      vertex -18.413683347404003 -52.44011402875185 0
    endloop
  endfacet
  facet normal 0 0 -1
    outer loop
      vertex -34.72740661352873 -56.57055236399174 0
      vertex -18.413683347404003 -52.44011402875185 0
      vertex -17.5 -52.5 0
    endloop
  endfacet
  facet normal 0 0 -1
    outer loop
      vertex -33.34682672470808 -59.370091430842876 0
      vertex -33.928203232586384 -58.5 0
      vertex 12 -58.5 0
    endloop
  endfacet
  facet normal 0 0 -1
    outer loop
      vertex -33.34682672470808 -59.370091430842876 0
      vertex 12 -58.5 0
      vertex -32.65685424953699 -60.15685424953699 0
    endloop
  endfacet
  facet normal 0 0 -1
    outer loop
      vertex -33.928203232586384 -58.5 0
      vertex -34.39103625714779 -57.561467461287975 0
      vertex 12 -58.5 0
    endloop
  endfacet
  facet normal 0 0 -1
    outer loop
      vertex -34.39103625714779 -57.561467461287975 0
      vertex -34.72740661352873 -56.57055236399174 0
      vertex 12 -55.5 0
    endloop
  endfacet
  facet normal -0.8314696119703845 -0.5555702335167158 0
    outer loop
      vertex -33.34682672470808 -59.370091430842876 0
      vertex -33.928203232586384 -58.5 22
      vertex -33.928203232586384 -58.5 0
    endloop
  endfacet
  facet normal -0.7518398069017458 -0.6593458157582754 0
    outer loop
      vertex -33.34682672470808 -59.370091430842876 0
      vertex -32.65685424953699 -60.15685424953699 0
      vertex -33.34682672470808 -59.370091430842876 22
    endloop
  endfacet
  facet normal -0.9469301276243139 -0.321439470814336 0
    outer loop
      vertex -34.39103625714779 -57.561467461287975 0
      vertex -34.72740661352873 -56.57055236399174 22
      vertex -34.72740661352873 -56.57055236399174 0
    endloop
  endfacet
  facet normal -0.8968727430815553 -0.44228868707820956 0
    outer loop
      vertex -33.928203232586384 -58.5 0
      vertex -34.39103625714779 -57.561467461287975 22
      vertex -34.39103625714779 -57.561467461287975 0
    endloop
  endfacet
  facet normal -0.9807852808206768 -0.19509031991748305 0
    outer loop
      vertex -34.72740661352873 -56.57055236399174 0
      vertex -34.93155889213085 -55.54420953989029 22
      vertex -34.93155889213085 -55.54420953989029 0
    endloop
  endfacet
  facet normal -0.9978589233184303 -0.06540312801222276 0
    outer loop
      vertex -34.93155889213085 -55.54420953989029 0
      vertex -35 -54.5 22
      vertex -35 -54.5 0
    endloop
  endfacet
  facet normal -0.6593458157582754 -0.7518398069017458 0
    outer loop
      vertex -31.870091430842876 -60.84682672470808 0
      vertex -32.65685424953699 -60.15685424953699 22
      vertex -32.65685424953699 -60.15685424953699 0
    endloop
  endfacet
  facet normal -0.5555702335167158 -0.8314696119703845 0
    outer loop
      vertex -31.870091430842876 -60.84682672470808 0
      vertex -31 -61.428203232586384 0
      vertex -31.870091430842876 -60.84682672470808 22
    endloop
  endfacet
  facet normal -0.44228868707820956 -0.8968727430815553 0
    outer loop
      vertex -31 -61.428203232586384 0
      vertex -30.061467461287975 -61.89103625714779 0
      vertex -31 -61.428203232586384 22
    endloop
  endfacet
  facet normal -0.321439470814336 -0.9469301276243139 0
    outer loop
      vertex -30.061467461287975 -61.89103625714779 0
      vertex -29.070552363991737 -62.22740661352873 0
      vertex -30.061467461287975 -61.89103625714779 22
    endloop
  endfacet
  facet normal -0.19509031991748305 -0.9807852808206768 0
    outer loop
      vertex -29.070552363991737 -62.22740661352873 0
      vertex -28.04420953989029 -62.43155889213085 0
      vertex -29.070552363991737 -62.22740661352873 22
    endloop
  endfacet
  facet normal -0.06540312801222276 -0.9978589233184303 0
    outer loop
      vertex -28.04420953989029 -62.43155889213085 0
      vertex -27 -62.5 0
      vertex -28.04420953989029 -62.43155889213085 22
    endloop
  endfacet
  facet normal 0 -1 0
    outer loop
      vertex -27 -62.5 0
      vertex -15.05 -62.5 15.2
      vertex -24.45 -62.5 15.2
    endloop
  endfacet
  facet normal 0 0 -1
    outer loop
      vertex -35 -54.5 0
      vertex -35 54.5 0
      vertex -24.5 -10.5 0
    endloop
  endfacet
  facet normal 0 0 -1
    outer loop
      vertex -24.261480785906315 -8.688266687095165 0
      vertex -23.96715673059225 7.821215972304344 0
      vertex -23.96715673059225 -7.821215972304344 0
    endloop
  endfacet
  facet normal 0 0 -1
    outer loop
      vertex -23.96715673059225 -7.821215972304344 0
      vertex -23.56217782944441 7 0
      vertex -23.56217782944441 -7 0
    endloop
  endfacet
  facet normal 0 0 -1
    outer loop
      vertex -23.56217782944441 -7 0
      vertex -23.053473383188248 6.238669998943806 0
      vertex -23.053473383188248 -6.238669998943806 0
    endloop
  endfacet
  facet normal 0 0 -1
    outer loop
      vertex -23.053473383188248 -6.238669998943806 0
      vertex -22.4497474655509 5.5502525344491005 0
      vertex -22.4497474655509 -5.5502525344491005 0
    endloop
  endfacet
  facet normal 0 0 -1
    outer loop
      vertex -22.4497474655509 -5.5502525344491005 0
      vertex -21.761330001056194 4.946526616811752 0
      vertex -21.761330001056194 -4.946526616811752 0
    endloop
  endfacet
  facet normal 0 0 -1
    outer loop
      vertex -21.761330001056194 -4.946526616811752 0
      vertex -21 4.437822170555592 0
      vertex -21 -4.437822170555592 0
    endloop
  endfacet
  facet normal 0 0 -1
    outer loop
      vertex -21 -4.437822170555592 0
      vertex -20.178784027695656 4.032843269407749 0
      vertex -20.178784027695656 -4.032843269407749 0
    endloop
  endfacet
  facet normal 0 0 -1
    outer loop
      vertex -20.178784027695656 -4.032843269407749 0
      vertex -19.311733312904835 3.738519214093685 0
      vertex -19.311733312904835 -3.738519214093685 0
    endloop
  endfacet
  facet normal 0 0 -1
    outer loop
      vertex -19.311733312904835 -3.738519214093685 0
      vertex -18.413683347404003 3.55988597124815 0
      vertex -18.413683347404003 -3.55988597124815 0
    endloop
  endfacet
  facet normal 0 0 -1
    outer loop
      vertex -18.413683347404003 -3.55988597124815 0
      vertex -17.5 3.5 0
      vertex -17.5 -3.5 0
    endloop
  endfacet
  facet normal 0 0 -1
    outer loop
      vertex -31.870091430842876 -60.84682672470808 0
      vertex -32.65685424953699 -60.15685424953699 0
      vertex 33.928203232586384 -58.5 0
    endloop
  endfacet
  facet normal 0 0 -1
    outer loop
      vertex -31.870091430842876 -60.84682672470808 0
      vertex 33.34682672470808 -59.370091430842876 0
      vertex -31 -61.428203232586384 0
    endloop
  endfacet
  facet normal 0 0 -1
    outer loop
      vertex -31 -61.428203232586384 0
      vertex 32.65685424953699 -60.15685424953699 0
      vertex -30.061467461287975 -61.89103625714779 0
    endloop
  endfacet
  facet normal 0 0 -1
    outer loop
      vertex -30.061467461287975 -61.89103625714779 0
      vertex 31.870091430842876 -60.84682672470808 0
      vertex -29.070552363991737 -62.22740661352873 0
    endloop
  endfacet
  facet normal 0 0 -1
    outer loop
      vertex -34.72740661352873 -56.57055236399174 0
      vertex -17.5 -52.5 0
      vertex 17.5 -52.5 0
    endloop
  endfacet
  facet normal 0 0 -1
    outer loop
      vertex -29.070552363991737 -62.22740661352873 0
      vertex 31 -61.428203232586384 0
      vertex -28.04420953989029 -62.43155889213085 0
    endloop
  endfacet
  facet normal 0 0 -1
    outer loop
      vertex -28.04420953989029 -62.43155889213085 0
      vertex 30.061467461287975 -61.89103625714779 0
      vertex -27 -62.5 0
    endloop
  endfacet
  facet normal 0 0 -1
    outer loop
      vertex -34.39103625714779 -57.561467461287975 0
      vertex 12 -55.5 0
      vertex 12 -58.5 0
    endloop
  endfacet
  facet normal 0 -1 0
    outer loop
      vertex -27 -62.5 0
      vertex 27 -62.5 0
      vertex -15.05 -62.5 15.2
    endloop
  endfacet
  facet normal -0.8314696119703845 -0.5555702335167158 0
    outer loop
      vertex -33.34682672470808 -59.370091430842876 0
      vertex -33.34682672470808 -59.370091430842876 22
      vertex -33.928203232586384 -58.5 22
    endloop
  endfacet
  facet normal -0.7518398069017458 -0.6593458157582754 0
    outer loop
      vertex -32.65685424953699 -60.15685424953699 0
      vertex -32.65685424953699 -60.15685424953699 22
      vertex -33.34682672470808 -59.370091430842876 22
    endloop
  endfacet
  facet normal -0.9469301276243139 -0.321439470814336 0
    outer loop
      vertex -34.39103625714779 -57.561467461287975 0
      vertex -34.39103625714779 -57.561467461287975 22
      vertex -34.72740661352873 -56.57055236399174 22
    endloop
  endfacet
  facet normal -0.8968727430815553 -0.44228868707820956 0
    outer loop
      vertex -33.928203232586384 -58.5 0
      vertex -33.928203232586384 -58.5 22
      vertex -34.39103625714779 -57.561467461287975 22
    endloop
  endfacet
  facet normal -0.9807852808206768 -0.19509031991748305 0
    outer loop
      vertex -34.72740661352873 -56.57055236399174 0
      vertex -34.72740661352873 -56.57055236399174 22
      vertex -34.93155889213085 -55.54420953989029 22
    endloop
  endfacet
  facet normal -0.9978589233184303 -0.06540312801222276 0
    outer loop
      vertex -34.93155889213085 -55.54420953989029 0
      vertex -34.93155889213085 -55.54420953989029 22
      vertex -35 -54.5 22
    endloop
  endfacet
  facet normal -0.6593458157582754 -0.7518398069017458 0
    outer loop
      vertex -31.870091430842876 -60.84682672470808 0
      vertex -31.870091430842876 -60.84682672470808 22
      vertex -32.65685424953699 -60.15685424953699 22
    endloop
  endfacet
  facet normal -0.5555702335167158 -0.8314696119703845 0
    outer loop
      vertex -31 -61.428203232586384 0
      vertex -31 -61.428203232586384 22
      vertex -31.870091430842876 -60.84682672470808 22
    endloop
  endfacet
  facet normal -0.44228868707820956 -0.8968727430815553 0
    outer loop
      vertex -30.061467461287975 -61.89103625714779 0
      vertex -30.061467461287975 -61.89103625714779 22
      vertex -31 -61.428203232586384 22
    endloop
  endfacet
  facet normal -0.321439470814336 -0.9469301276243139 0
    outer loop
      vertex -29.070552363991737 -62.22740661352873 0
      vertex -29.070552363991737 -62.22740661352873 22
      vertex -30.061467461287975 -61.89103625714779 22
    endloop
  endfacet
  facet normal -0.19509031991748305 -0.9807852808206768 0
    outer loop
      vertex -28.04420953989029 -62.43155889213085 0
      vertex -28.04420953989029 -62.43155889213085 22
      vertex -29.070552363991737 -62.22740661352873 22
    endloop
  endfacet
  facet normal -0.06540312801222276 -0.9978589233184303 0
    outer loop
      vertex -27 -62.5 0
      vertex -27 -62.5 22
      vertex -28.04420953989029 -62.43155889213085 22
    endloop
  endfacet
  facet normal 0 -1 0
    outer loop
      vertex -27 -62.5 0
      vertex -24.45 -62.5 15.2
      vertex -24.45 -62.5 18.8
    endloop
  endfacet
  facet normal 0 -1 0
    outer loop
      vertex -27 -62.5 0
      vertex -24.45 -62.5 18.8
      vertex -27 -62.5 22
    endloop
  endfacet
  facet normal 0 0 1
    outer loop
      vertex -33.928203232586384 -58.5 22
      vertex -31.849742263555527 -57.29999999701977 22
      vertex -34.39103625714779 -57.561467461287975 22
    endloop
  endfacet
  facet normal 0 0 1
    outer loop
      vertex -34.39103625714779 -57.561467461287975 22
      vertex -32.409184627234936 -55.94938665628433 22
      vertex -34.72740661352873 -56.57055236399174 22
    endloop
  endfacet
  facet normal 0 0 1
    outer loop
      vertex -33.34682672470808 -59.370091430842876 22
      vertex -31.442778706550598 -57.90906400233507 22
      vertex -33.928203232586384 -58.5 22
    endloop
  endfacet
  facet normal 0 0 1
    outer loop
      vertex -34.39103625714779 -57.561467461287975 22
      vertex -32.17372538149357 -56.64302722364664 22
      vertex -32.409184627234936 -55.94938665628433 22
    endloop
  endfacet
  facet normal 0 0 1
    outer loop
      vertex -34.72740661352873 -56.57055236399174 22
      vertex -32.409184627234936 -55.94938665628433 22
      vertex -32.55209122598171 -55.23094667494297 22
    endloop
  endfacet
  facet normal 0 0 1
    outer loop
      vertex -34.72740661352873 -56.57055236399174 22
      vertex -32.55209122598171 -55.23094667494297 22
      vertex -32.600000001490116 -54.5 22
    endloop
  endfacet
  facet normal 0 0 1
    outer loop
      vertex -33.34682672470808 -59.370091430842876 22
      vertex -32.65685424953699 -60.15685424953699 22
      vertex -30.40906400233507 -58.9427787065506 22
    endloop
  endfacet
  facet normal 0 0 1
    outer loop
      vertex -33.34682672470808 -59.370091430842876 22
      vertex -30.40906400233507 -58.9427787065506 22
      vertex -30.959797970950603 -58.4597979709506 22
    endloop
  endfacet
  facet normal 0 0 1
    outer loop
      vertex -31.870091430842876 -60.84682672470808 22
      vertex -28.449386656284332 -59.909184627234936 22
      vertex -32.65685424953699 -60.15685424953699 22
    endloop
  endfacet
  facet normal 0 0 1
    outer loop
      vertex -32.65685424953699 -60.15685424953699 22
      vertex -29.799999997019768 -59.34974226355553 22
      vertex -30.40906400233507 -58.9427787065506 22
    endloop
  endfacet
  facet normal 0 0 1
    outer loop
      vertex -33.928203232586384 -58.5 22
      vertex -31.442778706550598 -57.90906400233507 22
      vertex -31.849742263555527 -57.29999999701977 22
    endloop
  endfacet
  facet normal 0 0 1
    outer loop
      vertex -34.39103625714779 -57.561467461287975 22
      vertex -31.849742263555527 -57.29999999701977 22
      vertex -32.17372538149357 -56.64302722364664 22
    endloop
  endfacet
  facet normal 0 0 1
    outer loop
      vertex -33.34682672470808 -59.370091430842876 22
      vertex -30.959797970950603 -58.4597979709506 22
      vertex -31.442778706550598 -57.90906400233507 22
    endloop
  endfacet
  facet normal 0 0 1
    outer loop
      vertex -31.870091430842876 -60.84682672470808 22
      vertex -31 -61.428203232586384 22
      vertex -27 -60.100000001490116 22
    endloop
  endfacet
  facet normal 0 0 1
    outer loop
      vertex -32.65685424953699 -60.15685424953699 22
      vertex -29.14302722364664 -59.67372538149357 22
      vertex -29.799999997019768 -59.34974226355553 22
    endloop
  endfacet
  facet normal 0 0 1
    outer loop
      vertex -32.65685424953699 -60.15685424953699 22
      vertex -28.449386656284332 -59.909184627234936 22
      vertex -29.14302722364664 -59.67372538149357 22
    endloop
  endfacet
  facet normal 0 0 1
    outer loop
      vertex -31.870091430842876 -60.84682672470808 22
      vertex -27.73094667494297 -60.05209122598171 22
      vertex -28.449386656284332 -59.909184627234936 22
    endloop
  endfacet
  facet normal 0 0 1
    outer loop
      vertex -31.870091430842876 -60.84682672470808 22
      vertex -27 -60.100000001490116 22
      vertex -27.73094667494297 -60.05209122598171 22
    endloop
  endfacet
  facet normal 0 -1 0
    outer loop
      vertex -27 -62.5 22
      vertex -24.45 -62.5 18.8
      vertex -15.05 -62.5 18.8
    endloop
  endfacet
  facet normal -1 0 0
    outer loop
      vertex -35 -54.5 0
      vertex -35 -54.5 22
      vertex -35 54.5 22
    endloop
  endfacet
  facet normal 0 0 1
    outer loop
      vertex -34.72740661352873 -56.57055236399174 22
      vertex -32.600000001490116 54.5 22
      vertex -34.93155889213085 -55.54420953989029 22
    endloop
  endfacet
  facet normal 0 0 1
    outer loop
      vertex -34.93155889213085 -55.54420953989029 22
      vertex -32.600000001490116 54.5 22
      vertex -35 -54.5 22
    endloop
  endfacet
  facet normal 0 0 1
    outer loop
      vertex -34.72740661352873 -56.57055236399174 22
      vertex -32.600000001490116 -54.5 22
      vertex -32.600000001490116 54.5 22
    endloop
  endfacet
  facet normal 0 0 1
    outer loop
      vertex -31 -61.428203232586384 22
      vertex -30.061467461287975 -61.89103625714779 22
      vertex 32.65685424953699 -60.15685424953699 22
    endloop
  endfacet
  facet normal 0 0 1
    outer loop
      vertex -30.061467461287975 -61.89103625714779 22
      vertex -29.070552363991737 -62.22740661352873 22
      vertex 31.870091430842876 -60.84682672470808 22
    endloop
  endfacet
  facet normal 0 -1 0
    outer loop
      vertex 27 -62.5 22
      vertex -15.05 -62.5 18.8
      vertex -15.05 -62.5 15.2
    endloop
  endfacet
  facet normal 0 0 1
    outer loop
      vertex -29.070552363991737 -62.22740661352873 22
      vertex -28.04420953989029 -62.43155889213085 22
      vertex 31 -61.428203232586384 22
    endloop
  endfacet
  facet normal 0 0 1
    outer loop
      vertex -28.04420953989029 -62.43155889213085 22
      vertex -27 -62.5 22
      vertex 30.061467461287975 -61.89103625714779 22
    endloop
  endfacet
  facet normal 0 0 1
    outer loop
      vertex -31 -61.428203232586384 22
      vertex 32.65685424953699 -60.15685424953699 22
      vertex -27 -60.100000001490116 22
    endloop
  endfacet
  facet normal 0 -1 0
    outer loop
      vertex -27 -62.5 22
      vertex -15.05 -62.5 18.8
      vertex 27 -62.5 22
    endloop
  endfacet
  facet normal 0 0 -1
    outer loop
      vertex -35 54.5 0
      vertex -24.44011402875185 -9.586316652595997 0
      vertex -24.5 -10.5 0
    endloop
  endfacet
  facet normal 0 0 -1
    outer loop
      vertex -35 54.5 0
      vertex -24.261480785906315 -8.688266687095165 0
      vertex -24.44011402875185 -9.586316652595997 0
    endloop
  endfacet
  facet normal 0 0 -1
    outer loop
      vertex -35 54.5 0
      vertex -24.261480785906315 8.688266687095165 0
      vertex -24.261480785906315 -8.688266687095165 0
    endloop
  endfacet
  facet normal 0 0 -1
    outer loop
      vertex -35 54.5 0
      vertex -24.44011402875185 9.586316652595997 0
      vertex -24.261480785906315 8.688266687095165 0
    endloop
  endfacet
  facet normal 0 0 -1
    outer loop
      vertex -35 54.5 0
      vertex -24.5 10.5 0
      vertex -24.44011402875185 9.586316652595997 0
    endloop
  endfacet
  facet normal 0 0 -1
    outer loop
      vertex -24.261480785906315 -8.688266687095165 0
      vertex -24.261480785906315 8.688266687095165 0
      vertex -23.96715673059225 7.821215972304344 0
    endloop
  endfacet
  facet normal 0 0 -1
    outer loop
      vertex -23.96715673059225 -7.821215972304344 0
      vertex -23.96715673059225 7.821215972304344 0
      vertex -23.56217782944441 7 0
    endloop
  endfacet
  facet normal 0 0 -1
    outer loop
      vertex -23.56217782944441 -7 0
      vertex -23.56217782944441 7 0
      vertex -23.053473383188248 6.238669998943806 0
    endloop
  endfacet
  facet normal 0 0 -1
    outer loop
      vertex -23.053473383188248 -6.238669998943806 0
      vertex -23.053473383188248 6.238669998943806 0
      vertex -22.4497474655509 5.5502525344491005 0
    endloop
  endfacet
  facet normal 0 0 -1
    outer loop
      vertex -22.4497474655509 -5.5502525344491005 0
      vertex -22.4497474655509 5.5502525344491005 0
      vertex -21.761330001056194 4.946526616811752 0
    endloop
  endfacet
  facet normal 0 0 -1
    outer loop
      vertex -21.761330001056194 -4.946526616811752 0
      vertex -21.761330001056194 4.946526616811752 0
      vertex -21 4.437822170555592 0
    endloop
  endfacet
  facet normal 0 0 -1
    outer loop
      vertex -21 -4.437822170555592 0
      vertex -21 4.437822170555592 0
      vertex -20.178784027695656 4.032843269407749 0
    endloop
  endfacet
  facet normal 0 0 -1
    outer loop
      vertex -20.178784027695656 -4.032843269407749 0
      vertex -20.178784027695656 4.032843269407749 0
      vertex -19.311733312904835 3.738519214093685 0
    endloop
  endfacet
  facet normal 0 0 -1
    outer loop
      vertex -19.311733312904835 -3.738519214093685 0
      vertex -19.311733312904835 3.738519214093685 0
      vertex -18.413683347404003 3.55988597124815 0
    endloop
  endfacet
  facet normal 0 0 -1
    outer loop
      vertex -18.413683347404003 3.55988597124815 0
      vertex -17.5 3.5 0
      vertex -18.413683347404003 -3.55988597124815 0
    endloop
  endfacet
  facet normal -1 0 0
    outer loop
      vertex -35 -54.5 0
      vertex -35 54.5 22
      vertex -35 54.5 0
    endloop
  endfacet
  facet normal 0 0 -1
    outer loop
      vertex -35 54.5 0
      vertex -24.5 45.5 0
      vertex -24.5 10.5 0
    endloop
  endfacet
  facet normal 0 0 -1
    outer loop
      vertex -35 54.5 0
      vertex -24.44011402875185 46.413683347404 0
      vertex -24.5 45.5 0
    endloop
  endfacet
  facet normal 0 0 -1
    outer loop
      vertex -35 54.5 0
      vertex -24.261480785906315 47.311733312904835 0
      vertex -24.44011402875185 46.413683347404 0
    endloop
  endfacet
  facet normal 0 0 -1
    outer loop
      vertex -35 54.5 0
      vertex -23.96715673059225 48.178784027695656 0
      vertex -24.261480785906315 47.311733312904835 0
    endloop
  endfacet
  facet normal 0 0 -1
    outer loop
      vertex -35 54.5 0
      vertex -23.56217782944441 49 0
      vertex -23.96715673059225 48.178784027695656 0
    endloop
  endfacet
  facet normal 0 0 -1
    outer loop
      vertex -35 54.5 0
      vertex -23.053473383188248 49.761330001056194 0
      vertex -23.56217782944441 49 0
    endloop
  endfacet
  facet normal 0 0 -1
    outer loop
      vertex -35 54.5 0
      vertex -22.4497474655509 50.4497474655509 0
      vertex -23.053473383188248 49.761330001056194 0
    endloop
  endfacet
  facet normal 0 0 -1
    outer loop
      vertex -35 54.5 0
      vertex -21.761330001056194 51.05347338318825 0
      vertex -22.4497474655509 50.4497474655509 0
    endloop
  endfacet
  facet normal 0 0 -1
    outer loop
      vertex -29.070552363991737 62.22740661352873 0
      vertex -28.04420953989029 62.43155889213085 0
      vertex -27 62.5 0
    endloop
  endfacet
  facet normal 0 0 -1
    outer loop
      vertex -35 54.5 0
      vertex -21 51.56217782944441 0
      vertex -21.761330001056194 51.05347338318825 0
    endloop
  endfacet
  facet normal 0 0 -1
    outer loop
      vertex -35 54.5 0
      vertex -20.178784027695656 51.96715673059225 0
      vertex -21 51.56217782944441 0
    endloop
  endfacet
  facet normal 0 0 -1
    outer loop
      vertex -35 54.5 0
      vertex -19.311733312904835 52.261480785906315 0
      vertex -20.178784027695656 51.96715673059225 0
    endloop
  endfacet
  facet normal 0 0 -1
    outer loop
      vertex -35 54.5 0
      vertex -18.413683347404003 52.44011402875185 0
      vertex -19.311733312904835 52.261480785906315 0
    endloop
  endfacet
  facet normal -0.9978589233184303 0.06540312801222276 0
    outer loop
      vertex -35 54.5 0
      vertex -34.93155889213085 55.54420953989029 22
      vertex -34.93155889213085 55.54420953989029 0
    endloop
  endfacet
  facet normal -0.9807852808206768 0.19509031991748305 0
    outer loop
      vertex -34.93155889213085 55.54420953989029 0
      vertex -34.72740661352873 56.57055236399174 22
      vertex -34.72740661352873 56.57055236399174 0
    endloop
  endfacet
  facet normal -0.9469301276243139 0.321439470814336 0
    outer loop
      vertex -34.72740661352873 56.57055236399174 0
      vertex -34.39103625714779 57.561467461287975 22
      vertex -34.39103625714779 57.561467461287975 0
    endloop
  endfacet
  facet normal -0.8968727430815553 0.44228868707820956 0
    outer loop
      vertex -34.39103625714779 57.561467461287975 0
      vertex -33.928203232586384 58.5 22
      vertex -33.928203232586384 58.5 0
    endloop
  endfacet
  facet normal -0.8314696119703845 0.5555702335167158 0
    outer loop
      vertex -33.928203232586384 58.5 0
      vertex -33.34682672470808 59.370091430842876 22
      vertex -33.34682672470808 59.370091430842876 0
    endloop
  endfacet
  facet normal -0.7518398069017458 0.6593458157582754 0
    outer loop
      vertex -33.34682672470808 59.370091430842876 0
      vertex -32.65685424953699 60.15685424953699 22
      vertex -32.65685424953699 60.15685424953699 0
    endloop
  endfacet
  facet normal -0.6593458157582754 0.7518398069017458 0
    outer loop
      vertex -32.65685424953699 60.15685424953699 0
      vertex -31.870091430842876 60.84682672470808 22
      vertex -31.870091430842876 60.84682672470808 0
    endloop
  endfacet
  facet normal -0.5555702335167158 0.8314696119703845 0
    outer loop
      vertex -31.870091430842876 60.84682672470808 0
      vertex -31 61.428203232586384 22
      vertex -31 61.428203232586384 0
    endloop
  endfacet
  facet normal -0.44228868707820956 0.8968727430815553 0
    outer loop
      vertex -31 61.428203232586384 0
      vertex -30.061467461287975 61.89103625714779 22
      vertex -30.061467461287975 61.89103625714779 0
    endloop
  endfacet
  facet normal -0.321439470814336 0.9469301276243139 0
    outer loop
      vertex -30.061467461287975 61.89103625714779 0
      vertex -29.070552363991737 62.22740661352873 22
      vertex -29.070552363991737 62.22740661352873 0
    endloop
  endfacet
  facet normal -0.19509031991748305 0.9807852808206768 0
    outer loop
      vertex -29.070552363991737 62.22740661352873 0
      vertex -28.04420953989029 62.43155889213085 22
      vertex -28.04420953989029 62.43155889213085 0
    endloop
  endfacet
  facet normal -0.06540312801222276 0.9978589233184303 0
    outer loop
      vertex -28.04420953989029 62.43155889213085 0
      vertex -27 62.5 22
      vertex -27 62.5 0
    endloop
  endfacet
  facet normal 0 0 -1
    outer loop
      vertex 17.5 3.5 0
      vertex -17.5 -3.5 0
      vertex -17.5 3.5 0
    endloop
  endfacet
  facet normal 0 0 -1
    outer loop
      vertex -35 54.5 0
      vertex -34.93155889213085 55.54420953989029 0
      vertex 34.39103625714779 57.561467461287975 0
    endloop
  endfacet
  facet normal 0 0 -1
    outer loop
      vertex -34.93155889213085 55.54420953989029 0
      vertex -34.72740661352873 56.57055236399174 0
      vertex 33.928203232586384 58.5 0
    endloop
  endfacet
  facet normal 0 0 -1
    outer loop
      vertex -34.72740661352873 56.57055236399174 0
      vertex -34.39103625714779 57.561467461287975 0
      vertex 33.34682672470808 59.370091430842876 0
    endloop
  endfacet
  facet normal 0 0 -1
    outer loop
      vertex -34.39103625714779 57.561467461287975 0
      vertex -33.928203232586384 58.5 0
      vertex 32.65685424953699 60.15685424953699 0
    endloop
  endfacet
  facet normal 0 0 -1
    outer loop
      vertex -33.928203232586384 58.5 0
      vertex -33.34682672470808 59.370091430842876 0
      vertex 31.870091430842876 60.84682672470808 0
    endloop
  endfacet
  facet normal 0 0 -1
    outer loop
      vertex -33.34682672470808 59.370091430842876 0
      vertex -32.65685424953699 60.15685424953699 0
      vertex 31 61.428203232586384 0
    endloop
  endfacet
  facet normal 0 0 -1
    outer loop
      vertex -32.65685424953699 60.15685424953699 0
      vertex -31.870091430842876 60.84682672470808 0
      vertex 30.061467461287975 61.89103625714779 0
    endloop
  endfacet
  facet normal 0 0 -1
    outer loop
      vertex -31.870091430842876 60.84682672470808 0
      vertex -31 61.428203232586384 0
      vertex 29.070552363991737 62.22740661352873 0
    endloop
  endfacet
  facet normal 0 0 -1
    outer loop
      vertex -31 61.428203232586384 0
      vertex -30.061467461287975 61.89103625714779 0
      vertex 28.04420953989029 62.43155889213085 0
    endloop
  endfacet
  facet normal 0 0 -1
    outer loop
      vertex -30.061467461287975 61.89103625714779 0
      vertex -29.070552363991737 62.22740661352873 0
      vertex 27 62.5 0
    endloop
  endfacet
  facet normal 0 0 -1
    outer loop
      vertex -29.070552363991737 62.22740661352873 0
      vertex -27 62.5 0
      vertex 27 62.5 0
    endloop
  endfacet
  facet normal 0 0 -1
    outer loop
      vertex -35 54.5 0
      vertex 34.72740661352873 56.57055236399174 0
      vertex -18.413683347404003 52.44011402875185 0
    endloop
  endfacet
  facet normal 0 0 -1
    outer loop
      vertex 34.72740661352873 56.57055236399174 0
      vertex -17.5 52.5 0
      vertex -18.413683347404003 52.44011402875185 0
    endloop
  endfacet
  facet normal 0 0 1
    outer loop
      vertex -35 -54.5 22
      vertex -32.600000001490116 54.5 22
      vertex -35 54.5 22
    endloop
  endfacet
  facet normal -0.9978589233184303 0.06540312801222276 0
    outer loop
      vertex -35 54.5 0
      vertex -35 54.5 22
      vertex -34.93155889213085 55.54420953989029 22
    endloop
  endfacet
  facet normal -0.9807852808206768 0.19509031991748305 0
    outer loop
      vertex -34.93155889213085 55.54420953989029 0
      vertex -34.93155889213085 55.54420953989029 22
      vertex -34.72740661352873 56.57055236399174 22
    endloop
  endfacet
  facet normal -0.9469301276243139 0.321439470814336 0
    outer loop
      vertex -34.72740661352873 56.57055236399174 0
      vertex -34.72740661352873 56.57055236399174 22
      vertex -34.39103625714779 57.561467461287975 22
    endloop
  endfacet
  facet normal -0.8968727430815553 0.44228868707820956 0
    outer loop
      vertex -34.39103625714779 57.561467461287975 0
      vertex -34.39103625714779 57.561467461287975 22
      vertex -33.928203232586384 58.5 22
    endloop
  endfacet
  facet normal -0.8314696119703845 0.5555702335167158 0
    outer loop
      vertex -33.928203232586384 58.5 0
      vertex -33.928203232586384 58.5 22
      vertex -33.34682672470808 59.370091430842876 22
    endloop
  endfacet
  facet normal -0.7518398069017458 0.6593458157582754 0
    outer loop
      vertex -33.34682672470808 59.370091430842876 0
      vertex -33.34682672470808 59.370091430842876 22
      vertex -32.65685424953699 60.15685424953699 22
    endloop
  endfacet
  facet normal -0.6593458157582754 0.7518398069017458 0
    outer loop
      vertex -32.65685424953699 60.15685424953699 0
      vertex -32.65685424953699 60.15685424953699 22
      vertex -31.870091430842876 60.84682672470808 22
    endloop
  endfacet
  facet normal -0.5555702335167158 0.8314696119703845 0
    outer loop
      vertex -31.870091430842876 60.84682672470808 0
      vertex -31.870091430842876 60.84682672470808 22
      vertex -31 61.428203232586384 22
    endloop
  endfacet
  facet normal -0.44228868707820956 0.8968727430815553 0
    outer loop
      vertex -31 61.428203232586384 0
      vertex -31 61.428203232586384 22
      vertex -30.061467461287975 61.89103625714779 22
    endloop
  endfacet
  facet normal -0.321439470814336 0.9469301276243139 0
    outer loop
      vertex -30.061467461287975 61.89103625714779 0
      vertex -30.061467461287975 61.89103625714779 22
      vertex -29.070552363991737 62.22740661352873 22
    endloop
  endfacet
  facet normal -0.19509031991748305 0.9807852808206768 0
    outer loop
      vertex -29.070552363991737 62.22740661352873 0
      vertex -29.070552363991737 62.22740661352873 22
      vertex -28.04420953989029 62.43155889213085 22
    endloop
  endfacet
  facet normal -0.06540312801222276 0.9978589233184303 0
    outer loop
      vertex -28.04420953989029 62.43155889213085 0
      vertex -28.04420953989029 62.43155889213085 22
      vertex -27 62.5 22
    endloop
  endfacet
  facet normal 0 0 1
    outer loop
      vertex -35 54.5 22
      vertex -32.55209122598171 55.23094667494297 22
      vertex -34.93155889213085 55.54420953989029 22
    endloop
  endfacet
  facet normal 0 0 1
    outer loop
      vertex -34.93155889213085 55.54420953989029 22
      vertex -32.409184627234936 55.94938665628433 22
      vertex -34.72740661352873 56.57055236399174 22
    endloop
  endfacet
  facet normal 0 0 1
    outer loop
      vertex -35 54.5 22
      vertex -32.600000001490116 54.5 22
      vertex -32.55209122598171 55.23094667494297 22
    endloop
  endfacet
  facet normal 0 0 1
    outer loop
      vertex -34.93155889213085 55.54420953989029 22
      vertex -32.55209122598171 55.23094667494297 22
      vertex -32.409184627234936 55.94938665628433 22
    endloop
  endfacet
  facet normal 0 0 1
    outer loop
      vertex -34.72740661352873 56.57055236399174 22
      vertex -32.409184627234936 55.94938665628433 22
      vertex -32.17372538149357 56.64302722364664 22
    endloop
  endfacet
  facet normal 0 0 1
    outer loop
      vertex -34.72740661352873 56.57055236399174 22
      vertex -31.849742263555527 57.29999999701977 22
      vertex -34.39103625714779 57.561467461287975 22
    endloop
  endfacet
  facet normal 0 0 1
    outer loop
      vertex -34.72740661352873 56.57055236399174 22
      vertex -32.17372538149357 56.64302722364664 22
      vertex -31.849742263555527 57.29999999701977 22
    endloop
  endfacet
  facet normal 0 0 1
    outer loop
      vertex -34.39103625714779 57.561467461287975 22
      vertex -31.442778706550598 57.90906400233507 22
      vertex -33.928203232586384 58.5 22
    endloop
  endfacet
  facet normal 0 0 1
    outer loop
      vertex -34.39103625714779 57.561467461287975 22
      vertex -31.849742263555527 57.29999999701977 22
      vertex -31.442778706550598 57.90906400233507 22
    endloop
  endfacet
  facet normal 0 0 1
    outer loop
      vertex -33.928203232586384 58.5 22
      vertex -31.442778706550598 57.90906400233507 22
      vertex -30.959797970950603 58.4597979709506 22
    endloop
  endfacet
  facet normal 0 0 1
    outer loop
      vertex -33.928203232586384 58.5 22
      vertex -30.40906400233507 58.9427787065506 22
      vertex -33.34682672470808 59.370091430842876 22
    endloop
  endfacet
  facet normal 0 0 1
    outer loop
      vertex -33.928203232586384 58.5 22
      vertex -30.959797970950603 58.4597979709506 22
      vertex -30.40906400233507 58.9427787065506 22
    endloop
  endfacet
  facet normal 0 0 1
    outer loop
      vertex -33.34682672470808 59.370091430842876 22
      vertex -30.40906400233507 58.9427787065506 22
      vertex -29.799999997019768 59.34974226355553 22
    endloop
  endfacet
  facet normal 0 0 1
    outer loop
      vertex -33.34682672470808 59.370091430842876 22
      vertex -29.14302722364664 59.67372538149357 22
      vertex -32.65685424953699 60.15685424953699 22
    endloop
  endfacet
  facet normal 0 0 1
    outer loop
      vertex -33.34682672470808 59.370091430842876 22
      vertex -29.799999997019768 59.34974226355553 22
      vertex -29.14302722364664 59.67372538149357 22
    endloop
  endfacet
  facet normal 0 0 1
    outer loop
      vertex -32.65685424953699 60.15685424953699 22
      vertex -29.14302722364664 59.67372538149357 22
      vertex -28.449386656284332 59.909184627234936 22
    endloop
  endfacet
  facet normal 0 0 1
    outer loop
      vertex -32.65685424953699 60.15685424953699 22
      vertex -28.449386656284332 59.909184627234936 22
      vertex -27.73094667494297 60.05209122598171 22
    endloop
  endfacet
  facet normal 0 0 1
    outer loop
      vertex -32.65685424953699 60.15685424953699 22
      vertex -27.73094667494297 60.05209122598171 22
      vertex -27 60.100000001490116 22
    endloop
  endfacet
  facet normal 0 0 1
    outer loop
      vertex -29.070552363991737 62.22740661352873 22
      vertex -27 62.5 22
      vertex -28.04420953989029 62.43155889213085 22
    endloop
  endfacet
  facet normal 0 1 0
    outer loop
      vertex -27 62.5 0
      vertex -27 62.5 22
      vertex 27 62.5 22
    endloop
  endfacet
  facet normal 0 0 1
    outer loop
      vertex -32.65685424953699 60.15685424953699 22
      vertex 30.061467461287975 61.89103625714779 22
      vertex -31.870091430842876 60.84682672470808 22
    endloop
  endfacet
  facet normal 0 0 1
    outer loop
      vertex -31.870091430842876 60.84682672470808 22
      vertex 29.070552363991737 62.22740661352873 22
      vertex -31 61.428203232586384 22
    endloop
  endfacet
  facet normal 0 0 1
    outer loop
      vertex -31 61.428203232586384 22
      vertex 28.04420953989029 62.43155889213085 22
      vertex -30.061467461287975 61.89103625714779 22
    endloop
  endfacet
  facet normal 0 0 1
    outer loop
      vertex -32.65685424953699 60.15685424953699 22
      vertex -27 60.100000001490116 22
      vertex 27 60.100000001490116 22
    endloop
  endfacet
  facet normal 0 0 1
    outer loop
      vertex -30.061467461287975 61.89103625714779 22
      vertex 27 62.5 22
      vertex -29.070552363991737 62.22740661352873 22
    endloop
  endfacet
  facet normal 0 0 1
    outer loop
      vertex -29.070552363991737 62.22740661352873 22
      vertex 27 62.5 22
      vertex -27 62.5 22
    endloop
  endfacet
  facet normal 0 0 -1
    outer loop
      vertex -32.65685424953699 -60.15685424953699 0
      vertex 12 -58.5 0
      vertex 28 -58.5 0
    endloop
  endfacet
  facet normal 0 0 -1
    outer loop
      vertex -34.72740661352873 -56.57055236399174 0
      vertex 35 -54.5 0
      vertex 12 -55.5 0
    endloop
  endfacet
  facet normal 0 0 -1
    outer loop
      vertex -34.72740661352873 -56.57055236399174 0
      vertex 17.5 -52.5 0
      vertex 18.413683347404003 -52.44011402875185 0
    endloop
  endfacet
  facet normal 0 0 -1
    outer loop
      vertex -34.72740661352873 -56.57055236399174 0
      vertex 18.413683347404003 -52.44011402875185 0
      vertex 35 -54.5 0
    endloop
  endfacet
  facet normal 0 0 -1
    outer loop
      vertex -27 -62.5 0
      vertex 29.070552363991737 -62.22740661352873 0
      vertex 27 -62.5 0
    endloop
  endfacet
  facet normal 0 0 -1
    outer loop
      vertex -32.65685424953699 -60.15685424953699 0
      vertex 28 -58.5 0
      vertex 33.928203232586384 -58.5 0
    endloop
  endfacet
  facet normal 0 0 -1
    outer loop
      vertex -27 -62.5 0
      vertex 30.061467461287975 -61.89103625714779 0
      vertex 29.070552363991737 -62.22740661352873 0
    endloop
  endfacet
  facet normal 0 0 -1
    outer loop
      vertex -28.04420953989029 -62.43155889213085 0
      vertex 31 -61.428203232586384 0
      vertex 30.061467461287975 -61.89103625714779 0
    endloop
  endfacet
  facet normal 0 0 -1
    outer loop
      vertex -29.070552363991737 -62.22740661352873 0
      vertex 31.870091430842876 -60.84682672470808 0
      vertex 31 -61.428203232586384 0
    endloop
  endfacet
  facet normal 0 0 -1
    outer loop
      vertex -30.061467461287975 -61.89103625714779 0
      vertex 32.65685424953699 -60.15685424953699 0
      vertex 31.870091430842876 -60.84682672470808 0
    endloop
  endfacet
  facet normal 0 0 -1
    outer loop
      vertex -31 -61.428203232586384 0
      vertex 33.34682672470808 -59.370091430842876 0
      vertex 32.65685424953699 -60.15685424953699 0
    endloop
  endfacet
  facet normal 0 0 -1
    outer loop
      vertex -31.870091430842876 -60.84682672470808 0
      vertex 33.928203232586384 -58.5 0
      vertex 33.34682672470808 -59.370091430842876 0
    endloop
  endfacet
  facet normal 0 0 -1
    outer loop
      vertex -17.5 -3.5 0
      vertex 17.5 3.5 0
      vertex 17.5 -3.5 0
    endloop
  endfacet
  facet normal 0 0 -1
    outer loop
      vertex 35 -54.5 0
      vertex 28 -55.5 0
      vertex 12 -55.5 0
    endloop
  endfacet
  facet normal 0 0 -1
    outer loop
      vertex 35 -54.5 0
      vertex 18.413683347404003 -52.44011402875185 0
      vertex 19.311733312904835 -52.261480785906315 0
    endloop
  endfacet
  facet normal 0 0 -1
    outer loop
      vertex 35 -54.5 0
      vertex 19.311733312904835 -52.261480785906315 0
      vertex 20.178784027695656 -51.96715673059225 0
    endloop
  endfacet
  facet normal 0 0 -1
    outer loop
      vertex 35 -54.5 0
      vertex 20.178784027695656 -51.96715673059225 0
      vertex 21 -51.56217782944441 0
    endloop
  endfacet
  facet normal 0 0 -1
    outer loop
      vertex 35 -54.5 0
      vertex 21 -51.56217782944441 0
      vertex 21.761330001056194 -51.05347338318825 0
    endloop
  endfacet
  facet normal 0 0 -1
    outer loop
      vertex 27 -62.5 0
      vertex 29.070552363991737 -62.22740661352873 0
      vertex 28.04420953989029 -62.43155889213085 0
    endloop
  endfacet
  facet normal 0 0 -1
    outer loop
      vertex 33.928203232586384 -58.5 0
      vertex 28 -58.5 0
      vertex 28 -55.5 0
    endloop
  endfacet
  facet normal 0 0 -1
    outer loop
      vertex 35 -54.5 0
      vertex 21.761330001056194 -51.05347338318825 0
      vertex 22.4497474655509 -50.4497474655509 0
    endloop
  endfacet
  facet normal 0 0 -1
    outer loop
      vertex 35 -54.5 0
      vertex 22.4497474655509 -50.4497474655509 0
      vertex 23.053473383188248 -49.761330001056194 0
    endloop
  endfacet
  facet normal 0 0 -1
    outer loop
      vertex 35 -54.5 0
      vertex 23.053473383188248 -49.761330001056194 0
      vertex 23.56217782944441 -49 0
    endloop
  endfacet
  facet normal 0 0 -1
    outer loop
      vertex 35 -54.5 0
      vertex 23.56217782944441 -49 0
      vertex 23.96715673059225 -48.178784027695656 0
    endloop
  endfacet
  facet normal 0 0 -1
    outer loop
      vertex 35 -54.5 0
      vertex 23.96715673059225 -48.178784027695656 0
      vertex 24.261480785906315 -47.311733312904835 0
    endloop
  endfacet
  facet normal 0 0 -1
    outer loop
      vertex 35 -54.5 0
      vertex 24.261480785906315 -47.311733312904835 0
      vertex 24.44011402875185 -46.413683347404 0
    endloop
  endfacet
  facet normal 0 0 -1
    outer loop
      vertex 35 -54.5 0
      vertex 24.44011402875185 -46.413683347404 0
      vertex 24.5 -45.5 0
    endloop
  endfacet
  facet normal 0 0 -1
    outer loop
      vertex 33.928203232586384 -58.5 0
      vertex 28 -55.5 0
      vertex 34.39103625714779 -57.561467461287975 0
    endloop
  endfacet
  facet normal 0 0 -1
    outer loop
      vertex 34.39103625714779 -57.561467461287975 0
      vertex 28 -55.5 0
      vertex 34.72740661352873 -56.57055236399174 0
    endloop
  endfacet
  facet normal 0 0 -1
    outer loop
      vertex 34.72740661352873 -56.57055236399174 0
      vertex 28 -55.5 0
      vertex 34.93155889213085 -55.54420953989029 0
    endloop
  endfacet
  facet normal 0 0 -1
    outer loop
      vertex 34.93155889213085 -55.54420953989029 0
      vertex 28 -55.5 0
      vertex 35 -54.5 0
    endloop
  endfacet
  facet normal 0 0 -1
    outer loop
      vertex 35 -54.5 0
      vertex 24.5 -45.5 0
      vertex 24.5 -10.5 0
    endloop
  endfacet
  facet normal 0.06540312801222276 -0.9978589233184303 0
    outer loop
      vertex 27 -62.5 0
      vertex 28.04420953989029 -62.43155889213085 0
      vertex 27 -62.5 22
    endloop
  endfacet
  facet normal 0.19509031991748305 -0.9807852808206768 0
    outer loop
      vertex 28.04420953989029 -62.43155889213085 0
      vertex 29.070552363991737 -62.22740661352873 0
      vertex 28.04420953989029 -62.43155889213085 22
    endloop
  endfacet
  facet normal 0.321439470814336 -0.9469301276243139 0
    outer loop
      vertex 29.070552363991737 -62.22740661352873 0
      vertex 30.061467461287975 -61.89103625714779 0
      vertex 29.070552363991737 -62.22740661352873 22
    endloop
  endfacet
  facet normal 0.44228868707820956 -0.8968727430815553 0
    outer loop
      vertex 30.061467461287975 -61.89103625714779 0
      vertex 31 -61.428203232586384 0
      vertex 30.061467461287975 -61.89103625714779 22
    endloop
  endfacet
  facet normal 0.5555702335167158 -0.8314696119703845 0
    outer loop
      vertex 31 -61.428203232586384 0
      vertex 31.870091430842876 -60.84682672470808 0
      vertex 31 -61.428203232586384 22
    endloop
  endfacet
  facet normal 0.6593458157582754 -0.7518398069017458 0
    outer loop
      vertex 31.870091430842876 -60.84682672470808 0
      vertex 32.65685424953699 -60.15685424953699 0
      vertex 31.870091430842876 -60.84682672470808 22
    endloop
  endfacet
  facet normal 0.7518398069017458 -0.6593458157582754 0
    outer loop
      vertex 32.65685424953699 -60.15685424953699 0
      vertex 33.34682672470808 -59.370091430842876 0
      vertex 32.65685424953699 -60.15685424953699 22
    endloop
  endfacet
  facet normal 0.8314696119703845 -0.5555702335167158 0
    outer loop
      vertex 33.34682672470808 -59.370091430842876 0
      vertex 33.928203232586384 -58.5 0
      vertex 33.34682672470808 -59.370091430842876 22
    endloop
  endfacet
  facet normal 0.8968727430815553 -0.44228868707820956 0
    outer loop
      vertex 33.928203232586384 -58.5 0
      vertex 34.39103625714779 -57.561467461287975 0
      vertex 33.928203232586384 -58.5 22
    endloop
  endfacet
  facet normal 0.9469301276243139 -0.321439470814336 0
    outer loop
      vertex 34.39103625714779 -57.561467461287975 0
      vertex 34.72740661352873 -56.57055236399174 0
      vertex 34.39103625714779 -57.561467461287975 22
    endloop
  endfacet
  facet normal 0.9807852808206768 -0.19509031991748305 0
    outer loop
      vertex 34.72740661352873 -56.57055236399174 0
      vertex 34.93155889213085 -55.54420953989029 0
      vertex 34.72740661352873 -56.57055236399174 22
    endloop
  endfacet
  facet normal 0.9978589233184303 -0.06540312801222276 0
    outer loop
      vertex 34.93155889213085 -55.54420953989029 0
      vertex 35 -54.5 0
      vertex 34.93155889213085 -55.54420953989029 22
    endloop
  endfacet
  facet normal 0 0 -1
    outer loop
      vertex 17.5 -3.5 0
      vertex 18.413683347404003 3.55988597124815 0
      vertex 18.413683347404003 -3.55988597124815 0
    endloop
  endfacet
  facet normal 0 0 -1
    outer loop
      vertex 18.413683347404003 -3.55988597124815 0
      vertex 19.311733312904835 3.738519214093685 0
      vertex 19.311733312904835 -3.738519214093685 0
    endloop
  endfacet
  facet normal 0 0 -1
    outer loop
      vertex 19.311733312904835 -3.738519214093685 0
      vertex 20.178784027695656 4.032843269407749 0
      vertex 20.178784027695656 -4.032843269407749 0
    endloop
  endfacet
  facet normal 0 0 -1
    outer loop
      vertex 20.178784027695656 -4.032843269407749 0
      vertex 21 4.437822170555592 0
      vertex 21 -4.437822170555592 0
    endloop
  endfacet
  facet normal 0 0 -1
    outer loop
      vertex 21 -4.437822170555592 0
      vertex 21.761330001056194 4.946526616811752 0
      vertex 21.761330001056194 -4.946526616811752 0
    endloop
  endfacet
  facet normal 0 0 -1
    outer loop
      vertex 22.4497474655509 -5.5502525344491005 0
      vertex 21.761330001056194 -4.946526616811752 0
      vertex 22.4497474655509 5.5502525344491005 0
    endloop
  endfacet
  facet normal 0 0 -1
    outer loop
      vertex 22.4497474655509 -5.5502525344491005 0
      vertex 23.053473383188248 6.238669998943806 0
      vertex 23.053473383188248 -6.238669998943806 0
    endloop
  endfacet
  facet normal 0 0 -1
    outer loop
      vertex 23.053473383188248 -6.238669998943806 0
      vertex 23.56217782944441 7 0
      vertex 23.56217782944441 -7 0
    endloop
  endfacet
  facet normal 0 0 -1
    outer loop
      vertex 23.56217782944441 -7 0
      vertex 23.96715673059225 7.821215972304344 0
      vertex 23.96715673059225 -7.821215972304344 0
    endloop
  endfacet
  facet normal 0 0 -1
    outer loop
      vertex 23.96715673059225 -7.821215972304344 0
      vertex 24.261480785906315 8.688266687095165 0
      vertex 24.261480785906315 -8.688266687095165 0
    endloop
  endfacet
  facet normal 0 0 -1
    outer loop
      vertex 35 -54.5 0
      vertex 24.5 -10.5 0
      vertex 24.44011402875185 -9.586316652595997 0
    endloop
  endfacet
  facet normal 0 0 -1
    outer loop
      vertex 35 -54.5 0
      vertex 24.44011402875185 -9.586316652595997 0
      vertex 24.261480785906315 -8.688266687095165 0
    endloop
  endfacet
  facet normal 0 0 -1
    outer loop
      vertex 35 -54.5 0
      vertex 24.261480785906315 -8.688266687095165 0
      vertex 24.261480785906315 8.688266687095165 0
    endloop
  endfacet
  facet normal 0 0 -1
    outer loop
      vertex 35 -54.5 0
      vertex 24.261480785906315 8.688266687095165 0
      vertex 24.44011402875185 9.586316652595997 0
    endloop
  endfacet
  facet normal 0 0 -1
    outer loop
      vertex 35 -54.5 0
      vertex 24.44011402875185 9.586316652595997 0
      vertex 24.5 10.5 0
    endloop
  endfacet
  facet normal 1 0 0
    outer loop
      vertex 35 -54.5 0
      vertex 35 54.5 0
      vertex 35 -54.5 22
    endloop
  endfacet
  facet normal 0 -1 0
    outer loop
      vertex 27 -62.5 0
      vertex 27 -62.5 22
      vertex -15.05 -62.5 15.2
    endloop
  endfacet
  facet normal 0 0 1
    outer loop
      vertex -27 -62.5 22
      vertex 27 -62.5 22
      vertex 29.070552363991737 -62.22740661352873 22
    endloop
  endfacet
  facet normal 0 0 1
    outer loop
      vertex -27 -62.5 22
      vertex 29.070552363991737 -62.22740661352873 22
      vertex 30.061467461287975 -61.89103625714779 22
    endloop
  endfacet
  facet normal 0 0 1
    outer loop
      vertex -27 -60.100000001490116 22
      vertex 32.65685424953699 -60.15685424953699 22
      vertex 27 -60.100000001490116 22
    endloop
  endfacet
  facet normal 0 0 1
    outer loop
      vertex -28.04420953989029 -62.43155889213085 22
      vertex 30.061467461287975 -61.89103625714779 22
      vertex 31 -61.428203232586384 22
    endloop
  endfacet
  facet normal 0 0 1
    outer loop
      vertex -29.070552363991737 -62.22740661352873 22
      vertex 31 -61.428203232586384 22
      vertex 31.870091430842876 -60.84682672470808 22
    endloop
  endfacet
  facet normal 0 0 1
    outer loop
      vertex -30.061467461287975 -61.89103625714779 22
      vertex 31.870091430842876 -60.84682672470808 22
      vertex 32.65685424953699 -60.15685424953699 22
    endloop
  endfacet
  facet normal 0.06540312801222276 -0.9978589233184303 0
    outer loop
      vertex 28.04420953989029 -62.43155889213085 0
      vertex 28.04420953989029 -62.43155889213085 22
      vertex 27 -62.5 22
    endloop
  endfacet
  facet normal 0.19509031991748305 -0.9807852808206768 0
    outer loop
      vertex 29.070552363991737 -62.22740661352873 0
      vertex 29.070552363991737 -62.22740661352873 22
      vertex 28.04420953989029 -62.43155889213085 22
    endloop
  endfacet
  facet normal 0.321439470814336 -0.9469301276243139 0
    outer loop
      vertex 30.061467461287975 -61.89103625714779 0
      vertex 30.061467461287975 -61.89103625714779 22
      vertex 29.070552363991737 -62.22740661352873 22
    endloop
  endfacet
  facet normal 0.44228868707820956 -0.8968727430815553 0
    outer loop
      vertex 31 -61.428203232586384 0
      vertex 31 -61.428203232586384 22
      vertex 30.061467461287975 -61.89103625714779 22
    endloop
  endfacet
  facet normal 0.5555702335167158 -0.8314696119703845 0
    outer loop
      vertex 31.870091430842876 -60.84682672470808 0
      vertex 31.870091430842876 -60.84682672470808 22
      vertex 31 -61.428203232586384 22
    endloop
  endfacet
  facet normal 0.6593458157582754 -0.7518398069017458 0
    outer loop
      vertex 32.65685424953699 -60.15685424953699 0
      vertex 32.65685424953699 -60.15685424953699 22
      vertex 31.870091430842876 -60.84682672470808 22
    endloop
  endfacet
  facet normal 0.7518398069017458 -0.6593458157582754 0
    outer loop
      vertex 33.34682672470808 -59.370091430842876 0
      vertex 33.34682672470808 -59.370091430842876 22
      vertex 32.65685424953699 -60.15685424953699 22
    endloop
  endfacet
  facet normal 0.8314696119703845 -0.5555702335167158 0
    outer loop
      vertex 33.928203232586384 -58.5 0
      vertex 33.928203232586384 -58.5 22
      vertex 33.34682672470808 -59.370091430842876 22
    endloop
  endfacet
  facet normal 0.8968727430815553 -0.44228868707820956 0
    outer loop
      vertex 34.39103625714779 -57.561467461287975 0
      vertex 34.39103625714779 -57.561467461287975 22
      vertex 33.928203232586384 -58.5 22
    endloop
  endfacet
  facet normal 0.9469301276243139 -0.321439470814336 0
    outer loop
      vertex 34.72740661352873 -56.57055236399174 0
      vertex 34.72740661352873 -56.57055236399174 22
      vertex 34.39103625714779 -57.561467461287975 22
    endloop
  endfacet
  facet normal 0.9807852808206768 -0.19509031991748305 0
    outer loop
      vertex 34.93155889213085 -55.54420953989029 0
      vertex 34.93155889213085 -55.54420953989029 22
      vertex 34.72740661352873 -56.57055236399174 22
    endloop
  endfacet
  facet normal 0.9978589233184303 -0.06540312801222276 0
    outer loop
      vertex 35 -54.5 0
      vertex 35 -54.5 22
      vertex 34.93155889213085 -55.54420953989029 22
    endloop
  endfacet
  facet normal 0 0 1
    outer loop
      vertex 27 -62.5 22
      vertex 28.04420953989029 -62.43155889213085 22
      vertex 29.070552363991737 -62.22740661352873 22
    endloop
  endfacet
  facet normal 0 0 1
    outer loop
      vertex 27 -60.100000001490116 22
      vertex 32.65685424953699 -60.15685424953699 22
      vertex 27.73094667494297 -60.05209122598171 22
    endloop
  endfacet
  facet normal 0 0 1
    outer loop
      vertex 27.73094667494297 -60.05209122598171 22
      vertex 32.65685424953699 -60.15685424953699 22
      vertex 28.449386656284332 -59.909184627234936 22
    endloop
  endfacet
  facet normal 0 0 1
    outer loop
      vertex 28.449386656284332 -59.909184627234936 22
      vertex 32.65685424953699 -60.15685424953699 22
      vertex 29.14302722364664 -59.67372538149357 22
    endloop
  endfacet
  facet normal 0 0 1
    outer loop
      vertex 29.14302722364664 -59.67372538149357 22
      vertex 33.34682672470808 -59.370091430842876 22
      vertex 29.799999997019768 -59.34974226355553 22
    endloop
  endfacet
  facet normal 0 0 1
    outer loop
      vertex 29.14302722364664 -59.67372538149357 22
      vertex 32.65685424953699 -60.15685424953699 22
      vertex 33.34682672470808 -59.370091430842876 22
    endloop
  endfacet
  facet normal 0 0 1
    outer loop
      vertex 29.799999997019768 -59.34974226355553 22
      vertex 33.34682672470808 -59.370091430842876 22
      vertex 30.40906400233507 -58.9427787065506 22
    endloop
  endfacet
  facet normal 0 0 1
    outer loop
      vertex 30.40906400233507 -58.9427787065506 22
      vertex 33.928203232586384 -58.5 22
      vertex 30.959797970950603 -58.4597979709506 22
    endloop
  endfacet
  facet normal 0 0 1
    outer loop
      vertex 30.40906400233507 -58.9427787065506 22
      vertex 33.34682672470808 -59.370091430842876 22
      vertex 33.928203232586384 -58.5 22
    endloop
  endfacet
  facet normal 0 0 1
    outer loop
      vertex 30.959797970950603 -58.4597979709506 22
      vertex 33.928203232586384 -58.5 22
      vertex 31.442778706550598 -57.90906400233507 22
    endloop
  endfacet
  facet normal 0 0 1
    outer loop
      vertex 31.442778706550598 -57.90906400233507 22
      vertex 34.39103625714779 -57.561467461287975 22
      vertex 31.849742263555527 -57.29999999701977 22
    endloop
  endfacet
  facet normal 0 0 1
    outer loop
      vertex 31.442778706550598 -57.90906400233507 22
      vertex 33.928203232586384 -58.5 22
      vertex 34.39103625714779 -57.561467461287975 22
    endloop
  endfacet
  facet normal 0 0 1
    outer loop
      vertex 31.849742263555527 -57.29999999701977 22
      vertex 34.72740661352873 -56.57055236399174 22
      vertex 32.17372538149357 -56.64302722364664 22
    endloop
  endfacet
  facet normal 0 0 1
    outer loop
      vertex 31.849742263555527 -57.29999999701977 22
      vertex 34.39103625714779 -57.561467461287975 22
      vertex 34.72740661352873 -56.57055236399174 22
    endloop
  endfacet
  facet normal 0 0 1
    outer loop
      vertex 32.17372538149357 -56.64302722364664 22
      vertex 34.72740661352873 -56.57055236399174 22
      vertex 32.409184627234936 -55.94938665628433 22
    endloop
  endfacet
  facet normal 0 0 1
    outer loop
      vertex 32.409184627234936 -55.94938665628433 22
      vertex 34.93155889213085 -55.54420953989029 22
      vertex 32.55209122598171 -55.23094667494297 22
    endloop
  endfacet
  facet normal 0 0 1
    outer loop
      vertex 32.55209122598171 -55.23094667494297 22
      vertex 35 -54.5 22
      vertex 32.600000001490116 -54.5 22
    endloop
  endfacet
  facet normal 0 0 1
    outer loop
      vertex 32.409184627234936 -55.94938665628433 22
      vertex 34.72740661352873 -56.57055236399174 22
      vertex 34.93155889213085 -55.54420953989029 22
    endloop
  endfacet
  facet normal 0 0 1
    outer loop
      vertex 32.55209122598171 -55.23094667494297 22
      vertex 34.93155889213085 -55.54420953989029 22
      vertex 35 -54.5 22
    endloop
  endfacet
  facet normal 0 0 1
    outer loop
      vertex 32.600000001490116 -54.5 22
      vertex 35 -54.5 22
      vertex 35 54.5 22
    endloop
  endfacet
  facet normal 0 0 -1
    outer loop
      vertex -30.061467461287975 61.89103625714779 0
      vertex 27 62.5 0
      vertex 28.04420953989029 62.43155889213085 0
    endloop
  endfacet
  facet normal 0 0 -1
    outer loop
      vertex -31 61.428203232586384 0
      vertex 28.04420953989029 62.43155889213085 0
      vertex 29.070552363991737 62.22740661352873 0
    endloop
  endfacet
  facet normal 0 0 -1
    outer loop
      vertex 34.72740661352873 56.57055236399174 0
      vertex 17.5 52.5 0
      vertex -17.5 52.5 0
    endloop
  endfacet
  facet normal 0 0 -1
    outer loop
      vertex -34.72740661352873 56.57055236399174 0
      vertex 33.34682672470808 59.370091430842876 0
      vertex 33.928203232586384 58.5 0
    endloop
  endfacet
  facet normal 0 0 -1
    outer loop
      vertex -31.870091430842876 60.84682672470808 0
      vertex 29.070552363991737 62.22740661352873 0
      vertex 30.061467461287975 61.89103625714779 0
    endloop
  endfacet
  facet normal 0 0 -1
    outer loop
      vertex -32.65685424953699 60.15685424953699 0
      vertex 30.061467461287975 61.89103625714779 0
      vertex 31 61.428203232586384 0
    endloop
  endfacet
  facet normal 0 0 -1
    outer loop
      vertex -33.34682672470808 59.370091430842876 0
      vertex 31 61.428203232586384 0
      vertex 31.870091430842876 60.84682672470808 0
    endloop
  endfacet
  facet normal 0 0 -1
    outer loop
      vertex -33.928203232586384 58.5 0
      vertex 31.870091430842876 60.84682672470808 0
      vertex 32.65685424953699 60.15685424953699 0
    endloop
  endfacet
  facet normal 0 0 -1
    outer loop
      vertex -34.39103625714779 57.561467461287975 0
      vertex 32.65685424953699 60.15685424953699 0
      vertex 33.34682672470808 59.370091430842876 0
    endloop
  endfacet
  facet normal 0 0 -1
    outer loop
      vertex -35 54.5 0
      vertex 34.39103625714779 57.561467461287975 0
      vertex 34.72740661352873 56.57055236399174 0
    endloop
  endfacet
  facet normal 0 0 -1
    outer loop
      vertex -34.93155889213085 55.54420953989029 0
      vertex 33.928203232586384 58.5 0
      vertex 34.39103625714779 57.561467461287975 0
    endloop
  endfacet
  facet normal 0 1 0
    outer loop
      vertex -27 62.5 0
      vertex 27 62.5 22
      vertex 27 62.5 0
    endloop
  endfacet
  facet normal 0 0 -1
    outer loop
      vertex 17.5 3.5 0
      vertex 18.413683347404003 3.55988597124815 0
      vertex 17.5 -3.5 0
    endloop
  endfacet
  facet normal 0 0 -1
    outer loop
      vertex 18.413683347404003 -3.55988597124815 0
      vertex 18.413683347404003 3.55988597124815 0
      vertex 19.311733312904835 3.738519214093685 0
    endloop
  endfacet
  facet normal 0 0 -1
    outer loop
      vertex 20.178784027695656 4.032843269407749 0
      vertex 19.311733312904835 -3.738519214093685 0
      vertex 19.311733312904835 3.738519214093685 0
    endloop
  endfacet
  facet normal 0 0 -1
    outer loop
      vertex 20.178784027695656 -4.032843269407749 0
      vertex 20.178784027695656 4.032843269407749 0
      vertex 21 4.437822170555592 0
    endloop
  endfacet
  facet normal 0 0 -1
    outer loop
      vertex 21 -4.437822170555592 0
      vertex 21 4.437822170555592 0
      vertex 21.761330001056194 4.946526616811752 0
    endloop
  endfacet
  facet normal 0 0 -1
    outer loop
      vertex 22.4497474655509 5.5502525344491005 0
      vertex 21.761330001056194 -4.946526616811752 0
      vertex 21.761330001056194 4.946526616811752 0
    endloop
  endfacet
  facet normal 0 0 -1
    outer loop
      vertex 22.4497474655509 -5.5502525344491005 0
      vertex 22.4497474655509 5.5502525344491005 0
      vertex 23.053473383188248 6.238669998943806 0
    endloop
  endfacet
  facet normal 0 0 -1
    outer loop
      vertex 23.053473383188248 -6.238669998943806 0
      vertex 23.053473383188248 6.238669998943806 0
      vertex 23.56217782944441 7 0
    endloop
  endfacet
  facet normal 0 0 -1
    outer loop
      vertex 23.56217782944441 -7 0
      vertex 23.56217782944441 7 0
      vertex 23.96715673059225 7.821215972304344 0
    endloop
  endfacet
  facet normal 0 0 -1
    outer loop
      vertex 23.96715673059225 -7.821215972304344 0
      vertex 23.96715673059225 7.821215972304344 0
      vertex 24.261480785906315 8.688266687095165 0
    endloop
  endfacet
  facet normal 0 0 -1
    outer loop
      vertex 35 -54.5 0
      vertex 24.5 10.5 0
      vertex 35 54.5 0
    endloop
  endfacet
  facet normal 0 0 -1
    outer loop
      vertex 34.72740661352873 56.57055236399174 0
      vertex 18.413683347404003 52.44011402875185 0
      vertex 17.5 52.5 0
    endloop
  endfacet
  facet normal 0 0 -1
    outer loop
      vertex 34.72740661352873 56.57055236399174 0
      vertex 19.311733312904835 52.261480785906315 0
      vertex 18.413683347404003 52.44011402875185 0
    endloop
  endfacet
  facet normal 0 0 -1
    outer loop
      vertex 34.72740661352873 56.57055236399174 0
      vertex 20.178784027695656 51.96715673059225 0
      vertex 19.311733312904835 52.261480785906315 0
    endloop
  endfacet
  facet normal 0 0 -1
    outer loop
      vertex 34.72740661352873 56.57055236399174 0
      vertex 21 51.56217782944441 0
      vertex 20.178784027695656 51.96715673059225 0
    endloop
  endfacet
  facet normal 0 0 -1
    outer loop
      vertex 34.72740661352873 56.57055236399174 0
      vertex 21.761330001056194 51.05347338318825 0
      vertex 21 51.56217782944441 0
    endloop
  endfacet
  facet normal 0 0 -1
    outer loop
      vertex 35 54.5 0
      vertex 24.5 10.5 0
      vertex 24.5 45.5 0
    endloop
  endfacet
  facet normal 0 0 -1
    outer loop
      vertex 34.72740661352873 56.57055236399174 0
      vertex 24.5 45.5 0
      vertex 24.44011402875185 46.413683347404 0
    endloop
  endfacet
  facet normal 0 0 -1
    outer loop
      vertex 34.72740661352873 56.57055236399174 0
      vertex 24.44011402875185 46.413683347404 0
      vertex 24.261480785906315 47.311733312904835 0
    endloop
  endfacet
  facet normal 0 0 -1
    outer loop
      vertex 34.72740661352873 56.57055236399174 0
      vertex 24.261480785906315 47.311733312904835 0
      vertex 23.96715673059225 48.178784027695656 0
    endloop
  endfacet
  facet normal 0 0 -1
    outer loop
      vertex 34.72740661352873 56.57055236399174 0
      vertex 22.4497474655509 50.4497474655509 0
      vertex 21.761330001056194 51.05347338318825 0
    endloop
  endfacet
  facet normal 0 0 -1
    outer loop
      vertex 34.72740661352873 56.57055236399174 0
      vertex 23.053473383188248 49.761330001056194 0
      vertex 22.4497474655509 50.4497474655509 0
    endloop
  endfacet
  facet normal 0 0 -1
    outer loop
      vertex 34.72740661352873 56.57055236399174 0
      vertex 23.56217782944441 49 0
      vertex 23.053473383188248 49.761330001056194 0
    endloop
  endfacet
  facet normal 0 0 -1
    outer loop
      vertex 34.72740661352873 56.57055236399174 0
      vertex 23.96715673059225 48.178784027695656 0
      vertex 23.56217782944441 49 0
    endloop
  endfacet
  facet normal 0 0 -1
    outer loop
      vertex 34.93155889213085 55.54420953989029 0
      vertex 24.5 45.5 0
      vertex 34.72740661352873 56.57055236399174 0
    endloop
  endfacet
  facet normal 0 0 -1
    outer loop
      vertex 35 54.5 0
      vertex 24.5 45.5 0
      vertex 34.93155889213085 55.54420953989029 0
    endloop
  endfacet
  facet normal 0.06540312801222276 0.9978589233184303 0
    outer loop
      vertex 27 62.5 0
      vertex 28.04420953989029 62.43155889213085 22
      vertex 28.04420953989029 62.43155889213085 0
    endloop
  endfacet
  facet normal 0.19509031991748305 0.9807852808206768 0
    outer loop
      vertex 28.04420953989029 62.43155889213085 0
      vertex 29.070552363991737 62.22740661352873 22
      vertex 29.070552363991737 62.22740661352873 0
    endloop
  endfacet
  facet normal 0.321439470814336 0.9469301276243139 0
    outer loop
      vertex 29.070552363991737 62.22740661352873 0
      vertex 30.061467461287975 61.89103625714779 22
      vertex 30.061467461287975 61.89103625714779 0
    endloop
  endfacet
  facet normal 0.44228868707820956 0.8968727430815553 0
    outer loop
      vertex 30.061467461287975 61.89103625714779 0
      vertex 31 61.428203232586384 22
      vertex 31 61.428203232586384 0
    endloop
  endfacet
  facet normal 0.5555702335167158 0.8314696119703845 0
    outer loop
      vertex 31 61.428203232586384 0
      vertex 31.870091430842876 60.84682672470808 22
      vertex 31.870091430842876 60.84682672470808 0
    endloop
  endfacet
  facet normal 0.6593458157582754 0.7518398069017458 0
    outer loop
      vertex 32.65685424953699 60.15685424953699 0
      vertex 31.870091430842876 60.84682672470808 0
      vertex 32.65685424953699 60.15685424953699 22
    endloop
  endfacet
  facet normal 0.9978589233184303 0.06540312801222276 0
    outer loop
      vertex 35 54.5 0
      vertex 34.93155889213085 55.54420953989029 0
      vertex 35 54.5 22
    endloop
  endfacet
  facet normal 0.9807852808206768 0.19509031991748305 0
    outer loop
      vertex 34.93155889213085 55.54420953989029 0
      vertex 34.72740661352873 56.57055236399174 0
      vertex 34.93155889213085 55.54420953989029 22
    endloop
  endfacet
  facet normal 0.8968727430815553 0.44228868707820956 0
    outer loop
      vertex 34.39103625714779 57.561467461287975 0
      vertex 33.928203232586384 58.5 0
      vertex 34.39103625714779 57.561467461287975 22
    endloop
  endfacet
  facet normal 0.9469301276243139 0.321439470814336 0
    outer loop
      vertex 34.72740661352873 56.57055236399174 0
      vertex 34.39103625714779 57.561467461287975 0
      vertex 34.72740661352873 56.57055236399174 22
    endloop
  endfacet
  facet normal 0.7518398069017458 0.6593458157582754 0
    outer loop
      vertex 32.65685424953699 60.15685424953699 0
      vertex 33.34682672470808 59.370091430842876 22
      vertex 33.34682672470808 59.370091430842876 0
    endloop
  endfacet
  facet normal 0.8314696119703845 0.5555702335167158 0
    outer loop
      vertex 33.928203232586384 58.5 0
      vertex 33.34682672470808 59.370091430842876 0
      vertex 33.928203232586384 58.5 22
    endloop
  endfacet
  facet normal 0 0 1
    outer loop
      vertex -32.65685424953699 60.15685424953699 22
      vertex 27 60.100000001490116 22
      vertex 31 61.428203232586384 22
    endloop
  endfacet
  facet normal 0 0 1
    outer loop
      vertex -30.061467461287975 61.89103625714779 22
      vertex 28.04420953989029 62.43155889213085 22
      vertex 27 62.5 22
    endloop
  endfacet
  facet normal 0 0 1
    outer loop
      vertex -31 61.428203232586384 22
      vertex 29.070552363991737 62.22740661352873 22
      vertex 28.04420953989029 62.43155889213085 22
    endloop
  endfacet
  facet normal 0 0 1
    outer loop
      vertex -31.870091430842876 60.84682672470808 22
      vertex 30.061467461287975 61.89103625714779 22
      vertex 29.070552363991737 62.22740661352873 22
    endloop
  endfacet
  facet normal 0 0 1
    outer loop
      vertex -32.65685424953699 60.15685424953699 22
      vertex 31 61.428203232586384 22
      vertex 30.061467461287975 61.89103625714779 22
    endloop
  endfacet
  facet normal 1 0 0
    outer loop
      vertex 35 -54.5 22
      vertex 35 54.5 0
      vertex 35 54.5 22
    endloop
  endfacet
  facet normal 0 0 1
    outer loop
      vertex 32.600000001490116 -54.5 22
      vertex 34.72740661352873 56.57055236399174 22
      vertex 32.600000001490116 54.5 22
    endloop
  endfacet
  facet normal 0 0 1
    outer loop
      vertex 32.600000001490116 -54.5 22
      vertex 35 54.5 22
      vertex 34.93155889213085 55.54420953989029 22
    endloop
  endfacet
  facet normal 0 0 1
    outer loop
      vertex 32.600000001490116 -54.5 22
      vertex 34.93155889213085 55.54420953989029 22
      vertex 34.72740661352873 56.57055236399174 22
    endloop
  endfacet
  facet normal 0.06540312801222276 0.9978589233184303 0
    outer loop
      vertex 27 62.5 0
      vertex 27 62.5 22
      vertex 28.04420953989029 62.43155889213085 22
    endloop
  endfacet
  facet normal 0.19509031991748305 0.9807852808206768 0
    outer loop
      vertex 28.04420953989029 62.43155889213085 0
      vertex 28.04420953989029 62.43155889213085 22
      vertex 29.070552363991737 62.22740661352873 22
    endloop
  endfacet
  facet normal 0.321439470814336 0.9469301276243139 0
    outer loop
      vertex 29.070552363991737 62.22740661352873 0
      vertex 29.070552363991737 62.22740661352873 22
      vertex 30.061467461287975 61.89103625714779 22
    endloop
  endfacet
  facet normal 0.44228868707820956 0.8968727430815553 0
    outer loop
      vertex 30.061467461287975 61.89103625714779 0
      vertex 30.061467461287975 61.89103625714779 22
      vertex 31 61.428203232586384 22
    endloop
  endfacet
  facet normal 0.5555702335167158 0.8314696119703845 0
    outer loop
      vertex 31 61.428203232586384 0
      vertex 31 61.428203232586384 22
      vertex 31.870091430842876 60.84682672470808 22
    endloop
  endfacet
  facet normal 0.6593458157582754 0.7518398069017458 0
    outer loop
      vertex 31.870091430842876 60.84682672470808 0
      vertex 31.870091430842876 60.84682672470808 22
      vertex 32.65685424953699 60.15685424953699 22
    endloop
  endfacet
  facet normal 0.9978589233184303 0.06540312801222276 0
    outer loop
      vertex 34.93155889213085 55.54420953989029 0
      vertex 34.93155889213085 55.54420953989029 22
      vertex 35 54.5 22
    endloop
  endfacet
  facet normal 0.9807852808206768 0.19509031991748305 0
    outer loop
      vertex 34.72740661352873 56.57055236399174 0
      vertex 34.72740661352873 56.57055236399174 22
      vertex 34.93155889213085 55.54420953989029 22
    endloop
  endfacet
  facet normal 0.8968727430815553 0.44228868707820956 0
    outer loop
      vertex 33.928203232586384 58.5 0
      vertex 33.928203232586384 58.5 22
      vertex 34.39103625714779 57.561467461287975 22
    endloop
  endfacet
  facet normal 0.9469301276243139 0.321439470814336 0
    outer loop
      vertex 34.39103625714779 57.561467461287975 0
      vertex 34.39103625714779 57.561467461287975 22
      vertex 34.72740661352873 56.57055236399174 22
    endloop
  endfacet
  facet normal 0.7518398069017458 0.6593458157582754 0
    outer loop
      vertex 32.65685424953699 60.15685424953699 0
      vertex 32.65685424953699 60.15685424953699 22
      vertex 33.34682672470808 59.370091430842876 22
    endloop
  endfacet
  facet normal 0.8314696119703845 0.5555702335167158 0
    outer loop
      vertex 33.34682672470808 59.370091430842876 0
      vertex 33.34682672470808 59.370091430842876 22
      vertex 33.928203232586384 58.5 22
    endloop
  endfacet
  facet normal 0 0 1
    outer loop
      vertex 27 60.100000001490116 22
      vertex 27.73094667494297 60.05209122598171 22
      vertex 31.870091430842876 60.84682672470808 22
    endloop
  endfacet
  facet normal 0 0 1
    outer loop
      vertex 27.73094667494297 60.05209122598171 22
      vertex 28.449386656284332 59.909184627234936 22
      vertex 31.870091430842876 60.84682672470808 22
    endloop
  endfacet
  facet normal 0 0 1
    outer loop
      vertex 28.449386656284332 59.909184627234936 22
      vertex 29.14302722364664 59.67372538149357 22
      vertex 32.65685424953699 60.15685424953699 22
    endloop
  endfacet
  facet normal 0 0 1
    outer loop
      vertex 29.14302722364664 59.67372538149357 22
      vertex 29.799999997019768 59.34974226355553 22
      vertex 32.65685424953699 60.15685424953699 22
    endloop
  endfacet
  facet normal 0 0 1
    outer loop
      vertex 27 60.100000001490116 22
      vertex 31.870091430842876 60.84682672470808 22
      vertex 31 61.428203232586384 22
    endloop
  endfacet
  facet normal 0 0 1
    outer loop
      vertex 30.959797970950603 58.4597979709506 22
      vertex 31.442778706550598 57.90906400233507 22
      vertex 33.34682672470808 59.370091430842876 22
    endloop
  endfacet
  facet normal 0 0 1
    outer loop
      vertex 31.849742263555527 57.29999999701977 22
      vertex 32.17372538149357 56.64302722364664 22
      vertex 34.39103625714779 57.561467461287975 22
    endloop
  endfacet
  facet normal 0 0 1
    outer loop
      vertex 31.442778706550598 57.90906400233507 22
      vertex 31.849742263555527 57.29999999701977 22
      vertex 33.928203232586384 58.5 22
    endloop
  endfacet
  facet normal 0 0 1
    outer loop
      vertex 29.799999997019768 59.34974226355553 22
      vertex 30.40906400233507 58.9427787065506 22
      vertex 32.65685424953699 60.15685424953699 22
    endloop
  endfacet
  facet normal 0 0 1
    outer loop
      vertex 28.449386656284332 59.909184627234936 22
      vertex 32.65685424953699 60.15685424953699 22
      vertex 31.870091430842876 60.84682672470808 22
    endloop
  endfacet
  facet normal 0 0 1
    outer loop
      vertex 30.40906400233507 58.9427787065506 22
      vertex 30.959797970950603 58.4597979709506 22
      vertex 33.34682672470808 59.370091430842876 22
    endloop
  endfacet
  facet normal 0 0 1
    outer loop
      vertex 30.40906400233507 58.9427787065506 22
      vertex 33.34682672470808 59.370091430842876 22
      vertex 32.65685424953699 60.15685424953699 22
    endloop
  endfacet
  facet normal 0 0 1
    outer loop
      vertex 32.600000001490116 54.5 22
      vertex 34.72740661352873 56.57055236399174 22
      vertex 32.55209122598171 55.23094667494297 22
    endloop
  endfacet
  facet normal 0 0 1
    outer loop
      vertex 32.55209122598171 55.23094667494297 22
      vertex 34.72740661352873 56.57055236399174 22
      vertex 32.409184627234936 55.94938665628433 22
    endloop
  endfacet
  facet normal 0 0 1
    outer loop
      vertex 32.409184627234936 55.94938665628433 22
      vertex 34.39103625714779 57.561467461287975 22
      vertex 32.17372538149357 56.64302722364664 22
    endloop
  endfacet
  facet normal 0 0 1
    outer loop
      vertex 31.442778706550598 57.90906400233507 22
      vertex 33.928203232586384 58.5 22
      vertex 33.34682672470808 59.370091430842876 22
    endloop
  endfacet
  facet normal 0 0 1
    outer loop
      vertex 32.409184627234936 55.94938665628433 22
      vertex 34.72740661352873 56.57055236399174 22
      vertex 34.39103625714779 57.561467461287975 22
    endloop
  endfacet
  facet normal 0 0 1
    outer loop
      vertex 31.849742263555527 57.29999999701977 22
      vertex 34.39103625714779 57.561467461287975 22
      vertex 33.928203232586384 58.5 22
    endloop
  endfacet
  facet normal 0.8968727412631791 0.4422886907655121 0
    outer loop
      vertex -23.56217782944441 7 0
      vertex -23.96715673059225 7.821215972304344 0
      vertex -23.96715673059225 7.821215972304344 2.4
    endloop
  endfacet
  facet normal 0.8314696107167417 0.5555702353929249 0
    outer loop
      vertex -23.56217782944441 7 2.4
      vertex -23.053473383188248 6.238669998943806 0
      vertex -23.56217782944441 7 0
    endloop
  endfacet
  facet normal 0.6593458179165814 0.751839805008962 0
    outer loop
      vertex -22.4497474655509 5.5502525344491005 2.4
      vertex -21.761330001056194 4.946526616811752 0
      vertex -22.4497474655509 5.5502525344491005 0
    endloop
  endfacet
  facet normal 0.7518398050089622 0.6593458179165814 -7.719911150371087e-17
    outer loop
      vertex -22.916262947361577 6.082211484285918 2.4
      vertex -22.4497474655509 5.5502525344491005 0
      vertex -23.053473383188248 6.238669998943806 0
    endloop
  endfacet
  facet normal 0.8968727412631791 0.4422886907655121 0
    outer loop
      vertex -23.56217782944441 7 0
      vertex -23.96715673059225 7.821215972304344 2.4
      vertex -23.56217782944441 7 2.4
    endloop
  endfacet
  facet normal 0.751839805008961 0.659345817916583 8.314650366198667e-17
    outer loop
      vertex -22.916262947361577 6.082211484285918 2.4
      vertex -23.053473383188248 6.238669998943806 0
      vertex -23.01035010335701 6.18949732290847 3.085714285714286
    endloop
  endfacet
  facet normal 0.8314696107167417 0.5555702353929249 0
    outer loop
      vertex -23.56217782944441 7 2.4
      vertex -23.56217782944441 7 3.4000000000000004
      vertex -23.053473383188248 6.238669998943806 0
    endloop
  endfacet
  facet normal 0.7518398050089623 0.6593458179165812 -2.4029042405220558e-18
    outer loop
      vertex -22.916262947361577 6.082211484285918 2.4
      vertex -22.4497474655509 5.5502525344491005 2.4
      vertex -22.4497474655509 5.5502525344491005 0
    endloop
  endfacet
  facet normal 0.6593458179165814 0.751839805008962 0
    outer loop
      vertex -22.4497474655509 5.5502525344491005 2.4
      vertex -21.761330001056194 4.946526616811752 2.4
      vertex -21.761330001056194 4.946526616811752 0
    endloop
  endfacet
  facet normal 0.7518398050089633 0.65934581791658 2.9468662461030983e-19
    outer loop
      vertex -23.01035010335701 6.18949732290847 3.085714285714286
      vertex -23.053473383188248 6.238669998943806 0
      vertex -23.053473383188248 6.238669998943806 3.4000000000000004
    endloop
  endfacet
  facet normal 0.8314696107167417 0.5555702353929249 0
    outer loop
      vertex -23.053473383188248 6.238669998943806 0
      vertex -23.56217782944441 7 3.4000000000000004
      vertex -23.053473383188248 6.238669998943806 3.4000000000000004
    endloop
  endfacet
  facet normal 0.9469301303169256 0.32143946288215797 0
    outer loop
      vertex -24.261480785906315 8.688266687095165 3.4000000000000004
      vertex -23.96715673059225 7.821215972304344 0
      vertex -24.261480785906315 8.688266687095165 0
    endloop
  endfacet
  facet normal 0.9807852807830233 0.19509032010678037 0
    outer loop
      vertex -24.44011402875185 9.586316652595997 3.4000000000000004
      vertex -24.261480785906315 8.688266687095165 0
      vertex -24.44011402875185 9.586316652595997 0
    endloop
  endfacet
  facet normal 0.997858923185669 0.06540313003776756 0
    outer loop
      vertex -24.5 10.5 3.4000000000000004
      vertex -24.44011402875185 9.586316652595997 0
      vertex -24.5 10.5 0
    endloop
  endfacet
  facet normal 0.9469301303169256 0.3214394628821579 0
    outer loop
      vertex -23.96715673059225 7.821215972304344 0
      vertex -24.261480785906315 8.688266687095165 3.4000000000000004
      vertex -23.96715673059225 7.821215972304344 2.4
    endloop
  endfacet
  facet normal 0.9807852807830233 0.19509032010678037 0
    outer loop
      vertex -24.261480785906315 8.688266687095165 3.4000000000000004
      vertex -24.261480785906315 8.688266687095165 0
      vertex -24.44011402875185 9.586316652595997 3.4000000000000004
    endloop
  endfacet
  facet normal 0.997858923185669 0.06540313003776756 0
    outer loop
      vertex -24.5 10.5 3.4000000000000004
      vertex -24.44011402875185 9.586316652595997 3.4000000000000004
      vertex -24.44011402875185 9.586316652595997 0
    endloop
  endfacet
  facet normal 0.5555702353929249 0.8314696107167417 0
    outer loop
      vertex -21.761330001056194 4.946526616811752 2.4
      vertex -21 4.437822170555592 0
      vertex -21.761330001056194 4.946526616811752 0
    endloop
  endfacet
  facet normal 0.4422886907655121 0.8968727412631791 0
    outer loop
      vertex -21 4.437822170555592 2.4
      vertex -20.178784027695656 4.032843269407749 0
      vertex -21 4.437822170555592 0
    endloop
  endfacet
  facet normal 0.3214394628821579 0.9469301303169256 0
    outer loop
      vertex -20.178784027695656 4.032843269407749 2.4
      vertex -19.311733312904835 3.738519214093685 0
      vertex -20.178784027695656 4.032843269407749 0
    endloop
  endfacet
  facet normal 0.1950903201067804 0.9807852807830234 0
    outer loop
      vertex -18.413683347404003 3.55988597124815 0
      vertex -19.311733312904835 3.738519214093685 0
      vertex -19.311733312904835 3.738519214093685 2.4
    endloop
  endfacet
  facet normal 0.06540313003776754 0.9978589231856689 0
    outer loop
      vertex -18.413683347404003 3.55988597124815 2.4
      vertex -17.5 3.5 0
      vertex -18.413683347404003 3.55988597124815 0
    endloop
  endfacet
  facet normal 0.5555702353929249 0.8314696107167417 0
    outer loop
      vertex -21.761330001056194 4.946526616811752 2.4
      vertex -21 4.437822170555592 2.4
      vertex -21 4.437822170555592 0
    endloop
  endfacet
  facet normal 0.4422886907655121 0.8968727412631791 0
    outer loop
      vertex -21 4.437822170555592 2.4
      vertex -20.178784027695656 4.032843269407749 2.4
      vertex -20.178784027695656 4.032843269407749 0
    endloop
  endfacet
  facet normal 0.3214394628821579 0.9469301303169256 0
    outer loop
      vertex -20.178784027695656 4.032843269407749 2.4
      vertex -19.311733312904835 3.738519214093685 2.4
      vertex -19.311733312904835 3.738519214093685 0
    endloop
  endfacet
  facet normal 0.1950903201067804 0.9807852807830234 0
    outer loop
      vertex -18.413683347404003 3.55988597124815 0
      vertex -19.311733312904835 3.738519214093685 2.4
      vertex -18.413683347404003 3.55988597124815 2.4
    endloop
  endfacet
  facet normal 0.06540313003776754 0.9978589231856689 0
    outer loop
      vertex -18.413683347404003 3.55988597124815 2.4
      vertex -18.413683347404003 3.55988597124815 3.4000000000000004
      vertex -17.5 3.5 0
    endloop
  endfacet
  facet normal 0.06540313003776756 0.997858923185669 0
    outer loop
      vertex -17.5 3.5 0
      vertex -18.413683347404003 3.55988597124815 3.4000000000000004
      vertex -17.5 3.5 3.4000000000000004
    endloop
  endfacet
  facet normal 0.8968727412631846 0.44228869076550087 0
    outer loop
      vertex -23.96715673059225 7.821215972304344 2.4
      vertex -23.96715673059225 7.821215972304344 3.4000000000000004
      vertex -23.92497142838935 7.735672641855975 3.4000000000000004
    endloop
  endfacet
  facet normal 0.7518398050089683 0.6593458179165744 1.5275668898427836e-15
    outer loop
      vertex -23.01035010335701 6.18949732290847 3.085714285714286
      vertex -23.053473383188248 6.238669998943806 3.4000000000000004
      vertex -22.99058526676769 6.166959846392274 3.4000000000000004
    endloop
  endfacet
  facet normal 0.6593458179165798 0.7518398050089637 0
    outer loop
      vertex -22.4497474655509 5.5502525344491005 2.4
      vertex -22.4497474655509 5.5502525344491005 3.4000000000000004
      vertex -22.378037312999368 5.487364418028544 3.4000000000000004
    endloop
  endfacet
  facet normal 0.9469301303169255 0.32143946288215797 0
    outer loop
      vertex -23.96715673059225 7.821215972304344 2.4
      vertex -24.261480785906315 8.688266687095165 3.4000000000000004
      vertex -23.96715673059225 7.821215972304344 3.4000000000000004
    endloop
  endfacet
  facet normal 0.5555702353929213 0.8314696107167442 0
    outer loop
      vertex -21.761330001056194 4.946526616811752 2.4
      vertex -21.761330001056194 4.946526616811752 3.4000000000000004
      vertex -21.68202479261284 4.893536570326735 3.4000000000000004
    endloop
  endfacet
  facet normal 0.44228869076550464 0.8968727412631827 0
    outer loop
      vertex -21 4.437822170555592 2.4
      vertex -21 4.437822170555592 3.4000000000000004
      vertex -20.91445666955163 4.395636868352692 3.4000000000000004
    endloop
  endfacet
  facet normal 0.32143946288215897 0.9469301303169252 0
    outer loop
      vertex -20.178784027695656 4.032843269407749 2.4
      vertex -20.178784027695656 4.032843269407749 3.4000000000000004
      vertex -20.088466244904946 4.002184513645868 3.4000000000000004
    endloop
  endfacet
  facet normal 0.19509032010678276 0.980785280783023 0
    outer loop
      vertex -19.311733312904835 3.738519214093685 2.4
      vertex -19.311733312904835 3.738519214093685 3.4000000000000004
      vertex -19.2181864414985 3.7199115846306086 3.4000000000000004
    endloop
  endfacet
  facet normal 1 0 0
    outer loop
      vertex -24.5 10.5 3.4000000000000004
      vertex -24.5 10.5 0
      vertex -24.5 45.5 3.4000000000000004
    endloop
  endfacet
  facet normal 1 0 0
    outer loop
      vertex -24.5 10.5 0
      vertex -24.5 45.5 0
      vertex -24.5 45.5 3.4000000000000004
    endloop
  endfacet
  facet normal 0.997858923185669 -0.06540313003776756 0
    outer loop
      vertex -24.44011402875185 46.413683347404 3.4000000000000004
      vertex -24.5 45.5 0
      vertex -24.44011402875185 46.413683347404 0
    endloop
  endfacet
  facet normal 0.997858923185669 -0.06540313003776756 0
    outer loop
      vertex -24.44011402875185 46.413683347404 3.4000000000000004
      vertex -24.5 45.5 3.4000000000000004
      vertex -24.5 45.5 0
    endloop
  endfacet
  facet normal 0.9807852807830233 -0.19509032010678037 0
    outer loop
      vertex -24.44011402875185 46.413683347404 0
      vertex -24.261480785906315 47.311733312904835 3.4000000000000004
      vertex -24.44011402875185 46.413683347404 3.4000000000000004
    endloop
  endfacet
  facet normal 0.9807852807830233 -0.19509032010678037 0
    outer loop
      vertex -24.261480785906315 47.311733312904835 3.4000000000000004
      vertex -24.44011402875185 46.413683347404 0
      vertex -24.261480785906315 47.311733312904835 0
    endloop
  endfacet
  facet normal 0.9469301303169256 -0.32143946288215797 0
    outer loop
      vertex -23.96715673059225 48.178784027695656 3.4000000000000004
      vertex -24.261480785906315 47.311733312904835 0
      vertex -23.96715673059225 48.178784027695656 0
    endloop
  endfacet
  facet normal 0.896872741263179 -0.442288690765512 0
    outer loop
      vertex -23.56217782944441 49 3.4000000000000004
      vertex -23.96715673059225 48.178784027695656 0
      vertex -23.56217782944441 49 0
    endloop
  endfacet
  facet normal 0.8314696107167417 -0.5555702353929249 0
    outer loop
      vertex -23.053473383188248 49.761330001056194 3.4000000000000004
      vertex -23.56217782944441 49 0
      vertex -23.053473383188248 49.761330001056194 0
    endloop
  endfacet
  facet normal 0.7518398050089621 -0.6593458179165814 0
    outer loop
      vertex -22.4497474655509 50.4497474655509 3.4000000000000004
      vertex -23.053473383188248 49.761330001056194 0
      vertex -22.4497474655509 50.4497474655509 0
    endloop
  endfacet
  facet normal 0.6593458179165814 -0.7518398050089621 0
    outer loop
      vertex -21.761330001056194 51.05347338318825 3.4000000000000004
      vertex -22.4497474655509 50.4497474655509 0
      vertex -21.761330001056194 51.05347338318825 0
    endloop
  endfacet
  facet normal 0.9469301303169256 -0.32143946288215797 0
    outer loop
      vertex -24.261480785906315 47.311733312904835 0
      vertex -23.96715673059225 48.178784027695656 3.4000000000000004
      vertex -24.261480785906315 47.311733312904835 3.4000000000000004
    endloop
  endfacet
  facet normal 0.896872741263179 -0.442288690765512 0
    outer loop
      vertex -23.56217782944441 49 3.4000000000000004
      vertex -23.96715673059225 48.178784027695656 3.4000000000000004
      vertex -23.96715673059225 48.178784027695656 0
    endloop
  endfacet
  facet normal 0.8314696107167417 -0.5555702353929249 0
    outer loop
      vertex -23.56217782944441 49 0
      vertex -23.053473383188248 49.761330001056194 3.4000000000000004
      vertex -23.56217782944441 49 3.4000000000000004
    endloop
  endfacet
  facet normal 0.7518398050089621 -0.6593458179165814 0
    outer loop
      vertex -23.053473383188248 49.761330001056194 0
      vertex -22.4497474655509 50.4497474655509 3.4000000000000004
      vertex -23.053473383188248 49.761330001056194 3.4000000000000004
    endloop
  endfacet
  facet normal 0.6593458179165814 -0.7518398050089621 0
    outer loop
      vertex -22.4497474655509 50.4497474655509 0
      vertex -21.761330001056194 51.05347338318825 3.4000000000000004
      vertex -22.4497474655509 50.4497474655509 3.4000000000000004
    endloop
  endfacet
  facet normal 0.5555702353929249 -0.8314696107167417 0
    outer loop
      vertex -21 51.56217782944441 3.4000000000000004
      vertex -21.761330001056194 51.05347338318825 0
      vertex -21 51.56217782944441 0
    endloop
  endfacet
  facet normal 0.442288690765512 -0.896872741263179 0
    outer loop
      vertex -20.178784027695656 51.96715673059225 3.4000000000000004
      vertex -21 51.56217782944441 0
      vertex -20.178784027695656 51.96715673059225 0
    endloop
  endfacet
  facet normal 0.32143946288215797 -0.9469301303169256 0
    outer loop
      vertex -19.311733312904835 52.261480785906315 3.4000000000000004
      vertex -20.178784027695656 51.96715673059225 0
      vertex -19.311733312904835 52.261480785906315 0
    endloop
  endfacet
  facet normal 0.19509032010678037 -0.9807852807830233 0
    outer loop
      vertex -18.413683347404003 52.44011402875185 3.4000000000000004
      vertex -19.311733312904835 52.261480785906315 0
      vertex -18.413683347404003 52.44011402875185 0
    endloop
  endfacet
  facet normal 0.06540313003776756 -0.997858923185669 0
    outer loop
      vertex -17.5 52.5 3.4000000000000004
      vertex -18.413683347404003 52.44011402875185 0
      vertex -17.5 52.5 0
    endloop
  endfacet
  facet normal 0.5555702353929249 -0.8314696107167417 0
    outer loop
      vertex -21.761330001056194 51.05347338318825 0
      vertex -21 51.56217782944441 3.4000000000000004
      vertex -21.761330001056194 51.05347338318825 3.4000000000000004
    endloop
  endfacet
  facet normal 0.442288690765512 -0.896872741263179 0
    outer loop
      vertex -20.178784027695656 51.96715673059225 3.4000000000000004
      vertex -21 51.56217782944441 3.4000000000000004
      vertex -21 51.56217782944441 0
    endloop
  endfacet
  facet normal 0.32143946288215797 -0.9469301303169256 0
    outer loop
      vertex -20.178784027695656 51.96715673059225 0
      vertex -19.311733312904835 52.261480785906315 3.4000000000000004
      vertex -20.178784027695656 51.96715673059225 3.4000000000000004
    endloop
  endfacet
  facet normal 0.19509032010678037 -0.9807852807830233 0
    outer loop
      vertex -19.311733312904835 52.261480785906315 0
      vertex -18.413683347404003 52.44011402875185 3.4000000000000004
      vertex -19.311733312904835 52.261480785906315 3.4000000000000004
    endloop
  endfacet
  facet normal 0.06540313003776756 -0.997858923185669 0
    outer loop
      vertex -18.413683347404003 52.44011402875185 3.4000000000000004
      vertex -18.413683347404003 52.44011402875185 0
      vertex -17.5 52.5 3.4000000000000004
    endloop
  endfacet
  facet normal 0 1 0
    outer loop
      vertex -17.5 3.5 0
      vertex -17.5 3.5 3.4000000000000004
      vertex 17.5 3.5 0
    endloop
  endfacet
  facet normal 0 -1 0
    outer loop
      vertex -17.5 52.5 3.4000000000000004
      vertex -17.5 52.5 0
      vertex 17.5 52.5 3.4000000000000004
    endloop
  endfacet
  facet normal 0 1 0
    outer loop
      vertex 17.5 3.5 0
      vertex -17.5 3.5 3.4000000000000004
      vertex 17.5 3.5 3.4000000000000004
    endloop
  endfacet
  facet normal 0 -1 0
    outer loop
      vertex -17.5 52.5 0
      vertex 17.5 52.5 0
      vertex 17.5 52.5 2.4
    endloop
  endfacet
  facet normal 0 -1 0
    outer loop
      vertex -17.5 52.5 0
      vertex 17.5 52.5 2.4
      vertex 17.5 52.5 3.4000000000000004
    endloop
  endfacet
  facet normal -0.06540313003776756 0.997858923185669 0
    outer loop
      vertex 17.5 3.5 0
      vertex 17.5 3.5 3.4000000000000004
      vertex 18.413683347404003 3.55988597124815 0
    endloop
  endfacet
  facet normal -0.19509032010678037 0.9807852807830233 0
    outer loop
      vertex 18.413683347404003 3.55988597124815 3.4000000000000004
      vertex 19.311733312904835 3.738519214093685 0
      vertex 18.413683347404003 3.55988597124815 0
    endloop
  endfacet
  facet normal -0.32143946288215797 0.9469301303169256 0
    outer loop
      vertex 19.311733312904835 3.738519214093685 3.4000000000000004
      vertex 20.178784027695656 4.032843269407749 0
      vertex 19.311733312904835 3.738519214093685 0
    endloop
  endfacet
  facet normal -0.442288690765512 0.896872741263179 0
    outer loop
      vertex 21 4.437822170555592 0
      vertex 20.178784027695656 4.032843269407749 0
      vertex 20.178784027695656 4.032843269407749 3.4000000000000004
    endloop
  endfacet
  facet normal -0.5555702353929249 0.8314696107167417 0
    outer loop
      vertex 21 4.437822170555592 3.4000000000000004
      vertex 21.761330001056194 4.946526616811752 0
      vertex 21 4.437822170555592 0
    endloop
  endfacet
  facet normal -0.06540313003776756 0.997858923185669 0
    outer loop
      vertex 18.413683347404003 3.55988597124815 0
      vertex 17.5 3.5 3.4000000000000004
      vertex 18.413683347404003 3.55988597124815 3.4000000000000004
    endloop
  endfacet
  facet normal -0.19509032010678037 0.9807852807830233 0
    outer loop
      vertex 19.311733312904835 3.738519214093685 0
      vertex 18.413683347404003 3.55988597124815 3.4000000000000004
      vertex 19.311733312904835 3.738519214093685 3.4000000000000004
    endloop
  endfacet
  facet normal -0.32143946288215797 0.9469301303169256 0
    outer loop
      vertex 19.311733312904835 3.738519214093685 3.4000000000000004
      vertex 20.178784027695656 4.032843269407749 3.4000000000000004
      vertex 20.178784027695656 4.032843269407749 0
    endloop
  endfacet
  facet normal -0.442288690765512 0.896872741263179 0
    outer loop
      vertex 21 4.437822170555592 0
      vertex 20.178784027695656 4.032843269407749 3.4000000000000004
      vertex 21 4.437822170555592 3.4000000000000004
    endloop
  endfacet
  facet normal -0.5555702353929249 0.8314696107167417 0
    outer loop
      vertex 21 4.437822170555592 3.4000000000000004
      vertex 21.761330001056194 4.946526616811752 3.4000000000000004
      vertex 21.761330001056194 4.946526616811752 0
    endloop
  endfacet
  facet normal -0.6593458179165814 0.7518398050089621 0
    outer loop
      vertex 21.761330001056194 4.946526616811752 3.4000000000000004
      vertex 22.4497474655509 5.5502525344491005 0
      vertex 21.761330001056194 4.946526616811752 0
    endloop
  endfacet
  facet normal -0.7518398050089621 0.6593458179165814 0
    outer loop
      vertex 22.4497474655509 5.5502525344491005 3.4000000000000004
      vertex 23.053473383188248 6.238669998943806 0
      vertex 22.4497474655509 5.5502525344491005 0
    endloop
  endfacet
  facet normal -0.8314696107167417 0.5555702353929249 0
    outer loop
      vertex 23.053473383188248 6.238669998943806 3.4000000000000004
      vertex 23.56217782944441 7 0
      vertex 23.053473383188248 6.238669998943806 0
    endloop
  endfacet
  facet normal -0.896872741263179 0.442288690765512 0
    outer loop
      vertex 23.96715673059225 7.821215972304344 0
      vertex 23.56217782944441 7 0
      vertex 23.56217782944441 7 3.4000000000000004
    endloop
  endfacet
  facet normal -0.6593458179165814 0.7518398050089621 0
    outer loop
      vertex 21.761330001056194 4.946526616811752 3.4000000000000004
      vertex 22.4497474655509 5.5502525344491005 3.4000000000000004
      vertex 22.4497474655509 5.5502525344491005 0
    endloop
  endfacet
  facet normal -0.7518398050089621 0.6593458179165814 0
    outer loop
      vertex 22.4497474655509 5.5502525344491005 3.4000000000000004
      vertex 23.053473383188248 6.238669998943806 3.4000000000000004
      vertex 23.053473383188248 6.238669998943806 0
    endloop
  endfacet
  facet normal -0.8314696107167417 0.5555702353929249 0
    outer loop
      vertex 23.053473383188248 6.238669998943806 3.4000000000000004
      vertex 23.56217782944441 7 3.4000000000000004
      vertex 23.56217782944441 7 0
    endloop
  endfacet
  facet normal -0.896872741263179 0.442288690765512 0
    outer loop
      vertex 23.96715673059225 7.821215972304344 0
      vertex 23.56217782944441 7 3.4000000000000004
      vertex 23.96715673059225 7.821215972304344 3.4000000000000004
    endloop
  endfacet
  facet normal -0.9469301303169256 0.32143946288215797 0
    outer loop
      vertex 23.96715673059225 7.821215972304344 3.4000000000000004
      vertex 24.261480785906315 8.688266687095165 0
      vertex 23.96715673059225 7.821215972304344 0
    endloop
  endfacet
  facet normal -0.9807852807830233 0.19509032010678037 0
    outer loop
      vertex 24.261480785906315 8.688266687095165 3.4000000000000004
      vertex 24.44011402875185 9.586316652595997 0
      vertex 24.261480785906315 8.688266687095165 0
    endloop
  endfacet
  facet normal -0.997858923185669 0.06540313003776756 0
    outer loop
      vertex 24.5 10.5 0
      vertex 24.44011402875185 9.586316652595997 0
      vertex 24.44011402875185 9.586316652595997 3.4000000000000004
    endloop
  endfacet
  facet normal -0.9469301303169256 0.32143946288215797 0
    outer loop
      vertex 23.96715673059225 7.821215972304344 3.4000000000000004
      vertex 24.261480785906315 8.688266687095165 3.4000000000000004
      vertex 24.261480785906315 8.688266687095165 0
    endloop
  endfacet
  facet normal -0.9807852807830233 0.19509032010678037 0
    outer loop
      vertex 24.261480785906315 8.688266687095165 3.4000000000000004
      vertex 24.44011402875185 9.586316652595997 3.4000000000000004
      vertex 24.44011402875185 9.586316652595997 0
    endloop
  endfacet
  facet normal -0.997858923185669 0.06540313003776756 0
    outer loop
      vertex 24.5 10.5 0
      vertex 24.44011402875185 9.586316652595997 3.4000000000000004
      vertex 24.5 10.5 3.4000000000000004
    endloop
  endfacet
  facet normal -1 0 0
    outer loop
      vertex 24.5 10.5 0
      vertex 24.5 10.5 3.4000000000000004
      vertex 24.5 45.5 0
    endloop
  endfacet
  facet normal -1 0 0
    outer loop
      vertex 24.5 10.5 3.4000000000000004
      vertex 24.5 45.5 3.4000000000000004
      vertex 24.5 45.5 0
    endloop
  endfacet
  facet normal -0.997858923185669 -0.06540313003776756 0
    outer loop
      vertex 24.5 45.5 3.4000000000000004
      vertex 24.44011402875185 46.413683347404 0
      vertex 24.5 45.5 0
    endloop
  endfacet
  facet normal -0.9807852807830233 -0.19509032010678037 0
    outer loop
      vertex 24.44011402875185 46.413683347404 3.4000000000000004
      vertex 24.261480785906315 47.311733312904835 0
      vertex 24.44011402875185 46.413683347404 0
    endloop
  endfacet
  facet normal -0.997858923185669 -0.06540313003776756 0
    outer loop
      vertex 24.5 45.5 3.4000000000000004
      vertex 24.44011402875185 46.413683347404 3.4000000000000004
      vertex 24.44011402875185 46.413683347404 0
    endloop
  endfacet
  facet normal -0.06540313003776754 -0.9978589231856689 0
    outer loop
      vertex 17.5 52.5 0
      vertex 18.413683347404003 52.44011402875185 0
      vertex 18.413683347404003 52.44011402875185 2.4
    endloop
  endfacet
  facet normal -0.1950903201067804 -0.9807852807830234 0
    outer loop
      vertex 18.413683347404003 52.44011402875185 0
      vertex 19.311733312904835 52.261480785906315 0
      vertex 19.311733312904835 52.261480785906315 2.4
    endloop
  endfacet
  facet normal -0.3214394628821579 -0.9469301303169256 0
    outer loop
      vertex 19.311733312904835 52.261480785906315 0
      vertex 20.178784027695656 51.96715673059225 0
      vertex 20.178784027695656 51.96715673059225 2.4
    endloop
  endfacet
  facet normal -0.4422886907655121 -0.8968727412631791 0
    outer loop
      vertex 20.178784027695656 51.96715673059225 0
      vertex 21 51.56217782944441 0
      vertex 21 51.56217782944441 2.4
    endloop
  endfacet
  facet normal -0.5555702353929249 -0.8314696107167417 0
    outer loop
      vertex 21 51.56217782944441 0
      vertex 21.761330001056194 51.05347338318825 0
      vertex 21.761330001056194 51.05347338318825 2.4
    endloop
  endfacet
  facet normal -0.06540313003776754 -0.9978589231856689 0
    outer loop
      vertex 18.413683347404003 52.44011402875185 2.4
      vertex 17.5 52.5 2.4
      vertex 17.5 52.5 0
    endloop
  endfacet
  facet normal -0.1950903201067804 -0.9807852807830234 0
    outer loop
      vertex 18.413683347404003 52.44011402875185 0
      vertex 19.311733312904835 52.261480785906315 2.4
      vertex 18.413683347404003 52.44011402875185 2.4
    endloop
  endfacet
  facet normal -0.3214394628821579 -0.9469301303169256 0
    outer loop
      vertex 19.311733312904835 52.261480785906315 0
      vertex 20.178784027695656 51.96715673059225 2.4
      vertex 19.311733312904835 52.261480785906315 2.4
    endloop
  endfacet
  facet normal -0.4422886907655121 -0.8968727412631791 0
    outer loop
      vertex 20.178784027695656 51.96715673059225 0
      vertex 21 51.56217782944441 2.4
      vertex 20.178784027695656 51.96715673059225 2.4
    endloop
  endfacet
  facet normal -0.5555702353929249 -0.8314696107167417 0
    outer loop
      vertex 21 51.56217782944441 2.4
      vertex 21 51.56217782944441 0
      vertex 21.761330001056194 51.05347338318825 2.4
    endloop
  endfacet
  facet normal -0.6593458179165814 -0.751839805008962 0
    outer loop
      vertex 21.761330001056194 51.05347338318825 0
      vertex 22.4497474655509 50.4497474655509 0
      vertex 22.4497474655509 50.4497474655509 2.4
    endloop
  endfacet
  facet normal -0.751839805008962 -0.6593458179165814 0
    outer loop
      vertex 22.4497474655509 50.4497474655509 0
      vertex 23.053473383188248 49.761330001056194 0
      vertex 23.053473383188248 49.761330001056194 2.4
    endloop
  endfacet
  facet normal -0.8968727412631791 -0.4422886907655121 0
    outer loop
      vertex 23.56217782944441 49 0
      vertex 23.96715673059225 48.178784027695656 0
      vertex 23.96715673059225 48.178784027695656 2.4
    endloop
  endfacet
  facet normal -0.8314696107167417 -0.5555702353929249 0
    outer loop
      vertex 23.56217782944441 49 2.4
      vertex 23.053473383188248 49.761330001056194 0
      vertex 23.56217782944441 49 0
    endloop
  endfacet
  facet normal -0.9469301303169256 -0.3214394628821579 0
    outer loop
      vertex 23.96715673059225 48.178784027695656 0
      vertex 24.261480785906315 47.311733312904835 0
      vertex 24.261480785906315 47.311733312904835 2.4
    endloop
  endfacet
  facet normal -0.751839805008962 -0.6593458179165814 0
    outer loop
      vertex 22.4497474655509 50.4497474655509 0
      vertex 23.053473383188248 49.761330001056194 2.4
      vertex 22.4497474655509 50.4497474655509 2.4
    endloop
  endfacet
  facet normal -0.8968727412631791 -0.4422886907655121 0
    outer loop
      vertex 23.56217782944441 49 0
      vertex 23.96715673059225 48.178784027695656 2.4
      vertex 23.56217782944441 49 2.4
    endloop
  endfacet
  facet normal -0.8314696107167417 -0.5555702353929249 0
    outer loop
      vertex 23.053473383188248 49.761330001056194 0
      vertex 23.56217782944441 49 3.4000000000000004
      vertex 23.053473383188248 49.761330001056194 2.4
    endloop
  endfacet
  facet normal -0.8314696107167417 -0.5555702353929249 0
    outer loop
      vertex 23.56217782944441 49 2.4
      vertex 23.56217782944441 49 3.4000000000000004
      vertex 23.053473383188248 49.761330001056194 0
    endloop
  endfacet
  facet normal -0.6593458179165814 -0.751839805008962 0
    outer loop
      vertex 21.761330001056194 51.05347338318825 0
      vertex 22.4497474655509 50.4497474655509 2.4
      vertex 21.761330001056194 51.05347338318825 2.4
    endloop
  endfacet
  facet normal -0.9469301303169256 -0.3214394628821579 0
    outer loop
      vertex 23.96715673059225 48.178784027695656 0
      vertex 24.261480785906315 47.311733312904835 2.4
      vertex 23.96715673059225 48.178784027695656 2.4
    endloop
  endfacet
  facet normal -0.9807852807830234 -0.1950903201067804 0
    outer loop
      vertex 24.44011402875185 46.413683347404 3.4000000000000004
      vertex 24.261480785906315 47.311733312904835 2.4
      vertex 24.261480785906315 47.311733312904835 0
    endloop
  endfacet
  facet normal -0.06540313003776756 -0.9978589231856689 0
    outer loop
      vertex 18.413683347404003 52.44011402875185 2.4
      vertex 18.413683347404003 52.44011402875185 3.4000000000000004
      vertex 18.318507998716086 52.446352150756866 3.4000000000000004
    endloop
  endfacet
  facet normal -0.19509032010678276 -0.980785280783023 0
    outer loop
      vertex 19.311733312904835 52.261480785906315 2.4
      vertex 19.311733312904835 52.261480785906315 3.4000000000000004
      vertex 19.2181864414985 52.28008841536939 3.4000000000000004
    endloop
  endfacet
  facet normal -0.32143946288218406 -0.9469301303169169 0
    outer loop
      vertex 20.178784027695656 51.96715673059225 2.4
      vertex 20.178784027695656 51.96715673059225 3.4000000000000004
      vertex 20.088466244904946 51.997815486354135 3.4000000000000004
    endloop
  endfacet
  facet normal -0.4422886907655271 -0.8968727412631716 0
    outer loop
      vertex 21 51.56217782944441 2.4
      vertex 21 51.56217782944441 3.4000000000000004
      vertex 20.91445666955163 51.60436313164731 3.4000000000000004
    endloop
  endfacet
  facet normal -0.555570235392902 -0.8314696107167571 0
    outer loop
      vertex 21.761330001056194 51.05347338318825 2.4
      vertex 21.761330001056194 51.05347338318825 3.4000000000000004
      vertex 21.68202479261284 51.10646342967326 3.4000000000000004
    endloop
  endfacet
  facet normal -0.6593458179165955 -0.7518398050089498 0
    outer loop
      vertex 22.4497474655509 50.4497474655509 2.4
      vertex 22.4497474655509 50.4497474655509 3.4000000000000004
      vertex 22.378037312999368 50.51263558197146 3.4000000000000004
    endloop
  endfacet
  facet normal -0.8968727412631791 -0.44228869076551197 0
    outer loop
      vertex 23.96715673059225 48.178784027695656 2.4
      vertex 23.96715673059225 48.178784027695656 3.4000000000000004
      vertex 23.92497142838935 48.26432735814402 3.4000000000000004
    endloop
  endfacet
  facet normal -0.7518398050089683 -0.6593458179165745 0
    outer loop
      vertex 23.053473383188248 49.761330001056194 2.4
      vertex 23.053473383188248 49.761330001056194 3.4000000000000004
      vertex 22.99058526676769 49.833040153607726 3.4000000000000004
    endloop
  endfacet
  facet normal -0.8314696107167417 -0.5555702353929249 0
    outer loop
      vertex 23.053473383188248 49.761330001056194 2.4
      vertex 23.56217782944441 49 3.4000000000000004
      vertex 23.053473383188248 49.761330001056194 3.4000000000000004
    endloop
  endfacet
  facet normal -0.9807852807830233 -0.19509032010678037 0
    outer loop
      vertex 24.44011402875185 46.413683347404 3.4000000000000004
      vertex 24.261480785906315 47.311733312904835 3.4000000000000004
      vertex 24.261480785906315 47.311733312904835 2.4
    endloop
  endfacet
  facet normal -0.9469301303169319 -0.32143946288213926 0
    outer loop
      vertex 24.261480785906315 47.311733312904835 2.4
      vertex 24.261480785906315 47.311733312904835 3.4000000000000004
      vertex 24.230822030144434 47.40205109569555 3.4000000000000004
    endloop
  endfacet
  facet normal 0.9469301303169256 0.32143946288215797 0
    outer loop
      vertex -24.261480785906315 -47.311733312904835 3.4000000000000004
      vertex -23.96715673059225 -48.178784027695656 0
      vertex -24.261480785906315 -47.311733312904835 0
    endloop
  endfacet
  facet normal 0.8314696107167417 0.5555702353929249 0
    outer loop
      vertex -23.56217782944441 -49 2.4
      vertex -23.053473383188248 -49.761330001056194 0
      vertex -23.56217782944441 -49 0
    endloop
  endfacet
  facet normal 0.8968727412631791 0.4422886907655121 0
    outer loop
      vertex -23.96715673059225 -48.178784027695656 2.4
      vertex -23.56217782944441 -49 0
      vertex -23.96715673059225 -48.178784027695656 0
    endloop
  endfacet
  facet normal 0.7518398050089622 0.6593458179165814 -8.133601970910285e-16
    outer loop
      vertex -22.916262947361577 -49.91778851571408 2.4
      vertex -22.4497474655509 -50.4497474655509 0
      vertex -23.053473383188248 -49.761330001056194 0
    endloop
  endfacet
  facet normal 0.6593458179165814 0.751839805008962 0
    outer loop
      vertex -22.4497474655509 -50.4497474655509 2.4
      vertex -21.761330001056194 -51.05347338318825 0
      vertex -22.4497474655509 -50.4497474655509 0
    endloop
  endfacet
  facet normal 0.9469301303169256 0.3214394628821579 0
    outer loop
      vertex -23.96715673059225 -48.178784027695656 0
      vertex -24.261480785906315 -47.311733312904835 3.4000000000000004
      vertex -23.96715673059225 -48.178784027695656 2.4
    endloop
  endfacet
  facet normal 0.9807852807830233 0.19509032010678037 0
    outer loop
      vertex -24.261480785906315 -47.311733312904835 0
      vertex -24.44011402875185 -46.413683347404 3.4000000000000004
      vertex -24.261480785906315 -47.311733312904835 3.4000000000000004
    endloop
  endfacet
  facet normal 0.6593458179165814 0.751839805008962 0
    outer loop
      vertex -22.4497474655509 -50.4497474655509 2.4
      vertex -21.761330001056194 -51.05347338318825 2.4
      vertex -21.761330001056194 -51.05347338318825 0
    endloop
  endfacet
  facet normal 0.7518398050089592 0.6593458179165848 -4.3529797747380564e-16
    outer loop
      vertex -22.916262947361577 -49.91778851571408 2.4
      vertex -23.053473383188248 -49.761330001056194 0
      vertex -23.01035010335701 -49.81050267709153 3.085714285714286
    endloop
  endfacet
  facet normal 0.8314696107167417 0.5555702353929249 0
    outer loop
      vertex -23.56217782944441 -49 2.4
      vertex -23.56217782944441 -49 3.4000000000000004
      vertex -23.053473383188248 -49.761330001056194 0
    endloop
  endfacet
  facet normal 0.8968727412631791 0.4422886907655121 0
    outer loop
      vertex -23.96715673059225 -48.178784027695656 2.4
      vertex -23.56217782944441 -49 2.4
      vertex -23.56217782944441 -49 0
    endloop
  endfacet
  facet normal 0.751839805008964 0.6593458179165794 1.1033331689646632e-18
    outer loop
      vertex -22.916262947361577 -49.91778851571408 2.4
      vertex -22.4497474655509 -50.4497474655509 2.4
      vertex -22.4497474655509 -50.4497474655509 0
    endloop
  endfacet
  facet normal 0.7518398050089456 0.6593458179166002 1.9606440951599812e-19
    outer loop
      vertex -23.01035010335701 -49.81050267709153 3.085714285714286
      vertex -23.053473383188248 -49.761330001056194 0
      vertex -23.053473383188248 -49.761330001056194 3.4000000000000004
    endloop
  endfacet
  facet normal 0.8314696107167417 0.5555702353929249 0
    outer loop
      vertex -23.053473383188248 -49.761330001056194 0
      vertex -23.56217782944441 -49 3.4000000000000004
      vertex -23.053473383188248 -49.761330001056194 3.4000000000000004
    endloop
  endfacet
  facet normal 0.5555702353929249 0.8314696107167417 0
    outer loop
      vertex -21.761330001056194 -51.05347338318825 2.4
      vertex -21 -51.56217782944441 0
      vertex -21.761330001056194 -51.05347338318825 0
    endloop
  endfacet
  facet normal 0.4422886907655121 0.8968727412631791 0
    outer loop
      vertex -21 -51.56217782944441 2.4
      vertex -20.178784027695656 -51.96715673059225 0
      vertex -21 -51.56217782944441 0
    endloop
  endfacet
  facet normal 0.3214394628821579 0.9469301303169256 0
    outer loop
      vertex -20.178784027695656 -51.96715673059225 2.4
      vertex -19.311733312904835 -52.261480785906315 0
      vertex -20.178784027695656 -51.96715673059225 0
    endloop
  endfacet
  facet normal 0.1950903201067804 0.9807852807830234 0
    outer loop
      vertex -19.311733312904835 -52.261480785906315 2.4
      vertex -18.413683347404003 -52.44011402875185 0
      vertex -19.311733312904835 -52.261480785906315 0
    endloop
  endfacet
  facet normal 0.06540313003776754 0.9978589231856689 0
    outer loop
      vertex -18.413683347404003 -52.44011402875185 2.4
      vertex -17.5 -52.5 0
      vertex -18.413683347404003 -52.44011402875185 0
    endloop
  endfacet
  facet normal 0.5555702353929249 0.8314696107167417 0
    outer loop
      vertex -21.761330001056194 -51.05347338318825 2.4
      vertex -21 -51.56217782944441 2.4
      vertex -21 -51.56217782944441 0
    endloop
  endfacet
  facet normal 0.4422886907655121 0.8968727412631791 0
    outer loop
      vertex -21 -51.56217782944441 2.4
      vertex -20.178784027695656 -51.96715673059225 2.4
      vertex -20.178784027695656 -51.96715673059225 0
    endloop
  endfacet
  facet normal 0.3214394628821579 0.9469301303169256 0
    outer loop
      vertex -20.178784027695656 -51.96715673059225 2.4
      vertex -19.311733312904835 -52.261480785906315 2.4
      vertex -19.311733312904835 -52.261480785906315 0
    endloop
  endfacet
  facet normal 0.1950903201067804 0.9807852807830234 0
    outer loop
      vertex -19.311733312904835 -52.261480785906315 2.4
      vertex -18.413683347404003 -52.44011402875185 2.4
      vertex -18.413683347404003 -52.44011402875185 0
    endloop
  endfacet
  facet normal 0.06540313003776754 0.9978589231856689 0
    outer loop
      vertex -18.413683347404003 -52.44011402875185 2.4
      vertex -18.413683347404003 -52.44011402875185 3.4000000000000004
      vertex -17.5 -52.5 0
    endloop
  endfacet
  facet normal 0.06540313003776756 0.997858923185669 0
    outer loop
      vertex -17.5 -52.5 0
      vertex -18.413683347404003 -52.44011402875185 3.4000000000000004
      vertex -17.5 -52.5 3.4000000000000004
    endloop
  endfacet
  facet normal 0.9469301303169255 0.32143946288215797 0
    outer loop
      vertex -23.96715673059225 -48.178784027695656 2.4
      vertex -24.261480785906315 -47.311733312904835 3.4000000000000004
      vertex -23.96715673059225 -48.178784027695656 3.4000000000000004
    endloop
  endfacet
  facet normal 0.7518398050089683 0.6593458179165744 7.118482858185927e-15
    outer loop
      vertex -23.01035010335701 -49.81050267709153 3.085714285714286
      vertex -23.053473383188248 -49.761330001056194 3.4000000000000004
      vertex -22.99058526676769 -49.833040153607726 3.4000000000000004
    endloop
  endfacet
  facet normal 0.8968727412631791 0.44228869076551197 0
    outer loop
      vertex -23.96715673059225 -48.178784027695656 2.4
      vertex -23.96715673059225 -48.178784027695656 3.4000000000000004
      vertex -23.92497142838935 -48.26432735814402 3.4000000000000004
    endloop
  endfacet
  facet normal 0.6593458179165955 0.7518398050089498 0
    outer loop
      vertex -22.4497474655509 -50.4497474655509 2.4
      vertex -22.4497474655509 -50.4497474655509 3.4000000000000004
      vertex -22.378037312999368 -50.51263558197146 3.4000000000000004
    endloop
  endfacet
  facet normal 0.555570235392902 0.8314696107167571 0
    outer loop
      vertex -21.761330001056194 -51.05347338318825 2.4
      vertex -21.761330001056194 -51.05347338318825 3.4000000000000004
      vertex -21.68202479261284 -51.10646342967326 3.4000000000000004
    endloop
  endfacet
  facet normal 0.4422886907655271 0.8968727412631716 0
    outer loop
      vertex -21 -51.56217782944441 2.4
      vertex -21 -51.56217782944441 3.4000000000000004
      vertex -20.91445666955163 -51.60436313164731 3.4000000000000004
    endloop
  endfacet
  facet normal 0.32143946288218406 0.9469301303169169 0
    outer loop
      vertex -20.178784027695656 -51.96715673059225 2.4
      vertex -20.178784027695656 -51.96715673059225 3.4000000000000004
      vertex -20.088466244904946 -51.997815486354135 3.4000000000000004
    endloop
  endfacet
  facet normal 0.19509032010678276 0.980785280783023 0
    outer loop
      vertex -19.311733312904835 -52.261480785906315 2.4
      vertex -19.311733312904835 -52.261480785906315 3.4000000000000004
      vertex -19.2181864414985 -52.28008841536939 3.4000000000000004
    endloop
  endfacet
  facet normal 0.9807852807830233 0.19509032010678037 0
    outer loop
      vertex -24.44011402875185 -46.413683347404 3.4000000000000004
      vertex -24.261480785906315 -47.311733312904835 0
      vertex -24.44011402875185 -46.413683347404 0
    endloop
  endfacet
  facet normal 0.997858923185669 0.06540313003776756 0
    outer loop
      vertex -24.5 -45.5 3.4000000000000004
      vertex -24.44011402875185 -46.413683347404 0
      vertex -24.5 -45.5 0
    endloop
  endfacet
  facet normal 0.997858923185669 0.06540313003776756 0
    outer loop
      vertex -24.5 -45.5 3.4000000000000004
      vertex -24.44011402875185 -46.413683347404 3.4000000000000004
      vertex -24.44011402875185 -46.413683347404 0
    endloop
  endfacet
  facet normal 1 0 0
    outer loop
      vertex -24.5 -45.5 3.4000000000000004
      vertex -24.5 -45.5 0
      vertex -24.5 -10.5 3.4000000000000004
    endloop
  endfacet
  facet normal 1 0 0
    outer loop
      vertex -24.5 -10.5 3.4000000000000004
      vertex -24.5 -45.5 0
      vertex -24.5 -10.5 0
    endloop
  endfacet
  facet normal 0.997858923185669 -0.06540313003776756 0
    outer loop
      vertex -24.44011402875185 -9.586316652595997 3.4000000000000004
      vertex -24.5 -10.5 0
      vertex -24.44011402875185 -9.586316652595997 0
    endloop
  endfacet
  facet normal 0.9807852807830233 -0.19509032010678037 0
    outer loop
      vertex -24.261480785906315 -8.688266687095165 3.4000000000000004
      vertex -24.44011402875185 -9.586316652595997 0
      vertex -24.261480785906315 -8.688266687095165 0
    endloop
  endfacet
  facet normal 0.9469301303169256 -0.32143946288215797 0
    outer loop
      vertex -23.96715673059225 -7.821215972304344 3.4000000000000004
      vertex -24.261480785906315 -8.688266687095165 0
      vertex -23.96715673059225 -7.821215972304344 0
    endloop
  endfacet
  facet normal 0.997858923185669 -0.06540313003776756 0
    outer loop
      vertex -24.44011402875185 -9.586316652595997 3.4000000000000004
      vertex -24.5 -10.5 3.4000000000000004
      vertex -24.5 -10.5 0
    endloop
  endfacet
  facet normal 0.9807852807830233 -0.19509032010678037 0
    outer loop
      vertex -24.44011402875185 -9.586316652595997 0
      vertex -24.261480785906315 -8.688266687095165 3.4000000000000004
      vertex -24.44011402875185 -9.586316652595997 3.4000000000000004
    endloop
  endfacet
  facet normal 0.9469301303169256 -0.32143946288215797 0
    outer loop
      vertex -24.261480785906315 -8.688266687095165 0
      vertex -23.96715673059225 -7.821215972304344 3.4000000000000004
      vertex -24.261480785906315 -8.688266687095165 3.4000000000000004
    endloop
  endfacet
  facet normal 0.896872741263179 -0.442288690765512 0
    outer loop
      vertex -23.56217782944441 -7 3.4000000000000004
      vertex -23.96715673059225 -7.821215972304344 0
      vertex -23.56217782944441 -7 0
    endloop
  endfacet
  facet normal 0.8314696107167417 -0.5555702353929249 0
    outer loop
      vertex -23.053473383188248 -6.238669998943806 3.4000000000000004
      vertex -23.56217782944441 -7 0
      vertex -23.053473383188248 -6.238669998943806 0
    endloop
  endfacet
  facet normal 0.7518398050089621 -0.6593458179165814 0
    outer loop
      vertex -22.4497474655509 -5.5502525344491005 3.4000000000000004
      vertex -23.053473383188248 -6.238669998943806 0
      vertex -22.4497474655509 -5.5502525344491005 0
    endloop
  endfacet
  facet normal 0.6593458179165814 -0.7518398050089621 0
    outer loop
      vertex -21.761330001056194 -4.946526616811752 3.4000000000000004
      vertex -22.4497474655509 -5.5502525344491005 0
      vertex -21.761330001056194 -4.946526616811752 0
    endloop
  endfacet
  facet normal 0.896872741263179 -0.442288690765512 0
    outer loop
      vertex -23.56217782944441 -7 3.4000000000000004
      vertex -23.96715673059225 -7.821215972304344 3.4000000000000004
      vertex -23.96715673059225 -7.821215972304344 0
    endloop
  endfacet
  facet normal 0.8314696107167417 -0.5555702353929249 0
    outer loop
      vertex -23.56217782944441 -7 0
      vertex -23.053473383188248 -6.238669998943806 3.4000000000000004
      vertex -23.56217782944441 -7 3.4000000000000004
    endloop
  endfacet
  facet normal 0.7518398050089621 -0.6593458179165814 0
    outer loop
      vertex -23.053473383188248 -6.238669998943806 0
      vertex -22.4497474655509 -5.5502525344491005 3.4000000000000004
      vertex -23.053473383188248 -6.238669998943806 3.4000000000000004
    endloop
  endfacet
  facet normal 0.6593458179165814 -0.7518398050089621 0
    outer loop
      vertex -22.4497474655509 -5.5502525344491005 0
      vertex -21.761330001056194 -4.946526616811752 3.4000000000000004
      vertex -22.4497474655509 -5.5502525344491005 3.4000000000000004
    endloop
  endfacet
  facet normal 0.5555702353929249 -0.8314696107167417 0
    outer loop
      vertex -21 -4.437822170555592 3.4000000000000004
      vertex -21.761330001056194 -4.946526616811752 0
      vertex -21 -4.437822170555592 0
    endloop
  endfacet
  facet normal 0.442288690765512 -0.896872741263179 0
    outer loop
      vertex -20.178784027695656 -4.032843269407749 3.4000000000000004
      vertex -21 -4.437822170555592 0
      vertex -20.178784027695656 -4.032843269407749 0
    endloop
  endfacet
  facet normal 0.32143946288215797 -0.9469301303169256 0
    outer loop
      vertex -19.311733312904835 -3.738519214093685 3.4000000000000004
      vertex -20.178784027695656 -4.032843269407749 0
      vertex -19.311733312904835 -3.738519214093685 0
    endloop
  endfacet
  facet normal 0.19509032010678037 -0.9807852807830233 0
    outer loop
      vertex -18.413683347404003 -3.55988597124815 3.4000000000000004
      vertex -19.311733312904835 -3.738519214093685 0
      vertex -18.413683347404003 -3.55988597124815 0
    endloop
  endfacet
  facet normal 0.06540313003776756 -0.997858923185669 0
    outer loop
      vertex -17.5 -3.5 3.4000000000000004
      vertex -18.413683347404003 -3.55988597124815 0
      vertex -17.5 -3.5 0
    endloop
  endfacet
  facet normal 0.5555702353929249 -0.8314696107167417 0
    outer loop
      vertex -21.761330001056194 -4.946526616811752 0
      vertex -21 -4.437822170555592 3.4000000000000004
      vertex -21.761330001056194 -4.946526616811752 3.4000000000000004
    endloop
  endfacet
  facet normal 0.442288690765512 -0.896872741263179 0
    outer loop
      vertex -20.178784027695656 -4.032843269407749 3.4000000000000004
      vertex -21 -4.437822170555592 3.4000000000000004
      vertex -21 -4.437822170555592 0
    endloop
  endfacet
  facet normal 0.32143946288215797 -0.9469301303169256 0
    outer loop
      vertex -20.178784027695656 -4.032843269407749 0
      vertex -19.311733312904835 -3.738519214093685 3.4000000000000004
      vertex -20.178784027695656 -4.032843269407749 3.4000000000000004
    endloop
  endfacet
  facet normal 0.19509032010678037 -0.9807852807830233 0
    outer loop
      vertex -19.311733312904835 -3.738519214093685 0
      vertex -18.413683347404003 -3.55988597124815 3.4000000000000004
      vertex -19.311733312904835 -3.738519214093685 3.4000000000000004
    endloop
  endfacet
  facet normal 0.06540313003776756 -0.997858923185669 0
    outer loop
      vertex -18.413683347404003 -3.55988597124815 3.4000000000000004
      vertex -18.413683347404003 -3.55988597124815 0
      vertex -17.5 -3.5 3.4000000000000004
    endloop
  endfacet
  facet normal 0 1 0
    outer loop
      vertex -17.5 -52.5 0
      vertex -17.5 -52.5 3.4000000000000004
      vertex 17.5 -52.5 0
    endloop
  endfacet
  facet normal 0 -1 0
    outer loop
      vertex -17.5 -3.5 3.4000000000000004
      vertex -17.5 -3.5 0
      vertex 17.5 -3.5 3.4000000000000004
    endloop
  endfacet
  facet normal 0 1 0
    outer loop
      vertex 17.5 -52.5 0
      vertex -17.5 -52.5 3.4000000000000004
      vertex 17.5 -52.5 3.4000000000000004
    endloop
  endfacet
  facet normal 0 -1 0
    outer loop
      vertex -17.5 -3.5 0
      vertex 17.5 -3.5 0
      vertex 17.5 -3.5 3.4000000000000004
    endloop
  endfacet
  facet normal -0.06540313003776756 0.997858923185669 0
    outer loop
      vertex 17.5 -52.5 0
      vertex 17.5 -52.5 3.4000000000000004
      vertex 18.413683347404003 -52.44011402875185 0
    endloop
  endfacet
  facet normal -0.19509032010678037 0.9807852807830233 0
    outer loop
      vertex 18.413683347404003 -52.44011402875185 3.4000000000000004
      vertex 19.311733312904835 -52.261480785906315 0
      vertex 18.413683347404003 -52.44011402875185 0
    endloop
  endfacet
  facet normal -0.32143946288215797 0.9469301303169256 0
    outer loop
      vertex 19.311733312904835 -52.261480785906315 3.4000000000000004
      vertex 20.178784027695656 -51.96715673059225 0
      vertex 19.311733312904835 -52.261480785906315 0
    endloop
  endfacet
  facet normal -0.442288690765512 0.896872741263179 0
    outer loop
      vertex 21 -51.56217782944441 0
      vertex 20.178784027695656 -51.96715673059225 0
      vertex 20.178784027695656 -51.96715673059225 3.4000000000000004
    endloop
  endfacet
  facet normal -0.5555702353929249 0.8314696107167417 0
    outer loop
      vertex 21 -51.56217782944441 3.4000000000000004
      vertex 21.761330001056194 -51.05347338318825 0
      vertex 21 -51.56217782944441 0
    endloop
  endfacet
  facet normal -0.06540313003776756 0.997858923185669 0
    outer loop
      vertex 18.413683347404003 -52.44011402875185 0
      vertex 17.5 -52.5 3.4000000000000004
      vertex 18.413683347404003 -52.44011402875185 3.4000000000000004
    endloop
  endfacet
  facet normal -0.19509032010678037 0.9807852807830233 0
    outer loop
      vertex 19.311733312904835 -52.261480785906315 0
      vertex 18.413683347404003 -52.44011402875185 3.4000000000000004
      vertex 19.311733312904835 -52.261480785906315 3.4000000000000004
    endloop
  endfacet
  facet normal -0.32143946288215797 0.9469301303169256 0
    outer loop
      vertex 19.311733312904835 -52.261480785906315 3.4000000000000004
      vertex 20.178784027695656 -51.96715673059225 3.4000000000000004
      vertex 20.178784027695656 -51.96715673059225 0
    endloop
  endfacet
  facet normal -0.442288690765512 0.896872741263179 0
    outer loop
      vertex 21 -51.56217782944441 0
      vertex 20.178784027695656 -51.96715673059225 3.4000000000000004
      vertex 21 -51.56217782944441 3.4000000000000004
    endloop
  endfacet
  facet normal -0.5555702353929249 0.8314696107167417 0
    outer loop
      vertex 21 -51.56217782944441 3.4000000000000004
      vertex 21.761330001056194 -51.05347338318825 3.4000000000000004
      vertex 21.761330001056194 -51.05347338318825 0
    endloop
  endfacet
  facet normal -0.6593458179165814 0.7518398050089621 0
    outer loop
      vertex 21.761330001056194 -51.05347338318825 3.4000000000000004
      vertex 22.4497474655509 -50.4497474655509 0
      vertex 21.761330001056194 -51.05347338318825 0
    endloop
  endfacet
  facet normal -0.7518398050089621 0.6593458179165814 0
    outer loop
      vertex 22.4497474655509 -50.4497474655509 3.4000000000000004
      vertex 23.053473383188248 -49.761330001056194 0
      vertex 22.4497474655509 -50.4497474655509 0
    endloop
  endfacet
  facet normal -0.8314696107167417 0.5555702353929249 0
    outer loop
      vertex 23.053473383188248 -49.761330001056194 3.4000000000000004
      vertex 23.56217782944441 -49 0
      vertex 23.053473383188248 -49.761330001056194 0
    endloop
  endfacet
  facet normal -0.896872741263179 0.442288690765512 0
    outer loop
      vertex 23.96715673059225 -48.178784027695656 0
      vertex 23.56217782944441 -49 0
      vertex 23.96715673059225 -48.178784027695656 3.4000000000000004
    endloop
  endfacet
  facet normal -0.9469301303169256 0.32143946288215797 0
    outer loop
      vertex 23.96715673059225 -48.178784027695656 3.4000000000000004
      vertex 24.261480785906315 -47.311733312904835 0
      vertex 23.96715673059225 -48.178784027695656 0
    endloop
  endfacet
  facet normal -0.9807852807830233 0.19509032010678037 0
    outer loop
      vertex 24.261480785906315 -47.311733312904835 3.4000000000000004
      vertex 24.44011402875185 -46.413683347404 0
      vertex 24.261480785906315 -47.311733312904835 0
    endloop
  endfacet
  facet normal -0.6593458179165814 0.7518398050089621 0
    outer loop
      vertex 21.761330001056194 -51.05347338318825 3.4000000000000004
      vertex 22.4497474655509 -50.4497474655509 3.4000000000000004
      vertex 22.4497474655509 -50.4497474655509 0
    endloop
  endfacet
  facet normal -0.7518398050089621 0.6593458179165814 0
    outer loop
      vertex 22.4497474655509 -50.4497474655509 3.4000000000000004
      vertex 23.053473383188248 -49.761330001056194 3.4000000000000004
      vertex 23.053473383188248 -49.761330001056194 0
    endloop
  endfacet
  facet normal -0.8314696107167417 0.5555702353929249 0
    outer loop
      vertex 23.053473383188248 -49.761330001056194 3.4000000000000004
      vertex 23.56217782944441 -49 3.4000000000000004
      vertex 23.56217782944441 -49 0
    endloop
  endfacet
  facet normal -0.896872741263179 0.442288690765512 0
    outer loop
      vertex 23.56217782944441 -49 0
      vertex 23.56217782944441 -49 3.4000000000000004
      vertex 23.96715673059225 -48.178784027695656 3.4000000000000004
    endloop
  endfacet
  facet normal -0.9469301303169256 0.32143946288215797 0
    outer loop
      vertex 23.96715673059225 -48.178784027695656 3.4000000000000004
      vertex 24.261480785906315 -47.311733312904835 3.4000000000000004
      vertex 24.261480785906315 -47.311733312904835 0
    endloop
  endfacet
  facet normal -0.997858923185669 0.06540313003776756 0
    outer loop
      vertex 24.5 -45.5 0
      vertex 24.44011402875185 -46.413683347404 0
      vertex 24.44011402875185 -46.413683347404 3.4000000000000004
    endloop
  endfacet
  facet normal -0.9807852807830233 0.19509032010678037 0
    outer loop
      vertex 24.261480785906315 -47.311733312904835 3.4000000000000004
      vertex 24.44011402875185 -46.413683347404 3.4000000000000004
      vertex 24.44011402875185 -46.413683347404 0
    endloop
  endfacet
  facet normal -0.997858923185669 0.06540313003776756 0
    outer loop
      vertex 24.5 -45.5 0
      vertex 24.44011402875185 -46.413683347404 3.4000000000000004
      vertex 24.5 -45.5 3.4000000000000004
    endloop
  endfacet
  facet normal -1 0 0
    outer loop
      vertex 24.5 -45.5 0
      vertex 24.5 -45.5 3.4000000000000004
      vertex 24.5 -10.5 0
    endloop
  endfacet
  facet normal -1 0 0
    outer loop
      vertex 24.5 -10.5 3.4000000000000004
      vertex 24.5 -10.5 0
      vertex 24.5 -45.5 3.4000000000000004
    endloop
  endfacet
  facet normal -0.06540313003776754 -0.9978589231856689 0
    outer loop
      vertex 18.413683347404003 -3.55988597124815 2.4
      vertex 17.5 -3.5 0
      vertex 18.413683347404003 -3.55988597124815 0
    endloop
  endfacet
  facet normal -0.1950903201067804 -0.9807852807830234 0
    outer loop
      vertex 19.311733312904835 -3.738519214093685 2.4
      vertex 18.413683347404003 -3.55988597124815 0
      vertex 19.311733312904835 -3.738519214093685 0
    endloop
  endfacet
  facet normal -0.3214394628821579 -0.9469301303169256 0
    outer loop
      vertex 19.311733312904835 -3.738519214093685 0
      vertex 20.178784027695656 -4.032843269407749 0
      vertex 20.178784027695656 -4.032843269407749 2.4
    endloop
  endfacet
  facet normal -0.4422886907655121 -0.8968727412631791 0
    outer loop
      vertex 20.178784027695656 -4.032843269407749 0
      vertex 21 -4.437822170555592 0
      vertex 21 -4.437822170555592 2.4
    endloop
  endfacet
  facet normal -0.5555702353929249 -0.8314696107167417 0
    outer loop
      vertex 21 -4.437822170555592 0
      vertex 21.761330001056194 -4.946526616811752 0
      vertex 21.761330001056194 -4.946526616811752 2.4
    endloop
  endfacet
  facet normal -0.06540313003776754 -0.9978589231856689 0
    outer loop
      vertex 18.413683347404003 -3.55988597124815 2.4
      vertex 18.413683347404003 -3.55988597124815 3.4000000000000004
      vertex 17.5 -3.5 0
    endloop
  endfacet
  facet normal -0.1950903201067804 -0.9807852807830234 0
    outer loop
      vertex 19.311733312904835 -3.738519214093685 2.4
      vertex 18.413683347404003 -3.55988597124815 2.4
      vertex 18.413683347404003 -3.55988597124815 0
    endloop
  endfacet
  facet normal -0.3214394628821579 -0.9469301303169256 0
    outer loop
      vertex 19.311733312904835 -3.738519214093685 0
      vertex 20.178784027695656 -4.032843269407749 2.4
      vertex 19.311733312904835 -3.738519214093685 2.4
    endloop
  endfacet
  facet normal -0.06540313003776756 -0.997858923185669 0
    outer loop
      vertex 17.5 -3.5 0
      vertex 18.413683347404003 -3.55988597124815 3.4000000000000004
      vertex 17.5 -3.5 3.4000000000000004
    endloop
  endfacet
  facet normal -0.4422886907655121 -0.8968727412631791 0
    outer loop
      vertex 20.178784027695656 -4.032843269407749 0
      vertex 21 -4.437822170555592 2.4
      vertex 20.178784027695656 -4.032843269407749 2.4
    endloop
  endfacet
  facet normal -0.5555702353929249 -0.8314696107167417 0
    outer loop
      vertex 21 -4.437822170555592 2.4
      vertex 21 -4.437822170555592 0
      vertex 21.761330001056194 -4.946526616811752 2.4
    endloop
  endfacet
  facet normal -0.997858923185669 -0.06540313003776756 0
    outer loop
      vertex 24.5 -10.5 3.4000000000000004
      vertex 24.44011402875185 -9.586316652595997 0
      vertex 24.5 -10.5 0
    endloop
  endfacet
  facet normal -0.9469301303169256 -0.3214394628821579 0
    outer loop
      vertex 23.96715673059225 -7.821215972304344 0
      vertex 24.261480785906315 -8.688266687095165 0
      vertex 24.261480785906315 -8.688266687095165 2.4
    endloop
  endfacet
  facet normal -0.9807852807830233 -0.19509032010678037 0
    outer loop
      vertex 24.44011402875185 -9.586316652595997 3.4000000000000004
      vertex 24.261480785906315 -8.688266687095165 0
      vertex 24.44011402875185 -9.586316652595997 0
    endloop
  endfacet
  facet normal -0.9469301303169256 -0.3214394628821579 0
    outer loop
      vertex 23.96715673059225 -7.821215972304344 0
      vertex 24.261480785906315 -8.688266687095165 2.4
      vertex 23.96715673059225 -7.821215972304344 2.4
    endloop
  endfacet
  facet normal -0.9807852807830234 -0.1950903201067804 0
    outer loop
      vertex 24.44011402875185 -9.586316652595997 3.4000000000000004
      vertex 24.261480785906315 -8.688266687095165 2.4
      vertex 24.261480785906315 -8.688266687095165 0
    endloop
  endfacet
  facet normal -0.997858923185669 -0.06540313003776756 0
    outer loop
      vertex 24.5 -10.5 3.4000000000000004
      vertex 24.44011402875185 -9.586316652595997 3.4000000000000004
      vertex 24.44011402875185 -9.586316652595997 0
    endloop
  endfacet
  facet normal -0.751839805008962 -0.6593458179165814 0
    outer loop
      vertex 22.4497474655509 -5.5502525344491005 0
      vertex 23.053473383188248 -6.238669998943806 0
      vertex 23.053473383188248 -6.238669998943806 2.4
    endloop
  endfacet
  facet normal -0.6593458179165814 -0.751839805008962 0
    outer loop
      vertex 22.4497474655509 -5.5502525344491005 0
      vertex 22.4497474655509 -5.5502525344491005 2.4
      vertex 21.761330001056194 -4.946526616811752 0
    endloop
  endfacet
  facet normal -0.8314696107167417 -0.5555702353929249 0
    outer loop
      vertex 23.56217782944441 -7 2.4
      vertex 23.053473383188248 -6.238669998943806 0
      vertex 23.56217782944441 -7 0
    endloop
  endfacet
  facet normal -0.8968727412631791 -0.4422886907655121 0
    outer loop
      vertex 23.96715673059225 -7.821215972304344 2.4
      vertex 23.56217782944441 -7 0
      vertex 23.96715673059225 -7.821215972304344 0
    endloop
  endfacet
  facet normal -0.6593458179165814 -0.751839805008962 0
    outer loop
      vertex 21.761330001056194 -4.946526616811752 2.4
      vertex 21.761330001056194 -4.946526616811752 0
      vertex 22.4497474655509 -5.5502525344491005 2.4
    endloop
  endfacet
  facet normal -0.751839805008962 -0.6593458179165814 0
    outer loop
      vertex 22.4497474655509 -5.5502525344491005 0
      vertex 23.053473383188248 -6.238669998943806 2.4
      vertex 22.4497474655509 -5.5502525344491005 2.4
    endloop
  endfacet
  facet normal -0.8968727412631791 -0.4422886907655121 0
    outer loop
      vertex 23.96715673059225 -7.821215972304344 2.4
      vertex 23.56217782944441 -7 2.4
      vertex 23.56217782944441 -7 0
    endloop
  endfacet
  facet normal -0.8314696107167417 -0.5555702353929249 0
    outer loop
      vertex 23.053473383188248 -6.238669998943806 0
      vertex 23.56217782944441 -7 3.4000000000000004
      vertex 23.053473383188248 -6.238669998943806 2.4
    endloop
  endfacet
  facet normal -0.8314696107167417 -0.5555702353929249 0
    outer loop
      vertex 23.56217782944441 -7 2.4
      vertex 23.56217782944441 -7 3.4000000000000004
      vertex 23.053473383188248 -6.238669998943806 0
    endloop
  endfacet
  facet normal -0.19509032010678276 -0.980785280783023 0
    outer loop
      vertex 19.311733312904835 -3.738519214093685 2.4
      vertex 19.311733312904835 -3.738519214093685 3.4000000000000004
      vertex 19.2181864414985 -3.7199115846306086 3.4000000000000004
    endloop
  endfacet
  facet normal -0.32143946288215897 -0.9469301303169252 0
    outer loop
      vertex 20.178784027695656 -4.032843269407749 2.4
      vertex 20.178784027695656 -4.032843269407749 3.4000000000000004
      vertex 20.088466244904946 -4.002184513645868 3.4000000000000004
    endloop
  endfacet
  facet normal -0.44228869076550464 -0.8968727412631827 0
    outer loop
      vertex 21 -4.437822170555592 2.4
      vertex 21 -4.437822170555592 3.4000000000000004
      vertex 20.91445666955163 -4.395636868352692 3.4000000000000004
    endloop
  endfacet
  facet normal -0.5555702353929213 -0.8314696107167442 0
    outer loop
      vertex 21.761330001056194 -4.946526616811752 2.4
      vertex 21.761330001056194 -4.946526616811752 3.4000000000000004
      vertex 21.68202479261284 -4.893536570326735 3.4000000000000004
    endloop
  endfacet
  facet normal -0.9807852807830233 -0.19509032010678037 0
    outer loop
      vertex 24.44011402875185 -9.586316652595997 3.4000000000000004
      vertex 24.261480785906315 -8.688266687095165 3.4000000000000004
      vertex 24.261480785906315 -8.688266687095165 2.4
    endloop
  endfacet
  facet normal -0.94693013031693 -0.3214394628821449 0
    outer loop
      vertex 24.261480785906315 -8.688266687095165 2.4
      vertex 24.261480785906315 -8.688266687095165 3.4000000000000004
      vertex 24.230822030144434 -8.597948904304454 3.4000000000000004
    endloop
  endfacet
  facet normal -0.6593458179165798 -0.7518398050089637 0
    outer loop
      vertex 22.4497474655509 -5.5502525344491005 2.4
      vertex 22.4497474655509 -5.5502525344491005 3.4000000000000004
      vertex 22.378037312999368 -5.487364418028544 3.4000000000000004
    endloop
  endfacet
  facet normal -0.8314696107167417 -0.5555702353929249 0
    outer loop
      vertex 23.053473383188248 -6.238669998943806 2.4
      vertex 23.56217782944441 -7 3.4000000000000004
      vertex 23.053473383188248 -6.238669998943806 3.4000000000000004
    endloop
  endfacet
  facet normal -0.7518398050089683 -0.6593458179165745 0
    outer loop
      vertex 23.053473383188248 -6.238669998943806 2.4
      vertex 23.053473383188248 -6.238669998943806 3.4000000000000004
      vertex 22.99058526676769 -6.166959846392274 3.4000000000000004
    endloop
  endfacet
  facet normal -0.8968727412631846 -0.44228869076550087 0
    outer loop
      vertex 23.96715673059225 -7.821215972304344 2.4
      vertex 23.96715673059225 -7.821215972304344 3.4000000000000004
      vertex 23.92497142838935 -7.735672641855975 3.4000000000000004
    endloop
  endfacet
  facet normal 1 0 0
    outer loop
      vertex 12 -58.5 0
      vertex 12 -55.5 0
      vertex 12 -55.5 2.4
    endloop
  endfacet
  facet normal 1 0 0
    outer loop
      vertex 12 -58.5 0
      vertex 12 -55.5 2.4
      vertex 12 -58.5 2.4
    endloop
  endfacet
  facet normal 0 1 0
    outer loop
      vertex 12 -58.5 0
      vertex 12 -58.5 2.4
      vertex 28 -58.5 0
    endloop
  endfacet
  facet normal 0 -1 0
    outer loop
      vertex 28 -55.5 2.4
      vertex 12 -55.5 2.4
      vertex 12 -55.5 0
    endloop
  endfacet
  facet normal 0 -1 0
    outer loop
      vertex 12 -55.5 0
      vertex 28 -55.5 0
      vertex 28 -55.5 2.4
    endloop
  endfacet
  facet normal 0 1 0
    outer loop
      vertex 12 -58.5 2.4
      vertex 28 -58.5 2.4
      vertex 28 -58.5 0
    endloop
  endfacet
  facet normal -1 0 0
    outer loop
      vertex 28 -55.5 0
      vertex 28 -58.5 0
      vertex 28 -58.5 2.4
    endloop
  endfacet
  facet normal -1 0 0
    outer loop
      vertex 28 -55.5 0
      vertex 28 -58.5 2.4
      vertex 28 -55.5 2.4
    endloop
  endfacet
  facet normal 1 0 0
    outer loop
      vertex -24.45 -62.5 15.2
      vertex -24.45 -60.100000001490116 15.2
      vertex -24.45 -62.5 18.8
    endloop
  endfacet
  facet normal 0 0 1
    outer loop
      vertex -24.45 -60.100000001490116 15.2
      vertex -24.45 -62.5 15.2
      vertex -15.05 -60.100000001490116 15.2
    endloop
  endfacet
  facet normal 0 0 1
    outer loop
      vertex -24.45 -62.5 15.2
      vertex -15.05 -62.5 15.2
      vertex -15.05 -60.100000001490116 15.2
    endloop
  endfacet
  facet normal 1 0 0
    outer loop
      vertex -24.45 -60.100000001490116 15.2
      vertex -24.45 -60.100000001490116 18.8
      vertex -24.45 -62.5 18.8
    endloop
  endfacet
  facet normal 0 0 -1
    outer loop
      vertex -15.05 -62.5 18.8
      vertex -24.45 -62.5 18.8
      vertex -24.45 -60.100000001490116 18.8
    endloop
  endfacet
  facet normal 0 0 -1
    outer loop
      vertex -24.45 -60.100000001490116 18.8
      vertex -15.05 -60.100000001490116 18.8
      vertex -15.05 -62.5 18.8
    endloop
  endfacet
  facet normal -1 0 0
    outer loop
      vertex -15.05 -60.100000001490116 18.8
      vertex -15.05 -60.100000001490116 15.2
      vertex -15.05 -62.5 15.2
    endloop
  endfacet
  facet normal -1 0 0
    outer loop
      vertex -15.05 -60.100000001490116 18.8
      vertex -15.05 -62.5 15.2
      vertex -15.05 -62.5 18.8
    endloop
  endfacet
endsolid OpenSCAD_Model
